Description	ID	pathway_genes	pathway_size	observed_val	expected_val	log_observed_expected	asinh_observed_expected	pvalue	p.adjust	qvalue
single strand break repair	GO:0000012		11	2	2.155413867698964	-0.0748355745328473	0.8294586149673298	0.6658400887503648	1	1
regulation of DNA recombination	GO:0000018		89	8	17.43925765683707	-0.7792823103467259	0.4440023543433556	0.9971062445056305	1	1
mitotic spindle elongation	GO:0000022		8	0	1.5675737219628827	-Inf	0	1	1	1
ribosomal large subunit assembly	GO:0000027		15	0	2.9392007286804054	-Inf	0	1	1	1
ribosomal small subunit assembly	GO:0000028		8	0	1.5675737219628827	-Inf	0	1	1	1
very long-chain fatty acid metabolic process	GO:0000038		24	2	4.702721165888649	-0.8549941320824224	0.4134089075367419	0.9635759430109465	1	1
transition metal ion transport	GO:0000041		55	9	10.777069338494819	-0.18019609019067354	0.7598476810232034	0.7765229919428052	1	1
autophagosome assembly	GO:0000045		52	6	10.18922919275874	-0.5295717316477945	0.5592464895478996	0.9574405163677397	1	1
urea cycle	GO:0000050		6	1	1.1756802914721622	-0.16184695152247705	0.7716727237196409	0.72984153184383	1	1
citrulline metabolic process	GO:0000052		5	1	0.9797335762268019	0.020474605271477528	0.8959251696155924	0.6639809576251503	1	1
mitotic sister chromatid segregation	GO:0000070		110	11	21.554138676989638	-0.6726725752884676	0.4904435399678539	0.996936895956234	1	1
cell cycle checkpoint signaling	GO:0000075		106	5	20.770351816008198	-1.4240886639723886	0.23846134274900951	0.9999974191672913	1	1
DNA replication checkpoint signaling	GO:0000076		12	0	2.3513605829443245	-Inf	0	1	1	1
DNA damage checkpoint signaling	GO:0000077		72	4	14.108163497665945	-1.2604592401905867	0.2798564179962136	0.9997810542162211	1	1
regulation of cyclin-dependent protein serine/threonine kinase activity	GO:0000079		32	2	6.270294887851531	-1.1426762045342032	0.3137893727853598	0.9918460205406844	1	1
G1/S transition of mitotic cell cycle	GO:0000082		41	10	8.033815325059775	0.21892554399531572	1.0443020162622805	0.2730345741629375	1	1
G2/M transition of mitotic cell cycle	GO:0000086		33	3	6.466241603096892	-0.7679827550927926	0.4487358074677462	0.9698565450583547	1	1
sulfur amino acid metabolic process	GO:0000096		25	1	4.898667881134009	-1.5889633071626228	0.20274527604477344	0.9957311455956721	1	1
sulfur amino acid biosynthetic process	GO:0000097		11	1	2.155413867698964	-0.7679827550927926	0.4487358074677462	0.90925940843125	1	1
sulfur amino acid catabolic process	GO:0000098		7	0	1.3716270067175225	-Inf	0	1	1	1
sulfur amino acid transport	GO:0000101		10	3	1.9594671524536038	0.4259397133796419	1.2118523860835395	0.30997274297362254	1	1
establishment of mitotic spindle orientation	GO:0000132		23	0	4.506774450643289	-Inf	0	1	1	1
rRNA modification	GO:0000154		18	2	3.5270408744164863	-0.5673120596306415	0.5403638836722494	0.8938443279280387	1	1
MAPK cascade	GO:0000165		89	13	17.43925765683707	-0.2937744945650251	0.6894988550000797	0.9110432359316833	1	1
nuclear-transcribed mRNA catabolic process, nonsense-mediated decay	GO:0000184		25	5	4.898667881134009	0.020474605271477528	0.8959251696155924	0.5593677229065497	1	1
protein polyubiquitination	GO:0000209		193	29	37.81771604235455	-0.26548184121283347	0.7065618851798303	0.9455907167611677	1	1
spliceosomal tri-snRNP complex assembly	GO:0000244		11	2	2.155413867698964	-0.0748355745328473	0.8294586149673298	0.6118932315048861	1	1
spliceosomal complex assembly	GO:0000245		39	4	7.6419218945690535	-0.6473547673041777	0.5020681643096098	0.9623561196644359	1	1
mitochondrial fission	GO:0000266		9	2	1.7635204372082431	0.12583512092930388	0.9730885098117966	0.48475503253829777	1	1
polysaccharide biosynthetic process	GO:0000271		10	2	1.9594671524536038	0.020474605271477528	0.8959251696155924	0.6118932315048861	1	1
polysaccharide catabolic process	GO:0000272		5	1	0.9797335762268019	0.020474605271477528	0.8959251696155924	0.6639809576251503	1	1
nuclear division	GO:0000280		153	17	29.979847432540133	-0.5673120596306415	0.5403638836722494	0.9970542365305297	1	1
mitotic cytokinesis	GO:0000281		63	6	12.344643060457702	-0.7214627394578996	0.46869159825755335	0.9874328053781569	1	1
nuclear-transcribed mRNA catabolic process, deadenylation-dependent decay	GO:0000288		12	3	2.3513605829443245	0.24361815658568728	1.0636445028772268	0.3691323739002324	1	1
nuclear-transcribed mRNA poly(A) tail shortening	GO:0000289		6	1	1.1756802914721622	-0.16184695152247705	0.7716727237196409	0.72984153184383	1	1
retrograde transport, vesicle recycling within Golgi	GO:0000301		8	0	1.5675737219628827	-Inf	0	1	1	1
response to reactive oxygen species	GO:0000302		82	14	16.06763065011955	-0.13774939994341662	0.7873944673139748	0.7586263925271421	1	1
response to superoxide	GO:0000303		11	3	2.155413867698964	0.3306295335753171	1.13323234459792	0.3691323739002324	1	1
response to oxygen radical	GO:0000305		12	3	2.3513605829443245	0.24361815658568728	1.0636445028772268	0.42727390275722177	1	1
protein deneddylation	GO:0000338		10	0	1.9594671524536038	-Inf	0	1	1	1
RNA splicing, via transesterification reactions	GO:0000375		186	21	36.44608903563703	-0.5513117182842004	0.5483041114189536	0.9975746395846321	1	1
RNA splicing, via transesterification reactions with bulged adenosine as nucleophile	GO:0000377		181	21	35.466355459410224	-0.5240620758368247	0.5620479099510604	0.9963339875461232	1	1
alternative mRNA splicing, via spliceosome	GO:0000380		12	3	2.3513605829443245	0.24361815658568728	1.0636445028772268	0.42727390275722177	1	1
regulation of alternative mRNA splicing, via spliceosome	GO:0000381		38	12	7.4459751793236935	0.47723300776719246	1.255120035952325	0.05432955784562526	1	1
spliceosomal snRNP assembly	GO:0000387		32	5	6.270294887851531	-0.2263854726600481	0.7306450459037862	0.727127937860995	1	1
mRNA 3'-splice site recognition	GO:0000389		5	0	0.9797335762268019	-Inf	0	1	1	1
RNA splicing, via endonucleolytic cleavage and ligation	GO:0000394		8	0	1.5675737219628827	-Inf	0	1	1	1
mRNA splicing, via spliceosome	GO:0000398		181	21	35.466355459410224	-0.5240620758368247	0.5620479099510604	0.9963339875461232	1	1
autophagy of mitochondrion	GO:0000422		31	5	6.074348172606171	-0.19463677434546786	0.7506308040069956	0.7544282001071914	1	1
mitophagy	GO:0000423		25	4	4.898667881134009	-0.2026689460427322	0.7455383845037314	0.750716981491383	1	1
pexophagy	GO:0000425		6	1	1.1756802914721622	-0.16184695152247705	0.7716727237196409	0.72984153184383	1	1
maturation of 5.8S rRNA	GO:0000460		10	1	1.9594671524536038	-0.6726725752884678	0.4904435399678537	0.8596066645829048	1	1
small nucleolar ribonucleoprotein complex assembly	GO:0000491		6	1	1.1756802914721622	-0.16184695152247705	0.7716727237196409	0.72984153184383	1	1
box C/D snoRNP assembly	GO:0000492		5	1	0.9797335762268019	0.020474605271477528	0.8959251696155924	0.6639809576251503	1	1
embryonic axis specification	GO:0000578		9	1	1.7635204372082431	-0.5673120596306415	0.5403638836722494	0.8596066645829048	1	1
telomere maintenance via recombination	GO:0000722		8	0	1.5675737219628827	-Inf	0	1	1	1
telomere maintenance	GO:0000723		65	3	12.736536490948424	-1.4458624635219495	0.23341748464143022	0.9997958420971192	1	1
double-strand break repair via homologous recombination	GO:0000724		76	5	14.891950358647387	-1.0913829101466526	0.32974373028603127	0.9996447578540992	1	1
recombinational repair	GO:0000725		78	5	15.283843789138107	-1.1173583965499134	0.3215718990721609	0.9997467245915519	1	1
DNA double-strand break processing	GO:0000729		17	2	3.331094159171126	-0.5101536457906928	0.5691707139650165	0.8739261887459524	1	1
DNA synthesis involved in DNA repair	GO:0000731		31	1	6.074348172606171	-1.8040746867795683	0.16389202513691908	0.9988491348807593	1	1
syncytium formation by plasma membrane fusion	GO:0000768		13	0	2.547307298189685	-Inf	0	1	1	1
sister chromatid segregation	GO:0000819		112	11	21.94603210748036	-0.6906910807911462	0.48231130573424985	0.9976287874546907	1	1
cell morphogenesis	GO:0000902		114	8	22.33792553797108	-1.0268443890090817	0.35089035093255294	0.9999496675369416	1	1
cytokinesis	GO:0000910		69	6	13.520323351929866	-0.8124345176636265	0.43036761166367515	0.9947233357298139	1	1
nuclear-transcribed mRNA catabolic process	GO:0000956		62	13	12.148696345212342	0.0677274901220233	0.9300655002533696	0.39248865485350126	1	1
mitochondrial RNA catabolic process	GO:0000957		6	1	1.1756802914721622	-0.16184695152247705	0.7716727237196409	0.6639809576251503	1	1
mitochondrial RNA metabolic process	GO:0000959		35	4	6.858135033587613	-0.5391411826639451	0.5544080151108676	0.922398508655494	1	1
mitochondrial RNA processing	GO:0000963		18	2	3.5270408744164863	-0.5673120596306415	0.5403638836722494	0.8938443279280387	1	1
mitochondrial RNA 3'-end processing	GO:0000965		7	1	1.3716270067175225	-0.3159976313497353	0.6763118873418741	0.7827962839733025	1	1
RNA 5'-end processing	GO:0000966		22	2	4.310827735397928	-0.7679827550927926	0.4487358074677462	0.9373651375154552	1	1
response to acid chemical	GO:0001101		38	9	7.4459751793236935	0.18955093531541153	1.0215351088017557	0.3211951788908672	1	1
promoter clearance during DNA-templated transcription	GO:0001109		7	2	1.3716270067175225	0.37714954921021	1.171306923303042	0.33467808653175235	1	1
RNA polymerase II promoter clearance	GO:0001111		7	2	1.3716270067175225	0.37714954921021	1.171306923303042	0.33467808653175235	1	1
formation of extrachromosomal circular DNA	GO:0001325		10	0	1.9594671524536038	-Inf	0	1	1	1
guanine nucleotide transport	GO:0001408		8	1	1.5675737219628827	-0.44952902397425787	0.6010751724526117	0.8253736056068746	1	1
skeletal system development	GO:0001501		141	9	27.628486849595813	-1.121622795336371	0.32024853124273084	0.9999970615020275	1	1
ossification	GO:0001503		48	3	9.405442331777298	-1.1426762045342034	0.31378937278535973	0.9977572987788429	1	1
neurotransmitter uptake	GO:0001504		19	0	3.7229875896618467	-Inf	0	1	1	1
action potential	GO:0001508		54	7	10.58112262324946	-0.4131613798033832	0.6208873648614414	0.9168060325816969	1	1
RNA methylation	GO:0001510		47	8	9.209495616531937	-0.14079354232464478	0.7853964081668059	0.6790708203390694	1	1
prostaglandin biosynthetic process	GO:0001516		13	3	2.547307298189685	0.16357544891215084	1.0016275609675553	0.48337514553833716	1	1
pseudouridine synthesis	GO:0001522		12	1	2.3513605829443245	-0.8549941320824224	0.4134089075367419	0.9270508704750915	1	1
retinoid metabolic process	GO:0001523		55	1	10.777069338494819	-2.3774206675268927	0.09265696591418786	0.9999883371595488	1	1
angiogenesis	GO:0001525		88	13	17.243310941591712	-0.28247493931109174	0.6962766656385126	0.8941303813010334	1	1
cilium or flagellum-dependent cell motility	GO:0001539		40	0	7.837868609814415	-Inf	0	1	1	1
ovarian follicle development	GO:0001541		6	2	1.1756802914721622	0.5313002290374682	1.301399677662636	0.33467808653175235	1	1
fatty acid alpha-oxidation	GO:0001561		6	0	1.1756802914721622	-Inf	0	1	1	1
response to protozoan	GO:0001562		5	1	0.9797335762268019	0.020474605271477528	0.8959251696155924	0.5820703667006293	1	1
blood vessel development	GO:0001568		113	19	22.14197882272572	-0.15303632184032206	0.7773957198759928	0.7925325962002692	1	1
vasculogenesis	GO:0001570		10	4	1.9594671524536038	0.7136217858314229	1.4619856571553664	0.11378252681862328	1	1
ganglioside metabolic process	GO:0001573		15	3	2.9392007286804054	0.020474605271477528	0.8959251696155924	0.586697296105379	1	1
ganglioside biosynthetic process	GO:0001574		8	2	1.5675737219628827	0.24361815658568745	1.063644502877227	0.48475503253829777	1	1
microtubule bundle formation	GO:0001578		60	4	11.756802914721622	-1.078137683396632	0.3339847283501357	0.9987392532305146	1	1
detection of chemical stimulus involved in sensory perception of bitter taste	GO:0001580		33	0	6.466241603096892	-Inf	0	1	1	1
osteoblast differentiation	GO:0001649		22	2	4.310827735397928	-0.7679827550927926	0.4487358074677462	0.9476437436359091	1	1
eye development	GO:0001654		53	2	10.385175908004099	-1.6472322152865986	0.1914112256945604	0.9997610438913387	1	1
metanephros development	GO:0001656		5	0	0.9797335762268019	-Inf	0	1	1	1
ureteric bud development	GO:0001657		6	0	1.1756802914721622	-Inf	0	1	1	1
response to hypoxia	GO:0001666		94	10	18.418991233063874	-0.6107971715703803	0.519265730842211	0.9915448873509816	1	1
ameboidal-type cell migration	GO:0001667		30	2	5.878401457360811	-1.078137683396632	0.3339847283501357	0.988077777716682	1	1
long-chain fatty acid metabolic process	GO:0001676		76	9	14.891950358647387	-0.5035962452445337	0.5725542740203748	0.9672379408553707	1	1
intracellular glucose homeostasis	GO:0001678		19	2	3.7229875896618467	-0.6213792809009171	0.5142372660455732	0.9107998111621118	1	1
tRNA 5'-leader removal	GO:0001682		11	1	2.155413867698964	-0.7679827550927926	0.4487358074677462	0.90925940843125	1	1
histamine metabolic process	GO:0001692		5	0	0.9797335762268019	-Inf	0	1	1	1
in utero embryonic development	GO:0001701		7	1	1.3716270067175225	-0.3159976313497353	0.6763118873418741	0.7827962839733025	1	1
formation of primary germ layer	GO:0001704		18	4	3.5270408744164863	0.12583512092930388	0.9730885098117966	0.4341305238893221	1	1
endoderm formation	GO:0001706		13	3	2.547307298189685	0.16357544891215084	1.0016275609675553	0.48337514553833716	1	1
mesoderm formation	GO:0001707		6	1	1.1756802914721622	-0.16184695152247705	0.7716727237196409	0.6639809576251503	1	1
cell fate specification	GO:0001708		6	0	1.1756802914721622	-Inf	0	1	1	1
cell fate determination	GO:0001709		8	1	1.5675737219628827	-0.44952902397425787	0.6010751724526117	0.7827962839733025	1	1
morphogenesis of a polarized epithelium	GO:0001738		16	2	3.1351474439257654	-0.44952902397425787	0.6010751724526117	0.8506090120081047	1	1
morphogenesis of a branching structure	GO:0001763		15	2	2.9392007286804054	-0.38499050283668673	0.6365829165604019	0.8234197544946463	1	1
neuron migration	GO:0001764		17	4	3.331094159171126	0.1829935347692526	1.0164894330322407	0.4341305238893221	1	1
membrane raft assembly	GO:0001765		8	3	1.5675737219628827	0.6490832646938518	1.4044007738015039	0.1941869786530865	1	1
immunological synapse formation	GO:0001771		5	0	0.9797335762268019	-Inf	0	1	1	1
myeloid dendritic cell activation	GO:0001773		6	1	1.1756802914721622	-0.16184695152247705	0.7716727237196409	0.72984153184383	1	1
microglial cell activation	GO:0001774		6	0	1.1756802914721622	-Inf	0	1	1	1
leukocyte homeostasis	GO:0001776		10	2	1.9594671524536038	0.020474605271477528	0.8959251696155924	0.5515091337986338	1	1
plasma membrane repair	GO:0001778		17	3	3.331094159171126	-0.10468853768252841	0.8093165486581243	0.5366867691818712	1	1
cytokine production	GO:0001816		10	5	1.9594671524536038	0.9367653371456326	1.6662678944047506	0.030150159034601248	1	1
negative regulation of cytokine production	GO:0001818		183	29	35.85824888990094	-0.21227780514936886	0.7394785057065465	0.9017672982162271	1	1
kidney development	GO:0001822		46	0	9.013548901286578	-Inf	0	1	1	1
mesonephros development	GO:0001823		6	0	1.1756802914721622	-Inf	0	1	1	1
release of cytochrome c from mitochondria	GO:0001836		10	2	1.9594671524536038	0.020474605271477528	0.8959251696155924	0.6118932315048861	1	1
epithelial to mesenchymal transition	GO:0001837		39	4	7.6419218945690535	-0.6473547673041777	0.5020681643096098	0.9563454415460161	1	1
phagolysosome assembly	GO:0001845		7	3	1.3716270067175225	0.7826146573183743	1.5243441625433054	0.14109075519364597	1	1
complement activation, lectin pathway	GO:0001867		9	1	1.7635204372082431	-0.5673120596306415	0.5403638836722494	0.8596066645829048	1	1
response to yeast	GO:0001878		8	1	1.5675737219628827	-0.44952902397425787	0.6010751724526117	0.8253736056068746	1	1
receptor recycling	GO:0001881		14	0	2.743254013435045	-Inf	0	1	1	1
endothelial cell development	GO:0001885		28	9	5.48650802687009	0.4949325848665934	1.2701963443406667	0.08087869620050994	1	1
liver development	GO:0001889		10	2	1.9594671524536038	0.020474605271477528	0.8959251696155924	0.5515091337986338	1	1
placenta development	GO:0001890		14	1	2.743254013435045	-1.0091448119096806	0.35690501805843033	0.952854632353058	1	1
maternal placenta development	GO:0001893		7	0	1.3716270067175225	-Inf	0	1	1	1
tissue homeostasis	GO:0001894		58	6	11.3649094842309	-0.6387710236127861	0.5060622315132961	0.9713101126671182	1	1
retina homeostasis	GO:0001895		26	0	5.09461459637937	-Inf	0	1	1	1
cell killing	GO:0001906		119	20	23.317659114197884	-0.15347870185196053	0.7771076745650204	0.6492330105077091	1	1
leukocyte mediated cytotoxicity	GO:0001909		38	8	7.4459751793236935	0.07176789965902816	0.9330203001238664	0.40966182679862295	1	1
regulation of leukocyte mediated cytotoxicity	GO:0001910		55	8	10.777069338494819	-0.29797912584705694	0.6869893114926583	0.8700473597534566	1	1
negative regulation of leukocyte mediated cytotoxicity	GO:0001911		25	5	4.898667881134009	0.020474605271477528	0.8959251696155924	0.5593677229065497	1	1
positive regulation of leukocyte mediated cytotoxicity	GO:0001912		32	6	6.270294887851531	-0.04406391586609347	0.8505613782850316	0.618343204252579	1	1
T cell mediated cytotoxicity	GO:0001913		6	1	1.1756802914721622	-0.16184695152247705	0.7716727237196409	0.5820703667006293	1	1
regulation of T cell mediated cytotoxicity	GO:0001914		21	4	4.114881020152567	-0.028315558897954368	0.8614938546476196	0.6120409511297683	1	1
negative regulation of T cell mediated cytotoxicity	GO:0001915		7	0	1.3716270067175225	-Inf	0	1	1	1
positive regulation of T cell mediated cytotoxicity	GO:0001916		13	4	2.547307298189685	0.4512575213639317	1.2331288170502879	0.24026976015350388	1	1
regulation of receptor recycling	GO:0001919		15	4	2.9392007286804054	0.30815667772325855	1.1150519589183827	0.3366446614878407	1	1
negative regulation of receptor recycling	GO:0001920		5	2	0.9797335762268019	0.7136217858314229	1.4619856571553664	0.2544280030025466	1	1
positive regulation of receptor recycling	GO:0001921		8	2	1.5675737219628827	0.24361815658568745	1.063644502877227	0.48475503253829777	1	1
negative regulation of protein phosphorylation	GO:0001933		93	11	18.223044517818515	-0.5047917026493075	0.5719362150791467	0.9791291115377152	1	1
endothelial cell proliferation	GO:0001935		17	1	3.331094159171126	-1.203300826350638	0.2958661985436187	0.9695327120224101	1	1
regulation of endothelial cell proliferation	GO:0001936		103	18	20.182511670272117	-0.11444471262789316	0.802805193865003	0.7433109798559162	1	1
negative regulation of endothelial cell proliferation	GO:0001937		34	5	6.662188318342252	-0.287010094476483	0.6935504540420107	0.8239687093713861	1	1
positive regulation of endothelial cell proliferation	GO:0001938		65	13	12.736536490948424	0.020474605271477528	0.8959251696155924	0.5168317581199977	1	1
postsynaptic membrane organization	GO:0001941		5	0	0.9797335762268019	-Inf	0	1	1	1
hair follicle development	GO:0001942		9	1	1.7635204372082431	-0.5673120596306415	0.5403638836722494	0.8253736056068746	1	1
vasculature development	GO:0001944		128	19	25.081179551406123	-0.2776787670475986	0.6991683711516369	0.9279586059315053	1	1
lymph vessel development	GO:0001945		9	0	1.7635204372082431	-Inf	0	1	1	1
lymphangiogenesis	GO:0001946		6	0	1.1756802914721622	-Inf	0	1	1	1
heart looping	GO:0001947		7	1	1.3716270067175225	-0.3159976313497353	0.6763118873418741	0.72984153184383	1	1
regulation of cell-matrix adhesion	GO:0001952		85	14	16.65547079585563	-0.17368140916947988	0.7640315177738853	0.8044282034235093	1	1
negative regulation of cell-matrix adhesion	GO:0001953		24	3	4.702721165888649	-0.44952902397425804	0.6010751724526116	0.8762696930387821	1	1
positive regulation of cell-matrix adhesion	GO:0001954		40	9	7.837868609814415	0.1382576409278609	0.9824313673848519	0.3816013454104595	1	1
regulation of cytokine-mediated signaling pathway	GO:0001959		125	31	24.493339405670042	0.23558598488842322	1.0573324277934704	0.06882877322435334	1	1
negative regulation of cytokine-mediated signaling pathway	GO:0001960		59	12	11.56085619947626	0.037281723587858834	0.9079798914275501	0.4687751549004498	1	1
positive regulation of cytokine-mediated signaling pathway	GO:0001961		46	10	9.013548901286578	0.10385621421052853	0.9566826872276941	0.35653405775752184	1	1
regulation of systemic arterial blood pressure by hormone	GO:0001990		17	2	3.331094159171126	-0.5101536457906928	0.5691707139650165	0.8739261887459524	1	1
regulation of systemic arterial blood pressure by circulatory renin-angiotensin	GO:0001991		7	0	1.3716270067175225	-Inf	0	1	1	1
regulation of angiotensin levels in blood	GO:0002002		7	0	1.3716270067175225	-Inf	0	1	1	1
angiotensin maturation	GO:0002003		7	0	1.3716270067175225	-Inf	0	1	1	1
morphogenesis of an epithelium	GO:0002009		80	10	15.67573721962883	-0.44952902397425804	0.6010751724526116	0.957027959646028	1	1
morphogenesis of an epithelial sheet	GO:0002011		20	4	3.9189343049072076	0.020474605271477528	0.8959251696155924	0.5707787743598538	1	1
regulation of the force of heart contraction	GO:0002026		12	0	2.3513605829443245	-Inf	0	1	1	1
regulation of heart rate	GO:0002027		58	8	11.3649094842309	-0.3510889511610053	0.6558759273989256	0.8825779836058022	1	1
regulation of sodium ion transport	GO:0002028		34	6	6.662188318342252	-0.10468853768252841	0.8093165486581243	0.618343204252579	1	1
desensitization of G protein-coupled receptor signaling pathway	GO:0002029		7	1	1.3716270067175225	-0.3159976313497353	0.6763118873418741	0.7827962839733025	1	1
G protein-coupled receptor internalization	GO:0002031		6	1	1.1756802914721622	-0.16184695152247705	0.7716727237196409	0.72984153184383	1	1
sprouting angiogenesis	GO:0002040		31	6	6.074348172606171	-0.012315217551513198	0.8726922785456543	0.5851665741807743	1	1
cell migration involved in sprouting angiogenesis	GO:0002042		15	4	2.9392007286804054	0.30815667772325855	1.1150519589183827	0.3366446614878407	1	1
chondrocyte differentiation	GO:0002062		9	0	1.7635204372082431	-Inf	0	1	1	1
epithelial cell development	GO:0002064		42	12	8.229762040305134	0.37714954921021	1.171306923303042	0.10476170296939408	1	1
columnar/cuboidal epithelial cell differentiation	GO:0002065		14	2	2.743254013435045	-0.3159976313497353	0.6763118873418741	0.791856760042744	1	1
regulation of oxidative phosphorylation	GO:0002082		12	3	2.3513605829443245	0.24361815658568728	1.0636445028772268	0.3691323739002324	1	1
protein depalmitoylation	GO:0002084		7	0	1.3716270067175225	-Inf	0	1	1	1
regulation of receptor internalization	GO:0002090		41	4	8.033815325059775	-0.6973651878788393	0.47932865570259287	0.9675904142391654	1	1
negative regulation of receptor internalization	GO:0002091		12	2	2.3513605829443245	-0.16184695152247705	0.7716727237196409	0.7135533259489933	1	1
positive regulation of receptor internalization	GO:0002092		21	2	4.114881020152567	-0.7214627394578996	0.46869159825755335	0.9373651375154552	1	1
tRNA wobble base modification	GO:0002097		8	0	1.5675737219628827	-Inf	0	1	1	1
tRNA wobble uridine modification	GO:0002098		6	0	1.1756802914721622	-Inf	0	1	1	1
store-operated calcium entry	GO:0002115		8	1	1.5675737219628827	-0.44952902397425787	0.6010751724526117	0.8253736056068746	1	1
desmosome assembly	GO:0002159		6	0	1.1756802914721622	-Inf	0	1	1	1
cytoplasmic translation	GO:0002181		100	13	19.594671524536036	-0.41030831082097663	0.622463095126601	0.9654320829918805	1	1
cytoplasmic translational initiation	GO:0002183		18	4	3.5270408744164863	0.12583512092930388	0.9730885098117966	0.4814757423991832	1	1
somatic diversification of immune receptors	GO:0002200		12	1	2.3513605829443245	-0.8549941320824224	0.4134089075367419	0.9270508704750915	1	1
activation of innate immune response	GO:0002218		128	34	25.081179551406123	0.30424277840212227	1.1119001453914874	0.023998829553621422	1	1
innate immune response activating cell surface receptor signaling pathway	GO:0002220		48	15	9.405442331777298	0.46676170789989707	1.246235437424246	0.02087344652073761	1	1
pattern recognition receptor signaling pathway	GO:0002221		94	27	18.418991233063874	0.3824546014399032	1.1756856558662587	0.015898309815274684	1	1
stimulatory C-type lectin receptor signaling pathway	GO:0002223		16	2	3.1351474439257654	-0.44952902397425787	0.6010751724526117	0.8506090120081047	1	1
toll-like receptor signaling pathway	GO:0002224		29	11	5.68245474211545	0.6605119605174746	1.4145423677649378	0.012715673122476	1	1
innate immune response in mucosa	GO:0002227		16	0	3.1351474439257654	-Inf	0	1	1	1
natural killer cell mediated immunity	GO:0002228		31	6	6.074348172606171	-0.012315217551513198	0.8726922785456543	0.5851665741807743	1	1
positive regulation of defense response to virus by host	GO:0002230		28	4	5.48650802687009	-0.3159976313497353	0.6763118873418741	0.8041113136999212	1	1
response to molecule of bacterial origin	GO:0002237		103	31	20.182511670272117	0.42917073396108846	1.2145588125791418	0.005105617228394943	1	1
hematopoietic progenitor cell differentiation	GO:0002244		15	4	2.9392007286804054	0.30815667772325855	1.1150519589183827	0.3366446614878407	1	1
adaptive immune response	GO:0002250		58	9	11.3649094842309	-0.23330591550462196	0.7263395576685657	0.7948636166393832	1	1
organ or tissue specific immune response	GO:0002251		19	1	3.7229875896618467	-1.3145264614608625	0.26547226383291483	0.9841736533539538	1	1
immune effector process	GO:0002252		160	29	31.35147443925766	-0.07796546754177508	0.8273314990271112	0.6416054020012427	1	1
lymphocyte homeostasis	GO:0002260		6	0	1.1756802914721622	-Inf	0	1	1	1
myeloid cell homeostasis	GO:0002262		31	11	6.074348172606171	0.5938205860188023	1.3557190796976797	0.028358750313104225	1	1
cell activation involved in immune response	GO:0002263		59	10	11.56085619947626	-0.14503983320609576	0.7826150904767786	0.7244797615628167	1	1
leukocyte activation involved in inflammatory response	GO:0002269		6	0	1.1756802914721622	-Inf	0	1	1	1
myeloid leukocyte activation	GO:0002274		59	7	11.56085619947626	-0.5017147771448282	0.5735281014520301	0.9537985625670293	1	1
myeloid cell activation involved in immune response	GO:0002275		22	3	4.310827735397928	-0.36251764698462824	0.6493225649570408	0.8095110826530926	1	1
eosinophil activation involved in immune response	GO:0002278		5	1	0.9797335762268019	0.020474605271477528	0.8959251696155924	0.6639809576251503	1	1
mast cell activation involved in immune response	GO:0002279		8	0	1.5675737219628827	-Inf	0	1	1	1
macrophage activation involved in immune response	GO:0002281		6	1	1.1756802914721622	-0.16184695152247705	0.7716727237196409	0.72984153184383	1	1
neutrophil activation involved in immune response	GO:0002283		5	0	0.9797335762268019	-Inf	0	1	1	1
lymphocyte activation involved in immune response	GO:0002285		34	6	6.662188318342252	-0.10468853768252841	0.8093165486581243	0.679916925076772	1	1
T cell activation involved in immune response	GO:0002286		24	6	4.702721165888649	0.24361815658568728	1.0636445028772268	0.32527656657228576	1	1
alpha-beta T cell activation involved in immune response	GO:0002287		19	5	3.7229875896618467	0.29491145097323795	1.1044033007862541	0.3101636470445178	1	1
T cell differentiation involved in immune response	GO:0002292		19	5	3.7229875896618467	0.29491145097323795	1.1044033007862541	0.3101636470445178	1	1
T-helper cell lineage commitment	GO:0002295		6	1	1.1756802914721622	-0.16184695152247705	0.7716727237196409	0.72984153184383	1	1
natural killer cell activation involved in immune response	GO:0002323		6	0	1.1756802914721622	-Inf	0	1	1	1
response to tumor cell	GO:0002347		20	5	3.9189343049072076	0.24361815658568728	1.0636445028772268	0.26842225910480577	1	1
defense response to tumor cell	GO:0002357		11	4	2.155413867698964	0.618311606027098	1.3772191323903928	0.15221372716933204	1	1
T cell lineage commitment	GO:0002360		8	1	1.5675737219628827	-0.44952902397425787	0.6010751724526117	0.8253736056068746	1	1
alpha-beta T cell lineage commitment	GO:0002363		7	1	1.3716270067175225	-0.3159976313497353	0.6763118873418741	0.7827962839733025	1	1
leukocyte activation involved in immune response	GO:0002366		55	9	10.777069338494819	-0.18019609019067354	0.7598476810232034	0.757028169698035	1	1
immunoglobulin production	GO:0002377		7	0	1.3716270067175225	-Inf	0	1	1	1
mucosal immune response	GO:0002385		17	0	3.331094159171126	-Inf	0	1	1	1
MHC protein complex assembly	GO:0002396		10	1	1.9594671524536038	-0.6726725752884678	0.4904435399678537	0.8871303793693512	1	1
MHC class I protein complex assembly	GO:0002397		6	1	1.1756802914721622	-0.16184695152247705	0.7716727237196409	0.72984153184383	1	1
dendritic cell chemotaxis	GO:0002407		12	3	2.3513605829443245	0.24361815658568728	1.0636445028772268	0.42727390275722177	1	1
immune response to tumor cell	GO:0002418		5	1	0.9797335762268019	0.020474605271477528	0.8959251696155924	0.48019983360690854	1	1
immune response-activating cell surface receptor signaling pathway	GO:0002429		141	31	27.628486849595813	0.11513983181255588	0.965085229180959	0.1999001160040138	1	1
complement receptor mediated signaling pathway	GO:0002430		6	1	1.1756802914721622	-0.16184695152247705	0.7716727237196409	0.72984153184383	1	1
Fc receptor mediated stimulatory signaling pathway	GO:0002431		22	7	4.310827735397928	0.4847802134025753	1.2615397034084506	0.12216669893418972	1	1
inflammatory response to antigenic stimulus	GO:0002437		6	2	1.1756802914721622	0.5313002290374682	1.301399677662636	0.33467808653175235	1	1
production of molecular mediator of immune response	GO:0002440		8	0	1.5675737219628827	-Inf	0	1	1	1
leukocyte mediated immunity	GO:0002443		75	13	14.696003643402026	-0.12262623836919574	0.7973719717300914	0.6752335117253309	1	1
myeloid leukocyte mediated immunity	GO:0002444		24	4	4.702721165888649	-0.16184695152247705	0.7716727237196409	0.686782125559293	1	1
neutrophil mediated immunity	GO:0002446		13	2	2.547307298189685	-0.2418896591960136	0.7210246532773757	0.7554039042054765	1	1
eosinophil mediated immunity	GO:0002447		5	1	0.9797335762268019	0.020474605271477528	0.8959251696155924	0.6639809576251503	1	1
mast cell mediated immunity	GO:0002448		8	0	1.5675737219628827	-Inf	0	1	1	1
lymphocyte mediated immunity	GO:0002449		56	10	10.97301605374018	-0.0928540800355255	0.8172621624671887	0.6330918654393711	1	1
humoral immune response mediated by circulating immunoglobulin	GO:0002455		6	0	1.1756802914721622	-Inf	0	1	1	1
T cell mediated immunity	GO:0002456		11	3	2.155413867698964	0.3306295335753171	1.13323234459792	0.25111567812712277	1	1
adaptive immune response based on somatic recombination of immune receptors built from immunoglobulin superfamily domains	GO:0002460		45	8	8.817602186041215	-0.09730843038490573	0.8142654671176324	0.6256856313938512	1	1
antigen processing and presentation of peptide antigen via MHC class I	GO:0002474		19	1	3.7229875896618467	-1.3145264614608625	0.26547226383291483	0.9841736533539538	1	1
antigen processing and presentation via MHC class Ib	GO:0002475		5	1	0.9797335762268019	0.020474605271477528	0.8959251696155924	0.6639809576251503	1	1
antigen processing and presentation of exogenous peptide antigen	GO:0002478		23	2	4.506774450643289	-0.8124345176636266	0.4303676116636751	0.9476437436359091	1	1
antigen processing and presentation of endogenous peptide antigen	GO:0002483		14	2	2.743254013435045	-0.3159976313497353	0.6763118873418741	0.791856760042744	1	1
antigen processing and presentation of peptide antigen via MHC class II	GO:0002495		19	0	3.7229875896618467	-Inf	0	1	1	1
peptide antigen assembly with MHC protein complex	GO:0002501		10	1	1.9594671524536038	-0.6726725752884678	0.4904435399678537	0.8871303793693512	1	1
peptide antigen assembly with MHC class I protein complex	GO:0002502		6	1	1.1756802914721622	-0.16184695152247705	0.7716727237196409	0.72984153184383	1	1
antigen processing and presentation of peptide or polysaccharide antigen via MHC class II	GO:0002504		19	0	3.7229875896618467	-Inf	0	1	1	1
tolerance induction	GO:0002507		10	2	1.9594671524536038	0.020474605271477528	0.8959251696155924	0.6118932315048861	1	1
immune system development	GO:0002520		30	4	5.878401457360811	-0.38499050283668673	0.6365829165604019	0.8663767449433968	1	1
leukocyte differentiation	GO:0002521		110	19	21.554138676989638	-0.12612886892039768	0.7950535322966046	0.7656526800714298	1	1
leukocyte migration involved in inflammatory response	GO:0002523		7	5	1.3716270067175225	1.293440281084365	2.004891297408538	0.0042433639760784386	1	1
acute inflammatory response	GO:0002526		22	5	4.310827735397928	0.14830797678136237	0.9900268794406928	0.4378631785228037	1	1
monocyte chemotaxis	GO:0002548		23	7	4.506774450643289	0.4403284508317414	1.2239249105809362	0.12216669893418972	1	1
somatic diversification of immune receptors via germline recombination within a single locus	GO:0002562		8	1	1.5675737219628827	-0.44952902397425787	0.6010751724526117	0.8253736056068746	1	1
myeloid leukocyte differentiation	GO:0002573		55	11	10.777069338494819	0.020474605271477743	0.8959251696155927	0.523759407905111	1	1
regulation of antigen processing and presentation	GO:0002577		11	1	2.155413867698964	-0.7679827550927926	0.4487358074677462	0.90925940843125	1	1
negative regulation of antigen processing and presentation	GO:0002578		7	1	1.3716270067175225	-0.3159976313497353	0.6763118873418741	0.7827962839733025	1	1
regulation of antigen processing and presentation of peptide antigen	GO:0002583		5	0	0.9797335762268019	-Inf	0	1	1	1
regulation of immunoglobulin production	GO:0002637		23	3	4.506774450643289	-0.4069694095554622	0.6243111154330052	0.8567486189236605	1	1
positive regulation of immunoglobulin production	GO:0002639		20	3	3.9189343049072076	-0.2672074671803034	0.705512384119831	0.7813010638640464	1	1
regulation of tolerance induction	GO:0002643		7	0	1.3716270067175225	-Inf	0	1	1	1
regulation of T cell tolerance induction	GO:0002664		6	0	1.1756802914721622	-Inf	0	1	1	1
regulation of acute inflammatory response	GO:0002673		14	4	2.743254013435045	0.37714954921021	1.171306923303042	0.2878991921787099	1	1
negative regulation of acute inflammatory response	GO:0002674		5	2	0.9797335762268019	0.7136217858314229	1.4619856571553664	0.2544280030025466	1	1
positive regulation of acute inflammatory response	GO:0002675		7	2	1.3716270067175225	0.37714954921021	1.171306923303042	0.412113019066995	1	1
regulation of leukocyte migration	GO:0002685		128	34	25.081179551406123	0.30424277840212227	1.1119001453914874	0.026852322988164694	1	1
negative regulation of leukocyte migration	GO:0002686		30	6	5.878401457360811	0.020474605271477528	0.8959251696155924	0.5505597788783474	1	1
positive regulation of leukocyte migration	GO:0002687		90	24	17.63520437208243	0.30815667772325855	1.1150519589183827	0.0563219788322778	1	1
regulation of leukocyte chemotaxis	GO:0002688		86	22	16.85141751110099	0.26660767481038605	1.0818171373299466	0.09509802536225559	1	1
negative regulation of leukocyte chemotaxis	GO:0002689		13	2	2.547307298189685	-0.2418896591960136	0.7210246532773757	0.7554039042054765	1	1
positive regulation of leukocyte chemotaxis	GO:0002690		68	18	13.324376636684503	0.3007765704256361	1.1091124787972597	0.09210638961984048	1	1
regulation of cellular extravasation	GO:0002691		16	3	3.1351474439257654	-0.04406391586609347	0.8505613782850316	0.6330949519004381	1	1
negative regulation of cellular extravasation	GO:0002692		5	1	0.9797335762268019	0.020474605271477528	0.8959251696155924	0.6639809576251503	1	1
positive regulation of cellular extravasation	GO:0002693		7	1	1.3716270067175225	-0.3159976313497353	0.6763118873418741	0.7827962839733025	1	1
negative regulation of leukocyte activation	GO:0002695		81	9	15.87168393487419	-0.5673120596306415	0.5403638836722494	0.9858023587063445	1	1
positive regulation of leukocyte activation	GO:0002696		167	37	32.72310144597518	0.12283661793304718	0.9708409334572847	0.20383445532808495	1	1
regulation of immune effector process	GO:0002697		192	27	37.62176932710919	-0.3317459883178746	0.6670819790605218	0.9772889788085042	1	1
negative regulation of immune effector process	GO:0002698		70	12	13.716270067175225	-0.13367607455578068	0.7900734555975877	0.7425295159057883	1	1
positive regulation of immune effector process	GO:0002699		122	17	23.905499259933965	-0.34089518297146254	0.6617635838485645	0.947570711780265	1	1
regulation of production of molecular mediator of immune response	GO:0002700		78	13	15.283843789138107	-0.1618469515224769	0.7716727237196409	0.7507953903056976	1	1
negative regulation of production of molecular mediator of immune response	GO:0002701		19	2	3.7229875896618467	-0.6213792809009171	0.5142372660455732	0.9107998111621118	1	1
positive regulation of production of molecular mediator of immune response	GO:0002702		60	12	11.756802914721622	0.020474605271477528	0.8959251696155924	0.4687751549004498	1	1
regulation of leukocyte mediated immunity	GO:0002703		121	19	23.709552544688602	-0.22143904872472267	0.7337336036545383	0.8783209407551369	1	1
negative regulation of leukocyte mediated immunity	GO:0002704		46	9	9.013548901286578	-0.0015043014472978656	0.8803102853974325	0.5610599533967064	1	1
positive regulation of leukocyte mediated immunity	GO:0002705		70	12	13.716270067175225	-0.13367607455578068	0.7900734555975877	0.7237489564667562	1	1
regulation of lymphocyte mediated immunity	GO:0002706		101	16	19.790618239781395	-0.21261927689590024	0.7392638001989553	0.8502373869338082	1	1
negative regulation of lymphocyte mediated immunity	GO:0002707		43	9	8.425708755550495	0.0659369793482349	0.9287578555133179	0.47294167509542206	1	1
positive regulation of lymphocyte mediated immunity	GO:0002708		61	11	11.952749629966982	-0.08306607366936276	0.8238727439010275	0.6483824691962308	1	1
regulation of T cell mediated immunity	GO:0002709		59	12	11.56085619947626	0.037281723587858834	0.9079798914275501	0.4687751549004498	1	1
negative regulation of T cell mediated immunity	GO:0002710		22	5	4.310827735397928	0.14830797678136237	0.9900268794406928	0.4378631785228037	1	1
positive regulation of T cell mediated immunity	GO:0002711		35	8	6.858135033587613	0.15400599789600025	0.9943476464719979	0.3446373007659238	1	1
regulation of B cell mediated immunity	GO:0002712		18	2	3.5270408744164863	-0.5673120596306415	0.5403638836722494	0.8938443279280387	1	1
negative regulation of B cell mediated immunity	GO:0002713		5	0	0.9797335762268019	-Inf	0	1	1	1
positive regulation of B cell mediated immunity	GO:0002714		11	2	2.155413867698964	-0.0748355745328473	0.8294586149673298	0.6658400887503648	1	1
regulation of natural killer cell mediated immunity	GO:0002715		42	7	8.229762040305134	-0.1618469515224769	0.7716727237196409	0.7422428014443477	1	1
negative regulation of natural killer cell mediated immunity	GO:0002716		23	5	4.506774450643289	0.10385621421052853	0.9566826872276941	0.4795808598095375	1	1
positive regulation of natural killer cell mediated immunity	GO:0002717		23	5	4.506774450643289	0.10385621421052853	0.9566826872276941	0.4795808598095375	1	1
regulation of cytokine production involved in immune response	GO:0002718		54	10	10.58112262324946	-0.0564864358646508	0.8420008088560077	0.6079099683915498	1	1
negative regulation of cytokine production involved in immune response	GO:0002719		17	2	3.331094159171126	-0.5101536457906928	0.5691707139650165	0.8739261887459524	1	1
positive regulation of cytokine production involved in immune response	GO:0002720		35	9	6.858135033587613	0.27178903355238365	1.0859344071756312	0.20853091875625387	1	1
regulation of T cell cytokine production	GO:0002724		26	5	5.09461459637937	-0.01874610788180376	0.868180401077128	0.5968717848764868	1	1
negative regulation of T cell cytokine production	GO:0002725		7	1	1.3716270067175225	-0.3159976313497353	0.6763118873418741	0.7827962839733025	1	1
positive regulation of T cell cytokine production	GO:0002726		17	4	3.331094159171126	0.1829935347692526	1.0164894330322407	0.4341305238893221	1	1
regulation of natural killer cell cytokine production	GO:0002727		6	2	1.1756802914721622	0.5313002290374682	1.301399677662636	0.33467808653175235	1	1
positive regulation of natural killer cell cytokine production	GO:0002729		6	2	1.1756802914721622	0.5313002290374682	1.301399677662636	0.33467808653175235	1	1
cell surface pattern recognition receptor signaling pathway	GO:0002752		33	13	6.466241603096892	0.6983543137006346	1.4482952959302922	0.003614688584923852	1	1
cytoplasmic pattern recognition receptor signaling pathway	GO:0002753		60	16	11.756802914721622	0.30815667772325855	1.1150519589183827	0.11362911447992555	1	1
MyD88-dependent toll-like receptor signaling pathway	GO:0002755		12	3	2.3513605829443245	0.24361815658568728	1.0636445028772268	0.42727390275722177	1	1
MyD88-independent toll-like receptor signaling pathway	GO:0002756		11	4	2.155413867698964	0.618311606027098	1.3772191323903928	0.11378252681862328	1	1
immune response-activating signaling pathway	GO:0002757		199	44	38.99339633382671	0.1207973268993468	0.9693140383155414	0.15903073348754204	1	1
innate immune response-activating signaling pathway	GO:0002758		109	30	21.35819196174428	0.33976201713858967	1.1406605368314353	0.019207066883101056	1	1
regulation of antimicrobial humoral response	GO:0002759		6	0	1.1756802914721622	-Inf	0	1	1	1
positive regulation of antimicrobial humoral response	GO:0002760		5	0	0.9797335762268019	-Inf	0	1	1	1
regulation of myeloid leukocyte differentiation	GO:0002761		58	11	11.3649094842309	-0.0326352200424707	0.8584862819460389	0.6005836493545716	1	1
negative regulation of myeloid leukocyte differentiation	GO:0002762		25	6	4.898667881134009	0.20279616206543222	1.0317678056282988	0.3634653722073468	1	1
positive regulation of myeloid leukocyte differentiation	GO:0002763		31	5	6.074348172606171	-0.19463677434546786	0.7506308040069956	0.7544282001071914	1	1
immune response-inhibiting signal transduction	GO:0002765		9	0	1.7635204372082431	-Inf	0	1	1	1
immune response-inhibiting cell surface receptor signaling pathway	GO:0002767		8	0	1.5675737219628827	-Inf	0	1	1	1
immune response-regulating cell surface receptor signaling pathway	GO:0002768		168	33	32.91904816122054	0.002456099768799418	0.8831113777764806	0.44803705916930026	1	1
peptide secretion	GO:0002790		17	1	3.331094159171126	-1.203300826350638	0.2958661985436187	0.9755081197271886	1	1
regulation of peptide secretion	GO:0002791		73	9	14.304110212911306	-0.46332234610659373	0.5936932682808475	0.9632614987021009	1	1
negative regulation of peptide secretion	GO:0002792		12	1	2.3513605829443245	-0.8549941320824224	0.4134089075367419	0.9270508704750915	1	1
positive regulation of peptide secretion	GO:0002793		30	2	5.878401457360811	-1.078137683396632	0.3339847283501357	0.988077777716682	1	1
regulation of adaptive immune response	GO:0002819		98	20	19.202778094045314	0.04067731258899705	0.9104272603101549	0.4396720053218861	1	1
negative regulation of adaptive immune response	GO:0002820		36	9	7.054081748832973	0.24361815658568745	1.063644502877227	0.2629810188249757	1	1
positive regulation of adaptive immune response	GO:0002821		55	11	10.777069338494819	0.020474605271477743	0.8959251696155927	0.4971096213811349	1	1
regulation of adaptive immune response based on somatic recombination of immune receptors built from immunoglobulin superfamily domains	GO:0002822		89	16	17.43925765683707	-0.08613512978678059	0.8217961917367385	0.6727535530587798	1	1
negative regulation of adaptive immune response based on somatic recombination of immune receptors built from immunoglobulin superfamily domains	GO:0002823		33	7	6.466241603096892	0.07931510529441102	0.9385545088275359	0.4760751138370656	1	1
positive regulation of adaptive immune response based on somatic recombination of immune receptors built from immunoglobulin superfamily domains	GO:0002824		51	10	9.993282477513377	6.719779752980664e-4	0.881848827018035	0.5277790183287516	1	1
regulation of T-helper 1 type immune response	GO:0002825		13	4	2.547307298189685	0.4512575213639317	1.2331288170502879	0.24026976015350388	1	1
positive regulation of T-helper 1 type immune response	GO:0002827		8	4	1.5675737219628827	0.9367653371456328	1.6662678944047509	0.05259704942791124	1	1
regulation of type 2 immune response	GO:0002828		9	0	1.7635204372082431	-Inf	0	1	1	1
positive regulation of type 2 immune response	GO:0002830		5	0	0.9797335762268019	-Inf	0	1	1	1
negative regulation of response to biotic stimulus	GO:0002832		107	16	20.96629853125356	-0.27032759451654703	0.7036176647184471	0.8893044995240575	1	1
regulation of response to tumor cell	GO:0002834		27	7	5.29056131162473	0.2799858007565621	1.0924638209144604	0.2355144041224482	1	1
negative regulation of response to tumor cell	GO:0002835		9	3	1.7635204372082431	0.5313002290374682	1.301399677662636	0.25111567812712277	1	1
positive regulation of response to tumor cell	GO:0002836		17	3	3.331094159171126	-0.10468853768252841	0.8093165486581243	0.6330949519004381	1	1
regulation of immune response to tumor cell	GO:0002837		26	6	5.09461459637937	0.16357544891215084	1.0016275609675553	0.3634653722073468	1	1
negative regulation of immune response to tumor cell	GO:0002838		9	3	1.7635204372082431	0.5313002290374682	1.301399677662636	0.25111567812712277	1	1
positive regulation of immune response to tumor cell	GO:0002839		17	3	3.331094159171126	-0.10468853768252841	0.8093165486581243	0.6330949519004381	1	1
regulation of T cell mediated immune response to tumor cell	GO:0002840		16	4	3.1351474439257654	0.24361815658568745	1.063644502877227	0.3366446614878407	1	1
negative regulation of T cell mediated immune response to tumor cell	GO:0002841		7	3	1.3716270067175225	0.7826146573183743	1.5243441625433054	0.14109075519364597	1	1
positive regulation of T cell mediated immune response to tumor cell	GO:0002842		9	1	1.7635204372082431	-0.5673120596306415	0.5403638836722494	0.8253736056068746	1	1
regulation of natural killer cell mediated immune response to tumor cell	GO:0002855		8	2	1.5675737219628827	0.24361815658568745	1.063644502877227	0.48475503253829777	1	1
positive regulation of natural killer cell mediated immune response to tumor cell	GO:0002857		6	2	1.1756802914721622	0.5313002290374682	1.301399677662636	0.33467808653175235	1	1
regulation of natural killer cell mediated cytotoxicity directed against tumor cell target	GO:0002858		8	2	1.5675737219628827	0.24361815658568745	1.063644502877227	0.48475503253829777	1	1
positive regulation of natural killer cell mediated cytotoxicity directed against tumor cell target	GO:0002860		6	2	1.1756802914721622	0.5313002290374682	1.301399677662636	0.33467808653175235	1	1
regulation of inflammatory response to antigenic stimulus	GO:0002861		18	7	3.5270408744164863	0.6854509088647266	1.4367570374839522	0.0463821468699097	1	1
negative regulation of inflammatory response to antigenic stimulus	GO:0002862		16	7	3.1351474439257654	0.8032339445211101	1.5431294962999909	0.023918194779179856	1	1
regulation of myeloid leukocyte mediated immunity	GO:0002886		20	2	3.9189343049072076	-0.6726725752884678	0.4904435399678537	0.9251885608618968	1	1
positive regulation of myeloid leukocyte mediated immunity	GO:0002888		9	1	1.7635204372082431	-0.5673120596306415	0.5403638836722494	0.8596066645829048	1	1
regulation of immunoglobulin mediated immune response	GO:0002889		17	2	3.331094159171126	-0.5101536457906928	0.5691707139650165	0.8739261887459524	1	1
negative regulation of immunoglobulin mediated immune response	GO:0002890		5	0	0.9797335762268019	-Inf	0	1	1	1
positive regulation of immunoglobulin mediated immune response	GO:0002891		11	2	2.155413867698964	-0.0748355745328473	0.8294586149673298	0.6658400887503648	1	1
regulation of B cell apoptotic process	GO:0002902		8	1	1.5675737219628827	-0.44952902397425787	0.6010751724526117	0.8253736056068746	1	1
negative regulation of B cell apoptotic process	GO:0002903		6	1	1.1756802914721622	-0.16184695152247705	0.7716727237196409	0.72984153184383	1	1
regulation of humoral immune response	GO:0002920		25	2	4.898667881134009	-0.8958161266026775	0.39770677283583683	0.9635759430109465	1	1
negative regulation of humoral immune response	GO:0002921		9	0	1.7635204372082431	-Inf	0	1	1	1
positive regulation of humoral immune response	GO:0002922		11	2	2.155413867698964	-0.0748355745328473	0.8294586149673298	0.6118932315048861	1	1
lipid hydroxylation	GO:0002933		7	0	1.3716270067175225	-Inf	0	1	1	1
desmosome organization	GO:0002934		8	0	1.5675737219628827	-Inf	0	1	1	1
tRNA threonylcarbamoyladenosine modification	GO:0002949		5	1	0.9797335762268019	0.020474605271477528	0.8959251696155924	0.5820703667006293	1	1
regionalization	GO:0003002		48	2	9.405442331777298	-1.5481413126423678	0.2110720879885675	0.9995650219703074	1	1
developmental process involved in reproduction	GO:0003006		172	11	33.70283502220198	-1.1196866863095045	0.3208487305094961	0.9999990867367161	1	1
heart morphogenesis	GO:0003007		63	3	12.344643060457702	-1.414609920017845	0.24068973026822393	0.9997958420971192	1	1
skeletal muscle contraction	GO:0003009		13	0	2.547307298189685	-Inf	0	1	1	1
muscle system process	GO:0003012		142	11	27.824433564841172	-0.9280192670973122	0.38570142125466256	0.9999685551982824	1	1
circulatory system process	GO:0003013		197	23	38.60150290333599	-0.5177969951032609	0.5652473461618399	0.9988353716071481	1	1
renal system process	GO:0003014		48	3	9.405442331777298	-1.1426762045342034	0.31378937278535973	0.9973156077653733	1	1
heart process	GO:0003015		53	5	10.385175908004099	-0.7309414834124435	0.46456390916724083	0.9838739726487153	1	1
vascular process in circulatory system	GO:0003018		88	11	17.243310941591712	-0.44952902397425804	0.6010751724526116	0.9709444066530009	1	1
regulation of systemic arterial blood pressure mediated by a chemical signal	GO:0003044		17	2	3.331094159171126	-0.5101536457906928	0.5691707139650165	0.8739261887459524	1	1
regulation of systemic arterial blood pressure	GO:0003073		25	3	4.898667881134009	-0.49035101849451307	0.579438399183867	0.8933905173407	1	1
regulation of systemic arterial blood pressure by renin-angiotensin	GO:0003081		10	0	1.9594671524536038	-Inf	0	1	1	1
renal water homeostasis	GO:0003091		12	0	2.3513605829443245	-Inf	0	1	1	1
glomerular filtration	GO:0003094		5	0	0.9797335762268019	-Inf	0	1	1	1
renal sodium ion transport	GO:0003096		9	2	1.7635204372082431	0.12583512092930388	0.9730885098117966	0.5515091337986338	1	1
regulation of systemic arterial blood pressure by endothelin	GO:0003100		5	2	0.9797335762268019	0.7136217858314229	1.4619856571553664	0.2544280030025466	1	1
embryonic heart tube morphogenesis	GO:0003143		8	1	1.5675737219628827	-0.44952902397425787	0.6010751724526117	0.7827962839733025	1	1
outflow tract morphogenesis	GO:0003151		14	0	2.743254013435045	-Inf	0	1	1	1
endothelium development	GO:0003158		44	12	8.621655470795856	0.3306295335753171	1.13323234459792	0.13779091770982663	1	1
morphogenesis of an endothelium	GO:0003159		9	2	1.7635204372082431	0.12583512092930388	0.9730885098117966	0.5515091337986338	1	1
cardiac conduction system development	GO:0003161		5	0	0.9797335762268019	-Inf	0	1	1	1
heart valve development	GO:0003170		25	1	4.898667881134009	-1.5889633071626228	0.20274527604477344	0.9946890607120057	1	1
atrioventricular valve development	GO:0003171		5	0	0.9797335762268019	-Inf	0	1	1	1
mitral valve development	GO:0003174		5	0	0.9797335762268019	-Inf	0	1	1	1
aortic valve development	GO:0003176		19	0	3.7229875896618467	-Inf	0	1	1	1
pulmonary valve development	GO:0003177		6	1	1.1756802914721622	-0.16184695152247705	0.7716727237196409	0.6639809576251503	1	1
heart valve morphogenesis	GO:0003179		25	1	4.898667881134009	-1.5889633071626228	0.20274527604477344	0.9946890607120057	1	1
aortic valve morphogenesis	GO:0003180		19	0	3.7229875896618467	-Inf	0	1	1	1
pulmonary valve morphogenesis	GO:0003184		6	1	1.1756802914721622	-0.16184695152247705	0.7716727237196409	0.6639809576251503	1	1
endocardial cushion development	GO:0003197		11	1	2.155413867698964	-0.7679827550927926	0.4487358074677462	0.90925940843125	1	1
endocardial cushion morphogenesis	GO:0003203		7	0	1.3716270067175225	-Inf	0	1	1	1
cardiac chamber development	GO:0003205		33	2	6.466241603096892	-1.173447863200957	0.30456808371541577	0.9901362350685545	1	1
cardiac chamber morphogenesis	GO:0003206		27	2	5.29056131162473	-0.9727771677388057	0.36956187637019583	0.974789641605454	1	1
cardiac ventricle morphogenesis	GO:0003208		21	2	4.114881020152567	-0.7214627394578996	0.46869159825755335	0.9373651375154552	1	1
cardiac atrium morphogenesis	GO:0003209		7	0	1.3716270067175225	-Inf	0	1	1	1
cardiac left ventricle morphogenesis	GO:0003214		6	1	1.1756802914721622	-0.16184695152247705	0.7716727237196409	0.72984153184383	1	1
ventricular cardiac muscle tissue development	GO:0003229		15	1	2.9392007286804054	-1.078137683396632	0.3339847283501357	0.9620999807715159	1	1
cardiac atrium development	GO:0003230		10	0	1.9594671524536038	-Inf	0	1	1	1
cardiac ventricle development	GO:0003231		25	2	4.898667881134009	-0.8958161266026775	0.39770677283583683	0.9635759430109465	1	1
regulation of membrane depolarization	GO:0003254		28	5	5.48650802687009	-0.0928540800355255	0.8172621624671887	0.6325095853196618	1	1
endocardial cushion formation	GO:0003272		7	0	1.3716270067175225	-Inf	0	1	1	1
cardiac septum development	GO:0003279		16	0	3.1351474439257654	-Inf	0	1	1	1
ventricular septum development	GO:0003281		6	0	1.1756802914721622	-Inf	0	1	1	1
atrial septum development	GO:0003283		8	0	1.5675737219628827	-Inf	0	1	1	1
cardiac muscle hypertrophy	GO:0003300		5	0	0.9797335762268019	-Inf	0	1	1	1
type B pancreatic cell differentiation	GO:0003309		5	1	0.9797335762268019	0.020474605271477528	0.8959251696155924	0.6639809576251503	1	1
amino acid transmembrane transport	GO:0003333		49	8	9.601389047022657	-0.18246623872521273	0.7583935180328425	0.7497318999656566	1	1
cilium movement	GO:0003341		55	1	10.777069338494819	-2.3774206675268927	0.09265696591418786	0.9999906292399893	1	1
epithelial cilium movement involved in extracellular fluid movement	GO:0003351		10	1	1.9594671524536038	-0.6726725752884678	0.4904435399678537	0.8596066645829048	1	1
regulation of cilium movement	GO:0003352		19	1	3.7229875896618467	-1.3145264614608625	0.26547226383291483	0.9841736533539538	1	1
positive regulation of cilium movement	GO:0003353		8	0	1.5675737219628827	-Inf	0	1	1	1
regulation of cilium beat frequency	GO:0003356		7	1	1.3716270067175225	-0.3159976313497353	0.6763118873418741	0.7827962839733025	1	1
sphingosine-1-phosphate receptor signaling pathway	GO:0003376		7	0	1.3716270067175225	-Inf	0	1	1	1
epithelial cell morphogenesis	GO:0003382		6	0	1.1756802914721622	-Inf	0	1	1	1
detection of calcium ion	GO:0005513		13	1	2.547307298189685	-0.9350368397559589	0.38312923895522005	0.9413547843308927	1	1
carbohydrate metabolic process	GO:0005975		187	13	36.642035750882386	-1.0362467416874719	0.3477333893595274	0.9999996747739783	1	1
polysaccharide metabolic process	GO:0005976		24	4	4.702721165888649	-0.16184695152247705	0.7716727237196409	0.7201011001178095	1	1
glycogen metabolic process	GO:0005977		19	3	3.7229875896618467	-0.21591417279275285	0.737194362814586	0.7497227204384175	1	1
glycogen biosynthetic process	GO:0005978		8	2	1.5675737219628827	0.24361815658568745	1.063644502877227	0.48475503253829777	1	1
regulation of glycogen biosynthetic process	GO:0005979		17	1	3.331094159171126	-1.203300826350638	0.2958661985436187	0.9695327120224101	1	1
disaccharide metabolic process	GO:0005984		8	1	1.5675737219628827	-0.44952902397425787	0.6010751724526117	0.8253736056068746	1	1
monosaccharide metabolic process	GO:0005996		75	1	14.696003643402026	-2.6875755958307326	0.06799330788443916	0.9999999242139284	1	1
fructose metabolic process	GO:0006000		10	0	1.9594671524536038	-Inf	0	1	1	1
fructose 6-phosphate metabolic process	GO:0006002		6	1	1.1756802914721622	-0.16184695152247705	0.7716727237196409	0.72984153184383	1	1
glucose metabolic process	GO:0006006		44	1	8.621655470795856	-2.154277116212683	0.11572850540633371	0.9999328845952764	1	1
glucose catabolic process	GO:0006007		14	1	2.743254013435045	-1.0091448119096806	0.35690501805843033	0.952854632353058	1	1
galactose metabolic process	GO:0006012		7	0	1.3716270067175225	-Inf	0	1	1	1
aminoglycan metabolic process	GO:0006022		53	10	10.385175908004099	-0.037794302852498116	0.854903041189485	0.6079099683915498	1	1
aminoglycan biosynthetic process	GO:0006023		36	8	7.054081748832973	0.12583512092930388	0.9730885098117966	0.40966182679862295	1	1
glycosaminoglycan biosynthetic process	GO:0006024		31	7	6.074348172606171	0.14183546227574503	0.9851315415091677	0.4063647984515683	1	1
aminoglycan catabolic process	GO:0006026		15	1	2.9392007286804054	-1.078137683396632	0.3339847283501357	0.9620999807715159	1	1
glycosaminoglycan catabolic process	GO:0006027		13	1	2.547307298189685	-0.9350368397559589	0.38312923895522005	0.9413547843308927	1	1
proteoglycan metabolic process	GO:0006029		61	14	11.952749629966982	0.1580959831475252	0.9974554916746492	0.3001439881787921	1	1
amino sugar metabolic process	GO:0006040		28	5	5.48650802687009	-0.0928540800355255	0.8172621624671887	0.6661470071892857	1	1
N-acetylglucosamine metabolic process	GO:0006044		9	3	1.7635204372082431	0.5313002290374682	1.301399677662636	0.25111567812712277	1	1
UDP-N-acetylglucosamine metabolic process	GO:0006047		9	2	1.7635204372082431	0.12583512092930388	0.9730885098117966	0.5515091337986338	1	1
UDP-N-acetylglucosamine biosynthetic process	GO:0006048		8	2	1.5675737219628827	0.24361815658568745	1.063644502877227	0.48475503253829777	1	1
N-acetylneuraminate metabolic process	GO:0006054		8	0	1.5675737219628827	-Inf	0	1	1	1
alcohol metabolic process	GO:0006066		169	14	33.1149948764659	-0.860928867602237	0.4110921000564117	0.9999823030737747	1	1
ethanol metabolic process	GO:0006067		9	0	1.7635204372082431	-Inf	0	1	1	1
ethanol catabolic process	GO:0006068		9	0	1.7635204372082431	-Inf	0	1	1	1
glycerol metabolic process	GO:0006071		5	0	0.9797335762268019	-Inf	0	1	1	1
aldehyde metabolic process	GO:0006081		37	2	7.2500284640783335	-1.2878582143787012	0.2724768363293229	0.9968865004540656	1	1
acetyl-CoA metabolic process	GO:0006084		14	0	2.743254013435045	-Inf	0	1	1	1
acetyl-CoA biosynthetic process	GO:0006085		11	0	2.155413867698964	-Inf	0	1	1	1
pyruvate decarboxylation to acetyl-CoA	GO:0006086		6	0	1.1756802914721622	-Inf	0	1	1	1
lactate metabolic process	GO:0006089		5	1	0.9797335762268019	0.020474605271477528	0.8959251696155924	0.6639809576251503	1	1
pyruvate metabolic process	GO:0006090		38	1	7.4459751793236935	-2.0076736420208077	0.13390026174376737	0.9996898871508949	1	1
generation of precursor metabolites and energy	GO:0006091		175	13	34.29067516793806	-0.9699240987563993	0.37057200559642767	0.999997624606394	1	1
gluconeogenesis	GO:0006094		20	1	3.9189343049072076	-1.365819755848413	0.2524803984506228	0.9872781319061674	1	1
glycolytic process	GO:0006096		23	1	4.506774450643289	-1.505581698223572	0.22010662597536554	0.9933926808077949	1	1
pentose-phosphate shunt	GO:0006098		11	1	2.155413867698964	-0.7679827550927926	0.4487358074677462	0.90925940843125	1	1
tricarboxylic acid cycle	GO:0006099		14	0	2.743254013435045	-Inf	0	1	1	1
2-oxoglutarate metabolic process	GO:0006103		9	0	1.7635204372082431	-Inf	0	1	1	1
oxaloacetate metabolic process	GO:0006107		6	1	1.1756802914721622	-0.16184695152247705	0.7716727237196409	0.72984153184383	1	1
malate metabolic process	GO:0006108		5	0	0.9797335762268019	-Inf	0	1	1	1
regulation of carbohydrate metabolic process	GO:0006109		85	14	16.65547079585563	-0.17368140916947988	0.7640315177738853	0.7899082503512547	1	1
regulation of glycolytic process	GO:0006110		29	7	5.68245474211545	0.2085268367744173	1.0362119597125292	0.336267558730799	1	1
regulation of gluconeogenesis	GO:0006111		18	3	3.5270408744164863	-0.16184695152247705	0.7716727237196409	0.7145810752892615	1	1
energy reserve metabolic process	GO:0006112		25	4	4.898667881134009	-0.2026689460427322	0.7455383845037314	0.750716981491383	1	1
oxidative phosphorylation	GO:0006119		37	4	7.2500284640783335	-0.5947110338187559	0.5269887183617267	0.9415857884212321	1	1
mitochondrial electron transport, NADH to ubiquinone	GO:0006120		13	0	2.547307298189685	-Inf	0	1	1	1
regulation of nucleotide metabolic process	GO:0006140		47	9	9.209495616531937	-0.023010506668261255	0.8651966558074226	0.5890602366604707	1	1
purine nucleobase metabolic process	GO:0006144		8	0	1.5675737219628827	-Inf	0	1	1	1
purine nucleoside catabolic process	GO:0006152		6	1	1.1756802914721622	-0.16184695152247705	0.7716727237196409	0.6639809576251503	1	1
purine nucleotide metabolic process	GO:0006163		183	24	35.85824888990094	-0.4015198047878972	0.6273365668147167	0.9895925642000807	1	1
purine nucleotide biosynthetic process	GO:0006164		57	5	11.16896276898554	-0.8037008376948718	0.43392318474470476	0.9923817154783592	1	1
AMP biosynthetic process	GO:0006167		7	0	1.3716270067175225	-Inf	0	1	1	1
cAMP biosynthetic process	GO:0006171		5	0	0.9797335762268019	-Inf	0	1	1	1
GMP biosynthetic process	GO:0006177		7	0	1.3716270067175225	-Inf	0	1	1	1
cGMP biosynthetic process	GO:0006182		7	1	1.3716270067175225	-0.3159976313497353	0.6763118873418741	0.7827962839733025	1	1
IMP biosynthetic process	GO:0006188		5	0	0.9797335762268019	-Inf	0	1	1	1
purine nucleotide catabolic process	GO:0006195		42	4	8.229762040305134	-0.7214627394578996	0.46869159825755335	0.9675904142391654	1	1
pyrimidine nucleobase metabolic process	GO:0006206		5	0	0.9797335762268019	-Inf	0	1	1	1
pyrimidine nucleoside metabolic process	GO:0006213		15	2	2.9392007286804054	-0.38499050283668673	0.6365829165604019	0.8234197544946463	1	1
pyrimidine nucleotide metabolic process	GO:0006220		30	3	5.878401457360811	-0.6726725752884678	0.4904435399678537	0.9509461043501022	1	1
pyrimidine nucleotide biosynthetic process	GO:0006221		11	2	2.155413867698964	-0.0748355745328473	0.8294586149673298	0.6658400887503648	1	1
pyrimidine nucleotide catabolic process	GO:0006244		14	1	2.743254013435045	-1.0091448119096806	0.35690501805843033	0.952854632353058	1	1
DNA replication	GO:0006260		117	7	22.925765683707162	-1.1863512680368649	0.3007776694780723	0.9999922762866159	1	1
DNA-templated DNA replication	GO:0006261		94	5	18.418991233063874	-1.3039443521303256	0.26823091967323226	0.9999813423319506	1	1
mitochondrial DNA replication	GO:0006264		10	1	1.9594671524536038	-0.6726725752884678	0.4904435399678537	0.8871303793693512	1	1
DNA topological change	GO:0006265		5	0	0.9797335762268019	-Inf	0	1	1	1
DNA replication, synthesis of primer	GO:0006269		5	0	0.9797335762268019	-Inf	0	1	1	1
DNA replication initiation	GO:0006270		17	1	3.331094159171126	-1.203300826350638	0.2958661985436187	0.9755081197271886	1	1
regulation of DNA replication	GO:0006275		87	6	17.04736422634635	-1.0442361317209505	0.34507148747084765	0.9997270867781162	1	1
RNA-templated DNA biosynthetic process	GO:0006278		20	2	3.9189343049072076	-0.6726725752884678	0.4904435399678537	0.9107998111621118	1	1
regulation of DNA repair	GO:0006282		144	8	28.21632699533189	-1.2604592401905867	0.2798564179962136	0.9999995818989769	1	1
transcription-coupled nucleotide-excision repair	GO:0006283		10	2	1.9594671524536038	0.020474605271477528	0.8959251696155924	0.6118932315048861	1	1
base-excision repair	GO:0006284		40	3	7.837868609814415	-0.9603546477402487	0.373978518518295	0.9907714904378685	1	1
base-excision repair, AP site formation	GO:0006285		12	1	2.3513605829443245	-0.8549941320824224	0.4134089075367419	0.9270508704750915	1	1
base-excision repair, gap-filling	GO:0006287		13	1	2.547307298189685	-0.9350368397559589	0.38312923895522005	0.9413547843308927	1	1
nucleotide-excision repair	GO:0006289		46	5	9.013548901286578	-0.5892909663494168	0.5296124650317189	0.9619786259943168	1	1
nucleotide-excision repair, DNA gap filling	GO:0006297		6	1	1.1756802914721622	-0.16184695152247705	0.7716727237196409	0.72984153184383	1	1
mismatch repair	GO:0006298		20	0	3.9189343049072076	-Inf	0	1	1	1
DNA damage tolerance	GO:0006301		28	2	5.48650802687009	-1.0091448119096806	0.35690501805843033	0.9826290111417046	1	1
double-strand break repair	GO:0006302		147	11	28.80416714106797	-0.9626247962747878	0.3731678188929274	0.9999851325670392	1	1
double-strand break repair via nonhomologous end joining	GO:0006303		42	4	8.229762040305134	-0.7214627394578996	0.46869159825755335	0.9721390688692773	1	1
DNA modification	GO:0006304		23	3	4.506774450643289	-0.4069694095554622	0.6243111154330052	0.8567486189236605	1	1
DNA alkylation repair	GO:0006307		8	2	1.5675737219628827	0.24361815658568745	1.063644502877227	0.48475503253829777	1	1
DNA catabolic process	GO:0006308		11	0	2.155413867698964	-Inf	0	1	1	1
DNA recombination	GO:0006310		114	7	22.33792553797108	-1.1603757816336042	0.3084538359048868	0.9999821470830964	1	1
mitotic recombination	GO:0006312		14	0	2.743254013435045	-Inf	0	1	1	1
nucleosome assembly	GO:0006334		39	3	7.6419218945690535	-0.9350368397559587	0.3831292389552201	0.9890329097229658	1	1
nucleosome disassembly	GO:0006337		18	1	3.5270408744164863	-1.2604592401905867	0.2798564179962136	0.9803118721859622	1	1
DNA methylation-dependent constitutive heterochromatin formation	GO:0006346		9	0	1.7635204372082431	-Inf	0	1	1	1
DNA-templated transcription initiation	GO:0006352		115	14	22.53387225321644	-0.4759622810424134	0.5869923704925185	0.9842986367129363	1	1
DNA-templated transcription termination	GO:0006353		10	0	1.9594671524536038	-Inf	0	1	1	1
DNA-templated transcription elongation	GO:0006354		25	3	4.898667881134009	-0.49035101849451307	0.579438399183867	0.8933905173407	1	1
regulation of transcription by RNA polymerase I	GO:0006356		33	8	6.466241603096892	0.21284649791893365	1.0395685658180285	0.28123487433947475	1	1
regulation of transcription by RNA polymerase III	GO:0006359		26	3	5.09461459637937	-0.5295717316477945	0.5592464895478996	0.8933905173407	1	1
transcription by RNA polymerase I	GO:0006360		12	2	2.3513605829443245	-0.16184695152247705	0.7716727237196409	0.7135533259489933	1	1
transcription initiation at RNA polymerase I promoter	GO:0006361		7	1	1.3716270067175225	-0.3159976313497353	0.6763118873418741	0.7827962839733025	1	1
rRNA processing	GO:0006364		78	15	15.283843789138107	-0.01874610788180365	0.868180401077128	0.5335855181997599	1	1
transcription initiation at RNA polymerase II promoter	GO:0006367		101	13	19.790618239781395	-0.4202586416741447	0.6169811458448631	0.9654320829918805	1	1
transcription elongation by RNA polymerase II	GO:0006368		25	3	4.898667881134009	-0.49035101849451307	0.579438399183867	0.8933905173407	1	1
7-methylguanosine mRNA capping	GO:0006370		6	0	1.1756802914721622	-Inf	0	1	1	1
mRNA splice site recognition	GO:0006376		18	4	3.5270408744164863	0.12583512092930388	0.9730885098117966	0.4814757423991832	1	1
transcription by RNA polymerase III	GO:0006383		28	3	5.48650802687009	-0.6036797038015163	0.5226710513800359	0.9326947962290502	1	1
tRNA splicing, via endonucleolytic cleavage and ligation	GO:0006388		7	0	1.3716270067175225	-Inf	0	1	1	1
mitochondrial transcription	GO:0006390		8	2	1.5675737219628827	0.24361815658568745	1.063644502877227	0.48475503253829777	1	1
tRNA metabolic process	GO:0006399		132	11	25.864966412387567	-0.8549941320824224	0.4134089075367419	0.9998439294608714	1	1
tRNA modification	GO:0006400		61	6	11.952749629966982	-0.6892018772396783	0.48297900423129464	0.9833682933066337	1	1
RNA catabolic process	GO:0006401		146	23	28.608220425822612	-0.21819988807360877	0.7357611913687725	0.854919670663798	1	1
mRNA catabolic process	GO:0006402		80	14	15.67573721962883	-0.1130567873530451	0.8037293568684701	0.6472299000436417	1	1
RNA localization	GO:0006403		77	15	15.087897073892746	-0.005842703045895742	0.8772482125879512	0.5558595571340554	1	1
RNA export from nucleus	GO:0006405		50	9	9.797335762268018	-0.0848859103863487	0.8226410082868091	0.6675231653726018	1	1
mRNA export from nucleus	GO:0006406		43	8	8.425708755550495	-0.05184605630814854	0.845192037876008	0.6256856313938512	1	1
translational initiation	GO:0006413		40	8	7.837868609814415	0.020474605271477528	0.8959251696155924	0.5374388444636474	1	1
translational elongation	GO:0006414		46	4	9.013548901286578	-0.8124345176636266	0.4303676116636751	0.9871871955242539	1	1
translational termination	GO:0006415		9	2	1.7635204372082431	0.12583512092930388	0.9730885098117966	0.5515091337986338	1	1
tRNA aminoacylation for protein translation	GO:0006418		33	3	6.466241603096892	-0.7679827550927926	0.4487358074677462	0.9644894529866068	1	1
regulation of translational initiation	GO:0006446		58	11	11.3649094842309	-0.0326352200424707	0.8584862819460389	0.6005836493545716	1	1
regulation of translational elongation	GO:0006448		5	0	0.9797335762268019	-Inf	0	1	1	1
regulation of translational termination	GO:0006449		6	1	1.1756802914721622	-0.16184695152247705	0.7716727237196409	0.72984153184383	1	1
protein folding	GO:0006457		107	15	20.96629853125356	-0.3348661156541182	0.665264639851092	0.9429480186737943	1	1
'de novo' protein folding	GO:0006458		13	1	2.547307298189685	-0.9350368397559589	0.38312923895522005	0.9413547843308927	1	1
negative regulation of protein kinase activity	GO:0006469		68	8	13.324376636684503	-0.5101536457906928	0.5691707139650165	0.9654677392671185	1	1
protein dephosphorylation	GO:0006470		78	13	15.283843789138107	-0.1618469515224769	0.7716727237196409	0.7145708697748707	1	1
protein acetylation	GO:0006473		30	4	5.878401457360811	-0.38499050283668673	0.6365829165604019	0.8663767449433968	1	1
N-terminal protein amino acid acetylation	GO:0006474		12	2	2.3513605829443245	-0.16184695152247705	0.7716727237196409	0.7135533259489933	1	1
internal protein amino acid acetylation	GO:0006475		9	1	1.7635204372082431	-0.5673120596306415	0.5403638836722494	0.8596066645829048	1	1
protein deacetylation	GO:0006476		13	1	2.547307298189685	-0.9350368397559589	0.38312923895522005	0.9413547843308927	1	1
protein methylation	GO:0006479		40	4	7.837868609814415	-0.6726725752884678	0.4904435399678537	0.9494584541116876	1	1
protein N-linked glycosylation	GO:0006487		54	6	10.58112262324946	-0.5673120596306415	0.5403638836722494	0.9672318656808536	1	1
dolichol-linked oligosaccharide biosynthetic process	GO:0006488		20	2	3.9189343049072076	-0.6726725752884678	0.4904435399678537	0.9251885608618968	1	1
dolichyl diphosphate biosynthetic process	GO:0006489		5	1	0.9797335762268019	0.020474605271477528	0.8959251696155924	0.6639809576251503	1	1
N-glycan processing	GO:0006491		12	0	2.3513605829443245	-Inf	0	1	1	1
protein O-linked glycosylation	GO:0006493		80	13	15.67573721962883	-0.18716475950676703	0.7553900271175776	0.767707774758843	1	1
protein lipidation	GO:0006497		30	4	5.878401457360811	-0.38499050283668673	0.6365829165604019	0.8663767449433968	1	1
GPI anchor metabolic process	GO:0006505		24	2	4.702721165888649	-0.8549941320824224	0.4134089075367419	0.9635759430109465	1	1
GPI anchor biosynthetic process	GO:0006506		24	2	4.702721165888649	-0.8549941320824224	0.4134089075367419	0.9635759430109465	1	1
membrane protein ectodomain proteolysis	GO:0006509		21	4	4.114881020152567	-0.028315558897954368	0.8614938546476196	0.5707787743598538	1	1
protein monoubiquitination	GO:0006513		38	8	7.4459751793236935	0.07176789965902816	0.9330203001238664	0.4744666323412174	1	1
protein quality control for misfolded or incompletely synthesized proteins	GO:0006515		22	3	4.310827735397928	-0.36251764698462824	0.6493225649570408	0.8345790763109171	1	1
glycoprotein catabolic process	GO:0006516		20	1	3.9189343049072076	-1.365819755848413	0.2524803984506228	0.9872781319061674	1	1
protein deglycosylation	GO:0006517		18	0	3.5270408744164863	-Inf	0	1	1	1
peptide metabolic process	GO:0006518		24	3	4.702721165888649	-0.44952902397425804	0.6010751724526116	0.8762696930387821	1	1
amino acid metabolic process	GO:0006520		192	16	37.62176932710919	-0.8549941320824224	0.4134089075367419	0.9999898368795377	1	1
regulation of amino acid metabolic process	GO:0006521		5	0	0.9797335762268019	-Inf	0	1	1	1
arginine metabolic process	GO:0006525		7	1	1.3716270067175225	-0.3159976313497353	0.6763118873418741	0.7827962839733025	1	1
L-arginine catabolic process	GO:0006527		5	0	0.9797335762268019	-Inf	0	1	1	1
cysteine metabolic process	GO:0006534		5	0	0.9797335762268019	-Inf	0	1	1	1
glutamate metabolic process	GO:0006536		16	2	3.1351474439257654	-0.44952902397425787	0.6010751724526117	0.8506090120081047	1	1
L-glutamate catabolic process	GO:0006538		6	0	1.1756802914721622	-Inf	0	1	1	1
glutamine metabolic process	GO:0006541		6	1	1.1756802914721622	-0.16184695152247705	0.7716727237196409	0.72984153184383	1	1
glycine metabolic process	GO:0006544		10	0	1.9594671524536038	-Inf	0	1	1	1
L-histidine metabolic process	GO:0006547		7	0	1.3716270067175225	-Inf	0	1	1	1
L-histidine catabolic process	GO:0006548		7	0	1.3716270067175225	-Inf	0	1	1	1
lysine metabolic process	GO:0006553		5	1	0.9797335762268019	0.020474605271477528	0.8959251696155924	0.6639809576251503	1	1
methionine metabolic process	GO:0006555		12	1	2.3513605829443245	-0.8549941320824224	0.4134089075367419	0.9270508704750915	1	1
L-proline metabolic process	GO:0006560		8	0	1.5675737219628827	-Inf	0	1	1	1
L-serine metabolic process	GO:0006563		10	0	1.9594671524536038	-Inf	0	1	1	1
L-tryptophan metabolic process	GO:0006568		8	4	1.5675737219628827	0.9367653371456328	1.6662678944047509	0.05259704942791124	1	1
L-tryptophan catabolic process	GO:0006569		7	4	1.3716270067175225	1.0702967297701553	1.79162260898323	0.0310439436114551	1	1
tyrosine metabolic process	GO:0006570		11	1	2.155413867698964	-0.7679827550927926	0.4487358074677462	0.90925940843125	1	1
L-tyrosine catabolic process	GO:0006572		5	1	0.9797335762268019	0.020474605271477528	0.8959251696155924	0.6639809576251503	1	1
modified amino acid metabolic process	GO:0006575		104	8	20.37845838551748	-0.9350368397559589	0.38312923895522005	0.9997218808029236	1	1
biogenic amine metabolic process	GO:0006576		52	7	10.18922919275874	-0.37542105182053614	0.6419839963803805	0.8959746502833424	1	1
amino-acid betaine metabolic process	GO:0006577		10	0	1.9594671524536038	-Inf	0	1	1	1
amino-acid betaine biosynthetic process	GO:0006578		5	0	0.9797335762268019	-Inf	0	1	1	1
melanin metabolic process	GO:0006582		6	0	1.1756802914721622	-Inf	0	1	1	1
catecholamine metabolic process	GO:0006584		19	2	3.7229875896618467	-0.6213792809009171	0.5142372660455732	0.8938443279280387	1	1
thyroid hormone generation	GO:0006590		8	0	1.5675737219628827	-Inf	0	1	1	1
polyamine metabolic process	GO:0006595		14	1	2.743254013435045	-1.0091448119096806	0.35690501805843033	0.952854632353058	1	1
polyamine biosynthetic process	GO:0006596		6	0	1.1756802914721622	-Inf	0	1	1	1
protein targeting	GO:0006605		119	23	23.317659114197884	-0.013716759476801836	0.8717077092054559	0.5303251934812574	1	1
protein import into nucleus	GO:0006606		43	9	8.425708755550495	0.0659369793482349	0.9287578555133179	0.4426409569421745	1	1
NLS-bearing protein import into nucleus	GO:0006607		10	3	1.9594671524536038	0.4259397133796419	1.2118523860835395	0.30997274297362254	1	1
protein export from nucleus	GO:0006611		18	1	3.5270408744164863	-1.2604592401905867	0.2798564179962136	0.9755081197271886	1	1
protein targeting to membrane	GO:0006612		27	8	5.29056131162473	0.41351719338108484	1.2014712327333137	0.11974362694280086	1	1
cotranslational protein targeting to membrane	GO:0006613		11	2	2.155413867698964	-0.0748355745328473	0.8294586149673298	0.6658400887503648	1	1
post-translational protein targeting to endoplasmic reticulum membrane	GO:0006620		9	2	1.7635204372082431	0.12583512092930388	0.9730885098117966	0.48475503253829777	1	1
protein targeting to lysosome	GO:0006622		18	4	3.5270408744164863	0.12583512092930388	0.9730885098117966	0.4814757423991832	1	1
protein targeting to vacuole	GO:0006623		21	5	4.114881020152567	0.19482799241625548	1.0256053873788344	0.39541452308771846	1	1
protein targeting to peroxisome	GO:0006625		7	0	1.3716270067175225	-Inf	0	1	1	1
fatty acid metabolic process	GO:0006631		189	13	37.03392918137311	-1.0468851398925278	0.3441930593266266	0.9999995565621973	1	1
fatty acid biosynthetic process	GO:0006633		68	7	13.324376636684503	-0.6436850384152154	0.5037724242243106	0.9872093935962898	1	1
fatty acid beta-oxidation	GO:0006635		40	0	7.837868609814415	-Inf	0	1	1	1
unsaturated fatty acid biosynthetic process	GO:0006636		24	3	4.702721165888649	-0.44952902397425804	0.6010751724526116	0.8762696930387821	1	1
acyl-CoA metabolic process	GO:0006637		60	7	11.756802914721622	-0.5185218954612094	0.564876397647469	0.9591177235395802	1	1
neutral lipid metabolic process	GO:0006638		46	5	9.013548901286578	-0.5892909663494168	0.5296124650317189	0.9563597382730049	1	1
acylglycerol metabolic process	GO:0006639		46	5	9.013548901286578	-0.5892909663494168	0.5296124650317189	0.9563597382730049	1	1
monoacylglycerol biosynthetic process	GO:0006640		7	1	1.3716270067175225	-0.3159976313497353	0.6763118873418741	0.72984153184383	1	1
triglyceride metabolic process	GO:0006641		27	3	5.29056131162473	-0.5673120596306415	0.5403638836722494	0.9213816428600476	1	1
phosphatidylethanolamine biosynthetic process	GO:0006646		7	2	1.3716270067175225	0.37714954921021	1.171306923303042	0.412113019066995	1	1
phosphatidic acid biosynthetic process	GO:0006654		26	5	5.09461459637937	-0.01874610788180376	0.868180401077128	0.5968717848764868	1	1
phosphatidylglycerol biosynthetic process	GO:0006655		6	0	1.1756802914721622	-Inf	0	1	1	1
phosphatidylcholine biosynthetic process	GO:0006656		18	2	3.5270408744164863	-0.5673120596306415	0.5403638836722494	0.8938443279280387	1	1
phosphatidylserine metabolic process	GO:0006658		15	0	2.9392007286804054	-Inf	0	1	1	1
phosphatidylinositol biosynthetic process	GO:0006661		86	7	16.85141751110099	-0.8785246294926164	0.40429129431140076	0.9990366485138858	1	1
glycolipid metabolic process	GO:0006664		80	11	15.67573721962883	-0.35421884416993327	0.6540762076878929	0.9265368283374202	1	1
sphingolipid metabolic process	GO:0006665		122	14	23.905499259933965	-0.5350511974124201	0.5564717630244755	0.9926625525061601	1	1
sphingosine metabolic process	GO:0006670		19	2	3.7229875896618467	-0.6213792809009171	0.5142372660455732	0.9107998111621118	1	1
ceramide metabolic process	GO:0006672		66	7	12.932483206193783	-0.6138320752655343	0.5178193743914559	0.9809414274878018	1	1
glycosylceramide metabolic process	GO:0006677		10	1	1.9594671524536038	-0.6726725752884678	0.4904435399678537	0.8871303793693512	1	1
galactosylceramide metabolic process	GO:0006681		5	0	0.9797335762268019	-Inf	0	1	1	1
sphingomyelin metabolic process	GO:0006684		11	1	2.155413867698964	-0.7679827550927926	0.4487358074677462	0.90925940843125	1	1
sphingomyelin catabolic process	GO:0006685		5	1	0.9797335762268019	0.020474605271477528	0.8959251696155924	0.6639809576251503	1	1
sphingomyelin biosynthetic process	GO:0006686		5	0	0.9797335762268019	-Inf	0	1	1	1
glycosphingolipid metabolic process	GO:0006687		50	7	9.797335762268018	-0.33620033866725474	0.6644886562920782	0.8708823272347813	1	1
glycosphingolipid biosynthetic process	GO:0006688		32	6	6.270294887851531	-0.04406391586609347	0.8505613782850316	0.618343204252579	1	1
ganglioside catabolic process	GO:0006689		6	1	1.1756802914721622	-0.16184695152247705	0.7716727237196409	0.72984153184383	1	1
icosanoid metabolic process	GO:0006690		75	6	14.696003643402026	-0.8958161266026774	0.3977067728358369	0.9981671511926582	1	1
leukotriene metabolic process	GO:0006691		20	1	3.9189343049072076	-1.365819755848413	0.2524803984506228	0.9872781319061674	1	1
prostanoid metabolic process	GO:0006692		29	3	5.68245474211545	-0.6387710236127861	0.5060622315132961	0.9424891684094316	1	1
prostaglandin metabolic process	GO:0006693		26	3	5.09461459637937	-0.5295717316477945	0.5592464895478996	0.9083516062867003	1	1
steroid biosynthetic process	GO:0006694		60	7	11.756802914721622	-0.5185218954612094	0.564876397647469	0.9591177235395802	1	1
cholesterol biosynthetic process	GO:0006695		24	4	4.702721165888649	-0.16184695152247705	0.7716727237196409	0.686782125559293	1	1
bile acid biosynthetic process	GO:0006699		25	1	4.898667881134009	-1.5889633071626228	0.20274527604477344	0.9957311455956721	1	1
C21-steroid hormone biosynthetic process	GO:0006700		9	1	1.7635204372082431	-0.5673120596306415	0.5403638836722494	0.8596066645829048	1	1
androgen biosynthetic process	GO:0006702		8	0	1.5675737219628827	-Inf	0	1	1	1
estrogen biosynthetic process	GO:0006703		8	0	1.5675737219628827	-Inf	0	1	1	1
glucocorticoid biosynthetic process	GO:0006704		6	0	1.1756802914721622	-Inf	0	1	1	1
steroid catabolic process	GO:0006706		16	2	3.1351474439257654	-0.44952902397425787	0.6010751724526117	0.8506090120081047	1	1
cholesterol catabolic process	GO:0006707		5	1	0.9797335762268019	0.020474605271477528	0.8959251696155924	0.6639809576251503	1	1
isoprenoid metabolic process	GO:0006720		78	4	15.283843789138107	-1.340501947864123	0.2588151093864642	0.999910754592687	1	1
terpenoid metabolic process	GO:0006721		61	2	11.952749629966982	-1.787814165907788	0.16655440053453227	0.9999523409532973	1	1
one-carbon metabolic process	GO:0006730		8	0	1.5675737219628827	-Inf	0	1	1	1
NADP+ metabolic process	GO:0006739		21	2	4.114881020152567	-0.7214627394578996	0.46869159825755335	0.9373651375154552	1	1
NADPH regeneration	GO:0006740		13	1	2.547307298189685	-0.9350368397559589	0.38312923895522005	0.9413547843308927	1	1
ubiquinone metabolic process	GO:0006743		18	3	3.5270408744164863	-0.16184695152247705	0.7716727237196409	0.7145810752892615	1	1
ubiquinone biosynthetic process	GO:0006744		16	1	3.1351474439257654	-1.1426762045342032	0.3137893727853598	0.9695327120224101	1	1
glutathione metabolic process	GO:0006749		25	4	4.898667881134009	-0.2026689460427322	0.7455383845037314	0.7201011001178095	1	1
glutathione biosynthetic process	GO:0006750		6	2	1.1756802914721622	0.5313002290374682	1.301399677662636	0.33467808653175235	1	1
ATP biosynthetic process	GO:0006754		19	2	3.7229875896618467	-0.6213792809009171	0.5142372660455732	0.9107998111621118	1	1
folic acid-containing compound metabolic process	GO:0006760		20	2	3.9189343049072076	-0.6726725752884678	0.4904435399678537	0.9251885608618968	1	1
vitamin metabolic process	GO:0006766		79	8	15.479790504383466	-0.6600937930816075	0.49619003320140787	0.9913845911175783	1	1
riboflavin metabolic process	GO:0006771		5	1	0.9797335762268019	0.020474605271477528	0.8959251696155924	0.6639809576251503	1	1
porphyrin-containing compound metabolic process	GO:0006778		29	4	5.68245474211545	-0.3510889511610053	0.6558759273989256	0.84781023733241	1	1
porphyrin-containing compound biosynthetic process	GO:0006779		18	3	3.5270408744164863	-0.16184695152247705	0.7716727237196409	0.7145810752892615	1	1
protoporphyrinogen IX biosynthetic process	GO:0006782		6	0	1.1756802914721622	-Inf	0	1	1	1
heme biosynthetic process	GO:0006783		18	3	3.5270408744164863	-0.16184695152247705	0.7716727237196409	0.7145810752892615	1	1
heme B biosynthetic process	GO:0006785		9	1	1.7635204372082431	-0.5673120596306415	0.5403638836722494	0.8596066645829048	1	1
porphyrin-containing compound catabolic process	GO:0006787		11	1	2.155413867698964	-0.7679827550927926	0.4487358074677462	0.90925940843125	1	1
sulfur compound metabolic process	GO:0006790		193	21	37.81771604235455	-0.5882552334758845	0.5301150822889061	0.9995284552241572	1	1
superoxide metabolic process	GO:0006801		27	5	5.29056131162473	-0.0564864358646508	0.8420008088560077	0.5968717848764868	1	1
xenobiotic metabolic process	GO:0006805		107	4	20.96629853125356	-1.6566219556364377	0.18964357298381376	0.9999992937038454	1	1
nitric oxide biosynthetic process	GO:0006809		10	2	1.9594671524536038	0.020474605271477528	0.8959251696155924	0.6118932315048861	1	1
potassium ion transport	GO:0006813		98	10	19.202778094045314	-0.6524698679709483	0.49970083591003356	0.9934101283740111	1	1
sodium ion transport	GO:0006814		59	8	11.56085619947626	-0.36818338452030547	0.6460923942514138	0.9046401005070966	1	1
calcium ion transport	GO:0006816		131	17	25.669019697142208	-0.4120714614393575	0.6214889504391865	0.9788937049788953	1	1
phosphate ion transport	GO:0006817		14	1	2.743254013435045	-1.0091448119096806	0.35690501805843033	0.952854632353058	1	1
monoatomic anion transport	GO:0006820		68	4	13.324376636684503	-1.203300826350638	0.2958661985436187	0.999470363506226	1	1
chloride transport	GO:0006821		55	2	10.777069338494819	-1.6842734869669476	0.18453017292275412	0.9998400061828344	1	1
copper ion transport	GO:0006825		7	3	1.3716270067175225	0.7826146573183743	1.5243441625433054	0.14109075519364597	1	1
iron ion transport	GO:0006826		25	6	4.898667881134009	0.20279616206543222	1.0317678056282988	0.3634653722073468	1	1
manganese ion transport	GO:0006828		7	4	1.3716270067175225	1.0702967297701553	1.79162260898323	0.0310439436114551	1	1
zinc ion transport	GO:0006829		24	2	4.702721165888649	-0.8549941320824224	0.4134089075367419	0.9635759430109465	1	1
water transport	GO:0006833		15	1	2.9392007286804054	-1.078137683396632	0.3339847283501357	0.9620999807715159	1	1
dicarboxylic acid transport	GO:0006835		33	4	6.466241603096892	-0.48030068264101167	0.5847064523720692	0.8977235130178045	1	1
neurotransmitter transport	GO:0006836		43	3	8.425708755550495	-1.0326753093198748	0.3489294428183648	0.9945344111881242	1	1
serotonin transport	GO:0006837		10	0	1.9594671524536038	-Inf	0	1	1	1
mitochondrial transport	GO:0006839		113	14	22.14197882272572	-0.45841797139150386	0.5963096659382938	0.9825605005177385	1	1
pyruvate transport	GO:0006848		6	1	1.1756802914721622	-0.16184695152247705	0.7716727237196409	0.72984153184383	1	1
mitochondrial calcium ion transmembrane transport	GO:0006851		13	1	2.547307298189685	-0.9350368397559589	0.38312923895522005	0.9413547843308927	1	1
xenobiotic transmembrane transport	GO:0006855		15	0	2.9392007286804054	-Inf	0	1	1	1
oligopeptide transport	GO:0006857		8	0	1.5675737219628827	-Inf	0	1	1	1
extracellular transport	GO:0006858		13	2	2.547307298189685	-0.2418896591960136	0.7210246532773757	0.7135533259489933	1	1
nucleotide transport	GO:0006862		33	4	6.466241603096892	-0.48030068264101167	0.5847064523720692	0.9108185322691283	1	1
purine nucleobase transport	GO:0006863		7	1	1.3716270067175225	-0.3159976313497353	0.6763118873418741	0.7827962839733025	1	1
amino acid transport	GO:0006865		69	9	13.520323351929866	-0.4069694095554622	0.6243111154330052	0.9290068328296093	1	1
glutamine transport	GO:0006868		6	0	1.1756802914721622	-Inf	0	1	1	1
lipid transport	GO:0006869		160	16	31.35147443925766	-0.6726725752884678	0.4904435399678537	0.9996403468237264	1	1
intracellular calcium ion homeostasis	GO:0006874		101	15	19.790618239781395	-0.2771577980334714	0.6994830049600125	0.8876522366200292	1	1
intracellular copper ion homeostasis	GO:0006878		10	2	1.9594671524536038	0.020474605271477528	0.8959251696155924	0.6118932315048861	1	1
intracellular iron ion homeostasis	GO:0006879		46	7	9.013548901286578	-0.2528187297282039	0.714298303557231	0.8240814772316816	1	1
intracellular zinc ion homeostasis	GO:0006882		14	2	2.743254013435045	-0.3159976313497353	0.6763118873418741	0.791856760042744	1	1
intracellular sodium ion homeostasis	GO:0006883		13	2	2.547307298189685	-0.2418896591960136	0.7210246532773757	0.7554039042054765	1	1
cell volume homeostasis	GO:0006884		22	2	4.310827735397928	-0.7679827550927926	0.4487358074677462	0.9476437436359091	1	1
regulation of pH	GO:0006885		47	6	9.209495616531937	-0.4284756147764257	0.6124827859828518	0.9102848589582477	1	1
intracellular protein transport	GO:0006886		180	29	35.27040874416486	-0.19574850319815829	0.7499245065141937	0.8889384075797873	1	1
exocytosis	GO:0006887		75	9	14.696003643402026	-0.49035101849451307	0.579438399183867	0.9672379408553707	1	1
endoplasmic reticulum to Golgi vesicle-mediated transport	GO:0006888		60	5	11.756802914721622	-0.8549941320824224	0.4134089075367419	0.9952055088614309	1	1
retrograde vesicle-mediated transport, Golgi to endoplasmic reticulum	GO:0006890		27	3	5.29056131162473	-0.5673120596306415	0.5403638836722494	0.9213816428600476	1	1
intra-Golgi vesicle-mediated transport	GO:0006891		17	0	3.331094159171126	-Inf	0	1	1	1
post-Golgi vesicle-mediated transport	GO:0006892		61	6	11.952749629966982	-0.6892018772396783	0.48297900423129464	0.9855339652422545	1	1
Golgi to plasma membrane transport	GO:0006893		32	4	6.270294887851531	-0.44952902397425787	0.6010751724526117	0.8977235130178045	1	1
Golgi to endosome transport	GO:0006895		10	0	1.9594671524536038	-Inf	0	1	1	1
Golgi to vacuole transport	GO:0006896		10	0	1.9594671524536038	-Inf	0	1	1	1
receptor-mediated endocytosis	GO:0006898		102	15	19.986564955026754	-0.28701009447648285	0.6935504540420108	0.9191798238191228	1	1
vesicle budding from membrane	GO:0006900		36	2	7.054081748832973	-1.2604592401905867	0.2798564179962136	0.9944406612607304	1	1
vesicle coating	GO:0006901		13	1	2.547307298189685	-0.9350368397559589	0.38312923895522005	0.9413547843308927	1	1
vesicle targeting	GO:0006903		31	2	6.074348172606171	-1.110927506219623	0.3235772567212814	0.9901362350685545	1	1
vesicle docking involved in exocytosis	GO:0006904		8	1	1.5675737219628827	-0.44952902397425787	0.6010751724526117	0.8253736056068746	1	1
vesicle fusion	GO:0006906		39	4	7.6419218945690535	-0.6473547673041777	0.5020681643096098	0.9494584541116876	1	1
pinocytosis	GO:0006907		6	1	1.1756802914721622	-0.16184695152247705	0.7716727237196409	0.72984153184383	1	1
phagocytosis	GO:0006909		79	18	15.479790504383466	0.15083642313472134	0.9919428900602102	0.2576543299493063	1	1
phagocytosis, recognition	GO:0006910		7	0	1.3716270067175225	-Inf	0	1	1	1
phagocytosis, engulfment	GO:0006911		14	3	2.743254013435045	0.08946747675842903	0.9460294016458648	0.5366867691818712	1	1
nucleocytoplasmic transport	GO:0006913		122	20	23.905499259933965	-0.17837625347368768	0.7610147983529746	0.8220833498979061	1	1
autophagy	GO:0006914		183	27	35.85824888990094	-0.28373676913151374	0.695517350792661	0.951411839204892	1	1
cellular component disassembly involved in execution phase of apoptosis	GO:0006921		12	1	2.3513605829443245	-0.8549941320824224	0.4134089075367419	0.9270508704750915	1	1
substrate-dependent cell migration	GO:0006929		9	1	1.7635204372082431	-0.5673120596306415	0.5403638836722494	0.8596066645829048	1	1
chemotaxis	GO:0006935		181	51	35.466355459410224	0.36324111916407803	1.159862409488535	0.0022225838599419976	0.939130719129487	0.939130719129487
muscle contraction	GO:0006936		130	9	25.47307298189685	-1.040397355413785	0.3463481298957735	0.9999853727267307	1	1
regulation of muscle contraction	GO:0006937		85	7	16.65547079585563	-0.8668285897294252	0.4088004938582565	0.9984877392701267	1	1
smooth muscle contraction	GO:0006939		17	2	3.331094159171126	-0.5101536457906928	0.5691707139650165	0.8739261887459524	1	1
regulation of smooth muscle contraction	GO:0006940		13	2	2.547307298189685	-0.2418896591960136	0.7210246532773757	0.7554039042054765	1	1
striated muscle contraction	GO:0006941		64	4	12.540589775703062	-1.1426762045342032	0.3137893727853598	0.9992491855771384	1	1
regulation of striated muscle contraction	GO:0006942		63	4	12.344643060457702	-1.1269278475660642	0.3186093241738447	0.9989385341418584	1	1
syncytium formation	GO:0006949		15	0	2.9392007286804054	-Inf	0	1	1	1
acute-phase response	GO:0006953		11	3	2.155413867698964	0.3306295335753171	1.13323234459792	0.3691323739002324	1	1
inflammatory response	GO:0006954		194	54	38.01366275759991	0.35103840520652413	1.1498640496154866	0.0023188412818012025	0.939130719129487	0.939130719129487
complement activation	GO:0006956		28	1	5.48650802687009	-1.7022919924696258	0.18127092723025134	0.9972421336110575	1	1
complement activation, classical pathway	GO:0006958		5	0	0.9797335762268019	-Inf	0	1	1	1
humoral immune response	GO:0006959		168	24	32.91904816122054	-0.3159976313497353	0.6763118873418741	0.9416058928076465	1	1
cellular defense response	GO:0006968		46	6	9.013548901286578	-0.4069694095554622	0.6243111154330052	0.8866081885416595	1	1
response to osmotic stress	GO:0006970		33	8	6.466241603096892	0.21284649791893365	1.0395685658180285	0.28123487433947475	1	1
hypotonic response	GO:0006971		8	0	1.5675737219628827	-Inf	0	1	1	1
hyperosmotic response	GO:0006972		10	3	1.9594671524536038	0.4259397133796419	1.2118523860835395	0.30997274297362254	1	1
response to oxidative stress	GO:0006979		187	37	36.642035750882386	0.009721813495215777	0.8882646278438483	0.48863246008193273	1	1
ER overload response	GO:0006983		7	1	1.3716270067175225	-0.3159976313497353	0.6763118873418741	0.7827962839733025	1	1
ER-nucleus signaling pathway	GO:0006984		26	7	5.09461459637937	0.3177261287394092	1.1227763120262653	0.2355144041224482	1	1
response to unfolded protein	GO:0006986		66	13	12.932483206193783	0.005207133140689247	0.8850603751655324	0.4922932203014751	1	1
response to sterol depletion	GO:0006991		10	3	1.9594671524536038	0.4259397133796419	1.2118523860835395	0.30997274297362254	1	1
nucleus organization	GO:0006997		88	14	17.243310941591712	-0.20836696715737	0.7419406644966718	0.8182083683522361	1	1
nuclear envelope organization	GO:0006998		44	9	8.621655470795856	0.042947461123536215	0.9120656942431413	0.4426409569421745	1	1
nuclear pore organization	GO:0006999		13	3	2.547307298189685	0.16357544891215084	1.0016275609675553	0.48337514553833716	1	1
nucleolus organization	GO:0007000		7	0	1.3716270067175225	-Inf	0	1	1	1
telomere maintenance via telomerase	GO:0007004		20	2	3.9189343049072076	-0.6726725752884678	0.4904435399678537	0.9107998111621118	1	1
mitochondrial membrane organization	GO:0007006		72	10	14.108163497665945	-0.3441685083164316	0.6598686363927702	0.9025124995319544	1	1
inner mitochondrial membrane organization	GO:0007007		34	5	6.662188318342252	-0.287010094476483	0.6935504540420107	0.8239687093713861	1	1
plasma membrane organization	GO:0007009		65	10	12.736536490948424	-0.2418896591960136	0.7210246532773757	0.7640933630113789	1	1
actin filament organization	GO:0007015		104	15	20.37845838551748	-0.3064281803335848	0.6819670188241386	0.9191798238191228	1	1
microtubule-based movement	GO:0007018		118	10	23.12171239895252	-0.8381870137660411	0.4200335477808322	0.9996598027603932	1	1
microtubule depolymerization	GO:0007019		10	0	1.9594671524536038	-Inf	0	1	1	1
microtubule nucleation	GO:0007020		17	1	3.331094159171126	-1.203300826350638	0.2958661985436187	0.9755081197271886	1	1
post-chaperonin tubulin folding pathway	GO:0007023		5	0	0.9797335762268019	-Inf	0	1	1	1
negative regulation of microtubule depolymerization	GO:0007026		13	2	2.547307298189685	-0.2418896591960136	0.7210246532773757	0.7554039042054765	1	1
endoplasmic reticulum organization	GO:0007029		60	7	11.756802914721622	-0.5185218954612094	0.564876397647469	0.9638772458860472	1	1
Golgi organization	GO:0007030		77	6	15.087897073892746	-0.9221334349200507	0.3878708528443558	0.9986556202203967	1	1
peroxisome organization	GO:0007031		29	2	5.68245474211545	-1.0442361317209505	0.34507148747084765	0.9826290111417046	1	1
endosome organization	GO:0007032		51	5	9.993282477513377	-0.6924752025846472	0.4815124235297748	0.9669253761109791	1	1
vacuole organization	GO:0007033		107	13	20.96629853125356	-0.47796695929479166	0.58593520855641	0.9833194935842142	1	1
vacuolar transport	GO:0007034		100	10	19.594671524536036	-0.6726725752884678	0.4904435399678537	0.9948832427459815	1	1
vacuolar acidification	GO:0007035		11	0	2.155413867698964	-Inf	0	1	1	1
protein catabolic process in the vacuole	GO:0007039		6	0	1.1756802914721622	-Inf	0	1	1	1
lysosome organization	GO:0007040		53	7	10.385175908004099	-0.3944692467912305	0.6312677458527712	0.9068884245202646	1	1
lysosomal transport	GO:0007041		97	9	19.006831378799955	-0.7475738834615855	0.45739742287780033	0.997001613186089	1	1
lysosomal lumen acidification	GO:0007042		10	0	1.9594671524536038	-Inf	0	1	1	1
cell-cell junction assembly	GO:0007043		55	7	10.777069338494819	-0.4315105184715796	0.6108278803524816	0.9257961500425358	1	1
cell-substrate junction assembly	GO:0007044		21	5	4.114881020152567	0.19482799241625548	1.0256053873788344	0.39541452308771846	1	1
spindle organization	GO:0007051		110	9	21.554138676989638	-0.8733432707506188	0.4062833358092897	0.9997309164667494	1	1
mitotic spindle organization	GO:0007052		70	6	13.716270067175225	-0.826823255115726	0.42456612542938926	0.9966277197492555	1	1
chromosome segregation	GO:0007059		183	15	35.85824888990094	-0.8715234340336329	0.40698508487275875	0.9999905488351543	1	1
sister chromatid cohesion	GO:0007062		28	3	5.48650802687009	-0.6036797038015163	0.5226710513800359	0.9326947962290502	1	1
regulation of sister chromatid cohesion	GO:0007063		15	2	2.9392007286804054	-0.38499050283668673	0.6365829165604019	0.8234197544946463	1	1
mitotic sister chromatid cohesion	GO:0007064		14	2	2.743254013435045	-0.3159976313497353	0.6763118873418741	0.791856760042744	1	1
mitotic chromosome condensation	GO:0007076		13	2	2.547307298189685	-0.2418896591960136	0.7210246532773757	0.7135533259489933	1	1
mitotic nuclear membrane disassembly	GO:0007077		8	0	1.5675737219628827	-Inf	0	1	1	1
mitotic metaphase chromosome alignment	GO:0007080		53	8	10.385175908004099	-0.2609378541667079	0.7093309309268108	0.8086982297355947	1	1
mitotic nuclear membrane reassembly	GO:0007084		10	3	1.9594671524536038	0.4259397133796419	1.2118523860835395	0.30997274297362254	1	1
regulation of mitotic nuclear division	GO:0007088		80	6	15.67573721962883	-0.9603546477402487	0.373978518518295	0.9992834602804817	1	1
mitotic cell cycle checkpoint signaling	GO:0007093		77	2	15.087897073892746	-2.0207457235881603	0.1321714180432131	0.9999988056858639	1	1
mitotic spindle assembly checkpoint signaling	GO:0007094		20	0	3.9189343049072076	-Inf	0	1	1	1
mitotic G2 DNA damage checkpoint signaling	GO:0007095		27	1	5.29056131162473	-1.6659243482987511	0.18790808497335687	0.9972421336110575	1	1
regulation of exit from mitosis	GO:0007096		8	0	1.5675737219628827	-Inf	0	1	1	1
centrosome cycle	GO:0007098		69	6	13.520323351929866	-0.8124345176636265	0.43036761166367515	0.995450491420155	1	1
centriole replication	GO:0007099		21	1	4.114881020152567	-1.414609920017845	0.24068973026822393	0.9897737816257031	1	1
meiosis I	GO:0007127		22	2	4.310827735397928	-0.7679827550927926	0.4487358074677462	0.9251885608618968	1	1
homologous chromosome pairing at meiosis	GO:0007129		5	0	0.9797335762268019	-Inf	0	1	1	1
reciprocal meiotic recombination	GO:0007131		18	1	3.5270408744164863	-1.2604592401905867	0.2798564179962136	0.9695327120224101	1	1
homophilic cell-cell adhesion	GO:0007156		21	2	4.114881020152567	-0.7214627394578996	0.46869159825755335	0.9373651375154552	1	1
heterophilic cell-cell adhesion	GO:0007157		17	3	3.331094159171126	-0.10468853768252841	0.8093165486581243	0.6330949519004381	1	1
neuron cell-cell adhesion	GO:0007158		10	1	1.9594671524536038	-0.6726725752884678	0.4904435399678537	0.8871303793693512	1	1
leukocyte cell-cell adhesion	GO:0007159		42	12	8.229762040305134	0.37714954921021	1.171306923303042	0.10476170296939408	1	1
cell-matrix adhesion	GO:0007160		74	10	14.500056928156667	-0.3715674825045461	0.644168932283637	0.9345427498173744	1	1
negative regulation of cell adhesion	GO:0007162		159	21	31.155527724012295	-0.3944692467912305	0.6312677458527712	0.985736855400371	1	1
establishment or maintenance of cell polarity	GO:0007163		85	4	16.65547079585563	-1.4264443776648479	0.23791062046645423	0.9999856937803533	1	1
receptor guanylyl cyclase signaling pathway	GO:0007168		10	1	1.9594671524536038	-0.6726725752884678	0.4904435399678537	0.8871303793693512	1	1
signal complex assembly	GO:0007172		5	2	0.9797335762268019	0.7136217858314229	1.4619856571553664	0.2544280030025466	1	1
epidermal growth factor receptor signaling pathway	GO:0007173		43	7	8.425708755550495	-0.18537744893267113	0.7565315672324122	0.7649066956208329	1	1
negative regulation of epidermal growth factor-activated receptor activity	GO:0007175		8	2	1.5675737219628827	0.24361815658568745	1.063644502877227	0.48475503253829777	1	1
cell surface receptor protein serine/threonine kinase signaling pathway	GO:0007178		109	13	21.35819196174428	-0.4964860070620289	0.5762415026638446	0.9850298398543265	1	1
transforming growth factor beta receptor signaling pathway	GO:0007179		66	8	12.932483206193783	-0.48030068264101167	0.5847064523720692	0.9562722720941832	1	1
cell surface receptor protein tyrosine phosphatase signaling pathway	GO:0007185		5	0	0.9797335762268019	-Inf	0	1	1	1
G protein-coupled receptor signaling pathway, coupled to cyclic nucleotide second messenger	GO:0007187		43	2	8.425708755550495	-1.4381404174280392	0.23519439870305697	0.9988291459427583	1	1
adenylate cyclase-modulating G protein-coupled receptor signaling pathway	GO:0007188		136	12	26.648753273369007	-0.7978357182424737	0.43632550193392183	0.9997469797702433	1	1
adenylate cyclase-activating G protein-coupled receptor signaling pathway	GO:0007189		83	8	16.26357736536491	-0.709486548411184	0.473952290657284	0.9934030528783233	1	1
activation of adenylate cyclase activity	GO:0007190		15	0	2.9392007286804054	-Inf	0	1	1	1
adenylate cyclase-activating serotonin receptor signaling pathway	GO:0007192		5	0	0.9797335762268019	-Inf	0	1	1	1
adenylate cyclase-inhibiting G protein-coupled receptor signaling pathway	GO:0007193		44	5	8.621655470795856	-0.544839203778583	0.5515433572899587	0.9499909828651831	1	1
negative regulation of adenylate cyclase activity	GO:0007194		10	1	1.9594671524536038	-0.6726725752884678	0.4904435399678537	0.8871303793693512	1	1
adenylate cyclase-inhibiting serotonin receptor signaling pathway	GO:0007198		8	0	1.5675737219628827	-Inf	0	1	1	1
phospholipase C-activating G protein-coupled receptor signaling pathway	GO:0007200		72	10	14.108163497665945	-0.3441685083164316	0.6598686363927702	0.9198823552131956	1	1
positive regulation of cytosolic calcium ion concentration	GO:0007204		67	10	13.128429921439144	-0.27219500869134244	0.7024854495655679	0.8583253824836239	1	1
phospholipase C-activating serotonin receptor signaling pathway	GO:0007208		5	0	0.9797335762268019	-Inf	0	1	1	1
serotonin receptor signaling pathway	GO:0007210		11	0	2.155413867698964	-Inf	0	1	1	1
G protein-coupled dopamine receptor signaling pathway	GO:0007212		8	0	1.5675737219628827	-Inf	0	1	1	1
G protein-coupled acetylcholine receptor signaling pathway	GO:0007213		8	3	1.5675737219628827	0.6490832646938518	1.4044007738015039	0.1941869786530865	1	1
gamma-aminobutyric acid signaling pathway	GO:0007214		12	0	2.3513605829443245	-Inf	0	1	1	1
glutamate receptor signaling pathway	GO:0007215		29	0	5.68245474211545	-Inf	0	1	1	1
G protein-coupled glutamate receptor signaling pathway	GO:0007216		15	0	2.9392007286804054	-Inf	0	1	1	1
tachykinin receptor signaling pathway	GO:0007217		8	0	1.5675737219628827	-Inf	0	1	1	1
neuropeptide signaling pathway	GO:0007218		31	3	6.074348172606171	-0.7054623981114585	0.4757313781028441	0.9509461043501022	1	1
Notch signaling pathway	GO:0007219		20	4	3.9189343049072076	0.020474605271477528	0.8959251696155924	0.5707787743598538	1	1
Notch receptor processing	GO:0007220		7	2	1.3716270067175225	0.37714954921021	1.171306923303042	0.412113019066995	1	1
smoothened signaling pathway	GO:0007224		12	0	2.3513605829443245	-Inf	0	1	1	1
integrin-mediated signaling pathway	GO:0007229		56	16	10.97301605374018	0.37714954921021	1.171306923303042	0.05887942306251989	1	1
canonical NF-kappaB signal transduction	GO:0007249		29	12	5.68245474211545	0.7475233375071044	1.4925288056981132	0.005814047121537323	1	1
JNK cascade	GO:0007254		25	2	4.898667881134009	-0.8958161266026775	0.39770677283583683	0.9696790235040114	1	1
cell surface receptor signaling pathway via JAK-STAT	GO:0007259		39	9	7.6419218945690535	0.163575448912151	1.0016275609675556	0.3512233721330227	1	1
tyrosine phosphorylation of STAT protein	GO:0007260		6	0	1.1756802914721622	-Inf	0	1	1	1
nitric oxide mediated signal transduction	GO:0007263		12	1	2.3513605829443245	-0.8549941320824224	0.4134089075367419	0.9270508704750915	1	1
small GTPase-mediated signal transduction	GO:0007264		104	16	20.37845838551748	-0.2418896591960136	0.7210246532773757	0.8803961100533645	1	1
Ras protein signal transduction	GO:0007265		26	5	5.09461459637937	-0.01874610788180376	0.868180401077128	0.5593677229065497	1	1
Rho protein signal transduction	GO:0007266		36	3	7.054081748832973	-0.8549941320824224	0.4134089075367419	0.9817160092859267	1	1
chemical synaptic transmission	GO:0007268		146	7	28.608220425822612	-1.4077839549474451	0.24230686683121028	0.9999999293365875	1	1
neurotransmitter secretion	GO:0007269		15	1	2.9392007286804054	-1.078137683396632	0.3339847283501357	0.9620999807715159	1	1
synaptic transmission, cholinergic	GO:0007271		11	1	2.155413867698964	-0.7679827550927926	0.4487358074677462	0.90925940843125	1	1
ensheathment of neurons	GO:0007272		17	1	3.331094159171126	-1.203300826350638	0.2958661985436187	0.9755081197271886	1	1
neuromuscular synaptic transmission	GO:0007274		6	0	1.1756802914721622	-Inf	0	1	1	1
gamete generation	GO:0007276		130	6	25.47307298189685	-1.4458624635219495	0.23341748464143022	0.999999332286609	1	1
germ cell development	GO:0007281		49	0	9.601389047022657	-Inf	0	1	1	1
spermatogenesis	GO:0007283		107	6	20.96629853125356	-1.2511568475282733	0.2824048022854339	0.9999687249518154	1	1
spermatid development	GO:0007286		38	0	7.4459751793236935	-Inf	0	1	1	1
sperm axoneme assembly	GO:0007288		11	0	2.155413867698964	-Inf	0	1	1	1
female gamete generation	GO:0007292		19	0	3.7229875896618467	-Inf	0	1	1	1
single fertilization	GO:0007338		42	3	8.229762040305134	-1.0091448119096806	0.35690501805843033	0.9890329097229658	1	1
binding of sperm to zona pellucida	GO:0007339		7	1	1.3716270067175225	-0.3159976313497353	0.6763118873418741	0.7827962839733025	1	1
acrosome reaction	GO:0007340		8	0	1.5675737219628827	-Inf	0	1	1	1
fusion of sperm to egg plasma membrane involved in single fertilization	GO:0007342		8	0	1.5675737219628827	-Inf	0	1	1	1
blastoderm segmentation	GO:0007350		6	1	1.1756802914721622	-0.16184695152247705	0.7716727237196409	0.72984153184383	1	1
tripartite regional subdivision	GO:0007351		6	1	1.1756802914721622	-0.16184695152247705	0.7716727237196409	0.72984153184383	1	1
determination of left/right symmetry	GO:0007368		25	1	4.898667881134009	-1.5889633071626228	0.20274527604477344	0.9946890607120057	1	1
gastrulation	GO:0007369		21	4	4.114881020152567	-0.028315558897954368	0.8614938546476196	0.5271589678270941	1	1
pattern specification process	GO:0007389		57	2	11.16896276898554	-1.7199915695690269	0.17812423395217786	0.9999285534495188	1	1
ectoderm development	GO:0007398		6	0	1.1756802914721622	-Inf	0	1	1	1
neuroblast proliferation	GO:0007405		5	2	0.9797335762268019	0.7136217858314229	1.4619856571553664	0.2544280030025466	1	1
axonogenesis	GO:0007409		61	3	11.952749629966982	-1.3823490577996236	0.24842511662870564	0.9997958420971192	1	1
axon guidance	GO:0007411		35	3	6.858135033587613	-0.826823255115726	0.42456612542938926	0.9783718242138688	1	1
synapse assembly	GO:0007416		41	3	8.033815325059775	-0.9850472603306202	0.3652462989862176	0.984562264154242	1	1
central nervous system development	GO:0007417		192	23	37.62176932710919	-0.49208863839305406	0.5785314881326354	0.9970585268615639	1	1
brain development	GO:0007420		109	14	21.35819196174428	-0.42237803490830717	0.6158184123188146	0.9679300059532057	1	1
peripheral nervous system development	GO:0007422		16	1	3.1351474439257654	-1.1426762045342032	0.3137893727853598	0.9695327120224101	1	1
sensory organ development	GO:0007423		72	5	14.108163497665945	-1.0373156888763768	0.3473761416767666	0.9988632573216971	1	1
endoderm development	GO:0007492		16	3	3.1351474439257654	-0.04406391586609347	0.8505613782850316	0.6330949519004381	1	1
mesoderm development	GO:0007498		23	4	4.506774450643289	-0.1192873371036813	0.7995862820151282	0.6507471228202052	1	1
heart development	GO:0007507		118	6	23.12171239895252	-1.3490126375320317	0.25666887594748883	0.9999983725760995	1	1
muscle organ development	GO:0007517		78	6	15.283843789138107	-0.9350368397559587	0.3831292389552201	0.9988499979246297	1	1
skeletal muscle tissue development	GO:0007519		19	1	3.7229875896618467	-1.3145264614608625	0.26547226383291483	0.9841736533539538	1	1
myoblast fusion	GO:0007520		9	0	1.7635204372082431	-Inf	0	1	1	1
neuromuscular junction development	GO:0007528		6	0	1.1756802914721622	-Inf	0	1	1	1
sex determination	GO:0007530		5	0	0.9797335762268019	-Inf	0	1	1	1
sex differentiation	GO:0007548		48	5	9.405442331777298	-0.6318505807682127	0.5093019383311344	0.9669253761109791	1	1
sex-chromosome dosage compensation	GO:0007549		12	4	2.3513605829443245	0.5313002290374682	1.301399677662636	0.15221372716933204	1	1
female pregnancy	GO:0007565		53	2	10.385175908004099	-1.6472322152865986	0.1914112256945604	0.9998691489766494	1	1
embryo implantation	GO:0007566		16	1	3.1351474439257654	-1.1426762045342032	0.3137893727853598	0.9695327120224101	1	1
parturition	GO:0007567		5	1	0.9797335762268019	0.020474605271477528	0.8959251696155924	0.6639809576251503	1	1
response to nutrient	GO:0007584		32	7	6.270294887851531	0.11008676396116474	0.9613171531406327	0.44140117720295413	1	1
respiratory gaseous exchange by respiratory system	GO:0007585		12	0	2.3513605829443245	-Inf	0	1	1	1
digestion	GO:0007586		42	5	8.229762040305134	-0.4983191881436898	0.5752890173063128	0.9346618533378964	1	1
excretion	GO:0007588		7	0	1.3716270067175225	-Inf	0	1	1	1
body fluid secretion	GO:0007589		20	1	3.9189343049072076	-1.365819755848413	0.2524803984506228	0.9841736533539538	1	1
lactation	GO:0007595		6	1	1.1756802914721622	-0.16184695152247705	0.7716727237196409	0.72984153184383	1	1
blood coagulation	GO:0007596		91	10	17.83115108732779	-0.5783618958172262	0.534936167987187	0.9904367333147939	1	1
blood coagulation, intrinsic pathway	GO:0007597		6	0	1.1756802914721622	-Inf	0	1	1	1
hemostasis	GO:0007599		96	10	18.810884663554596	-0.6318505807682127	0.5093019383311344	0.9948832427459815	1	1
visual perception	GO:0007601		112	5	21.94603210748036	-1.479148441155416	0.22590526466728728	0.9999994045688676	1	1
phototransduction	GO:0007602		15	1	2.9392007286804054	-1.078137683396632	0.3339847283501357	0.9413547843308927	1	1
phototransduction, visible light	GO:0007603		7	0	1.3716270067175225	-Inf	0	1	1	1
sensory perception of sound	GO:0007605		76	4	14.891950358647387	-1.3145264614608625	0.26547226383291483	0.9998930974415985	1	1
sensory perception of chemical stimulus	GO:0007606		56	1	10.97301605374018	-2.395439173029571	0.091006971066626835	0.9999720190942527	1	1
sensory perception of smell	GO:0007608		7	0	1.3716270067175225	-Inf	0	1	1	1
behavior	GO:0007610		86	5	16.85141751110099	-1.2149968661138293	0.2925212814307541	0.999909504003329	1	1
learning or memory	GO:0007611		45	5	8.817602186041215	-0.5673120596306412	0.5403638836722496	0.9563597382730049	1	1
learning	GO:0007612		19	1	3.7229875896618467	-1.3145264614608625	0.26547226383291483	0.9841736533539538	1	1
memory	GO:0007613		15	3	2.9392007286804054	0.020474605271477528	0.8959251696155924	0.586697296105379	1	1
long-term memory	GO:0007616		7	2	1.3716270067175225	0.37714954921021	1.171306923303042	0.412113019066995	1	1
mating behavior	GO:0007617		5	0	0.9797335762268019	-Inf	0	1	1	1
circadian rhythm	GO:0007623		24	4	4.702721165888649	-0.16184695152247705	0.7716727237196409	0.7201011001178095	1	1
locomotory behavior	GO:0007626		5	0	0.9797335762268019	-Inf	0	1	1	1
feeding behavior	GO:0007631		18	0	3.5270408744164863	-Inf	0	1	1	1
mechanosensory behavior	GO:0007638		9	1	1.7635204372082431	-0.5673120596306415	0.5403638836722494	0.8596066645829048	1	1
blood circulation	GO:0008015		179	22	35.0744620289195	-0.46643083477686104	0.5920396960057984	0.9961808416997259	1	1
regulation of heart contraction	GO:0008016		117	14	22.925765683707162	-0.4932040874769195	0.5779499091344048	0.987308502257643	1	1
tRNA processing	GO:0008033		87	7	17.04736422634635	-0.8900854518936923	0.39987820805300583	0.9988795226062371	1	1
cell recognition	GO:0008037		36	2	7.054081748832973	-1.2604592401905867	0.2798564179962136	0.9954145301726613	1	1
mitochondrial fusion	GO:0008053		16	0	3.1351474439257654	-Inf	0	1	1	1
regulation of actin polymerization or depolymerization	GO:0008064		60	16	11.756802914721622	0.30815667772325855	1.1150519589183827	0.11362911447992555	1	1
axo-dendritic transport	GO:0008088		15	3	2.9392007286804054	0.020474605271477528	0.8959251696155924	0.586697296105379	1	1
anterograde axonal transport	GO:0008089		6	1	1.1756802914721622	-0.16184695152247705	0.7716727237196409	0.72984153184383	1	1
actin polymerization or depolymerization	GO:0008154		21	0	4.114881020152567	-Inf	0	1	1	1
negative regulation of DNA replication	GO:0008156		17	2	3.331094159171126	-0.5101536457906928	0.5691707139650165	0.8739261887459524	1	1
steroid metabolic process	GO:0008202		165	12	32.331208015484464	-0.9911263064070025	0.3631253517973018	0.9999956125240628	1	1
cholesterol metabolic process	GO:0008203		57	7	11.16896276898554	-0.4672286010736588	0.5916159154558517	0.941261638867392	1	1
bile acid metabolic process	GO:0008206		31	1	6.074348172606171	-1.8040746867795683	0.16389202513691908	0.9985680735964947	1	1
C21-steroid hormone metabolic process	GO:0008207		17	1	3.331094159171126	-1.203300826350638	0.2958661985436187	0.9755081197271886	1	1
androgen metabolic process	GO:0008209		22	0	4.310827735397928	-Inf	0	1	1	1
estrogen metabolic process	GO:0008210		30	0	5.878401457360811	-Inf	0	1	1	1
glucocorticoid metabolic process	GO:0008211		9	1	1.7635204372082431	-0.5673120596306415	0.5403638836722494	0.8596066645829048	1	1
protein alkylation	GO:0008213		40	4	7.837868609814415	-0.6726725752884678	0.4904435399678537	0.9494584541116876	1	1
spermidine metabolic process	GO:0008216		7	0	1.3716270067175225	-Inf	0	1	1	1
regulation of blood pressure	GO:0008217		50	7	9.797335762268018	-0.33620033866725474	0.6644886562920782	0.8839955337375732	1	1
opsonization	GO:0008228		6	0	1.1756802914721622	-Inf	0	1	1	1
regulation of G protein-coupled receptor signaling pathway	GO:0008277		101	11	19.790618239781395	-0.5873127263373108	0.5305728051612535	0.9917575410218296	1	1
cell population proliferation	GO:0008283		145	16	28.412273710577253	-0.5742325024752152	0.5369592150485479	0.9969310624596832	1	1
insulin receptor signaling pathway	GO:0008286		27	3	5.29056131162473	-0.5673120596306415	0.5403638836722494	0.9213816428600476	1	1
isoprenoid biosynthetic process	GO:0008299		14	1	2.743254013435045	-1.0091448119096806	0.35690501805843033	0.952854632353058	1	1
isoprenoid catabolic process	GO:0008300		10	1	1.9594671524536038	-0.6726725752884678	0.4904435399678537	0.8871303793693512	1	1
endosome to lysosome transport	GO:0008333		42	3	8.229762040305134	-1.0091448119096806	0.35690501805843033	0.9890329097229658	1	1
histone mRNA metabolic process	GO:0008334		22	1	4.310827735397928	-1.4611299356527379	0.22994233866048128	0.9872781319061674	1	1
glial cell migration	GO:0008347		8	1	1.5675737219628827	-0.44952902397425787	0.6010751724526117	0.8253736056068746	1	1
asymmetric cell division	GO:0008356		5	1	0.9797335762268019	0.020474605271477528	0.8959251696155924	0.6639809576251503	1	1
regulation of cell shape	GO:0008360		61	15	11.952749629966982	0.2270888546344767	1.0506761459866019	0.20213385217334134	1	1
regulation of cell size	GO:0008361		65	7	12.736536490948424	-0.5985646031347459	0.5251299006811222	0.9809414274878018	1	1
axon ensheathment	GO:0008366		17	1	3.331094159171126	-1.203300826350638	0.2958661985436187	0.9755081197271886	1	1
gonad development	GO:0008406		26	3	5.09461459637937	-0.5295717316477945	0.5592464895478996	0.8933905173407	1	1
respiratory chain complex IV assembly	GO:0008535		24	2	4.702721165888649	-0.8549941320824224	0.4134089075367419	0.9635759430109465	1	1
fibroblast growth factor receptor signaling pathway	GO:0008543		24	1	4.702721165888649	-1.5481413126423678	0.2110720879885675	0.9933926808077949	1	1
epidermis development	GO:0008544		102	10	19.986564955026754	-0.6924752025846472	0.4815124235297748	0.9965228249209304	1	1
male gonad development	GO:0008584		16	2	3.1351474439257654	-0.44952902397425787	0.6010751724526117	0.8234197544946463	1	1
female gonad development	GO:0008585		9	2	1.7635204372082431	0.12583512092930388	0.9730885098117966	0.5515091337986338	1	1
regulation of smoothened signaling pathway	GO:0008589		24	1	4.702721165888649	-1.5481413126423678	0.2110720879885675	0.9933926808077949	1	1
regulation of Notch signaling pathway	GO:0008593		45	12	8.817602186041215	0.30815667772325855	1.1150519589183827	0.13779091770982663	1	1
anterior/posterior axis specification, embryo	GO:0008595		6	1	1.1756802914721622	-0.16184695152247705	0.7716727237196409	0.72984153184383	1	1
attachment of spindle microtubules to kinetochore	GO:0008608		24	2	4.702721165888649	-0.8549941320824224	0.4134089075367419	0.9635759430109465	1	1
ether lipid biosynthetic process	GO:0008611		7	1	1.3716270067175225	-0.3159976313497353	0.6763118873418741	0.7827962839733025	1	1
extrinsic apoptotic signaling pathway via death domain receptors	GO:0008625		31	10	6.074348172606171	0.49851040621447745	1.2732527487543195	0.06625845340234375	1	1
intrinsic apoptotic signaling pathway in response to DNA damage	GO:0008630		35	4	6.858135033587613	-0.5391411826639451	0.5544080151108676	0.9326085547361003	1	1
intrinsic apoptotic signaling pathway in response to oxidative stress	GO:0008631		10	2	1.9594671524536038	0.020474605271477528	0.8959251696155924	0.6118932315048861	1	1
apoptotic mitochondrial changes	GO:0008637		29	4	5.68245474211545	-0.3510889511610053	0.6558759273989256	0.8271053647850274	1	1
carbohydrate transport	GO:0008643		33	2	6.466241603096892	-1.173447863200957	0.30456808371541577	0.9901362350685545	1	1
hexose transmembrane transport	GO:0008645		24	1	4.702721165888649	-1.5481413126423678	0.2110720879885675	0.9917799739109313	1	1
amino acid biosynthetic process	GO:0008652		34	4	6.662188318342252	-0.5101536457906928	0.5691707139650165	0.922398508655494	1	1
phospholipid biosynthetic process	GO:0008654		157	16	30.763634293521573	-0.6537445654029487	0.4991123714518553	0.9995389000584642	1	1
dosage compensation by inactivation of X chromosome	GO:0009048		10	3	1.9594671524536038	0.4259397133796419	1.2118523860835395	0.25111567812712277	1	1
aerobic respiration	GO:0009060		58	4	11.3649094842309	-1.0442361317209505	0.34507148747084765	0.9978970984317739	1	1
fatty acid catabolic process	GO:0009062		57	2	11.16896276898554	-1.7199915695690269	0.17812423395217786	0.9999125596826077	1	1
amino acid catabolic process	GO:0009063		78	5	15.283843789138107	-1.1173583965499134	0.3215718990721609	0.9995796830097767	1	1
aspartate family amino acid biosynthetic process	GO:0009067		10	2	1.9594671524536038	0.020474605271477528	0.8959251696155924	0.6118932315048861	1	1
serine family amino acid biosynthetic process	GO:0009070		8	0	1.5675737219628827	-Inf	0	1	1	1
aromatic amino acid metabolic process	GO:0009072		26	4	5.09461459637937	-0.2418896591960136	0.7210246532773757	0.750716981491383	1	1
aromatic amino acid family catabolic process	GO:0009074		19	4	3.7229875896618467	0.07176789965902816	0.9330203001238664	0.4814757423991832	1	1
branched-chain amino acid metabolic process	GO:0009081		19	0	3.7229875896618467	-Inf	0	1	1	1
branched-chain amino acid catabolic process	GO:0009083		17	0	3.331094159171126	-Inf	0	1	1	1
L-glutamine family amino acid biosynthetic process	GO:0009084		10	1	1.9594671524536038	-0.6726725752884678	0.4904435399678537	0.8871303793693512	1	1
glycoprotein biosynthetic process	GO:0009101		189	30	37.03392918137311	-0.21063711569190918	0.7405107320660598	0.9039062119041334	1	1
vitamin biosynthetic process	GO:0009110		7	2	1.3716270067175225	0.37714954921021	1.171306923303042	0.412113019066995	1	1
vitamin catabolic process	GO:0009111		11	0	2.155413867698964	-Inf	0	1	1	1
nucleobase metabolic process	GO:0009112		12	0	2.3513605829443245	-Inf	0	1	1	1
purine nucleobase biosynthetic process	GO:0009113		6	0	1.1756802914721622	-Inf	0	1	1	1
nucleoside metabolic process	GO:0009116		34	3	6.662188318342252	-0.7978357182424737	0.43632550193392183	0.9698565450583547	1	1
ribonucleoside metabolic process	GO:0009119		14	2	2.743254013435045	-0.3159976313497353	0.6763118873418741	0.7554039042054765	1	1
deoxyribonucleoside metabolic process	GO:0009120		8	0	1.5675737219628827	-Inf	0	1	1	1
nucleoside monophosphate metabolic process	GO:0009123		30	3	5.878401457360811	-0.6726725752884678	0.4904435399678537	0.9424891684094316	1	1
nucleoside monophosphate biosynthetic process	GO:0009124		19	1	3.7229875896618467	-1.3145264614608625	0.26547226383291483	0.9841736533539538	1	1
nucleoside monophosphate catabolic process	GO:0009125		9	1	1.7635204372082431	-0.5673120596306415	0.5403638836722494	0.8253736056068746	1	1
purine nucleoside monophosphate metabolic process	GO:0009126		21	2	4.114881020152567	-0.7214627394578996	0.46869159825755335	0.9251885608618968	1	1
purine nucleoside monophosphate biosynthetic process	GO:0009127		12	0	2.3513605829443245	-Inf	0	1	1	1
purine nucleoside monophosphate catabolic process	GO:0009128		7	1	1.3716270067175225	-0.3159976313497353	0.6763118873418741	0.72984153184383	1	1
pyrimidine nucleoside monophosphate metabolic process	GO:0009129		7	1	1.3716270067175225	-0.3159976313497353	0.6763118873418741	0.7827962839733025	1	1
pyrimidine nucleoside monophosphate biosynthetic process	GO:0009130		6	1	1.1756802914721622	-0.16184695152247705	0.7716727237196409	0.72984153184383	1	1
nucleoside diphosphate metabolic process	GO:0009132		35	2	6.858135033587613	-1.2322883632238903	0.2876415642117705	0.9954145301726613	1	1
nucleoside diphosphate biosynthetic process	GO:0009133		6	1	1.1756802914721622	-0.16184695152247705	0.7716727237196409	0.72984153184383	1	1
nucleoside diphosphate catabolic process	GO:0009134		26	1	5.09461459637937	-1.6281840203159041	0.19504664738750926	0.9965688057552808	1	1
purine nucleoside diphosphate metabolic process	GO:0009135		27	1	5.29056131162473	-1.6659243482987511	0.18790808497335687	0.9972421336110575	1	1
purine nucleoside diphosphate catabolic process	GO:0009137		25	1	4.898667881134009	-1.5889633071626228	0.20274527604477344	0.9957311455956721	1	1
nucleoside triphosphate metabolic process	GO:0009141		84	13	16.45952408061027	-0.23595492367619877	0.7246963371239529	0.8639350277234199	1	1
nucleoside triphosphate biosynthetic process	GO:0009142		25	5	4.898667881134009	0.020474605271477528	0.8959251696155924	0.5593677229065497	1	1
nucleoside triphosphate catabolic process	GO:0009143		7	0	1.3716270067175225	-Inf	0	1	1	1
purine nucleoside triphosphate metabolic process	GO:0009144		76	10	14.891950358647387	-0.39823572958670733	0.6291652920174439	0.9468205942841652	1	1
purine nucleoside triphosphate biosynthetic process	GO:0009145		20	2	3.9189343049072076	-0.6726725752884678	0.4904435399678537	0.9251885608618968	1	1
pyrimidine nucleoside triphosphate metabolic process	GO:0009147		7	2	1.3716270067175225	0.37714954921021	1.171306923303042	0.412113019066995	1	1
purine ribonucleotide metabolic process	GO:0009150		129	15	25.277126266651486	-0.521849685553884	0.5631760358166272	0.9937353943114422	1	1
purine deoxyribonucleotide metabolic process	GO:0009151		9	0	1.7635204372082431	-Inf	0	1	1	1
purine ribonucleotide biosynthetic process	GO:0009152		46	3	9.013548901286578	-1.1001165901154075	0.3269747702576966	0.996789421052783	1	1
purine ribonucleotide catabolic process	GO:0009154		36	4	7.054081748832973	-0.5673120596306415	0.5403638836722494	0.9326085547361003	1	1
purine deoxyribonucleotide catabolic process	GO:0009155		5	0	0.9797335762268019	-Inf	0	1	1	1
ribonucleoside monophosphate biosynthetic process	GO:0009156		16	1	3.1351474439257654	-1.1426762045342032	0.3137893727853598	0.9695327120224101	1	1
ribonucleoside monophosphate catabolic process	GO:0009158		7	1	1.3716270067175225	-0.3159976313497353	0.6763118873418741	0.72984153184383	1	1
nucleoside biosynthetic process	GO:0009163		10	1	1.9594671524536038	-0.6726725752884678	0.4904435399678537	0.8871303793693512	1	1
nucleoside catabolic process	GO:0009164		16	3	3.1351474439257654	-0.04406391586609347	0.8505613782850316	0.586697296105379	1	1
nucleotide biosynthetic process	GO:0009165		77	8	15.087897073892746	-0.6344513624682698	0.508082365849273	0.9887952665312021	1	1
nucleotide catabolic process	GO:0009166		58	6	11.3649094842309	-0.6387710236127861	0.5060622315132961	0.9749159295230854	1	1
purine ribonucleoside monophosphate metabolic process	GO:0009167		20	2	3.9189343049072076	-0.6726725752884678	0.4904435399678537	0.9107998111621118	1	1
purine ribonucleoside monophosphate biosynthetic process	GO:0009168		11	0	2.155413867698964	-Inf	0	1	1	1
purine ribonucleoside monophosphate catabolic process	GO:0009169		7	1	1.3716270067175225	-0.3159976313497353	0.6763118873418741	0.72984153184383	1	1
purine ribonucleoside diphosphate metabolic process	GO:0009179		26	1	5.09461459637937	-1.6281840203159041	0.19504664738750926	0.9965688057552808	1	1
purine ribonucleoside diphosphate catabolic process	GO:0009181		25	1	4.898667881134009	-1.5889633071626228	0.20274527604477344	0.9957311455956721	1	1
ribonucleoside diphosphate metabolic process	GO:0009185		33	2	6.466241603096892	-1.173447863200957	0.30456808371541577	0.993264696378254	1	1
cyclic nucleotide metabolic process	GO:0009187		19	3	3.7229875896618467	-0.21591417279275285	0.737194362814586	0.7497227204384175	1	1
cyclic nucleotide biosynthetic process	GO:0009190		12	1	2.3513605829443245	-0.8549941320824224	0.4134089075367419	0.9270508704750915	1	1
ribonucleoside diphosphate catabolic process	GO:0009191		26	1	5.09461459637937	-1.6281840203159041	0.19504664738750926	0.9965688057552808	1	1
ribonucleoside triphosphate biosynthetic process	GO:0009201		23	4	4.506774450643289	-0.1192873371036813	0.7995862820151282	0.686782125559293	1	1
purine ribonucleoside triphosphate metabolic process	GO:0009205		74	10	14.500056928156667	-0.3715674825045461	0.644168932283637	0.9345427498173744	1	1
purine ribonucleoside triphosphate biosynthetic process	GO:0009206		20	2	3.9189343049072076	-0.6726725752884678	0.4904435399678537	0.9251885608618968	1	1
pyrimidine ribonucleoside triphosphate metabolic process	GO:0009208		6	2	1.1756802914721622	0.5313002290374682	1.301399677662636	0.33467808653175235	1	1
pyrimidine ribonucleotide metabolic process	GO:0009218		10	2	1.9594671524536038	0.020474605271477528	0.8959251696155924	0.6118932315048861	1	1
pyrimidine deoxyribonucleotide metabolic process	GO:0009219		15	1	2.9392007286804054	-1.078137683396632	0.3339847283501357	0.9620999807715159	1	1
pyrimidine ribonucleotide biosynthetic process	GO:0009220		7	2	1.3716270067175225	0.37714954921021	1.171306923303042	0.412113019066995	1	1
pyrimidine deoxyribonucleotide catabolic process	GO:0009223		12	1	2.3513605829443245	-0.8549941320824224	0.4134089075367419	0.9270508704750915	1	1
nucleotide-sugar metabolic process	GO:0009225		32	4	6.270294887851531	-0.44952902397425787	0.6010751724526117	0.8977235130178045	1	1
nucleotide-sugar biosynthetic process	GO:0009226		24	3	4.702721165888649	-0.44952902397425804	0.6010751724526116	0.8762696930387821	1	1
cobalamin metabolic process	GO:0009235		9	1	1.7635204372082431	-0.5673120596306415	0.5403638836722494	0.8253736056068746	1	1
glycolipid biosynthetic process	GO:0009247		59	10	11.56085619947626	-0.14503983320609576	0.7826150904767786	0.7448082140421876	1	1
glucan biosynthetic process	GO:0009250		8	2	1.5675737219628827	0.24361815658568745	1.063644502877227	0.48475503253829777	1	1
glucan catabolic process	GO:0009251		5	1	0.9797335762268019	0.020474605271477528	0.8959251696155924	0.6639809576251503	1	1
10-formyltetrahydrofolate metabolic process	GO:0009256		5	0	0.9797335762268019	-Inf	0	1	1	1
ribonucleotide metabolic process	GO:0009259		135	17	26.452806558123648	-0.4421489166766354	0.6050547121767916	0.9870641535305227	1	1
ribonucleotide biosynthetic process	GO:0009260		52	5	10.18922919275874	-0.711893288441749	0.47289101547467527	0.9838739726487153	1	1
ribonucleotide catabolic process	GO:0009261		37	4	7.2500284640783335	-0.5947110338187559	0.5269887183617267	0.9415857884212321	1	1
deoxyribonucleotide metabolic process	GO:0009262		27	1	5.29056131162473	-1.6659243482987511	0.18790808497335687	0.9965688057552808	1	1
deoxyribonucleotide biosynthetic process	GO:0009263		9	0	1.7635204372082431	-Inf	0	1	1	1
deoxyribonucleotide catabolic process	GO:0009264		17	1	3.331094159171126	-1.203300826350638	0.2958661985436187	0.9695327120224101	1	1
2'-deoxyribonucleotide biosynthetic process	GO:0009265		9	0	1.7635204372082431	-Inf	0	1	1	1
response to temperature stimulus	GO:0009266		55	11	10.777069338494819	0.020474605271477743	0.8959251696155927	0.4971096213811349	1	1
cellular response to starvation	GO:0009267		101	17	19.790618239781395	-0.1519946550794654	0.7780742664941551	0.7799007583804016	1	1
response to pH	GO:0009268		25	1	4.898667881134009	-1.5889633071626228	0.20274527604477344	0.9946890607120057	1	1
GDP-mannose biosynthetic process	GO:0009298		5	0	0.9797335762268019	-Inf	0	1	1	1
mRNA transcription	GO:0009299		35	8	6.858135033587613	0.15400599789600025	0.9943476464719979	0.37706609169336763	1	1
snRNA transcription	GO:0009301		14	3	2.743254013435045	0.08946747675842903	0.9460294016458648	0.5366867691818712	1	1
rRNA transcription	GO:0009303		14	2	2.743254013435045	-0.3159976313497353	0.6763118873418741	0.791856760042744	1	1
tRNA transcription	GO:0009304		8	1	1.5675737219628827	-0.44952902397425787	0.6010751724526117	0.8253736056068746	1	1
protein secretion	GO:0009306		26	1	5.09461459637937	-1.6281840203159041	0.19504664738750926	0.9965688057552808	1	1
amine metabolic process	GO:0009308		61	8	11.952749629966982	-0.4015198047878974	0.6273365668147166	0.9230813400591884	1	1
amine biosynthetic process	GO:0009309		18	1	3.5270408744164863	-1.2604592401905867	0.2798564179962136	0.9803118721859622	1	1
amine catabolic process	GO:0009310		14	1	2.743254013435045	-1.0091448119096806	0.35690501805843033	0.9413547843308927	1	1
oligosaccharide metabolic process	GO:0009311		43	6	8.425708755550495	-0.33952812875992944	0.6625562004540068	0.8729001549371973	1	1
oligosaccharide biosynthetic process	GO:0009312		22	5	4.310827735397928	0.14830797678136237	0.9900268794406928	0.4378631785228037	1	1
oligosaccharide catabolic process	GO:0009313		10	1	1.9594671524536038	-0.6726725752884678	0.4904435399678537	0.8871303793693512	1	1
2'-deoxyribonucleotide metabolic process	GO:0009394		27	1	5.29056131162473	-1.6659243482987511	0.18790808497335687	0.9965688057552808	1	1
phospholipid catabolic process	GO:0009395		25	5	4.898667881134009	0.020474605271477528	0.8959251696155924	0.5593677229065497	1	1
toxin metabolic process	GO:0009404		13	0	2.547307298189685	-Inf	0	1	1	1
response to heat	GO:0009408		43	11	8.425708755550495	0.26660767481038605	1.0818171373299466	0.18583857557005531	1	1
response to cold	GO:0009409		6	0	1.1756802914721622	-Inf	0	1	1	1
response to xenobiotic stimulus	GO:0009410		154	15	30.175794147785492	-0.698989883605841	0.47860499069611995	0.999140729588289	1	1
response to UV	GO:0009411		115	9	22.53387225321644	-0.9177950333214527	0.38947699838589583	0.9998517553943	1	1
response to light stimulus	GO:0009416		146	10	28.608220425822612	-1.0511090110087127	0.3427966752011991	0.9999949958832343	1	1
carnitine metabolic process	GO:0009437		8	0	1.5675737219628827	-Inf	0	1	1	1
RNA modification	GO:0009451		105	13	20.57440510076284	-0.4590984749904088	0.5959460806876812	0.9745447230369642	1	1
7-methylguanosine RNA capping	GO:0009452		6	0	1.1756802914721622	-Inf	0	1	1	1
fertilization	GO:0009566		44	3	8.621655470795856	-1.0556648275445735	0.34129643233684814	0.9907714904378685	1	1
detection of external stimulus	GO:0009581		38	2	7.4459751793236935	-1.3145264614608625	0.26547226383291483	0.9962203255189399	1	1
detection of abiotic stimulus	GO:0009582		41	2	8.033815325059775	-1.3905123684387846	0.2464454727877477	0.9978910795456692	1	1
detection of light stimulus	GO:0009583		24	1	4.702721165888649	-1.5481413126423678	0.2110720879885675	0.9917799739109313	1	1
detection of visible light	GO:0009584		8	0	1.5675737219628827	-Inf	0	1	1	1
detection of chemical stimulus	GO:0009593		62	2	12.148696345212342	-1.8040746867795683	0.16389202513691908	0.9999285534495188	1	1
detection of biotic stimulus	GO:0009595		28	4	5.48650802687009	-0.3159976313497353	0.6763118873418741	0.7786888354213644	1	1
response to symbiont	GO:0009608		5	0	0.9797335762268019	-Inf	0	1	1	1
response to wounding	GO:0009611		189	27	37.03392918137311	-0.31599763134973546	0.676311887341874	0.9689415271547807	1	1
response to mechanical stimulus	GO:0009612		35	2	6.858135033587613	-1.2322883632238903	0.2876415642117705	0.9954145301726613	1	1
response to fungus	GO:0009620		35	3	6.858135033587613	-0.826823255115726	0.42456612542938926	0.9509461043501022	1	1
response to toxic substance	GO:0009636		80	14	15.67573721962883	-0.1130567873530451	0.8037293568684701	0.706123794671838	1	1
UV protection	GO:0009650		7	0	1.3716270067175225	-Inf	0	1	1	1
response to salt stress	GO:0009651		5	2	0.9797335762268019	0.7136217858314229	1.4619856571553664	0.2544280030025466	1	1
phenylpropanoid metabolic process	GO:0009698		5	0	0.9797335762268019	-Inf	0	1	1	1
catechol-containing compound metabolic process	GO:0009712		19	2	3.7229875896618467	-0.6213792809009171	0.5142372660455732	0.8938443279280387	1	1
catechol-containing compound biosynthetic process	GO:0009713		7	1	1.3716270067175225	-0.3159976313497353	0.6763118873418741	0.7827962839733025	1	1
response to carbohydrate	GO:0009743		28	2	5.48650802687009	-1.0091448119096806	0.35690501805843033	0.9826290111417046	1	1
response to hexose	GO:0009746		22	2	4.310827735397928	-0.7679827550927926	0.4487358074677462	0.9476437436359091	1	1
response to glucose	GO:0009749		22	2	4.310827735397928	-0.7679827550927926	0.4487358074677462	0.9476437436359091	1	1
hormone-mediated signaling pathway	GO:0009755		68	7	13.324376636684503	-0.6436850384152154	0.5037724242243106	0.9853735189485766	1	1
embryo development	GO:0009790		114	12	22.33792553797108	-0.6213792809009171	0.5142372660455732	0.9956068065557365	1	1
embryo development ending in birth or egg hatching	GO:0009792		45	4	8.817602186041215	-0.7904556109448511	0.43936503785022574	0.9824497764241864	1	1
axis specification	GO:0009798		13	1	2.547307298189685	-0.9350368397559589	0.38312923895522005	0.9413547843308927	1	1
specification of symmetry	GO:0009799		27	1	5.29056131162473	-1.6659243482987511	0.18790808497335687	0.9965688057552808	1	1
coumarin metabolic process	GO:0009804		5	0	0.9797335762268019	-Inf	0	1	1	1
flavonoid metabolic process	GO:0009812		11	0	2.155413867698964	-Inf	0	1	1	1
alkaloid metabolic process	GO:0009820		6	0	1.1756802914721622	-Inf	0	1	1	1
determination of bilateral symmetry	GO:0009855		27	1	5.29056131162473	-1.6659243482987511	0.18790808497335687	0.9965688057552808	1	1
embryonic pattern specification	GO:0009880		11	1	2.155413867698964	-0.7679827550927926	0.4487358074677462	0.90925940843125	1	1
epidermal cell differentiation	GO:0009913		45	7	8.817602186041215	-0.2308398230094284	0.7278717192883061	0.7860826087756027	1	1
hormone transport	GO:0009914		30	3	5.878401457360811	-0.6726725752884678	0.4904435399678537	0.9509461043501022	1	1
anterior/posterior axis specification	GO:0009948		6	1	1.1756802914721622	-0.16184695152247705	0.7716727237196409	0.72984153184383	1	1
anterior/posterior pattern specification	GO:0009952		12	1	2.3513605829443245	-0.8549941320824224	0.4134089075367419	0.9270508704750915	1	1
dorsal/ventral pattern formation	GO:0009953		9	0	1.7635204372082431	-Inf	0	1	1	1
cell-cell recognition	GO:0009988		19	2	3.7229875896618467	-0.6213792809009171	0.5142372660455732	0.8938443279280387	1	1
glial cell differentiation	GO:0010001		16	2	3.1351474439257654	-0.44952902397425787	0.6010751724526117	0.8506090120081047	1	1
cardioblast differentiation	GO:0010002		5	0	0.9797335762268019	-Inf	0	1	1	1
response to metal ion	GO:0010038		123	12	24.101445975179324	-0.6973651878788393	0.47932865570259287	0.9988989580487968	1	1
response to iron ion	GO:0010039		11	2	2.155413867698964	-0.0748355745328473	0.8294586149673298	0.6658400887503648	1	1
response to zinc ion	GO:0010043		11	0	2.155413867698964	-Inf	0	1	1	1
response to X-ray	GO:0010165		9	1	1.7635204372082431	-0.5673120596306415	0.5403638836722494	0.8596066645829048	1	1
body morphogenesis	GO:0010171		13	0	2.547307298189685	-Inf	0	1	1	1
response to ionizing radiation	GO:0010212		82	6	16.06763065011955	-0.9850472603306202	0.3652462989862176	0.9993888942005068	1	1
response to UV-B	GO:0010224		15	2	2.9392007286804054	-0.38499050283668673	0.6365829165604019	0.8234197544946463	1	1
response to UV-C	GO:0010225		7	1	1.3716270067175225	-0.3159976313497353	0.6763118873418741	0.7827962839733025	1	1
response to lithium ion	GO:0010226		5	0	0.9797335762268019	-Inf	0	1	1	1
vascular transport	GO:0010232		15	1	2.9392007286804054	-1.078137683396632	0.3339847283501357	0.9620999807715159	1	1
NADH dehydrogenase complex assembly	GO:0010257		32	2	6.270294887851531	-1.1426762045342032	0.3137893727853598	0.988077777716682	1	1
regulation of hydrogen peroxide metabolic process	GO:0010310		11	0	2.155413867698964	-Inf	0	1	1	1
membrane invagination	GO:0010324		26	5	5.09461459637937	-0.01874610788180376	0.868180401077128	0.5593677229065497	1	1
response to gamma radiation	GO:0010332		20	0	3.9189343049072076	-Inf	0	1	1	1
regulation of G2/M transition of mitotic cell cycle	GO:0010389		69	6	13.520323351929866	-0.8124345176636265	0.43036761166367515	0.9960812373426777	1	1
fatty acid omega-oxidation	GO:0010430		6	0	1.1756802914721622	-Inf	0	1	1	1
response to acidic pH	GO:0010447		18	1	3.5270408744164863	-1.2604592401905867	0.2798564179962136	0.9803118721859622	1	1
regulation of cell fate commitment	GO:0010453		13	3	2.547307298189685	0.16357544891215084	1.0016275609675553	0.42727390275722177	1	1
negative regulation of cell fate commitment	GO:0010454		7	3	1.3716270067175225	0.7826146573183743	1.5243441625433054	0.09392783594413556	1	1
centriole-centriole cohesion	GO:0010457		11	2	2.155413867698964	-0.0748355745328473	0.8294586149673298	0.6118932315048861	1	1
exit from mitosis	GO:0010458		9	2	1.7635204372082431	0.12583512092930388	0.9730885098117966	0.5515091337986338	1	1
positive regulation of heart rate	GO:0010460		8	2	1.5675737219628827	0.24361815658568745	1.063644502877227	0.48475503253829777	1	1
regulation of mesenchymal cell proliferation	GO:0010464		5	1	0.9797335762268019	0.020474605271477528	0.8959251696155924	0.6639809576251503	1	1
negative regulation of peptidase activity	GO:0010466		17	2	3.331094159171126	-0.5101536457906928	0.5691707139650165	0.8739261887459524	1	1
regulation of signaling receptor activity	GO:0010469		28	5	5.48650802687009	-0.0928540800355255	0.8172621624671887	0.5593677229065497	1	1
intercellular transport	GO:0010496		6	1	1.1756802914721622	-0.16184695152247705	0.7716727237196409	0.72984153184383	1	1
negative regulation of autophagy	GO:0010507		67	9	13.128429921439144	-0.3775555243491688	0.6407762299083434	0.9211683078273512	1	1
positive regulation of autophagy	GO:0010508		123	16	24.101445975179324	-0.40968311542705826	0.6228088035779924	0.9772747215683381	1	1
regulation of phosphatidylinositol biosynthetic process	GO:0010511		5	2	0.9797335762268019	0.7136217858314229	1.4619856571553664	0.2544280030025466	1	1
regulation of calcium ion transport into cytosol	GO:0010522		8	2	1.5675737219628827	0.24361815658568745	1.063644502877227	0.48475503253829777	1	1
transposable element silencing	GO:0010526		17	0	3.331094159171126	-Inf	0	1	1	1
regulation of platelet activation	GO:0010543		32	5	6.270294887851531	-0.2263854726600481	0.7306450459037862	0.7796291252654528	1	1
negative regulation of platelet activation	GO:0010544		11	2	2.155413867698964	-0.0748355745328473	0.8294586149673298	0.6658400887503648	1	1
regulation of glycoprotein biosynthetic process	GO:0010559		17	3	3.331094159171126	-0.10468853768252841	0.8093165486581243	0.6757301864742484	1	1
positive regulation of glycoprotein biosynthetic process	GO:0010560		9	3	1.7635204372082431	0.5313002290374682	1.301399677662636	0.25111567812712277	1	1
negative regulation of phosphorus metabolic process	GO:0010563		129	17	25.277126266651486	-0.39668654259987796	0.6300293895012248	0.9744878502551367	1	1
regulation of ketone metabolic process	GO:0010565		71	9	13.912216782420586	-0.4355427819995182	0.6086345815790593	0.9361619132745723	1	1
regulation of ketone biosynthetic process	GO:0010566		13	1	2.547307298189685	-0.9350368397559589	0.38312923895522005	0.9270508704750915	1	1
regulation of double-strand break repair via homologous recombination	GO:0010569		74	5	14.500056928156667	-1.0647146630644915	0.33833432553023834	0.9993065756114269	1	1
positive regulation of platelet activation	GO:0010572		8	0	1.5675737219628827	-Inf	0	1	1	1
vascular endothelial growth factor production	GO:0010573		6	4	1.1756802914721622	1.2244474095974136	1.9385239673904662	0.01572932667695414	1	1
regulation of vascular endothelial growth factor production	GO:0010574		21	6	4.114881020152567	0.37714954921021	1.171306923303042	0.215928441242727	1	1
positive regulation of vascular endothelial growth factor production	GO:0010575		20	6	3.9189343049072076	0.4259397133796419	1.2118523860835395	0.18261536308991114	1	1
miRNA metabolic process	GO:0010586		17	1	3.331094159171126	-1.203300826350638	0.2958661985436187	0.9755081197271886	1	1
miRNA catabolic process	GO:0010587		11	1	2.155413867698964	-0.7679827550927926	0.4487358074677462	0.90925940843125	1	1
regulation of lamellipodium assembly	GO:0010591		24	5	4.702721165888649	0.061296599791732624	0.9253739868631661	0.5201872527667094	1	1
positive regulation of lamellipodium assembly	GO:0010592		18	4	3.5270408744164863	0.12583512092930388	0.9730885098117966	0.4814757423991832	1	1
regulation of endothelial cell migration	GO:0010594		140	23	27.43254013435045	-0.17623568897457664	0.7623892082348908	0.854919670663798	1	1
positive regulation of endothelial cell migration	GO:0010595		92	19	18.027097802573156	0.052562919822977894	0.9190251767429336	0.44016627752677323	1	1
negative regulation of endothelial cell migration	GO:0010596		47	5	9.209495616531937	-0.6107971715703803	0.519265730842211	0.9669253761109791	1	1
regulation of cytoplasmic mRNA processing body assembly	GO:0010603		5	0	0.9797335762268019	-Inf	0	1	1	1
regulation of cardiac muscle hypertrophy	GO:0010611		17	3	3.331094159171126	-0.10468853768252841	0.8093165486581243	0.6757301864742484	1	1
positive regulation of cardiac muscle hypertrophy	GO:0010613		13	2	2.547307298189685	-0.2418896591960136	0.7210246532773757	0.7554039042054765	1	1
epithelial cell migration	GO:0010631		14	2	2.743254013435045	-0.3159976313497353	0.6763118873418741	0.791856760042744	1	1
regulation of epithelial cell migration	GO:0010632		44	5	8.621655470795856	-0.544839203778583	0.5515433572899587	0.9499909828651831	1	1
negative regulation of epithelial cell migration	GO:0010633		12	0	2.3513605829443245	-Inf	0	1	1	1
positive regulation of epithelial cell migration	GO:0010634		30	4	5.878401457360811	-0.38499050283668673	0.6365829165604019	0.8663767449433968	1	1
regulation of mitochondrial fusion	GO:0010635		14	2	2.743254013435045	-0.3159976313497353	0.6763118873418741	0.7554039042054765	1	1
positive regulation of mitochondrial fusion	GO:0010636		6	1	1.1756802914721622	-0.16184695152247705	0.7716727237196409	0.6639809576251503	1	1
negative regulation of mitochondrial fusion	GO:0010637		7	1	1.3716270067175225	-0.3159976313497353	0.6763118873418741	0.7827962839733025	1	1
regulation of platelet-derived growth factor receptor signaling pathway	GO:0010640		13	8	2.547307298189685	1.144404701923877	1.8619858832688638	0.001075405009505975	0.939130719129487	0.939130719129487
positive regulation of platelet-derived growth factor receptor signaling pathway	GO:0010641		6	4	1.1756802914721622	1.2244474095974136	1.9385239673904662	0.01572932667695414	1	1
negative regulation of platelet-derived growth factor receptor signaling pathway	GO:0010642		7	4	1.3716270067175225	1.0702967297701553	1.79162260898323	0.0310439436114551	1	1
cell communication by electrical coupling	GO:0010644		11	1	2.155413867698964	-0.7679827550927926	0.4487358074677462	0.90925940843125	1	1
regulation of cell communication by electrical coupling	GO:0010649		12	2	2.3513605829443245	-0.16184695152247705	0.7716727237196409	0.7135533259489933	1	1
negative regulation of muscle cell apoptotic process	GO:0010656		15	2	2.9392007286804054	-0.38499050283668673	0.6365829165604019	0.8234197544946463	1	1
regulation of muscle cell apoptotic process	GO:0010660		24	3	4.702721165888649	-0.44952902397425804	0.6010751724526116	0.8762696930387821	1	1
positive regulation of muscle cell apoptotic process	GO:0010661		9	1	1.7635204372082431	-0.5673120596306415	0.5403638836722494	0.8596066645829048	1	1
regulation of striated muscle cell apoptotic process	GO:0010662		7	2	1.3716270067175225	0.37714954921021	1.171306923303042	0.412113019066995	1	1
negative regulation of striated muscle cell apoptotic process	GO:0010664		6	2	1.1756802914721622	0.5313002290374682	1.301399677662636	0.33467808653175235	1	1
regulation of cardiac muscle cell apoptotic process	GO:0010665		6	1	1.1756802914721622	-0.16184695152247705	0.7716727237196409	0.72984153184383	1	1
negative regulation of cardiac muscle cell apoptotic process	GO:0010667		5	1	0.9797335762268019	0.020474605271477528	0.8959251696155924	0.6639809576251503	1	1
epithelial structure maintenance	GO:0010669		11	0	2.155413867698964	-Inf	0	1	1	1
regulation of collagen metabolic process	GO:0010712		20	3	3.9189343049072076	-0.2672074671803034	0.705512384119831	0.7813010638640464	1	1
positive regulation of collagen metabolic process	GO:0010714		13	2	2.547307298189685	-0.2418896591960136	0.7210246532773757	0.7554039042054765	1	1
regulation of extracellular matrix disassembly	GO:0010715		16	3	3.1351474439257654	-0.04406391586609347	0.8505613782850316	0.6330949519004381	1	1
regulation of epithelial to mesenchymal transition	GO:0010717		67	16	13.128429921439144	0.19780862055439313	1.0279082329231302	0.22789188456544598	1	1
positive regulation of epithelial to mesenchymal transition	GO:0010718		36	13	7.054081748832973	0.6113429367110048	1.3710892491898223	0.015360713662464198	1	1
negative regulation of epithelial to mesenchymal transition	GO:0010719		27	3	5.29056131162473	-0.5673120596306415	0.5403638836722494	0.9213816428600476	1	1
positive regulation of cell development	GO:0010720		114	15	22.33792553797108	-0.3982357295867075	0.6291652920174438	0.9604383554691465	1	1
negative regulation of cell development	GO:0010721		75	14	14.696003643402026	-0.04851826621547384	0.8474853895846957	0.6262954086513477	1	1
regulation of macrophage derived foam cell differentiation	GO:0010743		28	9	5.48650802687009	0.4949325848665934	1.2701963443406667	0.08087869620050994	1	1
positive regulation of macrophage derived foam cell differentiation	GO:0010744		16	5	3.1351474439257654	0.46676170789989724	1.2462354374242461	0.18965628297099674	1	1
negative regulation of macrophage derived foam cell differentiation	GO:0010745		12	4	2.3513605829443245	0.5313002290374682	1.301399677662636	0.19470778732926153	1	1
regulation of nitric oxide mediated signal transduction	GO:0010749		5	2	0.9797335762268019	0.7136217858314229	1.4619856571553664	0.2544280030025466	1	1
regulation of plasminogen activation	GO:0010755		11	3	2.155413867698964	0.3306295335753171	1.13323234459792	0.3691323739002324	1	1
positive regulation of plasminogen activation	GO:0010756		6	2	1.1756802914721622	0.5313002290374682	1.301399677662636	0.33467808653175235	1	1
negative regulation of plasminogen activation	GO:0010757		5	1	0.9797335762268019	0.020474605271477528	0.8959251696155924	0.6639809576251503	1	1
regulation of macrophage chemotaxis	GO:0010758		14	3	2.743254013435045	0.08946747675842903	0.9460294016458648	0.5366867691818712	1	1
positive regulation of macrophage chemotaxis	GO:0010759		11	3	2.155413867698964	0.3306295335753171	1.13323234459792	0.3691323739002324	1	1
regulation of fibroblast migration	GO:0010762		11	1	2.155413867698964	-0.7679827550927926	0.4487358074677462	0.90925940843125	1	1
positive regulation of fibroblast migration	GO:0010763		5	1	0.9797335762268019	0.020474605271477528	0.8959251696155924	0.6639809576251503	1	1
positive regulation of sodium ion transport	GO:0010765		15	3	2.9392007286804054	0.020474605271477528	0.8959251696155924	0.5366867691818712	1	1
negative regulation of sodium ion transport	GO:0010766		9	2	1.7635204372082431	0.12583512092930388	0.9730885098117966	0.5515091337986338	1	1
DNA double-strand break processing involved in repair via single-strand annealing	GO:0010792		6	1	1.1756802914721622	-0.16184695152247705	0.7716727237196409	0.72984153184383	1	1
regulation of mRNA export from nucleus	GO:0010793		8	1	1.5675737219628827	-0.44952902397425787	0.6010751724526117	0.8253736056068746	1	1
regulation of peptidyl-threonine phosphorylation	GO:0010799		11	1	2.155413867698964	-0.7679827550927926	0.4487358074677462	0.8871303793693512	1	1
positive regulation of peptidyl-threonine phosphorylation	GO:0010800		10	1	1.9594671524536038	-0.6726725752884678	0.4904435399678537	0.8596066645829048	1	1
regulation of tumor necrosis factor-mediated signaling pathway	GO:0010803		51	12	9.993282477513377	0.1829935347692526	1.0164894330322407	0.2643775207115599	1	1
negative regulation of tumor necrosis factor-mediated signaling pathway	GO:0010804		23	5	4.506774450643289	0.10385621421052853	0.9566826872276941	0.4378631785228037	1	1
regulation of cell-substrate adhesion	GO:0010810		133	21	26.06091312763293	-0.21591417279275285	0.737194362814586	0.8910647171223336	1	1
positive regulation of cell-substrate adhesion	GO:0010811		70	12	13.716270067175225	-0.13367607455578068	0.7900734555975877	0.7425295159057883	1	1
negative regulation of cell-substrate adhesion	GO:0010812		40	7	7.837868609814415	-0.1130567873530451	0.8037293568684701	0.6924253584529746	1	1
bradykinin catabolic process	GO:0010815		6	1	1.1756802914721622	-0.16184695152247705	0.7716727237196409	0.72984153184383	1	1
T cell chemotaxis	GO:0010818		10	2	1.9594671524536038	0.020474605271477528	0.8959251696155924	0.6118932315048861	1	1
regulation of T cell chemotaxis	GO:0010819		11	5	2.155413867698964	0.8414551573413077	1.5781211568485796	0.04652792620488307	1	1
positive regulation of T cell chemotaxis	GO:0010820		10	4	1.9594671524536038	0.7136217858314229	1.4619856571553664	0.11378252681862328	1	1
regulation of mitochondrion organization	GO:0010821		90	15	17.63520437208243	-0.1618469515224769	0.7716727237196409	0.7660647113276772	1	1
regulation of centrosome duplication	GO:0010824		40	5	7.837868609814415	-0.44952902397425804	0.6010751724526116	0.9037520080098431	1	1
negative regulation of centrosome duplication	GO:0010826		9	0	1.7635204372082431	-Inf	0	1	1	1
regulation of D-glucose transmembrane transport	GO:0010827		35	4	6.858135033587613	-0.5391411826639451	0.5544080151108676	0.9326085547361003	1	1
positive regulation of D-glucose transmembrane transport	GO:0010828		23	2	4.506774450643289	-0.8124345176636266	0.4303676116636751	0.9563004221799327	1	1
negative regulation of D-glucose transmembrane transport	GO:0010829		10	2	1.9594671524536038	0.020474605271477528	0.8959251696155924	0.6118932315048861	1	1
regulation of myotube differentiation	GO:0010830		13	0	2.547307298189685	-Inf	0	1	1	1
positive regulation of myotube differentiation	GO:0010831		5	0	0.9797335762268019	-Inf	0	1	1	1
negative regulation of myotube differentiation	GO:0010832		7	0	1.3716270067175225	-Inf	0	1	1	1
telomere maintenance via telomere lengthening	GO:0010833		24	2	4.702721165888649	-0.8549941320824224	0.4134089075367419	0.9476437436359091	1	1
regulation of protein ADP-ribosylation	GO:0010835		5	2	0.9797335762268019	0.7136217858314229	1.4619856571553664	0.17458823432574583	1	1
regulation of keratinocyte proliferation	GO:0010837		25	3	4.898667881134009	-0.49035101849451307	0.579438399183867	0.8567486189236605	1	1
positive regulation of keratinocyte proliferation	GO:0010838		12	1	2.3513605829443245	-0.8549941320824224	0.4134089075367419	0.90925940843125	1	1
negative regulation of keratinocyte proliferation	GO:0010839		7	0	1.3716270067175225	-Inf	0	1	1	1
regulation of triglyceride biosynthetic process	GO:0010866		8	2	1.5675737219628827	0.24361815658568745	1.063644502877227	0.48475503253829777	1	1
positive regulation of triglyceride biosynthetic process	GO:0010867		5	2	0.9797335762268019	0.7136217858314229	1.4619856571553664	0.2544280030025466	1	1
regulation of cholesterol efflux	GO:0010874		25	4	4.898667881134009	-0.2026689460427322	0.7455383845037314	0.750716981491383	1	1
positive regulation of cholesterol efflux	GO:0010875		19	3	3.7229875896618467	-0.21591417279275285	0.737194362814586	0.7497227204384175	1	1
lipid localization	GO:0010876		160	16	31.35147443925766	-0.6726725752884678	0.4904435399678537	0.9996403468237264	1	1
regulation of release of sequestered calcium ion into cytosol by sarcoplasmic reticulum	GO:0010880		24	2	4.702721165888649	-0.8549941320824224	0.4134089075367419	0.9635759430109465	1	1
regulation of cardiac muscle contraction by regulation of the release of sequestered calcium ion	GO:0010881		18	1	3.5270408744164863	-1.2604592401905867	0.2798564179962136	0.9803118721859622	1	1
regulation of cardiac muscle contraction by calcium ion signaling	GO:0010882		26	1	5.09461459637937	-1.6281840203159041	0.19504664738750926	0.9965688057552808	1	1
regulation of lipid storage	GO:0010883		24	8	4.702721165888649	0.5313002290374682	1.301399677662636	0.06445353998211015	1	1
positive regulation of lipid storage	GO:0010884		10	4	1.9594671524536038	0.7136217858314229	1.4619856571553664	0.08032957970501445	1	1
regulation of cholesterol storage	GO:0010885		11	3	2.155413867698964	0.3306295335753171	1.13323234459792	0.3691323739002324	1	1
negative regulation of cholesterol storage	GO:0010887		7	2	1.3716270067175225	0.37714954921021	1.171306923303042	0.412113019066995	1	1
negative regulation of lipid storage	GO:0010888		13	4	2.547307298189685	0.4512575213639317	1.2331288170502879	0.24026976015350388	1	1
positive regulation of steroid biosynthetic process	GO:0010893		18	4	3.5270408744164863	0.12583512092930388	0.9730885098117966	0.4341305238893221	1	1
negative regulation of steroid biosynthetic process	GO:0010894		16	2	3.1351474439257654	-0.44952902397425787	0.6010751724526117	0.8234197544946463	1	1
regulation of triglyceride catabolic process	GO:0010896		7	0	1.3716270067175225	-Inf	0	1	1	1
positive regulation of triglyceride catabolic process	GO:0010898		5	0	0.9797335762268019	-Inf	0	1	1	1
regulation of very-low-density lipoprotein particle remodeling	GO:0010901		8	0	1.5675737219628827	-Inf	0	1	1	1
negative regulation of very-low-density lipoprotein particle remodeling	GO:0010903		6	0	1.1756802914721622	-Inf	0	1	1	1
regulation of glucose metabolic process	GO:0010906		39	4	7.6419218945690535	-0.6473547673041777	0.5020681643096098	0.9623561196644359	1	1
positive regulation of glucose metabolic process	GO:0010907		18	2	3.5270408744164863	-0.5673120596306415	0.5403638836722494	0.8938443279280387	1	1
negative regulation of mitochondrial membrane potential	GO:0010917		6	0	1.1756802914721622	-Inf	0	1	1	1
regulation of inositol phosphate biosynthetic process	GO:0010919		7	1	1.3716270067175225	-0.3159976313497353	0.6763118873418741	0.7827962839733025	1	1
regulation of phosphatase activity	GO:0010921		7	0	1.3716270067175225	-Inf	0	1	1	1
cellular component assembly involved in morphogenesis	GO:0010927		20	0	3.9189343049072076	-Inf	0	1	1	1
regulation of macrophage cytokine production	GO:0010935		7	1	1.3716270067175225	-0.3159976313497353	0.6763118873418741	0.7827962839733025	1	1
negative regulation of transcription by competitive promoter binding	GO:0010944		12	1	2.3513605829443245	-0.8549941320824224	0.4134089075367419	0.9270508704750915	1	1
negative regulation of cell cycle process	GO:0010948		183	12	35.85824888990094	-1.0946669853478426	0.3286999817292539	0.9999996852048013	1	1
positive regulation of endopeptidase activity	GO:0010950		8	0	1.5675737219628827	-Inf	0	1	1	1
negative regulation of endopeptidase activity	GO:0010951		12	2	2.3513605829443245	-0.16184695152247705	0.7716727237196409	0.7135533259489933	1	1
positive regulation of peptidase activity	GO:0010952		13	2	2.547307298189685	-0.2418896591960136	0.7210246532773757	0.7554039042054765	1	1
positive regulation of protein processing	GO:0010954		12	2	2.3513605829443245	-0.16184695152247705	0.7716727237196409	0.7135533259489933	1	1
negative regulation of protein processing	GO:0010955		15	2	2.9392007286804054	-0.38499050283668673	0.6365829165604019	0.8234197544946463	1	1
regulation of glucan biosynthetic process	GO:0010962		17	1	3.331094159171126	-1.203300826350638	0.2958661985436187	0.9695327120224101	1	1
regulation of mitotic sister chromatid separation	GO:0010965		42	1	8.229762040305134	-2.1077571005777904	0.12121315472777068	0.9998960639804841	1	1
regulation of phosphate transport	GO:0010966		5	1	0.9797335762268019	0.020474605271477528	0.8959251696155924	0.6639809576251503	1	1
regulation of microtubule nucleation	GO:0010968		11	1	2.155413867698964	-0.7679827550927926	0.4487358074677462	0.90925940843125	1	1
transport along microtubule	GO:0010970		56	8	10.97301605374018	-0.3159976313497353	0.6763118873418741	0.8825779836058022	1	1
positive regulation of G2/M transition of mitotic cell cycle	GO:0010971		19	1	3.7229875896618467	-1.3145264614608625	0.26547226383291483	0.9841736533539538	1	1
negative regulation of G2/M transition of mitotic cell cycle	GO:0010972		46	4	9.013548901286578	-0.8124345176636266	0.4303676116636751	0.9871871955242539	1	1
regulation of neuron projection development	GO:0010975		104	14	20.37845838551748	-0.37542105182053614	0.6419839963803805	0.9482363298080891	1	1
positive regulation of neuron projection development	GO:0010976		44	7	8.621655470795856	-0.20836696715737	0.7419406644966718	0.7649066956208329	1	1
negative regulation of neuron projection development	GO:0010977		28	2	5.48650802687009	-1.0091448119096806	0.35690501805843033	0.9826290111417046	1	1
regulation of lipoprotein particle clearance	GO:0010984		14	4	2.743254013435045	0.37714954921021	1.171306923303042	0.2878991921787099	1	1
negative regulation of lipoprotein particle clearance	GO:0010985		9	2	1.7635204372082431	0.12583512092930388	0.9730885098117966	0.5515091337986338	1	1
regulation of low-density lipoprotein particle clearance	GO:0010988		10	4	1.9594671524536038	0.7136217858314229	1.4619856571553664	0.11378252681862328	1	1
negative regulation of low-density lipoprotein particle clearance	GO:0010989		6	2	1.1756802914721622	0.5313002290374682	1.301399677662636	0.33467808653175235	1	1
ubiquitin recycling	GO:0010992		8	1	1.5675737219628827	-0.44952902397425787	0.6010751724526117	0.7827962839733025	1	1
free ubiquitin chain polymerization	GO:0010994		7	1	1.3716270067175225	-0.3159976313497353	0.6763118873418741	0.72984153184383	1	1
response to auditory stimulus	GO:0010996		10	1	1.9594671524536038	-0.6726725752884678	0.4904435399678537	0.8871303793693512	1	1
astrocyte development	GO:0014002		6	2	1.1756802914721622	0.5313002290374682	1.301399677662636	0.33467808653175235	1	1
oligodendrocyte development	GO:0014003		8	1	1.5675737219628827	-0.44952902397425787	0.6010751724526117	0.8253736056068746	1	1
regulation of gliogenesis	GO:0014013		13	3	2.547307298189685	0.16357544891215084	1.0016275609675553	0.48337514553833716	1	1
positive regulation of gliogenesis	GO:0014015		10	3	1.9594671524536038	0.4259397133796419	1.2118523860835395	0.30997274297362254	1	1
neural crest formation	GO:0014029		8	2	1.5675737219628827	0.24361815658568745	1.063644502877227	0.412113019066995	1	1
neural crest cell development	GO:0014032		12	2	2.3513605829443245	-0.16184695152247705	0.7716727237196409	0.7135533259489933	1	1
neural crest cell differentiation	GO:0014033		15	2	2.9392007286804054	-0.38499050283668673	0.6365829165604019	0.791856760042744	1	1
response to purine-containing compound	GO:0014074		59	11	11.56085619947626	-0.04972965340177085	0.846650096398295	0.6248703444138987	1	1
striated muscle tissue development	GO:0014706		50	2	9.797335762268018	-1.5889633071626228	0.20274527604477344	0.9997610438913387	1	1
positive regulation of muscle hypertrophy	GO:0014742		13	2	2.547307298189685	-0.2418896591960136	0.7210246532773757	0.7554039042054765	1	1
regulation of muscle hypertrophy	GO:0014743		17	3	3.331094159171126	-0.10468853768252841	0.8093165486581243	0.6757301864742484	1	1
muscle cell migration	GO:0014812		5	0	0.9797335762268019	-Inf	0	1	1	1
regulation of skeletal muscle contraction	GO:0014819		11	1	2.155413867698964	-0.7679827550927926	0.4487358074677462	0.8871303793693512	1	1
phasic smooth muscle contraction	GO:0014821		9	2	1.7635204372082431	0.12583512092930388	0.9730885098117966	0.5515091337986338	1	1
vascular associated smooth muscle contraction	GO:0014829		6	1	1.1756802914721622	-0.16184695152247705	0.7716727237196409	0.72984153184383	1	1
muscle hypertrophy	GO:0014896		6	0	1.1756802914721622	-Inf	0	1	1	1
striated muscle hypertrophy	GO:0014897		5	0	0.9797335762268019	-Inf	0	1	1	1
myotube differentiation	GO:0014902		15	0	2.9392007286804054	-Inf	0	1	1	1
regulation of smooth muscle cell migration	GO:0014910		31	9	6.074348172606171	0.39314989055665117	1.1845358369347365	0.13702871962424662	1	1
positive regulation of smooth muscle cell migration	GO:0014911		16	5	3.1351474439257654	0.46676170789989724	1.2462354374242461	0.18965628297099674	1	1
negative regulation of smooth muscle cell migration	GO:0014912		14	2	2.743254013435045	-0.3159976313497353	0.6763118873418741	0.791856760042744	1	1
heparan sulfate proteoglycan biosynthetic process	GO:0015012		14	2	2.743254013435045	-0.3159976313497353	0.6763118873418741	0.791856760042744	1	1
gas transport	GO:0015669		11	0	2.155413867698964	-Inf	0	1	1	1
oxygen transport	GO:0015671		8	0	1.5675737219628827	-Inf	0	1	1	1
magnesium ion transport	GO:0015693		10	1	1.9594671524536038	-0.6726725752884678	0.4904435399678537	0.8596066645829048	1	1
organic cation transport	GO:0015695		66	5	12.932483206193783	-0.9503043118867472	0.3775869588787042	0.9978262903969316	1	1
quaternary ammonium group transport	GO:0015697		11	0	2.155413867698964	-Inf	0	1	1	1
inorganic anion transport	GO:0015698		84	3	16.45952408061027	-1.7022919924696258	0.18127092723025134	0.9999956174222371	1	1
bicarbonate transport	GO:0015701		18	0	3.5270408744164863	-Inf	0	1	1	1
iodide transport	GO:0015705		6	0	1.1756802914721622	-Inf	0	1	1	1
hexose phosphate transport	GO:0015712		5	1	0.9797335762268019	0.020474605271477528	0.8959251696155924	0.6639809576251503	1	1
monocarboxylic acid transport	GO:0015718		77	7	15.087897073892746	-0.7679827550927925	0.4487358074677463	0.996355484053639	1	1
bile acid and bile salt transport	GO:0015721		14	0	2.743254013435045	-Inf	0	1	1	1
lactate transport	GO:0015727		5	1	0.9797335762268019	0.020474605271477528	0.8959251696155924	0.6639809576251503	1	1
prostaglandin transport	GO:0015732		10	1	1.9594671524536038	-0.6726725752884678	0.4904435399678537	0.8871303793693512	1	1
C4-dicarboxylate transport	GO:0015740		13	2	2.547307298189685	-0.2418896591960136	0.7210246532773757	0.7554039042054765	1	1
alpha-ketoglutarate transport	GO:0015742		5	1	0.9797335762268019	0.020474605271477528	0.8959251696155924	0.6639809576251503	1	1
urate transport	GO:0015747		6	0	1.1756802914721622	-Inf	0	1	1	1
organophosphate ester transport	GO:0015748		99	9	19.398724809290673	-0.7679827550927925	0.4487358074677463	0.9986874609543279	1	1
monosaccharide transmembrane transport	GO:0015749		26	1	5.09461459637937	-1.6281840203159041	0.19504664738750926	0.9946890607120057	1	1
fructose transmembrane transport	GO:0015755		6	0	1.1756802914721622	-Inf	0	1	1	1
glucose-6-phosphate transport	GO:0015760		5	1	0.9797335762268019	0.020474605271477528	0.8959251696155924	0.6639809576251503	1	1
nucleotide-sugar transmembrane transport	GO:0015780		8	0	1.5675737219628827	-Inf	0	1	1	1
polyol transmembrane transport	GO:0015791		7	1	1.3716270067175225	-0.3159976313497353	0.6763118873418741	0.7827962839733025	1	1
glycerol transmembrane transport	GO:0015793		7	1	1.3716270067175225	-0.3159976313497353	0.6763118873418741	0.7827962839733025	1	1
acidic amino acid transport	GO:0015800		12	3	2.3513605829443245	0.24361815658568728	1.0636445028772268	0.42727390275722177	1	1
aromatic amino acid transport	GO:0015801		8	3	1.5675737219628827	0.6490832646938518	1.4044007738015039	0.1941869786530865	1	1
basic amino acid transport	GO:0015802		14	3	2.743254013435045	0.08946747675842903	0.9460294016458648	0.5366867691818712	1	1
branched-chain amino acid transport	GO:0015803		8	2	1.5675737219628827	0.24361815658568745	1.063644502877227	0.48475503253829777	1	1
neutral amino acid transport	GO:0015804		35	5	6.858135033587613	-0.3159976313497353	0.6763118873418741	0.8432706515307955	1	1
L-amino acid transport	GO:0015807		40	8	7.837868609814415	0.020474605271477528	0.8959251696155924	0.5062713446530097	1	1
L-alanine transport	GO:0015808		8	1	1.5675737219628827	-0.44952902397425787	0.6010751724526117	0.8253736056068746	1	1
aspartate transmembrane transport	GO:0015810		8	2	1.5675737219628827	0.24361815658568745	1.063644502877227	0.48475503253829777	1	1
L-cystine transport	GO:0015811		5	1	0.9797335762268019	0.020474605271477528	0.8959251696155924	0.6639809576251503	1	1
L-glutamate transmembrane transport	GO:0015813		10	3	1.9594671524536038	0.4259397133796419	1.2118523860835395	0.30997274297362254	1	1
glycine transport	GO:0015816		5	0	0.9797335762268019	-Inf	0	1	1	1
L-leucine transport	GO:0015820		8	2	1.5675737219628827	0.24361815658568745	1.063644502877227	0.48475503253829777	1	1
ornithine transport	GO:0015822		6	1	1.1756802914721622	-0.16184695152247705	0.7716727237196409	0.6639809576251503	1	1
proline transport	GO:0015824		6	2	1.1756802914721622	0.5313002290374682	1.301399677662636	0.33467808653175235	1	1
peptide transport	GO:0015833		29	1	5.68245474211545	-1.737383312280896	0.175084390045287	0.9982183970671676	1	1
amine transport	GO:0015837		5	0	0.9797335762268019	-Inf	0	1	1	1
amino-acid betaine transport	GO:0015838		7	0	1.3716270067175225	-Inf	0	1	1	1
monoamine transport	GO:0015844		17	1	3.331094159171126	-1.203300826350638	0.2958661985436187	0.9755081197271886	1	1
polyamine transport	GO:0015846		6	0	1.1756802914721622	-Inf	0	1	1	1
organic acid transport	GO:0015849		158	16	30.959581008766932	-0.6600937930816075	0.49619003320140787	0.9994783762779657	1	1
organic hydroxy compound transport	GO:0015850		100	8	19.594671524536036	-0.8958161266026775	0.39770677283583683	0.9995623786130167	1	1
nucleobase transport	GO:0015851		8	1	1.5675737219628827	-0.44952902397425787	0.6010751724526117	0.8253736056068746	1	1
nucleoside transport	GO:0015858		7	0	1.3716270067175225	-Inf	0	1	1	1
uridine transmembrane transport	GO:0015862		6	0	1.1756802914721622	-Inf	0	1	1	1
pyrimidine nucleoside transport	GO:0015864		6	0	1.1756802914721622	-Inf	0	1	1	1
purine nucleotide transport	GO:0015865		27	3	5.29056131162473	-0.5673120596306415	0.5403638836722494	0.9213816428600476	1	1
ATP transport	GO:0015867		13	1	2.547307298189685	-0.9350368397559589	0.38312923895522005	0.9413547843308927	1	1
purine ribonucleotide transport	GO:0015868		23	2	4.506774450643289	-0.8124345176636266	0.4303676116636751	0.9563004221799327	1	1
choline transport	GO:0015871		9	0	1.7635204372082431	-Inf	0	1	1	1
dopamine transport	GO:0015872		12	1	2.3513605829443245	-0.8549941320824224	0.4134089075367419	0.9270508704750915	1	1
norepinephrine transport	GO:0015874		6	0	1.1756802914721622	-Inf	0	1	1	1
carnitine transport	GO:0015879		7	0	1.3716270067175225	-Inf	0	1	1	1
folic acid transport	GO:0015884		6	0	1.1756802914721622	-Inf	0	1	1	1
heme transport	GO:0015886		5	1	0.9797335762268019	0.020474605271477528	0.8959251696155924	0.6639809576251503	1	1
thiamine transport	GO:0015888		7	0	1.3716270067175225	-Inf	0	1	1	1
cobalamin transport	GO:0015889		9	0	1.7635204372082431	-Inf	0	1	1	1
fatty acid transport	GO:0015908		41	5	8.033815325059775	-0.47422163656462957	0.587911536007993	0.9255153589106311	1	1
long-chain fatty acid transport	GO:0015909		24	2	4.702721165888649	-0.8549941320824224	0.4134089075367419	0.9635759430109465	1	1
phospholipid transport	GO:0015914		52	4	10.18922919275874	-0.9350368397559589	0.38312923895522005	0.9951482043988635	1	1
sterol transport	GO:0015918		48	5	9.405442331777298	-0.6318505807682127	0.5093019383311344	0.9669253761109791	1	1
peroxisomal membrane transport	GO:0015919		18	1	3.5270408744164863	-1.2604592401905867	0.2798564179962136	0.9803118721859622	1	1
nucleobase-containing compound transport	GO:0015931		113	16	22.14197882272572	-0.32488657876698135	0.6710904600249674	0.94763936478369315	1	1
coenzyme A metabolic process	GO:0015936		10	1	1.9594671524536038	-0.6726725752884678	0.4904435399678537	0.8871303793693512	1	1
coenzyme A biosynthetic process	GO:0015937		9	1	1.7635204372082431	-0.5673120596306415	0.5403638836722494	0.8596066645829048	1	1
pantothenate metabolic process	GO:0015939		6	0	1.1756802914721622	-Inf	0	1	1	1
nucleobase-containing small molecule interconversion	GO:0015949		8	2	1.5675737219628827	0.24361815658568745	1.063644502877227	0.48475503253829777	1	1
energy derivation by oxidation of organic compounds	GO:0015980		95	9	18.614937948309233	-0.7267397965587434	0.4663896971659382	0.9973818880485443	1	1
proton motive force-driven ATP synthesis	GO:0015986		14	2	2.743254013435045	-0.3159976313497353	0.6763118873418741	0.791856760042744	1	1
viral process	GO:0016032		164	26	32.1352613002391	-0.21185737209713854	0.7397429202154567	0.8881872604477824	1	1
lipid catabolic process	GO:0016042		162	13	31.74336786974838	-0.8927344600652694	0.3988731360839416	0.9999812935320352	1	1
detection of bacterium	GO:0016045		14	3	2.743254013435045	0.08946747675842903	0.9460294016458648	0.5366867691818712	1	1
cell growth	GO:0016049		18	2	3.5270408744164863	-0.5673120596306415	0.5403638836722494	0.8938443279280387	1	1
vesicle organization	GO:0016050		147	14	28.80416714106797	-0.7214627394578996	0.46869159825755335	0.9994091566132226	1	1
carbohydrate biosynthetic process	GO:0016051		57	8	11.16896276898554	-0.3336972084491363	0.665945038847369	0.8940901684044065	1	1
carbohydrate catabolic process	GO:0016052		52	3	10.18922919275874	-1.2227189122077398	0.29033249606568134	0.99891522461986	1	1
organic acid biosynthetic process	GO:0016053		156	13	30.567687578276214	-0.8549941320824223	0.413408907536742	0.9999712280880251	1	1
organic acid catabolic process	GO:0016054		155	8	30.371740863030855	-1.3340710575338328	0.26044823509332327	0.9999998946829415	1	1
Wnt signaling pathway	GO:0016055		70	16	13.716270067175225	0.15400599789600025	0.9943476464719979	0.26734759324376467	1	1
immunoglobulin mediated immune response	GO:0016064		13	1	2.547307298189685	-0.9350368397559589	0.38312923895522005	0.9413547843308927	1	1
rRNA metabolic process	GO:0016072		102	19	19.986564955026754	-0.05062131641225249	0.8460356032375044	0.5997238570921803	1	1
snRNA metabolic process	GO:0016073		37	6	7.2500284640783335	-0.18924592571059148	0.7540623264792583	0.7593787734475029	1	1
rRNA catabolic process	GO:0016075		8	2	1.5675737219628827	0.24361815658568745	1.063644502877227	0.48475503253829777	1	1
tRNA decay	GO:0016078		6	0	1.1756802914721622	-Inf	0	1	1	1
synaptic vesicle exocytosis	GO:0016079		10	1	1.9594671524536038	-0.6726725752884678	0.4904435399678537	0.8871303793693512	1	1
polyprenol metabolic process	GO:0016093		10	1	1.9594671524536038	-0.6726725752884678	0.4904435399678537	0.8871303793693512	1	1
monoterpenoid metabolic process	GO:0016098		6	0	1.1756802914721622	-Inf	0	1	1	1
diterpenoid metabolic process	GO:0016101		57	1	11.16896276898554	-2.4131387501289723	0.0894146364608089	0.9999924709664757	1	1
terpenoid catabolic process	GO:0016115		7	1	1.3716270067175225	-0.3159976313497353	0.6763118873418741	0.7827962839733025	1	1
sterol metabolic process	GO:0016125		69	9	13.520323351929866	-0.4069694095554622	0.6243111154330052	0.9361619132745723	1	1
sterol biosynthetic process	GO:0016126		26	5	5.09461459637937	-0.01874610788180376	0.868180401077128	0.5593677229065497	1	1
sterol catabolic process	GO:0016127		5	1	0.9797335762268019	0.020474605271477528	0.8959251696155924	0.6639809576251503	1	1
glycoside metabolic process	GO:0016137		14	0	2.743254013435045	-Inf	0	1	1	1
snRNA processing	GO:0016180		22	3	4.310827735397928	-0.36251764698462824	0.6493225649570408	0.8345790763109171	1	1
endosomal transport	GO:0016197		157	21	30.763634293521573	-0.3818108499193071	0.6383736327569202	0.9755957375478396	1	1
regulation of striated muscle tissue development	GO:0016202		10	0	1.9594671524536038	-Inf	0	1	1	1
iron-sulfur cluster assembly	GO:0016226		15	2	2.9392007286804054	-0.38499050283668673	0.6365829165604019	0.8234197544946463	1	1
telomere capping	GO:0016233		15	1	2.9392007286804054	-1.078137683396632	0.3339847283501357	0.9270508704750915	1	1
macroautophagy	GO:0016236		154	22	30.175794147785492	-0.3159976313497353	0.6763118873418741	0.9596009510196215	1	1
positive regulation of macroautophagy	GO:0016239		74	7	14.500056928156667	-0.7282424264432785	0.465736034178808	0.9935669526732807	1	1
autophagosome membrane docking	GO:0016240		7	1	1.3716270067175225	-0.3159976313497353	0.6763118873418741	0.7827962839733025	1	1
regulation of macroautophagy	GO:0016241		131	15	25.669019697142208	-0.5372346043933636	0.555369264325438	0.9943924705637968	1	1
negative regulation of macroautophagy	GO:0016242		24	3	4.702721165888649	-0.44952902397425804	0.6010751724526116	0.8762696930387821	1	1
attachment of GPI anchor to protein	GO:0016255		6	0	1.1756802914721622	-Inf	0	1	1	1
gap junction assembly	GO:0016264		6	2	1.1756802914721622	0.5313002290374682	1.301399677662636	0.33467808653175235	1	1
protein O-linked glycosylation via N-acetyl-galactosamine	GO:0016266		39	8	7.6419218945690535	0.04579241325576761	0.914121495170744	0.4421989579306179	1	1
dephosphorylation	GO:0016311		109	17	21.35819196174428	-0.22822202046734966	0.7295006749381373	0.8194415165293251	1	1
dendrite development	GO:0016358		16	2	3.1351474439257654	-0.44952902397425787	0.6010751724526117	0.8506090120081047	1	1
post-transcriptional gene silencing	GO:0016441		34	4	6.662188318342252	-0.5101536457906928	0.5691707139650165	0.922398508655494	1	1
somatic cell DNA recombination	GO:0016444		8	1	1.5675737219628827	-0.44952902397425787	0.6010751724526117	0.8253736056068746	1	1
somatic diversification of immunoglobulins	GO:0016445		7	0	1.3716270067175225	-Inf	0	1	1	1
negative regulation of transcription by RNA polymerase I	GO:0016479		7	1	1.3716270067175225	-0.3159976313497353	0.6763118873418741	0.72984153184383	1	1
cytosolic transport	GO:0016482		88	8	17.243310941591712	-0.7679827550927926	0.4487358074677462	0.9966725829453582	1	1
protein processing	GO:0016485		100	8	19.594671524536036	-0.8958161266026775	0.39770677283583683	0.9995623786130167	1	1
peptide hormone processing	GO:0016486		24	2	4.702721165888649	-0.8549941320824224	0.4134089075367419	0.9635759430109465	1	1
negative regulation of angiogenesis	GO:0016525		78	7	15.283843789138107	-0.7808861599287004	0.44333406178703527	0.996355484053639	1	1
protein autoprocessing	GO:0016540		13	0	2.547307298189685	-Inf	0	1	1	1
base conversion or substitution editing	GO:0016553		8	1	1.5675737219628827	-0.44952902397425787	0.6010751724526117	0.8253736056068746	1	1
mRNA modification	GO:0016556		14	1	2.743254013435045	-1.0091448119096806	0.35690501805843033	0.952854632353058	1	1
protein import into peroxisome matrix	GO:0016558		13	0	2.547307298189685	-Inf	0	1	1	1
peroxisome fission	GO:0016559		10	1	1.9594671524536038	-0.6726725752884678	0.4904435399678537	0.8871303793693512	1	1
protein import into peroxisome matrix, receptor recycling	GO:0016562		7	0	1.3716270067175225	-Inf	0	1	1	1
protein deubiquitination	GO:0016579		77	13	15.087897073892746	-0.14894354668656903	0.780064113437871	0.7330802406556096	1	1
Rac protein signal transduction	GO:0016601		13	2	2.547307298189685	-0.2418896591960136	0.7210246532773757	0.7554039042054765	1	1
protein sumoylation	GO:0016925		33	3	6.466241603096892	-0.7679827550927926	0.4487358074677462	0.9698565450583547	1	1
protein desumoylation	GO:0016926		6	1	1.1756802914721622	-0.16184695152247705	0.7716727237196409	0.72984153184383	1	1
poly(A)+ mRNA export from nucleus	GO:0016973		7	0	1.3716270067175225	-Inf	0	1	1	1
cytochrome complex assembly	GO:0017004		35	4	6.858135033587613	-0.5391411826639451	0.5544080151108676	0.9326085547361003	1	1
regulation of transforming growth factor beta receptor signaling pathway	GO:0017015		77	13	15.087897073892746	-0.14894354668656903	0.780064113437871	0.767707774758843	1	1
protein import	GO:0017038		5	0	0.9797335762268019	-Inf	0	1	1	1
respiratory chain complex III assembly	GO:0017062		10	1	1.9594671524536038	-0.6726725752884678	0.4904435399678537	0.8871303793693512	1	1
plasma membrane phospholipid scrambling	GO:0017121		10	1	1.9594671524536038	-0.6726725752884678	0.4904435399678537	0.8871303793693512	1	1
negative regulation of translation	GO:0017148		84	11	16.45952408061027	-0.40300900833936504	0.6265086746421441	0.950736548955889	1	1
calcium-ion regulated exocytosis	GO:0017156		7	1	1.3716270067175225	-0.3159976313497353	0.6763118873418741	0.7827962839733025	1	1
regulation of exocytosis	GO:0017157		79	13	15.479790504383466	-0.17458597729990658	0.7634496317739837	0.7838143258275706	1	1
regulation of calcium ion-dependent exocytosis	GO:0017158		7	1	1.3716270067175225	-0.3159976313497353	0.6763118873418741	0.7827962839733025	1	1
peptidyl-lysine hydroxylation	GO:0017185		6	1	1.1756802914721622	-0.16184695152247705	0.7716727237196409	0.72984153184383	1	1
peptidyl-lysine methylation	GO:0018022		18	1	3.5270408744164863	-1.2604592401905867	0.2798564179962136	0.9755081197271886	1	1
peptidyl-lysine trimethylation	GO:0018023		7	0	1.3716270067175225	-Inf	0	1	1	1
peptidyl-lysine monomethylation	GO:0018026		6	1	1.1756802914721622	-0.16184695152247705	0.7716727237196409	0.6639809576251503	1	1
peptidyl-serine phosphorylation	GO:0018105		48	3	9.405442331777298	-1.1426762045342034	0.31378937278535973	0.9973156077653733	1	1
peptidyl-threonine phosphorylation	GO:0018107		22	3	4.310827735397928	-0.36251764698462824	0.6493225649570408	0.8095110826530926	1	1
peptidyl-tyrosine phosphorylation	GO:0018108		52	8	10.18922919275874	-0.2418896591960136	0.7210246532773757	0.8258146730459865	1	1
protein hydroxylation	GO:0018126		14	3	2.743254013435045	0.08946747675842903	0.9460294016458648	0.48337514553833716	1	1
keratan sulfate proteoglycan biosynthetic process	GO:0018146		16	7	3.1351474439257654	0.8032339445211101	1.5431294962999909	0.023918194779179856	1	1
peptide cross-linking	GO:0018149		21	2	4.114881020152567	-0.7214627394578996	0.46869159825755335	0.9373651375154552	1	1
protein oxidation	GO:0018158		6	0	1.1756802914721622	-Inf	0	1	1	1
peptidyl-arginine modification	GO:0018195		5	1	0.9797335762268019	0.020474605271477528	0.8959251696155924	0.6639809576251503	1	1
peptidyl-cysteine modification	GO:0018198		16	3	3.1351474439257654	-0.04406391586609347	0.8505613782850316	0.6330949519004381	1	1
peptidyl-glutamic acid modification	GO:0018200		12	0	2.3513605829443245	-Inf	0	1	1	1
peptidyl-histidine modification	GO:0018202		5	0	0.9797335762268019	-Inf	0	1	1	1
peptidyl-lysine modification	GO:0018205		87	7	17.04736422634635	-0.8900854518936923	0.39987820805300583	0.9990366485138858	1	1
peptidyl-proline modification	GO:0018208		8	1	1.5675737219628827	-0.44952902397425787	0.6010751724526117	0.7827962839733025	1	1
peptidyl-serine modification	GO:0018209		60	5	11.756802914721622	-0.8549941320824224	0.4134089075367419	0.9923817154783592	1	1
peptidyl-threonine modification	GO:0018210		31	4	6.074348172606171	-0.4177803256596777	0.6183429753554547	0.8271053647850274	1	1
peptidyl-tyrosine modification	GO:0018212		53	8	10.385175908004099	-0.2609378541667079	0.7093309309268108	0.8417155715451381	1	1
peptidyl-arginine methylation	GO:0018216		5	1	0.9797335762268019	0.020474605271477528	0.8959251696155924	0.6639809576251503	1	1
peptidyl-L-cysteine S-palmitoylation	GO:0018230		12	1	2.3513605829443245	-0.8549941320824224	0.4134089075367419	0.9270508704750915	1	1
peptidyl-S-diacylglycerol-L-cysteine biosynthetic process from peptidyl-cysteine	GO:0018231		12	1	2.3513605829443245	-0.8549941320824224	0.4134089075367419	0.9270508704750915	1	1
protein prenylation	GO:0018342		8	2	1.5675737219628827	0.24361815658568745	1.063644502877227	0.48475503253829777	1	1
protein palmitoylation	GO:0018345		24	3	4.702721165888649	-0.44952902397425804	0.6010751724526116	0.8762696930387821	1	1
internal peptidyl-lysine acetylation	GO:0018393		7	1	1.3716270067175225	-0.3159976313497353	0.6763118873418741	0.7827962839733025	1	1
peptidyl-lysine acetylation	GO:0018394		12	1	2.3513605829443245	-0.8549941320824224	0.4134089075367419	0.9270508704750915	1	1
C-terminal protein amino acid modification	GO:0018410		6	0	1.1756802914721622	-Inf	0	1	1	1
phenol-containing compound metabolic process	GO:0018958		40	2	7.837868609814415	-1.365819755848413	0.2524803984506228	0.9978910795456692	1	1
viral life cycle	GO:0019058		103	16	20.182511670272117	-0.23222774828427661	0.7270091280764414	0.8608801956433263	1	1
virion attachment to host cell	GO:0019062		9	2	1.7635204372082431	0.12583512092930388	0.9730885098117966	0.5515091337986338	1	1
receptor-mediated endocytosis of virus by host cell	GO:0019065		7	0	1.3716270067175225	-Inf	0	1	1	1
virion assembly	GO:0019068		34	4	6.662188318342252	-0.5101536457906928	0.5691707139650165	0.8977235130178045	1	1
viral release from host cell	GO:0019076		28	4	5.48650802687009	-0.3159976313497353	0.6763118873418741	0.7786888354213644	1	1
viral genome replication	GO:0019079		12	3	2.3513605829443245	0.24361815658568728	1.0636445028772268	0.42727390275722177	1	1
viral gene expression	GO:0019080		53	6	10.385175908004099	-0.5486199266184888	0.5496493414896494	0.9574405163677397	1	1
viral translation	GO:0019081		17	1	3.331094159171126	-1.203300826350638	0.2958661985436187	0.9755081197271886	1	1
viral protein processing	GO:0019082		31	4	6.074348172606171	-0.4177803256596777	0.6183429753554547	0.8663767449433968	1	1
viral transcription	GO:0019083		6	1	1.1756802914721622	-0.16184695152247705	0.7716727237196409	0.72984153184383	1	1
reproductive behavior	GO:0019098		5	0	0.9797335762268019	-Inf	0	1	1	1
nonribosomal peptide biosynthetic process	GO:0019184		6	2	1.1756802914721622	0.5313002290374682	1.301399677662636	0.33467808653175235	1	1
regulation of lipid metabolic process	GO:0019216		167	21	32.72310144597518	-0.4435588569877542	0.6042928270972041	0.9901836076072432	1	1
regulation of fatty acid metabolic process	GO:0019217		48	6	9.405442331777298	-0.44952902397425804	0.6010751724526116	0.9102848589582477	1	1
regulation of steroid metabolic process	GO:0019218		59	7	11.56085619947626	-0.5017147771448282	0.5735281014520301	0.941261638867392	1	1
transmission of nerve impulse	GO:0019226		8	0	1.5675737219628827	-Inf	0	1	1	1
neuronal action potential	GO:0019228		8	0	1.5675737219628827	-Inf	0	1	1	1
regulation of vasoconstriction	GO:0019229		17	3	3.331094159171126	-0.10468853768252841	0.8093165486581243	0.6757301864742484	1	1
sensory perception of pain	GO:0019233		8	0	1.5675737219628827	-Inf	0	1	1	1
hexose metabolic process	GO:0019318		65	1	12.736536490948424	-2.5444747521900593	0.07843383678063379	0.9999993224408096	1	1
hexose biosynthetic process	GO:0019319		23	1	4.506774450643289	-1.505581698223572	0.22010662597536554	0.9933926808077949	1	1
hexose catabolic process	GO:0019320		22	1	4.310827735397928	-1.4611299356527379	0.22994233866048128	0.9917799739109313	1	1
phenol-containing compound catabolic process	GO:0019336		10	1	1.9594671524536038	-0.6726725752884678	0.4904435399678537	0.8596066645829048	1	1
pyridine nucleotide catabolic process	GO:0019364		25	1	4.898667881134009	-1.5889633071626228	0.20274527604477344	0.9957311455956721	1	1
fatty acid elongation, saturated fatty acid	GO:0019367		6	1	1.1756802914721622	-0.16184695152247705	0.7716727237196409	0.72984153184383	1	1
fatty acid elongation, unsaturated fatty acid	GO:0019368		5	2	0.9797335762268019	0.7136217858314229	1.4619856571553664	0.2544280030025466	1	1
arachidonate metabolic process	GO:0019369		34	4	6.662188318342252	-0.5101536457906928	0.5691707139650165	0.9108185322691283	1	1
leukotriene biosynthetic process	GO:0019370		10	0	1.9594671524536038	-Inf	0	1	1	1
lipoxygenase pathway	GO:0019372		9	2	1.7635204372082431	0.12583512092930388	0.9730885098117966	0.5515091337986338	1	1
epoxygenase P450 pathway	GO:0019373		9	0	1.7635204372082431	-Inf	0	1	1	1
galactolipid metabolic process	GO:0019374		6	0	1.1756802914721622	-Inf	0	1	1	1
glycolipid catabolic process	GO:0019377		18	1	3.5270408744164863	-1.2604592401905867	0.2798564179962136	0.9755081197271886	1	1
galactose catabolic process	GO:0019388		5	0	0.9797335762268019	-Inf	0	1	1	1
fatty acid oxidation	GO:0019395		53	0	10.385175908004099	-Inf	0	1	1	1
removal of superoxide radicals	GO:0019430		10	2	1.9594671524536038	0.020474605271477528	0.8959251696155924	0.6118932315048861	1	1
triglyceride biosynthetic process	GO:0019432		14	2	2.743254013435045	-0.3159976313497353	0.6763118873418741	0.791856760042744	1	1
triglyceride catabolic process	GO:0019433		10	1	1.9594671524536038	-0.6726725752884678	0.4904435399678537	0.8871303793693512	1	1
taurine metabolic process	GO:0019530		5	0	0.9797335762268019	-Inf	0	1	1	1
catechol-containing compound catabolic process	GO:0019614		7	1	1.3716270067175225	-0.3159976313497353	0.6763118873418741	0.72984153184383	1	1
urea metabolic process	GO:0019627		7	1	1.3716270067175225	-0.3159976313497353	0.6763118873418741	0.7827962839733025	1	1
aerobic electron transport chain	GO:0019646		17	2	3.331094159171126	-0.5101536457906928	0.5691707139650165	0.8506090120081047	1	1
GDP-mannose metabolic process	GO:0019673		8	0	1.5675737219628827	-Inf	0	1	1	1
NAD+ metabolic process	GO:0019674		23	5	4.506774450643289	0.10385621421052853	0.9566826872276941	0.4378631785228037	1	1
ribose phosphate metabolic process	GO:0019693		136	17	26.648753273369007	-0.44952902397425787	0.6010751724526117	0.9883010307379556	1	1
alkanesulfonate metabolic process	GO:0019694		5	0	0.9797335762268019	-Inf	0	1	1	1
choline metabolic process	GO:0019695		5	0	0.9797335762268019	-Inf	0	1	1	1
calcium-mediated signaling	GO:0019722		77	14	15.087897073892746	-0.07483557453284717	0.8294586149673299	0.6262954086513477	1	1
B cell mediated immunity	GO:0019724		17	2	3.331094159171126	-0.5101536457906928	0.5691707139650165	0.8739261887459524	1	1
antimicrobial humoral response	GO:0019730		120	16	23.513605829443243	-0.38499050283668673	0.6365829165604019	0.9428444370606968	1	1
antibacterial humoral response	GO:0019731		42	2	8.229762040305134	-1.414609920017845	0.24068973026822393	0.9985746831554001	1	1
antifungal humoral response	GO:0019732		13	1	2.547307298189685	-0.9350368397559589	0.38312923895522005	0.9413547843308927	1	1
secondary metabolic process	GO:0019748		32	0	6.270294887851531	-Inf	0	1	1	1
polyol metabolic process	GO:0019751		55	6	10.777069338494819	-0.5856611982988379	0.531375654824286	0.9713101126671182	1	1
one-carbon compound transport	GO:0019755		8	1	1.5675737219628827	-0.44952902397425787	0.6010751724526117	0.8253736056068746	1	1
stem cell population maintenance	GO:0019827		14	3	2.743254013435045	0.08946747675842903	0.9460294016458648	0.5366867691818712	1	1
cytolysis	GO:0019835		7	2	1.3716270067175225	0.37714954921021	1.171306923303042	0.412113019066995	1	1
L-ascorbic acid metabolic process	GO:0019852		7	0	1.3716270067175225	-Inf	0	1	1	1
antigen processing and presentation	GO:0019882		59	7	11.56085619947626	-0.5017147771448282	0.5735281014520301	0.9537985625670293	1	1
antigen processing and presentation of endogenous antigen	GO:0019883		15	2	2.9392007286804054	-0.38499050283668673	0.6365829165604019	0.8234197544946463	1	1
antigen processing and presentation of exogenous antigen	GO:0019884		24	2	4.702721165888649	-0.8549941320824224	0.4134089075367419	0.9563004221799327	1	1
antigen processing and presentation of endogenous peptide antigen via MHC class I	GO:0019885		9	1	1.7635204372082431	-0.5673120596306415	0.5403638836722494	0.8596066645829048	1	1
antigen processing and presentation of exogenous peptide antigen via MHC class II	GO:0019886		17	0	3.331094159171126	-Inf	0	1	1	1
axonal transport of mitochondrion	GO:0019896		6	2	1.1756802914721622	0.5313002290374682	1.301399677662636	0.33467808653175235	1	1
lipid storage	GO:0019915		22	4	4.310827735397928	-0.0748355745328473	0.8294586149673298	0.6507471228202052	1	1
translesion synthesis	GO:0019985		24	1	4.702721165888649	-1.5481413126423678	0.2110720879885675	0.9946890607120057	1	1
diencephalon development	GO:0021536		5	0	0.9797335762268019	-Inf	0	1	1	1
telencephalon development	GO:0021537		29	4	5.68245474211545	-0.3510889511610053	0.6558759273989256	0.8271053647850274	1	1
pallium development	GO:0021543		18	3	3.5270408744164863	-0.16184695152247705	0.7716727237196409	0.6757301864742484	1	1
cranial nerve development	GO:0021545		8	1	1.5675737219628827	-0.44952902397425787	0.6010751724526117	0.8253736056068746	1	1
nerve development	GO:0021675		9	1	1.7635204372082431	-0.5673120596306415	0.5403638836722494	0.8596066645829048	1	1
developmental maturation	GO:0021700		41	5	8.033815325059775	-0.47422163656462957	0.587911536007993	0.9152474684918703	1	1
olfactory bulb development	GO:0021772		7	1	1.3716270067175225	-0.3159976313497353	0.6763118873418741	0.7827962839733025	1	1
glial cell development	GO:0021782		14	2	2.743254013435045	-0.3159976313497353	0.6763118873418741	0.791856760042744	1	1
cerebral cortex cell migration	GO:0021795		6	1	1.1756802914721622	-0.16184695152247705	0.7716727237196409	0.72984153184383	1	1
forebrain generation of neurons	GO:0021872		8	2	1.5675737219628827	0.24361815658568745	1.063644502877227	0.48475503253829777	1	1
forebrain neuron differentiation	GO:0021879		8	2	1.5675737219628827	0.24361815658568745	1.063644502877227	0.48475503253829777	1	1
forebrain neuron development	GO:0021884		6	1	1.1756802914721622	-0.16184695152247705	0.7716727237196409	0.72984153184383	1	1
forebrain cell migration	GO:0021885		9	1	1.7635204372082431	-0.5673120596306415	0.5403638836722494	0.8596066645829048	1	1
neural tube development	GO:0021915		9	0	1.7635204372082431	-Inf	0	1	1	1
central nervous system neuron differentiation	GO:0021953		24	4	4.702721165888649	-0.16184695152247705	0.7716727237196409	0.7201011001178095	1	1
central nervous system neuron development	GO:0021954		12	1	2.3513605829443245	-0.8549941320824224	0.4134089075367419	0.9270508704750915	1	1
cerebral cortex development	GO:0021987		18	3	3.5270408744164863	-0.16184695152247705	0.7716727237196409	0.6757301864742484	1	1
olfactory lobe development	GO:0021988		7	1	1.3716270067175225	-0.3159976313497353	0.6763118873418741	0.7827962839733025	1	1
tangential migration from the subventricular zone to the olfactory bulb	GO:0022028		5	1	0.9797335762268019	0.020474605271477528	0.8959251696155924	0.6639809576251503	1	1
telencephalon cell migration	GO:0022029		9	1	1.7635204372082431	-0.5673120596306415	0.5403638836722494	0.8596066645829048	1	1
regulation of opsin-mediated signaling pathway	GO:0022400		9	2	1.7635204372082431	0.12583512092930388	0.9730885098117966	0.5515091337986338	1	1
negative adaptation of signaling pathway	GO:0022401		8	1	1.5675737219628827	-0.44952902397425787	0.6010751724526117	0.8253736056068746	1	1
molting cycle process	GO:0022404		11	1	2.155413867698964	-0.7679827550927926	0.4487358074677462	0.8871303793693512	1	1
hair cycle process	GO:0022405		11	1	2.155413867698964	-0.7679827550927926	0.4487358074677462	0.8871303793693512	1	1
membrane docking	GO:0022406		29	3	5.68245474211545	-0.6387710236127861	0.5060622315132961	0.9424891684094316	1	1
negative regulation of cell-cell adhesion	GO:0022408		100	14	19.594671524536036	-0.33620033866725474	0.6644886562920782	0.9432250997425959	1	1
positive regulation of cell-cell adhesion	GO:0022409		172	42	33.70283502220198	0.22008765917549333	1.0452081858479052	0.05886057264331539	1	1
cellular process involved in reproduction in multicellular organism	GO:0022412		58	1	11.3649094842309	-2.430530492840841	0.08787699532138633	0.9999924709664757	1	1
digestive system process	GO:0022600		28	5	5.48650802687009	-0.0928540800355255	0.8172621624671887	0.6661470071892857	1	1
regulation of cell morphogenesis	GO:0022604		112	23	21.94603210748036	0.04690786233963307	0.9149282960868199	0.38262473118521256	1	1
gland morphogenesis	GO:0022612		5	0	0.9797335762268019	-Inf	0	1	1	1
DNA strand elongation	GO:0022616		8	0	1.5675737219628827	-Inf	0	1	1	1
extracellular matrix disassembly	GO:0022617		43	4	8.425708755550495	-0.7449932368680938	0.45850300262015076	0.9794989770097315	1	1
protein-RNA complex assembly	GO:0022618		115	12	22.53387225321644	-0.6301129608696718	0.5101181316718092	0.9956068065557365	1	1
regulation of transmembrane transporter activity	GO:0022898		70	10	13.716270067175225	-0.3159976313497353	0.6763118873418741	0.8706533689239109	1	1
electron transport chain	GO:0022900		30	2	5.878401457360811	-1.078137683396632	0.3339847283501357	0.9856023328255767	1	1
respiratory electron transport chain	GO:0022904		25	2	4.898667881134009	-0.8958161266026775	0.39770677283583683	0.9635759430109465	1	1
signal transduction involved in regulation of gene expression	GO:0023019		8	4	1.5675737219628827	0.9367653371456328	1.6662678944047509	0.05259704942791124	1	1
CD40 signaling pathway	GO:0023035		7	2	1.3716270067175225	0.37714954921021	1.171306923303042	0.412113019066995	1	1
adaptation of signaling pathway	GO:0023058		8	1	1.5675737219628827	-0.44952902397425787	0.6010751724526117	0.8253736056068746	1	1
signal release	GO:0023061		46	5	9.013548901286578	-0.5892909663494168	0.5296124650317189	0.9619786259943168	1	1
intracellular potassium ion homeostasis	GO:0030007		10	4	1.9594671524536038	0.7136217858314229	1.4619856571553664	0.11378252681862328	1	1
establishment of cell polarity	GO:0030010		58	3	11.3649094842309	-1.3319182041727315	0.26099715086052006	0.9996419773647027	1	1
maintenance of cell polarity	GO:0030011		8	0	1.5675737219628827	-Inf	0	1	1	1
lamellipodium assembly	GO:0030032		15	1	2.9392007286804054	-1.078137683396632	0.3339847283501357	0.9620999807715159	1	1
microvillus assembly	GO:0030033		14	6	2.743254013435045	0.7826146573183743	1.5243441625433054	0.0399882515663234	1	1
contractile actin filament bundle assembly	GO:0030038		15	5	2.9392007286804054	0.5313002290374682	1.301399677662636	0.15384915157859902	1	1
actin filament polymerization	GO:0030041		12	0	2.3513605829443245	-Inf	0	1	1	1
actin filament depolymerization	GO:0030042		8	0	1.5675737219628827	-Inf	0	1	1	1
parallel actin filament bundle assembly	GO:0030046		5	1	0.9797335762268019	0.020474605271477528	0.8959251696155924	0.6639809576251503	1	1
actin filament-based movement	GO:0030048		48	4	9.405442331777298	-0.8549941320824224	0.4134089075367419	0.989072015934791	1	1
muscle filament sliding	GO:0030049		7	0	1.3716270067175225	-Inf	0	1	1	1
insulin processing	GO:0030070		6	0	1.1756802914721622	-Inf	0	1	1	1
regulation of mitotic metaphase/anaphase transition	GO:0030071		48	1	9.405442331777298	-2.241288493202313	0.10612211993416293	0.9999720190942527	1	1
peptide hormone secretion	GO:0030072		17	1	3.331094159171126	-1.203300826350638	0.2958661985436187	0.9755081197271886	1	1
insulin secretion	GO:0030073		9	0	1.7635204372082431	-Inf	0	1	1	1
protein repair	GO:0030091		7	0	1.3716270067175225	-Inf	0	1	1	1
hemopoiesis	GO:0030097		178	34	34.87851531367414	-0.025510507970345823	0.8634504589157944	0.596309515314624	1	1
lymphocyte differentiation	GO:0030098		56	8	10.97301605374018	-0.3159976313497353	0.6763118873418741	0.8825779836058022	1	1
myeloid cell differentiation	GO:0030099		96	21	18.810884663554596	0.11008676396116474	0.9613171531406327	0.32412997930761134	1	1
regulation of endocytosis	GO:0030100		161	24	31.54742115450302	-0.27343801693093944	0.7017325536470409	0.9416058928076465	1	1
natural killer cell activation	GO:0030101		25	5	4.898667881134009	0.020474605271477528	0.8959251696155924	0.5593677229065497	1	1
sphingolipid biosynthetic process	GO:0030148		79	8	15.479790504383466	-0.6600937930816075	0.49619003320140787	0.9913845911175783	1	1
sphingolipid catabolic process	GO:0030149		35	4	6.858135033587613	-0.5391411826639451	0.5544080151108676	0.922398508655494	1	1
protein import into mitochondrial matrix	GO:0030150		10	1	1.9594671524536038	-0.6726725752884678	0.4904435399678537	0.8871303793693512	1	1
proteoglycan biosynthetic process	GO:0030166		48	14	9.405442331777298	0.39776883641294564	1.1883671353319247	0.07267169079391282	1	1
proteoglycan catabolic process	GO:0030167		9	0	1.7635204372082431	-Inf	0	1	1	1
platelet activation	GO:0030168		49	6	9.601389047022657	-0.4701483111769935	0.59006700850072	0.9377344920512554	1	1
regulation of DNA-templated DNA replication initiation	GO:0030174		7	0	1.3716270067175225	-Inf	0	1	1	1
positive regulation of Wnt signaling pathway	GO:0030177		91	11	17.83115108732779	-0.48305171601290137	0.5832606344554832	0.9709444066530009	1	1
negative regulation of Wnt signaling pathway	GO:0030178		106	12	20.770351816008198	-0.5486199266184888	0.5496493414896494	0.9823301825642752	1	1
neuron differentiation	GO:0030182		199	21	38.99339633382671	-0.6188698692954914	0.5154259768667977	0.9997898619553724	1	1
B cell differentiation	GO:0030183		18	1	3.5270408744164863	-1.2604592401905867	0.2798564179962136	0.9803118721859622	1	1
regulation of blood coagulation	GO:0030193		46	8	9.013548901286578	-0.1192873371036813	0.7995862820151282	0.7039152133795668	1	1
positive regulation of blood coagulation	GO:0030194		14	2	2.743254013435045	-0.3159976313497353	0.6763118873418741	0.791856760042744	1	1
negative regulation of blood coagulation	GO:0030195		33	6	6.466241603096892	-0.0748355745328473	0.8294586149673298	0.6499583354560264	1	1
extracellular matrix organization	GO:0030198		83	7	16.26357736536491	-0.8430179410357066	0.4181197680615698	0.9984877392701267	1	1
collagen fibril organization	GO:0030199		20	0	3.9189343049072076	-Inf	0	1	1	1
heparan sulfate proteoglycan catabolic process	GO:0030200		7	0	1.3716270067175225	-Inf	0	1	1	1
heparan sulfate proteoglycan metabolic process	GO:0030201		23	2	4.506774450643289	-0.8124345176636266	0.4303676116636751	0.9563004221799327	1	1
glycosaminoglycan metabolic process	GO:0030203		46	9	9.013548901286578	-0.0015043014472978656	0.8803102853974325	0.5610599533967064	1	1
hyaluronan metabolic process	GO:0030212		13	3	2.547307298189685	0.16357544891215084	1.0016275609675553	0.48337514553833716	1	1
hyaluronan biosynthetic process	GO:0030213		6	1	1.1756802914721622	-0.16184695152247705	0.7716727237196409	0.72984153184383	1	1
hyaluronan catabolic process	GO:0030214		7	1	1.3716270067175225	-0.3159976313497353	0.6763118873418741	0.7827962839733025	1	1
keratinocyte differentiation	GO:0030216		36	6	7.054081748832973	-0.16184695152247705	0.7716727237196409	0.7081570564149302	1	1
T cell differentiation	GO:0030217		36	5	7.054081748832973	-0.3441685083164316	0.6598686363927702	0.860790685255046	1	1
erythrocyte differentiation	GO:0030218		24	8	4.702721165888649	0.5313002290374682	1.301399677662636	0.08069801114941705	1	1
megakaryocyte differentiation	GO:0030219		5	0	0.9797335762268019	-Inf	0	1	1	1
platelet formation	GO:0030220		9	3	1.7635204372082431	0.5313002290374682	1.301399677662636	0.25111567812712277	1	1
monocyte differentiation	GO:0030224		7	1	1.3716270067175225	-0.3159976313497353	0.6763118873418741	0.7827962839733025	1	1
macrophage differentiation	GO:0030225		18	5	3.5270408744164863	0.3489786722435137	1.1481803625092408	0.26842225910480577	1	1
myofibril assembly	GO:0030239		15	0	2.9392007286804054	-Inf	0	1	1	1
autophagy of peroxisome	GO:0030242		6	1	1.1756802914721622	-0.16184695152247705	0.7716727237196409	0.72984153184383	1	1
lipid modification	GO:0030258		97	6	19.006831378799955	-1.1530389915697499	0.31065509669231606	0.9999140043667722	1	1
chromosome condensation	GO:0030261		17	2	3.331094159171126	-0.5101536457906928	0.5691707139650165	0.8506090120081047	1	1
apoptotic nuclear changes	GO:0030262		11	1	2.155413867698964	-0.7679827550927926	0.4487358074677462	0.90925940843125	1	1
maintenance of gastrointestinal epithelium	GO:0030277		8	0	1.5675737219628827	-Inf	0	1	1	1
regulation of ossification	GO:0030278		51	5	9.993282477513377	-0.6924752025846472	0.4815124235297748	0.9813322941601599	1	1
negative regulation of ossification	GO:0030279		18	2	3.5270408744164863	-0.5673120596306415	0.5403638836722494	0.8938443279280387	1	1
bone mineralization	GO:0030282		7	1	1.3716270067175225	-0.3159976313497353	0.6763118873418741	0.7827962839733025	1	1
intestinal cholesterol absorption	GO:0030299		7	2	1.3716270067175225	0.37714954921021	1.171306923303042	0.412113019066995	1	1
cholesterol transport	GO:0030301		47	5	9.209495616531937	-0.6107971715703803	0.519265730842211	0.9669253761109791	1	1
positive regulation of cell growth	GO:0030307		83	19	16.26357736536491	0.15551088907542054	0.9954905390487521	0.26211161338874533	1	1
negative regulation of cell growth	GO:0030308		88	9	17.243310941591712	-0.6501997194364091	0.5007503128309176	0.9933602198796276	1	1
poly-N-acetyllactosamine metabolic process	GO:0030309		5	1	0.9797335762268019	0.020474605271477528	0.8959251696155924	0.6639809576251503	1	1
poly-N-acetyllactosamine biosynthetic process	GO:0030311		5	1	0.9797335762268019	0.020474605271477528	0.8959251696155924	0.6639809576251503	1	1
osteoclast differentiation	GO:0030316		14	2	2.743254013435045	-0.3159976313497353	0.6763118873418741	0.791856760042744	1	1
flagellated sperm motility	GO:0030317		37	0	7.2500284640783335	-Inf	0	1	1	1
melanocyte differentiation	GO:0030318		5	1	0.9797335762268019	0.020474605271477528	0.8959251696155924	0.6639809576251503	1	1
transepithelial chloride transport	GO:0030321		7	1	1.3716270067175225	-0.3159976313497353	0.6763118873418741	0.7827962839733025	1	1
respiratory tube development	GO:0030323		15	2	2.9392007286804054	-0.38499050283668673	0.6365829165604019	0.791856760042744	1	1
lung development	GO:0030324		15	2	2.9392007286804054	-0.38499050283668673	0.6365829165604019	0.791856760042744	1	1
embryonic limb morphogenesis	GO:0030326		19	1	3.7229875896618467	-1.3145264614608625	0.26547226383291483	0.9841736533539538	1	1
DNA damage response, signal transduction by p53 class mediator	GO:0030330		33	6	6.466241603096892	-0.0748355745328473	0.8294586149673298	0.6499583354560264	1	1
negative regulation of cell migration	GO:0030336		193	25	37.81771604235455	-0.4139018463311067	0.620478920951213	0.9938679047047909	1	1
membrane disassembly	GO:0030397		11	0	2.155413867698964	-Inf	0	1	1	1
siRNA processing	GO:0030422		7	1	1.3716270067175225	-0.3159976313497353	0.6763118873418741	0.7827962839733025	1	1
regulation of complement activation	GO:0030449		16	1	3.1351474439257654	-1.1426762045342032	0.3137893727853598	0.9695327120224101	1	1
tRNA methylation	GO:0030488		26	5	5.09461459637937	-0.01874610788180376	0.868180401077128	0.5593677229065497	1	1
maturation of SSU-rRNA	GO:0030490		7	1	1.3716270067175225	-0.3159976313497353	0.6763118873418741	0.7827962839733025	1	1
fatty acid elongation	GO:0030497		13	2	2.547307298189685	-0.2418896591960136	0.7210246532773757	0.7554039042054765	1	1
regulation of bone mineralization	GO:0030500		35	4	6.858135033587613	-0.5391411826639451	0.5544080151108676	0.9326085547361003	1	1
positive regulation of bone mineralization	GO:0030501		21	1	4.114881020152567	-1.414609920017845	0.24068973026822393	0.9897737816257031	1	1
negative regulation of bone mineralization	GO:0030502		7	2	1.3716270067175225	0.37714954921021	1.171306923303042	0.412113019066995	1	1
BMP signaling pathway	GO:0030509		39	4	7.6419218945690535	-0.6473547673041777	0.5020681643096098	0.9563454415460161	1	1
regulation of BMP signaling pathway	GO:0030510		44	10	8.621655470795856	0.14830797678136237	0.9900268794406928	0.3002833237232128	1	1
positive regulation of transforming growth factor beta receptor signaling pathway	GO:0030511		21	5	4.114881020152567	0.19482799241625548	1.0256053873788344	0.39541452308771846	1	1
negative regulation of transforming growth factor beta receptor signaling pathway	GO:0030512		50	8	9.797335762268018	-0.2026689460427322	0.7455383845037314	0.7903297730033458	1	1
positive regulation of BMP signaling pathway	GO:0030513		10	0	1.9594671524536038	-Inf	0	1	1	1
negative regulation of BMP signaling pathway	GO:0030514		30	8	5.878401457360811	0.30815667772325855	1.1150519589183827	0.1934244860212818	1	1
regulation of axon extension	GO:0030516		15	0	2.9392007286804054	-Inf	0	1	1	1
negative regulation of axon extension	GO:0030517		5	0	0.9797335762268019	-Inf	0	1	1	1
nuclear receptor-mediated steroid hormone signaling pathway	GO:0030518		38	5	7.4459751793236935	-0.39823572958670733	0.6291652920174439	0.8909190609198955	1	1
estrogen receptor signaling pathway	GO:0030520		16	1	3.1351474439257654	-1.1426762045342032	0.3137893727853598	0.9695327120224101	1	1
androgen receptor signaling pathway	GO:0030521		12	2	2.3513605829443245	-0.16184695152247705	0.7716727237196409	0.7135533259489933	1	1
intracellular receptor signaling pathway	GO:0030522		113	21	22.14197882272572	-0.05295286328333948	0.8444301685090414	0.6441909910959304	1	1
adult behavior	GO:0030534		20	0	3.9189343049072076	-Inf	0	1	1	1
collagen catabolic process	GO:0030574		20	3	3.9189343049072076	-0.2672074671803034	0.705512384119831	0.7813010638640464	1	1
nuclear body organization	GO:0030575		12	2	2.3513605829443245	-0.16184695152247705	0.7716727237196409	0.7135533259489933	1	1
PML body organization	GO:0030578		5	1	0.9797335762268019	0.020474605271477528	0.8959251696155924	0.6639809576251503	1	1
neutrophil chemotaxis	GO:0030593		26	6	5.09461459637937	0.16357544891215084	1.0016275609675553	0.40185066263281644	1	1
leukocyte chemotaxis	GO:0030595		81	23	15.87168393487419	0.37095757896228876	1.1662055311969126	0.02338303180709717	1	1
polyketide metabolic process	GO:0030638		10	0	1.9594671524536038	-Inf	0	1	1	1
regulation of cellular pH	GO:0030641		44	6	8.621655470795856	-0.36251764698462824	0.6493225649570408	0.8729001549371973	1	1
intracellular phosphate ion homeostasis	GO:0030643		5	0	0.9797335762268019	-Inf	0	1	1	1
regulation of vitamin metabolic process	GO:0030656		9	2	1.7635204372082431	0.12583512092930388	0.9730885098117966	0.5515091337986338	1	1
cytoskeleton-dependent intracellular transport	GO:0030705		65	10	12.736536490948424	-0.2418896591960136	0.7210246532773757	0.8450810901780846	1	1
regulation of nucleotide biosynthetic process	GO:0030808		10	2	1.9594671524536038	0.020474605271477528	0.8959251696155924	0.6118932315048861	1	1
positive regulation of nucleotide biosynthetic process	GO:0030810		5	2	0.9797335762268019	0.7136217858314229	1.4619856571553664	0.2544280030025466	1	1
regulation of nucleotide catabolic process	GO:0030811		29	7	5.68245474211545	0.2085268367744173	1.0362119597125292	0.336267558730799	1	1
negative regulation of nucleotide catabolic process	GO:0030812		8	1	1.5675737219628827	-0.44952902397425787	0.6010751724526117	0.8253736056068746	1	1
positive regulation of nucleotide catabolic process	GO:0030813		13	4	2.547307298189685	0.4512575213639317	1.2331288170502879	0.24026976015350388	1	1
regulation of actin filament length	GO:0030832		60	16	11.756802914721622	0.30815667772325855	1.1150519589183827	0.11362911447992555	1	1
regulation of actin filament polymerization	GO:0030833		48	15	9.405442331777298	0.46676170789989707	1.246235437424246	0.03701798875219277	1	1
regulation of actin filament depolymerization	GO:0030834		18	1	3.5270408744164863	-1.2604592401905867	0.2798564179962136	0.9803118721859622	1	1
negative regulation of actin filament depolymerization	GO:0030835		7	0	1.3716270067175225	-Inf	0	1	1	1
positive regulation of actin filament depolymerization	GO:0030836		9	1	1.7635204372082431	-0.5673120596306415	0.5403638836722494	0.8596066645829048	1	1
negative regulation of actin filament polymerization	GO:0030837		15	4	2.9392007286804054	0.30815667772325855	1.1150519589183827	0.3366446614878407	1	1
positive regulation of actin filament polymerization	GO:0030838		25	11	4.898667881134009	0.8089319656357478	1.5483322336497887	0.00468785779567807	1	1
granulocyte differentiation	GO:0030851		10	4	1.9594671524536038	0.7136217858314229	1.4619856571553664	0.11378252681862328	1	1
regulation of granulocyte differentiation	GO:0030852		10	1	1.9594671524536038	-0.6726725752884678	0.4904435399678537	0.8871303793693512	1	1
negative regulation of granulocyte differentiation	GO:0030853		5	0	0.9797335762268019	-Inf	0	1	1	1
positive regulation of granulocyte differentiation	GO:0030854		6	1	1.1756802914721622	-0.16184695152247705	0.7716727237196409	0.72984153184383	1	1
epithelial cell differentiation	GO:0030855		139	24	27.23659341910509	-0.12650758507716822	0.7948031282542021	0.7743291930970029	1	1
regulation of epithelial cell differentiation	GO:0030856		63	13	12.344643060457702	0.05172714877558202	0.9184189984476658	0.44253466229436544	1	1
negative regulation of epithelial cell differentiation	GO:0030857		11	2	2.155413867698964	-0.0748355745328473	0.8294586149673298	0.6658400887503648	1	1
positive regulation of epithelial cell differentiation	GO:0030858		30	6	5.878401457360811	0.020474605271477528	0.8959251696155924	0.5146930671511986	1	1
polarized epithelial cell differentiation	GO:0030859		13	1	2.547307298189685	-0.9350368397559589	0.38312923895522005	0.9413547843308927	1	1
cortical cytoskeleton organization	GO:0030865		18	5	3.5270408744164863	0.3489786722435137	1.1481803625092408	0.26842225910480577	1	1
cortical actin cytoskeleton organization	GO:0030866		12	4	2.3513605829443245	0.5313002290374682	1.301399677662636	0.19470778732926153	1	1
mammary gland development	GO:0030879		15	1	2.9392007286804054	-1.078137683396632	0.3339847283501357	0.9620999807715159	1	1
regulation of B cell proliferation	GO:0030888		26	5	5.09461459637937	-0.01874610788180376	0.868180401077128	0.5968717848764868	1	1
negative regulation of B cell proliferation	GO:0030889		6	0	1.1756802914721622	-Inf	0	1	1	1
positive regulation of B cell proliferation	GO:0030890		19	4	3.7229875896618467	0.07176789965902816	0.9330203001238664	0.5271589678270941	1	1
forebrain development	GO:0030900		38	4	7.4459751793236935	-0.6213792809009171	0.5142372660455732	0.9494584541116876	1	1
midbrain development	GO:0030901		13	2	2.547307298189685	-0.2418896591960136	0.7210246532773757	0.7554039042054765	1	1
hindbrain development	GO:0030902		5	0	0.9797335762268019	-Inf	0	1	1	1
regulation of vascular endothelial growth factor receptor signaling pathway	GO:0030947		16	5	3.1351474439257654	0.46676170789989724	1.2462354374242461	0.18965628297099674	1	1
negative regulation of vascular endothelial growth factor receptor signaling pathway	GO:0030948		5	1	0.9797335762268019	0.020474605271477528	0.8959251696155924	0.6639809576251503	1	1
positive regulation of vascular endothelial growth factor receptor signaling pathway	GO:0030949		11	4	2.155413867698964	0.618311606027098	1.3772191323903928	0.15221372716933204	1	1
astral microtubule organization	GO:0030953		10	3	1.9594671524536038	0.4259397133796419	1.2118523860835395	0.30997274297362254	1	1
endoplasmic reticulum unfolded protein response	GO:0030968		32	7	6.270294887851531	0.11008676396116474	0.9613171531406327	0.3712262202426021	1	1
retrograde protein transport, ER to cytosol	GO:0030970		15	4	2.9392007286804054	0.30815667772325855	1.1150519589183827	0.3366446614878407	1	1
pancreas development	GO:0031016		20	4	3.9189343049072076	0.020474605271477528	0.8959251696155924	0.4814757423991832	1	1
endocrine pancreas development	GO:0031018		11	1	2.155413867698964	-0.7679827550927926	0.4487358074677462	0.90925940843125	1	1
microtubule organizing center organization	GO:0031023		79	6	15.479790504383466	-0.9477758655333884	0.37849974535226455	0.9990170334108831	1	1
actomyosin structure organization	GO:0031032		42	5	8.229762040305134	-0.4983191881436898	0.5752890173063128	0.9346618533378964	1	1
regulatory ncRNA-mediated gene silencing	GO:0031047		62	10	12.148696345212342	-0.19463677434546786	0.7506308040069956	0.7823337771613111	1	1
regulatory ncRNA-mediated heterochromatin formation	GO:0031048		5	2	0.9797335762268019	0.7136217858314229	1.4619856571553664	0.17458823432574583	1	1
primary miRNA processing	GO:0031053		11	4	2.155413867698964	0.618311606027098	1.3772191323903928	0.15221372716933204	1	1
pre-miRNA processing	GO:0031054		13	1	2.547307298189685	-0.9350368397559589	0.38312923895522005	0.9413547843308927	1	1
stress-activated protein kinase signaling cascade	GO:0031098		17	3	3.331094159171126	-0.10468853768252841	0.8093165486581243	0.6757301864742484	1	1
regeneration	GO:0031099		7	0	1.3716270067175225	-Inf	0	1	1	1
microtubule polymerization or depolymerization	GO:0031109		31	1	6.074348172606171	-1.8040746867795683	0.16389202513691908	0.9985680735964947	1	1
regulation of microtubule polymerization or depolymerization	GO:0031110		57	3	11.16896276898554	-1.3145264614608625	0.26547226383291483	0.9995687073951354	1	1
negative regulation of microtubule polymerization or depolymerization	GO:0031111		22	2	4.310827735397928	-0.7679827550927926	0.4487358074677462	0.9476437436359091	1	1
positive regulation of microtubule polymerization or depolymerization	GO:0031112		27	1	5.29056131162473	-1.6659243482987511	0.18790808497335687	0.9972421336110575	1	1
regulation of microtubule polymerization	GO:0031113		43	1	8.425708755550495	-2.1312875979879844	0.11840749815709786	0.9999164787133746	1	1
regulation of microtubule depolymerization	GO:0031114		15	2	2.9392007286804054	-0.38499050283668673	0.6365829165604019	0.8234197544946463	1	1
negative regulation of microtubule polymerization	GO:0031115		10	0	1.9594671524536038	-Inf	0	1	1	1
positive regulation of microtubule polymerization	GO:0031116		24	1	4.702721165888649	-1.5481413126423678	0.2110720879885675	0.9946890607120057	1	1
tRNA pseudouridine synthesis	GO:0031119		5	0	0.9797335762268019	-Inf	0	1	1	1
cytoplasmic microtubule organization	GO:0031122		29	5	5.68245474211545	-0.1279453998467956	0.7938529428838758	0.6976999113638871	1	1
RNA 3'-end processing	GO:0031123		41	3	8.033815325059775	-0.9850472603306202	0.3652462989862176	0.9907714904378685	1	1
mRNA 3'-end processing	GO:0031124		20	1	3.9189343049072076	-1.365819755848413	0.2524803984506228	0.9841736533539538	1	1
anaphase-promoting complex-dependent catabolic process	GO:0031145		20	1	3.9189343049072076	-1.365819755848413	0.2524803984506228	0.9872781319061674	1	1
SCF-dependent proteasomal ubiquitin-dependent protein catabolic process	GO:0031146		22	3	4.310827735397928	-0.36251764698462824	0.6493225649570408	0.8345790763109171	1	1
metallo-sulfur cluster assembly	GO:0031163		15	2	2.9392007286804054	-0.38499050283668673	0.6365829165604019	0.8234197544946463	1	1
rRNA methylation	GO:0031167		14	1	2.743254013435045	-1.0091448119096806	0.35690501805843033	0.952854632353058	1	1
neuron projection development	GO:0031175		128	12	25.081179551406123	-0.7372110964260388	0.46185108743638903	0.9995014132192506	1	1
biomineral tissue development	GO:0031214		16	1	3.1351474439257654	-1.1426762045342032	0.3137893727853598	0.9695327120224101	1	1
auditory behavior	GO:0031223		9	1	1.7635204372082431	-0.5673120596306415	0.5403638836722494	0.8596066645829048	1	1
regulation of pseudopodium assembly	GO:0031272		9	4	1.7635204372082431	0.8189823014892492	1.5575209121087805	0.08032957970501445	1	1
positive regulation of pseudopodium assembly	GO:0031274		9	4	1.7635204372082431	0.8189823014892492	1.5575209121087805	0.08032957970501445	1	1
positive regulation of cyclase activity	GO:0031281		20	1	3.9189343049072076	-1.365819755848413	0.2524803984506228	0.9872781319061674	1	1
membrane protein intracellular domain proteolysis	GO:0031293		11	2	2.155413867698964	-0.0748355745328473	0.8294586149673298	0.6118932315048861	1	1
lymphocyte costimulation	GO:0031294		29	8	5.68245474211545	0.34205822939894	1.1425318367552018	0.1934244860212818	1	1
T cell costimulation	GO:0031295		28	8	5.48650802687009	0.37714954921021	1.171306923303042	0.16703085736154882	1	1
replication fork processing	GO:0031297		40	1	7.837868609814415	-2.0589669364083583	0.12724207482147434	0.9997997205204843	1	1
negative regulation of protein-containing complex assembly	GO:0031333		83	13	16.26357736536491	-0.22397873262948323	0.7321466552684789	0.813622349946811	1	1
positive regulation of protein-containing complex assembly	GO:0031334		135	26	26.452806558123648	-0.017265722711369443	0.8692177254560131	0.5738845131390589	1	1
regulation of vesicle fusion	GO:0031338		8	2	1.5675737219628827	0.24361815658568745	1.063644502877227	0.48475503253829777	1	1
positive regulation of vesicle fusion	GO:0031340		6	1	1.1756802914721622	-0.16184695152247705	0.7716727237196409	0.72984153184383	1	1
regulation of cell killing	GO:0031341		67	8	13.128429921439144	-0.49533856000555215	0.5768383426438579	0.9611141981999531	1	1
negative regulation of cell killing	GO:0031342		28	5	5.48650802687009	-0.0928540800355255	0.8172621624671887	0.6661470071892857	1	1
positive regulation of cell killing	GO:0031343		34	6	6.662188318342252	-0.10468853768252841	0.8093165486581243	0.6499583354560264	1	1
negative regulation of cell projection organization	GO:0031345		59	7	11.56085619947626	-0.5017147771448282	0.5735281014520301	0.9537985625670293	1	1
positive regulation of cell projection organization	GO:0031346		124	21	24.297392690424683	-0.1458466101760358	0.7820874146329496	0.7663610392710158	1	1
negative regulation of defense response	GO:0031348		165	29	32.331208015484464	-0.10873712620852878	0.8066102100530156	0.748907739378219	1	1
N-terminal protein amino acid modification	GO:0031365		17	3	3.331094159171126	-0.10468853768252841	0.8093165486581243	0.6330949519004381	1	1
regulation of protein ubiquitination	GO:0031396		142	28	27.824433564841172	0.0062899702795211196	0.8858282542416984	0.5023953097512519	1	1
negative regulation of protein ubiquitination	GO:0031397		54	9	10.58112262324946	-0.16184695152247705	0.7716727237196409	0.757028169698035	1	1
positive regulation of protein ubiquitination	GO:0031398		81	16	15.87168393487419	0.008052085272920466	0.8870787171674871	0.508368879288829	1	1
negative regulation of protein modification process	GO:0031400		161	22	31.54742115450302	-0.36044939392056924	0.6505048026453468	0.977475753047053	1	1
keratinization	GO:0031424		7	0	1.3716270067175225	-Inf	0	1	1	1
regulation of mRNA 3'-end processing	GO:0031440		8	0	1.5675737219628827	-Inf	0	1	1	1
regulation of heterochromatin formation	GO:0031445		7	0	1.3716270067175225	-Inf	0	1	1	1
nuclear membrane reassembly	GO:0031468		21	5	4.114881020152567	0.19482799241625548	1.0256053873788344	0.3101636470445178	1	1
protein-containing complex localization	GO:0031503		47	5	9.209495616531937	-0.6107971715703803	0.519265730842211	0.9669253761109791	1	1
heterochromatin formation	GO:0031507		44	5	8.621655470795856	-0.544839203778583	0.5515433572899587	0.9427883926011462	1	1
ruffle organization	GO:0031529		12	4	2.3513605829443245	0.5313002290374682	1.301399677662636	0.19470778732926153	1	1
regulation of termination of DNA-templated transcription	GO:0031554		6	1	1.1756802914721622	-0.16184695152247705	0.7716727237196409	0.72984153184383	1	1
DNA integrity checkpoint signaling	GO:0031570		78	4	15.283843789138107	-1.340501947864123	0.2588151093864642	0.9999255321892752	1	1
mitotic G1 DNA damage checkpoint signaling	GO:0031571		14	0	2.743254013435045	-Inf	0	1	1	1
mitotic intra-S DNA damage checkpoint signaling	GO:0031573		6	0	1.1756802914721622	-Inf	0	1	1	1
spindle checkpoint signaling	GO:0031577		21	1	4.114881020152567	-1.414609920017845	0.24068973026822393	0.9897737816257031	1	1
membrane raft organization	GO:0031579		16	3	3.1351474439257654	-0.04406391586609347	0.8505613782850316	0.586697296105379	1	1
hemidesmosome assembly	GO:0031581		5	0	0.9797335762268019	-Inf	0	1	1	1
cell-substrate adhesion	GO:0031589		98	12	19.202778094045314	-0.4701483111769935	0.59006700850072	0.9802819280706516	1	1
receptor internalization	GO:0031623		40	6	7.837868609814415	-0.2672074671803034	0.705512384119831	0.8232837846356533	1	1
zymogen activation	GO:0031638		19	2	3.7229875896618467	-0.6213792809009171	0.5142372660455732	0.9107998111621118	1	1
plasminogen activation	GO:0031639		9	1	1.7635204372082431	-0.5673120596306415	0.5403638836722494	0.8596066645829048	1	1
killing of cells of another organism	GO:0031640		82	12	16.06763065011955	-0.2919000797706749	0.690619792530335	0.7936563900555609	1	1
regulation of myelination	GO:0031641		5	0	0.9797335762268019	-Inf	0	1	1	1
regulation of nervous system process	GO:0031644		20	1	3.9189343049072076	-1.365819755848413	0.2524803984506228	0.9841736533539538	1	1
positive regulation of nervous system process	GO:0031646		6	0	1.1756802914721622	-Inf	0	1	1	1
protein destabilization	GO:0031648		38	1	7.4459751793236935	-2.0076736420208077	0.13390026174376737	0.9997507810083095	1	1
lipopolysaccharide-mediated signaling pathway	GO:0031663		10	4	1.9594671524536038	0.7136217858314229	1.4619856571553664	0.11378252681862328	1	1
regulation of lipopolysaccharide-mediated signaling pathway	GO:0031664		21	4	4.114881020152567	-0.028315558897954368	0.8614938546476196	0.4814757423991832	1	1
negative regulation of lipopolysaccharide-mediated signaling pathway	GO:0031665		13	2	2.547307298189685	-0.2418896591960136	0.7210246532773757	0.6118932315048861	1	1
response to nutrient levels	GO:0031667		162	29	31.74336786974838	-0.09038798754033213	0.8189243841670294	0.7240879338032217	1	1
cellular response to nutrient levels	GO:0031669		130	22	25.47307298189685	-0.14657947939168864	0.7816082896358175	0.7979874600138905	1	1
cellular response to nutrient	GO:0031670		18	4	3.5270408744164863	0.12583512092930388	0.9730885098117966	0.4814757423991832	1	1
protection from non-homologous end joining at telomere	GO:0031848		5	0	0.9797335762268019	-Inf	0	1	1	1
TOR signaling	GO:0031929		16	1	3.1351474439257654	-1.1426762045342032	0.3137893727853598	0.9695327120224101	1	1
regulation of glucocorticoid metabolic process	GO:0031943		8	0	1.5675737219628827	-Inf	0	1	1	1
regulation of glucocorticoid biosynthetic process	GO:0031946		7	0	1.3716270067175225	-Inf	0	1	1	1
regulation of protein autophosphorylation	GO:0031952		12	5	2.3513605829443245	0.7544437803516779	1.4987873766536668	0.06722560684947299	1	1
positive regulation of protein autophosphorylation	GO:0031954		8	4	1.5675737219628827	0.9367653371456328	1.6662678944047509	0.05259704942791124	1	1
response to corticosteroid	GO:0031960		19	4	3.7229875896618467	0.07176789965902816	0.9330203001238664	0.5271589678270941	1	1
regulation of fatty acid beta-oxidation	GO:0031998		11	0	2.155413867698964	-Inf	0	1	1	1
positive regulation of fatty acid beta-oxidation	GO:0032000		7	0	1.3716270067175225	-Inf	0	1	1	1
regulation of TOR signaling	GO:0032006		130	25	25.47307298189685	-0.01874610788180376	0.868180401077128	0.5770443649255903	1	1
negative regulation of TOR signaling	GO:0032007		55	10	10.777069338494819	-0.07483557453284717	0.8294586149673299	0.6573879671136511	1	1
positive regulation of TOR signaling	GO:0032008		66	15	12.932483206193783	0.14830797678136257	0.990026879440693	0.3048499345014954	1	1
ISG15-protein conjugation	GO:0032020		6	1	1.1756802914721622	-0.16184695152247705	0.7716727237196409	0.72984153184383	1	1
positive regulation of insulin secretion	GO:0032024		19	2	3.7229875896618467	-0.6213792809009171	0.5142372660455732	0.9107998111621118	1	1
mitochondrial DNA metabolic process	GO:0032042		14	1	2.743254013435045	-1.0091448119096806	0.35690501805843033	0.952854632353058	1	1
cardiolipin metabolic process	GO:0032048		9	1	1.7635204372082431	-0.5673120596306415	0.5403638836722494	0.8596066645829048	1	1
negative regulation of translation in response to stress	GO:0032055		6	3	1.1756802914721622	0.9367653371456326	1.6662678944047506	0.09392783594413556	1	1
positive regulation of translation in response to stress	GO:0032056		5	2	0.9797335762268019	0.7136217858314229	1.4619856571553664	0.2544280030025466	1	1
bleb assembly	GO:0032060		7	1	1.3716270067175225	-0.3159976313497353	0.6763118873418741	0.7827962839733025	1	1
regulation of endodeoxyribonuclease activity	GO:0032071		7	1	1.3716270067175225	-0.3159976313497353	0.6763118873418741	0.7827962839733025	1	1
negative regulation of protein binding	GO:0032091		42	2	8.229762040305134	-1.414609920017845	0.24068973026822393	0.9988291459427583	1	1
positive regulation of protein binding	GO:0032092		23	2	4.506774450643289	-0.8124345176636266	0.4303676116636751	0.9563004221799327	1	1
regulation of response to nutrient levels	GO:0032107		9	1	1.7635204372082431	-0.5673120596306415	0.5403638836722494	0.8596066645829048	1	1
activation of protein kinase activity	GO:0032147		31	3	6.074348172606171	-0.7054623981114585	0.4757313781028441	0.9509461043501022	1	1
activation of protein kinase B activity	GO:0032148		7	0	1.3716270067175225	-Inf	0	1	1	1
telomere organization	GO:0032200		69	4	13.520323351929866	-1.217899625771791	0.291696681204683	0.999470363506226	1	1
telomere maintenance via semi-conservative replication	GO:0032201		5	0	0.9797335762268019	-Inf	0	1	1	1
regulation of telomere maintenance	GO:0032204		79	16	15.479790504383466	0.03305338747833777	0.9049379089785319	0.4190840019771838	1	1
negative regulation of telomere maintenance	GO:0032205		35	4	6.858135033587613	-0.5391411826639451	0.5544080151108676	0.8977235130178045	1	1
positive regulation of telomere maintenance	GO:0032206		46	9	9.013548901286578	-0.0015043014472978656	0.8803102853974325	0.5610599533967064	1	1
regulation of telomere maintenance via telomerase	GO:0032210		42	9	8.229762040305134	0.08946747675842903	0.9460294016458648	0.3816013454104595	1	1
negative regulation of telomere maintenance via telomerase	GO:0032211		22	3	4.310827735397928	-0.36251764698462824	0.6493225649570408	0.7813010638640464	1	1
positive regulation of telomere maintenance via telomerase	GO:0032212		19	6	3.7229875896618467	0.47723300776719246	1.255120035952325	0.1515463728736116	1	1
regulation of actin filament bundle assembly	GO:0032231		66	10	12.932483206193783	-0.2571571313268019	0.7116408806919808	0.8583253824836239	1	1
negative regulation of actin filament bundle assembly	GO:0032232		21	2	4.114881020152567	-0.7214627394578996	0.46869159825755335	0.9373651375154552	1	1
positive regulation of actin filament bundle assembly	GO:0032233		39	6	7.6419218945690535	-0.24188965919601346	0.7210246532773759	0.8036550207082513	1	1
activation of store-operated calcium channel activity	GO:0032237		5	1	0.9797335762268019	0.020474605271477528	0.8959251696155924	0.6639809576251503	1	1
adenosine transport	GO:0032238		5	0	0.9797335762268019	-Inf	0	1	1	1
regulation of nucleobase-containing compound transport	GO:0032239		15	3	2.9392007286804054	0.020474605271477528	0.8959251696155924	0.586697296105379	1	1
methylation	GO:0032259		96	12	18.810884663554596	-0.44952902397425804	0.6010751724526116	0.9587811894677685	1	1
purine nucleotide salvage	GO:0032261		5	1	0.9797335762268019	0.020474605271477528	0.8959251696155924	0.6639809576251503	1	1
regulation of protein polymerization	GO:0032271		95	18	18.614937948309233	-0.03359261599879812	0.8578205997241435	0.604320014842596	1	1
negative regulation of protein polymerization	GO:0032272		25	4	4.898667881134009	-0.2026689460427322	0.7455383845037314	0.750716981491383	1	1
positive regulation of protein polymerization	GO:0032273		53	14	10.385175908004099	0.2986779337687148	1.107426329809574	0.14088007145734854	1	1
regulation of gonadotropin secretion	GO:0032276		5	1	0.9797335762268019	0.020474605271477528	0.8959251696155924	0.5820703667006293	1	1
regulation of icosanoid secretion	GO:0032303		5	1	0.9797335762268019	0.020474605271477528	0.8959251696155924	0.6639809576251503	1	1
icosanoid secretion	GO:0032309		11	1	2.155413867698964	-0.7679827550927926	0.4487358074677462	0.90925940843125	1	1
molybdopterin cofactor biosynthetic process	GO:0032324		5	0	0.9797335762268019	-Inf	0	1	1	1
alanine transport	GO:0032328		12	2	2.3513605829443245	-0.16184695152247705	0.7716727237196409	0.7135533259489933	1	1
regulation of chondrocyte differentiation	GO:0032330		13	0	2.547307298189685	-Inf	0	1	1	1
negative regulation of chondrocyte differentiation	GO:0032331		7	0	1.3716270067175225	-Inf	0	1	1	1
positive regulation of chondrocyte differentiation	GO:0032332		7	0	1.3716270067175225	-Inf	0	1	1	1
regulation of aldosterone metabolic process	GO:0032344		7	0	1.3716270067175225	-Inf	0	1	1	1
regulation of aldosterone biosynthetic process	GO:0032347		7	0	1.3716270067175225	-Inf	0	1	1	1
regulation of hormone metabolic process	GO:0032350		21	3	4.114881020152567	-0.3159976313497353	0.6763118873418741	0.7813010638640464	1	1
negative regulation of hormone metabolic process	GO:0032351		7	0	1.3716270067175225	-Inf	0	1	1	1
positive regulation of hormone metabolic process	GO:0032352		8	2	1.5675737219628827	0.24361815658568745	1.063644502877227	0.48475503253829777	1	1
negative regulation of hormone biosynthetic process	GO:0032353		5	0	0.9797335762268019	-Inf	0	1	1	1
response to estradiol	GO:0032355		22	2	4.310827735397928	-0.7679827550927926	0.4487358074677462	0.9476437436359091	1	1
intracellular lipid transport	GO:0032365		26	3	5.09461459637937	-0.5295717316477945	0.5592464895478996	0.9083516062867003	1	1
intracellular sterol transport	GO:0032366		16	3	3.1351474439257654	-0.04406391586609347	0.8505613782850316	0.6330949519004381	1	1
intracellular cholesterol transport	GO:0032367		16	3	3.1351474439257654	-0.04406391586609347	0.8505613782850316	0.6330949519004381	1	1
regulation of lipid transport	GO:0032368		77	13	15.087897073892746	-0.14894354668656903	0.780064113437871	0.7507953903056976	1	1
negative regulation of lipid transport	GO:0032369		21	6	4.114881020152567	0.37714954921021	1.171306923303042	0.215928441242727	1	1
positive regulation of lipid transport	GO:0032370		46	6	9.013548901286578	-0.4069694095554622	0.6243111154330052	0.8990409396026087	1	1
regulation of sterol transport	GO:0032371		43	7	8.425708755550495	-0.18537744893267113	0.7565315672324122	0.7649066956208329	1	1
negative regulation of sterol transport	GO:0032372		10	1	1.9594671524536038	-0.6726725752884678	0.4904435399678537	0.8871303793693512	1	1
positive regulation of sterol transport	GO:0032373		26	4	5.09461459637937	-0.2418896591960136	0.7210246532773757	0.7786888354213644	1	1
regulation of cholesterol transport	GO:0032374		43	7	8.425708755550495	-0.18537744893267113	0.7565315672324122	0.7649066956208329	1	1
negative regulation of cholesterol transport	GO:0032375		10	1	1.9594671524536038	-0.6726725752884678	0.4904435399678537	0.8871303793693512	1	1
positive regulation of cholesterol transport	GO:0032376		26	4	5.09461459637937	-0.2418896591960136	0.7210246532773757	0.7786888354213644	1	1
regulation of intracellular lipid transport	GO:0032377		8	1	1.5675737219628827	-0.44952902397425787	0.6010751724526117	0.8253736056068746	1	1
regulation of intracellular sterol transport	GO:0032380		8	1	1.5675737219628827	-0.44952902397425787	0.6010751724526117	0.8253736056068746	1	1
regulation of intracellular cholesterol transport	GO:0032383		8	1	1.5675737219628827	-0.44952902397425787	0.6010751724526117	0.8253736056068746	1	1
regulation of intracellular transport	GO:0032386		175	28	34.29067516793806	-0.2026689460427322	0.7455383845037314	0.8931192869590958	1	1
negative regulation of intracellular transport	GO:0032387		40	5	7.837868609814415	-0.44952902397425804	0.6010751724526116	0.9152474684918703	1	1
positive regulation of intracellular transport	GO:0032388		86	17	16.85141751110099	0.008778565508286238	0.8875945731588236	0.5059170856096064	1	1
melanosome localization	GO:0032400		7	0	1.3716270067175225	-Inf	0	1	1	1
negative regulation of transporter activity	GO:0032410		27	3	5.29056131162473	-0.5673120596306415	0.5403638836722494	0.9213816428600476	1	1
positive regulation of transporter activity	GO:0032411		34	7	6.662188318342252	0.04946214214472988	0.9167774143665353	0.44140117720295413	1	1
negative regulation of ion transmembrane transporter activity	GO:0032413		23	3	4.506774450643289	-0.4069694095554622	0.6243111154330052	0.8567486189236605	1	1
positive regulation of ion transmembrane transporter activity	GO:0032414		31	5	6.074348172606171	-0.19463677434546786	0.7506308040069956	0.6976999113638871	1	1
lysosome localization	GO:0032418		34	6	6.662188318342252	-0.10468853768252841	0.8093165486581243	0.618343204252579	1	1
regulation of proteasomal ubiquitin-dependent protein catabolic process	GO:0032434		86	10	16.85141751110099	-0.521849685553884	0.5631760358166272	0.9780018501095342	1	1
negative regulation of proteasomal ubiquitin-dependent protein catabolic process	GO:0032435		29	2	5.68245474211545	-1.0442361317209505	0.34507148747084765	0.9856023328255767	1	1
positive regulation of proteasomal ubiquitin-dependent protein catabolic process	GO:0032436		49	6	9.601389047022657	-0.4701483111769935	0.59006700850072	0.9295485126859728	1	1
melanosome organization	GO:0032438		15	2	2.9392007286804054	-0.38499050283668673	0.6365829165604019	0.8234197544946463	1	1
endocytic recycling	GO:0032456		43	5	8.425708755550495	-0.521849685553884	0.5631760358166272	0.9427883926011462	1	1
regulation of protein oligomerization	GO:0032459		5	1	0.9797335762268019	0.020474605271477528	0.8959251696155924	0.6639809576251503	1	1
regulation of cytokinesis	GO:0032465		79	6	15.479790504383466	-0.9477758655333884	0.37849974535226455	0.9986556202203967	1	1
positive regulation of cytokinesis	GO:0032467		39	4	7.6419218945690535	-0.6473547673041777	0.5020681643096098	0.9415857884212321	1	1
endoplasmic reticulum calcium ion homeostasis	GO:0032469		18	2	3.5270408744164863	-0.5673120596306415	0.5403638836722494	0.8739261887459524	1	1
regulation of type I interferon production	GO:0032479		97	27	19.006831378799955	0.35103840520652413	1.1498640496154866	0.024054267083915868	1	1
negative regulation of type I interferon production	GO:0032480		35	6	6.858135033587613	-0.13367607455578068	0.7900734555975877	0.7081570564149302	1	1
positive regulation of type I interferon production	GO:0032481		57	20	11.16896276898554	0.5825935234250188	1.3459039041494434	0.002745698864433429	1	1
Rap protein signal transduction	GO:0032486		5	3	0.9797335762268019	1.1190868939395873	1.8378900310571646	0.05482858131054487	1	1
regulation of Cdc42 protein signal transduction	GO:0032489		8	0	1.5675737219628827	-Inf	0	1	1	1
detection of molecule of bacterial origin	GO:0032490		10	1	1.9594671524536038	-0.6726725752884678	0.4904435399678537	0.8871303793693512	1	1
response to bacterial lipoprotein	GO:0032493		5	1	0.9797335762268019	0.020474605271477528	0.8959251696155924	0.6639809576251503	1	1
response to peptidoglycan	GO:0032494		5	1	0.9797335762268019	0.020474605271477528	0.8959251696155924	0.6639809576251503	1	1
response to muramyl dipeptide	GO:0032495		13	4	2.547307298189685	0.4512575213639317	1.2331288170502879	0.24026976015350388	1	1
response to lipopolysaccharide	GO:0032496		89	27	17.43925765683707	0.4371130139777672	1.2212226203565206	0.007308887343733402	1	1
cytokinetic process	GO:0032506		35	3	6.858135033587613	-0.826823255115726	0.42456612542938926	0.9698565450583547	1	1
maintenance of protein location in cell	GO:0032507		37	3	7.2500284640783335	-0.8823931062705368	0.40280973576120616	0.984562264154242	1	1
endosome transport via multivesicular body sorting pathway	GO:0032509		10	1	1.9594671524536038	-0.6726725752884678	0.4904435399678537	0.8253736056068746	1	1
endosome to lysosome transport via multivesicular body sorting pathway	GO:0032510		6	1	1.1756802914721622	-0.16184695152247705	0.7716727237196409	0.6639809576251503	1	1
response to retinoic acid	GO:0032526		29	4	5.68245474211545	-0.3510889511610053	0.6558759273989256	0.84781023733241	1	1
protein exit from endoplasmic reticulum	GO:0032527		23	5	4.506774450643289	0.10385621421052853	0.9566826872276941	0.4795808598095375	1	1
microvillus organization	GO:0032528		14	6	2.743254013435045	0.7826146573183743	1.5243441625433054	0.0399882515663234	1	1
regulation of microvillus organization	GO:0032530		7	1	1.3716270067175225	-0.3159976313497353	0.6763118873418741	0.7827962839733025	1	1
regulation of cellular component size	GO:0032535		137	23	26.84469998861437	-0.15457419219339733	0.7763946878495336	0.825533743135362	1	1
mitochondrial translation	GO:0032543		22	0	4.310827735397928	-Inf	0	1	1	1
response to progesterone	GO:0032570		11	3	2.155413867698964	0.3306295335753171	1.13323234459792	0.3691323739002324	1	1
regulation of chemokine production	GO:0032642		59	14	11.56085619947626	0.1914324034151172	1.0229853170190792	0.2344962886566636	1	1
regulation of granulocyte macrophage colony-stimulating factor production	GO:0032645		13	3	2.547307298189685	0.16357544891215084	1.0016275609675553	0.48337514553833716	1	1
regulation of interferon-alpha production	GO:0032647		22	4	4.310827735397928	-0.0748355745328473	0.8294586149673298	0.6507471228202052	1	1
regulation of interferon-beta production	GO:0032648		43	10	8.425708755550495	0.17129749500606128	1.007523400860198	0.32817157725212703	1	1
regulation of type II interferon production	GO:0032649		67	14	13.128429921439144	0.06427722792987041	0.9275466831488725	0.41817845139973736	1	1
regulation of interleukin-1 beta production	GO:0032651		59	12	11.56085619947626	0.037281723587858834	0.9079798914275501	0.4687751549004498	1	1
regulation of interleukin-1 production	GO:0032652		69	12	13.520323351929866	-0.11928733710368118	0.7995862820151282	0.704113114318698	1	1
regulation of interleukin-10 production	GO:0032653		37	4	7.2500284640783335	-0.5947110338187559	0.5269887183617267	0.9494584541116876	1	1
regulation of interleukin-12 production	GO:0032655		34	6	6.662188318342252	-0.10468853768252841	0.8093165486581243	0.679916925076772	1	1
regulation of interleukin-13 production	GO:0032656		12	2	2.3513605829443245	-0.16184695152247705	0.7716727237196409	0.7135533259489933	1	1
regulation of interleukin-17 production	GO:0032660		24	4	4.702721165888649	-0.16184695152247705	0.7716727237196409	0.7201011001178095	1	1
regulation of interleukin-2 production	GO:0032663		37	5	7.2500284640783335	-0.3715674825045461	0.644168932283637	0.860790685255046	1	1
regulation of interleukin-23 production	GO:0032667		5	0	0.9797335762268019	-Inf	0	1	1	1
regulation of interleukin-4 production	GO:0032673		14	2	2.743254013435045	-0.3159976313497353	0.6763118873418741	0.791856760042744	1	1
regulation of interleukin-5 production	GO:0032674		10	1	1.9594671524536038	-0.6726725752884678	0.4904435399678537	0.8871303793693512	1	1
regulation of interleukin-6 production	GO:0032675		81	12	15.87168393487419	-0.27962998717886045	0.6979908774849563	0.893336573036128	1	1
regulation of interleukin-8 production	GO:0032677		79	13	15.479790504383466	-0.17458597729990658	0.7634496317739837	0.7991170062067301	1	1
regulation of tumor necrosis factor production	GO:0032680		96	15	18.810884663554596	-0.22638547266004824	0.7306450459037861	0.8580367003885178	1	1
negative regulation of chemokine production	GO:0032682		14	1	2.743254013435045	-1.0091448119096806	0.35690501805843033	0.9413547843308927	1	1
negative regulation of interferon-beta production	GO:0032688		9	2	1.7635204372082431	0.12583512092930388	0.9730885098117966	0.5515091337986338	1	1
negative regulation of type II interferon production	GO:0032689		22	2	4.310827735397928	-0.7679827550927926	0.4487358074677462	0.9476437436359091	1	1
negative regulation of interleukin-1 beta production	GO:0032691		23	5	4.506774450643289	0.10385621421052853	0.9566826872276941	0.4378631785228037	1	1
negative regulation of interleukin-1 production	GO:0032692		26	5	5.09461459637937	-0.01874610788180376	0.868180401077128	0.5593677229065497	1	1
negative regulation of interleukin-10 production	GO:0032693		13	3	2.547307298189685	0.16357544891215084	1.0016275609675553	0.48337514553833716	1	1
negative regulation of interleukin-12 production	GO:0032695		11	4	2.155413867698964	0.618311606027098	1.3772191323903928	0.15221372716933204	1	1
negative regulation of interleukin-17 production	GO:0032700		8	0	1.5675737219628827	-Inf	0	1	1	1
negative regulation of interleukin-2 production	GO:0032703		17	2	3.331094159171126	-0.5101536457906928	0.5691707139650165	0.8739261887459524	1	1
negative regulation of interleukin-6 production	GO:0032715		22	5	4.310827735397928	0.14830797678136237	0.9900268794406928	0.4378631785228037	1	1
negative regulation of interleukin-8 production	GO:0032717		14	1	2.743254013435045	-1.0091448119096806	0.35690501805843033	0.952854632353058	1	1
negative regulation of tumor necrosis factor production	GO:0032720		41	6	8.033815325059775	-0.2919000797706749	0.690619792530335	0.8232837846356533	1	1
positive regulation of chemokine production	GO:0032722		48	13	9.405442331777298	0.32366086425922375	1.127579659374768	0.11540189192610484	1	1
positive regulation of granulocyte macrophage colony-stimulating factor production	GO:0032725		11	3	2.155413867698964	0.3306295335753171	1.13323234459792	0.3691323739002324	1	1
positive regulation of interferon-alpha production	GO:0032727		19	4	3.7229875896618467	0.07176789965902816	0.9330203001238664	0.5271589678270941	1	1
positive regulation of interferon-beta production	GO:0032728		33	8	6.466241603096892	0.21284649791893365	1.0395685658180285	0.31261226970482503	1	1
positive regulation of type II interferon production	GO:0032729		45	11	8.817602186041215	0.22114530073362876	1.046033249826185	0.23173914353378497	1	1
positive regulation of interleukin-1 beta production	GO:0032731		39	10	7.6419218945690535	0.26893596456997726	1.0836662964444168	0.22110120141701517	1	1
positive regulation of interleukin-1 production	GO:0032732		46	10	9.013548901286578	0.10385621421052853	0.9566826872276941	0.4140255040960642	1	1
positive regulation of interleukin-10 production	GO:0032733		25	3	4.898667881134009	-0.49035101849451307	0.579438399183867	0.8933905173407	1	1
positive regulation of interleukin-12 production	GO:0032735		20	2	3.9189343049072076	-0.6726725752884678	0.4904435399678537	0.9251885608618968	1	1
positive regulation of interleukin-13 production	GO:0032736		8	1	1.5675737219628827	-0.44952902397425787	0.6010751724526117	0.8253736056068746	1	1
positive regulation of interleukin-17 production	GO:0032740		17	4	3.331094159171126	0.1829935347692526	1.0164894330322407	0.4341305238893221	1	1
positive regulation of interleukin-2 production	GO:0032743		19	3	3.7229875896618467	-0.21591417279275285	0.737194362814586	0.7145810752892615	1	1
positive regulation of interleukin-4 production	GO:0032753		9	1	1.7635204372082431	-0.5673120596306415	0.5403638836722494	0.8596066645829048	1	1
positive regulation of interleukin-5 production	GO:0032754		5	0	0.9797335762268019	-Inf	0	1	1	1
positive regulation of interleukin-6 production	GO:0032755		56	8	10.97301605374018	-0.3159976313497353	0.6763118873418741	0.8825779836058022	1	1
positive regulation of interleukin-8 production	GO:0032757		62	12	12.148696345212342	-0.012315217551513198	0.8726922785456543	0.5699262644589724	1	1
positive regulation of tumor necrosis factor production	GO:0032760		54	7	10.58112262324946	-0.4131613798033832	0.6208873648614414	0.9257961500425358	1	1
negative regulation of ATP-dependent activity	GO:0032780		12	1	2.3513605829443245	-0.8549941320824224	0.4134089075367419	0.9270508704750915	1	1
positive regulation of ATP-dependent activity	GO:0032781		18	4	3.5270408744164863	0.12583512092930388	0.9730885098117966	0.4814757423991832	1	1
regulation of DNA-templated transcription elongation	GO:0032784		41	5	8.033815325059775	-0.47422163656462957	0.587911536007993	0.9037520080098431	1	1
negative regulation of DNA-templated transcription, elongation	GO:0032785		20	3	3.9189343049072076	-0.2672074671803034	0.705512384119831	0.7497227204384175	1	1
positive regulation of DNA-templated transcription, elongation	GO:0032786		23	2	4.506774450643289	-0.8124345176636266	0.4303676116636751	0.9476437436359091	1	1
ribosome disassembly	GO:0032790		40	4	7.837868609814415	-0.6726725752884678	0.4904435399678537	0.9675904142391654	1	1
receptor catabolic process	GO:0032801		14	0	2.743254013435045	-Inf	0	1	1	1
regulation of low-density lipoprotein particle receptor catabolic process	GO:0032803		5	1	0.9797335762268019	0.020474605271477528	0.8959251696155924	0.6639809576251503	1	1
regulation of natural killer cell activation	GO:0032814		17	2	3.331094159171126	-0.5101536457906928	0.5691707139650165	0.8739261887459524	1	1
positive regulation of natural killer cell activation	GO:0032816		11	2	2.155413867698964	-0.0748355745328473	0.8294586149673298	0.6658400887503648	1	1
regulation of natural killer cell proliferation	GO:0032817		10	2	1.9594671524536038	0.020474605271477528	0.8959251696155924	0.6118932315048861	1	1
positive regulation of natural killer cell proliferation	GO:0032819		8	2	1.5675737219628827	0.24361815658568745	1.063644502877227	0.48475503253829777	1	1
regulation of CD4-positive, CD25-positive, alpha-beta regulatory T cell differentiation	GO:0032829		6	0	1.1756802914721622	-Inf	0	1	1	1
positive regulation of CD4-positive, CD25-positive, alpha-beta regulatory T cell differentiation	GO:0032831		6	0	1.1756802914721622	-Inf	0	1	1	1
glomerulus development	GO:0032835		6	0	1.1756802914721622	-Inf	0	1	1	1
response to insulin	GO:0032868		58	6	11.3649094842309	-0.6387710236127861	0.5060622315132961	0.9809021336693062	1	1
cellular response to insulin stimulus	GO:0032869		51	5	9.993282477513377	-0.6924752025846472	0.4815124235297748	0.9813322941601599	1	1
cellular response to hormone stimulus	GO:0032870		194	23	38.01366275759991	-0.5024514254286006	0.5731466605271361	0.9982313578521413	1	1
regulation of stress-activated MAPK cascade	GO:0032872		25	1	4.898667881134009	-1.5889633071626228	0.20274527604477344	0.9957311455956721	1	1
negative regulation of stress-activated MAPK cascade	GO:0032873		5	0	0.9797335762268019	-Inf	0	1	1	1
positive regulation of stress-activated MAPK cascade	GO:0032874		14	1	2.743254013435045	-1.0091448119096806	0.35690501805843033	0.952854632353058	1	1
regulation of establishment or maintenance of cell polarity	GO:0032878		15	4	2.9392007286804054	0.30815667772325855	1.1150519589183827	0.3366446614878407	1	1
regulation of polysaccharide metabolic process	GO:0032881		26	3	5.09461459637937	-0.5295717316477945	0.5592464895478996	0.8933905173407	1	1
regulation of polysaccharide biosynthetic process	GO:0032885		23	3	4.506774450643289	-0.4069694095554622	0.6243111154330052	0.8345790763109171	1	1
regulation of microtubule-based process	GO:0032886		171	13	33.50688830695662	-0.946801681335545	0.37885196841726715	0.9999949868912832	1	1
regulation of organic acid transport	GO:0032890		17	3	3.331094159171126	-0.10468853768252841	0.8093165486581243	0.6757301864742484	1	1
negative regulation of organic acid transport	GO:0032891		9	3	1.7635204372082431	0.5313002290374682	1.301399677662636	0.25111567812712277	1	1
positive regulation of organic acid transport	GO:0032892		6	0	1.1756802914721622	-Inf	0	1	1	1
negative regulation of viral transcription	GO:0032897		15	3	2.9392007286804054	0.020474605271477528	0.8959251696155924	0.586697296105379	1	1
regulation of transforming growth factor beta2 production	GO:0032909		5	1	0.9797335762268019	0.020474605271477528	0.8959251696155924	0.6639809576251503	1	1
circadian regulation of gene expression	GO:0032922		12	3	2.3513605829443245	0.24361815658568728	1.0636445028772268	0.42727390275722177	1	1
activin receptor signaling pathway	GO:0032924		18	2	3.5270408744164863	-0.5673120596306415	0.5403638836722494	0.8739261887459524	1	1
regulation of activin receptor signaling pathway	GO:0032925		16	3	3.1351474439257654	-0.04406391586609347	0.8505613782850316	0.6330949519004381	1	1
negative regulation of activin receptor signaling pathway	GO:0032926		11	2	2.155413867698964	-0.0748355745328473	0.8294586149673298	0.6658400887503648	1	1
regulation of superoxide anion generation	GO:0032928		14	2	2.743254013435045	-0.3159976313497353	0.6763118873418741	0.791856760042744	1	1
positive regulation of superoxide anion generation	GO:0032930		14	2	2.743254013435045	-0.3159976313497353	0.6763118873418741	0.791856760042744	1	1
SREBP signaling pathway	GO:0032933		8	3	1.5675737219628827	0.6490832646938518	1.4044007738015039	0.1941869786530865	1	1
secretion by cell	GO:0032940		128	14	25.081179551406123	-0.5830604165987806	0.5326420143077796	0.9967123098518806	1	1
secretion by tissue	GO:0032941		9	0	1.7635204372082431	-Inf	0	1	1	1
mononuclear cell proliferation	GO:0032943		16	4	3.1351474439257654	0.24361815658568745	1.063644502877227	0.38564078766012255	1	1
regulation of mononuclear cell proliferation	GO:0032944		116	27	22.7298189684618	0.17215919260354257	1.008182489653551	0.1740266674737458	1	1
negative regulation of mononuclear cell proliferation	GO:0032945		38	4	7.4459751793236935	-0.6213792809009171	0.5142372660455732	0.9563454415460161	1	1
positive regulation of mononuclear cell proliferation	GO:0032946		76	22	14.891950358647387	0.3902216307775628	1.182109784512903	0.027753281928772282	1	1
regulation of cytokinetic process	GO:0032954		6	2	1.1756802914721622	0.5313002290374682	1.301399677662636	0.33467808653175235	1	1
regulation of actin cytoskeleton organization	GO:0032956		174	32	34.0947284526927	-0.06340687870922448	0.8372560787684091	0.6587981094338926	1	1
collagen metabolic process	GO:0032963		32	4	6.270294887851531	-0.44952902397425787	0.6010751724526117	0.8977235130178045	1	1
collagen biosynthetic process	GO:0032964		8	0	1.5675737219628827	-Inf	0	1	1	1
regulation of collagen biosynthetic process	GO:0032965		15	3	2.9392007286804054	0.020474605271477528	0.8959251696155924	0.586697296105379	1	1
positive regulation of collagen biosynthetic process	GO:0032967		12	2	2.3513605829443245	-0.16184695152247705	0.7716727237196409	0.7135533259489933	1	1
positive regulation of transcription elongation by RNA polymerase II	GO:0032968		16	2	3.1351474439257654	-0.44952902397425787	0.6010751724526117	0.8234197544946463	1	1
regulation of actin filament-based process	GO:0032970		198	33	38.797449618581346	-0.1618469515224769	0.7716727237196409	0.8581308687630906	1	1
mitochondrial respiratory chain complex I assembly	GO:0032981		32	2	6.270294887851531	-1.1426762045342032	0.3137893727853598	0.988077777716682	1	1
protein-containing complex disassembly	GO:0032984		100	14	19.594671524536036	-0.33620033866725474	0.6644886562920782	0.9256114663159124	1	1
protein-DNA complex disassembly	GO:0032986		20	2	3.9189343049072076	-0.6726725752884678	0.4904435399678537	0.9251885608618968	1	1
protein-RNA complex disassembly	GO:0032988		6	2	1.1756802914721622	0.5313002290374682	1.301399677662636	0.33467808653175235	1	1
cellular anatomical entity morphogenesis	GO:0032989		20	0	3.9189343049072076	-Inf	0	1	1	1
regulation of mast cell activation	GO:0033003		7	1	1.3716270067175225	-0.3159976313497353	0.6763118873418741	0.7827962839733025	1	1
tetrapyrrole metabolic process	GO:0033013		38	5	7.4459751793236935	-0.39823572958670733	0.6291652920174439	0.8766362964749745	1	1
tetrapyrrole biosynthetic process	GO:0033014		18	3	3.5270408744164863	-0.16184695152247705	0.7716727237196409	0.7145810752892615	1	1
tetrapyrrole catabolic process	GO:0033015		11	1	2.155413867698964	-0.7679827550927926	0.4487358074677462	0.90925940843125	1	1
regulation of myeloid cell apoptotic process	GO:0033032		10	3	1.9594671524536038	0.4259397133796419	1.2118523860835395	0.30997274297362254	1	1
negative regulation of myeloid cell apoptotic process	GO:0033033		5	2	0.9797335762268019	0.7136217858314229	1.4619856571553664	0.2544280030025466	1	1
positive regulation of myeloid cell apoptotic process	GO:0033034		5	1	0.9797335762268019	0.020474605271477528	0.8959251696155924	0.6639809576251503	1	1
regulation of chromosome organization	GO:0033044		178	21	34.87851531367414	-0.5073485948630841	0.5706161026942719	0.9973081127495089	1	1
regulation of sister chromatid segregation	GO:0033045		60	2	11.756802914721622	-1.7712848639565775	0.1693042931998258	0.9999682433604442	1	1
negative regulation of sister chromatid segregation	GO:0033046		22	0	4.310827735397928	-Inf	0	1	1	1
regulation of mitotic sister chromatid segregation	GO:0033047		44	1	8.621655470795856	-2.154277116212683	0.11572850540633371	0.9999328845952764	1	1
negative regulation of mitotic sister chromatid segregation	GO:0033048		22	0	4.310827735397928	-Inf	0	1	1	1
cellular pigmentation	GO:0033059		23	2	4.506774450643289	-0.8124345176636266	0.4303676116636751	0.9563004221799327	1	1
mitochondrial respiratory chain complex assembly	GO:0033108		69	7	13.520323351929866	-0.6582838378363681	0.49702160542736745	0.9832938106236482	1	1
negative regulation of RNA splicing	GO:0033119		17	5	3.331094159171126	0.4061370860834623	1.195322394547758	0.22804914491522568	1	1
positive regulation of RNA splicing	GO:0033120		22	4	4.310827735397928	-0.0748355745328473	0.8294586149673298	0.6120409511297683	1	1
regulation of purine nucleotide catabolic process	GO:0033121		29	7	5.68245474211545	0.2085268367744173	1.0362119597125292	0.336267558730799	1	1
negative regulation of purine nucleotide catabolic process	GO:0033122		8	1	1.5675737219628827	-0.44952902397425787	0.6010751724526117	0.8253736056068746	1	1
positive regulation of purine nucleotide catabolic process	GO:0033123		13	4	2.547307298189685	0.4512575213639317	1.2331288170502879	0.24026976015350388	1	1
regulation of peptidyl-serine phosphorylation	GO:0033135		26	5	5.09461459637937	-0.01874610788180376	0.868180401077128	0.5593677229065497	1	1
negative regulation of peptidyl-serine phosphorylation	GO:0033137		5	2	0.9797335762268019	0.7136217858314229	1.4619856571553664	0.2544280030025466	1	1
positive regulation of peptidyl-serine phosphorylation	GO:0033138		20	3	3.9189343049072076	-0.2672074671803034	0.705512384119831	0.7497227204384175	1	1
regulation of intracellular steroid hormone receptor signaling pathway	GO:0033143		55	3	10.777069338494819	-1.2788083788587832	0.2748935849033622	0.9993751561566171	1	1
negative regulation of intracellular steroid hormone receptor signaling pathway	GO:0033144		26	2	5.09461459637937	-0.9350368397559589	0.38312923895522005	0.974789641605454	1	1
positive regulation of intracellular steroid hormone receptor signaling pathway	GO:0033145		11	0	2.155413867698964	-Inf	0	1	1	1
regulation of intracellular estrogen receptor signaling pathway	GO:0033146		25	0	4.898667881134009	-Inf	0	1	1	1
negative regulation of intracellular estrogen receptor signaling pathway	GO:0033147		9	0	1.7635204372082431	-Inf	0	1	1	1
positive regulation of intracellular estrogen receptor signaling pathway	GO:0033148		9	0	1.7635204372082431	-Inf	0	1	1	1
V(D)J recombination	GO:0033151		7	1	1.3716270067175225	-0.3159976313497353	0.6763118873418741	0.7827962839733025	1	1
regulation of intracellular protein transport	GO:0033157		93	19	18.223044517818515	0.041752003718762476	0.9112026748388733	0.46066444527194916	1	1
calcineurin-NFAT signaling cascade	GO:0033173		10	3	1.9594671524536038	0.4259397133796419	1.2118523860835395	0.25111567812712277	1	1
response to hydroperoxide	GO:0033194		7	2	1.3716270067175225	0.37714954921021	1.171306923303042	0.412113019066995	1	1
response to ATP	GO:0033198		18	2	3.5270408744164863	-0.5673120596306415	0.5403638836722494	0.8938443279280387	1	1
tumor necrosis factor-mediated signaling pathway	GO:0033209		38	9	7.4459751793236935	0.18955093531541153	1.0215351088017557	0.3211951788908672	1	1
adiponectin-activated signaling pathway	GO:0033211		5	0	0.9797335762268019	-Inf	0	1	1	1
iron import into cell	GO:0033212		5	3	0.9797335762268019	1.1190868939395873	1.8378900310571646	0.05482858131054487	1	1
regulation of protein sumoylation	GO:0033233		16	2	3.1351474439257654	-0.44952902397425787	0.6010751724526117	0.8506090120081047	1	1
negative regulation of protein sumoylation	GO:0033234		6	1	1.1756802914721622	-0.16184695152247705	0.7716727237196409	0.72984153184383	1	1
positive regulation of protein sumoylation	GO:0033235		10	1	1.9594671524536038	-0.6726725752884678	0.4904435399678537	0.8871303793693512	1	1
regulation of amine metabolic process	GO:0033238		6	0	1.1756802914721622	-Inf	0	1	1	1
nuclear DNA replication	GO:0033260		11	1	2.155413867698964	-0.7679827550927926	0.4487358074677462	0.90925940843125	1	1
regulation of nuclear cell cycle DNA replication	GO:0033262		7	0	1.3716270067175225	-Inf	0	1	1	1
response to vitamin	GO:0033273		14	2	2.743254013435045	-0.3159976313497353	0.6763118873418741	0.791856760042744	1	1
actin-myosin filament sliding	GO:0033275		8	0	1.5675737219628827	-Inf	0	1	1	1
response to vitamin D	GO:0033280		9	1	1.7635204372082431	-0.5673120596306415	0.5403638836722494	0.8596066645829048	1	1
cholesterol efflux	GO:0033344		21	1	4.114881020152567	-1.414609920017845	0.24068973026822393	0.9897737816257031	1	1
secretory granule organization	GO:0033363		9	0	1.7635204372082431	-Inf	0	1	1	1
carbohydrate homeostasis	GO:0033500		48	5	9.405442331777298	-0.6318505807682127	0.5093019383311344	0.9712715230208635	1	1
fatty acid beta-oxidation using acyl-CoA dehydrogenase	GO:0033539		9	0	1.7635204372082431	-Inf	0	1	1	1
fatty acid beta-oxidation using acyl-CoA oxidase	GO:0033540		11	0	2.155413867698964	-Inf	0	1	1	1
unsaturated fatty acid metabolic process	GO:0033559		74	6	14.500056928156667	-0.8823931062705368	0.40280973576120616	0.9978625744604733	1	1
transferrin transport	GO:0033572		10	1	1.9594671524536038	-0.6726725752884678	0.4904435399678537	0.8871303793693512	1	1
regulation of mammary gland epithelial cell proliferation	GO:0033599		8	1	1.5675737219628827	-0.44952902397425787	0.6010751724526117	0.8253736056068746	1	1
negative regulation of catecholamine secretion	GO:0033604		5	0	0.9797335762268019	-Inf	0	1	1	1
mitochondrial proton-transporting ATP synthase complex assembly	GO:0033615		6	0	1.1756802914721622	-Inf	0	1	1	1
mitochondrial respiratory chain complex IV assembly	GO:0033617		21	2	4.114881020152567	-0.7214627394578996	0.46869159825755335	0.9373651375154552	1	1
membrane protein proteolysis	GO:0033619		31	4	6.074348172606171	-0.4177803256596777	0.6183429753554547	0.8663767449433968	1	1
integrin activation	GO:0033622		8	3	1.5675737219628827	0.6490832646938518	1.4044007738015039	0.1941869786530865	1	1
regulation of integrin activation	GO:0033623		13	4	2.547307298189685	0.4512575213639317	1.2331288170502879	0.24026976015350388	1	1
positive regulation of integrin activation	GO:0033625		8	3	1.5675737219628827	0.6490832646938518	1.4044007738015039	0.1941869786530865	1	1
cell adhesion mediated by integrin	GO:0033627		18	4	3.5270408744164863	0.12583512092930388	0.9730885098117966	0.4814757423991832	1	1
regulation of cell adhesion mediated by integrin	GO:0033628		30	7	5.878401457360811	0.1746252850987359	1.0100700374187281	0.3712262202426021	1	1
negative regulation of cell adhesion mediated by integrin	GO:0033629		8	0	1.5675737219628827	-Inf	0	1	1	1
positive regulation of cell adhesion mediated by integrin	GO:0033630		11	2	2.155413867698964	-0.0748355745328473	0.8294586149673298	0.6658400887503648	1	1
regulation of cell-cell adhesion mediated by integrin	GO:0033632		8	3	1.5675737219628827	0.6490832646938518	1.4044007738015039	0.1941869786530865	1	1
negative regulation of kinase activity	GO:0033673		73	8	14.304110212911306	-0.5811053817629772	0.5335956048269961	0.9812978701534405	1	1
positive regulation of kinase activity	GO:0033674		129	27	25.277126266651486	0.0659369793482349	0.9287578555133179	0.3513913960657167	1	1
regulation of osteoblast proliferation	GO:0033688		11	0	2.155413867698964	-Inf	0	1	1	1
negative regulation of osteoblast proliferation	GO:0033689		6	0	1.1756802914721622	-Inf	0	1	1	1
phospholipid efflux	GO:0033700		11	0	2.155413867698964	-Inf	0	1	1	1
nucleoside bisphosphate metabolic process	GO:0033865		16	0	3.1351474439257654	-Inf	0	1	1	1
ribonucleoside bisphosphate metabolic process	GO:0033875		16	0	3.1351474439257654	-Inf	0	1	1	1
P-body assembly	GO:0033962		8	2	1.5675737219628827	0.24361815658568745	1.063644502877227	0.48475503253829777	1	1
purine nucleoside bisphosphate metabolic process	GO:0034032		16	0	3.1351474439257654	-Inf	0	1	1	1
purine ribonucleoside bisphosphate metabolic process	GO:0034035		16	0	3.1351474439257654	-Inf	0	1	1	1
endosomal vesicle fusion	GO:0034058		11	0	2.155413867698964	-Inf	0	1	1	1
stress granule assembly	GO:0034063		18	3	3.5270408744164863	-0.16184695152247705	0.7716727237196409	0.7145810752892615	1	1
protein localization to Golgi apparatus	GO:0034067		25	2	4.898667881134009	-0.8958161266026775	0.39770677283583683	0.9635759430109465	1	1
regulation of maintenance of sister chromatid cohesion	GO:0034091		9	0	1.7635204372082431	-Inf	0	1	1	1
positive regulation of maintenance of sister chromatid cohesion	GO:0034093		6	0	1.1756802914721622	-Inf	0	1	1	1
erythrocyte homeostasis	GO:0034101		27	9	5.29056131162473	0.5313002290374682	1.301399677662636	0.06589684977183687	1	1
regulation of tissue remodeling	GO:0034103		21	3	4.114881020152567	-0.3159976313497353	0.6763118873418741	0.8095110826530926	1	1
negative regulation of tissue remodeling	GO:0034104		5	0	0.9797335762268019	-Inf	0	1	1	1
positive regulation of tissue remodeling	GO:0034105		8	2	1.5675737219628827	0.24361815658568745	1.063644502877227	0.48475503253829777	1	1
homotypic cell-cell adhesion	GO:0034109		28	1	5.48650802687009	-1.7022919924696258	0.18127092723025134	0.9977833603691817	1	1
regulation of homotypic cell-cell adhesion	GO:0034110		25	7	4.898667881134009	0.3569468418926906	1.1547001516777664	0.20434534872792767	1	1
negative regulation of homotypic cell-cell adhesion	GO:0034111		6	1	1.1756802914721622	-0.16184695152247705	0.7716727237196409	0.72984153184383	1	1
positive regulation of homotypic cell-cell adhesion	GO:0034112		16	6	3.1351474439257654	0.6490832646938518	1.4044007738015039	0.07507346251532382	1	1
heterotypic cell-cell adhesion	GO:0034113		25	4	4.898667881134009	-0.2026689460427322	0.7455383845037314	0.750716981491383	1	1
regulation of heterotypic cell-cell adhesion	GO:0034114		22	5	4.310827735397928	0.14830797678136237	0.9900268794406928	0.4378631785228037	1	1
negative regulation of heterotypic cell-cell adhesion	GO:0034115		8	1	1.5675737219628827	-0.44952902397425787	0.6010751724526117	0.8253736056068746	1	1
positive regulation of heterotypic cell-cell adhesion	GO:0034116		13	4	2.547307298189685	0.4512575213639317	1.2331288170502879	0.24026976015350388	1	1
regulation of toll-like receptor signaling pathway	GO:0034121		18	5	3.5270408744164863	0.3489786722435137	1.1481803625092408	0.26842225910480577	1	1
negative regulation of toll-like receptor signaling pathway	GO:0034122		9	3	1.7635204372082431	0.5313002290374682	1.301399677662636	0.25111567812712277	1	1
regulation of toll-like receptor 2 signaling pathway	GO:0034135		7	1	1.3716270067175225	-0.3159976313497353	0.6763118873418741	0.7827962839733025	1	1
positive regulation of toll-like receptor 2 signaling pathway	GO:0034137		6	1	1.1756802914721622	-0.16184695152247705	0.7716727237196409	0.72984153184383	1	1
toll-like receptor 3 signaling pathway	GO:0034138		10	2	1.9594671524536038	0.020474605271477528	0.8959251696155924	0.6118932315048861	1	1
regulation of toll-like receptor 3 signaling pathway	GO:0034139		9	2	1.7635204372082431	0.12583512092930388	0.9730885098117966	0.5515091337986338	1	1
positive regulation of toll-like receptor 3 signaling pathway	GO:0034141		6	0	1.1756802914721622	-Inf	0	1	1	1
toll-like receptor 4 signaling pathway	GO:0034142		23	9	4.506774450643289	0.6916428791126474	1.4422901896049847	0.012572393287523853	1	1
regulation of toll-like receptor 4 signaling pathway	GO:0034143		20	2	3.9189343049072076	-0.6726725752884678	0.4904435399678537	0.9107998111621118	1	1
negative regulation of toll-like receptor 4 signaling pathway	GO:0034144		9	1	1.7635204372082431	-0.5673120596306415	0.5403638836722494	0.8253736056068746	1	1
positive regulation of toll-like receptor 4 signaling pathway	GO:0034145		10	1	1.9594671524536038	-0.6726725752884678	0.4904435399678537	0.8596066645829048	1	1
regulation of toll-like receptor 7 signaling pathway	GO:0034155		5	2	0.9797335762268019	0.7136217858314229	1.4619856571553664	0.2544280030025466	1	1
toll-like receptor 9 signaling pathway	GO:0034162		5	1	0.9797335762268019	0.020474605271477528	0.8959251696155924	0.6639809576251503	1	1
regulation of toll-like receptor 9 signaling pathway	GO:0034163		6	0	1.1756802914721622	-Inf	0	1	1	1
regulation of maintenance of mitotic sister chromatid cohesion	GO:0034182		9	0	1.7635204372082431	-Inf	0	1	1	1
positive regulation of maintenance of mitotic sister chromatid cohesion	GO:0034184		6	0	1.1756802914721622	-Inf	0	1	1	1
cellular response to amino acid starvation	GO:0034198		44	8	8.621655470795856	-0.0748355745328473	0.8294586149673298	0.6256856313938512	1	1
lipid translocation	GO:0034204		24	2	4.702721165888649	-0.8549941320824224	0.4134089075367419	0.9635759430109465	1	1
amyloid-beta formation	GO:0034205		9	1	1.7635204372082431	-0.5673120596306415	0.5403638836722494	0.8596066645829048	1	1
protein hexamerization	GO:0034214		7	3	1.3716270067175225	0.7826146573183743	1.5243441625433054	0.14109075519364597	1	1
carbohydrate transmembrane transport	GO:0034219		33	2	6.466241603096892	-1.173447863200957	0.30456808371541577	0.9901362350685545	1	1
regulation of transcription elongation by RNA polymerase II	GO:0034243		31	5	6.074348172606171	-0.19463677434546786	0.7506308040069956	0.6976999113638871	1	1
negative regulation of transcription elongation by RNA polymerase II	GO:0034244		16	3	3.1351474439257654	-0.04406391586609347	0.8505613782850316	0.6330949519004381	1	1
negative regulation of GTPase activity	GO:0034260		14	5	2.743254013435045	0.6002931005244198	1.361389368780337	0.12119618009048963	1	1
response to monosaccharide	GO:0034284		22	2	4.310827735397928	-0.7679827550927926	0.4487358074677462	0.9476437436359091	1	1
primary alcohol metabolic process	GO:0034308		45	0	8.817602186041215	-Inf	0	1	1	1
primary alcohol catabolic process	GO:0034310		12	0	2.3513605829443245	-Inf	0	1	1	1
diol metabolic process	GO:0034311		25	3	4.898667881134009	-0.49035101849451307	0.579438399183867	0.8933905173407	1	1
diol biosynthetic process	GO:0034312		18	2	3.5270408744164863	-0.5673120596306415	0.5403638836722494	0.8938443279280387	1	1
Arp2/3 complex-mediated actin nucleation	GO:0034314		11	2	2.155413867698964	-0.0748355745328473	0.8294586149673298	0.6118932315048861	1	1
regulation of Arp2/3 complex-mediated actin nucleation	GO:0034315		9	0	1.7635204372082431	-Inf	0	1	1	1
cell junction assembly	GO:0034329		124	17	24.297392690424683	-0.3571557038432428	0.6523909128583294	0.947570711780265	1	1
cell junction organization	GO:0034330		181	22	35.466355459410224	-0.4775420602019318	0.5861591502376229	0.9937538563590025	1	1
cell junction maintenance	GO:0034331		17	2	3.331094159171126	-0.5101536457906928	0.5691707139650165	0.8506090120081047	1	1
adherens junction organization	GO:0034332		18	3	3.5270408744164863	-0.16184695152247705	0.7716727237196409	0.7145810752892615	1	1
adherens junction assembly	GO:0034333		10	2	1.9594671524536038	0.020474605271477528	0.8959251696155924	0.6118932315048861	1	1
adherens junction maintenance	GO:0034334		6	1	1.1756802914721622	-0.16184695152247705	0.7716727237196409	0.72984153184383	1	1
response to type I interferon	GO:0034340		24	3	4.702721165888649	-0.44952902397425804	0.6010751724526116	0.8762696930387821	1	1
response to type II interferon	GO:0034341		51	13	9.993282477513377	0.26303624244278906	1.0789837513316343	0.16641963565917262	1	1
regulation of glial cell apoptotic process	GO:0034350		6	2	1.1756802914721622	0.5313002290374682	1.301399677662636	0.33467808653175235	1	1
negative regulation of glial cell apoptotic process	GO:0034351		6	2	1.1756802914721622	0.5313002290374682	1.301399677662636	0.33467808653175235	1	1
protein-containing complex remodeling	GO:0034367		25	2	4.898667881134009	-0.8958161266026775	0.39770677283583683	0.9696790235040114	1	1
protein-lipid complex remodeling	GO:0034368		24	2	4.702721165888649	-0.8549941320824224	0.4134089075367419	0.9635759430109465	1	1
plasma lipoprotein particle remodeling	GO:0034369		24	2	4.702721165888649	-0.8549941320824224	0.4134089075367419	0.9635759430109465	1	1
triglyceride-rich lipoprotein particle remodeling	GO:0034370		9	1	1.7635204372082431	-0.5673120596306415	0.5403638836722494	0.8596066645829048	1	1
very-low-density lipoprotein particle remodeling	GO:0034372		8	1	1.5675737219628827	-0.44952902397425787	0.6010751724526117	0.8253736056068746	1	1
low-density lipoprotein particle remodeling	GO:0034374		9	1	1.7635204372082431	-0.5673120596306415	0.5403638836722494	0.8596066645829048	1	1
high-density lipoprotein particle remodeling	GO:0034375		13	0	2.547307298189685	-Inf	0	1	1	1
plasma lipoprotein particle assembly	GO:0034377		18	1	3.5270408744164863	-1.2604592401905867	0.2798564179962136	0.9803118721859622	1	1
very-low-density lipoprotein particle assembly	GO:0034379		8	1	1.5675737219628827	-0.44952902397425787	0.6010751724526117	0.8253736056068746	1	1
high-density lipoprotein particle assembly	GO:0034380		9	0	1.7635204372082431	-Inf	0	1	1	1
plasma lipoprotein particle clearance	GO:0034381		21	3	4.114881020152567	-0.3159976313497353	0.6763118873418741	0.8095110826530926	1	1
chylomicron remnant clearance	GO:0034382		5	0	0.9797335762268019	-Inf	0	1	1	1
low-density lipoprotein particle clearance	GO:0034383		11	3	2.155413867698964	0.3306295335753171	1.13323234459792	0.3691323739002324	1	1
high-density lipoprotein particle clearance	GO:0034384		5	0	0.9797335762268019	-Inf	0	1	1	1
lipid droplet organization	GO:0034389		30	4	5.878401457360811	-0.38499050283668673	0.6365829165604019	0.8663767449433968	1	1
regulation of smooth muscle cell apoptotic process	GO:0034391		16	1	3.1351474439257654	-1.1426762045342032	0.3137893727853598	0.9695327120224101	1	1
negative regulation of smooth muscle cell apoptotic process	GO:0034392		8	0	1.5675737219628827	-Inf	0	1	1	1
positive regulation of smooth muscle cell apoptotic process	GO:0034393		8	1	1.5675737219628827	-0.44952902397425787	0.6010751724526117	0.8253736056068746	1	1
protein localization to cell surface	GO:0034394		16	1	3.1351474439257654	-1.1426762045342032	0.3137893727853598	0.9695327120224101	1	1
nucleobase-containing small molecule biosynthetic process	GO:0034404		10	1	1.9594671524536038	-0.6726725752884678	0.4904435399678537	0.8871303793693512	1	1
response to fluid shear stress	GO:0034405		25	5	4.898667881134009	0.020474605271477528	0.8959251696155924	0.5593677229065497	1	1
lipid oxidation	GO:0034440		54	1	10.58112262324946	-2.3590715288586965	0.0943678059813653	0.9999854846407659	1	1
substrate adhesion-dependent cell spreading	GO:0034446		24	2	4.702721165888649	-0.8549941320824224	0.4134089075367419	0.9635759430109465	1	1
microtubule anchoring	GO:0034453		14	0	2.743254013435045	-Inf	0	1	1	1
microtubule anchoring at centrosome	GO:0034454		7	0	1.3716270067175225	-Inf	0	1	1	1
snRNA 3'-end processing	GO:0034472		5	1	0.9797335762268019	0.020474605271477528	0.8959251696155924	0.6639809576251503	1	1
vacuolar transmembrane transport	GO:0034486		6	0	1.1756802914721622	-Inf	0	1	1	1
protein localization to phagophore assembly site	GO:0034497		10	0	1.9594671524536038	-Inf	0	1	1	1
early endosome to Golgi transport	GO:0034498		15	4	2.9392007286804054	0.30815667772325855	1.1150519589183827	0.2878991921787099	1	1
protein localization to kinetochore	GO:0034501		11	1	2.155413867698964	-0.7679827550927926	0.4487358074677462	0.90925940843125	1	1
protein localization to chromosome	GO:0034502		77	10	15.087897073892746	-0.4113078111540601	0.6219107224532494	0.9409595455430458	1	1
protein localization to nucleus	GO:0034504		100	14	19.594671524536036	-0.33620033866725474	0.6644886562920782	0.9378006984345892	1	1
tooth mineralization	GO:0034505		7	0	1.3716270067175225	-Inf	0	1	1	1
mitochondrial respiratory chain complex III assembly	GO:0034551		10	1	1.9594671524536038	-0.6726725752884678	0.4904435399678537	0.8871303793693512	1	1
cellular response to oxidative stress	GO:0034599		130	26	25.47307298189685	0.020474605271477528	0.8959251696155924	0.47135464179668246	1	1
cellular response to heat	GO:0034605		29	9	5.68245474211545	0.45984126505532336	1.240378008521854	0.0977475821297498	1	1
response to tumor necrosis factor	GO:0034612		85	21	16.65547079585563	0.2317836989386845	1.0543511815690705	0.13379732522929144	1	1
cellular response to reactive oxygen species	GO:0034614		67	12	13.128429921439144	-0.0898734518973878	0.819271478895175	0.6836405837772485	1	1
response to laminar fluid shear stress	GO:0034616		17	2	3.331094159171126	-0.5101536457906928	0.5691707139650165	0.8739261887459524	1	1
cellular response to unfolded protein	GO:0034620		46	10	9.013548901286578	0.10385621421052853	0.9566826872276941	0.35653405775752184	1	1
phosphatidylcholine catabolic process	GO:0034638		9	3	1.7635204372082431	0.5313002290374682	1.301399677662636	0.25111567812712277	1	1
establishment of mitochondrion localization, microtubule-mediated	GO:0034643		14	5	2.743254013435045	0.6002931005244198	1.361389368780337	0.12119618009048963	1	1
cellular response to UV	GO:0034644		71	6	13.912216782420586	-0.8410078901076825	0.4189151062301395	0.9966277197492555	1	1
nucleobase-containing small molecule catabolic process	GO:0034656		18	3	3.5270408744164863	-0.16184695152247705	0.7716727237196409	0.6757301864742484	1	1
response to prostaglandin	GO:0034694		17	2	3.331094159171126	-0.5101536457906928	0.5691707139650165	0.8739261887459524	1	1
response to prostaglandin E	GO:0034695		11	2	2.155413867698964	-0.0748355745328473	0.8294586149673298	0.6658400887503648	1	1
response to gonadotropin	GO:0034698		6	0	1.1756802914721622	-Inf	0	1	1	1
nucleosome organization	GO:0034728		58	3	11.3649094842309	-1.3319182041727315	0.26099715086052006	0.9996419773647027	1	1
iron ion transmembrane transport	GO:0034755		9	5	1.7635204372082431	1.042125852803459	1.7650150096334833	0.017931386581532288	1	1
negative regulation of transmembrane transport	GO:0034763		66	11	12.932483206193783	-0.16184695152247705	0.7716727237196409	0.7709130532670632	1	1
positive regulation of transmembrane transport	GO:0034764		100	15	19.594671524536036	-0.2672074671803034	0.705512384119831	0.8783847884754892	1	1
regulation of monoatomic ion transmembrane transport	GO:0034765		169	19	33.1149948764659	-0.555547218051055	0.546192906964763	0.9978358603276363	1	1
negative regulation of monoatomic ion transmembrane transport	GO:0034766		48	7	9.405442331777298	-0.2953783441469997	0.6885407924584825	0.8565678113130163	1	1
positive regulation of monoatomic ion transmembrane transport	GO:0034767		74	12	14.500056928156667	-0.18924592571059148	0.7540623264792583	0.7604432612605228	1	1
response to histamine	GO:0034776		7	0	1.3716270067175225	-Inf	0	1	1	1
protein folding in endoplasmic reticulum	GO:0034975		10	1	1.9594671524536038	-0.6726725752884678	0.4904435399678537	0.8871303793693512	1	1
response to endoplasmic reticulum stress	GO:0034976		146	30	28.608220425822612	0.04750327765939692	0.9153591338003554	0.3542060718236943	1	1
mitochondrial protein processing	GO:0034982		5	0	0.9797335762268019	-Inf	0	1	1	1
regulation of Rac protein signal transduction	GO:0035020		10	1	1.9594671524536038	-0.6726725752884678	0.4904435399678537	0.8871303793693512	1	1
regulation of Rho protein signal transduction	GO:0035023		49	9	9.601389047022657	-0.0646832030688292	0.8363829188121221	0.6423692189047091	1	1
negative regulation of Rho protein signal transduction	GO:0035024		15	4	2.9392007286804054	0.30815667772325855	1.1150519589183827	0.3366446614878407	1	1
positive regulation of Rho protein signal transduction	GO:0035025		16	2	3.1351474439257654	-0.44952902397425787	0.6010751724526117	0.8506090120081047	1	1
sperm-egg recognition	GO:0035036		10	2	1.9594671524536038	0.020474605271477528	0.8959251696155924	0.6118932315048861	1	1
embryonic heart tube development	GO:0035050		9	1	1.7635204372082431	-0.5673120596306415	0.5403638836722494	0.8253736056068746	1	1
cardiocyte differentiation	GO:0035051		21	0	4.114881020152567	-Inf	0	1	1	1
axoneme assembly	GO:0035082		44	2	8.621655470795856	-1.4611299356527379	0.22994233866048128	0.99921102579159915	1	1
establishment or maintenance of apical/basal cell polarity	GO:0035088		18	2	3.5270408744164863	-0.5673120596306415	0.5403638836722494	0.8938443279280387	1	1
establishment of apical/basal cell polarity	GO:0035089		12	2	2.3513605829443245	-0.16184695152247705	0.7716727237196409	0.7135533259489933	1	1
response to nicotine	GO:0035094		13	5	2.547307298189685	0.6744010726781415	1.4269001540984303	0.09219334847471577	1	1
behavioral response to nicotine	GO:0035095		5	0	0.9797335762268019	-Inf	0	1	1	1
appendage morphogenesis	GO:0035107		25	1	4.898667881134009	-1.5889633071626228	0.20274527604477344	0.9957311455956721	1	1
limb morphogenesis	GO:0035108		25	1	4.898667881134009	-1.5889633071626228	0.20274527604477344	0.9957311455956721	1	1
embryonic appendage morphogenesis	GO:0035113		19	1	3.7229875896618467	-1.3145264614608625	0.26547226383291483	0.9841736533539538	1	1
embryonic forelimb morphogenesis	GO:0035115		5	0	0.9797335762268019	-Inf	0	1	1	1
forelimb morphogenesis	GO:0035136		5	0	0.9797335762268019	-Inf	0	1	1	1
tube formation	GO:0035148		11	2	2.155413867698964	-0.0748355745328473	0.8294586149673298	0.6658400887503648	1	1
regulation of tube size	GO:0035150		44	6	8.621655470795856	-0.36251764698462824	0.6493225649570408	0.8866081885416595	1	1
embryonic hemopoiesis	GO:0035162		5	1	0.9797335762268019	0.020474605271477528	0.8959251696155924	0.6639809576251503	1	1
social behavior	GO:0035176		11	1	2.155413867698964	-0.7679827550927926	0.4487358074677462	0.90925940843125	1	1
regulatory ncRNA-mediated post-transcriptional gene silencing	GO:0035194		25	4	4.898667881134009	-0.2026689460427322	0.7455383845037314	0.750716981491383	1	1
miRNA-mediated post-transcriptional gene silencing	GO:0035195		24	4	4.702721165888649	-0.16184695152247705	0.7716727237196409	0.7201011001178095	1	1
miRNA processing	GO:0035196		31	5	6.074348172606171	-0.19463677434546786	0.7506308040069956	0.7544282001071914	1	1
ionotropic glutamate receptor signaling pathway	GO:0035235		5	0	0.9797335762268019	-Inf	0	1	1	1
tube morphogenesis	GO:0035239		139	21	27.23659341910509	-0.2600389777016908	0.7098796313947862	0.918255982399635	1	1
organ growth	GO:0035265		7	1	1.3716270067175225	-0.3159976313497353	0.6763118873418741	0.7827962839733025	1	1
protein O-linked glycosylation via mannose	GO:0035269		14	1	2.743254013435045	-1.0091448119096806	0.35690501805843033	0.952854632353058	1	1
endocrine system development	GO:0035270		22	1	4.310827735397928	-1.4611299356527379	0.22994233866048128	0.9917799739109313	1	1
miRNA-mediated gene silencing by inhibition of translation	GO:0035278		16	3	3.1351474439257654	-0.04406391586609347	0.8505613782850316	0.6330949519004381	1	1
miRNA-mediated gene silencing by mRNA destabilization	GO:0035279		8	1	1.5675737219628827	-0.44952902397425787	0.6010751724526117	0.8253736056068746	1	1
segmentation	GO:0035282		8	1	1.5675737219628827	-0.44952902397425787	0.6010751724526117	0.8253736056068746	1	1
tube development	GO:0035295		172	23	33.70283502220198	-0.3820877431787254	0.6382175375277356	0.9853244178922292	1	1
regulation of tube diameter	GO:0035296		44	6	8.621655470795856	-0.36251764698462824	0.6493225649570408	0.8866081885416595	1	1
regulation of dephosphorylation	GO:0035303		14	1	2.743254013435045	-1.0091448119096806	0.35690501805843033	0.952854632353058	1	1
wound healing, spreading of epidermal cells	GO:0035313		5	1	0.9797335762268019	0.020474605271477528	0.8959251696155924	0.6639809576251503	1	1
hair cell differentiation	GO:0035315		6	1	1.1756802914721622	-0.16184695152247705	0.7716727237196409	0.72984153184383	1	1
hippo signaling	GO:0035329		17	1	3.331094159171126	-1.203300826350638	0.2958661985436187	0.9695327120224101	1	1
regulation of hippo signaling	GO:0035330		37	8	7.2500284640783335	0.09843614674118938	0.9526615927775277	0.37706609169336763	1	1
negative regulation of hippo signaling	GO:0035331		24	6	4.702721165888649	0.24361815658568728	1.0636445028772268	0.32527656657228576	1	1
positive regulation of hippo signaling	GO:0035332		10	2	1.9594671524536038	0.020474605271477528	0.8959251696155924	0.48475503253829777	1	1
peptidyl-tyrosine dephosphorylation	GO:0035335		20	6	3.9189343049072076	0.4259397133796419	1.2118523860835395	0.1515463728736116	1	1
long-chain fatty-acyl-CoA metabolic process	GO:0035336		23	6	4.506774450643289	0.2861777710044831	1.0974091735214537	0.2876795258905595	1	1
fatty-acyl-CoA metabolic process	GO:0035337		35	6	6.858135033587613	-0.13367607455578068	0.7900734555975877	0.7081570564149302	1	1
long-chain fatty-acyl-CoA biosynthetic process	GO:0035338		18	5	3.5270408744164863	0.3489786722435137	1.1481803625092408	0.26842225910480577	1	1
intracellular triglyceride homeostasis	GO:0035356		5	1	0.9797335762268019	0.020474605271477528	0.8959251696155924	0.6639809576251503	1	1
peroxisome proliferator activated receptor signaling pathway	GO:0035357		5	0	0.9797335762268019	-Inf	0	1	1	1
regulation of peroxisome proliferator activated receptor signaling pathway	GO:0035358		5	0	0.9797335762268019	-Inf	0	1	1	1
positive regulation of peroxisome proliferator activated receptor signaling pathway	GO:0035360		5	0	0.9797335762268019	-Inf	0	1	1	1
protein localization to microtubule	GO:0035372		9	1	1.7635204372082431	-0.5673120596306415	0.5403638836722494	0.8596066645829048	1	1
Roundabout signaling pathway	GO:0035385		5	1	0.9797335762268019	0.020474605271477528	0.8959251696155924	0.6639809576251503	1	1
phosphate ion transmembrane transport	GO:0035435		6	1	1.1756802914721622	-0.16184695152247705	0.7716727237196409	0.72984153184383	1	1
maintenance of protein localization in endoplasmic reticulum	GO:0035437		6	2	1.1756802914721622	0.5313002290374682	1.301399677662636	0.33467808653175235	1	1
response to interferon-alpha	GO:0035455		16	1	3.1351474439257654	-1.1426762045342032	0.3137893727853598	0.9620999807715159	1	1
response to interferon-beta	GO:0035456		23	7	4.506774450643289	0.4403284508317414	1.2239249105809362	0.12216669893418972	1	1
cellular response to interferon-alpha	GO:0035457		7	0	1.3716270067175225	-Inf	0	1	1	1
cellular response to interferon-beta	GO:0035458		17	5	3.331094159171126	0.4061370860834623	1.195322394547758	0.18965628297099674	1	1
vesicle cargo loading	GO:0035459		17	1	3.331094159171126	-1.203300826350638	0.2958661985436187	0.9755081197271886	1	1
vitamin transmembrane transport	GO:0035461		12	0	2.3513605829443245	-Inf	0	1	1	1
determination of pancreatic left/right asymmetry	GO:0035469		5	1	0.9797335762268019	0.020474605271477528	0.8959251696155924	0.5820703667006293	1	1
SNARE complex assembly	GO:0035493		5	0	0.9797335762268019	-Inf	0	1	1	1
protein K29-linked ubiquitination	GO:0035519		11	1	2.155413867698964	-0.7679827550927926	0.4487358074677462	0.8871303793693512	1	1
monoubiquitinated protein deubiquitination	GO:0035520		8	1	1.5675737219628827	-0.44952902397425787	0.6010751724526117	0.8253736056068746	1	1
positive regulation of chromatin binding	GO:0035563		7	0	1.3716270067175225	-Inf	0	1	1	1
non-canonical Wnt signaling pathway	GO:0035567		19	4	3.7229875896618467	0.07176789965902816	0.9330203001238664	0.5271589678270941	1	1
establishment of protein localization to extracellular region	GO:0035592		29	2	5.68245474211545	-1.0442361317209505	0.34507148747084765	0.9856023328255767	1	1
protein deacylation	GO:0035601		21	1	4.114881020152567	-1.414609920017845	0.24068973026822393	0.9897737816257031	1	1
stress granule disassembly	GO:0035617		5	2	0.9797335762268019	0.7136217858314229	1.4619856571553664	0.2544280030025466	1	1
ceramide transport	GO:0035627		14	1	2.743254013435045	-1.0091448119096806	0.35690501805843033	0.952854632353058	1	1
maintenance of blood-brain barrier	GO:0035633		10	3	1.9594671524536038	0.4259397133796419	1.2118523860835395	0.30997274297362254	1	1
endosome to melanosome transport	GO:0035646		9	0	1.7635204372082431	-Inf	0	1	1	1
interleukin-18-mediated signaling pathway	GO:0035655		6	3	1.1756802914721622	0.9367653371456326	1.6662678944047506	0.09392783594413556	1	1
TRIF-dependent toll-like receptor signaling pathway	GO:0035666		8	3	1.5675737219628827	0.6490832646938518	1.4044007738015039	0.1941869786530865	1	1
oligopeptide transmembrane transport	GO:0035672		7	0	1.3716270067175225	-Inf	0	1	1	1
mitochondrial protein catabolic process	GO:0035694		10	2	1.9594671524536038	0.020474605271477528	0.8959251696155924	0.6118932315048861	1	1
hematopoietic stem cell migration	GO:0035701		5	0	0.9797335762268019	-Inf	0	1	1	1
CD4-positive, alpha-beta T cell activation	GO:0035710		20	5	3.9189343049072076	0.24361815658568728	1.0636445028772268	0.3526797416960536	1	1
intraciliary retrograde transport	GO:0035721		7	0	1.3716270067175225	-Inf	0	1	1	1
interleukin-12-mediated signaling pathway	GO:0035722		9	2	1.7635204372082431	0.12583512092930388	0.9730885098117966	0.48475503253829777	1	1
interleukin-15-mediated signaling pathway	GO:0035723		10	2	1.9594671524536038	0.020474605271477528	0.8959251696155924	0.5515091337986338	1	1
sodium ion transmembrane transport	GO:0035725		44	5	8.621655470795856	-0.544839203778583	0.5515433572899587	0.9427883926011462	1	1
response to hepatocyte growth factor	GO:0035728		5	1	0.9797335762268019	0.020474605271477528	0.8959251696155924	0.6639809576251503	1	1
cellular response to hepatocyte growth factor stimulus	GO:0035729		5	1	0.9797335762268019	0.020474605271477528	0.8959251696155924	0.6639809576251503	1	1
intraciliary transport involved in cilium assembly	GO:0035735		6	0	1.1756802914721622	-Inf	0	1	1	1
regulation of lysosomal lumen pH	GO:0035751		17	1	3.331094159171126	-1.203300826350638	0.2958661985436187	0.9755081197271886	1	1
endothelial cell chemotaxis	GO:0035767		8	2	1.5675737219628827	0.24361815658568745	1.063644502877227	0.48475503253829777	1	1
interleukin-4-mediated signaling pathway	GO:0035771		6	2	1.1756802914721622	0.5313002290374682	1.301399677662636	0.33467808653175235	1	1
positive regulation of insulin secretion involved in cellular response to glucose stimulus	GO:0035774		8	1	1.5675737219628827	-0.44952902397425787	0.6010751724526117	0.8253736056068746	1	1
platelet-derived growth factor receptor-beta signaling pathway	GO:0035791		6	3	1.1756802914721622	0.9367653371456326	1.6662678944047506	0.09392783594413556	1	1
positive regulation of mitochondrial membrane permeability	GO:0035794		15	2	2.9392007286804054	-0.38499050283668673	0.6365829165604019	0.791856760042744	1	1
negative regulation of mitochondrial membrane permeability	GO:0035795		9	2	1.7635204372082431	0.12583512092930388	0.9730885098117966	0.5515091337986338	1	1
modulation of process of another organism	GO:0035821		96	12	18.810884663554596	-0.44952902397425804	0.6010751724526116	0.9727730320095669	1	1
homologous recombination	GO:0035825		21	1	4.114881020152567	-1.414609920017845	0.24068973026822393	0.9803118721859622	1	1
glial cell-derived neurotrophic factor receptor signaling pathway	GO:0035860		11	1	2.155413867698964	-0.7679827550927926	0.4487358074677462	0.8871303793693512	1	1
protein K11-linked deubiquitination	GO:0035871		11	2	2.155413867698964	-0.0748355745328473	0.8294586149673298	0.6658400887503648	1	1
nucleotide-binding domain, leucine rich repeat containing receptor signaling pathway	GO:0035872		16	6	3.1351474439257654	0.6490832646938518	1.4044007738015039	0.07507346251532382	1	1
enteroendocrine cell differentiation	GO:0035883		6	1	1.1756802914721622	-0.16184695152247705	0.7716727237196409	0.72984153184383	1	1
exit from host cell	GO:0035891		28	4	5.48650802687009	-0.3159976313497353	0.6763118873418741	0.7786888354213644	1	1
cellular response to vascular endothelial growth factor stimulus	GO:0035924		31	7	6.074348172606171	0.14183546227574503	0.9851315415091677	0.4063647984515683	1	1
response to topologically incorrect protein	GO:0035966		79	14	15.479790504383466	-0.10047800514618477	0.8121375658751283	0.6675344206902164	1	1
cellular response to topologically incorrect protein	GO:0035967		57	11	11.16896276898554	-0.015243477330601626	0.8706360006584214	0.523759407905111	1	1
peptidyl-threonine dephosphorylation	GO:0035970		9	2	1.7635204372082431	0.12583512092930388	0.9730885098117966	0.48475503253829777	1	1
aggrephagy	GO:0035973		6	1	1.1756802914721622	-0.16184695152247705	0.7716727237196409	0.72984153184383	1	1
endodermal cell differentiation	GO:0035987		11	3	2.155413867698964	0.3306295335753171	1.13323234459792	0.3691323739002324	1	1
response to muscle stretch	GO:0035994		11	1	2.155413867698964	-0.7679827550927926	0.4487358074677462	0.90925940843125	1	1
detection of muscle stretch	GO:0035995		6	1	1.1756802914721622	-0.16184695152247705	0.7716727237196409	0.72984153184383	1	1
tetrahydrofolate interconversion	GO:0035999		5	0	0.9797335762268019	-Inf	0	1	1	1
protein localization to endosome	GO:0036010		10	5	1.9594671524536038	0.9367653371456326	1.6662678944047506	0.030150159034601248	1	1
response to erythropoietin	GO:0036017		5	0	0.9797335762268019	-Inf	0	1	1	1
cellular response to erythropoietin	GO:0036018		5	0	0.9797335762268019	-Inf	0	1	1	1
cleavage furrow formation	GO:0036089		5	1	0.9797335762268019	0.020474605271477528	0.8959251696155924	0.6639809576251503	1	1
phosphatidylinositol-3-phosphate biosynthetic process	GO:0036092		5	0	0.9797335762268019	-Inf	0	1	1	1
alpha-linolenic acid metabolic process	GO:0036109		10	1	1.9594671524536038	-0.6726725752884678	0.4904435399678537	0.8871303793693512	1	1
response to platelet-derived growth factor	GO:0036119		7	0	1.3716270067175225	-Inf	0	1	1	1
cellular response to platelet-derived growth factor stimulus	GO:0036120		7	0	1.3716270067175225	-Inf	0	1	1	1
phosphatidylglycerol acyl-chain remodeling	GO:0036148		9	2	1.7635204372082431	0.12583512092930388	0.9730885098117966	0.5515091337986338	1	1
phosphatidylserine acyl-chain remodeling	GO:0036150		9	0	1.7635204372082431	-Inf	0	1	1	1
phosphatidylcholine acyl-chain remodeling	GO:0036151		13	1	2.547307298189685	-0.9350368397559589	0.38312923895522005	0.9413547843308927	1	1
phosphatidylethanolamine acyl-chain remodeling	GO:0036152		11	0	2.155413867698964	-Inf	0	1	1	1
outer dynein arm assembly	GO:0036158		16	1	3.1351474439257654	-1.1426762045342032	0.3137893727853598	0.9695327120224101	1	1
inner dynein arm assembly	GO:0036159		12	1	2.3513605829443245	-0.8549941320824224	0.4134089075367419	0.9270508704750915	1	1
granulocyte activation	GO:0036230		21	5	4.114881020152567	0.19482799241625548	1.0256053873788344	0.39541452308771846	1	1
multivesicular body organization	GO:0036257		22	3	4.310827735397928	-0.36251764698462824	0.6493225649570408	0.7813010638640464	1	1
multivesicular body assembly	GO:0036258		21	3	4.114881020152567	-0.3159976313497353	0.6763118873418741	0.7497227204384175	1	1
RNA capping	GO:0036260		7	0	1.3716270067175225	-Inf	0	1	1	1
peptidyl-serine autophosphorylation	GO:0036289		5	0	0.9797335762268019	-Inf	0	1	1	1
response to decreased oxygen levels	GO:0036293		94	10	18.418991233063874	-0.6107971715703803	0.519265730842211	0.9915448873509816	1	1
cellular response to decreased oxygen levels	GO:0036294		51	7	9.993282477513377	-0.35600296596343434	0.6530520070434743	0.8839955337375732	1	1
cellular response to increased oxygen levels	GO:0036295		9	0	1.7635204372082431	-Inf	0	1	1	1
response to increased oxygen levels	GO:0036296		9	0	1.7635204372082431	-Inf	0	1	1	1
interstrand cross-link repair	GO:0036297		25	0	4.898667881134009	-Inf	0	1	1	1
lymph vessel morphogenesis	GO:0036303		7	0	1.3716270067175225	-Inf	0	1	1	1
response to sterol	GO:0036314		17	3	3.331094159171126	-0.10468853768252841	0.8093165486581243	0.6757301864742484	1	1
cellular response to sterol	GO:0036315		11	1	2.155413867698964	-0.7679827550927926	0.4487358074677462	0.90925940843125	1	1
vascular endothelial growth factor receptor-2 signaling pathway	GO:0036324		5	1	0.9797335762268019	0.020474605271477528	0.8959251696155924	0.5820703667006293	1	1
dendritic cell migration	GO:0036336		12	3	2.3513605829443245	0.24361815658568728	1.0636445028772268	0.42727390275722177	1	1
platelet morphogenesis	GO:0036344		9	3	1.7635204372082431	0.5313002290374682	1.301399677662636	0.25111567812712277	1	1
sodium ion export across plasma membrane	GO:0036376		7	1	1.3716270067175225	-0.3159976313497353	0.6763118873418741	0.7827962839733025	1	1
calcium import into the mitochondrion	GO:0036444		9	0	1.7635204372082431	-Inf	0	1	1	1
TRAIL-activated apoptotic signaling pathway	GO:0036462		8	3	1.5675737219628827	0.6490832646938518	1.4044007738015039	0.1941869786530865	1	1
synaptic vesicle recycling	GO:0036465		13	3	2.547307298189685	0.16357544891215084	1.0016275609675553	0.48337514553833716	1	1
regulation of translation in response to endoplasmic reticulum stress	GO:0036490		8	6	1.5675737219628827	1.3422304452537972	2.0520211824128847	0.0010948796847261378	0.939130719129487	0.939130719129487
PERK-mediated unfolded protein response	GO:0036499		7	3	1.3716270067175225	0.7826146573183743	1.5243441625433054	0.14109075519364597	1	1
ATF6-mediated unfolded protein response	GO:0036500		6	0	1.1756802914721622	-Inf	0	1	1	1
ERAD pathway	GO:0036503		62	10	12.148696345212342	-0.19463677434546786	0.7506308040069956	0.7995360471152269	1	1
protein demannosylation	GO:0036507		15	0	2.9392007286804054	-Inf	0	1	1	1
protein alpha-1,2-demannosylation	GO:0036508		15	0	2.9392007286804054	-Inf	0	1	1	1
signal transduction in absence of ligand	GO:0038034		5	0	0.9797335762268019	-Inf	0	1	1	1
interleukin-5-mediated signaling pathway	GO:0038043		6	2	1.1756802914721622	0.5313002290374682	1.301399677662636	0.33467808653175235	1	1
nitric oxide-cGMP-mediated signaling	GO:0038060		9	1	1.7635204372082431	-0.5673120596306415	0.5403638836722494	0.8596066645829048	1	1
non-canonical NF-kappaB signal transduction	GO:0038061		18	8	3.5270408744164863	0.8189823014892492	1.5575209121087805	0.009610543176299027	1	1
collagen-activated signaling pathway	GO:0038065		6	0	1.1756802914721622	-Inf	0	1	1	1
p38MAPK cascade	GO:0038066		7	2	1.3716270067175225	0.37714954921021	1.171306923303042	0.412113019066995	1	1
peptidyl-tyrosine autophosphorylation	GO:0038083		10	1	1.9594671524536038	-0.6726725752884678	0.4904435399678537	0.8871303793693512	1	1
vascular endothelial growth factor signaling pathway	GO:0038084		12	2	2.3513605829443245	-0.16184695152247705	0.7716727237196409	0.7135533259489933	1	1
nodal signaling pathway	GO:0038092		7	0	1.3716270067175225	-Inf	0	1	1	1
Fc receptor signaling pathway	GO:0038093		47	8	9.209495616531937	-0.14079354232464478	0.7853964081668059	0.7274752086039968	1	1
Fc-gamma receptor signaling pathway	GO:0038094		28	8	5.48650802687009	0.37714954921021	1.171306923303042	0.16703085736154882	1	1
Fc-epsilon receptor signaling pathway	GO:0038095		21	2	4.114881020152567	-0.7214627394578996	0.46869159825755335	0.9373651375154552	1	1
Fc-gamma receptor signaling pathway involved in phagocytosis	GO:0038096		22	7	4.310827735397928	0.4847802134025753	1.2615397034084506	0.12216669893418972	1	1
interleukin-2-mediated signaling pathway	GO:0038110		8	1	1.5675737219628827	-0.44952902397425787	0.6010751724526117	0.8253736056068746	1	1
interleukin-7-mediated signaling pathway	GO:0038111		8	3	1.5675737219628827	0.6490832646938518	1.4044007738015039	0.1941869786530865	1	1
interleukin-9-mediated signaling pathway	GO:0038113		8	1	1.5675737219628827	-0.44952902397425787	0.6010751724526117	0.8253736056068746	1	1
ERBB signaling pathway	GO:0038127		52	7	10.18922919275874	-0.37542105182053614	0.6419839963803805	0.9068884245202646	1	1
ERBB2 signaling pathway	GO:0038128		13	2	2.547307298189685	-0.2418896591960136	0.7210246532773757	0.7554039042054765	1	1
ERBB4 signaling pathway	GO:0038130		5	1	0.9797335762268019	0.020474605271477528	0.8959251696155924	0.6639809576251503	1	1
ERBB2-EGFR signaling pathway	GO:0038134		6	1	1.1756802914721622	-0.16184695152247705	0.7716727237196409	0.72984153184383	1	1
chemokine (C-X-C motif) ligand 12 signaling pathway	GO:0038146		6	1	1.1756802914721622	-0.16184695152247705	0.7716727237196409	0.72984153184383	1	1
interleukin-11-mediated signaling pathway	GO:0038154		5	1	0.9797335762268019	0.020474605271477528	0.8959251696155924	0.6639809576251503	1	1
interleukin-23-mediated signaling pathway	GO:0038155		6	0	1.1756802914721622	-Inf	0	1	1	1
interleukin-3-mediated signaling pathway	GO:0038156		5	2	0.9797335762268019	0.7136217858314229	1.4619856571553664	0.2544280030025466	1	1
C-X-C chemokine receptor CXCR4 signaling pathway	GO:0038159		5	1	0.9797335762268019	0.020474605271477528	0.8959251696155924	0.6639809576251503	1	1
erythropoietin-mediated signaling pathway	GO:0038162		5	0	0.9797335762268019	-Inf	0	1	1	1
thrombopoietin-mediated signaling pathway	GO:0038163		5	2	0.9797335762268019	0.7136217858314229	1.4619856571553664	0.2544280030025466	1	1
angiotensin-activated signaling pathway	GO:0038166		9	1	1.7635204372082431	-0.5673120596306415	0.5403638836722494	0.8596066645829048	1	1
interleukin-33-mediated signaling pathway	GO:0038172		7	2	1.3716270067175225	0.37714954921021	1.171306923303042	0.412113019066995	1	1
interleukin-17A-mediated signaling pathway	GO:0038173		6	0	1.1756802914721622	-Inf	0	1	1	1
neurotrophin signaling pathway	GO:0038179		5	2	0.9797335762268019	0.7136217858314229	1.4619856571553664	0.2544280030025466	1	1
TORC1 signaling	GO:0038202		5	0	0.9797335762268019	-Inf	0	1	1	1
TORC2 signaling	GO:0038203		7	0	1.3716270067175225	-Inf	0	1	1	1
RIG-I signaling pathway	GO:0039529		7	0	1.3716270067175225	-Inf	0	1	1	1
regulation of cytoplasmic pattern recognition receptor signaling pathway	GO:0039531		107	15	20.96629853125356	-0.3348661156541182	0.665264639851092	0.9319400410744941	1	1
negative regulation of cytoplasmic pattern recognition receptor signaling pathway	GO:0039532		58	7	11.3649094842309	-0.48462034378552804	0.5824375236401939	0.941261638867392	1	1
regulation of MDA-5 signaling pathway	GO:0039533		7	0	1.3716270067175225	-Inf	0	1	1	1
regulation of RIG-I signaling pathway	GO:0039535		20	3	3.9189343049072076	-0.2672074671803034	0.705512384119831	0.7497227204384175	1	1
negative regulation of RIG-I signaling pathway	GO:0039536		7	1	1.3716270067175225	-0.3159976313497353	0.6763118873418741	0.7827962839733025	1	1
viral budding via host ESCRT complex	GO:0039702		22	3	4.310827735397928	-0.36251764698462824	0.6493225649570408	0.7813010638640464	1	1
establishment of mitotic spindle localization	GO:0040001		26	1	5.09461459637937	-1.6281840203159041	0.19504664738750926	0.9965688057552808	1	1
growth	GO:0040007		38	3	7.4459751793236935	-0.9090613533526981	0.3927286218763734	0.9869808489492327	1	1
locomotion	GO:0040011		182	51	35.66230217465558	0.35773146335310857	1.1553430789755346	0.0022225838599419976	0.939130719129487	0.939130719129487
regulation of multicellular organism growth	GO:0040014		7	0	1.3716270067175225	-Inf	0	1	1	1
positive regulation of multicellular organism growth	GO:0040018		7	0	1.3716270067175225	-Inf	0	1	1	1
epigenetic regulation of gene expression	GO:0040029		139	12	27.23659341910509	-0.8196547656371135	0.42744769612295386	0.9998079395494235	1	1
regulation of fibroblast growth factor receptor signaling pathway	GO:0040036		14	2	2.743254013435045	-0.3159976313497353	0.6763118873418741	0.791856760042744	1	1
negative regulation of fibroblast growth factor receptor signaling pathway	GO:0040037		5	2	0.9797335762268019	0.7136217858314229	1.4619856571553664	0.2544280030025466	1	1
protein refolding	GO:0042026		15	4	2.9392007286804054	0.30815667772325855	1.1150519589183827	0.3366446614878407	1	1
fluid transport	GO:0042044		15	1	2.9392007286804054	-1.078137683396632	0.3339847283501357	0.9620999807715159	1	1
regulation of epidermal growth factor receptor signaling pathway	GO:0042058		47	12	9.209495616531937	0.26467156578351964	1.0802806651146502	0.19646540810480803	1	1
negative regulation of epidermal growth factor receptor signaling pathway	GO:0042059		20	5	3.9189343049072076	0.24361815658568728	1.0636445028772268	0.3526797416960536	1	1
wound healing	GO:0042060		157	23	30.763634293521573	-0.29083907171358026	0.6912548947574916	0.9408906145677396	1	1
gliogenesis	GO:0042063		27	5	5.29056131162473	-0.0564864358646508	0.8420008088560077	0.6325095853196618	1	1
intraciliary transport	GO:0042073		19	0	3.7229875896618467	-Inf	0	1	1	1
T-helper 1 type immune response	GO:0042088		9	3	1.7635204372082431	0.5313002290374682	1.301399677662636	0.25111567812712277	1	1
type 2 immune response	GO:0042092		8	2	1.5675737219628827	0.24361815658568745	1.063644502877227	0.48475503253829777	1	1
T-helper cell differentiation	GO:0042093		18	5	3.5270408744164863	0.3489786722435137	1.1481803625092408	0.26842225910480577	1	1
T cell proliferation	GO:0042098		9	2	1.7635204372082431	0.12583512092930388	0.9730885098117966	0.5515091337986338	1	1
B cell proliferation	GO:0042100		8	4	1.5675737219628827	0.9367653371456328	1.6662678944047509	0.05259704942791124	1	1
positive regulation of T cell proliferation	GO:0042102		57	18	11.16896276898554	0.47723300776719246	1.255120035952325	0.0178026721289614	1	1
positive regulation of activated T cell proliferation	GO:0042104		16	4	3.1351474439257654	0.24361815658568745	1.063644502877227	0.38564078766012255	1	1
T cell activation	GO:0042110		96	19	18.810884663554596	0.010003305404182187	0.8884646517871867	0.5014292843036471	1	1
B cell activation	GO:0042113		39	5	7.6419218945690535	-0.424211215989968	0.6148140886503105	0.9037520080098431	1	1
macrophage activation	GO:0042116		19	1	3.7229875896618467	-1.3145264614608625	0.26547226383291483	0.9841736533539538	1	1
monocyte activation	GO:0042117		7	0	1.3716270067175225	-Inf	0	1	1	1
endothelial cell activation	GO:0042118		8	2	1.5675737219628827	0.24361815658568745	1.063644502877227	0.48475503253829777	1	1
neutrophil activation	GO:0042119		18	4	3.5270408744164863	0.12583512092930388	0.9730885098117966	0.4814757423991832	1	1
regulation of T cell proliferation	GO:0042129		86	22	16.85141751110099	0.26660767481038605	1.0818171373299466	0.09509802536225559	1	1
negative regulation of T cell proliferation	GO:0042130		29	4	5.68245474211545	-0.3510889511610053	0.6558759273989256	0.84781023733241	1	1
retrograde transport, endosome to Golgi	GO:0042147		72	7	14.108163497665945	-0.700843452255164	0.4777805326572913	0.9902520916725159	1	1
cellular response to glucose starvation	GO:0042149		32	7	6.270294887851531	0.11008676396116474	0.9613171531406327	0.44140117720295413	1	1
lipoprotein metabolic process	GO:0042157		42	4	8.229762040305134	-0.7214627394578996	0.46869159825755335	0.9760840389252121	1	1
lipoprotein biosynthetic process	GO:0042158		31	4	6.074348172606171	-0.4177803256596777	0.6183429753554547	0.8829617145487606	1	1
lipoprotein catabolic process	GO:0042159		9	0	1.7635204372082431	-Inf	0	1	1	1
heme catabolic process	GO:0042167		9	1	1.7635204372082431	-0.5673120596306415	0.5403638836722494	0.8596066645829048	1	1
heme metabolic process	GO:0042168		28	4	5.48650802687009	-0.3159976313497353	0.6763118873418741	0.8271053647850274	1	1
negative regulation of protein catabolic process	GO:0042177		82	10	16.06763065011955	-0.47422163656462957	0.587911536007993	0.9654553455877896	1	1
xenobiotic catabolic process	GO:0042178		22	0	4.310827735397928	-Inf	0	1	1	1
ketone metabolic process	GO:0042180		58	6	11.3649094842309	-0.6387710236127861	0.5060622315132961	0.9809021336693062	1	1
ketone biosynthetic process	GO:0042181		24	1	4.702721165888649	-1.5481413126423678	0.2110720879885675	0.9946890607120057	1	1
ketone catabolic process	GO:0042182		5	1	0.9797335762268019	0.020474605271477528	0.8959251696155924	0.6639809576251503	1	1
modified amino acid catabolic process	GO:0042219		16	0	3.1351474439257654	-Inf	0	1	1	1
ribosome biogenesis	GO:0042254		172	32	33.70283502220198	-0.05184605630814854	0.845192037876008	0.5874334797097744	1	1
ribosome assembly	GO:0042255		37	5	7.2500284640783335	-0.3715674825045461	0.644168932283637	0.8432706515307955	1	1
cytosolic ribosome assembly	GO:0042256		7	3	1.3716270067175225	0.7826146573183743	1.5243441625433054	0.14109075519364597	1	1
natural killer cell mediated cytotoxicity	GO:0042267		28	6	5.48650802687009	0.08946747675842903	0.9460294016458648	0.47777744471939176	1	1
regulation of natural killer cell mediated cytotoxicity	GO:0042269		41	7	8.033815325059775	-0.13774939994341662	0.7873944673139748	0.7180803597290035	1	1
protection from natural killer cell mediated cytotoxicity	GO:0042270		6	2	1.1756802914721622	0.5313002290374682	1.301399677662636	0.33467808653175235	1	1
ribosomal large subunit biogenesis	GO:0042273		36	4	7.054081748832973	-0.5673120596306415	0.5403638836722494	0.9108185322691283	1	1
ribosomal small subunit biogenesis	GO:0042274		75	12	14.696003643402026	-0.20266894604273206	0.7455383845037316	0.8089632649485974	1	1
error-prone translesion synthesis	GO:0042276		9	0	1.7635204372082431	-Inf	0	1	1	1
purine nucleoside metabolic process	GO:0042278		12	1	2.3513605829443245	-0.8549941320824224	0.4134089075367419	0.90925940843125	1	1
vocal learning	GO:0042297		6	0	1.1756802914721622	-Inf	0	1	1	1
molting cycle	GO:0042303		21	1	4.114881020152567	-1.414609920017845	0.24068973026822393	0.952854632353058	1	1
regulation of fatty acid biosynthetic process	GO:0042304		23	6	4.506774450643289	0.2861777710044831	1.0974091735214537	0.2876795258905595	1	1
regulation of protein import into nucleus	GO:0042306		32	7	6.270294887851531	0.11008676396116474	0.9613171531406327	0.44140117720295413	1	1
positive regulation of protein import into nucleus	GO:0042307		23	6	4.506774450643289	0.2861777710044831	1.0974091735214537	0.2876795258905595	1	1
negative regulation of protein import into nucleus	GO:0042308		8	1	1.5675737219628827	-0.44952902397425787	0.6010751724526117	0.8253736056068746	1	1
vasoconstriction	GO:0042310		9	1	1.7635204372082431	-0.5673120596306415	0.5403638836722494	0.8596066645829048	1	1
vasodilation	GO:0042311		14	1	2.743254013435045	-1.0091448119096806	0.35690501805843033	0.952854632353058	1	1
negative regulation of phosphorylation	GO:0042326		103	13	20.182511670272117	-0.43986711306252113	0.6062893349293762	0.9717808507370711	1	1
taxis	GO:0042330		181	51	35.466355459410224	0.36324111916407803	1.159862409488535	0.0022225838599419976	0.939130719129487	0.939130719129487
keratan sulfate proteoglycan metabolic process	GO:0042339		18	7	3.5270408744164863	0.6854509088647266	1.4367570374839522	0.0463821468699097	1	1
GDP-L-fucose biosynthetic process	GO:0042350		5	0	0.9797335762268019	-Inf	0	1	1	1
vitamin D metabolic process	GO:0042359		12	1	2.3513605829443245	-0.8549941320824224	0.4134089075367419	0.9270508704750915	1	1
fat-soluble vitamin catabolic process	GO:0042363		9	0	1.7635204372082431	-Inf	0	1	1	1
vitamin K metabolic process	GO:0042373		9	2	1.7635204372082431	0.12583512092930388	0.9730885098117966	0.5515091337986338	1	1
regulation of membrane potential	GO:0042391		166	21	32.52715473072982	-0.4375528329275423	0.6075435652898373	0.9918927410806466	1	1
modified amino acid biosynthetic process	GO:0042398		21	4	4.114881020152567	-0.028315558897954368	0.8614938546476196	0.6120409511297683	1	1
biogenic amine biosynthetic process	GO:0042401		17	1	3.331094159171126	-1.203300826350638	0.2958661985436187	0.9755081197271886	1	1
biogenic amine catabolic process	GO:0042402		14	1	2.743254013435045	-1.0091448119096806	0.35690501805843033	0.9413547843308927	1	1
thyroid hormone metabolic process	GO:0042403		16	0	3.1351474439257654	-Inf	0	1	1	1
cristae formation	GO:0042407		13	1	2.547307298189685	-0.9350368397559589	0.38312923895522005	0.9413547843308927	1	1
dopamine biosynthetic process	GO:0042416		5	1	0.9797335762268019	0.020474605271477528	0.8959251696155924	0.6639809576251503	1	1
dopamine metabolic process	GO:0042417		18	2	3.5270408744164863	-0.5673120596306415	0.5403638836722494	0.8739261887459524	1	1
dopamine catabolic process	GO:0042420		7	1	1.3716270067175225	-0.3159976313497353	0.6763118873418741	0.72984153184383	1	1
catecholamine biosynthetic process	GO:0042423		7	1	1.3716270067175225	-0.3159976313497353	0.6763118873418741	0.7827962839733025	1	1
catecholamine catabolic process	GO:0042424		7	1	1.3716270067175225	-0.3159976313497353	0.6763118873418741	0.72984153184383	1	1
indole-containing compound metabolic process	GO:0042430		12	4	2.3513605829443245	0.5313002290374682	1.301399677662636	0.19470778732926153	1	1
indole-containing compound catabolic process	GO:0042436		7	4	1.3716270067175225	1.0702967297701553	1.79162260898323	0.0310439436114551	1	1
melanin biosynthetic process	GO:0042438		6	0	1.1756802914721622	-Inf	0	1	1	1
pigment metabolic process	GO:0042440		43	4	8.425708755550495	-0.7449932368680938	0.45850300262015076	0.9675904142391654	1	1
hormone metabolic process	GO:0042445		123	4	24.101445975179324	-1.795977476546949	0.16521253523405496	0.9999999819630445	1	1
hormone biosynthetic process	GO:0042446		28	1	5.48650802687009	-1.7022919924696258	0.18127092723025134	0.9972421336110575	1	1
hormone catabolic process	GO:0042447		13	1	2.547307298189685	-0.9350368397559589	0.38312923895522005	0.9413547843308927	1	1
progesterone metabolic process	GO:0042448		9	0	1.7635204372082431	-Inf	0	1	1	1
ribonucleoside catabolic process	GO:0042454		11	2	2.155413867698964	-0.0748355745328473	0.8294586149673298	0.6118932315048861	1	1
ear morphogenesis	GO:0042471		10	1	1.9594671524536038	-0.6726725752884678	0.4904435399678537	0.8871303793693512	1	1
inner ear morphogenesis	GO:0042472		7	1	1.3716270067175225	-0.3159976313497353	0.6763118873418741	0.7827962839733025	1	1
odontogenesis of dentin-containing tooth	GO:0042475		14	0	2.743254013435045	-Inf	0	1	1	1
odontogenesis	GO:0042476		28	1	5.48650802687009	-1.7022919924696258	0.18127092723025134	0.9977833603691817	1	1
regulation of tyrosine phosphorylation of STAT protein	GO:0042509		22	5	4.310827735397928	0.14830797678136237	0.9900268794406928	0.4378631785228037	1	1
positive regulation of tyrosine phosphorylation of STAT protein	GO:0042531		19	4	3.7229875896618467	0.07176789965902816	0.9330203001238664	0.5271589678270941	1	1
benzene-containing compound metabolic process	GO:0042537		11	3	2.155413867698964	0.3306295335753171	1.13323234459792	0.3691323739002324	1	1
response to hydrogen peroxide	GO:0042542		35	6	6.858135033587613	-0.13367607455578068	0.7900734555975877	0.7081570564149302	1	1
neuron maturation	GO:0042551		9	4	1.7635204372082431	0.8189823014892492	1.5575209121087805	0.08032957970501445	1	1
myelination	GO:0042552		14	1	2.743254013435045	-1.0091448119096806	0.35690501805843033	0.952854632353058	1	1
superoxide anion generation	GO:0042554		11	3	2.155413867698964	0.3306295335753171	1.13323234459792	0.30997274297362254	1	1
pteridine-containing compound metabolic process	GO:0042558		26	3	5.09461459637937	-0.5295717316477945	0.5592464895478996	0.9083516062867003	1	1
pteridine-containing compound biosynthetic process	GO:0042559		7	2	1.3716270067175225	0.37714954921021	1.171306923303042	0.412113019066995	1	1
retinol metabolic process	GO:0042572		13	0	2.547307298189685	-Inf	0	1	1	1
retinoic acid metabolic process	GO:0042573		20	0	3.9189343049072076	-Inf	0	1	1	1
retinal metabolic process	GO:0042574		12	0	2.3513605829443245	-Inf	0	1	1	1
glucose homeostasis	GO:0042593		47	5	9.209495616531937	-0.6107971715703803	0.519265730842211	0.9669253761109791	1	1
response to starvation	GO:0042594		111	18	21.750085392235	-0.18924592571059148	0.7540623264792583	0.8355879374753424	1	1
cholesterol homeostasis	GO:0042632		42	6	8.229762040305134	-0.3159976313497353	0.6763118873418741	0.8578313001488673	1	1
hair cycle	GO:0042633		21	1	4.114881020152567	-1.414609920017845	0.24068973026822393	0.952854632353058	1	1
regulation of hair cycle	GO:0042634		11	1	2.155413867698964	-0.7679827550927926	0.4487358074677462	0.8596066645829048	1	1
muscle cell differentiation	GO:0042692		55	0	10.777069338494819	-Inf	0	1	1	1
thiamine-containing compound metabolic process	GO:0042723		6	0	1.1756802914721622	-Inf	0	1	1	1
flavin-containing compound metabolic process	GO:0042726		6	2	1.1756802914721622	0.5313002290374682	1.301399677662636	0.33467808653175235	1	1
fibrinolysis	GO:0042730		11	2	2.155413867698964	-0.0748355745328473	0.8294586149673298	0.6658400887503648	1	1
embryonic digit morphogenesis	GO:0042733		13	1	2.547307298189685	-0.9350368397559589	0.38312923895522005	0.9413547843308927	1	1
defense response to bacterium	GO:0042742		164	22	32.1352613002391	-0.3789114567603047	0.6400099015625604	0.9251727766159267	1	1
hydrogen peroxide metabolic process	GO:0042743		19	2	3.7229875896618467	-0.6213792809009171	0.5142372660455732	0.9107998111621118	1	1
hydrogen peroxide catabolic process	GO:0042744		12	1	2.3513605829443245	-0.8549941320824224	0.4134089075367419	0.9270508704750915	1	1
regulation of circadian rhythm	GO:0042752		30	6	5.878401457360811	0.020474605271477528	0.8959251696155924	0.5505597788783474	1	1
positive regulation of circadian rhythm	GO:0042753		6	1	1.1756802914721622	-0.16184695152247705	0.7716727237196409	0.72984153184383	1	1
long-chain fatty acid catabolic process	GO:0042758		6	1	1.1756802914721622	-0.16184695152247705	0.7716727237196409	0.72984153184383	1	1
long-chain fatty acid biosynthetic process	GO:0042759		22	2	4.310827735397928	-0.7679827550927926	0.4487358074677462	0.9476437436359091	1	1
very long-chain fatty acid biosynthetic process	GO:0042761		11	2	2.155413867698964	-0.0748355745328473	0.8294586149673298	0.6658400887503648	1	1
regulation of sulfur metabolic process	GO:0042762		9	3	1.7635204372082431	0.5313002290374682	1.301399677662636	0.25111567812712277	1	1
signal transduction in response to DNA damage	GO:0042770		108	12	21.16224524649892	-0.5673120596306415	0.5403638836722494	0.9920258043352808	1	1
intrinsic apoptotic signaling pathway in response to DNA damage by p53 class mediator	GO:0042771		17	1	3.331094159171126	-1.203300826350638	0.2958661985436187	0.9755081197271886	1	1
ATP synthesis coupled electron transport	GO:0042773		17	1	3.331094159171126	-1.203300826350638	0.2958661985436187	0.9695327120224101	1	1
mitochondrial ATP synthesis coupled electron transport	GO:0042775		17	1	3.331094159171126	-1.203300826350638	0.2958661985436187	0.9695327120224101	1	1
proton motive force-driven mitochondrial ATP synthesis	GO:0042776		12	2	2.3513605829443245	-0.16184695152247705	0.7716727237196409	0.7135533259489933	1	1
tRNA 3'-end processing	GO:0042780		7	1	1.3716270067175225	-0.3159976313497353	0.6763118873418741	0.7827962839733025	1	1
mRNA transcription by RNA polymerase II	GO:0042789		30	5	5.878401457360811	-0.16184695152247705	0.7716727237196409	0.727127937860995	1	1
5S class rRNA transcription by RNA polymerase III	GO:0042791		6	1	1.1756802914721622	-0.16184695152247705	0.7716727237196409	0.72984153184383	1	1
snRNA transcription by RNA polymerase II	GO:0042795		9	3	1.7635204372082431	0.5313002290374682	1.301399677662636	0.25111567812712277	1	1
snRNA transcription by RNA polymerase III	GO:0042796		7	2	1.3716270067175225	0.37714954921021	1.171306923303042	0.412113019066995	1	1
tRNA transcription by RNA polymerase III	GO:0042797		7	1	1.3716270067175225	-0.3159976313497353	0.6763118873418741	0.7827962839733025	1	1
defense response to protozoan	GO:0042832		5	1	0.9797335762268019	0.020474605271477528	0.8959251696155924	0.5820703667006293	1	1
xenobiotic transport	GO:0042908		34	1	6.662188318342252	-1.8964480069105834	0.1495428344639326	0.9994025530840303	1	1
lipoprotein transport	GO:0042953		12	4	2.3513605829443245	0.5313002290374682	1.301399677662636	0.19470778732926153	1	1
amyloid precursor protein metabolic process	GO:0042982		19	3	3.7229875896618467	-0.21591417279275285	0.737194362814586	0.7497227204384175	1	1
regulation of amyloid precursor protein biosynthetic process	GO:0042984		5	0	0.9797335762268019	-Inf	0	1	1	1
amyloid precursor protein catabolic process	GO:0042987		15	2	2.9392007286804054	-0.38499050283668673	0.6365829165604019	0.8234197544946463	1	1
regulation of Golgi to plasma membrane protein transport	GO:0042996		6	0	1.1756802914721622	-Inf	0	1	1	1
Golgi to plasma membrane protein transport	GO:0043001		22	2	4.310827735397928	-0.7679827550927926	0.4487358074677462	0.9476437436359091	1	1
chordate embryonic development	GO:0043009		41	4	8.033815325059775	-0.6973651878788393	0.47932865570259287	0.9675904142391654	1	1
camera-type eye development	GO:0043010		28	1	5.48650802687009	-1.7022919924696258	0.18127092723025134	0.9957311455956721	1	1
T cell homeostasis	GO:0043029		6	0	1.1756802914721622	-Inf	0	1	1	1
regulation of macrophage activation	GO:0043030		21	5	4.114881020152567	0.19482799241625548	1.0256053873788344	0.39541452308771846	1	1
negative regulation of macrophage activation	GO:0043031		5	1	0.9797335762268019	0.020474605271477528	0.8959251696155924	0.6639809576251503	1	1
positive regulation of macrophage activation	GO:0043032		11	3	2.155413867698964	0.3306295335753171	1.13323234459792	0.3691323739002324	1	1
amino acid activation	GO:0043038		36	3	7.054081748832973	-0.8549941320824224	0.4134089075367419	0.9783718242138688	1	1
tRNA aminoacylation	GO:0043039		36	3	7.054081748832973	-0.8549941320824224	0.4134089075367419	0.9783718242138688	1	1
peptide biosynthetic process	GO:0043043		10	2	1.9594671524536038	0.020474605271477528	0.8959251696155924	0.6118932315048861	1	1
epigenetic programming of gene expression	GO:0043045		10	0	1.9594671524536038	-Inf	0	1	1	1
extracellular structure organization	GO:0043062		84	7	16.45952408061027	-0.8549941320824223	0.413408907536742	0.9986977746341648	1	1
negative regulation of catalytic activity	GO:0043086		150	21	29.392007286804052	-0.33620033866725474	0.6644886562920782	0.9684270468115508	1	1
regulation of GTPase activity	GO:0043087		113	24	22.14197882272572	0.08057852934118309	0.9394828361946975	0.3477168902766189	1	1
metabolic compound salvage	GO:0043094		21	4	4.114881020152567	-0.028315558897954368	0.8614938546476196	0.5707787743598538	1	1
purine-containing compound salvage	GO:0043101		7	1	1.3716270067175225	-0.3159976313497353	0.6763118873418741	0.72984153184383	1	1
amino acid salvage	GO:0043102		5	1	0.9797335762268019	0.020474605271477528	0.8959251696155924	0.6639809576251503	1	1
receptor metabolic process	GO:0043112		28	0	5.48650802687009	-Inf	0	1	1	1
receptor clustering	GO:0043113		14	1	2.743254013435045	-1.0091448119096806	0.35690501805843033	0.952854632353058	1	1
regulation of vascular permeability	GO:0043114		31	5	6.074348172606171	-0.19463677434546786	0.7506308040069956	0.7544282001071914	1	1
negative regulation of vascular permeability	GO:0043116		13	3	2.547307298189685	0.16357544891215084	1.0016275609675553	0.48337514553833716	1	1
positive regulation of vascular permeability	GO:0043117		13	2	2.547307298189685	-0.2418896591960136	0.7210246532773757	0.7554039042054765	1	1
regulation of canonical NF-kappaB signal transduction	GO:0043122		181	43	35.466355459410224	0.1926156021333146	1.023897876270814	0.09480035957726939	1	1
positive regulation of canonical NF-kappaB signal transduction	GO:0043123		122	27	23.905499259933965	0.12172833897665035	0.9700109529102895	0.27143525075884567	1	1
negative regulation of canonical NF-kappaB signal transduction	GO:0043124		56	16	10.97301605374018	0.37714954921021	1.171306923303042	0.06800124065838539	1	1
surfactant homeostasis	GO:0043129		5	0	0.9797335762268019	-Inf	0	1	1	1
stress fiber assembly	GO:0043149		15	5	2.9392007286804054	0.5313002290374682	1.301399677662636	0.15384915157859902	1	1
induction of bacterial agglutination	GO:0043152		5	0	0.9797335762268019	-Inf	0	1	1	1
proteasome-mediated ubiquitin-dependent protein catabolic process	GO:0043161		170	32	33.31094159171126	-0.04015001654495733	0.8532700647252645	0.5422138105819111	1	1
ubiquitin-dependent protein catabolic process via the multivesicular body sorting pathway	GO:0043162		23	5	4.506774450643289	0.10385621421052853	0.9566826872276941	0.39541452308771846	1	1
peptide catabolic process	GO:0043171		11	1	2.155413867698964	-0.7679827550927926	0.4487358074677462	0.90925940843125	1	1
nucleotide salvage	GO:0043173		7	2	1.3716270067175225	0.37714954921021	1.171306923303042	0.412113019066995	1	1
nucleoside salvage	GO:0043174		6	0	1.1756802914721622	-Inf	0	1	1	1
response to amino acid	GO:0043200		34	8	6.662188318342252	0.1829935347692526	1.0164894330322407	0.3446373007659238	1	1
response to L-leucine	GO:0043201		10	1	1.9594671524536038	-0.6726725752884678	0.4904435399678537	0.8871303793693512	1	1
negative regulation of protein-containing complex disassembly	GO:0043242		30	5	5.878401457360811	-0.16184695152247705	0.7716727237196409	0.727127937860995	1	1
positive regulation of protein-containing complex disassembly	GO:0043243		26	3	5.09461459637937	-0.5295717316477945	0.5592464895478996	0.9083516062867003	1	1
regulation of protein-containing complex disassembly	GO:0043244		65	8	12.736536490948424	-0.46503321051022334	0.5927827114902807	0.9562722720941832	1	1
telomere maintenance in response to DNA damage	GO:0043247		9	0	1.7635204372082431	-Inf	0	1	1	1
proteasome assembly	GO:0043248		8	5	1.5675737219628827	1.1599088884598425	1.8767696824658413	0.009490837794998938	1	1
sodium-independent organic anion transport	GO:0043252		10	1	1.9594671524536038	-0.6726725752884678	0.4904435399678537	0.8871303793693512	1	1
regulation of carbohydrate biosynthetic process	GO:0043255		45	6	8.817602186041215	-0.38499050283668673	0.6365829165604019	0.8866081885416595	1	1
regulation of potassium ion transport	GO:0043266		46	9	9.013548901286578	-0.0015043014472978656	0.8803102853974325	0.5028750624108822	1	1
negative regulation of potassium ion transport	GO:0043267		17	4	3.331094159171126	0.1829935347692526	1.0164894330322407	0.4341305238893221	1	1
positive regulation of potassium ion transport	GO:0043268		24	5	4.702721165888649	0.061296599791732624	0.9253739868631661	0.4378631785228037	1	1
positive regulation of monoatomic ion transport	GO:0043270		101	19	19.790618239781395	-0.04076901996924094	0.8528413042972763	0.5415493657522877	1	1
negative regulation of monoatomic ion transport	GO:0043271		60	9	11.756802914721622	-0.2672074671803034	0.705512384119831	0.8571072546830092	1	1
apoptotic cell clearance	GO:0043277		15	3	2.9392007286804054	0.020474605271477528	0.8959251696155924	0.586697296105379	1	1
response to alkaloid	GO:0043279		12	2	2.3513605829443245	-0.16184695152247705	0.7716727237196409	0.7135533259489933	1	1
apical junction assembly	GO:0043297		25	1	4.898667881134009	-1.5889633071626228	0.20274527604477344	0.9946890607120057	1	1
leukocyte degranulation	GO:0043299		17	2	3.331094159171126	-0.5101536457906928	0.5691707139650165	0.8506090120081047	1	1
regulation of leukocyte degranulation	GO:0043300		23	4	4.506774450643289	-0.1192873371036813	0.7995862820151282	0.686782125559293	1	1
negative regulation of leukocyte degranulation	GO:0043301		7	1	1.3716270067175225	-0.3159976313497353	0.6763118873418741	0.7827962839733025	1	1
positive regulation of leukocyte degranulation	GO:0043302		14	3	2.743254013435045	0.08946747675842903	0.9460294016458648	0.5366867691818712	1	1
mast cell degranulation	GO:0043303		8	0	1.5675737219628827	-Inf	0	1	1	1
regulation of mast cell degranulation	GO:0043304		10	1	1.9594671524536038	-0.6726725752884678	0.4904435399678537	0.8871303793693512	1	1
eosinophil activation	GO:0043307		5	1	0.9797335762268019	0.020474605271477528	0.8959251696155924	0.6639809576251503	1	1
eosinophil degranulation	GO:0043308		5	1	0.9797335762268019	0.020474605271477528	0.8959251696155924	0.6639809576251503	1	1
natural killer cell degranulation	GO:0043320		5	0	0.9797335762268019	-Inf	0	1	1	1
regulation of natural killer cell degranulation	GO:0043321		5	2	0.9797335762268019	0.7136217858314229	1.4619856571553664	0.2544280030025466	1	1
positive regulation of natural killer cell degranulation	GO:0043323		5	2	0.9797335762268019	0.7136217858314229	1.4619856571553664	0.2544280030025466	1	1
response to exogenous dsRNA	GO:0043330		20	3	3.9189343049072076	-0.2672074671803034	0.705512384119831	0.7813010638640464	1	1
response to dsRNA	GO:0043331		24	4	4.702721165888649	-0.16184695152247705	0.7716727237196409	0.686782125559293	1	1
CD4-positive, alpha-beta T cell differentiation	GO:0043367		19	5	3.7229875896618467	0.29491145097323795	1.1044033007862541	0.3101636470445178	1	1
positive T cell selection	GO:0043368		9	1	1.7635204372082431	-0.5673120596306415	0.5403638836722494	0.8596066645829048	1	1
CD4-positive or CD8-positive, alpha-beta T cell lineage commitment	GO:0043369		8	1	1.5675737219628827	-0.44952902397425787	0.6010751724526117	0.8253736056068746	1	1
regulation of CD4-positive, alpha-beta T cell differentiation	GO:0043370		17	2	3.331094159171126	-0.5101536457906928	0.5691707139650165	0.8739261887459524	1	1
negative regulation of CD4-positive, alpha-beta T cell differentiation	GO:0043371		8	2	1.5675737219628827	0.24361815658568745	1.063644502877227	0.48475503253829777	1	1
positive regulation of CD4-positive, alpha-beta T cell differentiation	GO:0043372		10	0	1.9594671524536038	-Inf	0	1	1	1
CD4-positive, alpha-beta T cell lineage commitment	GO:0043373		7	1	1.3716270067175225	-0.3159976313497353	0.6763118873418741	0.7827962839733025	1	1
mycotoxin metabolic process	GO:0043385		6	0	1.1756802914721622	-Inf	0	1	1	1
positive regulation of DNA binding	GO:0043388		23	4	4.506774450643289	-0.1192873371036813	0.7995862820151282	0.6507471228202052	1	1
negative regulation of DNA binding	GO:0043392		19	3	3.7229875896618467	-0.21591417279275285	0.737194362814586	0.7497227204384175	1	1
regulation of protein binding	GO:0043393		63	4	12.344643060457702	-1.1269278475660642	0.3186093241738447	0.9992491855771384	1	1
steroid hormone receptor signaling pathway	GO:0043401		40	5	7.837868609814415	-0.44952902397425804	0.6010751724526116	0.9152474684918703	1	1
regulation of MAP kinase activity	GO:0043405		56	16	10.97301605374018	0.37714954921021	1.171306923303042	0.05887942306251989	1	1
positive regulation of MAP kinase activity	GO:0043406		33	9	6.466241603096892	0.3306295335753171	1.13323234459792	0.1831805138227558	1	1
negative regulation of MAP kinase activity	GO:0043407		16	3	3.1351474439257654	-0.04406391586609347	0.8505613782850316	0.586697296105379	1	1
negative regulation of MAPK cascade	GO:0043409		91	16	17.83115108732779	-0.10835826657149066	0.8068632072632517	0.6910495445559482	1	1
macromolecule methylation	GO:0043414		87	12	17.04736422634635	-0.3510889511610053	0.6558759273989256	0.9024307467548597	1	1
response to peptide hormone	GO:0043434		93	13	18.223044517818515	-0.3377376179861414	0.6635954247408204	0.938159618084456	1	1
regulation of secondary metabolic process	GO:0043455		9	1	1.7635204372082431	-0.5673120596306415	0.5403638836722494	0.8596066645829048	1	1
regulation of cellular respiration	GO:0043457		26	4	5.09461459637937	-0.2418896591960136	0.7210246532773757	0.750716981491383	1	1
proton-transporting ATP synthase complex assembly	GO:0043461		6	0	1.1756802914721622	-Inf	0	1	1	1
regulation of ATP-dependent activity	GO:0043462		32	5	6.270294887851531	-0.2263854726600481	0.7306450459037862	0.7796291252654528	1	1
regulation of generation of precursor metabolites and energy	GO:0043467		76	14	14.891950358647387	-0.06176349296549449	0.8383812258838047	0.6047710855202548	1	1
regulation of carbohydrate catabolic process	GO:0043470		37	7	7.2500284640783335	-0.03509524588333322	0.856776477627652	0.6068627322372873	1	1
pigmentation	GO:0043473		35	3	6.858135033587613	-0.826823255115726	0.42456612542938926	0.9783718242138688	1	1
pigment accumulation	GO:0043476		9	0	1.7635204372082431	-Inf	0	1	1	1
cellular pigment accumulation	GO:0043482		9	0	1.7635204372082431	-Inf	0	1	1	1
regulation of RNA splicing	GO:0043484		106	25	20.770351816008198	0.18534924846171155	1.0183005133018244	0.15358193125638658	1	1
endosome to pigment granule transport	GO:0043485		9	0	1.7635204372082431	-Inf	0	1	1	1
regulation of RNA stability	GO:0043487		117	17	22.925765683707162	-0.2990480730359621	0.6863523910662294	0.9266378944300899	1	1
regulation of mRNA stability	GO:0043488		108	15	21.16224524649892	-0.34416850831643175	0.65986863639277	0.9429480186737943	1	1
RNA stabilization	GO:0043489		49	9	9.601389047022657	-0.0646832030688292	0.8363829188121221	0.6161917517956992	1	1
malate-aspartate shuttle	GO:0043490		9	1	1.7635204372082431	-0.5673120596306415	0.5403638836722494	0.8596066645829048	1	1
phosphatidylinositol 3-kinase/protein kinase B signal transduction	GO:0043491		27	3	5.29056131162473	-0.5673120596306415	0.5403638836722494	0.9213816428600476	1	1
muscle adaptation	GO:0043500		6	1	1.1756802914721622	-0.16184695152247705	0.7716727237196409	0.72984153184383	1	1
regulation of muscle adaptation	GO:0043502		19	3	3.7229875896618467	-0.21591417279275285	0.737194362814586	0.7497227204384175	1	1
regulation of JUN kinase activity	GO:0043506		18	4	3.5270408744164863	0.12583512092930388	0.9730885098117966	0.4814757423991832	1	1
positive regulation of JUN kinase activity	GO:0043507		13	3	2.547307298189685	0.16357544891215084	1.0016275609675553	0.48337514553833716	1	1
negative regulation of JUN kinase activity	GO:0043508		5	1	0.9797335762268019	0.020474605271477528	0.8959251696155924	0.6639809576251503	1	1
regulation of DNA damage response, signal transduction by p53 class mediator	GO:0043516		29	6	5.68245474211545	0.05437615694715911	0.9203411288612804	0.5146930671511986	1	1
positive regulation of DNA damage response, signal transduction by p53 class mediator	GO:0043517		13	2	2.547307298189685	-0.2418896591960136	0.7210246532773757	0.7554039042054765	1	1
negative regulation of DNA damage response, signal transduction by p53 class mediator	GO:0043518		12	3	2.3513605829443245	0.24361815658568728	1.0636445028772268	0.42727390275722177	1	1
regulation of neuron apoptotic process	GO:0043523		67	7	13.128429921439144	-0.628869952630075	0.5107026747630853	0.9782847492146428	1	1
negative regulation of neuron apoptotic process	GO:0043524		44	6	8.621655470795856	-0.36251764698462824	0.6493225649570408	0.8729001549371973	1	1
positive regulation of neuron apoptotic process	GO:0043525		15	1	2.9392007286804054	-1.078137683396632	0.3339847283501357	0.9620999807715159	1	1
blood vessel endothelial cell migration	GO:0043534		19	4	3.7229875896618467	0.07176789965902816	0.9330203001238664	0.5271589678270941	1	1
regulation of blood vessel endothelial cell migration	GO:0043535		74	15	14.500056928156667	0.033897625603618316	0.9055447814355684	0.4881272173220492	1	1
positive regulation of blood vessel endothelial cell migration	GO:0043536		46	11	9.013548901286578	0.19916639401485337	1.028958170817565	0.2814554956873687	1	1
negative regulation of blood vessel endothelial cell migration	GO:0043537		31	5	6.074348172606171	-0.19463677434546786	0.7506308040069956	0.7544282001071914	1	1
endothelial cell migration	GO:0043542		45	4	8.817602186041215	-0.7904556109448511	0.43936503785022574	0.9849951459999116	1	1
protein acylation	GO:0043543		57	8	11.16896276898554	-0.3336972084491363	0.665945038847369	0.8940901684044065	1	1
molybdopterin cofactor metabolic process	GO:0043545		6	0	1.1756802914721622	-Inf	0	1	1	1
positive regulation of GTPase activity	GO:0043547		76	16	14.891950358647387	0.07176789965902816	0.9330203001238664	0.3966899476711347	1	1
regulation of translation in response to stress	GO:0043555		16	8	3.1351474439257654	0.9367653371456328	1.6662678944047509	0.006128659842548013	1	1
regulation of insulin-like growth factor receptor signaling pathway	GO:0043567		9	0	1.7635204372082431	-Inf	0	1	1	1
maintenance of DNA repeat elements	GO:0043570		5	1	0.9797335762268019	0.020474605271477528	0.8959251696155924	0.6639809576251503	1	1
peroxisomal transport	GO:0043574		18	1	3.5270408744164863	-1.2604592401905867	0.2798564179962136	0.9803118721859622	1	1
ear development	GO:0043583		16	3	3.1351474439257654	-0.04406391586609347	0.8505613782850316	0.6330949519004381	1	1
skin development	GO:0043588		64	11	12.540589775703062	-0.1310752928557233	0.791787203071521	0.692881973400949	1	1
skin morphogenesis	GO:0043589		7	2	1.3716270067175225	0.37714954921021	1.171306923303042	0.412113019066995	1	1
keratinocyte proliferation	GO:0043616		6	1	1.1756802914721622	-0.16184695152247705	0.7716727237196409	0.72984153184383	1	1
cortical microtubule organization	GO:0043622		6	1	1.1756802914721622	-0.16184695152247705	0.7716727237196409	0.72984153184383	1	1
response to estrogen	GO:0043627		23	1	4.506774450643289	-1.505581698223572	0.22010662597536554	0.9933926808077949	1	1
inositol phosphate metabolic process	GO:0043647		19	2	3.7229875896618467	-0.6213792809009171	0.5142372660455732	0.9107998111621118	1	1
dicarboxylic acid metabolic process	GO:0043648		58	6	11.3649094842309	-0.6387710236127861	0.5060622315132961	0.9809021336693062	1	1
dicarboxylic acid catabolic process	GO:0043649		17	0	3.331094159171126	-Inf	0	1	1	1
dicarboxylic acid biosynthetic process	GO:0043650		7	1	1.3716270067175225	-0.3159976313497353	0.6763118873418741	0.7827962839733025	1	1
linoleic acid metabolic process	GO:0043651		15	2	2.9392007286804054	-0.38499050283668673	0.6365829165604019	0.8234197544946463	1	1
mitochondrial fragmentation involved in apoptotic process	GO:0043653		6	1	1.1756802914721622	-0.16184695152247705	0.7716727237196409	0.72984153184383	1	1
reverse cholesterol transport	GO:0043691		15	1	2.9392007286804054	-1.078137683396632	0.3339847283501357	0.9620999807715159	1	1
regulation of biological process involved in symbiotic interaction	GO:0043903		36	4	7.054081748832973	-0.5673120596306415	0.5403638836722494	0.922398508655494	1	1
host-mediated suppression of viral transcription	GO:0043922		14	4	2.743254013435045	0.37714954921021	1.171306923303042	0.2878991921787099	1	1
host-mediated activation of viral transcription	GO:0043923		17	2	3.331094159171126	-0.5101536457906928	0.5691707139650165	0.8739261887459524	1	1
cellular component maintenance	GO:0043954		20	2	3.9189343049072076	-0.6726725752884678	0.4904435399678537	0.9107998111621118	1	1
negative regulation of gene expression via chromosomal CpG island methylation	GO:0044027		10	2	1.9594671524536038	0.020474605271477528	0.8959251696155924	0.6118932315048861	1	1
positive regulation of gene expression via chromosomal CpG island demethylation	GO:0044029		9	0	1.7635204372082431	-Inf	0	1	1	1
glucan metabolic process	GO:0044042		20	3	3.9189343049072076	-0.2672074671803034	0.705512384119831	0.7813010638640464	1	1
regulation of digestive system process	GO:0044058		11	2	2.155413867698964	-0.0748355745328473	0.8294586149673298	0.6658400887503648	1	1
regulation of endocrine process	GO:0044060		17	2	3.331094159171126	-0.5101536457906928	0.5691707139650165	0.8234197544946463	1	1
regulation of monoatomic anion transport	GO:0044070		10	1	1.9594671524536038	-0.6726725752884678	0.4904435399678537	0.8871303793693512	1	1
regulation of vacuole organization	GO:0044088		52	6	10.18922919275874	-0.5295717316477945	0.5592464895478996	0.951607582693031	1	1
positive regulation of vacuole organization	GO:0044090		23	1	4.506774450643289	-1.505581698223572	0.22010662597536554	0.9933926808077949	1	1
membrane biogenesis	GO:0044091		39	10	7.6419218945690535	0.26893596456997726	1.0836662964444168	0.17358726178446066	1	1
'de novo' AMP biosynthetic process	GO:0044208		5	0	0.9797335762268019	-Inf	0	1	1	1
lipid digestion	GO:0044241		8	2	1.5675737219628827	0.24361815658568745	1.063644502877227	0.48475503253829777	1	1
sulfur compound biosynthetic process	GO:0044272		100	14	19.594671524536036	-0.33620033866725474	0.6644886562920782	0.9378006984345892	1	1
sulfur compound catabolic process	GO:0044273		23	0	4.506774450643289	-Inf	0	1	1	1
protein K27-linked ubiquitination	GO:0044314		12	2	2.3513605829443245	-0.16184695152247705	0.7716727237196409	0.7135533259489933	1	1
wound healing, spreading of cells	GO:0044319		16	4	3.1351474439257654	0.24361815658568745	1.063644502877227	0.38564078766012255	1	1
response to leptin	GO:0044321		5	0	0.9797335762268019	-Inf	0	1	1	1
cell-cell adhesion mediated by cadherin	GO:0044331		5	1	0.9797335762268019	0.020474605271477528	0.8959251696155924	0.6639809576251503	1	1
cellular response to fibroblast growth factor stimulus	GO:0044344		37	4	7.2500284640783335	-0.5947110338187559	0.5269887183617267	0.9415857884212321	1	1
clearance of foreign intracellular DNA	GO:0044355		6	0	1.1756802914721622	-Inf	0	1	1	1
protein localization to cytoskeleton	GO:0044380		33	3	6.466241603096892	-0.7679827550927926	0.4487358074677462	0.9644894529866068	1	1
negative regulation of protein kinase activity by regulation of protein phosphorylation	GO:0044387		5	0	0.9797335762268019	-Inf	0	1	1	1
biological process involved in symbiotic interaction	GO:0044403		102	13	19.986564955026754	-0.4301109381171563	0.6115906204330496	0.9618037193631453	1	1
adhesion of symbiont to host	GO:0044406		11	2	2.155413867698964	-0.0748355745328473	0.8294586149673298	0.6658400887503648	1	1
symbiont entry into host	GO:0044409		40	4	7.837868609814415	-0.6726725752884678	0.4904435399678537	0.9675904142391654	1	1
motile cilium assembly	GO:0044458		24	1	4.702721165888649	-1.5481413126423678	0.2110720879885675	0.9933926808077949	1	1
long-chain fatty acid import into cell	GO:0044539		7	1	1.3716270067175225	-0.3159976313497353	0.6763118873418741	0.7827962839733025	1	1
secondary metabolite biosynthetic process	GO:0044550		7	0	1.3716270067175225	-Inf	0	1	1	1
[2Fe-2S] cluster assembly	GO:0044571		9	1	1.7635204372082431	-0.5673120596306415	0.5403638836722494	0.8596066645829048	1	1
daunorubicin metabolic process	GO:0044597		9	0	1.7635204372082431	-Inf	0	1	1	1
doxorubicin metabolic process	GO:0044598		10	0	1.9594671524536038	-Inf	0	1	1	1
adhesion of symbiont to host cell	GO:0044650		9	2	1.7635204372082431	0.12583512092930388	0.9730885098117966	0.5515091337986338	1	1
multi-organism reproductive process	GO:0044703		62	3	12.148696345212342	-1.398609578671404	0.24449683426559524	0.9998308700369293	1	1
multi-multicellular organism process	GO:0044706		60	3	11.756802914721622	-1.365819755848413	0.2524803984506228	0.999753679410795	1	1
epigenetic programming in the zygotic pronuclei	GO:0044725		5	0	0.9797335762268019	-Inf	0	1	1	1
protein transmembrane import into intracellular organelle	GO:0044743		26	1	5.09461459637937	-1.6281840203159041	0.19504664738750926	0.9965688057552808	1	1
cell cycle phase transition	GO:0044770		94	15	18.418991233063874	-0.2053320634622159	0.7438553627486721	0.8469176017255036	1	1
mitotic cell cycle phase transition	GO:0044772		83	14	16.26357736536491	-0.14987076047576128	0.779459041712037	0.774641892364501	1	1
mitotic DNA damage checkpoint signaling	GO:0044773		46	1	9.013548901286578	-2.198728878783517	0.11071774936242146	0.9999460686623383	1	1
mitotic DNA integrity checkpoint signaling	GO:0044774		48	1	9.405442331777298	-2.241288493202313	0.10612211993416293	0.9999651774179309	1	1
cilium organization	GO:0044782		194	11	38.01366275759991	-1.2400503685593796	0.2854762497911585	0.9999999906214556	1	1
metaphase/anaphase transition of cell cycle	GO:0044784		5	0	0.9797335762268019	-Inf	0	1	1	1
cell cycle DNA replication	GO:0044786		11	1	2.155413867698964	-0.7679827550927926	0.4487358074677462	0.90925940843125	1	1
host-mediated perturbation of viral process	GO:0044788		44	6	8.621655470795856	-0.36251764698462824	0.6493225649570408	0.8866081885416595	1	1
suppression of viral release by host	GO:0044790		15	0	2.9392007286804054	-Inf	0	1	1	1
host-mediated suppression of viral proces	GO:0044793		14	4	2.743254013435045	0.37714954921021	1.171306923303042	0.2878991921787099	1	1
host-mediated activation of viral process	GO:0044794		19	0	3.7229875896618467	-Inf	0	1	1	1
mitotic G2/M transition checkpoint	GO:0044818		36	2	7.054081748832973	-1.2604592401905867	0.2798564179962136	0.9962203255189399	1	1
mitotic G1/S transition checkpoint signaling	GO:0044819		14	0	2.743254013435045	-Inf	0	1	1	1
host-mediated perturbation of viral genome replication	GO:0044827		22	3	4.310827735397928	-0.36251764698462824	0.6493225649570408	0.8345790763109171	1	1
host-mediated suppression of viral genome replication	GO:0044828		10	3	1.9594671524536038	0.4259397133796419	1.2118523860835395	0.30997274297362254	1	1
host-mediated activation of viral genome replication	GO:0044829		9	0	1.7635204372082431	-Inf	0	1	1	1
host-mediated perturbation of viral RNA genome replication	GO:0044830		5	0	0.9797335762268019	-Inf	0	1	1	1
cell cycle G2/M phase transition	GO:0044839		36	3	7.054081748832973	-0.8549941320824224	0.4134089075367419	0.9817160092859267	1	1
cell cycle G1/S phase transition	GO:0044843		44	11	8.621655470795856	0.24361815658568728	1.0636445028772268	0.23173914353378497	1	1
plasma membrane raft assembly	GO:0044854		5	1	0.9797335762268019	0.020474605271477528	0.8959251696155924	0.6639809576251503	1	1
plasma membrane raft organization	GO:0044857		6	1	1.1756802914721622	-0.16184695152247705	0.7716727237196409	0.72984153184383	1	1
lipoprotein localization	GO:0044872		13	4	2.547307298189685	0.4512575213639317	1.2331288170502879	0.24026976015350388	1	1
double-strand break repair via single-strand annealing	GO:0045002		6	1	1.1756802914721622	-0.16184695152247705	0.7716727237196409	0.72984153184383	1	1
DNA-templated DNA replication maintenance of fidelity	GO:0045005		43	1	8.425708755550495	-2.1312875979879844	0.11840749815709786	0.9998960639804841	1	1
DNA deamination	GO:0045006		9	2	1.7635204372082431	0.12583512092930388	0.9730885098117966	0.5515091337986338	1	1
depyrimidination	GO:0045008		8	1	1.5675737219628827	-0.44952902397425787	0.6010751724526117	0.8253736056068746	1	1
actin nucleation	GO:0045010		14	2	2.743254013435045	-0.3159976313497353	0.6763118873418741	0.7554039042054765	1	1
glycerolipid biosynthetic process	GO:0045017		158	16	30.959581008766932	-0.6600937930816075	0.49619003320140787	0.9995389000584642	1	1
negative regulation of nitric oxide biosynthetic process	GO:0045019		6	1	1.1756802914721622	-0.16184695152247705	0.7716727237196409	0.72984153184383	1	1
early endosome to late endosome transport	GO:0045022		21	2	4.114881020152567	-0.7214627394578996	0.46869159825755335	0.9251885608618968	1	1
plasma membrane fusion	GO:0045026		9	0	1.7635204372082431	-Inf	0	1	1	1
protein insertion into mitochondrial inner membrane	GO:0045039		11	2	2.155413867698964	-0.0748355745328473	0.8294586149673298	0.6658400887503648	1	1
protein import into peroxisome membrane	GO:0045046		5	1	0.9797335762268019	0.020474605271477528	0.8959251696155924	0.6639809576251503	1	1
protein targeting to ER	GO:0045047		14	4	2.743254013435045	0.37714954921021	1.171306923303042	0.24026976015350388	1	1
protein insertion into ER membrane	GO:0045048		30	1	5.878401457360811	-1.7712848639565775	0.1693042931998258	0.9985680735964947	1	1
protein insertion into ER membrane by stop-transfer membrane-anchor sequence	GO:0045050		11	0	2.155413867698964	-Inf	0	1	1	1
constitutive secretory pathway	GO:0045054		5	0	0.9797335762268019	-Inf	0	1	1	1
regulated exocytosis	GO:0045055		42	6	8.229762040305134	-0.3159976313497353	0.6763118873418741	0.841318657476793	1	1
transcytosis	GO:0045056		10	1	1.9594671524536038	-0.6726725752884678	0.4904435399678537	0.8871303793693512	1	1
T cell selection	GO:0045058		12	1	2.3513605829443245	-0.8549941320824224	0.4134089075367419	0.9270508704750915	1	1
regulation of viral genome replication	GO:0045069		67	9	13.128429921439144	-0.3775555243491688	0.6407762299083434	0.9125988180077522	1	1
positive regulation of viral genome replication	GO:0045070		28	3	5.48650802687009	-0.6036797038015163	0.5226710513800359	0.9213816428600476	1	1
negative regulation of viral genome replication	GO:0045071		42	6	8.229762040305134	-0.3159976313497353	0.6763118873418741	0.841318657476793	1	1
regulation of single stranded viral RNA replication via double stranded DNA intermediate	GO:0045091		9	1	1.7635204372082431	-0.5673120596306415	0.5403638836722494	0.8596066645829048	1	1
intermediate filament-based process	GO:0045103		25	1	4.898667881134009	-1.5889633071626228	0.20274527604477344	0.9917799739109313	1	1
intermediate filament cytoskeleton organization	GO:0045104		25	1	4.898667881134009	-1.5889633071626228	0.20274527604477344	0.9917799739109313	1	1
intermediate filament organization	GO:0045109		16	1	3.1351474439257654	-1.1426762045342032	0.3137893727853598	0.9620999807715159	1	1
intermediate filament bundle assembly	GO:0045110		7	0	1.3716270067175225	-Inf	0	1	1	1
protein neddylation	GO:0045116		8	1	1.5675737219628827	-0.44952902397425787	0.6010751724526117	0.7827962839733025	1	1
azole transmembrane transport	GO:0045117		9	1	1.7635204372082431	-0.5673120596306415	0.5403638836722494	0.8596066645829048	1	1
cellular extravasation	GO:0045123		26	4	5.09461459637937	-0.2418896591960136	0.7210246532773757	0.7786888354213644	1	1
regulation of bone resorption	GO:0045124		6	1	1.1756802914721622	-0.16184695152247705	0.7716727237196409	0.72984153184383	1	1
meiotic chromosome segregation	GO:0045132		10	0	1.9594671524536038	-Inf	0	1	1	1
development of primary sexual characteristics	GO:0045137		27	3	5.29056131162473	-0.5673120596306415	0.5403638836722494	0.9083516062867003	1	1
homologous chromosome segregation	GO:0045143		5	0	0.9797335762268019	-Inf	0	1	1	1
cell fate commitment	GO:0045165		37	4	7.2500284640783335	-0.5947110338187559	0.5269887183617267	0.9326085547361003	1	1
maintenance of protein location	GO:0045185		39	3	7.6419218945690535	-0.9350368397559587	0.3831292389552201	0.9890329097229658	1	1
regulation of isotype switching	GO:0045191		9	1	1.7635204372082431	-0.5673120596306415	0.5403638836722494	0.8596066645829048	1	1
establishment or maintenance of epithelial cell apical/basal polarity	GO:0045197		16	1	3.1351474439257654	-1.1426762045342032	0.3137893727853598	0.9695327120224101	1	1
establishment of epithelial cell apical/basal polarity	GO:0045198		10	1	1.9594671524536038	-0.6726725752884678	0.4904435399678537	0.8871303793693512	1	1
sarcomere organization	GO:0045214		10	0	1.9594671524536038	-Inf	0	1	1	1
cell-cell junction organization	GO:0045216		74	8	14.500056928156667	-0.5947110338187559	0.5269887183617267	0.9812978701534405	1	1
cell-cell junction maintenance	GO:0045217		14	1	2.743254013435045	-1.0091448119096806	0.35690501805843033	0.9413547843308927	1	1
external encapsulating structure organization	GO:0045229		85	7	16.65547079585563	-0.8668285897294252	0.4088004938582565	0.9988795226062371	1	1
mRNA cis splicing, via spliceosome	GO:0045292		11	2	2.155413867698964	-0.0748355745328473	0.8294586149673298	0.6658400887503648	1	1
carnitine biosynthetic process	GO:0045329		5	0	0.9797335762268019	-Inf	0	1	1	1
phospholipid translocation	GO:0045332		22	2	4.310827735397928	-0.7679827550927926	0.4487358074677462	0.9476437436359091	1	1
cellular respiration	GO:0045333		68	5	13.324376636684503	-0.9801572750364284	0.3669606209612592	0.9984255462114193	1	1
regulation of MHC class I biosynthetic process	GO:0045343		6	1	1.1756802914721622	-0.16184695152247705	0.7716727237196409	0.72984153184383	1	1
positive regulation of MHC class I biosynthetic process	GO:0045345		5	0	0.9797335762268019	-Inf	0	1	1	1
regulation of MHC class II biosynthetic process	GO:0045346		8	2	1.5675737219628827	0.24361815658568745	1.063644502877227	0.48475503253829777	1	1
positive regulation of MHC class II biosynthetic process	GO:0045348		5	1	0.9797335762268019	0.020474605271477528	0.8959251696155924	0.6639809576251503	1	1
regulation of nitric oxide biosynthetic process	GO:0045428		27	5	5.29056131162473	-0.0564864358646508	0.8420008088560077	0.6325095853196618	1	1
positive regulation of nitric oxide biosynthetic process	GO:0045429		19	4	3.7229875896618467	0.07176789965902816	0.9330203001238664	0.5271589678270941	1	1
fat cell differentiation	GO:0045444		17	4	3.331094159171126	0.1829935347692526	1.0164894330322407	0.4341305238893221	1	1
myoblast differentiation	GO:0045445		10	2	1.9594671524536038	0.020474605271477528	0.8959251696155924	0.6118932315048861	1	1
endothelial cell differentiation	GO:0045446		36	10	7.054081748832973	0.3489786722435137	1.1481803625092408	0.15181746906827387	1	1
cell redox homeostasis	GO:0045454		22	2	4.310827735397928	-0.7679827550927926	0.4487358074677462	0.9373651375154552	1	1
response to ethanol	GO:0045471		13	0	2.547307298189685	-Inf	0	1	1	1
photoreceptor cell maintenance	GO:0045494		19	0	3.7229875896618467	-Inf	0	1	1	1
regulation of cholesterol biosynthetic process	GO:0045540		17	2	3.331094159171126	-0.5101536457906928	0.5691707139650165	0.8739261887459524	1	1
positive regulation of cholesterol biosynthetic process	GO:0045542		9	1	1.7635204372082431	-0.5673120596306415	0.5403638836722494	0.8596066645829048	1	1
mast cell activation	GO:0045576		9	0	1.7635204372082431	-Inf	0	1	1	1
regulation of B cell differentiation	GO:0045577		12	2	2.3513605829443245	-0.16184695152247705	0.7716727237196409	0.7135533259489933	1	1
positive regulation of B cell differentiation	GO:0045579		6	1	1.1756802914721622	-0.16184695152247705	0.7716727237196409	0.72984153184383	1	1
regulation of T cell differentiation	GO:0045580		49	5	9.601389047022657	-0.6524698679709483	0.49970083591003356	0.9712715230208635	1	1
negative regulation of T cell differentiation	GO:0045581		17	2	3.331094159171126	-0.5101536457906928	0.5691707139650165	0.8739261887459524	1	1
positive regulation of T cell differentiation	GO:0045582		30	3	5.878401457360811	-0.6726725752884678	0.4904435399678537	0.9424891684094316	1	1
regulation of regulatory T cell differentiation	GO:0045589		22	3	4.310827735397928	-0.36251764698462824	0.6493225649570408	0.8345790763109171	1	1
positive regulation of regulatory T cell differentiation	GO:0045591		19	3	3.7229875896618467	-0.21591417279275285	0.737194362814586	0.7497227204384175	1	1
regulation of fat cell differentiation	GO:0045598		33	5	6.466241603096892	-0.2571571313268019	0.7116408806919808	0.7796291252654528	1	1
negative regulation of fat cell differentiation	GO:0045599		12	3	2.3513605829443245	0.24361815658568728	1.0636445028772268	0.42727390275722177	1	1
positive regulation of fat cell differentiation	GO:0045600		17	2	3.331094159171126	-0.5101536457906928	0.5691707139650165	0.8506090120081047	1	1
regulation of endothelial cell differentiation	GO:0045601		22	6	4.310827735397928	0.3306295335753171	1.13323234459792	0.25108909460842843	1	1
negative regulation of endothelial cell differentiation	GO:0045602		5	1	0.9797335762268019	0.020474605271477528	0.8959251696155924	0.6639809576251503	1	1
regulation of epidermal cell differentiation	GO:0045604		30	6	5.878401457360811	0.020474605271477528	0.8959251696155924	0.5146930671511986	1	1
negative regulation of epidermal cell differentiation	GO:0045605		6	1	1.1756802914721622	-0.16184695152247705	0.7716727237196409	0.72984153184383	1	1
positive regulation of epidermal cell differentiation	GO:0045606		17	3	3.331094159171126	-0.10468853768252841	0.8093165486581243	0.6330949519004381	1	1
regulation of keratinocyte differentiation	GO:0045616		25	5	4.898667881134009	0.020474605271477528	0.8959251696155924	0.5201872527667094	1	1
negative regulation of keratinocyte differentiation	GO:0045617		5	1	0.9797335762268019	0.020474605271477528	0.8959251696155924	0.6639809576251503	1	1
positive regulation of keratinocyte differentiation	GO:0045618		14	3	2.743254013435045	0.08946747675842903	0.9460294016458648	0.48337514553833716	1	1
regulation of lymphocyte differentiation	GO:0045619		61	7	11.952749629966982	-0.5350511974124201	0.5564717630244755	0.9638772458860472	1	1
negative regulation of lymphocyte differentiation	GO:0045620		21	3	4.114881020152567	-0.3159976313497353	0.6763118873418741	0.8095110826530926	1	1
positive regulation of lymphocyte differentiation	GO:0045621		37	4	7.2500284640783335	-0.5947110338187559	0.5269887183617267	0.9415857884212321	1	1
regulation of T-helper cell differentiation	GO:0045622		13	2	2.547307298189685	-0.2418896591960136	0.7210246532773757	0.7554039042054765	1	1
negative regulation of T-helper cell differentiation	GO:0045623		7	2	1.3716270067175225	0.37714954921021	1.171306923303042	0.412113019066995	1	1
regulation of myeloid cell differentiation	GO:0045637		102	22	19.986564955026754	0.09598215777962277	0.9508442288360971	0.34463304190188426	1	1
negative regulation of myeloid cell differentiation	GO:0045638		40	11	7.837868609814415	0.3389283363900121	1.1399814854010224	0.14464041313583964	1	1
positive regulation of myeloid cell differentiation	GO:0045639		59	12	11.56085619947626	0.037281723587858834	0.9079798914275501	0.4946053436411452	1	1
regulation of erythrocyte differentiation	GO:0045646		30	11	5.878401457360811	0.6266104088417932	1.3845315893066155	0.02211136361647344	1	1
negative regulation of erythrocyte differentiation	GO:0045647		5	2	0.9797335762268019	0.7136217858314229	1.4619856571553664	0.2544280030025466	1	1
positive regulation of erythrocyte differentiation	GO:0045648		22	7	4.310827735397928	0.4847802134025753	1.2615397034084506	0.12216669893418972	1	1
regulation of macrophage differentiation	GO:0045649		14	3	2.743254013435045	0.08946747675842903	0.9460294016458648	0.5366867691818712	1	1
negative regulation of macrophage differentiation	GO:0045650		5	1	0.9797335762268019	0.020474605271477528	0.8959251696155924	0.6639809576251503	1	1
positive regulation of macrophage differentiation	GO:0045651		9	2	1.7635204372082431	0.12583512092930388	0.9730885098117966	0.5515091337986338	1	1
regulation of megakaryocyte differentiation	GO:0045652		16	2	3.1351474439257654	-0.44952902397425787	0.6010751724526117	0.8506090120081047	1	1
positive regulation of megakaryocyte differentiation	GO:0045654		8	0	1.5675737219628827	-Inf	0	1	1	1
regulation of monocyte differentiation	GO:0045655		13	2	2.547307298189685	-0.2418896591960136	0.7210246532773757	0.7554039042054765	1	1
positive regulation of monocyte differentiation	GO:0045657		7	0	1.3716270067175225	-Inf	0	1	1	1
regulation of myoblast differentiation	GO:0045661		21	1	4.114881020152567	-1.414609920017845	0.24068973026822393	0.9897737816257031	1	1
negative regulation of myoblast differentiation	GO:0045662		13	0	2.547307298189685	-Inf	0	1	1	1
positive regulation of myoblast differentiation	GO:0045663		11	1	2.155413867698964	-0.7679827550927926	0.4487358074677462	0.90925940843125	1	1
regulation of neuron differentiation	GO:0045664		30	3	5.878401457360811	-0.6726725752884678	0.4904435399678537	0.9213816428600476	1	1
negative regulation of neuron differentiation	GO:0045665		9	0	1.7635204372082431	-Inf	0	1	1	1
positive regulation of neuron differentiation	GO:0045666		16	2	3.1351474439257654	-0.44952902397425787	0.6010751724526117	0.791856760042744	1	1
regulation of osteoblast differentiation	GO:0045667		63	10	12.344643060457702	-0.21063711569190904	0.7405107320660599	0.7995360471152269	1	1
negative regulation of osteoblast differentiation	GO:0045668		20	4	3.9189343049072076	0.020474605271477528	0.8959251696155924	0.5707787743598538	1	1
positive regulation of osteoblast differentiation	GO:0045669		37	5	7.2500284640783335	-0.3715674825045461	0.644168932283637	0.860790685255046	1	1
regulation of osteoclast differentiation	GO:0045670		26	6	5.09461459637937	0.16357544891215084	1.0016275609675553	0.40185066263281644	1	1
negative regulation of osteoclast differentiation	GO:0045671		13	3	2.547307298189685	0.16357544891215084	1.0016275609675553	0.48337514553833716	1	1
positive regulation of osteoclast differentiation	GO:0045672		11	3	2.155413867698964	0.3306295335753171	1.13323234459792	0.3691323739002324	1	1
regulation of epidermis development	GO:0045682		30	6	5.878401457360811	0.020474605271477528	0.8959251696155924	0.5146930671511986	1	1
negative regulation of epidermis development	GO:0045683		6	1	1.1756802914721622	-0.16184695152247705	0.7716727237196409	0.72984153184383	1	1
positive regulation of epidermis development	GO:0045684		17	3	3.331094159171126	-0.10468853768252841	0.8093165486581243	0.6330949519004381	1	1
regulation of glial cell differentiation	GO:0045685		8	1	1.5675737219628827	-0.44952902397425787	0.6010751724526117	0.8253736056068746	1	1
positive regulation of glial cell differentiation	GO:0045687		5	0	0.9797335762268019	-Inf	0	1	1	1
negative regulation of fatty acid biosynthetic process	GO:0045717		9	1	1.7635204372082431	-0.5673120596306415	0.5403638836722494	0.8596066645829048	1	1
negative regulation of glycogen biosynthetic process	GO:0045719		6	1	1.1756802914721622	-0.16184695152247705	0.7716727237196409	0.6639809576251503	1	1
negative regulation of gluconeogenesis	GO:0045721		9	1	1.7635204372082431	-0.5673120596306415	0.5403638836722494	0.8596066645829048	1	1
positive regulation of gluconeogenesis	GO:0045722		5	1	0.9797335762268019	0.020474605271477528	0.8959251696155924	0.6639809576251503	1	1
positive regulation of fatty acid biosynthetic process	GO:0045723		13	5	2.547307298189685	0.6744010726781415	1.4269001540984303	0.09219334847471577	1	1
positive regulation of cilium assembly	GO:0045724		16	1	3.1351474439257654	-1.1426762045342032	0.3137893727853598	0.9695327120224101	1	1
positive regulation of glycogen biosynthetic process	GO:0045725		10	0	1.9594671524536038	-Inf	0	1	1	1
positive regulation of translation	GO:0045727		89	10	17.43925765683707	-0.5561387590325161	0.5458985853316293	0.9845071274593628	1	1
respiratory burst	GO:0045730		10	4	1.9594671524536038	0.7136217858314229	1.4619856571553664	0.11378252681862328	1	1
positive regulation of protein catabolic process	GO:0045732		147	23	28.80416714106797	-0.22502585314400864	0.7314930662827265	0.8804110432799142	1	1
negative regulation of cyclin-dependent protein serine/threonine kinase activity	GO:0045736		9	0	1.7635204372082431	-Inf	0	1	1	1
negative regulation of DNA repair	GO:0045738		35	2	6.858135033587613	-1.2322883632238903	0.2876415642117705	0.9944406612607304	1	1
positive regulation of DNA repair	GO:0045739		95	4	18.614937948309233	-1.5376700127750722	0.21326098203784946	0.9999967869607073	1	1
positive regulation of DNA replication	GO:0045740		27	2	5.29056131162473	-0.9727771677388057	0.36956187637019583	0.9790622815050865	1	1
positive regulation of epidermal growth factor receptor signaling pathway	GO:0045742		20	6	3.9189343049072076	0.4259397133796419	1.2118523860835395	0.18261536308991114	1	1
positive regulation of fibroblast growth factor receptor signaling pathway	GO:0045743		6	0	1.1756802914721622	-Inf	0	1	1	1
negative regulation of G protein-coupled receptor signaling pathway	GO:0045744		38	6	7.4459751793236935	-0.21591417279275285	0.737194362814586	0.7593787734475029	1	1
positive regulation of G protein-coupled receptor signaling pathway	GO:0045745		23	3	4.506774450643289	-0.4069694095554622	0.6243111154330052	0.8345790763109171	1	1
negative regulation of Notch signaling pathway	GO:0045746		20	4	3.9189343049072076	0.020474605271477528	0.8959251696155924	0.5707787743598538	1	1
positive regulation of Notch signaling pathway	GO:0045747		20	7	3.9189343049072076	0.5800903932069003	1.3437191146044392	0.061399844177846254	1	1
regulation of adenylate cyclase activity	GO:0045761		27	2	5.29056131162473	-0.9727771677388057	0.36956187637019583	0.9790622815050865	1	1
positive regulation of adenylate cyclase activity	GO:0045762		17	1	3.331094159171126	-1.203300826350638	0.2958661985436187	0.9755081197271886	1	1
regulation of angiogenesis	GO:0045765		189	30	37.03392918137311	-0.21063711569190918	0.7405107320660598	0.9096767880988361	1	1
positive regulation of angiogenesis	GO:0045766		105	22	20.57440510076284	0.0669946209063705	0.9295301395815618	0.400701410893301	1	1
positive regulation of axon extension	GO:0045773		6	0	1.1756802914721622	-Inf	0	1	1	1
negative regulation of blood pressure	GO:0045776		6	0	1.1756802914721622	-Inf	0	1	1	1
positive regulation of ossification	GO:0045778		25	2	4.898667881134009	-0.8958161266026775	0.39770677283583683	0.9696790235040114	1	1
negative regulation of cell size	GO:0045792		5	1	0.9797335762268019	0.020474605271477528	0.8959251696155924	0.6639809576251503	1	1
negative regulation of endocytosis	GO:0045806		42	7	8.229762040305134	-0.1618469515224769	0.7716727237196409	0.7422428014443477	1	1
positive regulation of endocytosis	GO:0045807		86	10	16.85141751110099	-0.521849685553884	0.5631760358166272	0.9804061868870826	1	1
negative regulation of gene expression, epigenetic	GO:0045814		80	8	15.67573721962883	-0.6726725752884678	0.4904435399678537	0.9924572391984826	1	1
transcription initiation-coupled chromatin remodeling	GO:0045815		41	2	8.033815325059775	-1.3905123684387846	0.2464454727877477	0.9978910795456692	1	1
negative regulation of glycolytic process	GO:0045820		8	1	1.5675737219628827	-0.44952902397425787	0.6010751724526117	0.8253736056068746	1	1
positive regulation of glycolytic process	GO:0045821		13	4	2.547307298189685	0.4512575213639317	1.2331288170502879	0.24026976015350388	1	1
negative regulation of heart contraction	GO:0045822		5	1	0.9797335762268019	0.020474605271477528	0.8959251696155924	0.6639809576251503	1	1
positive regulation of heart contraction	GO:0045823		9	2	1.7635204372082431	0.12583512092930388	0.9730885098117966	0.5515091337986338	1	1
negative regulation of innate immune response	GO:0045824		74	11	14.500056928156667	-0.27625730270022125	0.7000270952703375	0.8826525051219712	1	1
positive regulation of isotype switching	GO:0045830		8	1	1.5675737219628827	-0.44952902397425787	0.6010751724526117	0.8253736056068746	1	1
negative regulation of lipid metabolic process	GO:0045833		57	10	11.16896276898554	-0.11055365713492651	0.8053978938333065	0.6330918654393711	1	1
positive regulation of lipid metabolic process	GO:0045834		74	10	14.500056928156667	-0.3715674825045461	0.644168932283637	0.9275305545882659	1	1
negative regulation of membrane potential	GO:0045837		8	0	1.5675737219628827	-Inf	0	1	1	1
negative regulation of mitotic nuclear division	GO:0045839		28	0	5.48650802687009	-Inf	0	1	1	1
positive regulation of mitotic nuclear division	GO:0045840		27	5	5.29056131162473	-0.0564864358646508	0.8420008088560077	0.6325095853196618	1	1
negative regulation of mitotic metaphase/anaphase transition	GO:0045841		22	0	4.310827735397928	-Inf	0	1	1	1
positive regulation of mitotic metaphase/anaphase transition	GO:0045842		11	0	2.155413867698964	-Inf	0	1	1	1
negative regulation of striated muscle tissue development	GO:0045843		5	0	0.9797335762268019	-Inf	0	1	1	1
positive regulation of protein kinase activity	GO:0045860		121	27	23.709552544688602	0.12995883811316594	0.976184325317221	0.22721890102588857	1	1
negative regulation of proteolysis	GO:0045861		102	13	19.986564955026754	-0.4301109381171563	0.6115906204330496	0.9745447230369642	1	1
positive regulation of proteolysis	GO:0045862		143	19	28.02038028008653	-0.38849313338788893	0.6346148058774882	0.9800563858483768	1	1
negative regulation of single stranded viral RNA replication via double stranded DNA intermediate	GO:0045869		6	0	1.1756802914721622	-Inf	0	1	1	1
positive regulation of sister chromatid cohesion	GO:0045876		9	1	1.7635204372082431	-0.5673120596306415	0.5403638836722494	0.8596066645829048	1	1
negative regulation of smoothened signaling pathway	GO:0045879		12	1	2.3513605829443245	-0.8549941320824224	0.4134089075367419	0.9270508704750915	1	1
positive regulation of smoothened signaling pathway	GO:0045880		8	0	1.5675737219628827	-Inf	0	1	1	1
negative regulation of vasoconstriction	GO:0045906		7	2	1.3716270067175225	0.37714954921021	1.171306923303042	0.412113019066995	1	1
negative regulation of DNA recombination	GO:0045910		28	1	5.48650802687009	-1.7022919924696258	0.18127092723025134	0.9972421336110575	1	1
positive regulation of DNA recombination	GO:0045911		48	4	9.405442331777298	-0.8549941320824224	0.4134089075367419	0.9871871955242539	1	1
negative regulation of carbohydrate metabolic process	GO:0045912		30	4	5.878401457360811	-0.38499050283668673	0.6365829165604019	0.84781023733241	1	1
positive regulation of carbohydrate metabolic process	GO:0045913		36	8	7.054081748832973	0.12583512092930388	0.9730885098117966	0.40966182679862295	1	1
negative regulation of complement activation	GO:0045916		9	0	1.7635204372082431	-Inf	0	1	1	1
negative regulation of exocytosis	GO:0045920		18	1	3.5270408744164863	-1.2604592401905867	0.2798564179962136	0.9803118721859622	1	1
positive regulation of exocytosis	GO:0045921		47	10	9.209495616531937	0.08235000898956508	0.9407853764351027	0.44283653517192617	1	1
negative regulation of fatty acid metabolic process	GO:0045922		18	1	3.5270408744164863	-1.2604592401905867	0.2798564179962136	0.9695327120224101	1	1
positive regulation of fatty acid metabolic process	GO:0045923		23	5	4.506774450643289	0.10385621421052853	0.9566826872276941	0.4795808598095375	1	1
negative regulation of growth	GO:0045926		99	9	19.398724809290673	-0.7679827550927925	0.4487358074677463	0.9984906758603826	1	1
positive regulation of growth	GO:0045927		98	21	19.202778094045314	0.08946747675842903	0.9460294016458648	0.36181796682296047	1	1
negative regulation of mitotic cell cycle	GO:0045930		127	9	24.885232836160764	-1.0170499914167939	0.3542070426984851	0.9999725611989043	1	1
positive regulation of mitotic cell cycle	GO:0045931		78	9	15.283843789138107	-0.5295717316477943	0.5592464895478996	0.9740453416371271	1	1
negative regulation of muscle contraction	GO:0045932		6	1	1.1756802914721622	-0.16184695152247705	0.7716727237196409	0.72984153184383	1	1
positive regulation of muscle contraction	GO:0045933		13	2	2.547307298189685	-0.2418896591960136	0.7210246532773757	0.7554039042054765	1	1
negative regulation of phosphate metabolic process	GO:0045936		129	17	25.277126266651486	-0.39668654259987796	0.6300293895012248	0.9744878502551367	1	1
negative regulation of steroid metabolic process	GO:0045939		18	2	3.5270408744164863	-0.5673120596306415	0.5403638836722494	0.8506090120081047	1	1
positive regulation of steroid metabolic process	GO:0045940		25	4	4.898667881134009	-0.2026689460427322	0.7455383845037314	0.7201011001178095	1	1
positive regulation of transcription by RNA polymerase I	GO:0045943		23	6	4.506774450643289	0.2861777710044831	1.0974091735214537	0.2876795258905595	1	1
positive regulation of transcription by RNA polymerase III	GO:0045945		17	2	3.331094159171126	-0.5101536457906928	0.5691707139650165	0.8739261887459524	1	1
negative regulation of translational initiation	GO:0045947		16	3	3.1351474439257654	-0.04406391586609347	0.8505613782850316	0.6330949519004381	1	1
positive regulation of translational initiation	GO:0045948		19	3	3.7229875896618467	-0.21591417279275285	0.737194362814586	0.7497227204384175	1	1
negative regulation of natural killer cell mediated cytotoxicity	GO:0045953		23	5	4.506774450643289	0.10385621421052853	0.9566826872276941	0.4795808598095375	1	1
positive regulation of natural killer cell mediated cytotoxicity	GO:0045954		20	5	3.9189343049072076	0.24361815658568728	1.0636445028772268	0.3526797416960536	1	1
negative regulation of nucleotide metabolic process	GO:0045980		15	1	2.9392007286804054	-1.078137683396632	0.3339847283501357	0.9620999807715159	1	1
positive regulation of nucleotide metabolic process	GO:0045981		19	6	3.7229875896618467	0.47723300776719246	1.255120035952325	0.1515463728736116	1	1
positive regulation of smooth muscle contraction	GO:0045987		8	1	1.5675737219628827	-0.44952902397425787	0.6010751724526117	0.8253736056068746	1	1
regulation of embryonic development	GO:0045995		7	0	1.3716270067175225	-Inf	0	1	1	1
regulation of activated T cell proliferation	GO:0046006		23	5	4.506774450643289	0.10385621421052853	0.9566826872276941	0.4795808598095375	1	1
negative regulation of activated T cell proliferation	GO:0046007		5	1	0.9797335762268019	0.020474605271477528	0.8959251696155924	0.6639809576251503	1	1
regulation of transcription by glucose	GO:0046015		5	0	0.9797335762268019	-Inf	0	1	1	1
ADP metabolic process	GO:0046031		24	1	4.702721165888649	-1.5481413126423678	0.2110720879885675	0.9946890607120057	1	1
ADP catabolic process	GO:0046032		23	1	4.506774450643289	-1.505581698223572	0.22010662597536554	0.9933926808077949	1	1
AMP metabolic process	GO:0046033		12	2	2.3513605829443245	-0.16184695152247705	0.7716727237196409	0.7135533259489933	1	1
ATP metabolic process	GO:0046034		62	7	12.148696345212342	-0.5513117182842002	0.5483041114189537	0.971917222266734	1	1
CTP metabolic process	GO:0046036		5	2	0.9797335762268019	0.7136217858314229	1.4619856571553664	0.2544280030025466	1	1
GMP metabolic process	GO:0046037		10	0	1.9594671524536038	-Inf	0	1	1	1
GTP metabolic process	GO:0046039		13	4	2.547307298189685	0.4512575213639317	1.2331288170502879	0.24026976015350388	1	1
IMP metabolic process	GO:0046040		10	0	1.9594671524536038	-Inf	0	1	1	1
cAMP metabolic process	GO:0046058		9	1	1.7635204372082431	-0.5673120596306415	0.5403638836722494	0.8596066645829048	1	1
cGMP metabolic process	GO:0046068		9	2	1.7635204372082431	0.12583512092930388	0.9730885098117966	0.5515091337986338	1	1
nucleobase biosynthetic process	GO:0046112		7	0	1.3716270067175225	-Inf	0	1	1	1
purine ribonucleoside metabolic process	GO:0046128		8	1	1.5675737219628827	-0.44952902397425787	0.6010751724526117	0.7827962839733025	1	1
purine ribonucleoside catabolic process	GO:0046130		5	1	0.9797335762268019	0.020474605271477528	0.8959251696155924	0.5820703667006293	1	1
pyrimidine ribonucleoside metabolic process	GO:0046131		6	1	1.1756802914721622	-0.16184695152247705	0.7716727237196409	0.72984153184383	1	1
pyrimidine ribonucleoside catabolic process	GO:0046133		6	1	1.1756802914721622	-0.16184695152247705	0.7716727237196409	0.72984153184383	1	1
pyrimidine nucleoside biosynthetic process	GO:0046134		5	0	0.9797335762268019	-Inf	0	1	1	1
pyrimidine nucleoside catabolic process	GO:0046135		8	2	1.5675737219628827	0.24361815658568745	1.063644502877227	0.48475503253829777	1	1
negative regulation of vitamin metabolic process	GO:0046137		6	1	1.1756802914721622	-0.16184695152247705	0.7716727237196409	0.72984153184383	1	1
tetrahydrobiopterin metabolic process	GO:0046146		6	1	1.1756802914721622	-0.16184695152247705	0.7716727237196409	0.72984153184383	1	1
pigment biosynthetic process	GO:0046148		26	3	5.09461459637937	-0.5295717316477945	0.5592464895478996	0.9083516062867003	1	1
pigment catabolic process	GO:0046149		9	1	1.7635204372082431	-0.5673120596306415	0.5403638836722494	0.8596066645829048	1	1
alcohol catabolic process	GO:0046164		21	1	4.114881020152567	-1.414609920017845	0.24068973026822393	0.9872781319061674	1	1
alcohol biosynthetic process	GO:0046165		57	7	11.16896276898554	-0.4672286010736588	0.5916159154558517	0.941261638867392	1	1
polyol biosynthetic process	GO:0046173		25	3	4.898667881134009	-0.49035101849451307	0.579438399183867	0.8933905173407	1	1
aldehyde biosynthetic process	GO:0046184		8	1	1.5675737219628827	-0.44952902397425787	0.6010751724526117	0.8253736056068746	1	1
aldehyde catabolic process	GO:0046185		7	0	1.3716270067175225	-Inf	0	1	1	1
phenol-containing compound biosynthetic process	GO:0046189		13	1	2.547307298189685	-0.9350368397559589	0.38312923895522005	0.9413547843308927	1	1
nitric oxide metabolic process	GO:0046209		17	3	3.331094159171126	-0.10468853768252841	0.8093165486581243	0.6757301864742484	1	1
aflatoxin metabolic process	GO:0046222		6	0	1.1756802914721622	-Inf	0	1	1	1
regulation of fatty acid oxidation	GO:0046320		16	0	3.1351474439257654	-Inf	0	1	1	1
positive regulation of fatty acid oxidation	GO:0046321		10	0	1.9594671524536038	-Inf	0	1	1	1
regulation of D-glucose import across plasma membrane	GO:0046324		25	3	4.898667881134009	-0.49035101849451307	0.579438399183867	0.8933905173407	1	1
negative regulation of D-glucose import across plasma membrane	GO:0046325		7	2	1.3716270067175225	0.37714954921021	1.171306923303042	0.412113019066995	1	1
positive regulation of D-glucose import across plasma membrane	GO:0046326		17	1	3.331094159171126	-1.203300826350638	0.2958661985436187	0.9755081197271886	1	1
regulation of JNK cascade	GO:0046328		102	21	19.986564955026754	0.04946214214473009	0.9167774143665354	0.40029077394569684	1	1
negative regulation of JNK cascade	GO:0046329		26	5	5.09461459637937	-0.01874610788180376	0.868180401077128	0.5968717848764868	1	1
positive regulation of JNK cascade	GO:0046330		69	16	13.520323351929866	0.16839473534809982	1.0053048954453627	0.22789188456544598	1	1
phosphatidylethanolamine metabolic process	GO:0046337		20	3	3.9189343049072076	-0.2672074671803034	0.705512384119831	0.7813010638640464	1	1
diacylglycerol metabolic process	GO:0046339		12	2	2.3513605829443245	-0.16184695152247705	0.7716727237196409	0.7135533259489933	1	1
amino sugar catabolic process	GO:0046348		8	0	1.5675737219628827	-Inf	0	1	1	1
amino sugar biosynthetic process	GO:0046349		11	2	2.155413867698964	-0.0748355745328473	0.8294586149673298	0.6658400887503648	1	1
monosaccharide biosynthetic process	GO:0046364		24	1	4.702721165888649	-1.5481413126423678	0.2110720879885675	0.9946890607120057	1	1
monosaccharide catabolic process	GO:0046365		24	1	4.702721165888649	-1.5481413126423678	0.2110720879885675	0.9946890607120057	1	1
GDP-L-fucose metabolic process	GO:0046368		6	0	1.1756802914721622	-Inf	0	1	1	1
deoxyribose phosphate biosynthetic process	GO:0046385		9	0	1.7635204372082431	-Inf	0	1	1	1
deoxyribose phosphate catabolic process	GO:0046386		17	1	3.331094159171126	-1.203300826350638	0.2958661985436187	0.9695327120224101	1	1
ribose phosphate biosynthetic process	GO:0046390		53	5	10.385175908004099	-0.7309414834124435	0.46456390916724083	0.9860871054999777	1	1
carboxylic acid biosynthetic process	GO:0046394		154	13	30.175794147785492	-0.8420907272465143	0.4184864810406969	0.9999617572285064	1	1
carboxylic acid catabolic process	GO:0046395		155	8	30.371740863030855	-1.3340710575338328	0.26044823509332327	0.9999998946829415	1	1
urate metabolic process	GO:0046415		11	0	2.155413867698964	-Inf	0	1	1	1
regulation of receptor signaling pathway via JAK-STAT	GO:0046425		41	11	8.033815325059775	0.31423572379964065	1.1199559137482282	0.1646041565555966	1	1
negative regulation of receptor signaling pathway via JAK-STAT	GO:0046426		15	7	2.9392007286804054	0.8677724656586812	1.602337721918096	0.01613527324440343	1	1
positive regulation of receptor signaling pathway via JAK-STAT	GO:0046427		24	3	4.702721165888649	-0.44952902397425804	0.6010751724526116	0.8762696930387821	1	1
organophosphate catabolic process	GO:0046434		96	11	18.810884663554596	-0.5365404009638878	0.5557196038700062	0.9851552898282334	1	1
icosanoid biosynthetic process	GO:0046456		28	3	5.48650802687009	-0.6036797038015163	0.5226710513800359	0.9326947962290502	1	1
prostanoid biosynthetic process	GO:0046457		16	3	3.1351474439257654	-0.04406391586609347	0.8505613782850316	0.6330949519004381	1	1
short-chain fatty acid metabolic process	GO:0046459		6	0	1.1756802914721622	-Inf	0	1	1	1
neutral lipid biosynthetic process	GO:0046460		18	2	3.5270408744164863	-0.5673120596306415	0.5403638836722494	0.8739261887459524	1	1
neutral lipid catabolic process	GO:0046461		18	2	3.5270408744164863	-0.5673120596306415	0.5403638836722494	0.8938443279280387	1	1
monoacylglycerol metabolic process	GO:0046462		9	1	1.7635204372082431	-0.5673120596306415	0.5403638836722494	0.8253736056068746	1	1
acylglycerol biosynthetic process	GO:0046463		18	2	3.5270408744164863	-0.5673120596306415	0.5403638836722494	0.8739261887459524	1	1
acylglycerol catabolic process	GO:0046464		18	2	3.5270408744164863	-0.5673120596306415	0.5403638836722494	0.8938443279280387	1	1
phosphatidylcholine metabolic process	GO:0046470		55	6	10.777069338494819	-0.5856611982988379	0.531375654824286	0.9713101126671182	1	1
phosphatidylglycerol metabolic process	GO:0046471		24	3	4.702721165888649	-0.44952902397425804	0.6010751724526116	0.8762696930387821	1	1
phosphatidic acid metabolic process	GO:0046473		31	6	6.074348172606171	-0.012315217551513198	0.8726922785456543	0.5851665741807743	1	1
glycerophospholipid biosynthetic process	GO:0046474		144	15	28.21632699533189	-0.6318505807682124	0.5093019383311344	0.9990287211486562	1	1
glycerophospholipid catabolic process	GO:0046475		18	3	3.5270408744164863	-0.16184695152247705	0.7716727237196409	0.7145810752892615	1	1
glycosphingolipid catabolic process	GO:0046479		16	1	3.1351474439257654	-1.1426762045342032	0.3137893727853598	0.9620999807715159	1	1
ether lipid metabolic process	GO:0046485		11	2	2.155413867698964	-0.0748355745328473	0.8294586149673298	0.6658400887503648	1	1
phosphatidylinositol metabolic process	GO:0046488		98	7	19.202778094045314	-1.0091448119096806	0.35690501805843033	0.9997955406849767	1	1
nicotinamide nucleotide metabolic process	GO:0046496		67	9	13.128429921439144	-0.3775555243491688	0.6407762299083434	0.9211683078273512	1	1
S-adenosylmethionine metabolic process	GO:0046500		7	1	1.3716270067175225	-0.3159976313497353	0.6763118873418741	0.7827962839733025	1	1
protoporphyrinogen IX metabolic process	GO:0046501		7	0	1.3716270067175225	-Inf	0	1	1	1
glycerolipid catabolic process	GO:0046503		33	5	6.466241603096892	-0.2571571313268019	0.7116408806919808	0.8027846234457074	1	1
glycerol ether biosynthetic process	GO:0046504		7	1	1.3716270067175225	-0.3159976313497353	0.6763118873418741	0.7827962839733025	1	1
sphingosine biosynthetic process	GO:0046512		14	1	2.743254013435045	-1.0091448119096806	0.35690501805843033	0.952854632353058	1	1
ceramide biosynthetic process	GO:0046513		34	3	6.662188318342252	-0.7978357182424737	0.43632550193392183	0.9698565450583547	1	1
ceramide catabolic process	GO:0046514		15	1	2.9392007286804054	-1.078137683396632	0.3339847283501357	0.9620999807715159	1	1
sphingoid metabolic process	GO:0046519		20	2	3.9189343049072076	-0.6726725752884678	0.4904435399678537	0.9251885608618968	1	1
sphingoid biosynthetic process	GO:0046520		14	1	2.743254013435045	-1.0091448119096806	0.35690501805843033	0.952854632353058	1	1
development of primary female sexual characteristics	GO:0046545		9	2	1.7635204372082431	0.12583512092930388	0.9730885098117966	0.5515091337986338	1	1
development of primary male sexual characteristics	GO:0046546		16	2	3.1351474439257654	-0.44952902397425787	0.6010751724526117	0.8234197544946463	1	1
regulation of Ras protein signal transduction	GO:0046578		22	3	4.310827735397928	-0.36251764698462824	0.6493225649570408	0.8095110826530926	1	1
positive regulation of Ras protein signal transduction	GO:0046579		12	2	2.3513605829443245	-0.16184695152247705	0.7716727237196409	0.6658400887503648	1	1
negative regulation of Ras protein signal transduction	GO:0046580		7	0	1.3716270067175225	-Inf	0	1	1	1
regulation of viral entry into host cell	GO:0046596		19	2	3.7229875896618467	-0.6213792809009171	0.5142372660455732	0.9107998111621118	1	1
host-mediated suppression of symbiont invasion	GO:0046597		20	2	3.9189343049072076	-0.6726725752884678	0.4904435399678537	0.9251885608618968	1	1
positive regulation of viral entry into host cell	GO:0046598		14	1	2.743254013435045	-1.0091448119096806	0.35690501805843033	0.952854632353058	1	1
regulation of centriole replication	GO:0046599		20	2	3.9189343049072076	-0.6726725752884678	0.4904435399678537	0.9251885608618968	1	1
negative regulation of centriole replication	GO:0046600		5	0	0.9797335762268019	-Inf	0	1	1	1
positive regulation of centriole replication	GO:0046601		11	1	2.155413867698964	-0.7679827550927926	0.4487358074677462	0.90925940843125	1	1
regulation of mitotic centrosome separation	GO:0046602		8	0	1.5675737219628827	-Inf	0	1	1	1
regulation of centrosome cycle	GO:0046605		43	6	8.425708755550495	-0.33952812875992944	0.6625562004540068	0.8578313001488673	1	1
negative regulation of centrosome cycle	GO:0046606		9	0	1.7635204372082431	-Inf	0	1	1	1
xenobiotic export from cell	GO:0046618		12	0	2.3513605829443245	-Inf	0	1	1	1
regulation of organ growth	GO:0046620		11	1	2.155413867698964	-0.7679827550927926	0.4487358074677462	0.90925940843125	1	1
negative regulation of organ growth	GO:0046621		5	0	0.9797335762268019	-Inf	0	1	1	1
positive regulation of organ growth	GO:0046622		6	1	1.1756802914721622	-0.16184695152247705	0.7716727237196409	0.72984153184383	1	1
regulation of insulin receptor signaling pathway	GO:0046626		30	4	5.878401457360811	-0.38499050283668673	0.6365829165604019	0.84781023733241	1	1
negative regulation of insulin receptor signaling pathway	GO:0046627		20	4	3.9189343049072076	0.020474605271477528	0.8959251696155924	0.5271589678270941	1	1
positive regulation of insulin receptor signaling pathway	GO:0046628		7	0	1.3716270067175225	-Inf	0	1	1	1
alpha-beta T cell activation	GO:0046631		31	7	6.074348172606171	0.14183546227574503	0.9851315415091677	0.4063647984515683	1	1
alpha-beta T cell differentiation	GO:0046632		21	5	4.114881020152567	0.19482799241625548	1.0256053873788344	0.39541452308771846	1	1
regulation of alpha-beta T cell activation	GO:0046634		47	8	9.209495616531937	-0.14079354232464478	0.7853964081668059	0.6790708203390694	1	1
positive regulation of alpha-beta T cell activation	GO:0046635		30	4	5.878401457360811	-0.38499050283668673	0.6365829165604019	0.8271053647850274	1	1
negative regulation of alpha-beta T cell activation	GO:0046636		18	3	3.5270408744164863	-0.16184695152247705	0.7716727237196409	0.7145810752892615	1	1
regulation of alpha-beta T cell differentiation	GO:0046637		20	2	3.9189343049072076	-0.6726725752884678	0.4904435399678537	0.9107998111621118	1	1
positive regulation of alpha-beta T cell differentiation	GO:0046638		13	0	2.547307298189685	-Inf	0	1	1	1
negative regulation of alpha-beta T cell differentiation	GO:0046639		8	2	1.5675737219628827	0.24361815658568745	1.063644502877227	0.48475503253829777	1	1
regulation of alpha-beta T cell proliferation	GO:0046640		17	5	3.331094159171126	0.4061370860834623	1.195322394547758	0.22804914491522568	1	1
positive regulation of alpha-beta T cell proliferation	GO:0046641		14	4	2.743254013435045	0.37714954921021	1.171306923303042	0.2878991921787099	1	1
negative regulation of alpha-beta T cell proliferation	GO:0046642		5	1	0.9797335762268019	0.020474605271477528	0.8959251696155924	0.6639809576251503	1	1
lymphocyte activation	GO:0046649		149	27	29.196060571558693	-0.07819692223555207	0.8271743417078867	0.6788180479321063	1	1
lymphocyte proliferation	GO:0046651		15	4	2.9392007286804054	0.30815667772325855	1.1150519589183827	0.3366446614878407	1	1
tetrahydrofolate metabolic process	GO:0046653		13	1	2.547307298189685	-0.9350368397559589	0.38312923895522005	0.9413547843308927	1	1
folic acid metabolic process	GO:0046655		11	2	2.155413867698964	-0.0748355745328473	0.8294586149673298	0.6658400887503648	1	1
female sex differentiation	GO:0046660		11	2	2.155413867698964	-0.0748355745328473	0.8294586149673298	0.6658400887503648	1	1
male sex differentiation	GO:0046661		19	2	3.7229875896618467	-0.6213792809009171	0.5142372660455732	0.8938443279280387	1	1
negative regulation of insulin secretion	GO:0046676		10	1	1.9594671524536038	-0.6726725752884678	0.4904435399678537	0.8871303793693512	1	1
response to antibiotic	GO:0046677		11	1	2.155413867698964	-0.7679827550927926	0.4487358074677462	0.90925940843125	1	1
response to organophosphorus	GO:0046683		49	9	9.601389047022657	-0.0646832030688292	0.8363829188121221	0.6423692189047091	1	1
response to arsenic-containing substance	GO:0046685		14	4	2.743254013435045	0.37714954921021	1.171306923303042	0.2878991921787099	1	1
response to cadmium ion	GO:0046686		8	2	1.5675737219628827	0.24361815658568745	1.063644502877227	0.48475503253829777	1	1
response to copper ion	GO:0046688		11	1	2.155413867698964	-0.7679827550927926	0.4487358074677462	0.90925940843125	1	1
decidualization	GO:0046697		7	0	1.3716270067175225	-Inf	0	1	1	1
muscle cell cellular homeostasis	GO:0046716		7	1	1.3716270067175225	-0.3159976313497353	0.6763118873418741	0.7827962839733025	1	1
symbiont entry into host cell	GO:0046718		40	4	7.837868609814415	-0.6726725752884678	0.4904435399678537	0.9675904142391654	1	1
regulation by virus of viral protein levels in host cell	GO:0046719		8	0	1.5675737219628827	-Inf	0	1	1	1
non-lytic viral release	GO:0046753		14	3	2.743254013435045	0.08946747675842903	0.9460294016458648	0.42727390275722177	1	1
viral budding	GO:0046755		25	3	4.898667881134009	-0.49035101849451307	0.579438399183867	0.8567486189236605	1	1
viral budding from plasma membrane	GO:0046761		13	2	2.547307298189685	-0.2418896591960136	0.7210246532773757	0.6658400887503648	1	1
protein autophosphorylation	GO:0046777		111	15	21.750085392235	-0.3715674825045461	0.644168932283637	0.952388338127892	1	1
regulation of viral transcription	GO:0046782		19	3	3.7229875896618467	-0.21591417279275285	0.737194362814586	0.7497227204384175	1	1
microtubule polymerization	GO:0046785		22	1	4.310827735397928	-1.4611299356527379	0.22994233866048128	0.9917799739109313	1	1
transport of virus	GO:0046794		5	2	0.9797335762268019	0.7136217858314229	1.4619856571553664	0.2544280030025466	1	1
receptor-mediated virion attachment to host cell	GO:0046813		6	1	1.1756802914721622	-0.16184695152247705	0.7716727237196409	0.72984153184383	1	1
regulation of nucleocytoplasmic transport	GO:0046822		72	14	14.108163497665945	-0.007696271695218695	0.8759419854233582	0.5601447767574018	1	1
negative regulation of nucleocytoplasmic transport	GO:0046823		17	3	3.331094159171126	-0.10468853768252841	0.8093165486581243	0.6757301864742484	1	1
positive regulation of nucleocytoplasmic transport	GO:0046824		39	9	7.6419218945690535	0.163575448912151	1.0016275609675556	0.3512233721330227	1	1
regulation of protein export from nucleus	GO:0046825		23	4	4.506774450643289	-0.1192873371036813	0.7995862820151282	0.686782125559293	1	1
negative regulation of protein export from nucleus	GO:0046826		5	0	0.9797335762268019	-Inf	0	1	1	1
positive regulation of protein export from nucleus	GO:0046827		12	4	2.3513605829443245	0.5313002290374682	1.301399677662636	0.19470778732926153	1	1
regulation of RNA export from nucleus	GO:0046831		14	3	2.743254013435045	0.08946747675842903	0.9460294016458648	0.5366867691818712	1	1
lipid phosphorylation	GO:0046834		8	1	1.5675737219628827	-0.44952902397425787	0.6010751724526117	0.8253736056068746	1	1
carbohydrate phosphorylation	GO:0046835		6	0	1.1756802914721622	-Inf	0	1	1	1
glycolipid transport	GO:0046836		6	0	1.1756802914721622	-Inf	0	1	1	1
phospholipid dephosphorylation	GO:0046839		23	2	4.506774450643289	-0.8124345176636266	0.4303676116636751	0.9476437436359091	1	1
filopodium assembly	GO:0046847		9	1	1.7635204372082431	-0.5673120596306415	0.5403638836722494	0.8596066645829048	1	1
bone remodeling	GO:0046849		6	1	1.1756802914721622	-0.16184695152247705	0.7716727237196409	0.72984153184383	1	1
regulation of bone remodeling	GO:0046850		8	1	1.5675737219628827	-0.44952902397425787	0.6010751724526117	0.8253736056068746	1	1
phosphatidylinositol phosphate biosynthetic process	GO:0046854		23	1	4.506774450643289	-1.505581698223572	0.22010662597536554	0.9933926808077949	1	1
phosphatidylinositol dephosphorylation	GO:0046856		15	0	2.9392007286804054	-Inf	0	1	1	1
regulation of saliva secretion	GO:0046877		5	1	0.9797335762268019	0.020474605271477528	0.8959251696155924	0.6639809576251503	1	1
hormone secretion	GO:0046879		21	2	4.114881020152567	-0.7214627394578996	0.46869159825755335	0.9373651375154552	1	1
regulation of hormone secretion	GO:0046883		101	13	19.790618239781395	-0.4202586416741447	0.6169811458448631	0.9654320829918805	1	1
regulation of hormone biosynthetic process	GO:0046885		13	2	2.547307298189685	-0.2418896591960136	0.7210246532773757	0.7135533259489933	1	1
positive regulation of hormone biosynthetic process	GO:0046886		5	2	0.9797335762268019	0.7136217858314229	1.4619856571553664	0.2544280030025466	1	1
positive regulation of hormone secretion	GO:0046887		46	5	9.013548901286578	-0.5892909663494168	0.5296124650317189	0.9563597382730049	1	1
negative regulation of hormone secretion	GO:0046888		20	2	3.9189343049072076	-0.6726725752884678	0.4904435399678537	0.9107998111621118	1	1
positive regulation of lipid biosynthetic process	GO:0046889		51	10	9.993282477513377	6.719779752980664e-4	0.881848827018035	0.5277790183287516	1	1
regulation of lipid biosynthetic process	GO:0046890		100	18	19.594671524536036	-0.0848859103863487	0.8226410082868091	0.6602453058547585	1	1
regulation of mitochondrial membrane permeability	GO:0046902		31	5	6.074348172606171	-0.19463677434546786	0.7506308040069956	0.727127937860995	1	1
secretion	GO:0046903		159	17	31.155527724012295	-0.6057783404584375	0.5216650249026464	0.9989450104623216	1	1
regulation of neurotransmitter secretion	GO:0046928		15	2	2.9392007286804054	-0.38499050283668673	0.6365829165604019	0.791856760042744	1	1
pore complex assembly	GO:0046931		19	3	3.7229875896618467	-0.21591417279275285	0.737194362814586	0.7497227204384175	1	1
carboxylic acid transport	GO:0046942		157	16	30.763634293521573	-0.6537445654029487	0.4991123714518553	0.9994102698790749	1	1
fatty-acyl-CoA biosynthetic process	GO:0046949		26	5	5.09461459637937	-0.01874610788180376	0.868180401077128	0.5968717848764868	1	1
ketone body biosynthetic process	GO:0046951		5	0	0.9797335762268019	-Inf	0	1	1	1
cytosol to endoplasmic reticulum transport	GO:0046967		5	0	0.9797335762268019	-Inf	0	1	1	1
regulation of response to osmotic stress	GO:0047484		8	1	1.5675737219628827	-0.44952902397425787	0.6010751724526117	0.8253736056068746	1	1
vesicle transport along microtubule	GO:0047496		9	1	1.7635204372082431	-0.5673120596306415	0.5403638836722494	0.8596066645829048	1	1
mitochondrion transport along microtubule	GO:0047497		14	5	2.743254013435045	0.6002931005244198	1.361389368780337	0.12119618009048963	1	1
antigen processing and presentation of peptide antigen	GO:0048002		41	2	8.033815325059775	-1.3905123684387846	0.2464454727877477	0.9982657947618694	1	1
platelet-derived growth factor receptor signaling pathway	GO:0048008		14	7	2.743254013435045	0.9367653371456328	1.6662678944047509	0.010329178492765816	1	1
insulin-like growth factor receptor signaling pathway	GO:0048009		8	0	1.5675737219628827	-Inf	0	1	1	1
vascular endothelial growth factor receptor signaling pathway	GO:0048010		26	7	5.09461459637937	0.3177261287394092	1.1227763120262653	0.20434534872792767	1	1
hepatocyte growth factor receptor signaling pathway	GO:0048012		6	1	1.1756802914721622	-0.16184695152247705	0.7716727237196409	0.72984153184383	1	1
ephrin receptor signaling pathway	GO:0048013		29	4	5.68245474211545	-0.3510889511610053	0.6558759273989256	0.84781023733241	1	1
regulation of melanin biosynthetic process	GO:0048021		9	1	1.7635204372082431	-0.5673120596306415	0.5403638836722494	0.8596066645829048	1	1
positive regulation of melanin biosynthetic process	GO:0048023		7	1	1.3716270067175225	-0.3159976313497353	0.6763118873418741	0.7827962839733025	1	1
regulation of mRNA splicing, via spliceosome	GO:0048024		63	18	12.344643060457702	0.37714954921021	1.171306923303042	0.04791335162140403	1	1
negative regulation of mRNA splicing, via spliceosome	GO:0048025		12	5	2.3513605829443245	0.7544437803516779	1.4987873766536668	0.06722560684947299	1	1
positive regulation of mRNA splicing, via spliceosome	GO:0048026		9	1	1.7635204372082431	-0.5673120596306415	0.5403638836722494	0.8253736056068746	1	1
focal adhesion assembly	GO:0048041		15	4	2.9392007286804054	0.30815667772325855	1.1150519589183827	0.3366446614878407	1	1
developmental pigmentation	GO:0048066		17	1	3.331094159171126	-1.203300826350638	0.2958661985436187	0.9755081197271886	1	1
astrocyte activation	GO:0048143		5	1	0.9797335762268019	0.020474605271477528	0.8959251696155924	0.6639809576251503	1	1
regulation of fibroblast proliferation	GO:0048145		37	10	7.2500284640783335	0.32157969805539927	1.1258941240928142	0.17358726178446066	1	1
positive regulation of fibroblast proliferation	GO:0048146		25	8	4.898667881134009	0.4904782345172131	1.266395292561609	0.09914197414740093	1	1
negative regulation of fibroblast proliferation	GO:0048147		12	2	2.3513605829443245	-0.16184695152247705	0.7716727237196409	0.7135533259489933	1	1
regulation of synaptic plasticity	GO:0048167		27	5	5.29056131162473	-0.0564864358646508	0.8420008088560077	0.6325095853196618	1	1
regulation of neuronal synaptic plasticity	GO:0048168		5	0	0.9797335762268019	-Inf	0	1	1	1
Golgi vesicle transport	GO:0048193		171	16	33.50688830695662	-0.7391623165573006	0.4610096253890712	0.9998996894069545	1	1
Golgi vesicle budding	GO:0048194		6	0	1.1756802914721622	-Inf	0	1	1	1
vesicle targeting, to, from or within Golgi	GO:0048199		16	1	3.1351474439257654	-1.1426762045342032	0.3137893727853598	0.9695327120224101	1	1
vesicle targeting, rough ER to cis-Golgi	GO:0048207		11	1	2.155413867698964	-0.7679827550927926	0.4487358074677462	0.90925940843125	1	1
COPII vesicle coating	GO:0048208		11	1	2.155413867698964	-0.7679827550927926	0.4487358074677462	0.90925940843125	1	1
plasma membrane to endosome transport	GO:0048227		7	3	1.3716270067175225	0.7826146573183743	1.5243441625433054	0.14109075519364597	1	1
male gamete generation	GO:0048232		107	6	20.96629853125356	-1.2511568475282733	0.2824048022854339	0.9999687249518154	1	1
eosinophil chemotaxis	GO:0048245		8	4	1.5675737219628827	0.9367653371456328	1.6662678944047509	0.05259704942791124	1	1
macrophage chemotaxis	GO:0048246		8	2	1.5675737219628827	0.24361815658568745	1.063644502877227	0.412113019066995	1	1
lymphocyte chemotaxis	GO:0048247		17	2	3.331094159171126	-0.5101536457906928	0.5691707139650165	0.8234197544946463	1	1
elastic fiber assembly	GO:0048251		5	0	0.9797335762268019	-Inf	0	1	1	1
snoRNA localization	GO:0048254		5	1	0.9797335762268019	0.020474605271477528	0.8959251696155924	0.6639809576251503	1	1
mRNA stabilization	GO:0048255		42	8	8.229762040305134	-0.028315558897954368	0.8614938546476196	0.5678153522551194	1	1
regulation of receptor-mediated endocytosis	GO:0048259		72	9	14.108163497665945	-0.44952902397425787	0.6010751724526117	0.9539845689865843	1	1
positive regulation of receptor-mediated endocytosis	GO:0048260		37	6	7.2500284640783335	-0.18924592571059148	0.7540623264792583	0.7593787734475029	1	1
negative regulation of receptor-mediated endocytosis	GO:0048261		22	4	4.310827735397928	-0.0748355745328473	0.8294586149673298	0.6507471228202052	1	1
clathrin coat assembly	GO:0048268		11	1	2.155413867698964	-0.7679827550927926	0.4487358074677462	0.8871303793693512	1	1
vesicle docking	GO:0048278		10	1	1.9594671524536038	-0.6726725752884678	0.4904435399678537	0.8871303793693512	1	1
organelle fusion	GO:0048284		67	7	13.128429921439144	-0.628869952630075	0.5107026747630853	0.9782847492146428	1	1
organelle fission	GO:0048285		172	19	33.70283502220198	-0.5731429799414346	0.5374940461056248	0.9982615903552022	1	1
organelle inheritance	GO:0048308		9	3	1.7635204372082431	0.5313002290374682	1.301399677662636	0.25111567812712277	1	1
mitochondrion distribution	GO:0048311		9	2	1.7635204372082431	0.12583512092930388	0.9730885098117966	0.5515091337986338	1	1
intracellular distribution of mitochondria	GO:0048312		5	2	0.9797335762268019	0.7136217858314229	1.4619856571553664	0.2544280030025466	1	1
Golgi inheritance	GO:0048313		9	3	1.7635204372082431	0.5313002290374682	1.301399677662636	0.25111567812712277	1	1
mesoderm morphogenesis	GO:0048332		7	1	1.3716270067175225	-0.3159976313497353	0.6763118873418741	0.72984153184383	1	1
mesodermal cell differentiation	GO:0048333		5	0	0.9797335762268019	-Inf	0	1	1	1
retinoic acid receptor signaling pathway	GO:0048384		9	0	1.7635204372082431	-Inf	0	1	1	1
regulation of retinoic acid receptor signaling pathway	GO:0048385		11	2	2.155413867698964	-0.0748355745328473	0.8294586149673298	0.6658400887503648	1	1
negative regulation of retinoic acid receptor signaling pathway	GO:0048387		6	1	1.1756802914721622	-0.16184695152247705	0.7716727237196409	0.72984153184383	1	1
cell maturation	GO:0048469		21	5	4.114881020152567	0.19482799241625548	1.0256053873788344	0.3526797416960536	1	1
synaptic vesicle endocytosis	GO:0048488		9	1	1.7635204372082431	-0.5673120596306415	0.5403638836722494	0.8596066645829048	1	1
synaptic vesicle transport	GO:0048489		5	0	0.9797335762268019	-Inf	0	1	1	1
maintenance of animal organ identity	GO:0048496		5	0	0.9797335762268019	-Inf	0	1	1	1
rhythmic process	GO:0048511		29	5	5.68245474211545	-0.1279453998467956	0.7938529428838758	0.6976999113638871	1	1
blood vessel morphogenesis	GO:0048514		105	18	20.57440510076284	-0.1336760745557808	0.7900734555975876	0.7582423827137541	1	1
spermatid differentiation	GO:0048515		38	0	7.4459751793236935	-Inf	0	1	1	1
positive regulation of viral process	GO:0048524		60	6	11.756802914721622	-0.6726725752884678	0.4904435399678537	0.9833682933066337	1	1
negative regulation of viral process	GO:0048525		67	11	13.128429921439144	-0.17688482888701762	0.7619722269546289	0.7528204594310668	1	1
hematopoietic or lymphoid organ development	GO:0048534		7	1	1.3716270067175225	-0.3159976313497353	0.6763118873418741	0.7827962839733025	1	1
response to steroid hormone	GO:0048545		72	13	14.108163497665945	-0.08180424384894054	0.8247275118552545	0.6752335117253309	1	1
digestive tract morphogenesis	GO:0048546		5	1	0.9797335762268019	0.020474605271477528	0.8959251696155924	0.6639809576251503	1	1
regulation of pinocytosis	GO:0048548		7	2	1.3716270067175225	0.37714954921021	1.171306923303042	0.412113019066995	1	1
embryonic organ morphogenesis	GO:0048562		27	3	5.29056131162473	-0.5673120596306415	0.5403638836722494	0.9083516062867003	1	1
digestive tract development	GO:0048565		26	4	5.09461459637937	-0.2418896591960136	0.7210246532773757	0.750716981491383	1	1
embryonic digestive tract development	GO:0048566		8	1	1.5675737219628827	-0.44952902397425787	0.6010751724526117	0.8253736056068746	1	1
embryonic organ development	GO:0048568		44	4	8.621655470795856	-0.7679827550927926	0.4487358074677462	0.9794989770097315	1	1
developmental cell growth	GO:0048588		17	2	3.331094159171126	-0.5101536457906928	0.5691707139650165	0.8739261887459524	1	1
developmental growth	GO:0048589		38	3	7.4459751793236935	-0.9090613533526981	0.3927286218763734	0.9869808489492327	1	1
eye morphogenesis	GO:0048592		15	1	2.9392007286804054	-1.078137683396632	0.3339847283501357	0.9620999807715159	1	1
camera-type eye morphogenesis	GO:0048593		10	1	1.9594671524536038	-0.6726725752884678	0.4904435399678537	0.8871303793693512	1	1
embryonic morphogenesis	GO:0048598		68	8	13.324376636684503	-0.5101536457906928	0.5691707139650165	0.9611141981999531	1	1
reproductive structure development	GO:0048608		39	5	7.6419218945690535	-0.424211215989968	0.6148140886503105	0.8909190609198955	1	1
multicellular organismal reproductive process	GO:0048609		155	7	30.371740863030855	-1.4676024501583553	0.22848420452334106	0.999999940890717	1	1
regulation of muscle organ development	GO:0048634		14	1	2.743254013435045	-1.0091448119096806	0.35690501805843033	0.9413547843308927	1	1
negative regulation of muscle organ development	GO:0048635		6	0	1.1756802914721622	-Inf	0	1	1	1
regulation of developmental growth	GO:0048638		57	3	11.16896276898554	-1.3145264614608625	0.26547226383291483	0.9994807279760112	1	1
positive regulation of developmental growth	GO:0048639		39	3	7.6419218945690535	-0.9350368397559587	0.3831292389552201	0.9890329097229658	1	1
negative regulation of developmental growth	GO:0048640		14	1	2.743254013435045	-1.0091448119096806	0.35690501805843033	0.9413547843308927	1	1
regulation of skeletal muscle tissue development	GO:0048641		5	0	0.9797335762268019	-Inf	0	1	1	1
muscle organ morphogenesis	GO:0048644		19	1	3.7229875896618467	-1.3145264614608625	0.26547226383291483	0.9841736533539538	1	1
regulation of smooth muscle cell proliferation	GO:0048660		74	16	14.500056928156667	0.09843614674118938	0.9526615927775277	0.35232130426182034	1	1
positive regulation of smooth muscle cell proliferation	GO:0048661		40	10	7.837868609814415	0.24361815658568728	1.0636445028772268	0.24658813084407374	1	1
negative regulation of smooth muscle cell proliferation	GO:0048662		32	5	6.270294887851531	-0.2263854726600481	0.7306450459037862	0.7544282001071914	1	1
neuron development	GO:0048666		161	18	31.54742115450302	-0.5611200893827205	0.5434253149675412	0.9985543632574716	1	1
cell morphogenesis involved in neuron differentiation	GO:0048667		69	3	13.520323351929866	-1.505581698223572	0.22010662597536557	0.9999552728479706	1	1
axon extension	GO:0048675		11	0	2.155413867698964	-Inf	0	1	1	1
response to axon injury	GO:0048678		5	0	0.9797335762268019	-Inf	0	1	1	1
embryonic cranial skeleton morphogenesis	GO:0048701		6	0	1.1756802914721622	-Inf	0	1	1	1
embryonic skeletal system morphogenesis	GO:0048704		10	0	1.9594671524536038	-Inf	0	1	1	1
skeletal system morphogenesis	GO:0048705		36	1	7.054081748832973	-1.9536064207505321	0.1412913207135753	0.9996141199428725	1	1
embryonic skeletal system development	GO:0048706		14	1	2.743254013435045	-1.0091448119096806	0.35690501805843033	0.952854632353058	1	1
astrocyte differentiation	GO:0048708		6	2	1.1756802914721622	0.5313002290374682	1.301399677662636	0.33467808653175235	1	1
oligodendrocyte differentiation	GO:0048709		9	1	1.7635204372082431	-0.5673120596306415	0.5403638836722494	0.8596066645829048	1	1
regulation of astrocyte differentiation	GO:0048710		5	1	0.9797335762268019	0.020474605271477528	0.8959251696155924	0.6639809576251503	1	1
tissue morphogenesis	GO:0048729		113	13	22.14197882272572	-0.5325259435452258	0.5577491125689713	0.9892410751462914	1	1
epidermis morphogenesis	GO:0048730		6	0	1.1756802914721622	-Inf	0	1	1	1
gland development	GO:0048732		43	3	8.425708755550495	-1.0326753093198748	0.3489294428183648	0.9934854274082364	1	1
appendage development	GO:0048736		35	2	6.858135033587613	-1.2322883632238903	0.2876415642117705	0.9954145301726613	1	1
cardiac muscle tissue development	GO:0048738		32	1	6.270294887851531	-1.8358233850941486	0.15881369579917062	0.9990750417949553	1	1
pigment granule organization	GO:0048753		15	2	2.9392007286804054	-0.38499050283668673	0.6365829165604019	0.8234197544946463	1	1
branching morphogenesis of an epithelial tube	GO:0048754		13	1	2.547307298189685	-0.9350368397559589	0.38312923895522005	0.9413547843308927	1	1
pigment granule maturation	GO:0048757		9	0	1.7635204372082431	-Inf	0	1	1	1
mesenchymal cell differentiation	GO:0048762		46	4	9.013548901286578	-0.8124345176636266	0.4303676116636751	0.9849951459999116	1	1
tissue remodeling	GO:0048771		11	1	2.155413867698964	-0.7679827550927926	0.4487358074677462	0.90925940843125	1	1
animal organ maturation	GO:0048799		5	0	0.9797335762268019	-Inf	0	1	1	1
genitalia development	GO:0048806		14	2	2.743254013435045	-0.3159976313497353	0.6763118873418741	0.791856760042744	1	1
neuron projection morphogenesis	GO:0048812		78	4	15.283843789138107	-1.340501947864123	0.2588151093864642	0.9999482263049061	1	1
dendrite morphogenesis	GO:0048813		7	0	1.3716270067175225	-Inf	0	1	1	1
regulation of dendrite morphogenesis	GO:0048814		9	2	1.7635204372082431	0.12583512092930388	0.9730885098117966	0.48475503253829777	1	1
erythrocyte development	GO:0048821		7	3	1.3716270067175225	0.7826146573183743	1.5243441625433054	0.14109075519364597	1	1
inner ear development	GO:0048839		10	2	1.9594671524536038	0.020474605271477528	0.8959251696155924	0.6118932315048861	1	1
artery morphogenesis	GO:0048844		6	2	1.1756802914721622	0.5313002290374682	1.301399677662636	0.33467808653175235	1	1
cell projection morphogenesis	GO:0048858		81	4	15.87168393487419	-1.3782422758469701	0.24942679547994104	0.999970089094814	1	1
stem cell differentiation	GO:0048863		33	4	6.466241603096892	-0.48030068264101167	0.5847064523720692	0.8977235130178045	1	1
stem cell development	GO:0048864		14	2	2.743254013435045	-0.3159976313497353	0.6763118873418741	0.791856760042744	1	1
multicellular organismal-level homeostasis	GO:0048871		141	18	27.628486849595813	-0.4284756147764257	0.6124827859828518	0.980408736776939	1	1
homeostasis of number of cells	GO:0048872		41	11	8.033815325059775	0.31423572379964065	1.1199559137482282	0.14464041313583964	1	1
sensory system development	GO:0048880		55	2	10.777069338494819	-1.6842734869669476	0.18453017292275412	0.9998400061828344	1	1
chromosome localization	GO:0050000		75	10	14.696003643402026	-0.38499050283668673	0.6365829165604019	0.9198823552131956	1	1
3'-phosphoadenosine 5'-phosphosulfate metabolic process	GO:0050427		16	0	3.1351474439257654	-Inf	0	1	1	1
regulation of catecholamine secretion	GO:0050433		10	0	1.9594671524536038	-Inf	0	1	1	1
amyloid-beta metabolic process	GO:0050435		17	1	3.331094159171126	-1.203300826350638	0.2958661985436187	0.9755081197271886	1	1
arachidonate secretion	GO:0050482		8	1	1.5675737219628827	-0.44952902397425787	0.6010751724526117	0.8253736056068746	1	1
chondroitin sulfate proteoglycan biosynthetic process	GO:0050650		15	3	2.9392007286804054	0.020474605271477528	0.8959251696155924	0.586697296105379	1	1
dermatan sulfate proteoglycan biosynthetic process	GO:0050651		7	3	1.3716270067175225	0.7826146573183743	1.5243441625433054	0.14109075519364597	1	1
chondroitin sulfate proteoglycan metabolic process	GO:0050654		15	3	2.9392007286804054	0.020474605271477528	0.8959251696155924	0.586697296105379	1	1
dermatan sulfate proteoglycan metabolic process	GO:0050655		8	3	1.5675737219628827	0.6490832646938518	1.4044007738015039	0.1941869786530865	1	1
nucleic acid transport	GO:0050657		64	12	12.540589775703062	-0.04406391586609347	0.8505613782850316	0.6175041500098675	1	1
RNA transport	GO:0050658		64	12	12.540589775703062	-0.04406391586609347	0.8505613782850316	0.6175041500098675	1	1
homocysteine metabolic process	GO:0050667		9	0	1.7635204372082431	-Inf	0	1	1	1
regulation of lymphocyte proliferation	GO:0050670		114	26	22.33792553797108	0.1518106073325646	0.9926816592687747	0.2097762272702433	1	1
positive regulation of lymphocyte proliferation	GO:0050671		75	21	14.696003643402026	0.3569468418926906	1.1547001516777664	0.04355336832024085	1	1
negative regulation of lymphocyte proliferation	GO:0050672		37	4	7.2500284640783335	-0.5947110338187559	0.5269887183617267	0.9494584541116876	1	1
epithelial cell proliferation	GO:0050673		30	2	5.878401457360811	-1.078137683396632	0.3339847283501357	0.9856023328255767	1	1
regulation of epithelial cell proliferation	GO:0050678		192	32	37.62176932710919	-0.16184695152247705	0.7716727237196409	0.8379415749094687	1	1
positive regulation of epithelial cell proliferation	GO:0050679		112	21	21.94603210748036	-0.04406391586609359	0.8505613782850316	0.5913312544528371	1	1
negative regulation of epithelial cell proliferation	GO:0050680		65	10	12.736536490948424	-0.2418896591960136	0.7210246532773757	0.8308871469862359	1	1
regulation of mRNA processing	GO:0050684		77	18	15.087897073892746	0.1764788537480589	1.0114900273767757	0.22126380687253708	1	1
positive regulation of mRNA processing	GO:0050685		12	1	2.3513605829443245	-0.8549941320824224	0.4134089075367419	0.90925940843125	1	1
negative regulation of mRNA processing	GO:0050686		12	5	2.3513605829443245	0.7544437803516779	1.4987873766536668	0.06722560684947299	1	1
negative regulation of defense response to virus	GO:0050687		14	0	2.743254013435045	-Inf	0	1	1	1
regulation of defense response to virus	GO:0050688		48	4	9.405442331777298	-0.8549941320824224	0.4134089075367419	0.989072015934791	1	1
regulation of defense response to virus by host	GO:0050691		35	4	6.858135033587613	-0.5391411826639451	0.5544080151108676	0.922398508655494	1	1
regulation of protein secretion	GO:0050708		123	17	24.101445975179324	-0.34905849361062347	0.657045477184877	0.9631406457415804	1	1
negative regulation of protein secretion	GO:0050709		28	3	5.48650802687009	-0.6036797038015163	0.5226710513800359	0.9326947962290502	1	1
positive regulation of protein secretion	GO:0050714		62	8	12.148696345212342	-0.4177803256596777	0.6183429753554547	0.9383549252064021	1	1
regulation of inflammatory response	GO:0050727		190	49	37.229875896618466	0.27470874365571857	1.0882579581147416	0.016328112843145767	1	1
negative regulation of inflammatory response	GO:0050728		82	18	16.06763065011955	0.11356502833748956	0.9639099907332217	0.29613619618521264	1	1
positive regulation of inflammatory response	GO:0050729		77	24	15.087897073892746	0.4641609261998399	1.2440328005647474	0.00875720211782936	1	1
regulation of peptidyl-tyrosine phosphorylation	GO:0050730		72	18	14.108163497665945	0.24361815658568745	1.063644502877227	0.141829112801246	1	1
positive regulation of peptidyl-tyrosine phosphorylation	GO:0050731		52	15	10.18922919275874	0.3867190002263605	1.1792107992845255	0.06062870295506329	1	1
negative regulation of peptidyl-tyrosine phosphorylation	GO:0050732		17	3	3.331094159171126	-0.10468853768252841	0.8093165486581243	0.6757301864742484	1	1
regulation of lipoprotein metabolic process	GO:0050746		10	1	1.9594671524536038	-0.6726725752884678	0.4904435399678537	0.8871303793693512	1	1
regulation of phagocytosis	GO:0050764		51	7	9.993282477513377	-0.35600296596343434	0.6530520070434743	0.8959746502833424	1	1
negative regulation of phagocytosis	GO:0050765		9	1	1.7635204372082431	-0.5673120596306415	0.5403638836722494	0.8596066645829048	1	1
positive regulation of phagocytosis	GO:0050766		36	4	7.054081748832973	-0.5673120596306415	0.5403638836722494	0.9415857884212321	1	1
regulation of neurogenesis	GO:0050767		58	9	11.3649094842309	-0.23330591550462196	0.7263395576685657	0.7765229919428052	1	1
negative regulation of neurogenesis	GO:0050768		19	5	3.7229875896618467	0.29491145097323795	1.1044033007862541	0.3101636470445178	1	1
positive regulation of neurogenesis	GO:0050769		36	6	7.054081748832973	-0.16184695152247705	0.7716727237196409	0.6499583354560264	1	1
regulation of axonogenesis	GO:0050770		24	3	4.702721165888649	-0.44952902397425804	0.6010751724526116	0.8567486189236605	1	1
negative regulation of axonogenesis	GO:0050771		8	1	1.5675737219628827	-0.44952902397425787	0.6010751724526117	0.8253736056068746	1	1
positive regulation of axonogenesis	GO:0050772		14	3	2.743254013435045	0.08946747675842903	0.9460294016458648	0.48337514553833716	1	1
regulation of dendrite development	GO:0050773		17	3	3.331094159171126	-0.10468853768252841	0.8093165486581243	0.6330949519004381	1	1
negative regulation of immune response	GO:0050777		124	26	24.297392690424683	0.0677274901220233	0.9300655002533696	0.38442195560617265	1	1
RNA destabilization	GO:0050779		48	6	9.405442331777298	-0.44952902397425804	0.6010751724526116	0.9204259250143533	1	1
regulation of viral process	GO:0050792		126	19	24.689286120915405	-0.26193041007945955	0.7087254052896474	0.9021887503401725	1	1
regulation of behavior	GO:0050795		14	1	2.743254013435045	-1.0091448119096806	0.35690501805843033	0.952854632353058	1	1
regulation of insulin secretion	GO:0050796		58	9	11.3649094842309	-0.23330591550462196	0.7263395576685657	0.8281530927625919	1	1
regulation of synapse structure or activity	GO:0050803		49	4	9.601389047022657	-0.875613419285158	0.4054094646414893	0.9871871955242539	1	1
modulation of chemical synaptic transmission	GO:0050804		59	9	11.56085619947626	-0.2504003488639221	0.7157827727443663	0.8281530927625919	1	1
positive regulation of synaptic transmission	GO:0050806		15	2	2.9392007286804054	-0.38499050283668673	0.6365829165604019	0.8234197544946463	1	1
regulation of synapse organization	GO:0050807		49	4	9.601389047022657	-0.875613419285158	0.4054094646414893	0.9871871955242539	1	1
synapse organization	GO:0050808		81	8	15.87168393487419	-0.6850950952870248	0.4848244376975005	0.9872426428581416	1	1
regulation of steroid biosynthetic process	GO:0050810		47	7	9.209495616531937	-0.2743249349491673	0.7011957054781998	0.8057953066454903	1	1
coagulation	GO:0050817		93	10	18.223044517818515	-0.6001018824536324	0.5243899077847357	0.9925319540606306	1	1
regulation of coagulation	GO:0050818		50	8	9.797335762268018	-0.2026689460427322	0.7455383845037314	0.7903297730033458	1	1
negative regulation of coagulation	GO:0050819		35	6	6.858135033587613	-0.13367607455578068	0.7900734555975877	0.7081570564149302	1	1
positive regulation of coagulation	GO:0050820		16	2	3.1351474439257654	-0.44952902397425787	0.6010751724526117	0.8506090120081047	1	1
protein stabilization	GO:0050821		164	29	32.1352613002391	-0.10265808013214645	0.8106761188922068	0.7240879338032217	1	1
defense response to Gram-negative bacterium	GO:0050829		73	5	14.304110212911306	-1.0511090110087127	0.3427966752011991	0.9923817154783592	1	1
defense response to Gram-positive bacterium	GO:0050830		75	8	14.696003643402026	-0.6081340541508966	0.5205376994613636	0.9310862490341261	1	1
defense response to fungus	GO:0050832		34	3	6.662188318342252	-0.7978357182424737	0.43632550193392183	0.9424891684094316	1	1
progesterone receptor signaling pathway	GO:0050847		10	1	1.9594671524536038	-0.6726725752884678	0.4904435399678537	0.8871303793693512	1	1
regulation of calcium-mediated signaling	GO:0050848		52	9	10.18922919275874	-0.1241066235396301	0.7963915277065673	0.6675231653726018	1	1
negative regulation of calcium-mediated signaling	GO:0050849		12	0	2.3513605829443245	-Inf	0	1	1	1
positive regulation of calcium-mediated signaling	GO:0050850		32	6	6.270294887851531	-0.04406391586609347	0.8505613782850316	0.5505597788783474	1	1
antigen receptor-mediated signaling pathway	GO:0050851		75	11	14.696003643402026	-0.28968032303236185	0.6919489969091319	0.8716986991502534	1	1
T cell receptor signaling pathway	GO:0050852		51	7	9.993282477513377	-0.35600296596343434	0.6530520070434743	0.8708823272347813	1	1
B cell receptor signaling pathway	GO:0050853		22	4	4.310827735397928	-0.0748355745328473	0.8294586149673298	0.6507471228202052	1	1
regulation of antigen receptor-mediated signaling pathway	GO:0050854		40	8	7.837868609814415	0.020474605271477528	0.8959251696155924	0.5374388444636474	1	1
regulation of B cell receptor signaling pathway	GO:0050855		13	0	2.547307298189685	-Inf	0	1	1	1
regulation of T cell receptor signaling pathway	GO:0050856		29	8	5.68245474211545	0.34205822939894	1.1425318367552018	0.1934244860212818	1	1
positive regulation of antigen receptor-mediated signaling pathway	GO:0050857		15	4	2.9392007286804054	0.30815667772325855	1.1150519589183827	0.3366446614878407	1	1
negative regulation of antigen receptor-mediated signaling pathway	GO:0050858		23	4	4.506774450643289	-0.1192873371036813	0.7995862820151282	0.686782125559293	1	1
negative regulation of B cell receptor signaling pathway	GO:0050859		7	0	1.3716270067175225	-Inf	0	1	1	1
negative regulation of T cell receptor signaling pathway	GO:0050860		16	4	3.1351474439257654	0.24361815658568745	1.063644502877227	0.38564078766012255	1	1
positive regulation of T cell receptor signaling pathway	GO:0050862		12	4	2.3513605829443245	0.5313002290374682	1.301399677662636	0.19470778732926153	1	1
regulation of T cell activation	GO:0050863		170	33	33.31094159171126	-0.009378357878203581	0.8747576588733769	0.4942988904812698	1	1
regulation of B cell activation	GO:0050864		47	8	9.209495616531937	-0.14079354232464478	0.7853964081668059	0.7274752086039968	1	1
negative regulation of cell activation	GO:0050866		92	11	18.027097802573156	-0.4939807865450919	0.577545228438473	0.9813498702180548	1	1
positive regulation of cell activation	GO:0050867		177	37	34.68256859842878	0.06468069777597339	0.9278410212111915	0.33058247060876333	1	1
negative regulation of T cell activation	GO:0050868		55	6	10.777069338494819	-0.5856611982988379	0.531375654824286	0.9713101126671182	1	1
negative regulation of B cell activation	GO:0050869		11	1	2.155413867698964	-0.7679827550927926	0.4487358074677462	0.90925940843125	1	1
positive regulation of T cell activation	GO:0050870		119	28	23.317659114197884	0.1829935347692524	1.0164894330322405	0.14303487658256644	1	1
positive regulation of B cell activation	GO:0050871		34	6	6.662188318342252	-0.10468853768252841	0.8093165486581243	0.679916925076772	1	1
regulation of body fluid levels	GO:0050878		168	20	32.91904816122054	-0.4983191881436898	0.5752890173063128	0.9964980074484482	1	1
multicellular organismal movement	GO:0050879		15	0	2.9392007286804054	-Inf	0	1	1	1
musculoskeletal movement	GO:0050881		15	0	2.9392007286804054	-Inf	0	1	1	1
neuromuscular process controlling balance	GO:0050885		11	1	2.155413867698964	-0.7679827550927926	0.4487358074677462	0.90925940843125	1	1
endocrine process	GO:0050886		20	3	3.9189343049072076	-0.2672074671803034	0.705512384119831	0.7813010638640464	1	1
cognition	GO:0050890		85	9	16.65547079585563	-0.6155141614485192	0.5170191964587877	0.990245548200155	1	1
multicellular organismal-level water homeostasis	GO:0050891		18	0	3.5270408744164863	-Inf	0	1	1	1
intestinal absorption	GO:0050892		15	4	2.9392007286804054	0.30815667772325855	1.1150519589183827	0.3366446614878407	1	1
leukocyte migration	GO:0050900		121	29	23.709552544688602	0.20141780209531088	1.0307003998428268	0.10736796541922247	1	1
leukocyte tethering or rolling	GO:0050901		16	3	3.1351474439257654	-0.04406391586609347	0.8505613782850316	0.6330949519004381	1	1
neuromuscular process	GO:0050905		36	2	7.054081748832973	-1.2604592401905867	0.2798564179962136	0.9962203255189399	1	1
detection of stimulus involved in sensory perception	GO:0050906		52	0	10.18922919275874	-Inf	0	1	1	1
detection of chemical stimulus involved in sensory perception	GO:0050907		36	0	7.054081748832973	-Inf	0	1	1	1
detection of light stimulus involved in visual perception	GO:0050908		10	0	1.9594671524536038	-Inf	0	1	1	1
sensory perception of taste	GO:0050909		42	0	8.229762040305134	-Inf	0	1	1	1
detection of chemical stimulus involved in sensory perception of taste	GO:0050912		35	0	6.858135033587613	-Inf	0	1	1	1
sensory perception of bitter taste	GO:0050913		33	0	6.466241603096892	-Inf	0	1	1	1
sensory perception of sour taste	GO:0050915		5	0	0.9797335762268019	-Inf	0	1	1	1
positive chemotaxis	GO:0050918		13	3	2.547307298189685	0.16357544891215084	1.0016275609675553	0.42727390275722177	1	1
negative chemotaxis	GO:0050919		10	3	1.9594671524536038	0.4259397133796419	1.2118523860835395	0.30997274297362254	1	1
regulation of chemotaxis	GO:0050920		130	32	25.47307298189685	0.22811397004972198	1.051478016610323	0.08564730432299904	1	1
positive regulation of chemotaxis	GO:0050921		96	24	18.810884663554596	0.24361815658568728	1.0636445028772268	0.10503718033641643	1	1
negative regulation of chemotaxis	GO:0050922		23	4	4.506774450643289	-0.1192873371036813	0.7995862820151282	0.686782125559293	1	1
regulation of positive chemotaxis	GO:0050926		15	3	2.9392007286804054	0.020474605271477528	0.8959251696155924	0.586697296105379	1	1
positive regulation of positive chemotaxis	GO:0050927		14	3	2.743254013435045	0.08946747675842903	0.9460294016458648	0.5366867691818712	1	1
induction of positive chemotaxis	GO:0050930		8	2	1.5675737219628827	0.24361815658568745	1.063644502877227	0.48475503253829777	1	1
pigment cell differentiation	GO:0050931		14	1	2.743254013435045	-1.0091448119096806	0.35690501805843033	0.952854632353058	1	1
sensory perception of light stimulus	GO:0050953		120	5	23.513605829443243	-1.5481413126423678	0.2110720879885675	0.9999998653645986	1	1
sensory perception of mechanical stimulus	GO:0050954		77	4	15.087897073892746	-1.3275985430282151	0.26210187785727246	0.999910754592687	1	1
equilibrioception	GO:0050957		6	0	1.1756802914721622	-Inf	0	1	1	1
detection of light stimulus involved in sensory perception	GO:0050962		10	0	1.9594671524536038	-Inf	0	1	1	1
detection of mechanical stimulus	GO:0050982		11	1	2.155413867698964	-0.7679827550927926	0.4487358074677462	0.90925940843125	1	1
regulation of lipid catabolic process	GO:0050994		31	3	6.074348172606171	-0.7054623981114585	0.4757313781028441	0.9582301461145316	1	1
negative regulation of lipid catabolic process	GO:0050995		13	2	2.547307298189685	-0.2418896591960136	0.7210246532773757	0.7554039042054765	1	1
positive regulation of lipid catabolic process	GO:0050996		15	1	2.9392007286804054	-1.078137683396632	0.3339847283501357	0.9620999807715159	1	1
regulation of nitric-oxide synthase activity	GO:0050999		5	2	0.9797335762268019	0.7136217858314229	1.4619856571553664	0.2544280030025466	1	1
actin filament severing	GO:0051014		5	0	0.9797335762268019	-Inf	0	1	1	1
barbed-end actin filament capping	GO:0051016		5	0	0.9797335762268019	-Inf	0	1	1	1
actin filament bundle assembly	GO:0051017		32	6	6.270294887851531	-0.04406391586609347	0.8505613782850316	0.618343204252579	1	1
mRNA transport	GO:0051028		47	9	9.209495616531937	-0.023010506668261255	0.8651966558074226	0.5890602366604707	1	1
regulation of membrane protein ectodomain proteolysis	GO:0051043		23	4	4.506774450643289	-0.1192873371036813	0.7995862820151282	0.686782125559293	1	1
positive regulation of membrane protein ectodomain proteolysis	GO:0051044		15	3	2.9392007286804054	0.020474605271477528	0.8959251696155924	0.586697296105379	1	1
negative regulation of membrane protein ectodomain proteolysis	GO:0051045		5	1	0.9797335762268019	0.020474605271477528	0.8959251696155924	0.6639809576251503	1	1
positive regulation of secretion	GO:0051047		134	20	26.25685984287829	-0.27219500869134244	0.7024854495655679	0.9230799769390373	1	1
negative regulation of secretion	GO:0051048		69	7	13.520323351929866	-0.6582838378363681	0.49702160542736745	0.9853735189485766	1	1
negative regulation of DNA metabolic process	GO:0051053		101	9	19.790618239781395	-0.787983421799462	0.4403873910450898	0.9982657499958216	1	1
positive regulation of DNA metabolic process	GO:0051054		182	20	35.66230217465558	-0.5783618958172262	0.534936167987187	0.9991423458573105	1	1
negative regulation of lipid biosynthetic process	GO:0051055		35	7	6.858135033587613	0.020474605271477528	0.8959251696155924	0.5101515838925468	1	1
regulation of small GTPase mediated signal transduction	GO:0051056		189	24	37.03392918137311	-0.43378066700611884	0.6095922957042312	0.9927770924947583	1	1
positive regulation of small GTPase mediated signal transduction	GO:0051057		33	6	6.466241603096892	-0.0748355745328473	0.8294586149673298	0.618343204252579	1	1
negative regulation of small GTPase mediated signal transduction	GO:0051058		30	5	5.878401457360811	-0.16184695152247705	0.7716727237196409	0.727127937860995	1	1
nuclear membrane disassembly	GO:0051081		11	0	2.155413867698964	-Inf	0	1	1	1
'de novo' post-translational protein folding	GO:0051084		9	1	1.7635204372082431	-0.5673120596306415	0.5403638836722494	0.8596066645829048	1	1
regulation of binding	GO:0051098		132	15	25.864966412387567	-0.5448392037785827	0.5515433572899588	0.9955179144356775	1	1
positive regulation of binding	GO:0051099		64	8	12.540589775703062	-0.44952902397425787	0.6010751724526117	0.9449412192193272	1	1
negative regulation of binding	GO:0051100		65	5	12.736536490948424	-0.9350368397559589	0.38312923895522005	0.9978262903969316	1	1
regulation of DNA binding	GO:0051101		47	9	9.209495616531937	-0.023010506668261255	0.8651966558074226	0.5610599533967064	1	1
RNA polymerase II preinitiation complex assembly	GO:0051123		17	4	3.331094159171126	0.1829935347692526	1.0164894330322407	0.4341305238893221	1	1
regulation of actin nucleation	GO:0051125		15	0	2.9392007286804054	-Inf	0	1	1	1
negative regulation of actin nucleation	GO:0051126		5	0	0.9797335762268019	-Inf	0	1	1	1
positive regulation of actin nucleation	GO:0051127		9	0	1.7635204372082431	-Inf	0	1	1	1
chaperone-mediated protein complex assembly	GO:0051131		19	4	3.7229875896618467	0.07176789965902816	0.9330203001238664	0.4814757423991832	1	1
NK T cell activation	GO:0051132		5	1	0.9797335762268019	0.020474605271477528	0.8959251696155924	0.6639809576251503	1	1
regulation of NK T cell activation	GO:0051133		11	2	2.155413867698964	-0.0748355745328473	0.8294586149673298	0.6658400887503648	1	1
positive regulation of NK T cell activation	GO:0051135		9	2	1.7635204372082431	0.12583512092930388	0.9730885098117966	0.5515091337986338	1	1
regulation of NK T cell proliferation	GO:0051140		6	2	1.1756802914721622	0.5313002290374682	1.301399677662636	0.33467808653175235	1	1
positive regulation of NK T cell proliferation	GO:0051142		6	2	1.1756802914721622	0.5313002290374682	1.301399677662636	0.33467808653175235	1	1
smooth muscle cell differentiation	GO:0051145		5	0	0.9797335762268019	-Inf	0	1	1	1
striated muscle cell differentiation	GO:0051146		40	0	7.837868609814415	-Inf	0	1	1	1
regulation of muscle cell differentiation	GO:0051147		55	10	10.777069338494819	-0.07483557453284717	0.8294586149673299	0.6330918654393711	1	1
negative regulation of muscle cell differentiation	GO:0051148		23	6	4.506774450643289	0.2861777710044831	1.0974091735214537	0.25108909460842843	1	1
positive regulation of muscle cell differentiation	GO:0051149		28	4	5.48650802687009	-0.3159976313497353	0.6763118873418741	0.8271053647850274	1	1
regulation of smooth muscle cell differentiation	GO:0051150		20	5	3.9189343049072076	0.24361815658568728	1.0636445028772268	0.3526797416960536	1	1
negative regulation of smooth muscle cell differentiation	GO:0051151		10	4	1.9594671524536038	0.7136217858314229	1.4619856571553664	0.11378252681862328	1	1
positive regulation of smooth muscle cell differentiation	GO:0051152		9	1	1.7635204372082431	-0.5673120596306415	0.5403638836722494	0.8596066645829048	1	1
regulation of striated muscle cell differentiation	GO:0051153		26	2	5.09461459637937	-0.9350368397559589	0.38312923895522005	0.9696790235040114	1	1
negative regulation of striated muscle cell differentiation	GO:0051154		12	1	2.3513605829443245	-0.8549941320824224	0.4134089075367419	0.90925940843125	1	1
positive regulation of striated muscle cell differentiation	GO:0051155		14	1	2.743254013435045	-1.0091448119096806	0.35690501805843033	0.952854632353058	1	1
glucose 6-phosphate metabolic process	GO:0051156		15	1	2.9392007286804054	-1.078137683396632	0.3339847283501357	0.9620999807715159	1	1
nuclear export	GO:0051168		75	10	14.696003643402026	-0.38499050283668673	0.6365829165604019	0.9345427498173744	1	1
nuclear transport	GO:0051169		123	20	24.101445975179324	-0.18653956411284847	0.7557891967408986	0.8331174708141219	1	1
import into nucleus	GO:0051170		47	9	9.209495616531937	-0.023010506668261255	0.8651966558074226	0.5610599533967064	1	1
vitamin transport	GO:0051180		39	1	7.6419218945690535	-2.0336491284240683	0.13048652575697514	0.9997997205204843	1	1
prosthetic group metabolic process	GO:0051189		6	0	1.1756802914721622	-Inf	0	1	1	1
protein insertion into mitochondrial membrane	GO:0051204		5	0	0.9797335762268019	-Inf	0	1	1	1
protein insertion into membrane	GO:0051205		40	1	7.837868609814415	-2.0589669364083583	0.12724207482147434	0.9997997205204843	1	1
release of sequestered calcium ion into cytosol	GO:0051209		28	4	5.48650802687009	-0.3159976313497353	0.6763118873418741	0.8271053647850274	1	1
cartilage development	GO:0051216		27	1	5.29056131162473	-1.6659243482987511	0.18790808497335687	0.9965688057552808	1	1
positive regulation of protein transport	GO:0051222		129	23	25.277126266651486	-0.09440567072694442	0.8162174897303899	0.7271251201548636	1	1
negative regulation of protein transport	GO:0051224		60	7	11.756802914721622	-0.5185218954612094	0.564876397647469	0.9638772458860472	1	1
spindle assembly	GO:0051225		63	1	12.344643060457702	-2.5132222086859546	0.08091846225104961	0.9999989501049604	1	1
spindle elongation	GO:0051231		8	0	1.5675737219628827	-Inf	0	1	1	1
maintenance of location	GO:0051235		51	3	9.993282477513377	-1.203300826350638	0.2958661985436187	0.9986978965301871	1	1
establishment of RNA localization	GO:0051236		66	12	12.932483206193783	-0.0748355745328473	0.8294586149673298	0.6623574902510876	1	1
negative regulation of lymphocyte activation	GO:0051250		68	7	13.324376636684503	-0.6436850384152154	0.5037724242243106	0.9872093935962898	1	1
positive regulation of lymphocyte activation	GO:0051251		152	32	29.783900717294774	0.07176789965902816	0.9330203001238664	0.3256468430185056	1	1
spindle midzone assembly	GO:0051255		8	0	1.5675737219628827	-Inf	0	1	1	1
mitotic spindle midzone assembly	GO:0051256		7	0	1.3716270067175225	-Inf	0	1	1	1
protein polymerization	GO:0051258		52	4	10.18922919275874	-0.9350368397559589	0.38312923895522005	0.9906902425633299	1	1
protein complex oligomerization	GO:0051259		160	24	31.35147443925766	-0.2672074671803034	0.705512384119831	0.9416058928076465	1	1
protein homooligomerization	GO:0051260		118	16	23.12171239895252	-0.36818338452030547	0.6460923942514138	0.9635041394989611	1	1
protein depolymerization	GO:0051261		22	1	4.310827735397928	-1.4611299356527379	0.22994233866048128	0.9897737816257031	1	1
protein tetramerization	GO:0051262		71	4	13.912216782420586	-1.246472998215847	0.28369625941687315	0.9998168318193075	1	1
regulation of release of sequestered calcium ion into cytosol	GO:0051279		50	4	9.797335762268018	-0.8958161266026775	0.39770677283583683	0.9906902425633299	1	1
positive regulation of release of sequestered calcium ion into cytosol	GO:0051281		25	2	4.898667881134009	-0.8958161266026775	0.39770677283583683	0.9635759430109465	1	1
protein homotetramerization	GO:0051289		50	3	9.797335762268018	-1.1834981990544584	0.3016119224035554	0.9984380764873937	1	1
protein heterotetramerization	GO:0051290		12	0	2.3513605829443245	-Inf	0	1	1	1
protein heterooligomerization	GO:0051291		16	2	3.1351474439257654	-0.44952902397425787	0.6010751724526117	0.8506090120081047	1	1
nuclear pore complex assembly	GO:0051292		11	3	2.155413867698964	0.3306295335753171	1.13323234459792	0.3691323739002324	1	1
establishment of spindle localization	GO:0051293		31	1	6.074348172606171	-1.8040746867795683	0.16389202513691908	0.9988491348807593	1	1
establishment of spindle orientation	GO:0051294		26	0	5.09461459637937	-Inf	0	1	1	1
centrosome duplication	GO:0051298		27	1	5.29056131162473	-1.6659243482987511	0.18790808497335687	0.9972421336110575	1	1
cell division	GO:0051301		88	10	17.243310941591712	-0.544839203778583	0.5515433572899587	0.98256731131688535	1	1
regulation of cell division	GO:0051302		103	9	20.182511670272117	-0.8075918931878384	0.43233589495977187	0.9986874609543279	1	1
chromosome separation	GO:0051304		6	1	1.1756802914721622	-0.16184695152247705	0.7716727237196409	0.72984153184383	1	1
metaphase chromosome alignment	GO:0051310		71	9	13.912216782420586	-0.4355427819995182	0.6086345815790593	0.9361619132745723	1	1
attachment of mitotic spindle microtubules to kinetochore	GO:0051315		13	1	2.547307298189685	-0.9350368397559589	0.38312923895522005	0.9413547843308927	1	1
meiotic cell cycle	GO:0051321		42	3	8.229762040305134	-1.0091448119096806	0.35690501805843033	0.9869808489492327	1	1
regulation of hydrolase activity	GO:0051336		178	31	34.87851531367414	-0.11788382810136097	0.8005183045444644	0.7849687782517764	1	1
regulation of oxidoreductase activity	GO:0051341		23	4	4.506774450643289	-0.1192873371036813	0.7995862820151282	0.686782125559293	1	1
positive regulation of hydrolase activity	GO:0051345		107	20	20.96629853125356	-0.04718404320233731	0.8484059963586568	0.6137305688746789	1	1
negative regulation of hydrolase activity	GO:0051346		40	8	7.837868609814415	0.020474605271477528	0.8959251696155924	0.5374388444636474	1	1
positive regulation of lyase activity	GO:0051349		18	1	3.5270408744164863	-1.2604592401905867	0.2798564179962136	0.9803118721859622	1	1
positive regulation of oxidoreductase activity	GO:0051353		10	3	1.9594671524536038	0.4259397133796419	1.2118523860835395	0.30997274297362254	1	1
negative regulation of oxidoreductase activity	GO:0051354		7	0	1.3716270067175225	-Inf	0	1	1	1
kinetochore assembly	GO:0051382		8	0	1.5675737219628827	-Inf	0	1	1	1
kinetochore organization	GO:0051383		9	0	1.7635204372082431	-Inf	0	1	1	1
response to glucocorticoid	GO:0051384		18	4	3.5270408744164863	0.12583512092930388	0.9730885098117966	0.4814757423991832	1	1
neuron apoptotic process	GO:0051402		12	2	2.3513605829443245	-0.16184695152247705	0.7716727237196409	0.7135533259489933	1	1
stress-activated MAPK cascade	GO:0051403		15	2	2.9392007286804054	-0.38499050283668673	0.6365829165604019	0.8234197544946463	1	1
detoxification of nitrogen compound	GO:0051410		5	0	0.9797335762268019	-Inf	0	1	1	1
regulation of ubiquitin-protein transferase activity	GO:0051438		27	3	5.29056131162473	-0.5673120596306415	0.5403638836722494	0.9213816428600476	1	1
positive regulation of ubiquitin-protein transferase activity	GO:0051443		14	2	2.743254013435045	-0.3159976313497353	0.6763118873418741	0.791856760042744	1	1
negative regulation of ubiquitin-protein transferase activity	GO:0051444		11	1	2.155413867698964	-0.7679827550927926	0.4487358074677462	0.90925940843125	1	1
regulation of meiotic cell cycle	GO:0051445		6	1	1.1756802914721622	-0.16184695152247705	0.7716727237196409	0.6639809576251503	1	1
intracellular pH reduction	GO:0051452		20	2	3.9189343049072076	-0.6726725752884678	0.4904435399678537	0.9107998111621118	1	1
regulation of intracellular pH	GO:0051453		42	5	8.229762040305134	-0.4983191881436898	0.5752890173063128	0.9255153589106311	1	1
maintenance of protein location in nucleus	GO:0051457		20	1	3.9189343049072076	-1.365819755848413	0.2524803984506228	0.9872781319061674	1	1
regulation of corticotropin secretion	GO:0051459		5	0	0.9797335762268019	-Inf	0	1	1	1
regulation of cytosolic calcium ion concentration	GO:0051480		17	4	3.331094159171126	0.1829935347692526	1.0164894330322407	0.4341305238893221	1	1
negative regulation of cytosolic calcium ion concentration	GO:0051481		7	1	1.3716270067175225	-0.3159976313497353	0.6763118873418741	0.7827962839733025	1	1
regulation of filopodium assembly	GO:0051489		22	6	4.310827735397928	0.3306295335753171	1.13323234459792	0.25108909460842843	1	1
positive regulation of filopodium assembly	GO:0051491		13	4	2.547307298189685	0.4512575213639317	1.2331288170502879	0.24026976015350388	1	1
regulation of stress fiber assembly	GO:0051492		59	7	11.56085619947626	-0.5017147771448282	0.5735281014520301	0.9591177235395802	1	1
negative regulation of cytoskeleton organization	GO:0051494		72	7	14.108163497665945	-0.700843452255164	0.4777805326572913	0.9915041868983776	1	1
positive regulation of cytoskeleton organization	GO:0051495		119	20	23.317659114197884	-0.15347870185196053	0.7771076745650204	0.8105301621341117	1	1
positive regulation of stress fiber assembly	GO:0051496		34	4	6.662188318342252	-0.5101536457906928	0.5691707139650165	0.922398508655494	1	1
negative regulation of stress fiber assembly	GO:0051497		20	2	3.9189343049072076	-0.6726725752884678	0.4904435399678537	0.9251885608618968	1	1
adenine nucleotide transport	GO:0051503		26	3	5.09461459637937	-0.5295717316477945	0.5592464895478996	0.9083516062867003	1	1
regulation of keratinocyte migration	GO:0051547		7	0	1.3716270067175225	-Inf	0	1	1	1
positive regulation of keratinocyte migration	GO:0051549		6	0	1.1756802914721622	-Inf	0	1	1	1
flavone metabolic process	GO:0051552		6	0	1.1756802914721622	-Inf	0	1	1	1
mitochondrial calcium ion homeostasis	GO:0051560		16	0	3.1351474439257654	-Inf	0	1	1	1
positive regulation of mitochondrial calcium ion concentration	GO:0051561		7	0	1.3716270067175225	-Inf	0	1	1	1
regulation of neurotransmitter uptake	GO:0051580		11	0	2.155413867698964	-Inf	0	1	1	1
regulation of dopamine uptake involved in synaptic transmission	GO:0051584		8	0	1.5675737219628827	-Inf	0	1	1	1
regulation of neurotransmitter transport	GO:0051588		25	2	4.898667881134009	-0.8958161266026775	0.39770677283583683	0.9635759430109465	1	1
negative regulation of neurotransmitter transport	GO:0051589		5	0	0.9797335762268019	-Inf	0	1	1	1
response to cAMP	GO:0051591		28	6	5.48650802687009	0.08946747675842903	0.9460294016458648	0.47777744471939176	1	1
response to calcium ion	GO:0051592		68	5	13.324376636684503	-0.9801572750364284	0.3669606209612592	0.9984255462114193	1	1
detection of stimulus	GO:0051606		121	7	23.709552544688602	-1.21996787883585	0.2911104843771906	0.9999821470830964	1	1
defense response to virus	GO:0051607		157	23	30.763634293521573	-0.29083907171358026	0.6912548947574916	0.9408906145677396	1	1
histamine transport	GO:0051608		5	0	0.9797335762268019	-Inf	0	1	1	1
serotonin uptake	GO:0051610		9	0	1.7635204372082431	-Inf	0	1	1	1
centrosome localization	GO:0051642		15	1	2.9392007286804054	-1.078137683396632	0.3339847283501357	0.9620999807715159	1	1
Golgi localization	GO:0051645		9	1	1.7635204372082431	-0.5673120596306415	0.5403638836722494	0.8596066645829048	1	1
mitochondrion localization	GO:0051646		28	7	5.48650802687009	0.24361815658568745	1.063644502877227	0.3017881963526395	1	1
nucleus localization	GO:0051647		7	0	1.3716270067175225	-Inf	0	1	1	1
vesicle localization	GO:0051648		61	5	11.952749629966982	-0.871523434033633	0.4069850848727587	0.995899500243866	1	1
establishment of vesicle localization	GO:0051650		58	5	11.3649094842309	-0.8210925804067409	0.4268683381062483	0.9934646948943076	1	1
maintenance of location in cell	GO:0051651		49	3	9.601389047022657	-1.163295491736939	0.30758191523059336	0.9981277143679942	1	1
spindle localization	GO:0051653		32	1	6.270294887851531	-1.8358233850941486	0.15881369579917062	0.9990750417949553	1	1
establishment of mitochondrion localization	GO:0051654		17	5	3.331094159171126	0.4061370860834623	1.195322394547758	0.22804914491522568	1	1
establishment of organelle localization	GO:0051656		193	21	37.81771604235455	-0.5882552334758845	0.5301150822889061	0.9994088828341279	1	1
maintenance of organelle location	GO:0051657		8	0	1.5675737219628827	-Inf	0	1	1	1
membrane raft localization	GO:0051665		5	0	0.9797335762268019	-Inf	0	1	1	1
establishment of Golgi localization	GO:0051683		6	1	1.1756802914721622	-0.16184695152247705	0.7716727237196409	0.72984153184383	1	1
actin filament capping	GO:0051693		6	0	1.1756802914721622	-Inf	0	1	1	1
protein delipidation	GO:0051697		5	0	0.9797335762268019	-Inf	0	1	1	1
biological process involved in interaction with host	GO:0051701		76	10	14.891950358647387	-0.39823572958670733	0.6291652920174439	0.9345427498173744	1	1
biological process involved in interaction with symbiont	GO:0051702		25	1	4.898667881134009	-1.5889633071626228	0.20274527604477344	0.9933926808077949	1	1
biological process involved in intraspecies interaction between organisms	GO:0051703		11	1	2.155413867698964	-0.7679827550927926	0.4487358074677462	0.90925940843125	1	1
protein de-ADP-ribosylation	GO:0051725		5	2	0.9797335762268019	0.7136217858314229	1.4619856571553664	0.2544280030025466	1	1
response to redox state	GO:0051775		9	1	1.7635204372082431	-0.5673120596306415	0.5403638836722494	0.8596066645829048	1	1
positive regulation of cell division	GO:0051781		44	6	8.621655470795856	-0.36251764698462824	0.6493225649570408	0.841318657476793	1	1
negative regulation of cell division	GO:0051782		8	1	1.5675737219628827	-0.44952902397425787	0.6010751724526117	0.7827962839733025	1	1
regulation of nuclear division	GO:0051783		84	6	16.45952408061027	-1.0091448119096806	0.35690501805843033	0.9995564378351669	1	1
negative regulation of nuclear division	GO:0051784		29	0	5.68245474211545	-Inf	0	1	1	1
positive regulation of nuclear division	GO:0051785		30	5	5.878401457360811	-0.16184695152247705	0.7716727237196409	0.6976999113638871	1	1
response to misfolded protein	GO:0051788		15	2	2.9392007286804054	-0.38499050283668673	0.6365829165604019	0.8234197544946463	1	1
medium-chain fatty acid metabolic process	GO:0051791		10	0	1.9594671524536038	-Inf	0	1	1	1
regulation of hair follicle development	GO:0051797		5	1	0.9797335762268019	0.020474605271477528	0.8959251696155924	0.5820703667006293	1	1
host-mediated perturbation of symbiont process	GO:0051851		90	12	17.63520437208243	-0.38499050283668673	0.6365829165604019	0.9544113283465223	1	1
protein autoubiquitination	GO:0051865		57	8	11.16896276898554	-0.3336972084491363	0.665945038847369	0.8825779836058022	1	1
pigment granule localization	GO:0051875		7	0	1.3716270067175225	-Inf	0	1	1	1
regulation of mitochondrial membrane potential	GO:0051881		39	6	7.6419218945690535	-0.24188965919601346	0.7210246532773759	0.8036550207082513	1	1
regulation of focal adhesion assembly	GO:0051893		46	7	9.013548901286578	-0.2528187297282039	0.714298303557231	0.8240814772316816	1	1
positive regulation of focal adhesion assembly	GO:0051894		16	4	3.1351474439257654	0.24361815658568745	1.063644502877227	0.38564078766012255	1	1
negative regulation of focal adhesion assembly	GO:0051895		12	2	2.3513605829443245	-0.16184695152247705	0.7716727237196409	0.7135533259489933	1	1
regulation of phosphatidylinositol 3-kinase/protein kinase B signal transduction	GO:0051896		169	24	33.1149948764659	-0.32193236686954985	0.6728224112719701	0.9709295349304883	1	1
positive regulation of phosphatidylinositol 3-kinase/protein kinase B signal transduction	GO:0051897		123	20	24.101445975179324	-0.18653956411284847	0.7557891967408986	0.85365730218178	1	1
negative regulation of phosphatidylinositol 3-kinase/protein kinase B signal transduction	GO:0051898		35	3	6.858135033587613	-0.826823255115726	0.42456612542938926	0.9783718242138688	1	1
membrane depolarization	GO:0051899		28	4	5.48650802687009	-0.3159976313497353	0.6763118873418741	0.8271053647850274	1	1
regulation of mitochondrial depolarization	GO:0051900		10	2	1.9594671524536038	0.020474605271477528	0.8959251696155924	0.6118932315048861	1	1
positive regulation of mitochondrial depolarization	GO:0051901		5	0	0.9797335762268019	-Inf	0	1	1	1
regulation of fibrinolysis	GO:0051917		12	1	2.3513605829443245	-0.8549941320824224	0.4134089075367419	0.9270508704750915	1	1
negative regulation of fibrinolysis	GO:0051918		8	1	1.5675737219628827	-0.44952902397425787	0.6010751724526117	0.8253736056068746	1	1
sulfation	GO:0051923		13	0	2.547307298189685	-Inf	0	1	1	1
regulation of calcium ion transport	GO:0051924		132	18	25.864966412387567	-0.36251764698462824	0.6493225649570408	0.9660322774201043	1	1
negative regulation of calcium ion transport	GO:0051926		30	3	5.878401457360811	-0.6726725752884678	0.4904435399678537	0.9509461043501022	1	1
positive regulation of calcium ion transport	GO:0051928		56	11	10.97301605374018	0.0024560997687991964	0.8831113777764805	0.523759407905111	1	1
regulation of sensory perception of pain	GO:0051930		7	1	1.3716270067175225	-0.3159976313497353	0.6763118873418741	0.72984153184383	1	1
regulation of sensory perception	GO:0051931		7	1	1.3716270067175225	-0.3159976313497353	0.6763118873418741	0.72984153184383	1	1
catecholamine transport	GO:0051937		12	1	2.3513605829443245	-0.8549941320824224	0.4134089075367419	0.9270508704750915	1	1
L-glutamate import	GO:0051938		11	3	2.155413867698964	0.3306295335753171	1.13323234459792	0.3691323739002324	1	1
regulation of amine transport	GO:0051952		20	1	3.9189343049072076	-1.365819755848413	0.2524803984506228	0.9841736533539538	1	1
negative regulation of amine transport	GO:0051953		8	1	1.5675737219628827	-0.44952902397425787	0.6010751724526117	0.8253736056068746	1	1
positive regulation of amine transport	GO:0051954		6	0	1.1756802914721622	-Inf	0	1	1	1
regulation of nervous system development	GO:0051960		69	9	13.520323351929866	-0.4069694095554622	0.6243111154330052	0.9125988180077522	1	1
negative regulation of nervous system development	GO:0051961		19	5	3.7229875896618467	0.29491145097323795	1.1044033007862541	0.3101636470445178	1	1
positive regulation of nervous system development	GO:0051962		43	6	8.425708755550495	-0.33952812875992944	0.6625562004540068	0.8036550207082513	1	1
regulation of synapse assembly	GO:0051963		27	1	5.29056131162473	-1.6659243482987511	0.18790808497335687	0.9946890607120057	1	1
positive regulation of synapse assembly	GO:0051965		8	0	1.5675737219628827	-Inf	0	1	1	1
regulation of transmission of nerve impulse	GO:0051969		6	0	1.1756802914721622	-Inf	0	1	1	1
regulation of chromosome segregation	GO:0051983		72	4	14.108163497665945	-1.2604592401905867	0.2798564179962136	0.9998168318193075	1	1
positive regulation of chromosome segregation	GO:0051984		18	1	3.5270408744164863	-1.2604592401905867	0.2798564179962136	0.9803118721859622	1	1
negative regulation of chromosome segregation	GO:0051985		24	1	4.702721165888649	-1.5481413126423678	0.2110720879885675	0.9946890607120057	1	1
positive regulation of attachment of spindle microtubules to kinetochore	GO:0051987		7	1	1.3716270067175225	-0.3159976313497353	0.6763118873418741	0.7827962839733025	1	1
regulation of attachment of spindle microtubules to kinetochore	GO:0051988		16	2	3.1351474439257654	-0.44952902397425787	0.6010751724526117	0.8506090120081047	1	1
modulation by symbiont of entry into host	GO:0052372		26	4	5.09461459637937	-0.2418896591960136	0.7210246532773757	0.7786888354213644	1	1
regulation of peptidase activity	GO:0052547		31	4	6.074348172606171	-0.4177803256596777	0.6183429753554547	0.8829617145487606	1	1
regulation of endopeptidase activity	GO:0052548		19	2	3.7229875896618467	-0.6213792809009171	0.5142372660455732	0.9107998111621118	1	1
cyclic purine nucleotide metabolic process	GO:0052652		19	3	3.7229875896618467	-0.21591417279275285	0.737194362814586	0.7497227204384175	1	1
imidazole-containing compound metabolic process	GO:0052803		10	0	1.9594671524536038	-Inf	0	1	1	1
imidazole-containing compound catabolic process	GO:0052805		7	0	1.3716270067175225	-Inf	0	1	1	1
muscle cell development	GO:0055001		27	0	5.29056131162473	-Inf	0	1	1	1
striated muscle cell development	GO:0055002		22	0	4.310827735397928	-Inf	0	1	1	1
cardiac cell development	GO:0055006		7	0	1.3716270067175225	-Inf	0	1	1	1
cardiac muscle cell differentiation	GO:0055007		13	0	2.547307298189685	-Inf	0	1	1	1
cardiac muscle tissue morphogenesis	GO:0055008		18	1	3.5270408744164863	-1.2604592401905867	0.2798564179962136	0.9803118721859622	1	1
ventricular cardiac muscle tissue morphogenesis	GO:0055010		14	1	2.743254013435045	-1.0091448119096806	0.35690501805843033	0.952854632353058	1	1
cardiac muscle cell development	GO:0055013		7	0	1.3716270067175225	-Inf	0	1	1	1
regulation of cardiac muscle tissue growth	GO:0055021		8	1	1.5675737219628827	-0.44952902397425787	0.6010751724526117	0.8253736056068746	1	1
positive regulation of cardiac muscle tissue growth	GO:0055023		6	1	1.1756802914721622	-0.16184695152247705	0.7716727237196409	0.72984153184383	1	1
phosphate ion homeostasis	GO:0055062		11	0	2.155413867698964	-Inf	0	1	1	1
copper ion homeostasis	GO:0055070		12	4	2.3513605829443245	0.5313002290374682	1.301399677662636	0.19470778732926153	1	1
calcium ion homeostasis	GO:0055074		112	17	21.94603210748036	-0.2553730095333004	0.7127328457003027	0.8824730537966445	1	1
potassium ion homeostasis	GO:0055075		12	4	2.3513605829443245	0.5313002290374682	1.301399677662636	0.19470778732926153	1	1
sodium ion homeostasis	GO:0055078		15	2	2.9392007286804054	-0.38499050283668673	0.6365829165604019	0.8234197544946463	1	1
lipid homeostasis	GO:0055088		76	11	14.891950358647387	-0.30292554978238256	0.6840457249207046	0.8928335776005114	1	1
fatty acid homeostasis	GO:0055089		5	0	0.9797335762268019	-Inf	0	1	1	1
acylglycerol homeostasis	GO:0055090		23	3	4.506774450643289	-0.4069694095554622	0.6243111154330052	0.8567486189236605	1	1
phospholipid homeostasis	GO:0055091		9	1	1.7635204372082431	-0.5673120596306415	0.5403638836722494	0.8596066645829048	1	1
sterol homeostasis	GO:0055092		42	6	8.229762040305134	-0.3159976313497353	0.6763118873418741	0.8578313001488673	1	1
response to lipoprotein particle	GO:0055094		15	3	2.9392007286804054	0.020474605271477528	0.8959251696155924	0.586697296105379	1	1
regulation of cardiac muscle contraction	GO:0055117		50	3	9.797335762268018	-1.1834981990544584	0.3016119224035554	0.9981277143679942	1	1
relaxation of cardiac muscle	GO:0055119		8	2	1.5675737219628827	0.24361815658568745	1.063644502877227	0.48475503253829777	1	1
digestive system development	GO:0055123		26	4	5.09461459637937	-0.2418896591960136	0.7210246532773757	0.750716981491383	1	1
roof of mouth development	GO:0060021		17	2	3.331094159171126	-0.5101536457906928	0.5691707139650165	0.8739261887459524	1	1
retina development in camera-type eye	GO:0060041		12	0	2.3513605829443245	-Inf	0	1	1	1
regulation of cardiac muscle cell proliferation	GO:0060043		6	0	1.1756802914721622	-Inf	0	1	1	1
regulation of acrosome reaction	GO:0060046		8	1	1.5675737219628827	-0.44952902397425787	0.6010751724526117	0.7827962839733025	1	1
heart contraction	GO:0060047		50	5	9.797335762268018	-0.6726725752884678	0.4904435399678537	0.9750825492674099	1	1
cardiac muscle contraction	GO:0060048		46	4	9.013548901286578	-0.8124345176636266	0.4303676116636751	0.9849951459999116	1	1
positive regulation of epithelial cell proliferation involved in wound healing	GO:0060054		6	3	1.1756802914721622	0.9367653371456326	1.6662678944047506	0.05482858131054487	1	1
angiogenesis involved in wound healing	GO:0060055		5	1	0.9797335762268019	0.020474605271477528	0.8959251696155924	0.6639809576251503	1	1
canonical Wnt signaling pathway	GO:0060070		46	11	9.013548901286578	0.19916639401485337	1.028958170817565	0.2814554956873687	1	1
Wnt signaling pathway, planar cell polarity pathway	GO:0060071		8	3	1.5675737219628827	0.6490832646938518	1.4044007738015039	0.1941869786530865	1	1
maternal process involved in female pregnancy	GO:0060135		9	0	1.7635204372082431	-Inf	0	1	1	1
regulation of syncytium formation by plasma membrane fusion	GO:0060142		7	0	1.3716270067175225	-Inf	0	1	1	1
positive regulation of syncytium formation by plasma membrane fusion	GO:0060143		7	0	1.3716270067175225	-Inf	0	1	1	1
regulation of post-transcriptional gene silencing	GO:0060147		22	2	4.310827735397928	-0.7679827550927926	0.4487358074677462	0.9476437436359091	1	1
positive regulation of post-transcriptional gene silencing	GO:0060148		11	1	2.155413867698964	-0.7679827550927926	0.4487358074677462	0.90925940843125	1	1
negative regulation of post-transcriptional gene silencing	GO:0060149		12	1	2.3513605829443245	-0.8549941320824224	0.4134089075367419	0.9270508704750915	1	1
regulation of dopamine receptor signaling pathway	GO:0060159		5	0	0.9797335762268019	-Inf	0	1	1	1
limb development	GO:0060173		35	2	6.858135033587613	-1.2322883632238903	0.2876415642117705	0.9954145301726613	1	1
positive regulation of lipase activity	GO:0060193		7	0	1.3716270067175225	-Inf	0	1	1	1
regulation of nuclear-transcribed mRNA poly(A) tail shortening	GO:0060211		11	2	2.155413867698964	-0.0748355745328473	0.8294586149673298	0.6658400887503648	1	1
positive regulation of nuclear-transcribed mRNA poly(A) tail shortening	GO:0060213		9	2	1.7635204372082431	0.12583512092930388	0.9730885098117966	0.5515091337986338	1	1
hematopoietic stem cell differentiation	GO:0060218		6	0	1.1756802914721622	-Inf	0	1	1	1
mesenchymal to epithelial transition	GO:0060231		5	2	0.9797335762268019	0.7136217858314229	1.4619856571553664	0.2544280030025466	1	1
regulation of mitotic spindle organization	GO:0060236		38	4	7.4459751793236935	-0.6213792809009171	0.5142372660455732	0.9415857884212321	1	1
anatomical structure homeostasis	GO:0060249		58	6	11.3649094842309	-0.6387710236127861	0.5060622315132961	0.9713101126671182	1	1
regulation of glial cell proliferation	GO:0060251		8	3	1.5675737219628827	0.6490832646938518	1.4044007738015039	0.1941869786530865	1	1
positive regulation of glial cell proliferation	GO:0060252		5	3	0.9797335762268019	1.1190868939395873	1.8378900310571646	0.05482858131054487	1	1
regulation of transcription initiation by RNA polymerase II	GO:0060260		41	5	8.033815325059775	-0.47422163656462957	0.587911536007993	0.9255153589106311	1	1
positive regulation of transcription initiation by RNA polymerase II	GO:0060261		33	4	6.466241603096892	-0.48030068264101167	0.5847064523720692	0.9108185322691283	1	1
regulation of respiratory burst	GO:0060263		11	0	2.155413867698964	-Inf	0	1	1	1
positive regulation of respiratory burst	GO:0060267		6	0	1.1756802914721622	-Inf	0	1	1	1
cilium assembly	GO:0060271		180	11	35.27040874416486	-1.1651490603862618	0.30702958147129683	0.9999999188666318	1	1
cilium-dependent cell motility	GO:0060285		40	0	7.837868609814415	-Inf	0	1	1	1
epithelial cilium movement involved in determination of left/right asymmetry	GO:0060287		7	1	1.3716270067175225	-0.3159976313497353	0.6763118873418741	0.72984153184383	1	1
long-term synaptic potentiation	GO:0060291		9	2	1.7635204372082431	0.12583512092930388	0.9730885098117966	0.5515091337986338	1	1
cilium movement involved in cell motility	GO:0060294		37	0	7.2500284640783335	-Inf	0	1	1	1
regulation of cilium movement involved in cell motility	GO:0060295		13	0	2.547307298189685	-Inf	0	1	1	1
regulation of membrane repolarization	GO:0060306		26	5	5.09461459637937	-0.01874610788180376	0.868180401077128	0.5968717848764868	1	1
regulation of ventricular cardiac muscle cell membrane repolarization	GO:0060307		16	2	3.1351474439257654	-0.44952902397425787	0.6010751724526117	0.8506090120081047	1	1
regulation of ryanodine-sensitive calcium-release channel activity	GO:0060314		5	0	0.9797335762268019	-Inf	0	1	1	1
cardiac epithelial to mesenchymal transition	GO:0060317		8	0	1.5675737219628827	-Inf	0	1	1	1
head development	GO:0060322		122	14	23.905499259933965	-0.5350511974124201	0.5564717630244755	0.9917982770224643	1	1
head morphogenesis	GO:0060323		13	0	2.547307298189685	-Inf	0	1	1	1
face development	GO:0060324		14	1	2.743254013435045	-1.0091448119096806	0.35690501805843033	0.952854632353058	1	1
face morphogenesis	GO:0060325		12	0	2.3513605829443245	-Inf	0	1	1	1
cell chemotaxis	GO:0060326		113	33	22.14197882272572	0.39903226045971774	1.1894160738937618	0.005815543407547184	1	1
regulation of response to type II interferon	GO:0060330		10	2	1.9594671524536038	0.020474605271477528	0.8959251696155924	0.6118932315048861	1	1
negative regulation of response to type II interferon	GO:0060331		5	1	0.9797335762268019	0.020474605271477528	0.8959251696155924	0.6639809576251503	1	1
type II interferon-mediated signaling pathway	GO:0060333		10	1	1.9594671524536038	-0.6726725752884678	0.4904435399678537	0.8871303793693512	1	1
regulation of type II interferon-mediated signaling pathway	GO:0060334		10	2	1.9594671524536038	0.020474605271477528	0.8959251696155924	0.6118932315048861	1	1
negative regulation of type II interferon-mediated signaling pathway	GO:0060336		5	1	0.9797335762268019	0.020474605271477528	0.8959251696155924	0.6639809576251503	1	1
type I interferon-mediated signaling pathway	GO:0060337		16	3	3.1351474439257654	-0.04406391586609347	0.8505613782850316	0.6330949519004381	1	1
regulation of type I interferon-mediated signaling pathway	GO:0060338		34	7	6.662188318342252	0.04946214214472988	0.9167774143665353	0.4760751138370656	1	1
negative regulation of type I interferon-mediated signaling pathway	GO:0060339		18	2	3.5270408744164863	-0.5673120596306415	0.5403638836722494	0.8938443279280387	1	1
positive regulation of type I interferon-mediated signaling pathway	GO:0060340		13	3	2.547307298189685	0.16357544891215084	1.0016275609675553	0.42727390275722177	1	1
bone development	GO:0060348		42	3	8.229762040305134	-1.0091448119096806	0.35690501805843033	0.9934854274082364	1	1
bone morphogenesis	GO:0060349		19	1	3.7229875896618467	-1.3145264614608625	0.26547226383291483	0.9841736533539538	1	1
endochondral bone morphogenesis	GO:0060350		5	0	0.9797335762268019	-Inf	0	1	1	1
regulation of cell adhesion molecule production	GO:0060353		6	1	1.1756802914721622	-0.16184695152247705	0.7716727237196409	0.72984153184383	1	1
regulation of atrial cardiac muscle cell membrane depolarization	GO:0060371		7	1	1.3716270067175225	-0.3159976313497353	0.6763118873418741	0.7827962839733025	1	1
regulation of atrial cardiac muscle cell membrane repolarization	GO:0060372		6	0	1.1756802914721622	-Inf	0	1	1	1
regulation of DNA strand elongation	GO:0060382		17	0	3.331094159171126	-Inf	0	1	1	1
regulation of SMAD protein signal transduction	GO:0060390		54	4	10.58112262324946	-0.9727771677388057	0.36956187637019583	0.9951482043988635	1	1
positive regulation of SMAD protein signal transduction	GO:0060391		38	3	7.4459751793236935	-0.9090613533526981	0.3927286218763734	0.984562264154242	1	1
negative regulation of SMAD protein signal transduction	GO:0060392		18	1	3.5270408744164863	-1.2604592401905867	0.2798564179962136	0.9755081197271886	1	1
SMAD protein signal transduction	GO:0060395		15	3	2.9392007286804054	0.020474605271477528	0.8959251696155924	0.586697296105379	1	1
growth hormone receptor signaling pathway	GO:0060396		13	3	2.547307298189685	0.16357544891215084	1.0016275609675553	0.48337514553833716	1	1
growth hormone receptor signaling pathway via JAK-STAT	GO:0060397		7	2	1.3716270067175225	0.37714954921021	1.171306923303042	0.412113019066995	1	1
calcium ion transport into cytosol	GO:0060402		6	0	1.1756802914721622	-Inf	0	1	1	1
cardiac septum morphogenesis	GO:0060411		10	0	1.9594671524536038	-Inf	0	1	1	1
atrial septum morphogenesis	GO:0060413		5	0	0.9797335762268019	-Inf	0	1	1	1
muscle tissue morphogenesis	GO:0060415		19	1	3.7229875896618467	-1.3145264614608625	0.26547226383291483	0.9841736533539538	1	1
response to growth hormone	GO:0060416		14	3	2.743254013435045	0.08946747675842903	0.9460294016458648	0.5366867691818712	1	1
regulation of heart growth	GO:0060420		8	1	1.5675737219628827	-0.44952902397425787	0.6010751724526117	0.8253736056068746	1	1
positive regulation of heart growth	GO:0060421		6	1	1.1756802914721622	-0.16184695152247705	0.7716727237196409	0.72984153184383	1	1
lung vasculature development	GO:0060426		5	1	0.9797335762268019	0.020474605271477528	0.8959251696155924	0.6639809576251503	1	1
negative regulation of digestive system process	GO:0060457		6	1	1.1756802914721622	-0.16184695152247705	0.7716727237196409	0.72984153184383	1	1
acrosomal vesicle exocytosis	GO:0060478		5	0	0.9797335762268019	-Inf	0	1	1	1
mesenchyme development	GO:0060485		53	5	10.385175908004099	-0.7309414834124435	0.46456390916724083	0.9838739726487153	1	1
regulation of cell projection assembly	GO:0060491		141	23	27.628486849595813	-0.18335315674344072	0.7578259240496287	0.8455677315350445	1	1
muscle tissue development	GO:0060537		53	3	10.385175908004099	-1.2417671071784342	0.28499943285786367	0.9990968649405539	1	1
skeletal muscle organ development	GO:0060538		22	1	4.310827735397928	-1.4611299356527379	0.22994233866048128	0.9917799739109313	1	1
respiratory system development	GO:0060541		19	2	3.7229875896618467	-0.6213792809009171	0.5142372660455732	0.8938443279280387	1	1
regulation of necroptotic process	GO:0060544		16	5	3.1351474439257654	0.46676170789989724	1.2462354374242461	0.18965628297099674	1	1
regulation of vitamin D biosynthetic process	GO:0060556		6	2	1.1756802914721622	0.5313002290374682	1.301399677662636	0.33467808653175235	1	1
developmental growth involved in morphogenesis	GO:0060560		20	1	3.9189343049072076	-1.365819755848413	0.2524803984506228	0.9872781319061674	1	1
epithelial tube morphogenesis	GO:0060562		38	4	7.4459751793236935	-0.6213792809009171	0.5142372660455732	0.9494584541116876	1	1
neuroepithelial cell differentiation	GO:0060563		5	0	0.9797335762268019	-Inf	0	1	1	1
intestinal epithelial cell differentiation	GO:0060575		7	2	1.3716270067175225	0.37714954921021	1.171306923303042	0.412113019066995	1	1
multicellular organismal-level iron ion homeostasis	GO:0060586		13	3	2.547307298189685	0.16357544891215084	1.0016275609675553	0.48337514553833716	1	1
adipose tissue development	GO:0060612		5	1	0.9797335762268019	0.020474605271477528	0.8959251696155924	0.6639809576251503	1	1
regulation of chromosome condensation	GO:0060623		7	0	1.3716270067175225	-Inf	0	1	1	1
regulation of ER to Golgi vesicle-mediated transport	GO:0060628		7	0	1.3716270067175225	-Inf	0	1	1	1
regulation of microtubule-based movement	GO:0060632		30	1	5.878401457360811	-1.7712848639565775	0.1693042931998258	0.9982183970671676	1	1
negative regulation of transcription initiation by RNA polymerase II	GO:0060633		6	1	1.1756802914721622	-0.16184695152247705	0.7716727237196409	0.72984153184383	1	1
regulation of morphogenesis of a branching structure	GO:0060688		12	3	2.3513605829443245	0.24361815658568728	1.0636445028772268	0.42727390275722177	1	1
regulation of ribonuclease activity	GO:0060700		6	2	1.1756802914721622	0.5313002290374682	1.301399677662636	0.33467808653175235	1	1
positive regulation of inositol phosphate biosynthetic process	GO:0060732		6	0	1.1756802914721622	-Inf	0	1	1	1
regulation of mast cell chemotaxis	GO:0060753		5	1	0.9797335762268019	0.020474605271477528	0.8959251696155924	0.6639809576251503	1	1
regulation of response to cytokine stimulus	GO:0060759		136	34	26.648753273369007	0.24361815658568745	1.063644502877227	0.05476984688913098	1	1
positive regulation of response to cytokine stimulus	GO:0060760		53	12	10.385175908004099	0.14452725394145652	0.9871657691446158	0.2886161907424399	1	1
negative regulation of response to cytokine stimulus	GO:0060761		63	13	12.344643060457702	0.05172714877558202	0.9184189984476658	0.44253466229436544	1	1
regulation of androgen receptor signaling pathway	GO:0060765		29	3	5.68245474211545	-0.6387710236127861	0.5060622315132961	0.9424891684094316	1	1
negative regulation of androgen receptor signaling pathway	GO:0060766		15	2	2.9392007286804054	-0.38499050283668673	0.6365829165604019	0.8234197544946463	1	1
cell fate commitment involved in formation of primary germ layer	GO:0060795		6	0	1.1756802914721622	-Inf	0	1	1	1
regulation of canonical Wnt signaling pathway	GO:0060828		156	20	30.567687578276214	-0.424211215989968	0.6148140886503105	0.9831423849682712	1	1
artery development	GO:0060840		7	2	1.3716270067175225	0.37714954921021	1.171306923303042	0.412113019066995	1	1
cardiac cell fate commitment	GO:0060911		6	0	1.1756802914721622	-Inf	0	1	1	1
regulation of miRNA-mediated gene silencing	GO:0060964		22	2	4.310827735397928	-0.7679827550927926	0.4487358074677462	0.9476437436359091	1	1
negative regulation of miRNA-mediated gene silencing	GO:0060965		12	1	2.3513605829443245	-0.8549941320824224	0.4134089075367419	0.9270508704750915	1	1
regulation of gene silencing by regulatory ncRNA	GO:0060966		22	2	4.310827735397928	-0.7679827550927926	0.4487358074677462	0.9476437436359091	1	1
negative regulation of gene silencing by regulatory ncRNA	GO:0060967		12	1	2.3513605829443245	-0.8549941320824224	0.4134089075367419	0.9270508704750915	1	1
left/right pattern formation	GO:0060972		25	1	4.898667881134009	-1.5889633071626228	0.20274527604477344	0.9946890607120057	1	1
kidney morphogenesis	GO:0060993		11	0	2.155413867698964	-Inf	0	1	1	1
dendritic spine development	GO:0060996		8	2	1.5675737219628827	0.24361815658568745	1.063644502877227	0.48475503253829777	1	1
regulation of dendritic spine development	GO:0060998		8	2	1.5675737219628827	0.24361815658568745	1.063644502877227	0.48475503253829777	1	1
regulation of dendritic spine morphogenesis	GO:0061001		5	1	0.9797335762268019	0.020474605271477528	0.8959251696155924	0.6639809576251503	1	1
hepaticobiliary system development	GO:0061008		11	2	2.155413867698964	-0.0748355745328473	0.8294586149673298	0.6118932315048861	1	1
regulation of mRNA catabolic process	GO:0061013		124	19	24.297392690424683	-0.24593006873301845	0.7185326432046966	0.8946920225758681	1	1
positive regulation of mRNA catabolic process	GO:0061014		56	6	10.97301605374018	-0.6036797038015163	0.5226710513800359	0.9713101126671182	1	1
membrane fusion	GO:0061025		70	9	13.716270067175225	-0.4213581470075617	0.616377724354598	0.9211683078273512	1	1
establishment of endothelial barrier	GO:0061028		25	9	4.898667881134009	0.6082612701735967	1.368381599207345	0.041504589778701376	1	1
regulation of cartilage development	GO:0061035		16	0	3.1351474439257654	-Inf	0	1	1	1
positive regulation of cartilage development	GO:0061036		10	0	1.9594671524536038	-Inf	0	1	1	1
negative regulation of cartilage development	GO:0061037		7	0	1.3716270067175225	-Inf	0	1	1	1
regulation of wound healing	GO:0061041		90	15	17.63520437208243	-0.1618469515224769	0.7716727237196409	0.7957764592024783	1	1
regulation of vascular wound healing	GO:0061043		6	1	1.1756802914721622	-0.16184695152247705	0.7716727237196409	0.72984153184383	1	1
negative regulation of wound healing	GO:0061045		46	8	9.013548901286578	-0.1192873371036813	0.7995862820151282	0.7039152133795668	1	1
muscle structure development	GO:0061061		130	8	25.47307298189685	-1.1581803910701687	0.30911097973317847	0.9999955826635285	1	1
positive regulation of myeloid leukocyte cytokine production involved in immune response	GO:0061081		5	1	0.9797335762268019	0.020474605271477528	0.8959251696155924	0.6639809576251503	1	1
regulation of protein tyrosine kinase activity	GO:0061097		20	6	3.9189343049072076	0.4259397133796419	1.2118523860835395	0.18261536308991114	1	1
positive regulation of protein tyrosine kinase activity	GO:0061098		10	4	1.9594671524536038	0.7136217858314229	1.4619856571553664	0.11378252681862328	1	1
negative regulation of protein tyrosine kinase activity	GO:0061099		11	2	2.155413867698964	-0.0748355745328473	0.8294586149673298	0.6658400887503648	1	1
regulation of proteasomal protein catabolic process	GO:0061136		134	19	26.25685984287829	-0.323488303078893	0.6719098016706581	0.9519401363316113	1	1
morphogenesis of a branching epithelium	GO:0061138		13	1	2.547307298189685	-0.9350368397559589	0.38312923895522005	0.9413547843308927	1	1
endothelial tube morphogenesis	GO:0061154		9	2	1.7635204372082431	0.12583512092930388	0.9730885098117966	0.5515091337986338	1	1
mRNA destabilization	GO:0061157		46	5	9.013548901286578	-0.5892909663494168	0.5296124650317189	0.9563597382730049	1	1
3'-UTR-mediated mRNA destabilization	GO:0061158		16	2	3.1351474439257654	-0.44952902397425787	0.6010751724526117	0.8506090120081047	1	1
establishment of monopolar cell polarity	GO:0061162		13	2	2.547307298189685	-0.2418896591960136	0.7210246532773757	0.7554039042054765	1	1
regulation of insulin secretion involved in cellular response to glucose stimulus	GO:0061178		15	2	2.9392007286804054	-0.38499050283668673	0.6365829165604019	0.8234197544946463	1	1
mammary gland epithelium development	GO:0061180		5	0	0.9797335762268019	-Inf	0	1	1	1
establishment or maintenance of bipolar cell polarity	GO:0061245		18	2	3.5270408744164863	-0.5673120596306415	0.5403638836722494	0.8938443279280387	1	1
renal tubule development	GO:0061326		9	0	1.7635204372082431	-Inf	0	1	1	1
renal tubule morphogenesis	GO:0061333		7	0	1.3716270067175225	-Inf	0	1	1	1
cardiac conduction	GO:0061337		47	6	9.209495616531937	-0.4284756147764257	0.6124827859828518	0.9102848589582477	1	1
establishment or maintenance of monopolar cell polarity	GO:0061339		14	2	2.743254013435045	-0.3159976313497353	0.6763118873418741	0.791856760042744	1	1
neural precursor cell proliferation	GO:0061351		11	2	2.155413867698964	-0.0748355745328473	0.8294586149673298	0.6658400887503648	1	1
determination of heart left/right asymmetry	GO:0061371		8	1	1.5675737219628827	-0.44952902397425787	0.6010751724526117	0.7827962839733025	1	1
regulation of extent of cell growth	GO:0061387		19	1	3.7229875896618467	-1.3145264614608625	0.26547226383291483	0.9841736533539538	1	1
establishment of skin barrier	GO:0061436		6	1	1.1756802914721622	-0.16184695152247705	0.7716727237196409	0.72984153184383	1	1
connective tissue development	GO:0061448		33	2	6.466241603096892	-1.173447863200957	0.30456808371541577	0.9918460205406844	1	1
trophoblast cell migration	GO:0061450		6	0	1.1756802914721622	-Inf	0	1	1	1
reproductive system development	GO:0061458		40	5	7.837868609814415	-0.44952902397425804	0.6010751724526116	0.9037520080098431	1	1
protein localization to lysosome	GO:0061462		30	4	5.878401457360811	-0.38499050283668673	0.6365829165604019	0.8663767449433968	1	1
protein localization to cilium	GO:0061512		29	3	5.68245474211545	-0.6387710236127861	0.5060622315132961	0.9326947962290502	1	1
myeloid cell development	GO:0061515		11	4	2.155413867698964	0.618311606027098	1.3772191323903928	0.15221372716933204	1	1
cilium disassembly	GO:0061523		5	0	0.9797335762268019	-Inf	0	1	1	1
axon development	GO:0061564		69	4	13.520323351929866	-1.217899625771791	0.291696681204683	0.9997384352181711	1	1
actin filament bundle organization	GO:0061572		33	6	6.466241603096892	-0.0748355745328473	0.8294586149673298	0.6499583354560264	1	1
glycolytic process through fructose-6-phosphate	GO:0061615		14	1	2.743254013435045	-1.0091448119096806	0.35690501805843033	0.952854632353058	1	1
glycolytic process through glucose-6-phosphate	GO:0061620		13	1	2.547307298189685	-0.9350368397559589	0.38312923895522005	0.9413547843308927	1	1
canonical glycolysis	GO:0061621		12	1	2.3513605829443245	-0.8549941320824224	0.4134089075367419	0.9270508704750915	1	1
regulation of protein complex stability	GO:0061635		11	1	2.155413867698964	-0.7679827550927926	0.4487358074677462	0.90925940843125	1	1
cytoskeleton-dependent cytokinesis	GO:0061640		67	6	13.128429921439144	-0.7830206324573331	0.4424460422317765	0.9929231088790849	1	1
mitochondrial ribosome assembly	GO:0061668		13	0	2.547307298189685	-Inf	0	1	1	1
detoxification of inorganic compound	GO:0061687		7	2	1.3716270067175225	0.37714954921021	1.171306923303042	0.412113019066995	1	1
reticulophagy	GO:0061709		9	0	1.7635204372082431	-Inf	0	1	1	1
glucose catabolic process to pyruvate	GO:0061718		12	1	2.3513605829443245	-0.8549941320824224	0.4134089075367419	0.9270508704750915	1	1
leukocyte adhesion to vascular endothelial cell	GO:0061756		17	4	3.331094159171126	0.1829935347692526	1.0164894330322407	0.4341305238893221	1	1
antifungal innate immune response	GO:0061760		10	0	1.9594671524536038	-Inf	0	1	1	1
telomeric D-loop disassembly	GO:0061820		8	0	1.5675737219628827	-Inf	0	1	1	1
microtubule organizing center localization	GO:0061842		15	1	2.9392007286804054	-1.078137683396632	0.3339847283501357	0.9620999807715159	1	1
antimicrobial humoral immune response mediated by antimicrobial peptide	GO:0061844		97	14	19.006831378799955	-0.3057411311825462	0.682374390021073	0.8764671013330125	1	1
glial cell activation	GO:0061900		7	1	1.3716270067175225	-0.3159976313497353	0.6763118873418741	0.7827962839733025	1	1
autophagosome-lysosome fusion	GO:0061909		10	3	1.9594671524536038	0.4259397133796419	1.2118523860835395	0.30997274297362254	1	1
process utilizing autophagic mechanism	GO:0061919		183	27	35.85824888990094	-0.28373676913151374	0.695517350792661	0.951411839204892	1	1
regulation of protein K48-linked ubiquitination	GO:0061945		5	1	0.9797335762268019	0.020474605271477528	0.8959251696155924	0.6639809576251503	1	1
establishment of protein localization to plasma membrane	GO:0061951		26	3	5.09461459637937	-0.5295717316477945	0.5592464895478996	0.9083516062867003	1	1
midbody abscission	GO:0061952		22	2	4.310827735397928	-0.7679827550927926	0.4487358074677462	0.9251885608618968	1	1
meiosis I cell cycle process	GO:0061982		24	2	4.702721165888649	-0.8549941320824224	0.4134089075367419	0.9373651375154552	1	1
secondary palate development	GO:0062009		9	1	1.7635204372082431	-0.5673120596306415	0.5403638836722494	0.8596066645829048	1	1
regulation of small molecule metabolic process	GO:0062012		176	27	34.486621883183425	-0.24473461132824484	0.7192693175755619	0.9260568610438236	1	1
positive regulation of small molecule metabolic process	GO:0062013		81	17	15.87168393487419	0.06867670708935528	0.9307591747789198	0.419362438244321	1	1
negative regulation of small molecule metabolic process	GO:0062014		62	6	12.148696345212342	-0.7054623981114585	0.4757313781028441	0.9833682933066337	1	1
positive regulation of mitotic sister chromatid segregation	GO:0062033		9	0	1.7635204372082431	-Inf	0	1	1	1
regulation of programmed necrotic cell death	GO:0062098		17	5	3.331094159171126	0.4061370860834623	1.195322394547758	0.22804914491522568	1	1
negative regulation of programmed necrotic cell death	GO:0062099		5	1	0.9797335762268019	0.020474605271477528	0.8959251696155924	0.6639809576251503	1	1
zinc ion import into organelle	GO:0062111		10	0	1.9594671524536038	-Inf	0	1	1	1
regulation of mitochondrial gene expression	GO:0062125		27	2	5.29056131162473	-0.9727771677388057	0.36956187637019583	0.974789641605454	1	1
R-loop processing	GO:0062176		9	2	1.7635204372082431	0.12583512092930388	0.9730885098117966	0.5515091337986338	1	1
cellular response to chemical stress	GO:0062197		157	30	30.763634293521573	-0.025135905980574604	0.8637119678916716	0.5780116190297186	1	1
regulation of pattern recognition receptor signaling pathway	GO:0062207		141	21	27.628486849595813	-0.2743249349491675	0.7011957054781996	0.918255982399635	1	1
positive regulation of pattern recognition receptor signaling pathway	GO:0062208		60	6	11.756802914721622	-0.6726725752884678	0.4904435399678537	0.9809021336693062	1	1
intracellular protein transmembrane transport	GO:0065002		19	1	3.7229875896618467	-1.3145264614608625	0.26547226383291483	0.9841736533539538	1	1
protein-DNA complex assembly	GO:0065004		71	7	13.912216782420586	-0.6868572102804242	0.4840318685751764	0.9915041868983776	1	1
protein-lipid complex assembly	GO:0065005		20	2	3.9189343049072076	-0.6726725752884678	0.4904435399678537	0.9251885608618968	1	1
neuron cellular homeostasis	GO:0070050		10	1	1.9594671524536038	-0.6726725752884678	0.4904435399678537	0.8871303793693512	1	1
intrinsic apoptotic signaling pathway in response to endoplasmic reticulum stress	GO:0070059		21	7	4.114881020152567	0.5313002290374684	1.3013996776626362	0.061399844177846254	1	1
proton-transporting V-type ATPase complex assembly	GO:0070070		5	0	0.9797335762268019	-Inf	0	1	1	1
proton-transporting two-sector ATPase complex assembly	GO:0070071		11	0	2.155413867698964	-Inf	0	1	1	1
chemokine-mediated signaling pathway	GO:0070098		26	10	5.09461459637937	0.6744010726781415	1.4269001540984303	0.02019099924049598	1	1
regulation of chemokine-mediated signaling pathway	GO:0070099		8	3	1.5675737219628827	0.6490832646938518	1.4044007738015039	0.1941869786530865	1	1
negative regulation of chemokine-mediated signaling pathway	GO:0070100		5	1	0.9797335762268019	0.020474605271477528	0.8959251696155924	0.6639809576251503	1	1
interleukin-6-mediated signaling pathway	GO:0070102		11	4	2.155413867698964	0.618311606027098	1.3772191323903928	0.15221372716933204	1	1
regulation of interleukin-6-mediated signaling pathway	GO:0070103		5	2	0.9797335762268019	0.7136217858314229	1.4619856571553664	0.2544280030025466	1	1
ciliary neurotrophic factor-mediated signaling pathway	GO:0070120		5	1	0.9797335762268019	0.020474605271477528	0.8959251696155924	0.6639809576251503	1	1
tRNA aminoacylation for mitochondrial protein translation	GO:0070127		5	0	0.9797335762268019	-Inf	0	1	1	1
regulation of mitochondrial translation	GO:0070129		21	2	4.114881020152567	-0.7214627394578996	0.46869159825755335	0.9251885608618968	1	1
positive regulation of mitochondrial translation	GO:0070131		14	2	2.743254013435045	-0.3159976313497353	0.6763118873418741	0.7554039042054765	1	1
response to UV-A	GO:0070141		14	1	2.743254013435045	-1.0091448119096806	0.35690501805843033	0.9413547843308927	1	1
regulation of biomineral tissue development	GO:0070167		45	5	8.817602186041215	-0.5673120596306412	0.5403638836722496	0.9563597382730049	1	1
negative regulation of biomineral tissue development	GO:0070168		10	2	1.9594671524536038	0.020474605271477528	0.8959251696155924	0.6118932315048861	1	1
positive regulation of biomineral tissue development	GO:0070169		27	2	5.29056131162473	-0.9727771677388057	0.36956187637019583	0.9790622815050865	1	1
regulation of tooth mineralization	GO:0070170		6	0	1.1756802914721622	-Inf	0	1	1	1
kynurenine metabolic process	GO:0070189		5	2	0.9797335762268019	0.7136217858314229	1.4619856571553664	0.2544280030025466	1	1
chromosome organization involved in meiotic cell cycle	GO:0070192		5	0	0.9797335762268019	-Inf	0	1	1	1
protein localization to chromosome, telomeric region	GO:0070198		15	2	2.9392007286804054	-0.38499050283668673	0.6365829165604019	0.791856760042744	1	1
establishment of protein localization to chromosome	GO:0070199		14	1	2.743254013435045	-1.0091448119096806	0.35690501805843033	0.952854632353058	1	1
establishment of protein localization to telomere	GO:0070200		6	0	1.1756802914721622	-Inf	0	1	1	1
regulation of establishment of protein localization to chromosome	GO:0070202		7	3	1.3716270067175225	0.7826146573183743	1.5243441625433054	0.14109075519364597	1	1
regulation of establishment of protein localization to telomere	GO:0070203		6	3	1.1756802914721622	0.9367653371456326	1.6662678944047506	0.09392783594413556	1	1
protein trimerization	GO:0070206		15	2	2.9392007286804054	-0.38499050283668673	0.6365829165604019	0.8234197544946463	1	1
protein homotrimerization	GO:0070207		14	2	2.743254013435045	-0.3159976313497353	0.6763118873418741	0.791856760042744	1	1
protein poly-ADP-ribosylation	GO:0070212		10	0	1.9594671524536038	-Inf	0	1	1	1
protein auto-ADP-ribosylation	GO:0070213		11	0	2.155413867698964	-Inf	0	1	1	1
lymphocyte apoptotic process	GO:0070227		6	0	1.1756802914721622	-Inf	0	1	1	1
regulation of lymphocyte apoptotic process	GO:0070228		22	3	4.310827735397928	-0.36251764698462824	0.6493225649570408	0.8095110826530926	1	1
negative regulation of lymphocyte apoptotic process	GO:0070229		10	2	1.9594671524536038	0.020474605271477528	0.8959251696155924	0.6118932315048861	1	1
positive regulation of lymphocyte apoptotic process	GO:0070230		8	2	1.5675737219628827	0.24361815658568745	1.063644502877227	0.412113019066995	1	1
T cell apoptotic process	GO:0070231		5	0	0.9797335762268019	-Inf	0	1	1	1
regulation of T cell apoptotic process	GO:0070232		12	2	2.3513605829443245	-0.16184695152247705	0.7716727237196409	0.6658400887503648	1	1
positive regulation of T cell apoptotic process	GO:0070234		7	2	1.3716270067175225	0.37714954921021	1.171306923303042	0.33467808653175235	1	1
actin-mediated cell contraction	GO:0070252		40	4	7.837868609814415	-0.6726725752884678	0.4904435399678537	0.9623561196644359	1	1
mucus secretion	GO:0070254		5	0	0.9797335762268019	-Inf	0	1	1	1
necroptotic process	GO:0070266		11	1	2.155413867698964	-0.7679827550927926	0.4487358074677462	0.90925940843125	1	1
cornification	GO:0070268		5	0	0.9797335762268019	-Inf	0	1	1	1
pyroptotic inflammatory response	GO:0070269		21	2	4.114881020152567	-0.7214627394578996	0.46869159825755335	0.9373651375154552	1	1
axonemal dynein complex assembly	GO:0070286		25	1	4.898667881134009	-1.5889633071626228	0.20274527604477344	0.9957311455956721	1	1
N-acylphosphatidylethanolamine metabolic process	GO:0070292		8	0	1.5675737219628827	-Inf	0	1	1	1
renal absorption	GO:0070293		14	2	2.743254013435045	-0.3159976313497353	0.6763118873418741	0.791856760042744	1	1
renal sodium ion absorption	GO:0070294		9	2	1.7635204372082431	0.12583512092930388	0.9730885098117966	0.5515091337986338	1	1
sarcoplasmic reticulum calcium ion transport	GO:0070296		6	2	1.1756802914721622	0.5313002290374682	1.301399677662636	0.33467808653175235	1	1
cellular response to hydrogen peroxide	GO:0070301		29	6	5.68245474211545	0.05437615694715911	0.9203411288612804	0.5146930671511986	1	1
regulation of stress-activated protein kinase signaling cascade	GO:0070302		26	1	5.09461459637937	-1.6281840203159041	0.19504664738750926	0.9965688057552808	1	1
negative regulation of stress-activated protein kinase signaling cascade	GO:0070303		6	0	1.1756802914721622	-Inf	0	1	1	1
positive regulation of stress-activated protein kinase signaling cascade	GO:0070304		14	1	2.743254013435045	-1.0091448119096806	0.35690501805843033	0.952854632353058	1	1
response to cGMP	GO:0070305		6	2	1.1756802914721622	0.5313002290374682	1.301399677662636	0.33467808653175235	1	1
G1 to G0 transition	GO:0070314		8	2	1.5675737219628827	0.24361815658568745	1.063644502877227	0.48475503253829777	1	1
regulation of G0 to G1 transition	GO:0070316		9	1	1.7635204372082431	-0.5673120596306415	0.5403638836722494	0.8253736056068746	1	1
negative regulation of G0 to G1 transition	GO:0070317		5	0	0.9797335762268019	-Inf	0	1	1	1
thyroid hormone transport	GO:0070327		8	1	1.5675737219628827	-0.44952902397425787	0.6010751724526117	0.8253736056068746	1	1
triglyceride homeostasis	GO:0070328		23	3	4.506774450643289	-0.4069694095554622	0.6243111154330052	0.8567486189236605	1	1
response to bacterial lipopeptide	GO:0070339		5	1	0.9797335762268019	0.020474605271477528	0.8959251696155924	0.6639809576251503	1	1
ERK1 and ERK2 cascade	GO:0070371		19	3	3.7229875896618467	-0.21591417279275285	0.737194362814586	0.7497227204384175	1	1
regulation of ERK1 and ERK2 cascade	GO:0070372		166	27	32.52715473072982	-0.18623840464663624	0.7559815313178538	0.8685638340345294	1	1
negative regulation of ERK1 and ERK2 cascade	GO:0070373		28	4	5.48650802687009	-0.3159976313497353	0.6763118873418741	0.8041113136999212	1	1
positive regulation of ERK1 and ERK2 cascade	GO:0070374		125	21	24.493339405670042	-0.15387878187330004	0.7768472351077781	0.8041336901517322	1	1
DNA cytosine deamination	GO:0070383		5	0	0.9797335762268019	-Inf	0	1	1	1
response to lipoteichoic acid	GO:0070391		6	2	1.1756802914721622	0.5313002290374682	1.301399677662636	0.33467808653175235	1	1
regulation of nucleotide-binding domain, leucine rich repeat containing receptor signaling pathway	GO:0070424		10	5	1.9594671524536038	0.9367653371456326	1.6662678944047506	0.017931386581532288	1	1
nucleotide-binding oligomerization domain containing 2 signaling pathway	GO:0070431		9	4	1.7635204372082431	0.8189823014892492	1.5575209121087805	0.08032957970501445	1	1
regulation of nucleotide-binding oligomerization domain containing 2 signaling pathway	GO:0070432		6	2	1.1756802914721622	0.5313002290374682	1.301399677662636	0.2544280030025466	1	1
cellular detoxification of nitrogen compound	GO:0070458		5	0	0.9797335762268019	-Inf	0	1	1	1
rRNA base methylation	GO:0070475		5	0	0.9797335762268019	-Inf	0	1	1	1
response to oxygen levels	GO:0070482		104	10	20.37845838551748	-0.711893288441749	0.47289101547467527	0.997655281862147	1	1
leukocyte aggregation	GO:0070486		10	4	1.9594671524536038	0.7136217858314229	1.4619856571553664	0.11378252681862328	1	1
thrombin-activated receptor signaling pathway	GO:0070493		5	1	0.9797335762268019	0.020474605271477528	0.8959251696155924	0.6639809576251503	1	1
interleukin-1-mediated signaling pathway	GO:0070498		20	7	3.9189343049072076	0.5800903932069003	1.3437191146044392	0.061399844177846254	1	1
regulation of microtubule cytoskeleton organization	GO:0070507		104	9	20.37845838551748	-0.8172538040995754	0.4284167040521642	0.9991407572764696	1	1
cholesterol import	GO:0070508		5	2	0.9797335762268019	0.7136217858314229	1.4619856571553664	0.2544280030025466	1	1
calcium ion import	GO:0070509		17	0	3.331094159171126	-Inf	0	1	1	1
tRNA threonylcarbamoyladenosine metabolic process	GO:0070525		14	2	2.743254013435045	-0.3159976313497353	0.6763118873418741	0.7554039042054765	1	1
platelet aggregation	GO:0070527		15	0	2.9392007286804054	-Inf	0	1	1	1
protein K63-linked ubiquitination	GO:0070534		48	7	9.405442331777298	-0.2953783441469997	0.6885407924584825	0.8057953066454903	1	1
protein K63-linked deubiquitination	GO:0070536		22	5	4.310827735397928	0.14830797678136237	0.9900268794406928	0.4378631785228037	1	1
response to fatty acid	GO:0070542		14	2	2.743254013435045	-0.3159976313497353	0.6763118873418741	0.791856760042744	1	1
response to interleukin-1	GO:0070555		48	13	9.405442331777298	0.32366086425922375	1.127579659374768	0.11540189192610484	1	1
regulation of vitamin D receptor signaling pathway	GO:0070562		7	1	1.3716270067175225	-0.3159976313497353	0.6763118873418741	0.7827962839733025	1	1
positive regulation of vitamin D receptor signaling pathway	GO:0070564		5	1	0.9797335762268019	0.020474605271477528	0.8959251696155924	0.6639809576251503	1	1
protein localization to mitochondrion	GO:0070585		65	9	12.736536490948424	-0.3472501748538399	0.6580884102737917	0.903250209539029	1	1
regulation of cell-cell adhesion involved in gastrulation	GO:0070587		8	1	1.5675737219628827	-0.44952902397425787	0.6010751724526117	0.8253736056068746	1	1
calcium ion transmembrane transport	GO:0070588		95	12	18.614937948309233	-0.43905772410696253	0.6067277523422642	0.9664231609168759	1	1
regulation of protein processing	GO:0070613		30	4	5.878401457360811	-0.38499050283668673	0.6365829165604019	0.84781023733241	1	1
transepithelial transport	GO:0070633		16	2	3.1351474439257654	-0.44952902397425787	0.6010751724526117	0.8506090120081047	1	1
vitamin D3 metabolic process	GO:0070640		5	1	0.9797335762268019	0.020474605271477528	0.8959251696155924	0.6639809576251503	1	1
protein modification by small protein removal	GO:0070646		93	14	18.223044517818515	-0.2636296458324195	0.7076896336002892	0.8661777004230248	1	1
leukocyte proliferation	GO:0070661		19	5	3.7229875896618467	0.29491145097323795	1.1044033007862541	0.3101636470445178	1	1
regulation of leukocyte proliferation	GO:0070663		129	29	25.277126266651486	0.13739594333037997	0.9817816677899984	0.21963073686843457	1	1
negative regulation of leukocyte proliferation	GO:0070664		39	4	7.6419218945690535	-0.6473547673041777	0.5020681643096098	0.9623561196644359	1	1
positive regulation of leukocyte proliferation	GO:0070665		87	24	17.04736422634635	0.34205822939894	1.1425318367552018	0.039225892839495104	1	1
response to interleukin-2	GO:0070669		8	1	1.5675737219628827	-0.44952902397425787	0.6010751724526117	0.8253736056068746	1	1
response to interleukin-4	GO:0070670		10	3	1.9594671524536038	0.4259397133796419	1.2118523860835395	0.30997274297362254	1	1
response to interleukin-12	GO:0070671		11	3	2.155413867698964	0.3306295335753171	1.13323234459792	0.30997274297362254	1	1
response to interleukin-15	GO:0070672		10	2	1.9594671524536038	0.020474605271477528	0.8959251696155924	0.5515091337986338	1	1
response to interleukin-18	GO:0070673		6	3	1.1756802914721622	0.9367653371456326	1.6662678944047506	0.09392783594413556	1	1
response to cholesterol	GO:0070723		12	2	2.3513605829443245	-0.16184695152247705	0.7716727237196409	0.7135533259489933	1	1
cyclic nucleotide transport	GO:0070729		9	1	1.7635204372082431	-0.5673120596306415	0.5403638836722494	0.8596066645829048	1	1
response to interleukin-6	GO:0070741		21	8	4.114881020152567	0.664831621661991	1.418381934267764	0.03849085169099815	1	1
heterochromatin organization	GO:0070828		6	0	1.1756802914721622	-Inf	0	1	1	1
bicellular tight junction assembly	GO:0070830		18	1	3.5270408744164863	-1.2604592401905867	0.2798564179962136	0.9755081197271886	1	1
inclusion body assembly	GO:0070841		6	2	1.1756802914721622	0.5313002290374682	1.301399677662636	0.33467808653175235	1	1
aggresome assembly	GO:0070842		5	1	0.9797335762268019	0.020474605271477528	0.8959251696155924	0.6639809576251503	1	1
response to epidermal growth factor	GO:0070849		28	4	5.48650802687009	-0.3159976313497353	0.6763118873418741	0.8271053647850274	1	1
regulation of bile acid biosynthetic process	GO:0070857		8	2	1.5675737219628827	0.24361815658568745	1.063644502877227	0.48475503253829777	1	1
regulation of protein exit from endoplasmic reticulum	GO:0070861		21	3	4.114881020152567	-0.3159976313497353	0.6763118873418741	0.8095110826530926	1	1
negative regulation of protein exit from endoplasmic reticulum	GO:0070862		10	2	1.9594671524536038	0.020474605271477528	0.8959251696155924	0.6118932315048861	1	1
positive regulation of protein exit from endoplasmic reticulum	GO:0070863		9	1	1.7635204372082431	-0.5673120596306415	0.5403638836722494	0.8596066645829048	1	1
regulation of glycogen metabolic process	GO:0070873		20	1	3.9189343049072076	-1.365819755848413	0.2524803984506228	0.9841736533539538	1	1
negative regulation of glycogen metabolic process	GO:0070874		8	1	1.5675737219628827	-0.44952902397425787	0.6010751724526117	0.7827962839733025	1	1
positive regulation of glycogen metabolic process	GO:0070875		12	0	2.3513605829443245	-Inf	0	1	1	1
regulation of calcineurin-NFAT signaling cascade	GO:0070884		20	2	3.9189343049072076	-0.6726725752884678	0.4904435399678537	0.9107998111621118	1	1
negative regulation of calcineurin-NFAT signaling cascade	GO:0070885		8	0	1.5675737219628827	-Inf	0	1	1	1
positive regulation of calcineurin-NFAT signaling cascade	GO:0070886		11	2	2.155413867698964	-0.0748355745328473	0.8294586149673298	0.6118932315048861	1	1
transcription preinitiation complex assembly	GO:0070897		18	4	3.5270408744164863	0.12583512092930388	0.9730885098117966	0.4814757423991832	1	1
mitochondrial tRNA modification	GO:0070900		9	1	1.7635204372082431	-0.5673120596306415	0.5403638836722494	0.8596066645829048	1	1
UV-damage excision repair	GO:0070914		10	0	1.9594671524536038	-Inf	0	1	1	1
regulatory ncRNA processing	GO:0070918		35	5	6.858135033587613	-0.3159976313497353	0.6763118873418741	0.8432706515307955	1	1
regulation of regulatory ncRNA processing	GO:0070920		11	1	2.155413867698964	-0.7679827550927926	0.4487358074677462	0.90925940843125	1	1
RISC complex assembly	GO:0070922		10	1	1.9594671524536038	-0.6726725752884678	0.4904435399678537	0.8871303793693512	1	1
CRD-mediated mRNA stabilization	GO:0070934		11	1	2.155413867698964	-0.7679827550927926	0.4487358074677462	0.90925940843125	1	1
3'-UTR-mediated mRNA stabilization	GO:0070935		14	7	2.743254013435045	0.9367653371456328	1.6662678944047509	0.010329178492765816	1	1
protein K48-linked ubiquitination	GO:0070936		87	16	17.04736422634635	-0.06340687870922448	0.8372560787684091	0.6344441375067048	1	1
protein localization to endoplasmic reticulum	GO:0070972		36	8	7.054081748832973	0.12583512092930388	0.9730885098117966	0.37706609169336763	1	1
protein localization to endoplasmic reticulum exit site	GO:0070973		5	0	0.9797335762268019	-Inf	0	1	1	1
bone maturation	GO:0070977		5	0	0.9797335762268019	-Inf	0	1	1	1
protein K11-linked ubiquitination	GO:0070979		37	5	7.2500284640783335	-0.3715674825045461	0.644168932283637	0.8766362964749745	1	1
demethylation	GO:0070988		10	2	1.9594671524536038	0.020474605271477528	0.8959251696155924	0.6118932315048861	1	1
oxidative demethylation	GO:0070989		8	1	1.5675737219628827	-0.44952902397425787	0.6010751724526117	0.8253736056068746	1	1
RNA surveillance	GO:0071025		27	5	5.29056131162473	-0.0564864358646508	0.8420008088560077	0.5968717848764868	1	1
nuclear RNA surveillance	GO:0071027		25	5	4.898667881134009	0.020474605271477528	0.8959251696155924	0.5201872527667094	1	1
histone mRNA catabolic process	GO:0071044		15	1	2.9392007286804054	-1.078137683396632	0.3339847283501357	0.952854632353058	1	1
regulation of phospholipid biosynthetic process	GO:0071071		11	2	2.155413867698964	-0.0748355745328473	0.8294586149673298	0.6658400887503648	1	1
positive regulation of phospholipid biosynthetic process	GO:0071073		8	0	1.5675737219628827	-Inf	0	1	1	1
DNA conformation change	GO:0071103		11	0	2.155413867698964	-Inf	0	1	1	1
response to interleukin-9	GO:0071104		8	1	1.5675737219628827	-0.44952902397425787	0.6010751724526117	0.8253736056068746	1	1
protein K48-linked deubiquitination	GO:0071108		21	2	4.114881020152567	-0.7214627394578996	0.46869159825755335	0.9373651375154552	1	1
resolution of DNA recombination intermediates	GO:0071139		9	0	1.7635204372082431	-Inf	0	1	1	1
resolution of mitotic recombination intermediates	GO:0071140		5	0	0.9797335762268019	-Inf	0	1	1	1
protein localization to chromatin	GO:0071168		30	6	5.878401457360811	0.020474605271477528	0.8959251696155924	0.5146930671511986	1	1
establishment of protein localization to chromatin	GO:0071169		8	1	1.5675737219628827	-0.44952902397425787	0.6010751724526117	0.8253736056068746	1	1
spindle assembly checkpoint signaling	GO:0071173		20	0	3.9189343049072076	-Inf	0	1	1	1
mitotic spindle checkpoint signaling	GO:0071174		20	0	3.9189343049072076	-Inf	0	1	1	1
protein targeting to vacuole involved in autophagy	GO:0071211		6	2	1.1756802914721622	0.5313002290374682	1.301399677662636	0.33467808653175235	1	1
cellular response to abiotic stimulus	GO:0071214		169	16	33.1149948764659	-0.7273974749777142	0.46610350074513485	0.9998699297324795	1	1
cellular response to biotic stimulus	GO:0071216		91	22	17.83115108732779	0.21009546454704392	1.0374302024280928	0.15182152091664983	1	1
cellular response to misfolded protein	GO:0071218		12	2	2.3513605829443245	-0.16184695152247705	0.7716727237196409	0.7135533259489933	1	1
cellular response to molecule of bacterial origin	GO:0071219		75	22	14.696003643402026	0.40346685752758343	1.193101083805589	0.023911899259081763	1	1
cellular response to bacterial lipoprotein	GO:0071220		5	1	0.9797335762268019	0.020474605271477528	0.8959251696155924	0.6639809576251503	1	1
cellular response to bacterial lipopeptide	GO:0071221		5	1	0.9797335762268019	0.020474605271477528	0.8959251696155924	0.6639809576251503	1	1
cellular response to lipopolysaccharide	GO:0071222		65	19	12.736536490948424	0.3999642269763812	1.1901900886448193	0.03464547468324578	1	1
cellular response to lipoteichoic acid	GO:0071223		6	2	1.1756802914721622	0.5313002290374682	1.301399677662636	0.33467808653175235	1	1
cellular response to muramyl dipeptide	GO:0071225		10	3	1.9594671524536038	0.4259397133796419	1.2118523860835395	0.30997274297362254	1	1
cellular response to acid chemical	GO:0071229		32	8	6.270294887851531	0.24361815658568745	1.063644502877227	0.28123487433947475	1	1
cellular response to amino acid stimulus	GO:0071230		29	7	5.68245474211545	0.2085268367744173	1.0362119597125292	0.336267558730799	1	1
cellular response to L-leucine	GO:0071233		10	1	1.9594671524536038	-0.6726725752884678	0.4904435399678537	0.8871303793693512	1	1
cellular response to arsenic-containing substance	GO:0071243		12	3	2.3513605829443245	0.24361815658568728	1.0636445028772268	0.42727390275722177	1	1
cellular response to metal ion	GO:0071248		67	5	13.128429921439144	-0.9653421892512877	0.3721995121487571	0.9981492618471204	1	1
cellular response to mechanical stimulus	GO:0071260		11	0	2.155413867698964	-Inf	0	1	1	1
L-methionine biosynthetic process	GO:0071265		5	1	0.9797335762268019	0.020474605271477528	0.8959251696155924	0.6639809576251503	1	1
L-methionine salvage	GO:0071267		5	1	0.9797335762268019	0.020474605271477528	0.8959251696155924	0.6639809576251503	1	1
cellular response to cadmium ion	GO:0071276		6	2	1.1756802914721622	0.5313002290374682	1.301399677662636	0.33467808653175235	1	1
cellular response to calcium ion	GO:0071277		34	3	6.662188318342252	-0.7978357182424737	0.43632550193392183	0.9698565450583547	1	1
cellular response to copper ion	GO:0071280		6	0	1.1756802914721622	-Inf	0	1	1	1
cellular response to iron ion	GO:0071281		6	0	1.1756802914721622	-Inf	0	1	1	1
cellular response to zinc ion	GO:0071294		6	0	1.1756802914721622	-Inf	0	1	1	1
cellular response to vitamin	GO:0071295		7	0	1.3716270067175225	-Inf	0	1	1	1
cellular response to retinoic acid	GO:0071300		16	4	3.1351474439257654	0.24361815658568745	1.063644502877227	0.38564078766012255	1	1
cellular response to alkaloid	GO:0071312		12	2	2.3513605829443245	-0.16184695152247705	0.7716727237196409	0.7135533259489933	1	1
cellular response to nicotine	GO:0071316		5	3	0.9797335762268019	1.1190868939395873	1.8378900310571646	0.05482858131054487	1	1
cellular response to ATP	GO:0071318		12	1	2.3513605829443245	-0.8549941320824224	0.4134089075367419	0.9270508704750915	1	1
cellular response to cAMP	GO:0071320		24	6	4.702721165888649	0.24361815658568728	1.0636445028772268	0.32527656657228576	1	1
cellular response to cGMP	GO:0071321		5	1	0.9797335762268019	0.020474605271477528	0.8959251696155924	0.6639809576251503	1	1
cellular response to carbohydrate stimulus	GO:0071322		16	1	3.1351474439257654	-1.1426762045342032	0.3137893727853598	0.9695327120224101	1	1
cellular response to monosaccharide stimulus	GO:0071326		13	1	2.547307298189685	-0.9350368397559589	0.38312923895522005	0.9413547843308927	1	1
cellular response to hexose stimulus	GO:0071331		13	1	2.547307298189685	-0.9350368397559589	0.38312923895522005	0.9413547843308927	1	1
cellular response to glucose stimulus	GO:0071333		13	1	2.547307298189685	-0.9350368397559589	0.38312923895522005	0.9413547843308927	1	1
cellular response to type II interferon	GO:0071346		35	8	6.858135033587613	0.15400599789600025	0.9943476464719979	0.3446373007659238	1	1
cellular response to interleukin-1	GO:0071347		37	10	7.2500284640783335	0.32157969805539927	1.1258941240928142	0.15181746906827387	1	1
cellular response to interleukin-12	GO:0071349		11	3	2.155413867698964	0.3306295335753171	1.13323234459792	0.30997274297362254	1	1
cellular response to interleukin-15	GO:0071350		10	2	1.9594671524536038	0.020474605271477528	0.8959251696155924	0.5515091337986338	1	1
cellular response to interleukin-18	GO:0071351		6	3	1.1756802914721622	0.9367653371456326	1.6662678944047506	0.09392783594413556	1	1
cellular response to interleukin-2	GO:0071352		8	1	1.5675737219628827	-0.44952902397425787	0.6010751724526117	0.8253736056068746	1	1
cellular response to interleukin-4	GO:0071353		10	3	1.9594671524536038	0.4259397133796419	1.2118523860835395	0.30997274297362254	1	1
cellular response to interleukin-6	GO:0071354		19	7	3.7229875896618467	0.6313836875944508	1.3887436668263813	0.061399844177846254	1	1
cellular response to interleukin-9	GO:0071355		8	1	1.5675737219628827	-0.44952902397425787	0.6010751724526117	0.8253736056068746	1	1
cellular response to tumor necrosis factor	GO:0071356		69	16	13.520323351929866	0.16839473534809982	1.0053048954453627	0.24731086332881078	1	1
cellular response to type I interferon	GO:0071357		17	3	3.331094159171126	-0.10468853768252841	0.8093165486581243	0.6757301864742484	1	1
cellular response to dsRNA	GO:0071359		19	1	3.7229875896618467	-1.3145264614608625	0.26547226383291483	0.9803118721859622	1	1
cellular response to exogenous dsRNA	GO:0071360		16	1	3.1351474439257654	-1.1426762045342032	0.3137893727853598	0.9695327120224101	1	1
cellular response to epidermal growth factor stimulus	GO:0071364		25	4	4.898667881134009	-0.2026689460427322	0.7455383845037314	0.750716981491383	1	1
cellular response to gonadotropin stimulus	GO:0071371		5	0	0.9797335762268019	-Inf	0	1	1	1
cellular response to peptide hormone stimulus	GO:0071375		82	12	16.06763065011955	-0.2919000797706749	0.690619792530335	0.9024307467548597	1	1
cellular response to growth hormone stimulus	GO:0071378		13	3	2.547307298189685	0.16357544891215084	1.0016275609675553	0.48337514553833716	1	1
cellular response to prostaglandin stimulus	GO:0071379		11	1	2.155413867698964	-0.7679827550927926	0.4487358074677462	0.90925940843125	1	1
cellular response to prostaglandin E stimulus	GO:0071380		5	1	0.9797335762268019	0.020474605271477528	0.8959251696155924	0.6639809576251503	1	1
cellular response to steroid hormone stimulus	GO:0071383		59	8	11.56085619947626	-0.36818338452030547	0.6460923942514138	0.9142847953423645	1	1
cellular response to corticosteroid stimulus	GO:0071384		13	1	2.547307298189685	-0.9350368397559589	0.38312923895522005	0.9413547843308927	1	1
cellular response to glucocorticoid stimulus	GO:0071385		12	1	2.3513605829443245	-0.8549941320824224	0.4134089075367419	0.9270508704750915	1	1
cellular response to estrogen stimulus	GO:0071391		11	1	2.155413867698964	-0.7679827550927926	0.4487358074677462	0.90925940843125	1	1
cellular response to estradiol stimulus	GO:0071392		14	0	2.743254013435045	-Inf	0	1	1	1
cellular response to lipid	GO:0071396		200	35	39.18934304907207	-0.1130567873530451	0.8037293568684701	0.7783302513959746	1	1
cellular response to cholesterol	GO:0071397		6	0	1.1756802914721622	-Inf	0	1	1	1
cellular response to fatty acid	GO:0071398		13	2	2.547307298189685	-0.2418896591960136	0.7210246532773757	0.7554039042054765	1	1
cellular response to lipoprotein particle stimulus	GO:0071402		21	4	4.114881020152567	-0.028315558897954368	0.8614938546476196	0.6120409511297683	1	1
cellular response to low-density lipoprotein particle stimulus	GO:0071404		15	3	2.9392007286804054	0.020474605271477528	0.8959251696155924	0.586697296105379	1	1
cellular response to purine-containing compound	GO:0071415		6	0	1.1756802914721622	-Inf	0	1	1	1
hematopoietic stem cell proliferation	GO:0071425		8	2	1.5675737219628827	0.24361815658568745	1.063644502877227	0.48475503253829777	1	1
cellular response to oxygen radical	GO:0071450		11	3	2.155413867698964	0.3306295335753171	1.13323234459792	0.3691323739002324	1	1
cellular response to superoxide	GO:0071451		11	3	2.155413867698964	0.3306295335753171	1.13323234459792	0.3691323739002324	1	1
cellular response to oxygen levels	GO:0071453		61	7	11.952749629966982	-0.5350511974124201	0.5564717630244755	0.9638772458860472	1	1
cellular response to hypoxia	GO:0071456		51	7	9.993282477513377	-0.35600296596343434	0.6530520070434743	0.8839955337375732	1	1
protein localization to chromosome, centromeric region	GO:0071459		16	2	3.1351474439257654	-0.44952902397425787	0.6010751724526117	0.8506090120081047	1	1
cellular response to xenobiotic stimulus	GO:0071466		125	10	24.493339405670042	-0.8958161266026774	0.3977067728358369	0.9997789635368961	1	1
cellular response to pH	GO:0071467		20	1	3.9189343049072076	-1.365819755848413	0.2524803984506228	0.9841736533539538	1	1
cellular response to acidic pH	GO:0071468		14	1	2.743254013435045	-1.0091448119096806	0.35690501805843033	0.952854632353058	1	1
cellular response to osmotic stress	GO:0071470		23	4	4.506774450643289	-0.1192873371036813	0.7995862820151282	0.686782125559293	1	1
cellular hyperosmotic response	GO:0071474		10	3	1.9594671524536038	0.4259397133796419	1.2118523860835395	0.30997274297362254	1	1
cellular hypotonic response	GO:0071476		7	0	1.3716270067175225	-Inf	0	1	1	1
cellular response to radiation	GO:0071478		118	11	23.12171239895252	-0.7428768339617161	0.4594114342903812	0.9991744605581099	1	1
cellular response to ionizing radiation	GO:0071479		51	5	9.993282477513377	-0.6924752025846472	0.4815124235297748	0.9813322941601599	1	1
cellular response to gamma radiation	GO:0071480		17	0	3.331094159171126	-Inf	0	1	1	1
cellular response to light stimulus	GO:0071482		75	6	14.696003643402026	-0.8958161266026774	0.3977067728358369	0.9981671511926582	1	1
cellular response to UV-A	GO:0071492		11	1	2.155413867698964	-0.7679827550927926	0.4487358074677462	0.8871303793693512	1	1
cellular response to UV-B	GO:0071493		11	1	2.155413867698964	-0.7679827550927926	0.4487358074677462	0.90925940843125	1	1
cellular response to external stimulus	GO:0071496		11	0	2.155413867698964	-Inf	0	1	1	1
cellular response to fluid shear stress	GO:0071498		22	4	4.310827735397928	-0.0748355745328473	0.8294586149673298	0.6507471228202052	1	1
cellular response to laminar fluid shear stress	GO:0071499		16	2	3.1351474439257654	-0.44952902397425787	0.6010751724526117	0.8506090120081047	1	1
cellular response to sterol depletion	GO:0071501		9	3	1.7635204372082431	0.5313002290374682	1.301399677662636	0.25111567812712277	1	1
genomic imprinting	GO:0071514		5	0	0.9797335762268019	-Inf	0	1	1	1
semaphorin-plexin signaling pathway	GO:0071526		8	0	1.5675737219628827	-Inf	0	1	1	1
protein localization to centrosome	GO:0071539		21	2	4.114881020152567	-0.7214627394578996	0.46869159825755335	0.9251885608618968	1	1
dopaminergic neuron differentiation	GO:0071542		18	2	3.5270408744164863	-0.5673120596306415	0.5403638836722494	0.8938443279280387	1	1
response to transforming growth factor beta	GO:0071559		83	9	16.26357736536491	-0.5917035127548005	0.528443254690903	0.9874587009227356	1	1
cellular response to transforming growth factor beta stimulus	GO:0071560		80	9	15.67573721962883	-0.5548895396320844	0.5465202891310985	0.9818648393995517	1	1
protein ufmylation	GO:0071569		7	0	1.3716270067175225	-Inf	0	1	1	1
zinc ion transmembrane transport	GO:0071577		23	2	4.506774450643289	-0.8124345176636266	0.4303676116636751	0.9563004221799327	1	1
acyl-CoA biosynthetic process	GO:0071616		36	5	7.054081748832973	-0.3441685083164316	0.6598686363927702	0.8432706515307955	1	1
granulocyte chemotaxis	GO:0071621		35	11	6.858135033587613	0.4724597290145348	1.2510668141298822	0.06588098918227743	1	1
regulation of granulocyte chemotaxis	GO:0071622		33	8	6.466241603096892	0.21284649791893365	1.0395685658180285	0.28123487433947475	1	1
positive regulation of granulocyte chemotaxis	GO:0071624		15	4	2.9392007286804054	0.30815667772325855	1.1150519589183827	0.2878991921787099	1	1
vocalization behavior	GO:0071625		14	2	2.743254013435045	-0.3159976313497353	0.6763118873418741	0.791856760042744	1	1
regulation of transforming growth factor beta production	GO:0071634		17	1	3.331094159171126	-1.203300826350638	0.2958661985436187	0.9755081197271886	1	1
negative regulation of transforming growth factor beta production	GO:0071635		7	0	1.3716270067175225	-Inf	0	1	1	1
positive regulation of transforming growth factor beta production	GO:0071636		6	0	1.1756802914721622	-Inf	0	1	1	1
regulation of monocyte chemotactic protein-1 production	GO:0071637		11	1	2.155413867698964	-0.7679827550927926	0.4487358074677462	0.90925940843125	1	1
positive regulation of monocyte chemotactic protein-1 production	GO:0071639		8	1	1.5675737219628827	-0.44952902397425787	0.6010751724526117	0.8253736056068746	1	1
regulation of chemokine (C-C motif) ligand 5 production	GO:0071649		8	1	1.5675737219628827	-0.44952902397425787	0.6010751724526117	0.7827962839733025	1	1
positive regulation of chemokine (C-C motif) ligand 5 production	GO:0071651		5	1	0.9797335762268019	0.020474605271477528	0.8959251696155924	0.5820703667006293	1	1
mononuclear cell migration	GO:0071674		60	10	11.756802914721622	-0.16184695152247705	0.7716727237196409	0.7031183629062225	1	1
regulation of mononuclear cell migration	GO:0071675		84	21	16.45952408061027	0.24361815658568745	1.063644502877227	0.11041724591378929	1	1
negative regulation of mononuclear cell migration	GO:0071676		18	3	3.5270408744164863	-0.16184695152247705	0.7716727237196409	0.7145810752892615	1	1
positive regulation of mononuclear cell migration	GO:0071677		60	15	11.756802914721622	0.24361815658568728	1.0636445028772268	0.16621652891402824	1	1
response to indole-3-methanol	GO:0071680		5	1	0.9797335762268019	0.020474605271477528	0.8959251696155924	0.6639809576251503	1	1
cellular response to indole-3-methanol	GO:0071681		5	1	0.9797335762268019	0.020474605271477528	0.8959251696155924	0.6639809576251503	1	1
protein localization to extracellular region	GO:0071692		30	2	5.878401457360811	-1.078137683396632	0.3339847283501357	0.988077777716682	1	1
anatomical structure maturation	GO:0071695		32	5	6.270294887851531	-0.2263854726600481	0.7306450459037862	0.7544282001071914	1	1
membrane assembly	GO:0071709		36	10	7.054081748832973	0.3489786722435137	1.1481803625092408	0.1127627223408161	1	1
basement membrane organization	GO:0071711		12	2	2.3513605829443245	-0.16184695152247705	0.7716727237196409	0.7135533259489933	1	1
icosanoid transport	GO:0071715		23	2	4.506774450643289	-0.8124345176636266	0.4303676116636751	0.9563004221799327	1	1
leukotriene transport	GO:0071716		6	0	1.1756802914721622	-Inf	0	1	1	1
response to nitric oxide	GO:0071731		7	1	1.3716270067175225	-0.3159976313497353	0.6763118873418741	0.7827962839733025	1	1
nuclear membrane organization	GO:0071763		36	6	7.054081748832973	-0.16184695152247705	0.7716727237196409	0.679916925076772	1	1
response to BMP	GO:0071772		42	4	8.229762040305134	-0.7214627394578996	0.46869159825755335	0.9721390688692773	1	1
cellular response to BMP stimulus	GO:0071773		42	4	8.229762040305134	-0.7214627394578996	0.46869159825755335	0.9721390688692773	1	1
response to fibroblast growth factor	GO:0071774		37	4	7.2500284640783335	-0.5947110338187559	0.5269887183617267	0.9415857884212321	1	1
endoplasmic reticulum tubular network organization	GO:0071786		14	4	2.743254013435045	0.37714954921021	1.171306923303042	0.2878991921787099	1	1
response to prostaglandin D	GO:0071798		6	0	1.1756802914721622	-Inf	0	1	1	1
cellular response to prostaglandin D stimulus	GO:0071799		6	0	1.1756802914721622	-Inf	0	1	1	1
regulation of podosome assembly	GO:0071801		9	3	1.7635204372082431	0.5313002290374682	1.301399677662636	0.25111567812712277	1	1
positive regulation of podosome assembly	GO:0071803		6	2	1.1756802914721622	0.5313002290374682	1.301399677662636	0.33467808653175235	1	1
potassium ion transmembrane transport	GO:0071805		62	6	12.148696345212342	-0.7054623981114585	0.4757313781028441	0.9833682933066337	1	1
protein transmembrane transport	GO:0071806		33	2	6.466241603096892	-1.173447863200957	0.30456808371541577	0.9918460205406844	1	1
tail-anchored membrane protein insertion into ER membrane	GO:0071816		17	0	3.331094159171126	-Inf	0	1	1	1
protein-DNA complex organization	GO:0071824		92	8	18.027097802573156	-0.8124345176636266	0.4303676116636751	0.9987700957453571	1	1
protein-lipid complex organization	GO:0071825		37	4	7.2500284640783335	-0.5947110338187559	0.5269887183617267	0.9494584541116876	1	1
protein-RNA complex organization	GO:0071826		121	14	23.709552544688602	-0.5268206982759045	0.56064383983364	0.9897791575600086	1	1
plasma lipoprotein particle organization	GO:0071827		35	3	6.858135033587613	-0.826823255115726	0.42456612542938926	0.9783718242138688	1	1
triglyceride-rich lipoprotein particle clearance	GO:0071830		5	0	0.9797335762268019	-Inf	0	1	1	1
response to monoamine	GO:0071867		24	0	4.702721165888649	-Inf	0	1	1	1
cellular response to monoamine stimulus	GO:0071868		24	0	4.702721165888649	-Inf	0	1	1	1
response to catecholamine	GO:0071869		24	0	4.702721165888649	-Inf	0	1	1	1
cellular response to catecholamine stimulus	GO:0071870		24	0	4.702721165888649	-Inf	0	1	1	1
response to epinephrine	GO:0071871		7	0	1.3716270067175225	-Inf	0	1	1	1
cellular response to epinephrine stimulus	GO:0071872		7	0	1.3716270067175225	-Inf	0	1	1	1
adrenergic receptor signaling pathway	GO:0071875		12	1	2.3513605829443245	-0.8549941320824224	0.4134089075367419	0.9270508704750915	1	1
adenylate cyclase-activating adrenergic receptor signaling pathway	GO:0071880		8	1	1.5675737219628827	-0.44952902397425787	0.6010751724526117	0.8253736056068746	1	1
leukocyte apoptotic process	GO:0071887		9	2	1.7635204372082431	0.12583512092930388	0.9730885098117966	0.5515091337986338	1	1
DNA biosynthetic process	GO:0071897		54	3	10.58112262324946	-1.2604592401905867	0.2798564179962136	0.9990968649405539	1	1
regulation of protein serine/threonine kinase activity	GO:0071900		118	21	23.12171239895252	-0.09624966903666379	0.814977094147858	0.7090163792547752	1	1
negative regulation of protein serine/threonine kinase activity	GO:0071901		32	4	6.270294887851531	-0.44952902397425787	0.6010751724526117	0.8829617145487606	1	1
positive regulation of protein serine/threonine kinase activity	GO:0071902		57	12	11.16896276898554	0.07176789965902816	0.9330203001238664	0.442744024902816	1	1
determination of digestive tract left/right asymmetry	GO:0071907		6	1	1.1756802914721622	-0.16184695152247705	0.7716727237196409	0.6639809576251503	1	1
determination of liver left/right asymmetry	GO:0071910		6	1	1.1756802914721622	-0.16184695152247705	0.7716727237196409	0.6639809576251503	1	1
nitrogen cycle metabolic process	GO:0071941		7	1	1.3716270067175225	-0.3159976313497353	0.6763118873418741	0.7827962839733025	1	1
multivesicular body sorting pathway	GO:0071985		28	3	5.48650802687009	-0.6036797038015163	0.5226710513800359	0.8933905173407	1	1
renal system development	GO:0072001		51	1	9.993282477513377	-2.3019131150187477	0.09990096545492362	0.9999819346999897	1	1
nephron development	GO:0072006		17	0	3.331094159171126	-Inf	0	1	1	1
nephron epithelium development	GO:0072009		9	0	1.7635204372082431	-Inf	0	1	1	1
nephron morphogenesis	GO:0072028		6	0	1.1756802914721622	-Inf	0	1	1	1
kidney epithelium development	GO:0072073		12	0	2.3513605829443245	-Inf	0	1	1	1
nephron tubule morphogenesis	GO:0072078		6	0	1.1756802914721622	-Inf	0	1	1	1
nephron tubule development	GO:0072080		7	0	1.3716270067175225	-Inf	0	1	1	1
nephron epithelium morphogenesis	GO:0072088		6	0	1.1756802914721622	-Inf	0	1	1	1
stem cell proliferation	GO:0072089		11	2	2.155413867698964	-0.0748355745328473	0.8294586149673298	0.6658400887503648	1	1
regulation of stem cell proliferation	GO:0072091		20	1	3.9189343049072076	-1.365819755848413	0.2524803984506228	0.9872781319061674	1	1
regulation of glomerular mesangial cell proliferation	GO:0072124		5	2	0.9797335762268019	0.7136217858314229	1.4619856571553664	0.2544280030025466	1	1
mesenchyme morphogenesis	GO:0072132		7	0	1.3716270067175225	-Inf	0	1	1	1
mesonephric epithelium development	GO:0072163		6	0	1.1756802914721622	-Inf	0	1	1	1
mesonephric tubule development	GO:0072164		6	0	1.1756802914721622	-Inf	0	1	1	1
epithelial tube formation	GO:0072175		5	0	0.9797335762268019	-Inf	0	1	1	1
monocarboxylic acid catabolic process	GO:0072329		67	3	13.128429921439144	-1.4761678130172784	0.22656831798027172	0.9999041092525702	1	1
monocarboxylic acid biosynthetic process	GO:0072330		103	8	20.182511670272117	-0.9253749288442219	0.3866747206350979	0.9997611949436577	1	1
signal transduction by p53 class mediator	GO:0072331		59	10	11.56085619947626	-0.14503983320609576	0.7826150904767786	0.7448082140421876	1	1
intrinsic apoptotic signaling pathway by p53 class mediator	GO:0072332		30	5	5.878401457360811	-0.16184695152247705	0.7716727237196409	0.727127937860995	1	1
modified amino acid transport	GO:0072337		24	1	4.702721165888649	-1.5481413126423678	0.2110720879885675	0.9946890607120057	1	1
rescue of stalled cytosolic ribosome	GO:0072344		34	4	6.662188318342252	-0.5101536457906928	0.5691707139650165	0.922398508655494	1	1
sulfur compound transport	GO:0072348		40	3	7.837868609814415	-0.9603546477402487	0.373978518518295	0.9890329097229658	1	1
tricarboxylic acid metabolic process	GO:0072350		7	2	1.3716270067175225	0.37714954921021	1.171306923303042	0.412113019066995	1	1
protein activation cascade	GO:0072376		13	0	2.547307298189685	-Inf	0	1	1	1
blood coagulation, fibrin clot formation	GO:0072378		12	0	2.3513605829443245	-Inf	0	1	1	1
organelle transport along microtubule	GO:0072384		28	6	5.48650802687009	0.08946747675842903	0.9460294016458648	0.47777744471939176	1	1
plus-end-directed organelle transport along microtubule	GO:0072386		5	0	0.9797335762268019	-Inf	0	1	1	1
microtubule anchoring at microtubule organizing center	GO:0072393		7	0	1.3716270067175225	-Inf	0	1	1	1
response to cell cycle checkpoint signaling	GO:0072396		6	0	1.1756802914721622	-Inf	0	1	1	1
response to DNA integrity checkpoint signaling	GO:0072402		6	0	1.1756802914721622	-Inf	0	1	1	1
response to DNA damage checkpoint signaling	GO:0072423		6	0	1.1756802914721622	-Inf	0	1	1	1
ammonium transmembrane transport	GO:0072488		6	1	1.1756802914721622	-0.16184695152247705	0.7716727237196409	0.72984153184383	1	1
purine-containing compound biosynthetic process	GO:0072522		103	11	20.182511670272117	-0.6069211977256873	0.5211178554999327	0.9935298236079999	1	1
purine-containing compound catabolic process	GO:0072523		52	5	10.18922919275874	-0.711893288441749	0.47289101547467527	0.9784181067614217	1	1
pyridine-containing compound metabolic process	GO:0072524		74	10	14.500056928156667	-0.3715674825045461	0.644168932283637	0.9198823552131956	1	1
pyridine-containing compound biosynthetic process	GO:0072525		7	2	1.3716270067175225	0.37714954921021	1.171306923303042	0.412113019066995	1	1
pyridine-containing compound catabolic process	GO:0072526		29	1	5.68245474211545	-1.737383312280896	0.175084390045287	0.9977833603691817	1	1
pyrimidine-containing compound metabolic process	GO:0072527		51	5	9.993282477513377	-0.6924752025846472	0.4815124235297748	0.9813322941601599	1	1
pyrimidine-containing compound biosynthetic process	GO:0072528		16	2	3.1351474439257654	-0.44952902397425787	0.6010751724526117	0.8506090120081047	1	1
pyrimidine-containing compound catabolic process	GO:0072529		23	3	4.506774450643289	-0.4069694095554622	0.6243111154330052	0.8567486189236605	1	1
purine-containing compound transmembrane transport	GO:0072530		23	2	4.506774450643289	-0.8124345176636266	0.4303676116636751	0.9563004221799327	1	1
pyrimidine-containing compound transmembrane transport	GO:0072531		11	1	2.155413867698964	-0.7679827550927926	0.4487358074677462	0.90925940843125	1	1
T-helper 17 type immune response	GO:0072538		6	1	1.1756802914721622	-0.16184695152247705	0.7716727237196409	0.72984153184383	1	1
clathrin-dependent endocytosis	GO:0072583		15	1	2.9392007286804054	-1.078137683396632	0.3339847283501357	0.9620999807715159	1	1
reactive oxygen species metabolic process	GO:0072593		57	9	11.16896276898554	-0.21591417279275285	0.737194362814586	0.7948636166393832	1	1
establishment of protein localization to organelle	GO:0072594		177	28	34.68256859842878	-0.21403270469304722	0.7383755577239943	0.8995863608106078	1	1
maintenance of protein localization in organelle	GO:0072595		30	3	5.878401457360811	-0.6726725752884678	0.4904435399678537	0.9509461043501022	1	1
establishment of protein localization to endoplasmic reticulum	GO:0072599		18	5	3.5270408744164863	0.3489786722435137	1.1481803625092408	0.22804914491522568	1	1
protein localization to plasma membrane	GO:0072659		108	17	21.16224524649892	-0.21900536536242565	0.7352566210170144	0.8733758597777601	1	1
protein localization to peroxisome	GO:0072662		18	1	3.5270408744164863	-1.2604592401905867	0.2798564179962136	0.9755081197271886	1	1
establishment of protein localization to peroxisome	GO:0072663		18	1	3.5270408744164863	-1.2604592401905867	0.2798564179962136	0.9755081197271886	1	1
protein localization to vacuole	GO:0072665		35	6	6.858135033587613	-0.13367607455578068	0.7900734555975877	0.7081570564149302	1	1
establishment of protein localization to vacuole	GO:0072666		21	5	4.114881020152567	0.19482799241625548	1.0256053873788344	0.39541452308771846	1	1
neutrophil extravasation	GO:0072672		6	0	1.1756802914721622	-Inf	0	1	1	1
lymphocyte migration	GO:0072676		26	3	5.09461459637937	-0.5295717316477945	0.5592464895478996	0.8762696930387821	1	1
eosinophil migration	GO:0072677		8	4	1.5675737219628827	0.9367653371456328	1.6662678944047509	0.05259704942791124	1	1
T cell migration	GO:0072678		16	2	3.1351474439257654	-0.44952902397425787	0.6010751724526117	0.8506090120081047	1	1
protein localization to microtubule cytoskeleton	GO:0072698		31	3	6.074348172606171	-0.7054623981114585	0.4757313781028441	0.9509461043501022	1	1
response to hydroxyurea	GO:0072710		9	0	1.7635204372082431	-Inf	0	1	1	1
cellular response to hydroxyurea	GO:0072711		8	0	1.5675737219628827	-Inf	0	1	1	1
positive regulation by symbiont of entry into host	GO:0075294		14	1	2.743254013435045	-1.0091448119096806	0.35690501805843033	0.952854632353058	1	1
endocytosis involved in viral entry into host cell	GO:0075509		9	1	1.7635204372082431	-0.5673120596306415	0.5403638836722494	0.8596066645829048	1	1
IRES-dependent viral translational initiation	GO:0075522		11	1	2.155413867698964	-0.7679827550927926	0.4487358074677462	0.90925940843125	1	1
viral translational termination-reinitiation	GO:0075525		5	0	0.9797335762268019	-Inf	0	1	1	1
intracellular transport of virus	GO:0075733		5	2	0.9797335762268019	0.7136217858314229	1.4619856571553664	0.2544280030025466	1	1
regulation of nitric oxide metabolic process	GO:0080164		29	7	5.68245474211545	0.2085268367744173	1.0362119597125292	0.336267558730799	1	1
lytic vacuole organization	GO:0080171		53	7	10.385175908004099	-0.3944692467912305	0.6312677458527712	0.9068884245202646	1	1
protein K6-linked ubiquitination	GO:0085020		15	3	2.9392007286804054	0.020474605271477528	0.8959251696155924	0.586697296105379	1	1
extracellular matrix assembly	GO:0085029		9	0	1.7635204372082431	-Inf	0	1	1	1
cardiac muscle cell action potential	GO:0086001		37	6	7.2500284640783335	-0.18924592571059148	0.7540623264792583	0.7346464424404406	1	1
cardiac muscle cell action potential involved in contraction	GO:0086002		27	4	5.29056131162473	-0.27962998717886045	0.6979908774849563	0.7786888354213644	1	1
cardiac muscle cell contraction	GO:0086003		27	4	5.29056131162473	-0.27962998717886045	0.6979908774849563	0.7786888354213644	1	1
regulation of cardiac muscle cell contraction	GO:0086004		21	1	4.114881020152567	-1.414609920017845	0.24068973026822393	0.9897737816257031	1	1
ventricular cardiac muscle cell action potential	GO:0086005		12	2	2.3513605829443245	-0.16184695152247705	0.7716727237196409	0.6658400887503648	1	1
membrane repolarization	GO:0086009		19	6	3.7229875896618467	0.47723300776719246	1.255120035952325	0.1515463728736116	1	1
membrane depolarization during action potential	GO:0086010		22	3	4.310827735397928	-0.36251764698462824	0.6493225649570408	0.8345790763109171	1	1
membrane repolarization during action potential	GO:0086011		15	5	2.9392007286804054	0.5313002290374682	1.301399677662636	0.15384915157859902	1	1
membrane depolarization during cardiac muscle cell action potential	GO:0086012		16	2	3.1351474439257654	-0.44952902397425787	0.6010751724526117	0.8506090120081047	1	1
membrane repolarization during cardiac muscle cell action potential	GO:0086013		14	5	2.743254013435045	0.6002931005244198	1.361389368780337	0.12119618009048963	1	1
atrial cardiac muscle cell action potential	GO:0086014		12	0	2.3513605829443245	-Inf	0	1	1	1
SA node cell action potential	GO:0086015		5	0	0.9797335762268019	-Inf	0	1	1	1
AV node cell action potential	GO:0086016		6	0	1.1756802914721622	-Inf	0	1	1	1
SA node cell to atrial cardiac muscle cell signaling	GO:0086018		5	0	0.9797335762268019	-Inf	0	1	1	1
atrial cardiac muscle cell to AV node cell signaling	GO:0086026		12	0	2.3513605829443245	-Inf	0	1	1	1
AV node cell to bundle of His cell signaling	GO:0086027		6	0	1.1756802914721622	-Inf	0	1	1	1
bundle of His cell to Purkinje myocyte signaling	GO:0086028		5	0	0.9797335762268019	-Inf	0	1	1	1
regulation of cardiac muscle cell membrane potential	GO:0086036		5	0	0.9797335762268019	-Inf	0	1	1	1
cardiac muscle cell-cardiac muscle cell adhesion	GO:0086042		6	0	1.1756802914721622	-Inf	0	1	1	1
bundle of His cell action potential	GO:0086043		5	0	0.9797335762268019	-Inf	0	1	1	1
cell communication by electrical coupling involved in cardiac conduction	GO:0086064		9	1	1.7635204372082431	-0.5673120596306415	0.5403638836722494	0.8596066645829048	1	1
cell communication involved in cardiac conduction	GO:0086065		34	2	6.662188318342252	-1.203300826350638	0.2958661985436187	0.993264696378254	1	1
atrial cardiac muscle cell to AV node cell communication	GO:0086066		13	0	2.547307298189685	-Inf	0	1	1	1
AV node cell to bundle of His cell communication	GO:0086067		7	0	1.3716270067175225	-Inf	0	1	1	1
bundle of His cell to Purkinje myocyte communication	GO:0086069		13	0	2.547307298189685	-Inf	0	1	1	1
SA node cell to atrial cardiac muscle cell communication	GO:0086070		5	0	0.9797335762268019	-Inf	0	1	1	1
bundle of His cell-Purkinje myocyte adhesion involved in cell communication	GO:0086073		6	0	1.1756802914721622	-Inf	0	1	1	1
regulation of heart rate by cardiac conduction	GO:0086091		32	5	6.270294887851531	-0.2263854726600481	0.7306450459037862	0.7796291252654528	1	1
endothelin receptor signaling pathway	GO:0086100		6	5	1.1756802914721622	1.4475909609116233	2.154282296884369	0.001447107088554664	0.939130719129487	0.939130719129487
amino acid import across plasma membrane	GO:0089718		25	5	4.898667881134009	0.020474605271477528	0.8959251696155924	0.5201872527667094	1	1
regulation of neutrophil chemotaxis	GO:0090022		19	5	3.7229875896618467	0.29491145097323795	1.1044033007862541	0.3101636470445178	1	1
positive regulation of neutrophil chemotaxis	GO:0090023		13	4	2.547307298189685	0.4512575213639317	1.2331288170502879	0.24026976015350388	1	1
regulation of monocyte chemotaxis	GO:0090025		25	7	4.898667881134009	0.3569468418926906	1.1547001516777664	0.17488840384538004	1	1
positive regulation of monocyte chemotaxis	GO:0090026		21	5	4.114881020152567	0.19482799241625548	1.0256053873788344	0.3526797416960536	1	1
regulation of steroid hormone biosynthetic process	GO:0090030		9	0	1.7635204372082431	-Inf	0	1	1	1
regulation of cell migration involved in sprouting angiogenesis	GO:0090049		28	5	5.48650802687009	-0.0928540800355255	0.8172621624671887	0.6661470071892857	1	1
positive regulation of cell migration involved in sprouting angiogenesis	GO:0090050		15	2	2.9392007286804054	-0.38499050283668673	0.6365829165604019	0.8234197544946463	1	1
negative regulation of cell migration involved in sprouting angiogenesis	GO:0090051		13	3	2.547307298189685	0.16357544891215084	1.0016275609675553	0.48337514553833716	1	1
positive regulation of microtubule nucleation	GO:0090063		8	1	1.5675737219628827	-0.44952902397425787	0.6010751724526117	0.8253736056068746	1	1
regulation of anatomical structure size	GO:0090066		184	28	36.05419560514631	-0.2528187297282039	0.714298303557231	0.948505140452262	1	1
positive regulation of cell cycle process	GO:0090068		165	17	32.331208015484464	-0.6428196121387867	0.5041750521397308	0.9990618848236511	1	1
relaxation of muscle	GO:0090075		10	2	1.9594671524536038	0.020474605271477528	0.8959251696155924	0.5515091337986338	1	1
regulation of inclusion body assembly	GO:0090083		15	5	2.9392007286804054	0.5313002290374682	1.301399677662636	0.15384915157859902	1	1
negative regulation of inclusion body assembly	GO:0090084		9	4	1.7635204372082431	0.8189823014892492	1.5575209121087805	0.08032957970501445	1	1
regulation of protein deubiquitination	GO:0090085		10	5	1.9594671524536038	0.9367653371456326	1.6662678944047506	0.030150159034601248	1	1
regulation of peptide transport	GO:0090087		73	9	14.304110212911306	-0.46332234610659373	0.5936932682808475	0.9632614987021009	1	1
negative regulation of canonical Wnt signaling pathway	GO:0090090		89	10	17.43925765683707	-0.5561387590325161	0.5458985853316293	0.9753307382929923	1	1
positive regulation of extracellular matrix disassembly	GO:0090091		8	3	1.5675737219628827	0.6490832646938518	1.4044007738015039	0.1941869786530865	1	1
regulation of transmembrane receptor protein serine/threonine kinase signaling pathway	GO:0090092		148	24	29.000113856313334	-0.18924592571059148	0.7540623264792583	0.840038294330443	1	1
positive regulation of transmembrane receptor protein serine/threonine kinase signaling pathway	GO:0090100		67	8	13.128429921439144	-0.49533856000555215	0.5768383426438579	0.9611141981999531	1	1
negative regulation of transmembrane receptor protein serine/threonine kinase signaling pathway	GO:0090101		78	14	15.283843789138107	-0.08773897936875508	0.8207123873283917	0.6262954086513477	1	1
cochlea development	GO:0090102		5	1	0.9797335762268019	0.020474605271477528	0.8959251696155924	0.6639809576251503	1	1
regulation of cell-substrate junction assembly	GO:0090109		46	7	9.013548901286578	-0.2528187297282039	0.714298303557231	0.8240814772316816	1	1
COPII-coated vesicle cargo loading	GO:0090110		12	1	2.3513605829443245	-0.8549941320824224	0.4134089075367419	0.9270508704750915	1	1
COPII-coated vesicle budding	GO:0090114		23	1	4.506774450643289	-1.505581698223572	0.22010662597536554	0.9933926808077949	1	1
tissue migration	GO:0090130		14	2	2.743254013435045	-0.3159976313497353	0.6763118873418741	0.791856760042744	1	1
epithelium migration	GO:0090132		14	2	2.743254013435045	-0.3159976313497353	0.6763118873418741	0.791856760042744	1	1
epithelial cell-cell adhesion	GO:0090136		10	1	1.9594671524536038	-0.6726725752884678	0.4904435399678537	0.8871303793693512	1	1
regulation of mitochondrial fission	GO:0090140		24	3	4.702721165888649	-0.44952902397425804	0.6010751724526116	0.8567486189236605	1	1
positive regulation of mitochondrial fission	GO:0090141		16	1	3.1351474439257654	-1.1426762045342032	0.3137893727853598	0.9620999807715159	1	1
membrane fission	GO:0090148		8	2	1.5675737219628827	0.24361815658568745	1.063644502877227	0.48475503253829777	1	1
establishment of protein localization to membrane	GO:0090150		119	19	23.317659114197884	-0.20477199623951106	0.7442090872882057	0.8501021124684451	1	1
regulation of sphingolipid biosynthetic process	GO:0090153		9	3	1.7635204372082431	0.5313002290374682	1.301399677662636	0.25111567812712277	1	1
negative regulation of sphingolipid biosynthetic process	GO:0090155		5	2	0.9797335762268019	0.7136217858314229	1.4619856571553664	0.2544280030025466	1	1
endoplasmic reticulum membrane organization	GO:0090158		8	2	1.5675737219628827	0.24361815658568745	1.063644502877227	0.48475503253829777	1	1
Golgi to lysosome transport	GO:0090160		10	0	1.9594671524536038	-Inf	0	1	1	1
Golgi ribbon formation	GO:0090161		10	1	1.9594671524536038	-0.6726725752884678	0.4904435399678537	0.8871303793693512	1	1
establishment of epithelial cell polarity	GO:0090162		15	1	2.9392007286804054	-1.078137683396632	0.3339847283501357	0.9620999807715159	1	1
regulation of spindle assembly	GO:0090169		29	3	5.68245474211545	-0.6387710236127861	0.5060622315132961	0.9213816428600476	1	1
organelle membrane fusion	GO:0090174		44	6	8.621655470795856	-0.36251764698462824	0.6493225649570408	0.8578313001488673	1	1
regulation of cholesterol metabolic process	GO:0090181		28	3	5.48650802687009	-0.6036797038015163	0.5226710513800359	0.9326947962290502	1	1
regulation of release of cytochrome c from mitochondria	GO:0090199		34	6	6.662188318342252	-0.10468853768252841	0.8093165486581243	0.6499583354560264	1	1
positive regulation of release of cytochrome c from mitochondria	GO:0090200		18	3	3.5270408744164863	-0.16184695152247705	0.7716727237196409	0.7145810752892615	1	1
negative regulation of release of cytochrome c from mitochondria	GO:0090201		15	3	2.9392007286804054	0.020474605271477528	0.8959251696155924	0.586697296105379	1	1
positive regulation of cholesterol metabolic process	GO:0090205		16	2	3.1351474439257654	-0.44952902397425787	0.6010751724526117	0.8506090120081047	1	1
regulation of triglyceride metabolic process	GO:0090207		20	3	3.9189343049072076	-0.2672074671803034	0.705512384119831	0.7813010638640464	1	1
positive regulation of triglyceride metabolic process	GO:0090208		11	2	2.155413867698964	-0.0748355745328473	0.8294586149673298	0.6658400887503648	1	1
negative regulation of triglyceride metabolic process	GO:0090209		5	1	0.9797335762268019	0.020474605271477528	0.8959251696155924	0.6639809576251503	1	1
regulation of spindle organization	GO:0090224		41	4	8.033815325059775	-0.6973651878788393	0.47932865570259287	0.9623561196644359	1	1
regulation of spindle checkpoint	GO:0090231		17	1	3.331094159171126	-1.203300826350638	0.2958661985436187	0.9755081197271886	1	1
positive regulation of spindle checkpoint	GO:0090232		7	0	1.3716270067175225	-Inf	0	1	1	1
negative regulation of spindle checkpoint	GO:0090233		5	0	0.9797335762268019	-Inf	0	1	1	1
regulation of metaphase plate congression	GO:0090235		12	1	2.3513605829443245	-0.8549941320824224	0.4134089075367419	0.9270508704750915	1	1
regulation of muscle system process	GO:0090257		102	10	19.986564955026754	-0.6924752025846472	0.4815124235297748	0.9969482669260059	1	1
positive regulation of canonical Wnt signaling pathway	GO:0090263		65	9	12.736536490948424	-0.3472501748538399	0.6580884102737917	0.903250209539029	1	1
regulation of mitotic cell cycle spindle assembly checkpoint	GO:0090266		17	1	3.331094159171126	-1.203300826350638	0.2958661985436187	0.9755081197271886	1	1
positive regulation of mitotic cell cycle spindle assembly checkpoint	GO:0090267		7	0	1.3716270067175225	-Inf	0	1	1	1
regulation of peptide hormone secretion	GO:0090276		72	9	14.108163497665945	-0.44952902397425787	0.6010751724526117	0.9588563138113542	1	1
positive regulation of peptide hormone secretion	GO:0090277		30	2	5.878401457360811	-1.078137683396632	0.3339847283501357	0.988077777716682	1	1
negative regulation of peptide hormone secretion	GO:0090278		11	1	2.155413867698964	-0.7679827550927926	0.4487358074677462	0.90925940843125	1	1
regulation of calcium ion import	GO:0090279		18	5	3.5270408744164863	0.3489786722435137	1.1481803625092408	0.26842225910480577	1	1
positive regulation of calcium ion import	GO:0090280		7	3	1.3716270067175225	0.7826146573183743	1.5243441625433054	0.14109075519364597	1	1
regulation of cellular response to growth factor stimulus	GO:0090287		164	27	32.1352613002391	-0.17411704411429144	0.7637512462194666	0.852022671772521	1	1
negative regulation of cellular response to growth factor stimulus	GO:0090288		57	11	11.16896276898554	-0.015243477330601626	0.8706360006584214	0.5499494150551146	1	1
positive regulation of wound healing	GO:0090303		43	6	8.425708755550495	-0.33952812875992944	0.6625562004540068	0.8729001549371973	1	1
mitotic spindle assembly	GO:0090307		38	1	7.4459751793236935	-2.0076736420208077	0.13390026174376737	0.9997507810083095	1	1
regulation of protein deacetylation	GO:0090311		7	1	1.3716270067175225	-0.3159976313497353	0.6763118873418741	0.72984153184383	1	1
regulation of protein targeting to membrane	GO:0090313		14	0	2.743254013435045	-Inf	0	1	1	1
positive regulation of protein targeting to membrane	GO:0090314		10	0	1.9594671524536038	-Inf	0	1	1	1
positive regulation of intracellular protein transport	GO:0090316		57	14	11.16896276898554	0.2259185794862865	1.04976111802039	0.21400232746196665	1	1
negative regulation of intracellular protein transport	GO:0090317		24	3	4.702721165888649	-0.44952902397425804	0.6010751724526116	0.8762696930387821	1	1
regulation of superoxide metabolic process	GO:0090322		17	3	3.331094159171126	-0.10468853768252841	0.8093165486581243	0.6757301864742484	1	1
regulation of DNA-templated DNA replication	GO:0090329		22	0	4.310827735397928	-Inf	0	1	1	1
regulation of platelet aggregation	GO:0090330		18	3	3.5270408744164863	-0.16184695152247705	0.7716727237196409	0.7145810752892615	1	1
negative regulation of platelet aggregation	GO:0090331		5	0	0.9797335762268019	-Inf	0	1	1	1
phagosome maturation	GO:0090382		14	3	2.743254013435045	0.08946747675842903	0.9460294016458648	0.5366867691818712	1	1
phagosome acidification	GO:0090383		5	2	0.9797335762268019	0.7136217858314229	1.4619856571553664	0.2544280030025466	1	1
phagosome-lysosome fusion	GO:0090385		6	3	1.1756802914721622	0.9367653371456326	1.6662678944047506	0.09392783594413556	1	1
cellular senescence	GO:0090398		42	6	8.229762040305134	-0.3159976313497353	0.6763118873418741	0.8578313001488673	1	1
replicative senescence	GO:0090399		9	1	1.7635204372082431	-0.5673120596306415	0.5403638836722494	0.8596066645829048	1	1
stress-induced premature senescence	GO:0090400		7	1	1.3716270067175225	-0.3159976313497353	0.6763118873418741	0.7827962839733025	1	1
protein localization to nuclear envelope	GO:0090435		5	0	0.9797335762268019	-Inf	0	1	1	1
pyrimidine nucleotide-sugar transmembrane transport	GO:0090481		7	0	1.3716270067175225	-Inf	0	1	1	1
catecholamine uptake	GO:0090493		8	0	1.5675737219628827	-Inf	0	1	1	1
dopamine uptake	GO:0090494		8	0	1.5675737219628827	-Inf	0	1	1	1
epiboly	GO:0090504		17	4	3.331094159171126	0.1829935347692526	1.0164894330322407	0.4341305238893221	1	1
epiboly involved in wound healing	GO:0090505		16	4	3.1351474439257654	0.24361815658568745	1.063644502877227	0.38564078766012255	1	1
sphingolipid mediated signaling pathway	GO:0090520		7	0	1.3716270067175225	-Inf	0	1	1	1
establishment of endothelial intestinal barrier	GO:0090557		10	4	1.9594671524536038	0.7136217858314229	1.4619856571553664	0.11378252681862328	1	1
regulation of membrane permeability	GO:0090559		43	6	8.425708755550495	-0.33952812875992944	0.6625562004540068	0.841318657476793	1	1
inflammatory response to wounding	GO:0090594		7	3	1.3716270067175225	0.7826146573183743	1.5243441625433054	0.14109075519364597	1	1
sensory organ morphogenesis	GO:0090596		26	2	5.09461459637937	-0.9350368397559589	0.38312923895522005	0.974789641605454	1	1
ubiquitin-independent protein catabolic process via the multivesicular body sorting pathway	GO:0090611		5	1	0.9797335762268019	0.020474605271477528	0.8959251696155924	0.6639809576251503	1	1
activation of GTPase activity	GO:0090630		17	4	3.331094159171126	0.1829935347692526	1.0164894330322407	0.4341305238893221	1	1
mitochondrial tRNA processing	GO:0090646		13	1	2.547307298189685	-0.9350368397559589	0.38312923895522005	0.9413547843308927	1	1
t-circle formation	GO:0090656		10	0	1.9594671524536038	-Inf	0	1	1	1
telomeric loop disassembly	GO:0090657		10	0	1.9594671524536038	-Inf	0	1	1	1
scaRNA localization to Cajal body	GO:0090666		5	2	0.9797335762268019	0.7136217858314229	1.4619856571553664	0.2544280030025466	1	1
RNA localization to Cajal body	GO:0090670		5	2	0.9797335762268019	0.7136217858314229	1.4619856571553664	0.2544280030025466	1	1
RNA localization to nucleus	GO:0090685		5	2	0.9797335762268019	0.7136217858314229	1.4619856571553664	0.2544280030025466	1	1
telomere maintenance via telomere trimming	GO:0090737		10	0	1.9594671524536038	-Inf	0	1	1	1
acetylcholine receptor signaling pathway	GO:0095500		13	3	2.547307298189685	0.16357544891215084	1.0016275609675553	0.42727390275722177	1	1
regulation of plasma lipoprotein particle levels	GO:0097006		46	5	9.013548901286578	-0.5892909663494168	0.5296124650317189	0.9619786259943168	1	1
energy homeostasis	GO:0097009		9	0	1.7635204372082431	-Inf	0	1	1	1
cellular response to granulocyte macrophage colony-stimulating factor stimulus	GO:0097011		7	1	1.3716270067175225	-0.3159976313497353	0.6763118873418741	0.7827962839733025	1	1
response to granulocyte macrophage colony-stimulating factor	GO:0097012		7	1	1.3716270067175225	-0.3159976313497353	0.6763118873418741	0.7827962839733025	1	1
dendritic cell differentiation	GO:0097028		9	0	1.7635204372082431	-Inf	0	1	1	1
regulation of membrane lipid distribution	GO:0097035		31	3	6.074348172606171	-0.7054623981114585	0.4757313781028441	0.9582301461145316	1	1
dendritic spine organization	GO:0097061		6	0	1.1756802914721622	-Inf	0	1	1	1
craniofacial suture morphogenesis	GO:0097094		8	1	1.5675737219628827	-0.44952902397425787	0.6010751724526117	0.8253736056068746	1	1
epoxide metabolic process	GO:0097176		5	0	0.9797335762268019	-Inf	0	1	1	1
amelogenesis	GO:0097186		6	0	1.1756802914721622	-Inf	0	1	1	1
apoptotic signaling pathway	GO:0097190		184	38	36.05419560514631	0.052562919822977894	0.9190251767429336	0.35896033025875546	1	1
extrinsic apoptotic signaling pathway	GO:0097191		57	13	11.16896276898554	0.1518106073325646	0.9926816592687747	0.3186476370443343	1	1
intrinsic apoptotic signaling pathway	GO:0097193		97	22	19.006831378799955	0.14624399256051102	0.9884643600909717	0.2238484764642807	1	1
execution phase of apoptosis	GO:0097194		31	8	6.074348172606171	0.27536685490026763	1.0887820366576257	0.25075109495472014	1	1
renal filtration	GO:0097205		6	0	1.1756802914721622	-Inf	0	1	1	1
lysosomal membrane organization	GO:0097212		5	0	0.9797335762268019	-Inf	0	1	1	1
cellular response to toxic substance	GO:0097237		44	7	8.621655470795856	-0.20836696715737	0.7419406644966718	0.7860826087756027	1	1
amyloid-beta clearance	GO:0097242		16	1	3.1351474439257654	-1.1426762045342032	0.3137893727853598	0.9695327120224101	1	1
self proteolysis	GO:0097264		6	0	1.1756802914721622	-Inf	0	1	1	1
omega-hydroxylase P450 pathway	GO:0097267		12	0	2.3513605829443245	-Inf	0	1	1	1
programmed necrotic cell death	GO:0097300		14	3	2.743254013435045	0.08946747675842903	0.9460294016458648	0.5366867691818712	1	1
response to alcohol	GO:0097305		64	6	12.540589775703062	-0.7372110964260388	0.46185108743638903	0.9905484489287726	1	1
cellular response to alcohol	GO:0097306		41	3	8.033815325059775	-0.9850472603306202	0.3652462989862176	0.9907714904378685	1	1
plasma membrane tubulation	GO:0097320		11	3	2.155413867698964	0.3306295335753171	1.13323234459792	0.30997274297362254	1	1
mitochondrial outer membrane permeabilization	GO:0097345		6	0	1.1756802914721622	-Inf	0	1	1	1
autophagosome maturation	GO:0097352		38	7	7.4459751793236935	-0.06176349296549449	0.8383812258838047	0.5757101262873768	1	1
prenylation	GO:0097354		8	2	1.5675737219628827	0.24361815658568745	1.063644502877227	0.48475503253829777	1	1
synaptic vesicle localization	GO:0097479		5	0	0.9797335762268019	-Inf	0	1	1	1
neuron projection guidance	GO:0097485		35	3	6.858135033587613	-0.826823255115726	0.42456612542938926	0.9783718242138688	1	1
regulation of vesicle size	GO:0097494		6	1	1.1756802914721622	-0.16184695152247705	0.7716727237196409	0.72984153184383	1	1
stress response to metal ion	GO:0097501		5	2	0.9797335762268019	0.7136217858314229	1.4619856571553664	0.2544280030025466	1	1
sialylation	GO:0097503		8	3	1.5675737219628827	0.6490832646938518	1.4044007738015039	0.1941869786530865	1	1
necroptotic signaling pathway	GO:0097527		8	1	1.5675737219628827	-0.44952902397425787	0.6010751724526117	0.8253736056068746	1	1
myeloid leukocyte migration	GO:0097529		66	17	12.932483206193783	0.2734711197353686	1.0872727339324606	0.10834041602478271	1	1
granulocyte migration	GO:0097530		41	11	8.033815325059775	0.31423572379964065	1.1199559137482282	0.1646041565555966	1	1
calcium ion transmembrane import into cytosol	GO:0097553		45	4	8.817602186041215	-0.7904556109448511	0.43936503785022574	0.9824497764241864	1	1
lamellipodium organization	GO:0097581		19	1	3.7229875896618467	-1.3145264614608625	0.26547226383291483	0.9841736533539538	1	1
potassium ion export across plasma membrane	GO:0097623		8	2	1.5675737219628827	0.24361815658568745	1.063644502877227	0.412113019066995	1	1
calcitonin family receptor signaling pathway	GO:0097646		10	2	1.9594671524536038	0.020474605271477528	0.8959251696155924	0.6118932315048861	1	1
amylin receptor signaling pathway	GO:0097647		6	0	1.1756802914721622	-Inf	0	1	1	1
double-strand break repair via classical nonhomologous end joining	GO:0097680		9	1	1.7635204372082431	-0.5673120596306415	0.5403638836722494	0.8596066645829048	1	1
double-strand break repair via alternative nonhomologous end joining	GO:0097681		8	0	1.5675737219628827	-Inf	0	1	1	1
cell surface receptor signaling pathway via STAT	GO:0097696		55	12	10.777069338494819	0.10748598226110746	0.959381047090608	0.3905104752852312	1	1
vascular endothelial cell response to fluid shear stress	GO:0097699		13	2	2.547307298189685	-0.2418896591960136	0.7210246532773757	0.7554039042054765	1	1
vascular endothelial cell response to laminar fluid shear stress	GO:0097700		9	0	1.7635204372082431	-Inf	0	1	1	1
response to oscillatory fluid shear stress	GO:0097702		5	2	0.9797335762268019	0.7136217858314229	1.4619856571553664	0.2544280030025466	1	1
cellular response to oscillatory fluid shear stress	GO:0097704		5	2	0.9797335762268019	0.7136217858314229	1.4619856571553664	0.2544280030025466	1	1
vascular endothelial cell response to oscillatory fluid shear stress	GO:0097706		5	2	0.9797335762268019	0.7136217858314229	1.4619856571553664	0.2544280030025466	1	1
calcineurin-mediated signaling	GO:0097720		13	3	2.547307298189685	0.16357544891215084	1.0016275609675553	0.42727390275722177	1	1
sperm motility	GO:0097722		37	0	7.2500284640783335	-Inf	0	1	1	1
extracellular exosome biogenesis	GO:0097734		5	0	0.9797335762268019	-Inf	0	1	1	1
blood vessel diameter maintenance	GO:0097746		44	6	8.621655470795856	-0.36251764698462824	0.6493225649570408	0.8866081885416595	1	1
membrane tubulation	GO:0097749		5	0	0.9797335762268019	-Inf	0	1	1	1
centriole assembly	GO:0098534		26	2	5.09461459637937	-0.9350368397559589	0.38312923895522005	0.974789641605454	1	1
detection of other organism	GO:0098543		15	3	2.9392007286804054	0.020474605271477528	0.8959251696155924	0.586697296105379	1	1
detection of external biotic stimulus	GO:0098581		21	3	4.114881020152567	-0.3159976313497353	0.6763118873418741	0.8095110826530926	1	1
cellular response to virus	GO:0098586		27	7	5.29056131162473	0.2799858007565621	1.0924638209144604	0.2680988616048669	1	1
imitative learning	GO:0098596		6	0	1.1756802914721622	-Inf	0	1	1	1
observational learning	GO:0098597		6	0	1.1756802914721622	-Inf	0	1	1	1
learned vocalization behavior or vocal learning	GO:0098598		9	1	1.7635204372082431	-0.5673120596306415	0.5403638836722494	0.8596066645829048	1	1
cell-cell adhesion	GO:0098609		169	27	33.1149948764659	-0.2041493312131664	0.7446024868317017	0.8685638340345294	1	1
monoatomic anion transmembrane transport	GO:0098656		38	2	7.4459751793236935	-1.3145264614608625	0.26547226383291483	0.9962203255189399	1	1
inorganic cation import across plasma membrane	GO:0098659		38	5	7.4459751793236935	-0.39823572958670733	0.6291652920174439	0.8766362964749745	1	1
G protein-coupled serotonin receptor signaling pathway	GO:0098664		13	0	2.547307298189685	-Inf	0	1	1	1
calcium ion import across plasma membrane	GO:0098703		6	0	1.1756802914721622	-Inf	0	1	1	1
carbohydrate import across plasma membrane	GO:0098704		6	0	1.1756802914721622	-Inf	0	1	1	1
D-glucose import across plasma membrane	GO:0098708		5	0	0.9797335762268019	-Inf	0	1	1	1
sodium ion import across plasma membrane	GO:0098719		13	0	2.547307298189685	-Inf	0	1	1	1
maintenance of cell number	GO:0098727		15	3	2.9392007286804054	0.020474605271477528	0.8959251696155924	0.586697296105379	1	1
macromolecule deacylation	GO:0098732		22	1	4.310827735397928	-1.4611299356527379	0.22994233866048128	0.9917799739109313	1	1
macromolecule depalmitoylation	GO:0098734		7	0	1.3716270067175225	-Inf	0	1	1	1
import across plasma membrane	GO:0098739		82	11	16.06763065011955	-0.3789114567603047	0.6400099015625604	0.9333882943535334	1	1
detoxification	GO:0098754		53	6	10.385175908004099	-0.5486199266184888	0.5496493414896494	0.9574405163677397	1	1
response to interleukin-7	GO:0098760		8	3	1.5675737219628827	0.6490832646938518	1.4044007738015039	0.1941869786530865	1	1
cellular response to interleukin-7	GO:0098761		8	3	1.5675737219628827	0.6490832646938518	1.4044007738015039	0.1941869786530865	1	1
skin epidermis development	GO:0098773		16	2	3.1351474439257654	-0.44952902397425787	0.6010751724526117	0.8234197544946463	1	1
regulation of renal system process	GO:0098801		5	0	0.9797335762268019	-Inf	0	1	1	1
neurotransmitter reuptake	GO:0098810		15	0	2.9392007286804054	-Inf	0	1	1	1
nuclear chromosome segregation	GO:0098813		134	12	26.25685984287829	-0.7830206324573331	0.4424460422317765	0.999619168868796	1	1
modulation of excitatory postsynaptic potential	GO:0098815		5	0	0.9797335762268019	-Inf	0	1	1	1
intestinal lipid absorption	GO:0098856		8	3	1.5675737219628827	0.6490832646938518	1.4044007738015039	0.1941869786530865	1	1
cellular oxidant detoxification	GO:0098869		16	3	3.1351474439257654	-0.04406391586609347	0.8505613782850316	0.6330949519004381	1	1
vesicle-mediated transport to the plasma membrane	GO:0098876		71	9	13.912216782420586	-0.4355427819995182	0.6086345815790593	0.9539845689865843	1	1
regulation of action potential	GO:0098900		32	1	6.270294887851531	-1.8358233850941486	0.15881369579917062	0.9988491348807593	1	1
regulation of cardiac muscle cell action potential	GO:0098901		22	0	4.310827735397928	-Inf	0	1	1	1
regulation of membrane repolarization during action potential	GO:0098903		5	0	0.9797335762268019	-Inf	0	1	1	1
regulation of cardiac muscle cell action potential involved in regulation of contraction	GO:0098909		6	0	1.1756802914721622	-Inf	0	1	1	1
regulation of ventricular cardiac muscle cell action potential	GO:0098911		9	0	1.7635204372082431	-Inf	0	1	1	1
membrane repolarization during ventricular cardiac muscle cell action potential	GO:0098915		5	2	0.9797335762268019	0.7136217858314229	1.4619856571553664	0.2544280030025466	1	1
anterograde trans-synaptic signaling	GO:0098916		146	7	28.608220425822612	-1.4077839549474451	0.24230686683121028	0.9999999293365875	1	1
postsynaptic signal transduction	GO:0098926		14	4	2.743254013435045	0.37714954921021	1.171306923303042	0.24026976015350388	1	1
vesicle-mediated transport between endosomal compartments	GO:0098927		24	2	4.702721165888649	-0.8549941320824224	0.4134089075367419	0.9563004221799327	1	1
axonal transport	GO:0098930		13	3	2.547307298189685	0.16357544891215084	1.0016275609675553	0.48337514553833716	1	1
vesicle-mediated transport in synapse	GO:0099003		22	3	4.310827735397928	-0.36251764698462824	0.6493225649570408	0.8345790763109171	1	1
vesicle tethering	GO:0099022		7	1	1.3716270067175225	-0.3159976313497353	0.6763118873418741	0.7827962839733025	1	1
plasma membrane invagination	GO:0099024		20	4	3.9189343049072076	0.020474605271477528	0.8959251696155924	0.5707787743598538	1	1
vesicle tethering to Golgi	GO:0099041		5	0	0.9797335762268019	-Inf	0	1	1	1
clearance of foreign intracellular nucleic acids	GO:0099046		6	0	1.1756802914721622	-Inf	0	1	1	1
presynapse assembly	GO:0099054		11	2	2.155413867698964	-0.0748355745328473	0.8294586149673298	0.6658400887503648	1	1
microtubule-based transport	GO:0099111		67	9	13.128429921439144	-0.3775555243491688	0.6407762299083434	0.9211683078273512	1	1
tRNA 5'-end processing	GO:0099116		14	2	2.743254013435045	-0.3159976313497353	0.6763118873418741	0.791856760042744	1	1
regulation of postsynaptic neurotransmitter receptor internalization	GO:0099149		5	0	0.9797335762268019	-Inf	0	1	1	1
presynapse organization	GO:0099172		13	2	2.547307298189685	-0.2418896591960136	0.7210246532773757	0.7554039042054765	1	1
postsynapse organization	GO:0099173		17	1	3.331094159171126	-1.203300826350638	0.2958661985436187	0.9755081197271886	1	1
regulation of presynapse organization	GO:0099174		14	0	2.743254013435045	-Inf	0	1	1	1
regulation of postsynapse organization	GO:0099175		18	3	3.5270408744164863	-0.16184695152247705	0.7716727237196409	0.7145810752892615	1	1
regulation of trans-synaptic signaling	GO:0099177		59	9	11.56085619947626	-0.2504003488639221	0.7157827727443663	0.8281530927625919	1	1
synaptic vesicle cycle	GO:0099504		22	3	4.310827735397928	-0.36251764698462824	0.6493225649570408	0.8345790763109171	1	1
vesicle cytoskeletal trafficking	GO:0099518		13	2	2.547307298189685	-0.2418896591960136	0.7210246532773757	0.7554039042054765	1	1
synaptic signaling	GO:0099536		163	11	31.93931458499374	-1.065942410302814	0.33793431229502413	0.9999982824259294	1	1
trans-synaptic signaling	GO:0099537		150	7	29.392007286804052	-1.4348126273353645	0.23596416870496567	0.9999999654630758	1	1
synaptic membrane adhesion	GO:0099560		9	1	1.7635204372082431	-0.5673120596306415	0.5403638836722494	0.7827962839733025	1	1
inorganic ion import across plasma membrane	GO:0099587		38	5	7.4459751793236935	-0.39823572958670733	0.6291652920174439	0.8766362964749745	1	1
regulation of neurotransmitter receptor activity	GO:0099601		10	2	1.9594671524536038	0.020474605271477528	0.8959251696155924	0.48475503253829777	1	1
cardiac muscle cell membrane repolarization	GO:0099622		14	5	2.743254013435045	0.6002931005244198	1.361389368780337	0.12119618009048963	1	1
regulation of cardiac muscle cell membrane repolarization	GO:0099623		19	2	3.7229875896618467	-0.6213792809009171	0.5142372660455732	0.9107998111621118	1	1
ventricular cardiac muscle cell membrane repolarization	GO:0099625		8	2	1.5675737219628827	0.24361815658568745	1.063644502877227	0.48475503253829777	1	1
signal release from synapse	GO:0099643		15	1	2.9392007286804054	-1.078137683396632	0.3339847283501357	0.9620999807715159	1	1
mitotic nuclear membrane organization	GO:0101024		10	3	1.9594671524536038	0.4259397133796419	1.2118523860835395	0.30997274297362254	1	1
cellular response to environmental stimulus	GO:0104004		169	16	33.1149948764659	-0.7273974749777142	0.46610350074513485	0.9998699297324795	1	1
regulation of inflammatory response to wounding	GO:0106014		6	0	1.1756802914721622	-Inf	0	1	1	1
negative regulation of inflammatory response to wounding	GO:0106015		6	0	1.1756802914721622	-Inf	0	1	1	1
neuron projection organization	GO:0106027		11	1	2.155413867698964	-0.7679827550927926	0.4487358074677462	0.90925940843125	1	1
regulation of cellular response to osmotic stress	GO:0106049		7	1	1.3716270067175225	-0.3159976313497353	0.6763118873418741	0.7827962839733025	1	1
regulation of calcineurin-mediated signaling	GO:0106056		20	2	3.9189343049072076	-0.6726725752884678	0.4904435399678537	0.9107998111621118	1	1
negative regulation of calcineurin-mediated signaling	GO:0106057		8	0	1.5675737219628827	-Inf	0	1	1	1
positive regulation of calcineurin-mediated signaling	GO:0106058		11	2	2.155413867698964	-0.0748355745328473	0.8294586149673298	0.6118932315048861	1	1
regulation of adenylate cyclase-activating G protein-coupled receptor signaling pathway	GO:0106070		10	0	1.9594671524536038	-Inf	0	1	1	1
negative regulation of adenylate cyclase-activating G protein-coupled receptor signaling pathway	GO:0106072		9	0	1.7635204372082431	-Inf	0	1	1	1
regulation of sterol biosynthetic process	GO:0106118		17	2	3.331094159171126	-0.5101536457906928	0.5691707139650165	0.8739261887459524	1	1
positive regulation of sterol biosynthetic process	GO:0106120		9	1	1.7635204372082431	-0.5673120596306415	0.5403638836722494	0.8596066645829048	1	1
protein-DNA covalent cross-linking repair	GO:0106300		8	1	1.5675737219628827	-0.44952902397425787	0.6010751724526117	0.8253736056068746	1	1
regulation of actomyosin structure organization	GO:0110020		62	8	12.148696345212342	-0.4177803256596777	0.6183429753554547	0.9383549252064021	1	1
DNA strand resection involved in replication fork processing	GO:0110025		6	1	1.1756802914721622	-0.16184695152247705	0.7716727237196409	0.72984153184383	1	1
regulation of actin filament organization	GO:0110053		134	24	26.25685984287829	-0.0898734518973878	0.819271478895175	0.7075173082483299	1	1
regulation of ferroptosis	GO:0110075		15	6	2.9392007286804054	0.7136217858314229	1.4619856571553664	0.05589023711426988	1	1
negative regulation of ferroptosis	GO:0110076		11	6	2.155413867698964	1.0237767141352625	1.7477284070160983	0.010496838430263045	1	1
cellular detoxification of aldehyde	GO:0110095		5	0	0.9797335762268019	-Inf	0	1	1	1
cellular response to aldehyde	GO:0110096		5	0	0.9797335762268019	-Inf	0	1	1	1
regulation of calcium import into the mitochondrion	GO:0110097		6	0	1.1756802914721622	-Inf	0	1	1	1
positive regulation of animal organ morphogenesis	GO:0110110		5	0	0.9797335762268019	-Inf	0	1	1	1
RNA decapping	GO:0110154		9	3	1.7635204372082431	0.5313002290374682	1.301399677662636	0.25111567812712277	1	1
mRNA methylguanosine-cap decapping	GO:0110156		6	3	1.1756802914721622	0.9367653371456326	1.6662678944047506	0.09392783594413556	1	1
regulation of plasma membrane bounded cell projection assembly	GO:0120032		140	23	27.43254013435045	-0.17623568897457664	0.7623892082348908	0.8357746531430337	1	1
negative regulation of plasma membrane bounded cell projection assembly	GO:0120033		29	5	5.68245474211545	-0.1279453998467956	0.7938529428838758	0.6976999113638871	1	1
positive regulation of plasma membrane bounded cell projection assembly	GO:0120034		58	10	11.3649094842309	-0.1279453998467956	0.7938529428838758	0.7244797615628167	1	1
plasma membrane bounded cell projection morphogenesis	GO:0120039		81	4	15.87168393487419	-1.3782422758469701	0.24942679547994104	0.999970089094814	1	1
regulation of macrophage proliferation	GO:0120040		5	0	0.9797335762268019	-Inf	0	1	1	1
positive regulation of macrophage proliferation	GO:0120041		5	0	0.9797335762268019	-Inf	0	1	1	1
steroid hormone biosynthetic process	GO:0120178		26	1	5.09461459637937	-1.6281840203159041	0.19504664738750926	0.9957311455956721	1	1
negative regulation of protein localization to chromatin	GO:0120186		5	1	0.9797335762268019	0.020474605271477528	0.8959251696155924	0.6639809576251503	1	1
tight junction assembly	GO:0120192		21	2	4.114881020152567	-0.7214627394578996	0.46869159825755335	0.9251885608618968	1	1
tight junction organization	GO:0120193		21	2	4.114881020152567	-0.7214627394578996	0.46869159825755335	0.9251885608618968	1	1
hydrocarbon metabolic process	GO:0120252		5	0	0.9797335762268019	-Inf	0	1	1	1
olefinic compound metabolic process	GO:0120254		77	5	15.087897073892746	-1.1044549917140054	0.3256073764879742	0.9996447578540992	1	1
olefinic compound biosynthetic process	GO:0120255		8	0	1.5675737219628827	-Inf	0	1	1	1
sperm flagellum assembly	GO:0120316		16	0	3.1351474439257654	-Inf	0	1	1	1
meiotic nuclear division	GO:0140013		28	2	5.48650802687009	-1.0091448119096806	0.35690501805843033	0.974789641605454	1	1
mitotic nuclear division	GO:0140014		125	15	24.493339405670042	-0.4903510184945129	0.5794383991838671	0.9880328220282683	1	1
exocytic process	GO:0140029		11	1	2.155413867698964	-0.7679827550927926	0.4487358074677462	0.90925940843125	1	1
lipid droplet formation	GO:0140042		13	2	2.547307298189685	-0.2418896591960136	0.7210246532773757	0.7554039042054765	1	1
cellular response to oxidised low-density lipoprotein particle stimulus	GO:0140052		8	1	1.5675737219628827	-0.44952902397425787	0.6010751724526117	0.8253736056068746	1	1
mitochondrial gene expression	GO:0140053		48	4	9.405442331777298	-0.8549941320824224	0.4134089075367419	0.989072015934791	1	1
organelle localization by membrane tethering	GO:0140056		24	3	4.702721165888649	-0.44952902397425804	0.6010751724526116	0.8762696930387821	1	1
interleukin-10-mediated signaling pathway	GO:0140105		6	0	1.1756802914721622	-Inf	0	1	1	1
extracellular vesicle biogenesis	GO:0140112		6	0	1.1756802914721622	-Inf	0	1	1	1
export across plasma membrane	GO:0140115		35	5	6.858135033587613	-0.3159976313497353	0.6763118873418741	0.8239687093713861	1	1
positive regulation of lymphocyte chemotaxis	GO:0140131		13	6	2.547307298189685	0.8567226294720961	1.5921580402713813	0.027277220249084386	1	1
regulation of long-chain fatty acid import into cell	GO:0140212		5	1	0.9797335762268019	0.020474605271477528	0.8959251696155924	0.6639809576251503	1	1
serotonin-gated cation-selective signaling pathway	GO:0140227		5	0	0.9797335762268019	-Inf	0	1	1	1
presynaptic endocytosis	GO:0140238		9	1	1.7635204372082431	-0.5673120596306415	0.5403638836722494	0.8596066645829048	1	1
cell-cell fusion	GO:0140253		14	0	2.743254013435045	-Inf	0	1	1	1
hexose import across plasma membrane	GO:0140271		6	0	1.1756802914721622	-Inf	0	1	1	1
export from cell	GO:0140352		167	19	32.72310144597518	-0.5436423155447366	0.5521440763548502	0.9980597344803328	1	1
lipid import into cell	GO:0140354		7	1	1.3716270067175225	-0.3159976313497353	0.6763118873418741	0.7827962839733025	1	1
cyclic-GMP-AMP transmembrane import across plasma membrane	GO:0140361		6	1	1.1756802914721622	-0.16184695152247705	0.7716727237196409	0.72984153184383	1	1
antibacterial innate immune response	GO:0140367		6	2	1.1756802914721622	0.5313002290374682	1.301399677662636	0.2544280030025466	1	1
antiviral innate immune response	GO:0140374		52	8	10.18922919275874	-0.2418896591960136	0.7210246532773757	0.7903297730033458	1	1
signaling receptor ligand precursor processing	GO:0140448		27	3	5.29056131162473	-0.5673120596306415	0.5403638836722494	0.9213816428600476	1	1
integrated stress response signaling	GO:0140467		15	4	2.9392007286804054	0.30815667772325855	1.1150519589183827	0.3366446614878407	1	1
HRI-mediated signaling	GO:0140468		7	3	1.3716270067175225	0.7826146573183743	1.5243441625433054	0.14109075519364597	1	1
negative regulation of mitotic spindle assembly checkpoint signaling	GO:0140499		5	0	0.9797335762268019	-Inf	0	1	1	1
granzyme-mediated programmed cell death signaling pathway	GO:0140507		8	1	1.5675737219628827	-0.44952902397425787	0.6010751724526117	0.8253736056068746	1	1
reciprocal homologous recombination	GO:0140527		18	1	3.5270408744164863	-1.2604592401905867	0.2798564179962136	0.9695327120224101	1	1
ubiquitin-dependent protein catabolic process via the C-end degron rule pathway	GO:0140627		12	3	2.3513605829443245	0.24361815658568728	1.0636445028772268	0.3691323739002324	1	1
canonical inflammasome complex assembly	GO:0140632		5	1	0.9797335762268019	0.020474605271477528	0.8959251696155924	0.6639809576251503	1	1
transcription elongation-coupled chromatin remodeling	GO:0140673		6	0	1.1756802914721622	-Inf	0	1	1	1
membraneless organelle assembly	GO:0140694		195	16	38.20960947284527	-0.8704983186183877	0.4073808595154199	0.999996190770027	1	1
facultative heterochromatin formation	GO:0140718		5	0	0.9797335762268019	-Inf	0	1	1	1
constitutive heterochromatin formation	GO:0140719		19	1	3.7229875896618467	-1.3145264614608625	0.26547226383291483	0.9841736533539538	1	1
DNA repair-dependent chromatin remodeling	GO:0140861		21	2	4.114881020152567	-0.7214627394578996	0.46869159825755335	0.9251885608618968	1	1
interferon-mediated signaling pathway	GO:0140888		23	5	4.506774450643289	0.10385621421052853	0.9566826872276941	0.4795808598095375	1	1
endolysosomal toll-like receptor signaling pathway	GO:0140894		17	5	3.331094159171126	0.4061370860834623	1.195322394547758	0.22804914491522568	1	1
cell surface toll-like receptor signaling pathway	GO:0140895		27	12	5.29056131162473	0.8189823014892492	1.5575209121087805	0.0012660003913629804	0.939130719129487	0.939130719129487
cGAS/STING signaling pathway	GO:0140896		5	1	0.9797335762268019	0.020474605271477528	0.8959251696155924	0.6639809576251503	1	1
multicellular organismal-level chemical homeostasis	GO:0140962		35	3	6.858135033587613	-0.826823255115726	0.42456612542938926	0.9744492582586315	1	1
transposable element silencing by heterochromatin formation	GO:0141005		5	0	0.9797335762268019	-Inf	0	1	1	1
disruption of anatomical structure in another organism	GO:0141060		86	13	16.85141751110099	-0.25948542108639294	0.7102176924810596	0.767707774758843	1	1
disruption of cell in another organism	GO:0141061		82	12	16.06763065011955	-0.2919000797706749	0.690619792530335	0.7936563900555609	1	1
inflammasome-mediated signaling pathway	GO:0141084		5	1	0.9797335762268019	0.020474605271477528	0.8959251696155924	0.6639809576251503	1	1
regulation of inflammasome-mediated signaling pathway	GO:0141085		38	4	7.4459751793236935	-0.6213792809009171	0.5142372660455732	0.9494584541116876	1	1
negative regulation of inflammasome-mediated signaling pathway	GO:0141086		21	3	4.114881020152567	-0.3159976313497353	0.6763118873418741	0.7813010638640464	1	1
positive regulation of inflammasome-mediated signaling pathway	GO:0141087		17	1	3.331094159171126	-1.203300826350638	0.2958661985436187	0.9755081197271886	1	1
transforming growth factor beta receptor superfamily signaling pathway	GO:0141091		103	13	20.182511670272117	-0.43986711306252113	0.6062893349293762	0.9717808507370711	1	1
positive regulation of cGAS/STING signaling pathway	GO:0141111		7	0	1.3716270067175225	-Inf	0	1	1	1
positive regulation of gene expression, epigenetic	GO:0141137		44	3	8.621655470795856	-1.0556648275445735	0.34129643233684814	0.9934854274082364	1	1
cAMP/PKA signal transduction	GO:0141156		5	1	0.9797335762268019	0.020474605271477528	0.8959251696155924	0.6639809576251503	1	1
regulation of cAMP/PKA signal transduction	GO:0141161		12	0	2.3513605829443245	-Inf	0	1	1	1
negative regulation of cAMP/PKA signal transduction	GO:0141162		5	0	0.9797335762268019	-Inf	0	1	1	1
positive regulation of cAMP/PKA signal transduction	GO:0141163		7	0	1.3716270067175225	-Inf	0	1	1	1
nucleic acid catabolic process	GO:0141188		156	23	30.567687578276214	-0.2844492736148093	0.6950888662764966	0.9262789981501023	1	1
nuclear receptor-mediated signaling pathway	GO:0141193		52	5	10.18922919275874	-0.711893288441749	0.47289101547467527	0.9838739726487153	1	1
protein branched polyubiquitination	GO:0141198		19	1	3.7229875896618467	-1.3145264614608625	0.26547226383291483	0.9841736533539538	1	1
pyroptotic cell death	GO:0141201		5	1	0.9797335762268019	0.020474605271477528	0.8959251696155924	0.6639809576251503	1	1
regulation of protein localization to lysosome	GO:0150031		5	1	0.9797335762268019	0.020474605271477528	0.8959251696155924	0.6639809576251503	1	1
visual system development	GO:0150063		53	2	10.385175908004099	-1.6472322152865986	0.1914112256945604	0.9997610438913387	1	1
neuroinflammatory response	GO:0150076		7	1	1.3716270067175225	-0.3159976313497353	0.6763118873418741	0.7827962839733025	1	1
regulation of neuroinflammatory response	GO:0150077		14	5	2.743254013435045	0.6002931005244198	1.361389368780337	0.12119618009048963	1	1
positive regulation of neuroinflammatory response	GO:0150078		9	5	1.7635204372082431	1.042125852803459	1.7650150096334833	0.017931386581532288	1	1
amyloid-beta clearance by transcytosis	GO:0150093		7	1	1.3716270067175225	-0.3159976313497353	0.6763118873418741	0.7827962839733025	1	1
amyloid-beta clearance by cellular catabolic process	GO:0150094		6	0	1.1756802914721622	-Inf	0	1	1	1
transport across blood-brain barrier	GO:0150104		15	1	2.9392007286804054	-1.078137683396632	0.3339847283501357	0.9620999807715159	1	1
protein localization to cell-cell junction	GO:0150105		12	1	2.3513605829443245	-0.8549941320824224	0.4134089075367419	0.9270508704750915	1	1
regulation of protein localization to cell-cell junction	GO:0150106		6	0	1.1756802914721622	-Inf	0	1	1	1
cell-substrate junction organization	GO:0150115		21	5	4.114881020152567	0.19482799241625548	1.0256053873788344	0.39541452308771846	1	1
regulation of cell-substrate junction organization	GO:0150116		47	7	9.209495616531937	-0.2743249349491673	0.7011957054781998	0.8409875742415265	1	1
positive regulation of cell-substrate junction organization	GO:0150117		17	4	3.331094159171126	0.1829935347692526	1.0164894330322407	0.4341305238893221	1	1
negative regulation of cell-substrate junction organization	GO:0150118		12	2	2.3513605829443245	-0.16184695152247705	0.7716727237196409	0.7135533259489933	1	1
negative regulation of cGAS/STING signaling pathway	GO:0160049		15	1	2.9392007286804054	-1.078137683396632	0.3339847283501357	0.9620999807715159	1	1
multi-pass transmembrane protein insertion into ER membrane	GO:0160063		9	1	1.7635204372082431	-0.5673120596306415	0.5403638836722494	0.8596066645829048	1	1
lipid droplet fusion	GO:0160077		5	0	0.9797335762268019	-Inf	0	1	1	1
CD27 signaling pathway	GO:0160162		5	1	0.9797335762268019	0.020474605271477528	0.8959251696155924	0.6639809576251503	1	1
paracellular transport	GO:0160184		6	0	1.1756802914721622	-Inf	0	1	1	1
Rho-activating G protein-coupled receptor signaling pathway	GO:0160221		7	1	1.3716270067175225	-0.3159976313497353	0.6763118873418741	0.7827962839733025	1	1
RNA polymerase II transcription initiation surveillance	GO:0160240		19	4	3.7229875896618467	0.07176789965902816	0.9330203001238664	0.5271589678270941	1	1
L-amino acid metabolic process	GO:0170033		101	11	19.790618239781395	-0.5873127263373108	0.5305728051612535	0.990710056748768	1	1
L-amino acid biosynthetic process	GO:0170034		24	3	4.702721165888649	-0.44952902397425804	0.6010751724526116	0.8762696930387821	1	1
L-amino acid catabolic process	GO:0170035		51	4	9.993282477513377	-0.9156187538988572	0.39028495842076305	0.9920775930785228	1	1
import into the mitochondrion	GO:0170036		28	3	5.48650802687009	-0.6036797038015163	0.5226710513800359	0.9326947962290502	1	1
proteinogenic amino acid biosynthetic process	GO:0170038		26	3	5.09461459637937	-0.5295717316477945	0.5592464895478996	0.9083516062867003	1	1
proteinogenic amino acid metabolic process	GO:0170039		104	11	20.37845838551748	-0.6165831086374243	0.5165112332825758	0.994275391254569	1	1
proteinogenic amino acid catabolic process	GO:0170040		54	4	10.58112262324946	-0.9727771677388057	0.36956187637019583	0.9951482043988635	1	1
non-proteinogenic amino acid metabolic process	GO:0170041		35	4	6.858135033587613	-0.5391411826639451	0.5544080151108676	0.9108185322691283	1	1
non-proteinogenic amino acid biosynthetic process	GO:0170043		6	1	1.1756802914721622	-0.16184695152247705	0.7716727237196409	0.72984153184383	1	1
non-proteinogenic amino acid catabolic process	GO:0170044		10	0	1.9594671524536038	-Inf	0	1	1	1
nutrient storage	GO:0170062		24	4	4.702721165888649	-0.16184695152247705	0.7716727237196409	0.7201011001178095	1	1
co-transcriptional mRNA 3'-end processing, cleavage and polyadenylation pathway	GO:0180010		8	0	1.5675737219628827	-Inf	0	1	1	1
co-transcriptional RNA 3'-end processing, cleavage and polyadenylation pathway	GO:0180012		10	1	1.9594671524536038	-0.6726725752884678	0.4904435399678537	0.8871303793693512	1	1
GPI anchored protein biosynthesis	GO:0180046		29	2	5.68245474211545	-1.0442361317209505	0.34507148747084765	0.9856023328255767	1	1
regulation of cytokine production involved in inflammatory response	GO:1900015		33	9	6.466241603096892	0.3306295335753171	1.13323234459792	0.1831805138227558	1	1
negative regulation of cytokine production involved in inflammatory response	GO:1900016		16	5	3.1351474439257654	0.46676170789989724	1.2462354374242461	0.18965628297099674	1	1
positive regulation of cytokine production involved in inflammatory response	GO:1900017		14	4	2.743254013435045	0.37714954921021	1.171306923303042	0.2878991921787099	1	1
regulation of substrate adhesion-dependent cell spreading	GO:1900024		42	5	8.229762040305134	-0.4983191881436898	0.5752890173063128	0.9346618533378964	1	1
negative regulation of substrate adhesion-dependent cell spreading	GO:1900025		10	2	1.9594671524536038	0.020474605271477528	0.8959251696155924	0.6118932315048861	1	1
positive regulation of substrate adhesion-dependent cell spreading	GO:1900026		29	3	5.68245474211545	-0.6387710236127861	0.5060622315132961	0.9424891684094316	1	1
regulation of ruffle assembly	GO:1900027		13	3	2.547307298189685	0.16357544891215084	1.0016275609675553	0.48337514553833716	1	1
positive regulation of ruffle assembly	GO:1900029		7	1	1.3716270067175225	-0.3159976313497353	0.6763118873418741	0.7827962839733025	1	1
regulation of cellular response to heat	GO:1900034		15	4	2.9392007286804054	0.30815667772325855	1.1150519589183827	0.3366446614878407	1	1
regulation of cellular response to hypoxia	GO:1900037		10	3	1.9594671524536038	0.4259397133796419	1.2118523860835395	0.30997274297362254	1	1
negative regulation of cellular response to hypoxia	GO:1900038		6	1	1.1756802914721622	-0.16184695152247705	0.7716727237196409	0.72984153184383	1	1
regulation of protein K63-linked ubiquitination	GO:1900044		11	5	2.155413867698964	0.8414551573413077	1.5781211568485796	0.04652792620488307	1	1
regulation of hemostasis	GO:1900046		46	8	9.013548901286578	-0.1192873371036813	0.7995862820151282	0.7039152133795668	1	1
negative regulation of hemostasis	GO:1900047		33	6	6.466241603096892	-0.0748355745328473	0.8294586149673298	0.6499583354560264	1	1
positive regulation of hemostasis	GO:1900048		14	2	2.743254013435045	-0.3159976313497353	0.6763118873418741	0.791856760042744	1	1
regulation of cellular response to insulin stimulus	GO:1900076		32	5	6.270294887851531	-0.2263854726600481	0.7306450459037862	0.7544282001071914	1	1
negative regulation of cellular response to insulin stimulus	GO:1900077		20	4	3.9189343049072076	0.020474605271477528	0.8959251696155924	0.5271589678270941	1	1
positive regulation of cellular response to insulin stimulus	GO:1900078		8	0	1.5675737219628827	-Inf	0	1	1	1
positive regulation of G1/S transition of mitotic cell cycle	GO:1900087		27	2	5.29056131162473	-0.9727771677388057	0.36956187637019583	0.9696790235040114	1	1
regulation of endoplasmic reticulum unfolded protein response	GO:1900101		28	6	5.48650802687009	0.08946747675842903	0.9460294016458648	0.47777744471939176	1	1
negative regulation of endoplasmic reticulum unfolded protein response	GO:1900102		15	6	2.9392007286804054	0.7136217858314229	1.4619856571553664	0.05589023711426988	1	1
positive regulation of endoplasmic reticulum unfolded protein response	GO:1900103		11	1	2.155413867698964	-0.7679827550927926	0.4487358074677462	0.90925940843125	1	1
extracellular regulation of signal transduction	GO:1900115		6	1	1.1756802914721622	-0.16184695152247705	0.7716727237196409	0.72984153184383	1	1
extracellular negative regulation of signal transduction	GO:1900116		6	1	1.1756802914721622	-0.16184695152247705	0.7716727237196409	0.72984153184383	1	1
regulation of execution phase of apoptosis	GO:1900117		14	4	2.743254013435045	0.37714954921021	1.171306923303042	0.2878991921787099	1	1
positive regulation of execution phase of apoptosis	GO:1900119		12	3	2.3513605829443245	0.24361815658568728	1.0636445028772268	0.42727390275722177	1	1
regulation of receptor binding	GO:1900120		6	0	1.1756802914721622	-Inf	0	1	1	1
regulation of hyaluronan biosynthetic process	GO:1900125		6	2	1.1756802914721622	0.5313002290374682	1.301399677662636	0.33467808653175235	1	1
regulation of defense response to fungus	GO:1900150		5	0	0.9797335762268019	-Inf	0	1	1	1
regulation of nuclear-transcribed mRNA catabolic process, deadenylation-dependent decay	GO:1900151		20	3	3.9189343049072076	-0.2672074671803034	0.705512384119831	0.7813010638640464	1	1
negative regulation of nuclear-transcribed mRNA catabolic process, deadenylation-dependent decay	GO:1900152		12	1	2.3513605829443245	-0.8549941320824224	0.4134089075367419	0.9270508704750915	1	1
positive regulation of nuclear-transcribed mRNA catabolic process, deadenylation-dependent decay	GO:1900153		8	1	1.5675737219628827	-0.44952902397425787	0.6010751724526117	0.8253736056068746	1	1
regulation of protein localization to nucleus	GO:1900180		83	15	16.26357736536491	-0.08087788898880992	0.8253553993345074	0.6604424195324339	1	1
negative regulation of protein localization to nucleus	GO:1900181		20	2	3.9189343049072076	-0.6726725752884678	0.4904435399678537	0.9107998111621118	1	1
positive regulation of protein localization to nucleus	GO:1900182		55	13	10.777069338494819	0.18752868993464383	1.0199776273353502	0.2714623971182717	1	1
regulation of amyloid-beta clearance	GO:1900221		10	0	1.9594671524536038	-Inf	0	1	1	1
regulation of NLRP3 inflammasome complex assembly	GO:1900225		34	4	6.662188318342252	-0.5101536457906928	0.5691707139650165	0.9108185322691283	1	1
negative regulation of NLRP3 inflammasome complex assembly	GO:1900226		17	3	3.331094159171126	-0.10468853768252841	0.8093165486581243	0.6330949519004381	1	1
positive regulation of NLRP3 inflammasome complex assembly	GO:1900227		17	1	3.331094159171126	-1.203300826350638	0.2958661985436187	0.9755081197271886	1	1
positive regulation of RIG-I signaling pathway	GO:1900246		10	0	1.9594671524536038	-Inf	0	1	1	1
positive regulation of DNA-directed DNA polymerase activity	GO:1900264		9	0	1.7635204372082431	-Inf	0	1	1	1
regulation of long-term synaptic potentiation	GO:1900271		5	0	0.9797335762268019	-Inf	0	1	1	1
regulation of post-transcriptional gene silencing by regulatory ncRNA	GO:1900368		22	2	4.310827735397928	-0.7679827550927926	0.4487358074677462	0.9476437436359091	1	1
negative regulation of post-transcriptional gene silencing by regulatory ncRNA	GO:1900369		12	1	2.3513605829443245	-0.8549941320824224	0.4134089075367419	0.9270508704750915	1	1
positive regulation of post-transcriptional gene silencing by RNA	GO:1900370		11	1	2.155413867698964	-0.7679827550927926	0.4487358074677462	0.90925940843125	1	1
regulation of purine nucleotide biosynthetic process	GO:1900371		10	2	1.9594671524536038	0.020474605271477528	0.8959251696155924	0.6118932315048861	1	1
positive regulation of purine nucleotide biosynthetic process	GO:1900373		5	2	0.9797335762268019	0.7136217858314229	1.4619856571553664	0.2544280030025466	1	1
regulation of secondary metabolite biosynthetic process	GO:1900376		9	1	1.7635204372082431	-0.5673120596306415	0.5403638836722494	0.8596066645829048	1	1
positive regulation of secondary metabolite biosynthetic process	GO:1900378		7	1	1.3716270067175225	-0.3159976313497353	0.6763118873418741	0.7827962839733025	1	1
regulation of cellular response to oxidative stress	GO:1900407		5	2	0.9797335762268019	0.7136217858314229	1.4619856571553664	0.2544280030025466	1	1
regulation of defense response to bacterium	GO:1900424		12	1	2.3513605829443245	-0.8549941320824224	0.4134089075367419	0.90925940843125	1	1
positive regulation of defense response to bacterium	GO:1900426		10	1	1.9594671524536038	-0.6726725752884678	0.4904435399678537	0.8596066645829048	1	1
regulation of purine nucleotide metabolic process	GO:1900542		46	9	9.013548901286578	-0.0015043014472978656	0.8803102853974325	0.5610599533967064	1	1
negative regulation of purine nucleotide metabolic process	GO:1900543		14	1	2.743254013435045	-1.0091448119096806	0.35690501805843033	0.952854632353058	1	1
positive regulation of purine nucleotide metabolic process	GO:1900544		19	6	3.7229875896618467	0.47723300776719246	1.255120035952325	0.1515463728736116	1	1
regulation of p38MAPK cascade	GO:1900744		28	6	5.48650802687009	0.08946747675842903	0.9460294016458648	0.47777744471939176	1	1
positive regulation of p38MAPK cascade	GO:1900745		18	5	3.5270408744164863	0.3489786722435137	1.1481803625092408	0.26842225910480577	1	1
regulation of vascular endothelial growth factor signaling pathway	GO:1900746		22	3	4.310827735397928	-0.36251764698462824	0.6493225649570408	0.8345790763109171	1	1
negative regulation of vascular endothelial growth factor signaling pathway	GO:1900747		9	0	1.7635204372082431	-Inf	0	1	1	1
positive regulation of vascular endothelial growth factor signaling pathway	GO:1900748		12	3	2.3513605829443245	0.24361815658568728	1.0636445028772268	0.42727390275722177	1	1
mitochondrial RNA modification	GO:1900864		10	2	1.9594671524536038	0.020474605271477528	0.8959251696155924	0.6118932315048861	1	1
negative regulation of potassium ion transmembrane transporter activity	GO:1901017		7	2	1.3716270067175225	0.37714954921021	1.171306923303042	0.412113019066995	1	1
negative regulation of calcium ion transmembrane transporter activity	GO:1901020		11	1	2.155413867698964	-0.7679827550927926	0.4487358074677462	0.90925940843125	1	1
regulation of mitochondrial outer membrane permeabilization involved in apoptotic signaling pathway	GO:1901028		15	3	2.9392007286804054	0.020474605271477528	0.8959251696155924	0.586697296105379	1	1
negative regulation of mitochondrial outer membrane permeabilization involved in apoptotic signaling pathway	GO:1901029		8	2	1.5675737219628827	0.24361815658568745	1.063644502877227	0.48475503253829777	1	1
positive regulation of mitochondrial outer membrane permeabilization involved in apoptotic signaling pathway	GO:1901030		5	1	0.9797335762268019	0.020474605271477528	0.8959251696155924	0.6639809576251503	1	1
regulation of relaxation of muscle	GO:1901077		8	2	1.5675737219628827	0.24361815658568745	1.063644502877227	0.48475503253829777	1	1
regulation of autophagosome maturation	GO:1901096		16	1	3.1351474439257654	-1.1426762045342032	0.3137893727853598	0.9695327120224101	1	1
negative regulation of autophagosome maturation	GO:1901097		5	1	0.9797335762268019	0.020474605271477528	0.8959251696155924	0.6639809576251503	1	1
positive regulation of autophagosome maturation	GO:1901098		7	0	1.3716270067175225	-Inf	0	1	1	1
negative regulation of signal transduction in absence of ligand	GO:1901099		19	6	3.7229875896618467	0.47723300776719246	1.255120035952325	0.1515463728736116	1	1
carbohydrate derivative catabolic process	GO:1901136		124	11	24.297392690424683	-0.7924737751010884	0.43853199543974625	0.999582908770428	1	1
insulin metabolic process	GO:1901142		9	0	1.7635204372082431	-Inf	0	1	1	1
regulation of trophoblast cell migration	GO:1901163		15	4	2.9392007286804054	0.30815667772325855	1.1150519589183827	0.3366446614878407	1	1
negative regulation of trophoblast cell migration	GO:1901164		6	1	1.1756802914721622	-0.16184695152247705	0.7716727237196409	0.72984153184383	1	1
positive regulation of trophoblast cell migration	GO:1901165		7	3	1.3716270067175225	0.7826146573183743	1.5243441625433054	0.14109075519364597	1	1
regulation of ERBB signaling pathway	GO:1901184		50	12	9.797335762268018	0.20279616206543222	1.0317678056282988	0.2643775207115599	1	1
negative regulation of ERBB signaling pathway	GO:1901185		23	6	4.506774450643289	0.2861777710044831	1.0974091735214537	0.2876795258905595	1	1
positive regulation of ERBB signaling pathway	GO:1901186		21	6	4.114881020152567	0.37714954921021	1.171306923303042	0.215928441242727	1	1
regulation of extracellular matrix assembly	GO:1901201		8	0	1.5675737219628827	-Inf	0	1	1	1
positive regulation of extracellular matrix assembly	GO:1901203		6	0	1.1756802914721622	-Inf	0	1	1	1
regulation of non-canonical NF-kappaB signal transduction	GO:1901222		61	11	11.952749629966982	-0.08306607366936276	0.8238727439010275	0.5499494150551146	1	1
negative regulation of non-canonical NF-kappaB signal transduction	GO:1901223		21	5	4.114881020152567	0.19482799241625548	1.0256053873788344	0.26842225910480577	1	1
positive regulation of non-canonical NF-kappaB signal transduction	GO:1901224		40	9	7.837868609814415	0.1382576409278609	0.9824313673848519	0.3512233721330227	1	1
regulation of macrophage colony-stimulating factor production	GO:1901256		5	0	0.9797335762268019	-Inf	0	1	1	1
carbohydrate derivative transport	GO:1901264		60	4	11.756802914721622	-1.078137683396632	0.3339847283501357	0.9987392532305146	1	1
nucleoside phosphate catabolic process	GO:1901292		67	6	13.128429921439144	-0.7830206324573331	0.4424460422317765	0.9929231088790849	1	1
nucleoside phosphate biosynthetic process	GO:1901293		149	19	29.196060571558693	-0.4295948090734408	0.611872088664859	0.9875622783374647	1	1
regulation of hydrogen peroxide-mediated programmed cell death	GO:1901298		6	0	1.1756802914721622	-Inf	0	1	1	1
negative regulation of hydrogen peroxide-mediated programmed cell death	GO:1901299		6	0	1.1756802914721622	-Inf	0	1	1	1
regulation of flagellated sperm motility	GO:1901317		11	0	2.155413867698964	-Inf	0	1	1	1
lactone metabolic process	GO:1901334		10	0	1.9594671524536038	-Inf	0	1	1	1
regulation of store-operated calcium channel activity	GO:1901339		7	1	1.3716270067175225	-0.3159976313497353	0.6763118873418741	0.7827962839733025	1	1
positive regulation of store-operated calcium channel activity	GO:1901341		6	1	1.1756802914721622	-0.16184695152247705	0.7716727237196409	0.72984153184383	1	1
regulation of vasculature development	GO:1901342		195	30	38.20960947284527	-0.2418896591960136	0.7210246532773757	0.9386893161009975	1	1
negative regulation of vasculature development	GO:1901343		80	7	15.67573721962883	-0.8062039679129904	0.4329014847885115	0.997272215565113	1	1
regulation of potassium ion transmembrane transport	GO:1901379		42	7	8.229762040305134	-0.1618469515224769	0.7716727237196409	0.6924253584529746	1	1
negative regulation of potassium ion transmembrane transport	GO:1901380		15	3	2.9392007286804054	0.020474605271477528	0.8959251696155924	0.586697296105379	1	1
positive regulation of potassium ion transmembrane transport	GO:1901381		21	4	4.114881020152567	-0.028315558897954368	0.8614938546476196	0.5271589678270941	1	1
regulation of voltage-gated calcium channel activity	GO:1901385		9	1	1.7635204372082431	-0.5673120596306415	0.5403638836722494	0.8596066645829048	1	1
negative regulation of voltage-gated calcium channel activity	GO:1901386		6	1	1.1756802914721622	-0.16184695152247705	0.7716727237196409	0.72984153184383	1	1
pyruvate transmembrane transport	GO:1901475		5	1	0.9797335762268019	0.020474605271477528	0.8959251696155924	0.6639809576251503	1	1
ether biosynthetic process	GO:1901503		8	1	1.5675737219628827	-0.44952902397425787	0.6010751724526117	0.8253736056068746	1	1
regulation of endothelial tube morphogenesis	GO:1901509		5	1	0.9797335762268019	0.020474605271477528	0.8959251696155924	0.6639809576251503	1	1
icosanoid catabolic process	GO:1901523		6	0	1.1756802914721622	-Inf	0	1	1	1
regulation of mitophagy	GO:1901524		25	4	4.898667881134009	-0.2026689460427322	0.7455383845037314	0.750716981491383	1	1
negative regulation of mitophagy	GO:1901525		5	1	0.9797335762268019	0.020474605271477528	0.8959251696155924	0.6639809576251503	1	1
positive regulation of mitophagy	GO:1901526		16	1	3.1351474439257654	-1.1426762045342032	0.3137893727853598	0.9695327120224101	1	1
regulation of hematopoietic progenitor cell differentiation	GO:1901532		13	2	2.547307298189685	-0.2418896591960136	0.7210246532773757	0.7554039042054765	1	1
negative regulation of hematopoietic progenitor cell differentiation	GO:1901533		6	1	1.1756802914721622	-0.16184695152247705	0.7716727237196409	0.72984153184383	1	1
regulation of endothelial cell development	GO:1901550		16	4	3.1351474439257654	0.24361815658568745	1.063644502877227	0.38564078766012255	1	1
positive regulation of endothelial cell development	GO:1901552		6	0	1.1756802914721622	-Inf	0	1	1	1
fatty acid derivative metabolic process	GO:1901568		56	6	10.97301605374018	-0.6036797038015163	0.5226710513800359	0.9626278972765961	1	1
fatty acid derivative catabolic process	GO:1901569		10	0	1.9594671524536038	-Inf	0	1	1	1
fatty acid derivative biosynthetic process	GO:1901570		40	5	7.837868609814415	-0.44952902397425804	0.6010751724526116	0.8766362964749745	1	1
alpha-amino acid metabolic process	GO:1901605		129	12	25.277126266651486	-0.7449932368680938	0.45850300262015076	0.9992567940779182	1	1
alpha-amino acid catabolic process	GO:1901606		66	5	12.932483206193783	-0.9503043118867472	0.3775869588787042	0.9974491225878666	1	1
alpha-amino acid biosynthetic process	GO:1901607		30	3	5.878401457360811	-0.6726725752884678	0.4904435399678537	0.9509461043501022	1	1
regulation of lymphocyte chemotaxis	GO:1901623		17	8	3.331094159171126	0.8761407153291979	1.6100582306150097	0.009610543176299027	1	1
nucleoside transmembrane transport	GO:1901642		6	0	1.1756802914721622	-Inf	0	1	1	1
response to ketone	GO:1901654		51	6	9.993282477513377	-0.5101536457906928	0.5691707139650165	0.9450625318213028	1	1
cellular response to ketone	GO:1901655		34	2	6.662188318342252	-1.203300826350638	0.2958661985436187	0.993264696378254	1	1
glycosyl compound catabolic process	GO:1901658		20	3	3.9189343049072076	-0.2672074671803034	0.705512384119831	0.7497227204384175	1	1
glycosyl compound biosynthetic process	GO:1901659		11	1	2.155413867698964	-0.7679827550927926	0.4487358074677462	0.90925940843125	1	1
quinone metabolic process	GO:1901661		19	4	3.7229875896618467	0.07176789965902816	0.9330203001238664	0.5271589678270941	1	1
quinone biosynthetic process	GO:1901663		16	1	3.1351474439257654	-1.1426762045342032	0.3137893727853598	0.9695327120224101	1	1
regulation of mitotic spindle assembly	GO:1901673		23	3	4.506774450643289	-0.4069694095554622	0.6243111154330052	0.8095110826530926	1	1
iron coordination entity transport	GO:1901678		6	1	1.1756802914721622	-0.16184695152247705	0.7716727237196409	0.72984153184383	1	1
nucleotide transmembrane transport	GO:1901679		17	3	3.331094159171126	-0.10468853768252841	0.8093165486581243	0.6757301864742484	1	1
positive regulation of platelet aggregation	GO:1901731		10	3	1.9594671524536038	0.4259397133796419	1.2118523860835395	0.30997274297362254	1	1
regulation of signal transduction by p53 class mediator	GO:1901796		90	19	17.63520437208243	0.07454182654175352	0.935052118202154	0.3788566367884369	1	1
negative regulation of signal transduction by p53 class mediator	GO:1901797		30	7	5.878401457360811	0.1746252850987359	1.0100700374187281	0.3712262202426021	1	1
positive regulation of signal transduction by p53 class mediator	GO:1901798		26	5	5.09461459637937	-0.01874610788180376	0.868180401077128	0.5968717848764868	1	1
negative regulation of proteasomal protein catabolic process	GO:1901799		41	5	8.033815325059775	-0.47422163656462957	0.587911536007993	0.9255153589106311	1	1
positive regulation of proteasomal protein catabolic process	GO:1901800		75	10	14.696003643402026	-0.38499050283668673	0.6365829165604019	0.9345427498173744	1	1
regulation of transcription of nucleolar large rRNA by RNA polymerase I	GO:1901836		14	4	2.743254013435045	0.37714954921021	1.171306923303042	0.2878991921787099	1	1
positive regulation of transcription of nucleolar large rRNA by RNA polymerase I	GO:1901838		10	2	1.9594671524536038	0.020474605271477528	0.8959251696155924	0.6118932315048861	1	1
regulation of cell communication by electrical coupling involved in cardiac conduction	GO:1901844		8	1	1.5675737219628827	-0.44952902397425787	0.6010751724526117	0.8253736056068746	1	1
positive regulation of cellular respiration	GO:1901857		12	2	2.3513605829443245	-0.16184695152247705	0.7716727237196409	0.7135533259489933	1	1
regulation of mitochondrial DNA metabolic process	GO:1901858		6	0	1.1756802914721622	-Inf	0	1	1	1
regulation of muscle tissue development	GO:1901861		10	0	1.9594671524536038	-Inf	0	1	1	1
negative regulation of muscle tissue development	GO:1901862		5	0	0.9797335762268019	-Inf	0	1	1	1
regulation of post-translational protein modification	GO:1901873		171	35	33.50688830695662	0.043597022692331976	0.9125348299949142	0.4016632287167563	1	1
negative regulation of post-translational protein modification	GO:1901874		64	10	12.540589775703062	-0.2263854726600481	0.7306450459037862	0.8308871469862359	1	1
positive regulation of post-translational protein modification	GO:1901875		102	22	19.986564955026754	0.09598215777962277	0.9508442288360971	0.3263471245891774	1	1
regulation of protein depolymerization	GO:1901879		33	3	6.466241603096892	-0.7679827550927926	0.4487358074677462	0.9698565450583547	1	1
negative regulation of protein depolymerization	GO:1901880		20	2	3.9189343049072076	-0.6726725752884678	0.4904435399678537	0.9251885608618968	1	1
positive regulation of protein depolymerization	GO:1901881		12	1	2.3513605829443245	-0.8549941320824224	0.4134089075367419	0.9270508704750915	1	1
regulation of cell junction assembly	GO:1901888		96	14	18.810884663554596	-0.2953783441469997	0.6885407924584825	0.8951494078379165	1	1
negative regulation of cell junction assembly	GO:1901889		17	4	3.331094159171126	0.1829935347692526	1.0164894330322407	0.4341305238893221	1	1
positive regulation of cell junction assembly	GO:1901890		34	5	6.662188318342252	-0.287010094476483	0.6935504540420107	0.8027846234457074	1	1
positive regulation of mitotic sister chromatid separation	GO:1901970		11	0	2.155413867698964	-Inf	0	1	1	1
regulation of cell cycle checkpoint	GO:1901976		26	2	5.09461459637937	-0.9350368397559589	0.38312923895522005	0.974789641605454	1	1
negative regulation of cell cycle checkpoint	GO:1901977		7	1	1.3716270067175225	-0.3159976313497353	0.6763118873418741	0.7827962839733025	1	1
positive regulation of cell cycle checkpoint	GO:1901978		10	0	1.9594671524536038	-Inf	0	1	1	1
regulation of protein acetylation	GO:1901983		8	0	1.5675737219628827	-Inf	0	1	1	1
positive regulation of protein acetylation	GO:1901985		5	0	0.9797335762268019	-Inf	0	1	1	1
negative regulation of cell cycle phase transition	GO:1901988		147	11	28.80416714106797	-0.9626247962747878	0.3731678188929274	0.9999799091362618	1	1
positive regulation of cell cycle phase transition	GO:1901989		73	6	14.304110212911306	-0.8687874542147581	0.40804215606833333	0.9966277197492555	1	1
negative regulation of mitotic cell cycle phase transition	GO:1901991		105	7	20.57440510076284	-1.0781376833966323	0.33398472835013565	0.9999434535736407	1	1
positive regulation of mitotic cell cycle phase transition	GO:1901992		57	3	11.16896276898554	-1.3145264614608625	0.26547226383291483	0.9993751561566171	1	1
fatty acid transmembrane transport	GO:1902001		11	0	2.155413867698964	-Inf	0	1	1	1
regulation of amyloid-beta formation	GO:1902003		29	3	5.68245474211545	-0.6387710236127861	0.5060622315132961	0.9424891684094316	1	1
positive regulation of amyloid-beta formation	GO:1902004		14	2	2.743254013435045	-0.3159976313497353	0.6763118873418741	0.791856760042744	1	1
regulation of cilium assembly	GO:1902017		75	9	14.696003643402026	-0.49035101849451307	0.579438399183867	0.9632614987021009	1	1
negative regulation of cilium assembly	GO:1902018		22	4	4.310827735397928	-0.0748355745328473	0.8294586149673298	0.6507471228202052	1	1
regulation of cilium-dependent cell motility	GO:1902019		13	0	2.547307298189685	-Inf	0	1	1	1
L-lysine transport	GO:1902022		6	1	1.1756802914721622	-0.16184695152247705	0.7716727237196409	0.6639809576251503	1	1
regulation of NADP metabolic process	GO:1902031		5	0	0.9797335762268019	-Inf	0	1	1	1
regulation of hematopoietic stem cell proliferation	GO:1902033		5	0	0.9797335762268019	-Inf	0	1	1	1
regulation of hematopoietic stem cell differentiation	GO:1902036		7	0	1.3716270067175225	-Inf	0	1	1	1
regulation of extrinsic apoptotic signaling pathway via death domain receptors	GO:1902041		29	13	5.68245474211545	0.8275660451806408	1.5653806536780512	0.0017575214872931092	0.939130719129487	0.939130719129487
negative regulation of extrinsic apoptotic signaling pathway via death domain receptors	GO:1902042		19	8	3.7229875896618467	0.7649150802189735	1.5082720976684074	0.020637522913446737	1	1
positive regulation of flagellated sperm motility	GO:1902093		8	0	1.5675737219628827	-Inf	0	1	1	1
regulation of metaphase/anaphase transition of cell cycle	GO:1902099		49	2	9.601389047022657	-1.5687605998451033	0.20682548171129167	0.9997081251951808	1	1
negative regulation of metaphase/anaphase transition of cell cycle	GO:1902100		23	1	4.506774450643289	-1.505581698223572	0.22010662597536554	0.9933926808077949	1	1
positive regulation of metaphase/anaphase transition of cell cycle	GO:1902101		11	0	2.155413867698964	-Inf	0	1	1	1
regulation of leukocyte differentiation	GO:1902105		117	17	22.925765683707162	-0.2990480730359621	0.6863523910662294	0.9324406239311815	1	1
negative regulation of leukocyte differentiation	GO:1902106		46	8	9.013548901286578	-0.1192873371036813	0.7995862820151282	0.7039152133795668	1	1
positive regulation of leukocyte differentiation	GO:1902107		70	10	13.716270067175225	-0.3159976313497353	0.6763118873418741	0.8927076642862974	1	1
regulation of mitochondrial membrane permeability involved in apoptotic process	GO:1902108		11	0	2.155413867698964	-Inf	0	1	1	1
positive regulation of mitochondrial membrane permeability involved in apoptotic process	GO:1902110		8	0	1.5675737219628827	-Inf	0	1	1	1
regulation of organelle assembly	GO:1902115		191	24	37.42582261186383	-0.44430707999310626	0.6038888210243533	0.9940071277478165	1	1
negative regulation of organelle assembly	GO:1902116		41	6	8.033815325059775	-0.2919000797706749	0.690619792530335	0.841318657476793	1	1
positive regulation of organelle assembly	GO:1902117		66	6	12.932483206193783	-0.7679827550927926	0.4487358074677462	0.9938860387046284	1	1
regulation of intrinsic apoptotic signaling pathway in response to DNA damage by p53 class mediator	GO:1902165		13	4	2.547307298189685	0.4512575213639317	1.2331288170502879	0.24026976015350388	1	1
negative regulation of intrinsic apoptotic signaling pathway in response to DNA damage by p53 class mediator	GO:1902166		12	4	2.3513605829443245	0.5313002290374682	1.301399677662636	0.19470778732926153	1	1
regulation of keratinocyte apoptotic process	GO:1902172		5	1	0.9797335762268019	0.020474605271477528	0.8959251696155924	0.6639809576251503	1	1
regulation of oxidative stress-induced intrinsic apoptotic signaling pathway	GO:1902175		24	4	4.702721165888649	-0.16184695152247705	0.7716727237196409	0.7201011001178095	1	1
negative regulation of oxidative stress-induced intrinsic apoptotic signaling pathway	GO:1902176		17	3	3.331094159171126	-0.10468853768252841	0.8093165486581243	0.6757301864742484	1	1
ketone body metabolic process	GO:1902224		7	0	1.3716270067175225	-Inf	0	1	1	1
regulation of intrinsic apoptotic signaling pathway in response to DNA damage	GO:1902229		28	5	5.48650802687009	-0.0928540800355255	0.8172621624671887	0.6661470071892857	1	1
negative regulation of intrinsic apoptotic signaling pathway in response to DNA damage	GO:1902230		24	5	4.702721165888649	0.061296599791732624	0.9253739868631661	0.5201872527667094	1	1
regulation of endoplasmic reticulum stress-induced intrinsic apoptotic signaling pathway	GO:1902235		22	5	4.310827735397928	0.14830797678136237	0.9900268794406928	0.4378631785228037	1	1
negative regulation of endoplasmic reticulum stress-induced intrinsic apoptotic signaling pathway	GO:1902236		14	3	2.743254013435045	0.08946747675842903	0.9460294016458648	0.5366867691818712	1	1
positive regulation of endoplasmic reticulum stress-induced intrinsic apoptotic signaling pathway	GO:1902237		6	2	1.1756802914721622	0.5313002290374682	1.301399677662636	0.33467808653175235	1	1
regulation of intrinsic apoptotic signaling pathway by p53 class mediator	GO:1902253		23	7	4.506774450643289	0.4403284508317414	1.2239249105809362	0.14741620597572436	1	1
negative regulation of intrinsic apoptotic signaling pathway by p53 class mediator	GO:1902254		16	5	3.1351474439257654	0.46676170789989724	1.2462354374242461	0.18965628297099674	1	1
positive regulation of intrinsic apoptotic signaling pathway by p53 class mediator	GO:1902255		7	2	1.3716270067175225	0.37714954921021	1.171306923303042	0.412113019066995	1	1
regulation of delayed rectifier potassium channel activity	GO:1902259		6	2	1.1756802914721622	0.5313002290374682	1.301399677662636	0.33467808653175235	1	1
negative regulation of delayed rectifier potassium channel activity	GO:1902260		6	2	1.1756802914721622	0.5313002290374682	1.301399677662636	0.33467808653175235	1	1
regulation of chromatin organization	GO:1902275		19	0	3.7229875896618467	-Inf	0	1	1	1
regulation of sodium ion transmembrane transport	GO:1902305		27	5	5.29056131162473	-0.0564864358646508	0.8420008088560077	0.5968717848764868	1	1
negative regulation of sodium ion transmembrane transport	GO:1902306		8	2	1.5675737219628827	0.24361815658568745	1.063644502877227	0.48475503253829777	1	1
positive regulation of sodium ion transmembrane transport	GO:1902307		9	3	1.7635204372082431	0.5313002290374682	1.301399677662636	0.25111567812712277	1	1
sulfate transmembrane transport	GO:1902358		9	0	1.7635204372082431	-Inf	0	1	1	1
negative regulation of RNA catabolic process	GO:1902369		61	11	11.952749629966982	-0.08306607366936276	0.8238727439010275	0.6483824691962308	1	1
negative regulation of mRNA catabolic process	GO:1902373		53	10	10.385175908004099	-0.037794302852498116	0.854903041189485	0.5819088337541705	1	1
mitotic cytokinetic process	GO:1902410		25	2	4.898667881134009	-0.8958161266026775	0.39770677283583683	0.9563004221799327	1	1
regulation of mitotic cytokinesis	GO:1902412		10	2	1.9594671524536038	0.020474605271477528	0.8959251696155924	0.6118932315048861	1	1
protein localization to cell junction	GO:1902414		21	2	4.114881020152567	-0.7214627394578996	0.46869159825755335	0.9373651375154552	1	1
regulation of attachment of mitotic spindle microtubules to kinetochore	GO:1902423		7	0	1.3716270067175225	-Inf	0	1	1	1
positive regulation of attachment of mitotic spindle microtubules to kinetochore	GO:1902425		5	0	0.9797335762268019	-Inf	0	1	1	1
negative regulation of amyloid-beta formation	GO:1902430		14	1	2.743254013435045	-1.0091448119096806	0.35690501805843033	0.952854632353058	1	1
regulation of mesenchymal stem cell proliferation	GO:1902460		6	1	1.1756802914721622	-0.16184695152247705	0.7716727237196409	0.72984153184383	1	1
positive regulation of mesenchymal stem cell proliferation	GO:1902462		6	1	1.1756802914721622	-0.16184695152247705	0.7716727237196409	0.72984153184383	1	1
regulation of protein localization to synapse	GO:1902473		9	1	1.7635204372082431	-0.5673120596306415	0.5403638836722494	0.8596066645829048	1	1
positive regulation of protein localization to synapse	GO:1902474		5	1	0.9797335762268019	0.020474605271477528	0.8959251696155924	0.6639809576251503	1	1
L-alpha-amino acid transmembrane transport	GO:1902475		32	7	6.270294887851531	0.11008676396116474	0.9613171531406327	0.4063647984515683	1	1
chloride transmembrane transport	GO:1902476		32	1	6.270294887851531	-1.8358233850941486	0.15881369579917062	0.9985680735964947	1	1
regulation of protein autoubiquitination	GO:1902498		6	3	1.1756802914721622	0.9367653371456326	1.6662678944047506	0.09392783594413556	1	1
regulation of calcium ion transmembrane transport via high voltage-gated calcium channel	GO:1902514		6	1	1.1756802914721622	-0.16184695152247705	0.7716727237196409	0.72984153184383	1	1
positive regulation of protein K63-linked ubiquitination	GO:1902523		8	4	1.5675737219628827	0.9367653371456328	1.6662678944047509	0.05259704942791124	1	1
regulation of protein monoubiquitination	GO:1902525		5	1	0.9797335762268019	0.020474605271477528	0.8959251696155924	0.6639809576251503	1	1
positive regulation of protein monoubiquitination	GO:1902527		5	1	0.9797335762268019	0.020474605271477528	0.8959251696155924	0.6639809576251503	1	1
regulation of cellular response to vascular endothelial growth factor stimulus	GO:1902547		24	3	4.702721165888649	-0.44952902397425804	0.6010751724526116	0.8762696930387821	1	1
negative regulation of cellular response to vascular endothelial growth factor stimulus	GO:1902548		11	0	2.155413867698964	-Inf	0	1	1	1
regulation of neutrophil activation	GO:1902563		9	2	1.7635204372082431	0.12583512092930388	0.9730885098117966	0.5515091337986338	1	1
negative regulation of neutrophil activation	GO:1902564		7	1	1.3716270067175225	-0.3159976313497353	0.6763118873418741	0.7827962839733025	1	1
protein localization to nucleolus	GO:1902570		10	2	1.9594671524536038	0.020474605271477528	0.8959251696155924	0.6118932315048861	1	1
proton transmembrane transport	GO:1902600		27	2	5.29056131162473	-0.9727771677388057	0.36956187637019583	0.9696790235040114	1	1
carnitine transmembrane transport	GO:1902603		5	0	0.9797335762268019	-Inf	0	1	1	1
regulation of neutrophil migration	GO:1902622		21	5	4.114881020152567	0.19482799241625548	1.0256053873788344	0.39541452308771846	1	1
positive regulation of neutrophil migration	GO:1902624		15	4	2.9392007286804054	0.30815667772325855	1.1150519589183827	0.3366446614878407	1	1
tertiary alcohol metabolic process	GO:1902644		14	0	2.743254013435045	-Inf	0	1	1	1
secondary alcohol metabolic process	GO:1902652		63	8	12.344643060457702	-0.43378066700611884	0.6095922957042312	0.9383549252064021	1	1
secondary alcohol biosynthetic process	GO:1902653		24	4	4.702721165888649	-0.16184695152247705	0.7716727237196409	0.686782125559293	1	1
calcium ion import into cytosol	GO:1902656		8	0	1.5675737219628827	-Inf	0	1	1	1
mitochondrial outer membrane permeabilization involved in programmed cell death	GO:1902686		10	1	1.9594671524536038	-0.6726725752884678	0.4904435399678537	0.8596066645829048	1	1
regulation of lamellipodium organization	GO:1902743		35	10	6.858135033587613	0.37714954921021	1.171306923303042	0.1127627223408161	1	1
positive regulation of lamellipodium organization	GO:1902745		25	6	4.898667881134009	0.20279616206543222	1.0317678056282988	0.3634653722073468	1	1
regulation of cell cycle G2/M phase transition	GO:1902749		81	8	15.87168393487419	-0.6850950952870248	0.4848244376975005	0.9942360056642936	1	1
negative regulation of cell cycle G2/M phase transition	GO:1902750		48	5	9.405442331777298	-0.6318505807682127	0.5093019383311344	0.9712715230208635	1	1
positive regulation of cell cycle G2/M phase transition	GO:1902751		22	2	4.310827735397928	-0.7679827550927926	0.4487358074677462	0.9476437436359091	1	1
late endosome to lysosome transport	GO:1902774		15	3	2.9392007286804054	0.020474605271477528	0.8959251696155924	0.48337514553833716	1	1
mitochondrial large ribosomal subunit assembly	GO:1902775		8	0	1.5675737219628827	-Inf	0	1	1	1
regulation of cell cycle G1/S phase transition	GO:1902806		111	9	21.750085392235	-0.8823931062705368	0.40280973576120616	0.999516529973344	1	1
negative regulation of cell cycle G1/S phase transition	GO:1902807		45	3	8.817602186041215	-1.078137683396632	0.3339847283501357	0.9945344111881242	1	1
positive regulation of cell cycle G1/S phase transition	GO:1902808		38	3	7.4459751793236935	-0.9090613533526981	0.3927286218763734	0.9783718242138688	1	1
microtubule cytoskeleton organization involved in mitosis	GO:1902850		91	6	17.83115108732779	-1.089187519583217	0.3304431919025975	0.9998800382333194	1	1
regulation of non-motile cilium assembly	GO:1902855		5	1	0.9797335762268019	0.020474605271477528	0.8959251696155924	0.6639809576251503	1	1
regulation of response to oxidative stress	GO:1902882		12	4	2.3513605829443245	0.5313002290374682	1.301399677662636	0.19470778732926153	1	1
negative regulation of response to oxidative stress	GO:1902883		5	2	0.9797335762268019	0.7136217858314229	1.4619856571553664	0.2544280030025466	1	1
regulation of miRNA transcription	GO:1902893		63	16	12.344643060457702	0.25936651355382645	1.076076294800798	0.14199484018570205	1	1
negative regulation of miRNA transcription	GO:1902894		22	3	4.310827735397928	-0.36251764698462824	0.6493225649570408	0.8345790763109171	1	1
positive regulation of miRNA transcription	GO:1902895		46	15	9.013548901286578	0.5093213223186929	1.2825059918722874	0.02087344652073761	1	1
negative regulation of autophagosome assembly	GO:1902902		10	2	1.9594671524536038	0.020474605271477528	0.8959251696155924	0.6118932315048861	1	1
negative regulation of supramolecular fiber organization	GO:1902904		74	9	14.500056928156667	-0.4769279981623725	0.5864829110616416	0.9632614987021009	1	1
positive regulation of supramolecular fiber organization	GO:1902905		110	20	21.554138676989638	-0.07483557453284717	0.8294586149673299	0.6830272686753913	1	1
regulation of protein polyubiquitination	GO:1902914		21	7	4.114881020152567	0.5313002290374684	1.3013996776626362	0.09933266770787069	1	1
positive regulation of protein polyubiquitination	GO:1902916		14	6	2.743254013435045	0.7826146573183743	1.5243441625433054	0.0399882515663234	1	1
regulation of alcohol biosynthetic process	GO:1902930		33	3	6.466241603096892	-0.7679827550927926	0.4487358074677462	0.9644894529866068	1	1
negative regulation of alcohol biosynthetic process	GO:1902931		9	2	1.7635204372082431	0.12583512092930388	0.9730885098117966	0.48475503253829777	1	1
positive regulation of alcohol biosynthetic process	GO:1902932		17	1	3.331094159171126	-1.203300826350638	0.2958661985436187	0.9755081197271886	1	1
regulation of dendritic spine maintenance	GO:1902950		5	0	0.9797335762268019	-Inf	0	1	1	1
regulation of protein localization to early endosome	GO:1902965		8	2	1.5675737219628827	0.24361815658568745	1.063644502877227	0.48475503253829777	1	1
positive regulation of protein localization to early endosome	GO:1902966		8	2	1.5675737219628827	0.24361815658568745	1.063644502877227	0.48475503253829777	1	1
regulation of amyloid precursor protein catabolic process	GO:1902991		36	4	7.054081748832973	-0.5673120596306415	0.5403638836722494	0.9415857884212321	1	1
negative regulation of amyloid precursor protein catabolic process	GO:1902992		15	1	2.9392007286804054	-1.078137683396632	0.3339847283501357	0.9620999807715159	1	1
positive regulation of amyloid precursor protein catabolic process	GO:1902993		18	3	3.5270408744164863	-0.16184695152247705	0.7716727237196409	0.7145810752892615	1	1
positive regulation of protein deubiquitination	GO:1903003		5	4	0.9797335762268019	1.406768966391368	2.114587645943681	0.006207846951354495	1	1
organelle disassembly	GO:1903008		63	9	12.344643060457702	-0.3159976313497353	0.6763118873418741	0.8930741538675424	1	1
regulation of glycoprotein metabolic process	GO:1903018		22	4	4.310827735397928	-0.0748355745328473	0.8294586149673298	0.6507471228202052	1	1
negative regulation of glycoprotein metabolic process	GO:1903019		7	1	1.3716270067175225	-0.3159976313497353	0.6763118873418741	0.7827962839733025	1	1
positive regulation of glycoprotein metabolic process	GO:1903020		11	3	2.155413867698964	0.3306295335753171	1.13323234459792	0.3691323739002324	1	1
regulation of opsonization	GO:1903027		9	1	1.7635204372082431	-0.5673120596306415	0.5403638836722494	0.8596066645829048	1	1
positive regulation of opsonization	GO:1903028		7	1	1.3716270067175225	-0.3159976313497353	0.6763118873418741	0.7827962839733025	1	1
regulation of response to wounding	GO:1903034		98	15	19.202778094045314	-0.24700475986278386	0.7178708546914344	0.8876522366200292	1	1
negative regulation of response to wounding	GO:1903035		53	8	10.385175908004099	-0.2609378541667079	0.7093309309268108	0.8417155715451381	1	1
positive regulation of response to wounding	GO:1903036		43	6	8.425708755550495	-0.33952812875992944	0.6625562004540068	0.8729001549371973	1	1
regulation of leukocyte cell-cell adhesion	GO:1903037		182	42	35.66230217465558	0.163575448912151	1.0016275609675556	0.12103598423329058	1	1
negative regulation of leukocyte cell-cell adhesion	GO:1903038		66	8	12.932483206193783	-0.48030068264101167	0.5847064523720692	0.9611141981999531	1	1
positive regulation of leukocyte cell-cell adhesion	GO:1903039		133	36	26.06091312763293	0.3230823279399342	1.1271109820472014	0.017697449022399128	1	1
protein localization to membrane raft	GO:1903044		5	1	0.9797335762268019	0.020474605271477528	0.8959251696155924	0.6639809576251503	1	1
meiotic cell cycle process	GO:1903046		34	3	6.662188318342252	-0.7978357182424737	0.43632550193392183	0.9582301461145316	1	1
regulation of extracellular matrix organization	GO:1903053		35	5	6.858135033587613	-0.3159976313497353	0.6763118873418741	0.8432706515307955	1	1
negative regulation of extracellular matrix organization	GO:1903054		8	1	1.5675737219628827	-0.44952902397425787	0.6010751724526117	0.8253736056068746	1	1
positive regulation of extracellular matrix organization	GO:1903055		17	4	3.331094159171126	0.1829935347692526	1.0164894330322407	0.4341305238893221	1	1
regulation of protein lipidation	GO:1903059		6	0	1.1756802914721622	-Inf	0	1	1	1
regulation of protein localization to plasma membrane	GO:1903076		72	8	14.108163497665945	-0.5673120596306415	0.5403638836722494	0.9812978701534405	1	1
negative regulation of protein localization to plasma membrane	GO:1903077		21	3	4.114881020152567	-0.3159976313497353	0.6763118873418741	0.8095110826530926	1	1
positive regulation of protein localization to plasma membrane	GO:1903078		38	4	7.4459751793236935	-0.6213792809009171	0.5142372660455732	0.9563454415460161	1	1
protein localization to condensed chromosome	GO:1903083		11	1	2.155413867698964	-0.7679827550927926	0.4487358074677462	0.90925940843125	1	1
regulation of mitochondrial transcription	GO:1903108		6	0	1.1756802914721622	-Inf	0	1	1	1
regulation of actin filament-based movement	GO:1903115		22	1	4.310827735397928	-1.4611299356527379	0.22994233866048128	0.9917799739109313	1	1
mononuclear cell differentiation	GO:1903131		83	13	16.26357736536491	-0.22397873262948323	0.7321466552684789	0.8524785026539178	1	1
regulation of establishment of endothelial barrier	GO:1903140		16	4	3.1351474439257654	0.24361815658568745	1.063644502877227	0.38564078766012255	1	1
positive regulation of establishment of endothelial barrier	GO:1903142		6	0	1.1756802914721622	-Inf	0	1	1	1
regulation of autophagy of mitochondrion	GO:1903146		30	4	5.878401457360811	-0.38499050283668673	0.6365829165604019	0.8663767449433968	1	1
negative regulation of autophagy of mitochondrion	GO:1903147		5	1	0.9797335762268019	0.020474605271477528	0.8959251696155924	0.6639809576251503	1	1
regulation of calcium ion transmembrane transport	GO:1903169		88	10	17.243310941591712	-0.544839203778583	0.5515433572899587	0.98256731131688535	1	1
negative regulation of calcium ion transmembrane transport	GO:1903170		22	3	4.310827735397928	-0.36251764698462824	0.6493225649570408	0.8345790763109171	1	1
melanosome assembly	GO:1903232		5	1	0.9797335762268019	0.020474605271477528	0.8959251696155924	0.6639809576251503	1	1
regulation of leukocyte tethering or rolling	GO:1903236		7	1	1.3716270067175225	-0.3159976313497353	0.6763118873418741	0.7827962839733025	1	1
U2-type prespliceosome assembly	GO:1903241		6	0	1.1756802914721622	-Inf	0	1	1	1
positive regulation of tumor necrosis factor-mediated signaling pathway	GO:1903265		11	2	2.155413867698964	-0.0748355745328473	0.8294586149673298	0.6658400887503648	1	1
regulation of regulated secretory pathway	GO:1903305		40	7	7.837868609814415	-0.1130567873530451	0.8037293568684701	0.6924253584529746	1	1
negative regulation of regulated secretory pathway	GO:1903306		9	1	1.7635204372082431	-0.5673120596306415	0.5403638836722494	0.8596066645829048	1	1
positive regulation of regulated secretory pathway	GO:1903307		21	4	4.114881020152567	-0.028315558897954368	0.8614938546476196	0.6120409511297683	1	1
regulation of mRNA metabolic process	GO:1903311		189	35	37.03392918137311	-0.0564864358646508	0.8420008088560077	0.6349872644386607	1	1
negative regulation of mRNA metabolic process	GO:1903312		65	15	12.736536490948424	0.16357544891215084	1.0016275609675553	0.26187979710859777	1	1
positive regulation of mRNA metabolic process	GO:1903313		67	7	13.128429921439144	-0.628869952630075	0.5107026747630853	0.9809414274878018	1	1
regulation of protein maturation	GO:1903317		32	4	6.270294887851531	-0.44952902397425787	0.6010751724526117	0.8829617145487606	1	1
negative regulation of protein maturation	GO:1903318		16	2	3.1351474439257654	-0.44952902397425787	0.6010751724526117	0.8506090120081047	1	1
positive regulation of protein maturation	GO:1903319		13	2	2.547307298189685	-0.2418896591960136	0.7210246532773757	0.7554039042054765	1	1
regulation of protein modification by small protein conjugation or removal	GO:1903320		167	35	32.72310144597518	0.06726676677823656	0.92972892067467106	0.3430949334842557	1	1
negative regulation of protein modification by small protein conjugation or removal	GO:1903321		62	10	12.148696345212342	-0.19463677434546786	0.7506308040069956	0.7995360471152269	1	1
positive regulation of protein modification by small protein conjugation or removal	GO:1903322		101	22	19.790618239781395	0.1058344542226345	0.9581527623154911	0.30833635745150156	1	1
regulation of protein folding	GO:1903332		8	3	1.5675737219628827	0.6490832646938518	1.4044007738015039	0.1941869786530865	1	1
positive regulation of bicellular tight junction assembly	GO:1903348		7	1	1.3716270067175225	-0.3159976313497353	0.6763118873418741	0.7827962839733025	1	1
response to dopamine	GO:1903350		23	0	4.506774450643289	-Inf	0	1	1	1
cellular response to dopamine	GO:1903351		23	0	4.506774450643289	-Inf	0	1	1	1
regulation of Golgi organization	GO:1903358		16	2	3.1351474439257654	-0.44952902397425787	0.6010751724526117	0.8506090120081047	1	1
regulation of endoplasmic reticulum tubular network organization	GO:1903371		5	0	0.9797335762268019	-Inf	0	1	1	1
regulation of oxidative stress-induced neuron intrinsic apoptotic signaling pathway	GO:1903376		12	2	2.3513605829443245	-0.16184695152247705	0.7716727237196409	0.7135533259489933	1	1
negative regulation of oxidative stress-induced neuron intrinsic apoptotic signaling pathway	GO:1903377		9	2	1.7635204372082431	0.12583512092930388	0.9730885098117966	0.5515091337986338	1	1
regulation of adherens junction organization	GO:1903391		5	2	0.9797335762268019	0.7136217858314229	1.4619856571553664	0.2544280030025466	1	1
L-lysine transmembrane transport	GO:1903401		5	0	0.9797335762268019	-Inf	0	1	1	1
reactive oxygen species biosynthetic process	GO:1903409		6	1	1.1756802914721622	-0.16184695152247705	0.7716727237196409	0.72984153184383	1	1
response to bile acid	GO:1903412		7	1	1.3716270067175225	-0.3159976313497353	0.6763118873418741	0.7827962839733025	1	1
regulation of reactive oxygen species biosynthetic process	GO:1903426		18	2	3.5270408744164863	-0.5673120596306415	0.5403638836722494	0.8938443279280387	1	1
negative regulation of reactive oxygen species biosynthetic process	GO:1903427		5	0	0.9797335762268019	-Inf	0	1	1	1
positive regulation of reactive oxygen species biosynthetic process	GO:1903428		7	1	1.3716270067175225	-0.3159976313497353	0.6763118873418741	0.7827962839733025	1	1
regulation of cell maturation	GO:1903429		5	0	0.9797335762268019	-Inf	0	1	1	1
regulation of TORC1 signaling	GO:1903432		93	20	18.223044517818515	0.09304529810631293	0.9486719122546269	0.36033130841398336	1	1
regulation of mitotic cytokinetic process	GO:1903436		6	2	1.1756802914721622	0.5313002290374682	1.301399677662636	0.33467808653175235	1	1
positive regulation of mitotic cytokinetic process	GO:1903438		6	2	1.1756802914721622	0.5313002290374682	1.301399677662636	0.33467808653175235	1	1
positive regulation of mitotic cytokinesis	GO:1903490		7	2	1.3716270067175225	0.37714954921021	1.171306923303042	0.412113019066995	1	1
regulation of mitotic spindle checkpoint	GO:1903504		17	1	3.331094159171126	-1.203300826350638	0.2958661985436187	0.9755081197271886	1	1
liposaccharide metabolic process	GO:1903509		81	11	15.87168393487419	-0.36664136416849036	0.6469703129909252	0.9333882943535334	1	1
endoplasmic reticulum to cytosol transport	GO:1903513		15	4	2.9392007286804054	0.30815667772325855	1.1150519589183827	0.3366446614878407	1	1
release of sequestered calcium ion into cytosol by endoplasmic reticulum	GO:1903514		6	2	1.1756802914721622	0.5313002290374682	1.301399677662636	0.33467808653175235	1	1
regulation of blood circulation	GO:1903522		133	16	26.06091312763293	-0.48784788827639464	0.5807468668399639	0.9908609847163181	1	1
negative regulation of blood circulation	GO:1903523		6	1	1.1756802914721622	-0.16184695152247705	0.7716727237196409	0.72984153184383	1	1
positive regulation of blood circulation	GO:1903524		9	2	1.7635204372082431	0.12583512092930388	0.9730885098117966	0.5515091337986338	1	1
negative regulation of secretion by cell	GO:1903531		61	6	11.952749629966982	-0.6892018772396783	0.48297900423129464	0.9833682933066337	1	1
positive regulation of secretion by cell	GO:1903532		124	20	24.297392690424683	-0.19463677434546786	0.7506308040069956	0.85365730218178	1	1
regulation of protein targeting	GO:1903533		27	1	5.29056131162473	-1.6659243482987511	0.18790808497335687	0.9965688057552808	1	1
regulation of exosomal secretion	GO:1903541		17	4	3.331094159171126	0.1829935347692526	1.0164894330322407	0.38564078766012255	1	1
positive regulation of exosomal secretion	GO:1903543		13	4	2.547307298189685	0.4512575213639317	1.2331288170502879	0.24026976015350388	1	1
regulation of extracellular exosome assembly	GO:1903551		6	3	1.1756802914721622	0.9367653371456326	1.6662678944047506	0.09392783594413556	1	1
regulation of tumor necrosis factor superfamily cytokine production	GO:1903555		100	16	19.594671524536036	-0.2026689460427322	0.7455383845037314	0.8389835263652632	1	1
negative regulation of tumor necrosis factor superfamily cytokine production	GO:1903556		42	7	8.229762040305134	-0.1618469515224769	0.7716727237196409	0.7180803597290035	1	1
positive regulation of tumor necrosis factor superfamily cytokine production	GO:1903557		56	7	10.97301605374018	-0.44952902397425787	0.6010751724526117	0.941261638867392	1	1
regulation of protein localization to cilium	GO:1903564		6	0	1.1756802914721622	-Inf	0	1	1	1
negative regulation of response to endoplasmic reticulum stress	GO:1903573		34	10	6.662188318342252	0.4061370860834623	1.195322394547758	0.1127627223408161	1	1
regulation of ATP metabolic process	GO:1903578		39	9	7.6419218945690535	0.163575448912151	1.0016275609675556	0.3512233721330227	1	1
negative regulation of ATP metabolic process	GO:1903579		11	1	2.155413867698964	-0.7679827550927926	0.4487358074677462	0.90925940843125	1	1
positive regulation of ATP metabolic process	GO:1903580		19	6	3.7229875896618467	0.47723300776719246	1.255120035952325	0.1515463728736116	1	1
regulation of blood vessel endothelial cell proliferation involved in sprouting angiogenesis	GO:1903587		15	5	2.9392007286804054	0.5313002290374682	1.301399677662636	0.15384915157859902	1	1
negative regulation of blood vessel endothelial cell proliferation involved in sprouting angiogenesis	GO:1903588		7	2	1.3716270067175225	0.37714954921021	1.171306923303042	0.412113019066995	1	1
positive regulation of blood vessel endothelial cell proliferation involved in sprouting angiogenesis	GO:1903589		8	3	1.5675737219628827	0.6490832646938518	1.4044007738015039	0.1941869786530865	1	1
regulation of histamine secretion by mast cell	GO:1903593		7	0	1.3716270067175225	-Inf	0	1	1	1
positive regulation of autophagy of mitochondrion	GO:1903599		17	1	3.331094159171126	-1.203300826350638	0.2958661985436187	0.9755081197271886	1	1
cytochrome metabolic process	GO:1903604		6	0	1.1756802914721622	-Inf	0	1	1	1
protein localization to cytoplasmic stress granule	GO:1903608		8	2	1.5675737219628827	0.24361815658568745	1.063644502877227	0.48475503253829777	1	1
regulation of complement-dependent cytotoxicity	GO:1903659		10	0	1.9594671524536038	-Inf	0	1	1	1
regulation of sprouting angiogenesis	GO:1903670		33	4	6.466241603096892	-0.48030068264101167	0.5847064523720692	0.9108185322691283	1	1
negative regulation of sprouting angiogenesis	GO:1903671		10	2	1.9594671524536038	0.020474605271477528	0.8959251696155924	0.6118932315048861	1	1
positive regulation of sprouting angiogenesis	GO:1903672		18	2	3.5270408744164863	-0.5673120596306415	0.5403638836722494	0.8938443279280387	1	1
regulation of wound healing, spreading of epidermal cells	GO:1903689		9	1	1.7635204372082431	-0.5673120596306415	0.5403638836722494	0.8596066645829048	1	1
positive regulation of wound healing, spreading of epidermal cells	GO:1903691		5	1	0.9797335762268019	0.020474605271477528	0.8959251696155924	0.6639809576251503	1	1
regulation of hemopoiesis	GO:1903706		162	27	31.74336786974838	-0.16184695152247705	0.7716727237196409	0.8431915734156198	1	1
negative regulation of hemopoiesis	GO:1903707		47	8	9.209495616531937	-0.14079354232464478	0.7853964081668059	0.7274752086039968	1	1
positive regulation of hemopoiesis	GO:1903708		70	10	13.716270067175225	-0.3159976313497353	0.6763118873418741	0.8927076642862974	1	1
regulation of aerobic respiration	GO:1903715		18	3	3.5270408744164863	-0.16184695152247705	0.7716727237196409	0.6757301864742484	1	1
regulation of centriole elongation	GO:1903722		9	0	1.7635204372082431	-Inf	0	1	1	1
positive regulation of centriole elongation	GO:1903724		7	0	1.3716270067175225	-Inf	0	1	1	1
regulation of phospholipid metabolic process	GO:1903725		22	4	4.310827735397928	-0.0748355745328473	0.8294586149673298	0.6507471228202052	1	1
positive regulation of phospholipid metabolic process	GO:1903727		11	1	2.155413867698964	-0.7679827550927926	0.4487358074677462	0.90925940843125	1	1
regulation of plasma membrane organization	GO:1903729		10	0	1.9594671524536038	-Inf	0	1	1	1
regulation of protein localization to mitochondrion	GO:1903747		18	2	3.5270408744164863	-0.5673120596306415	0.5403638836722494	0.8938443279280387	1	1
negative regulation of protein localization to mitochondrion	GO:1903748		5	1	0.9797335762268019	0.020474605271477528	0.8959251696155924	0.6639809576251503	1	1
positive regulation of protein localization to mitochondrion	GO:1903749		7	0	1.3716270067175225	-Inf	0	1	1	1
negative regulation of p38MAPK cascade	GO:1903753		7	1	1.3716270067175225	-0.3159976313497353	0.6763118873418741	0.7827962839733025	1	1
regulation of potassium ion export across plasma membrane	GO:1903764		8	1	1.5675737219628827	-0.44952902397425787	0.6010751724526117	0.8253736056068746	1	1
negative regulation of potassium ion export across plasma membrane	GO:1903765		6	1	1.1756802914721622	-0.16184695152247705	0.7716727237196409	0.72984153184383	1	1
regulation of cardiac conduction	GO:1903779		19	2	3.7229875896618467	-0.6213792809009171	0.5142372660455732	0.8938443279280387	1	1
guanine nucleotide transmembrane transport	GO:1903790		7	1	1.3716270067175225	-0.3159976313497353	0.6763118873418741	0.7827962839733025	1	1
regulation of miRNA processing	GO:1903798		11	1	2.155413867698964	-0.7679827550927926	0.4487358074677462	0.90925940843125	1	1
negative regulation of miRNA processing	GO:1903799		6	1	1.1756802914721622	-0.16184695152247705	0.7716727237196409	0.72984153184383	1	1
positive regulation of miRNA processing	GO:1903800		5	0	0.9797335762268019	-Inf	0	1	1	1
negative regulation of voltage-gated potassium channel activity	GO:1903817		7	2	1.3716270067175225	0.37714954921021	1.171306923303042	0.412113019066995	1	1
L-arginine transmembrane transport	GO:1903826		10	2	1.9594671524536038	0.020474605271477528	0.8959251696155924	0.6118932315048861	1	1
negative regulation of protein localization	GO:1903828		126	15	24.689286120915405	-0.49831918814369003	0.5752890173063127	0.9913082199805398	1	1
magnesium ion transmembrane transport	GO:1903830		5	0	0.9797335762268019	-Inf	0	1	1	1
regulation of cellular response to transforming growth factor beta stimulus	GO:1903844		79	13	15.479790504383466	-0.17458597729990658	0.7634496317739837	0.7991170062067301	1	1
positive regulation of cellular response to transforming growth factor beta stimulus	GO:1903846		21	5	4.114881020152567	0.19482799241625548	1.0256053873788344	0.39541452308771846	1	1
regulation of cristae formation	GO:1903850		5	0	0.9797335762268019	-Inf	0	1	1	1
regulation of dendrite extension	GO:1903859		16	1	3.1351474439257654	-1.1426762045342032	0.3137893727853598	0.9620999807715159	1	1
positive regulation of dendrite extension	GO:1903861		15	1	2.9392007286804054	-1.078137683396632	0.3339847283501357	0.9620999807715159	1	1
regulation of IRE1-mediated unfolded protein response	GO:1903894		15	2	2.9392007286804054	-0.38499050283668673	0.6365829165604019	0.8234197544946463	1	1
positive regulation of IRE1-mediated unfolded protein response	GO:1903896		8	1	1.5675737219628827	-0.44952902397425787	0.6010751724526117	0.8253736056068746	1	1
regulation of PERK-mediated unfolded protein response	GO:1903897		8	6	1.5675737219628827	1.3422304452537972	2.0520211824128847	0.0010948796847261378	0.939130719129487	0.939130719129487
negative regulation of PERK-mediated unfolded protein response	GO:1903898		6	6	1.1756802914721622	1.629912517705578	2.33252314794726	5.640338693553467e-5	0.29696383221559003	0.29696383221559003
regulation of viral life cycle	GO:1903900		101	15	19.790618239781395	-0.2771577980334714	0.6994830049600125	0.8876522366200292	1	1
negative regulation of viral life cycle	GO:1903901		6	1	1.1756802914721622	-0.16184695152247705	0.7716727237196409	0.6639809576251503	1	1
positive regulation of viral life cycle	GO:1903902		24	3	4.702721165888649	-0.44952902397425804	0.6010751724526116	0.8762696930387821	1	1
regulation of TORC2 signaling	GO:1903939		10	1	1.9594671524536038	-0.6726725752884678	0.4904435399678537	0.8871303793693512	1	1
arachidonate transport	GO:1903963		8	1	1.5675737219628827	-0.44952902397425787	0.6010751724526117	0.8253736056068746	1	1
regulation of glial cell migration	GO:1903975		10	5	1.9594671524536038	0.9367653371456326	1.6662678944047506	0.030150159034601248	1	1
positive regulation of glial cell migration	GO:1903977		8	4	1.5675737219628827	0.9367653371456328	1.6662678944047509	0.05259704942791124	1	1
regulation of microglial cell activation	GO:1903978		5	2	0.9797335762268019	0.7136217858314229	1.4619856571553664	0.2544280030025466	1	1
positive regulation of vasculature development	GO:1904018		109	22	21.35819196174428	0.029607088834750085	0.902463140518695	0.4766194819988303	1	1
epithelial cell apoptotic process	GO:1904019		5	1	0.9797335762268019	0.020474605271477528	0.8959251696155924	0.6639809576251503	1	1
regulation of G protein-coupled receptor internalization	GO:1904020		6	0	1.1756802914721622	-Inf	0	1	1	1
negative regulation of cyclin-dependent protein kinase activity	GO:1904030		11	0	2.155413867698964	-Inf	0	1	1	1
regulation of epithelial cell apoptotic process	GO:1904035		17	2	3.331094159171126	-0.5101536457906928	0.5691707139650165	0.8506090120081047	1	1
negative regulation of epithelial cell apoptotic process	GO:1904036		7	0	1.3716270067175225	-Inf	0	1	1	1
positive regulation of epithelial cell apoptotic process	GO:1904037		7	1	1.3716270067175225	-0.3159976313497353	0.6763118873418741	0.72984153184383	1	1
regulation of monoatomic cation transmembrane transport	GO:1904062		161	19	31.54742115450302	-0.5070528681124447	0.570768658537894	0.9949412605419226	1	1
negative regulation of cation transmembrane transport	GO:1904063		46	7	9.013548901286578	-0.2528187297282039	0.714298303557231	0.8240814772316816	1	1
positive regulation of cation transmembrane transport	GO:1904064		69	11	13.520323351929866	-0.20629871409331096	0.7432451303980464	0.7709130532670632	1	1
regulation of microglial cell migration	GO:1904139		7	4	1.3716270067175225	1.0702967297701553	1.79162260898323	0.0310439436114551	1	1
positive regulation of microglial cell migration	GO:1904141		6	4	1.1756802914721622	1.2244474095974136	1.9385239673904662	0.01572932667695414	1	1
regulation of retrograde protein transport, ER to cytosol	GO:1904152		13	2	2.547307298189685	-0.2418896591960136	0.7210246532773757	0.7554039042054765	1	1
negative regulation of retrograde protein transport, ER to cytosol	GO:1904153		9	1	1.7635204372082431	-0.5673120596306415	0.5403638836722494	0.8596066645829048	1	1
positive regulation of membrane depolarization	GO:1904181		6	0	1.1756802914721622	-Inf	0	1	1	1
negative regulation of TORC1 signaling	GO:1904262		42	9	8.229762040305134	0.08946747675842903	0.9460294016458648	0.4426409569421745	1	1
positive regulation of TORC1 signaling	GO:1904263		50	13	9.797335762268018	0.28283886973896866	1.0947411092633015	0.16641963565917262	1	1
regulation of ERAD pathway	GO:1904292		21	3	4.114881020152567	-0.3159976313497353	0.6763118873418741	0.8095110826530926	1	1
negative regulation of ERAD pathway	GO:1904293		6	1	1.1756802914721622	-0.16184695152247705	0.7716727237196409	0.72984153184383	1	1
positive regulation of ERAD pathway	GO:1904294		15	2	2.9392007286804054	-0.38499050283668673	0.6365829165604019	0.8234197544946463	1	1
response to forskolin	GO:1904321		6	1	1.1756802914721622	-0.16184695152247705	0.7716727237196409	0.72984153184383	1	1
cellular response to forskolin	GO:1904322		6	1	1.1756802914721622	-0.16184695152247705	0.7716727237196409	0.72984153184383	1	1
regulation of protein catabolic process in the vacuole	GO:1904350		9	0	1.7635204372082431	-Inf	0	1	1	1
positive regulation of protein catabolic process in the vacuole	GO:1904352		5	0	0.9797335762268019	-Inf	0	1	1	1
regulation of telomere capping	GO:1904353		12	1	2.3513605829443245	-0.8549941320824224	0.4134089075367419	0.9270508704750915	1	1
negative regulation of telomere capping	GO:1904354		7	0	1.3716270067175225	-Inf	0	1	1	1
regulation of telomere maintenance via telomere lengthening	GO:1904356		48	9	9.405442331777298	-0.044063915866093706	0.8505613782850315	0.5610599533967064	1	1
negative regulation of telomere maintenance via telomere lengthening	GO:1904357		28	3	5.48650802687009	-0.6036797038015163	0.5226710513800359	0.9083516062867003	1	1
positive regulation of telomere maintenance via telomere lengthening	GO:1904358		22	6	4.310827735397928	0.3306295335753171	1.13323234459792	0.25108909460842843	1	1
regulation of protein localization to cell periphery	GO:1904375		87	8	17.04736422634635	-0.7565540592691697	0.4535683374407034	0.9974855887715548	1	1
negative regulation of protein localization to cell periphery	GO:1904376		23	3	4.506774450643289	-0.4069694095554622	0.6243111154330052	0.8567486189236605	1	1
positive regulation of protein localization to cell periphery	GO:1904377		46	4	9.013548901286578	-0.8124345176636266	0.4303676116636751	0.9871871955242539	1	1
endoplasmic reticulum mannose trimming	GO:1904380		12	0	2.3513605829443245	-Inf	0	1	1	1
cellular response to angiotensin	GO:1904385		13	4	2.547307298189685	0.4512575213639317	1.2331288170502879	0.24026976015350388	1	1
positive regulation of calcium ion transmembrane transport	GO:1904427		36	5	7.054081748832973	-0.3441685083164316	0.6598686363927702	0.8432706515307955	1	1
positive regulation of TORC2 signaling	GO:1904515		6	1	1.1756802914721622	-0.16184695152247705	0.7716727237196409	0.72984153184383	1	1
L-alanine transmembrane transport	GO:1904557		5	0	0.9797335762268019	-Inf	0	1	1	1
regulation of termination of RNA polymerase II transcription	GO:1904594		6	1	1.1756802914721622	-0.16184695152247705	0.7716727237196409	0.72984153184383	1	1
response to amyloid-beta	GO:1904645		35	4	6.858135033587613	-0.5391411826639451	0.5544080151108676	0.9326085547361003	1	1
cellular response to amyloid-beta	GO:1904646		28	4	5.48650802687009	-0.3159976313497353	0.6763118873418741	0.8271053647850274	1	1
D-glucose transmembrane transport	GO:1904659		19	1	3.7229875896618467	-1.3145264614608625	0.26547226383291483	0.9755081197271886	1	1
regulation of ubiquitin protein ligase activity	GO:1904666		17	2	3.331094159171126	-0.5101536457906928	0.5691707139650165	0.8739261887459524	1	1
negative regulation of ubiquitin protein ligase activity	GO:1904667		9	1	1.7635204372082431	-0.5673120596306415	0.5403638836722494	0.8596066645829048	1	1
positive regulation of ubiquitin protein ligase activity	GO:1904668		8	1	1.5675737219628827	-0.44952902397425787	0.6010751724526117	0.8253736056068746	1	1
ATP export	GO:1904669		6	0	1.1756802914721622	-Inf	0	1	1	1
regulation of cytoplasmic translational initiation	GO:1904688		9	1	1.7635204372082431	-0.5673120596306415	0.5403638836722494	0.8596066645829048	1	1
positive regulation of cytoplasmic translational initiation	GO:1904690		7	1	1.3716270067175225	-0.3159976313497353	0.6763118873418741	0.7827962839733025	1	1
regulation of vascular associated smooth muscle cell proliferation	GO:1904705		38	3	7.4459751793236935	-0.9090613533526981	0.3927286218763734	0.984562264154242	1	1
negative regulation of vascular associated smooth muscle cell proliferation	GO:1904706		16	0	3.1351474439257654	-Inf	0	1	1	1
positive regulation of vascular associated smooth muscle cell proliferation	GO:1904707		22	3	4.310827735397928	-0.36251764698462824	0.6493225649570408	0.8345790763109171	1	1
regulation of chaperone-mediated autophagy	GO:1904714		6	1	1.1756802914721622	-0.16184695152247705	0.7716727237196409	0.72984153184383	1	1
regulation of protein localization to nucleolus	GO:1904749		7	1	1.3716270067175225	-0.3159976313497353	0.6763118873418741	0.7827962839733025	1	1
regulation of vascular associated smooth muscle cell migration	GO:1904752		13	3	2.547307298189685	0.16357544891215084	1.0016275609675553	0.48337514553833716	1	1
negative regulation of vascular associated smooth muscle cell migration	GO:1904753		5	0	0.9797335762268019	-Inf	0	1	1	1
positive regulation of vascular associated smooth muscle cell migration	GO:1904754		8	3	1.5675737219628827	0.6490832646938518	1.4044007738015039	0.1941869786530865	1	1
regulation of protein localization to cell cortex	GO:1904776		8	0	1.5675737219628827	-Inf	0	1	1	1
positive regulation of protein localization to cell cortex	GO:1904778		5	0	0.9797335762268019	-Inf	0	1	1	1
regulation of protein localization to centrosome	GO:1904779		12	1	2.3513605829443245	-0.8549941320824224	0.4134089075367419	0.9270508704750915	1	1
positive regulation of protein localization to centrosome	GO:1904781		7	1	1.3716270067175225	-0.3159976313497353	0.6763118873418741	0.7827962839733025	1	1
regulation of protein localization to chromosome, telomeric region	GO:1904814		10	4	1.9594671524536038	0.7136217858314229	1.4619856571553664	0.11378252681862328	1	1
positive regulation of protein localization to chromosome, telomeric region	GO:1904816		6	3	1.1756802914721622	0.9367653371456326	1.6662678944047506	0.09392783594413556	1	1
regulation of cell chemotaxis to fibroblast growth factor	GO:1904847		6	0	1.1756802914721622	-Inf	0	1	1	1
excitatory synapse assembly	GO:1904861		6	1	1.1756802914721622	-0.16184695152247705	0.7716727237196409	0.72984153184383	1	1
inhibitory synapse assembly	GO:1904862		7	1	1.3716270067175225	-0.3159976313497353	0.6763118873418741	0.7827962839733025	1	1
regulation of telomerase RNA localization to Cajal body	GO:1904872		7	2	1.3716270067175225	0.37714954921021	1.171306923303042	0.412113019066995	1	1
cranial skeletal system development	GO:1904888		16	1	3.1351474439257654	-1.1426762045342032	0.3137893727853598	0.9695327120224101	1	1
regulation of receptor signaling pathway via STAT	GO:1904892		51	14	9.993282477513377	0.33714421459651095	1.1385289193184653	0.1103485677224812	1	1
negative regulation of receptor signaling pathway via STAT	GO:1904893		18	7	3.5270408744164863	0.6854509088647266	1.4367570374839522	0.0463821468699097	1	1
positive regulation of receptor signaling pathway via STAT	GO:1904894		31	6	6.074348172606171	-0.012315217551513198	0.8726922785456543	0.5851665741807743	1	1
regulation of endothelial cell-matrix adhesion	GO:1904904		8	1	1.5675737219628827	-0.44952902397425787	0.6010751724526117	0.8253736056068746	1	1
positive regulation of endothelial cell-matrix adhesion	GO:1904906		7	1	1.3716270067175225	-0.3159976313497353	0.6763118873418741	0.7827962839733025	1	1
midbrain dopaminergic neuron differentiation	GO:1904948		9	2	1.7635204372082431	0.12583512092930388	0.9730885098117966	0.5515091337986338	1	1
negative regulation of establishment of protein localization	GO:1904950		71	8	13.912216782420586	-0.5533258176559016	0.5472993362365287	0.9788043638932087	1	1
positive regulation of establishment of protein localization	GO:1904951		155	26	30.371740863030855	-0.15541606119218662	0.7758470735083242	0.8294511271819303	1	1
brush border assembly	GO:1904970		6	0	1.1756802914721622	-Inf	0	1	1	1
regulation of endosome organization	GO:1904978		5	0	0.9797335762268019	-Inf	0	1	1	1
regulation of leukocyte adhesion to vascular endothelial cell	GO:1904994		16	7	3.1351474439257654	0.8032339445211101	1.5431294962999909	0.023918194779179856	1	1
negative regulation of leukocyte adhesion to vascular endothelial cell	GO:1904995		5	0	0.9797335762268019	-Inf	0	1	1	1
positive regulation of leukocyte adhesion to vascular endothelial cell	GO:1904996		10	7	1.9594671524536038	1.2732375737668455	1.985422322827511	7.555885239781967e-4	0.939130719129487	0.939130719129487
autophagosome organization	GO:1905037		56	6	10.97301605374018	-0.6036797038015163	0.5226710513800359	0.9749159295230854	1	1
carboxylic acid transmembrane transport	GO:1905039		74	9	14.500056928156667	-0.4769279981623725	0.5864829110616416	0.9632614987021009	1	1
regulation of metallopeptidase activity	GO:1905048		5	0	0.9797335762268019	-Inf	0	1	1	1
regulation of vascular associated smooth muscle cell differentiation	GO:1905063		10	2	1.9594671524536038	0.020474605271477528	0.8959251696155924	0.6118932315048861	1	1
negative regulation of vascular associated smooth muscle cell differentiation	GO:1905064		6	2	1.1756802914721622	0.5313002290374682	1.301399677662636	0.33467808653175235	1	1
regulation of type 2 mitophagy	GO:1905089		8	0	1.5675737219628827	-Inf	0	1	1	1
positive regulation of type 2 mitophagy	GO:1905091		7	0	1.3716270067175225	-Inf	0	1	1	1
negative regulation of guanyl-nucleotide exchange factor activity	GO:1905098		5	1	0.9797335762268019	0.020474605271477528	0.8959251696155924	0.6639809576251503	1	1
response to acetylcholine	GO:1905144		13	3	2.547307298189685	0.16357544891215084	1.0016275609675553	0.42727390275722177	1	1
cellular response to acetylcholine	GO:1905145		13	3	2.547307298189685	0.16357544891215084	1.0016275609675553	0.42727390275722177	1	1
lysosomal protein catabolic process	GO:1905146		5	0	0.9797335762268019	-Inf	0	1	1	1
regulation of lysosomal protein catabolic process	GO:1905165		7	0	1.3716270067175225	-Inf	0	1	1	1
positive regulation of double-strand break repair via homologous recombination	GO:1905168		39	3	7.6419218945690535	-0.9350368397559587	0.3831292389552201	0.9869808489492327	1	1
regulation of cardiocyte differentiation	GO:1905207		15	1	2.9392007286804054	-1.078137683396632	0.3339847283501357	0.952854632353058	1	1
negative regulation of cardiocyte differentiation	GO:1905208		7	1	1.3716270067175225	-0.3159976313497353	0.6763118873418741	0.72984153184383	1	1
positive regulation of cardiocyte differentiation	GO:1905209		8	0	1.5675737219628827	-Inf	0	1	1	1
negative regulation of chromatin organization	GO:1905268		7	0	1.3716270067175225	-Inf	0	1	1	1
regulation of epithelial tube formation	GO:1905276		6	1	1.1756802914721622	-0.16184695152247705	0.7716727237196409	0.72984153184383	1	1
positive regulation of epithelial tube formation	GO:1905278		6	1	1.1756802914721622	-0.16184695152247705	0.7716727237196409	0.72984153184383	1	1
regulation of retrograde transport, endosome to Golgi	GO:1905279		5	1	0.9797335762268019	0.020474605271477528	0.8959251696155924	0.6639809576251503	1	1
semi-lunar valve development	GO:1905314		23	1	4.506774450643289	-1.505581698223572	0.22010662597536554	0.9917799739109313	1	1
telomerase holoenzyme complex assembly	GO:1905323		5	1	0.9797335762268019	0.020474605271477528	0.8959251696155924	0.6639809576251503	1	1
regulation of morphogenesis of an epithelium	GO:1905330		21	5	4.114881020152567	0.19482799241625548	1.0256053873788344	0.39541452308771846	1	1
positive regulation of morphogenesis of an epithelium	GO:1905332		13	3	2.547307298189685	0.16357544891215084	1.0016275609675553	0.48337514553833716	1	1
regulation of aggrephagy	GO:1905335		8	1	1.5675737219628827	-0.44952902397425787	0.6010751724526117	0.8253736056068746	1	1
positive regulation of aggrephagy	GO:1905337		6	1	1.1756802914721622	-0.16184695152247705	0.7716727237196409	0.72984153184383	1	1
regulation of vascular associated smooth muscle cell apoptotic process	GO:1905459		7	1	1.3716270067175225	-0.3159976313497353	0.6763118873418741	0.7827962839733025	1	1
positive regulation of vascular associated smooth muscle cell apoptotic process	GO:1905461		5	1	0.9797335762268019	0.020474605271477528	0.8959251696155924	0.6639809576251503	1	1
regulation of protein localization to membrane	GO:1905475		98	9	19.202778094045314	-0.7578303836287745	0.4530264029381094	0.9982657499958216	1	1
negative regulation of protein localization to membrane	GO:1905476		26	3	5.09461459637937	-0.5295717316477945	0.5592464895478996	0.9083516062867003	1	1
positive regulation of protein localization to membrane	GO:1905477		56	5	10.97301605374018	-0.7860012605954708	0.44120861147904766	0.9896812092527572	1	1
protein localization to microtubule organizing center	GO:1905508		21	2	4.114881020152567	-0.7214627394578996	0.46869159825755335	0.9251885608618968	1	1
non-motile cilium assembly	GO:1905515		15	0	2.9392007286804054	-Inf	0	1	1	1
macrophage migration	GO:1905517		8	2	1.5675737219628827	0.24361815658568745	1.063644502877227	0.412113019066995	1	1
regulation of macrophage migration	GO:1905521		20	6	3.9189343049072076	0.4259397133796419	1.2118523860835395	0.18261536308991114	1	1
positive regulation of macrophage migration	GO:1905523		16	6	3.1351474439257654	0.6490832646938518	1.4044007738015039	0.07507346251532382	1	1
regulation of blood vessel branching	GO:1905553		6	2	1.1756802914721622	0.5313002290374682	1.301399677662636	0.33467808653175235	1	1
positive regulation of blood vessel branching	GO:1905555		5	2	0.9797335762268019	0.7136217858314229	1.4619856571553664	0.2544280030025466	1	1
regulation of vascular endothelial cell proliferation	GO:1905562		17	3	3.331094159171126	-0.10468853768252841	0.8093165486581243	0.6757301864742484	1	1
negative regulation of vascular endothelial cell proliferation	GO:1905563		5	2	0.9797335762268019	0.7136217858314229	1.4619856571553664	0.2544280030025466	1	1
positive regulation of vascular endothelial cell proliferation	GO:1905564		11	1	2.155413867698964	-0.7679827550927926	0.4487358074677462	0.90925940843125	1	1
regulation of blood-brain barrier permeability	GO:1905603		6	2	1.1756802914721622	0.5313002290374682	1.301399677662636	0.33467808653175235	1	1
regulation of presynapse assembly	GO:1905606		13	0	2.547307298189685	-Inf	0	1	1	1
regulation of protein localization to chromatin	GO:1905634		8	1	1.5675737219628827	-0.44952902397425787	0.6010751724526117	0.8253736056068746	1	1
regulation of protein localization to endosome	GO:1905666		9	2	1.7635204372082431	0.12583512092930388	0.9730885098117966	0.5515091337986338	1	1
positive regulation of protein localization to endosome	GO:1905668		8	2	1.5675737219628827	0.24361815658568745	1.063644502877227	0.48475503253829777	1	1
regulation of lysosome organization	GO:1905671		10	2	1.9594671524536038	0.020474605271477528	0.8959251696155924	0.6118932315048861	1	1
lipid droplet disassembly	GO:1905691		7	1	1.3716270067175225	-0.3159976313497353	0.6763118873418741	0.7827962839733025	1	1
negative regulation of membrane permeability	GO:1905709		11	2	2.155413867698964	-0.0748355745328473	0.8294586149673298	0.6658400887503648	1	1
positive regulation of membrane permeability	GO:1905710		19	2	3.7229875896618467	-0.6213792809009171	0.5142372660455732	0.8938443279280387	1	1
protein localization to perinuclear region of cytoplasm	GO:1905719		9	1	1.7635204372082431	-0.5673120596306415	0.5403638836722494	0.8596066645829048	1	1
regulation of chromosome separation	GO:1905818		47	3	9.209495616531937	-1.121622795336371	0.32024853124273084	0.9973156077653733	1	1
negative regulation of chromosome separation	GO:1905819		23	1	4.506774450643289	-1.505581698223572	0.22010662597536554	0.9933926808077949	1	1
positive regulation of chromosome separation	GO:1905820		13	1	2.547307298189685	-0.9350368397559589	0.38312923895522005	0.9413547843308927	1	1
positive regulation of chromosome condensation	GO:1905821		5	0	0.9797335762268019	-Inf	0	1	1	1
regulation of 3'-UTR-mediated mRNA stabilization	GO:1905868		8	1	1.5675737219628827	-0.44952902397425787	0.6010751724526117	0.8253736056068746	1	1
positive regulation of 3'-UTR-mediated mRNA stabilization	GO:1905870		6	0	1.1756802914721622	-Inf	0	1	1	1
regulation of response to endoplasmic reticulum stress	GO:1905897		67	13	13.128429921439144	-0.009830744223851424	0.8744393132583319	0.5648099782561847	1	1
positive regulation of response to endoplasmic reticulum stress	GO:1905898		31	5	6.074348172606171	-0.19463677434546786	0.7506308040069956	0.7544282001071914	1	1
regulation of amyloid fibril formation	GO:1905906		14	2	2.743254013435045	-0.3159976313497353	0.6763118873418741	0.791856760042744	1	1
negative regulation of amyloid fibril formation	GO:1905907		10	1	1.9594671524536038	-0.6726725752884678	0.4904435399678537	0.8871303793693512	1	1
positive regulation of amyloid fibril formation	GO:1905908		5	1	0.9797335762268019	0.020474605271477528	0.8959251696155924	0.6639809576251503	1	1
regulation of gonad development	GO:1905939		6	0	1.1756802914721622	-Inf	0	1	1	1
regulation of lipid localization	GO:1905952		89	16	17.43925765683707	-0.08613512978678059	0.8217961917367385	0.6538758247385725	1	1
negative regulation of lipid localization	GO:1905953		29	6	5.68245474211545	0.05437615694715911	0.9203411288612804	0.5146930671511986	1	1
positive regulation of lipid localization	GO:1905954		54	9	10.58112262324946	-0.16184695152247705	0.7716727237196409	0.7145577915284391	1	1
amyloid fibril formation	GO:1990000		26	7	5.09461459637937	0.3177261287394092	1.1227763120262653	0.2355144041224482	1	1
response to nerve growth factor	GO:1990089		6	1	1.1756802914721622	-0.16184695152247705	0.7716727237196409	0.72984153184383	1	1
cellular response to nerve growth factor stimulus	GO:1990090		6	1	1.1756802914721622	-0.16184695152247705	0.7716727237196409	0.72984153184383	1	1
ribosome-associated ubiquitin-dependent protein catabolic process	GO:1990116		7	2	1.3716270067175225	0.37714954921021	1.171306923303042	0.412113019066995	1	1
neuron projection extension	GO:1990138		15	1	2.9392007286804054	-1.078137683396632	0.3339847283501357	0.9620999807715159	1	1
protein localization to site of double-strand break	GO:1990166		15	0	2.9392007286804054	-Inf	0	1	1	1
cellular response to leucine starvation	GO:1990253		10	3	1.9594671524536038	0.4259397133796419	1.2118523860835395	0.25111567812712277	1	1
neutrophil migration	GO:1990266		31	6	6.074348172606171	-0.012315217551513198	0.8726922785456543	0.5851665741807743	1	1
gap junction-mediated intercellular transport	GO:1990349		5	1	0.9797335762268019	0.020474605271477528	0.8959251696155924	0.6639809576251503	1	1
lipid transport across blood-brain barrier	GO:1990379		5	1	0.9797335762268019	0.020474605271477528	0.8959251696155924	0.6639809576251503	1	1
calcitonin gene-related peptide receptor signaling pathway	GO:1990408		5	0	0.9797335762268019	-Inf	0	1	1	1
adrenomedullin receptor signaling pathway	GO:1990410		5	2	0.9797335762268019	0.7136217858314229	1.4619856571553664	0.2544280030025466	1	1
mitochondrion-endoplasmic reticulum membrane tethering	GO:1990456		7	1	1.3716270067175225	-0.3159976313497353	0.6763118873418741	0.7827962839733025	1	1
mRNA pseudouridine synthesis	GO:1990481		8	0	1.5675737219628827	-Inf	0	1	1	1
neuron projection maintenance	GO:1990535		5	1	0.9797335762268019	0.020474605271477528	0.8959251696155924	0.6639809576251503	1	1
mitochondrial transmembrane transport	GO:1990542		64	7	12.540589775703062	-0.5830604165987806	0.5326420143077796	0.9782847492146428	1	1
protein polyufmylation	GO:1990564		5	0	0.9797335762268019	-Inf	0	1	1	1
potassium ion import across plasma membrane	GO:1990573		16	3	3.1351474439257654	-0.04406391586609347	0.8505613782850316	0.6330949519004381	1	1
protein K69-linked ufmylation	GO:1990592		5	0	0.9797335762268019	-Inf	0	1	1	1
nucleolar chromatin organization	GO:1990700		5	0	0.9797335762268019	-Inf	0	1	1	1
cellular detoxification	GO:1990748		39	6	7.6419218945690535	-0.24188965919601346	0.7210246532773759	0.8036550207082513	1	1
response to angiotensin	GO:1990776		14	4	2.743254013435045	0.37714954921021	1.171306923303042	0.2878991921787099	1	1
protein localization to cell periphery	GO:1990778		111	17	21.750085392235	-0.24640433955054009	0.718240535578933	0.8991048369730771	1	1
ligand-gated ion channel signaling pathway	GO:1990806		11	0	2.155413867698964	-Inf	0	1	1	1
endoplasmic reticulum tubular network membrane organization	GO:1990809		5	1	0.9797335762268019	0.020474605271477528	0.8959251696155924	0.6639809576251503	1	1
basic amino acid transmembrane transport	GO:1990822		10	2	1.9594671524536038	0.020474605271477528	0.8959251696155924	0.6118932315048861	1	1
response to lectin	GO:1990840		16	2	3.1351474439257654	-0.44952902397425787	0.6010751724526117	0.8506090120081047	1	1
vacuolar localization	GO:1990849		35	6	6.858135033587613	-0.13367607455578068	0.7900734555975877	0.6499583354560264	1	1
cellular response to lectin	GO:1990858		16	2	3.1351474439257654	-0.44952902397425787	0.6010751724526117	0.8506090120081047	1	1
response to chemokine	GO:1990868		35	12	6.858135033587613	0.5594711060041646	1.3257721500435695	0.029572583076515772	1	1
cellular response to chemokine	GO:1990869		35	12	6.858135033587613	0.5594711060041646	1.3257721500435695	0.029572583076515772	1	1
response to amino acid starvation	GO:1990928		46	8	9.013548901286578	-0.1192873371036813	0.7995862820151282	0.6790708203390694	1	1
xenobiotic detoxification by transmembrane export across the plasma membrane	GO:1990961		9	0	1.7635204372082431	-Inf	0	1	1	1
regulation of DNA damage checkpoint	GO:2000001		9	1	1.7635204372082431	-0.5673120596306415	0.5403638836722494	0.8596066645829048	1	1
regulation of protein localization to cell surface	GO:2000008		26	5	5.09461459637937	-0.01874610788180376	0.868180401077128	0.5593677229065497	1	1
negative regulation of protein localization to cell surface	GO:2000009		8	2	1.5675737219628827	0.24361815658568745	1.063644502877227	0.48475503253829777	1	1
positive regulation of protein localization to cell surface	GO:2000010		11	2	2.155413867698964	-0.0748355745328473	0.8294586149673298	0.6118932315048861	1	1
regulation of male gonad development	GO:2000018		5	0	0.9797335762268019	-Inf	0	1	1	1
regulation of animal organ morphogenesis	GO:2000027		10	0	1.9594671524536038	-Inf	0	1	1	1
regulation of stem cell population maintenance	GO:2000036		8	0	1.5675737219628827	-Inf	0	1	1	1
negative regulation of double-strand break repair via homologous recombination	GO:2000042		23	1	4.506774450643289	-1.505581698223572	0.22010662597536554	0.9917799739109313	1	1
regulation of G1/S transition of mitotic cell cycle	GO:2000045		90	8	17.63520437208243	-0.7904556109448511	0.43936503785022574	0.9974855887715548	1	1
regulation of cell-cell adhesion mediated by cadherin	GO:2000047		20	3	3.9189343049072076	-0.2672074671803034	0.705512384119831	0.7813010638640464	1	1
negative regulation of cell-cell adhesion mediated by cadherin	GO:2000048		10	2	1.9594671524536038	0.020474605271477528	0.8959251696155924	0.6118932315048861	1	1
positive regulation of cell-cell adhesion mediated by cadherin	GO:2000049		10	1	1.9594671524536038	-0.6726725752884678	0.4904435399678537	0.8871303793693512	1	1
regulation of non-canonical Wnt signaling pathway	GO:2000050		12	1	2.3513605829443245	-0.8549941320824224	0.4134089075367419	0.8871303793693512	1	1
positive regulation of non-canonical Wnt signaling pathway	GO:2000052		7	1	1.3716270067175225	-0.3159976313497353	0.6763118873418741	0.72984153184383	1	1
regulation of ubiquitin-dependent protein catabolic process	GO:2000058		116	14	22.7298189684618	-0.48462034378552804	0.5824375236401939	0.9858769565980874	1	1
negative regulation of ubiquitin-dependent protein catabolic process	GO:2000059		41	3	8.033815325059775	-0.9850472603306202	0.3652462989862176	0.9922424710880204	1	1
positive regulation of ubiquitin-dependent protein catabolic process	GO:2000060		66	7	12.932483206193783	-0.6138320752655343	0.5178193743914559	0.9809414274878018	1	1
regulation of cortisol biosynthetic process	GO:2000064		7	0	1.3716270067175225	-Inf	0	1	1	1
regulation of Wnt signaling pathway, planar cell polarity pathway	GO:2000095		6	0	1.1756802914721622	-Inf	0	1	1	1
positive regulation of Wnt signaling pathway, planar cell polarity pathway	GO:2000096		5	0	0.9797335762268019	-Inf	0	1	1	1
negative regulation of DNA-templated DNA replication	GO:2000104		6	0	1.1756802914721622	-Inf	0	1	1	1
positive regulation of DNA-templated DNA replication	GO:2000105		8	0	1.5675737219628827	-Inf	0	1	1	1
regulation of leukocyte apoptotic process	GO:2000106		38	7	7.4459751793236935	-0.06176349296549449	0.8383812258838047	0.6068627322372873	1	1
negative regulation of leukocyte apoptotic process	GO:2000107		21	4	4.114881020152567	-0.028315558897954368	0.8614938546476196	0.6120409511297683	1	1
positive regulation of leukocyte apoptotic process	GO:2000108		13	4	2.547307298189685	0.4512575213639317	1.2331288170502879	0.19470778732926153	1	1
regulation of establishment of cell polarity	GO:2000114		13	4	2.547307298189685	0.4512575213639317	1.2331288170502879	0.24026976015350388	1	1
negative regulation of G1/S transition of mitotic cell cycle	GO:2000134		42	3	8.229762040305134	-1.0091448119096806	0.35690501805843033	0.9922424710880204	1	1
regulation of DNA-templated transcription initiation	GO:2000142		48	7	9.405442331777298	-0.2953783441469997	0.6885407924584825	0.8565678113130163	1	1
negative regulation of DNA-templated transcription initiation	GO:2000143		6	1	1.1756802914721622	-0.16184695152247705	0.7716727237196409	0.72984153184383	1	1
positive regulation of DNA-templated transcription initiation	GO:2000144		40	6	7.837868609814415	-0.2672074671803034	0.705512384119831	0.8232837846356533	1	1
positive regulation of cilium-dependent cell motility	GO:2000155		8	0	1.5675737219628827	-Inf	0	1	1	1
regulation of neural precursor cell proliferation	GO:2000177		8	0	1.5675737219628827	-Inf	0	1	1	1
positive regulation of neural precursor cell proliferation	GO:2000179		5	0	0.9797335762268019	-Inf	0	1	1	1
negative regulation of blood vessel morphogenesis	GO:2000181		79	7	15.479790504383466	-0.79362518570613	0.43805734960154724	0.9968455720895888	1	1
regulation of fatty acid transport	GO:2000191		12	2	2.3513605829443245	-0.16184695152247705	0.7716727237196409	0.7135533259489933	1	1
negative regulation of fatty acid transport	GO:2000192		7	2	1.3716270067175225	0.37714954921021	1.171306923303042	0.412113019066995	1	1
regulation of ribonucleoprotein complex localization	GO:2000197		10	1	1.9594671524536038	-0.6726725752884678	0.4904435399678537	0.8871303793693512	1	1
regulation of anoikis	GO:2000209		22	6	4.310827735397928	0.3306295335753171	1.13323234459792	0.18261536308991114	1	1
positive regulation of anoikis	GO:2000210		5	1	0.9797335762268019	0.020474605271477528	0.8959251696155924	0.48019983360690854	1	1
regulation of rRNA processing	GO:2000232		14	3	2.743254013435045	0.08946747675842903	0.9460294016458648	0.5366867691818712	1	1
positive regulation of rRNA processing	GO:2000234		10	3	1.9594671524536038	0.4259397133796419	1.2118523860835395	0.30997274297362254	1	1
regulation of reproductive process	GO:2000241		50	6	9.797335762268018	-0.49035101849451307	0.579438399183867	0.9295485126859728	1	1
negative regulation of reproductive process	GO:2000242		16	3	3.1351474439257654	-0.04406391586609347	0.8505613782850316	0.6330949519004381	1	1
positive regulation of reproductive process	GO:2000243		28	4	5.48650802687009	-0.3159976313497353	0.6763118873418741	0.7786888354213644	1	1
regulation of fibroblast apoptotic process	GO:2000269		9	4	1.7635204372082431	0.8189823014892492	1.5575209121087805	0.08032957970501445	1	1
positive regulation of fibroblast apoptotic process	GO:2000271		7	3	1.3716270067175225	0.7826146573183743	1.5243441625433054	0.14109075519364597	1	1
negative regulation of signaling receptor activity	GO:2000272		12	2	2.3513605829443245	-0.16184695152247705	0.7716727237196409	0.7135533259489933	1	1
regulation of DNA biosynthetic process	GO:2000278		72	12	14.108163497665945	-0.16184695152247705	0.7716727237196409	0.7425295159057883	1	1
negative regulation of DNA biosynthetic process	GO:2000279		27	3	5.29056131162473	-0.5673120596306415	0.5403638836722494	0.8933905173407	1	1
regulation of myoblast proliferation	GO:2000291		5	0	0.9797335762268019	-Inf	0	1	1	1
regulation of synaptic vesicle exocytosis	GO:2000300		6	2	1.1756802914721622	0.5313002290374682	1.301399677662636	0.33467808653175235	1	1
regulation of ceramide biosynthetic process	GO:2000303		8	3	1.5675737219628827	0.6490832646938518	1.4044007738015039	0.1941869786530865	1	1
regulation of AMPA receptor activity	GO:2000311		5	2	0.9797335762268019	0.7136217858314229	1.4619856571553664	0.17458823432574583	1	1
regulation of T-helper 17 type immune response	GO:2000316		9	2	1.7635204372082431	0.12583512092930388	0.9730885098117966	0.5515091337986338	1	1
negative regulation of T-helper 17 type immune response	GO:2000317		6	2	1.1756802914721622	0.5313002290374682	1.301399677662636	0.33467808653175235	1	1
regulation of T-helper 17 cell differentiation	GO:2000319		8	2	1.5675737219628827	0.24361815658568745	1.063644502877227	0.48475503253829777	1	1
negative regulation of T-helper 17 cell differentiation	GO:2000320		6	2	1.1756802914721622	0.5313002290374682	1.301399677662636	0.33467808653175235	1	1
regulation of T-helper 17 cell lineage commitment	GO:2000328		7	2	1.3716270067175225	0.37714954921021	1.171306923303042	0.412113019066995	1	1
negative regulation of T-helper 17 cell lineage commitment	GO:2000329		5	2	0.9797335762268019	0.7136217858314229	1.4619856571553664	0.2544280030025466	1	1
regulation of chemokine (C-X-C motif) ligand 2 production	GO:2000341		11	1	2.155413867698964	-0.7679827550927926	0.4487358074677462	0.90925940843125	1	1
positive regulation of chemokine (C-X-C motif) ligand 2 production	GO:2000343		6	1	1.1756802914721622	-0.16184695152247705	0.7716727237196409	0.72984153184383	1	1
positive regulation of acrosome reaction	GO:2000344		5	1	0.9797335762268019	0.020474605271477528	0.8959251696155924	0.5820703667006293	1	1
regulation of endothelial cell apoptotic process	GO:2000351		46	10	9.013548901286578	0.10385621421052853	0.9566826872276941	0.4140255040960642	1	1
negative regulation of endothelial cell apoptotic process	GO:2000352		25	4	4.898667881134009	-0.2026689460427322	0.7455383845037314	0.750716981491383	1	1
positive regulation of endothelial cell apoptotic process	GO:2000353		19	5	3.7229875896618467	0.29491145097323795	1.1044033007862541	0.3101636470445178	1	1
regulation of clathrin-dependent endocytosis	GO:2000369		11	2	2.155413867698964	-0.0748355745328473	0.8294586149673298	0.6658400887503648	1	1
regulation of reactive oxygen species metabolic process	GO:2000377		80	14	15.67573721962883	-0.1130567873530451	0.8037293568684701	0.706123794671838	1	1
negative regulation of reactive oxygen species metabolic process	GO:2000378		14	0	2.743254013435045	-Inf	0	1	1	1
positive regulation of reactive oxygen species metabolic process	GO:2000379		46	9	9.013548901286578	-0.0015043014472978656	0.8803102853974325	0.532292343750929	1	1
regulation of lamellipodium morphogenesis	GO:2000392		10	5	1.9594671524536038	0.9367653371456326	1.6662678944047506	0.017931386581532288	1	1
positive regulation of lamellipodium morphogenesis	GO:2000394		6	2	1.1756802914721622	0.5313002290374682	1.301399677662636	0.33467808653175235	1	1
regulation of lymphocyte migration	GO:2000401		40	12	7.837868609814415	0.4259397133796419	1.2118523860835395	0.06499368760955572	1	1
negative regulation of lymphocyte migration	GO:2000402		12	3	2.3513605829443245	0.24361815658568728	1.0636445028772268	0.42727390275722177	1	1
positive regulation of lymphocyte migration	GO:2000403		25	8	4.898667881134009	0.4904782345172131	1.266395292561609	0.09914197414740093	1	1
regulation of T cell migration	GO:2000404		26	7	5.09461459637937	0.3177261287394092	1.1227763120262653	0.20434534872792767	1	1
positive regulation of T cell migration	GO:2000406		21	6	4.114881020152567	0.37714954921021	1.171306923303042	0.215928441242727	1	1
regulation of apoptotic cell clearance	GO:2000425		7	0	1.3716270067175225	-Inf	0	1	1	1
positive regulation of apoptotic cell clearance	GO:2000427		5	0	0.9797335762268019	-Inf	0	1	1	1
regulation of protein neddylation	GO:2000434		11	2	2.155413867698964	-0.0748355745328473	0.8294586149673298	0.6658400887503648	1	1
negative regulation of protein neddylation	GO:2000435		5	0	0.9797335762268019	-Inf	0	1	1	1
positive regulation of protein neddylation	GO:2000436		5	1	0.9797335762268019	0.020474605271477528	0.8959251696155924	0.6639809576251503	1	1
regulation of cAMP-dependent protein kinase activity	GO:2000479		5	1	0.9797335762268019	0.020474605271477528	0.8959251696155924	0.6639809576251503	1	1
regulation of natural killer cell chemotaxis	GO:2000501		7	4	1.3716270067175225	1.0702967297701553	1.79162260898323	0.0310439436114551	1	1
positive regulation of natural killer cell chemotaxis	GO:2000503		5	3	0.9797335762268019	1.1190868939395873	1.8378900310571646	0.05482858131054487	1	1
regulation of dendritic cell chemotaxis	GO:2000508		6	0	1.1756802914721622	-Inf	0	1	1	1
positive regulation of dendritic cell chemotaxis	GO:2000510		6	0	1.1756802914721622	-Inf	0	1	1	1
regulation of CD4-positive, alpha-beta T cell activation	GO:2000514		28	4	5.48650802687009	-0.3159976313497353	0.6763118873418741	0.8041113136999212	1	1
negative regulation of CD4-positive, alpha-beta T cell activation	GO:2000515		14	3	2.743254013435045	0.08946747675842903	0.9460294016458648	0.5366867691818712	1	1
positive regulation of CD4-positive, alpha-beta T cell activation	GO:2000516		14	0	2.743254013435045	-Inf	0	1	1	1
regulation of entry of bacterium into host cell	GO:2000535		7	2	1.3716270067175225	0.37714954921021	1.171306923303042	0.412113019066995	1	1
regulation of endothelial cell chemotaxis to fibroblast growth factor	GO:2000544		6	0	1.1756802914721622	-Inf	0	1	1	1
regulation of T-helper 2 cell cytokine production	GO:2000551		5	0	0.9797335762268019	-Inf	0	1	1	1
regulation of CD4-positive, alpha-beta T cell proliferation	GO:2000561		8	1	1.5675737219628827	-0.44952902397425787	0.6010751724526117	0.8253736056068746	1	1
negative regulation of CD4-positive, alpha-beta T cell proliferation	GO:2000562		5	1	0.9797335762268019	0.020474605271477528	0.8959251696155924	0.6639809576251503	1	1
positive regulation of DNA biosynthetic process	GO:2000573		35	8	6.858135033587613	0.15400599789600025	0.9943476464719979	0.37706609169336763	1	1
positive regulation of Arp2/3 complex-mediated actin nucleation	GO:2000601		6	0	1.1756802914721622	-Inf	0	1	1	1
regulation of nuclear-transcribed mRNA catabolic process, nonsense-mediated decay	GO:2000622		11	3	2.155413867698964	0.3306295335753171	1.13323234459792	0.3691323739002324	1	1
negative regulation of nuclear-transcribed mRNA catabolic process, nonsense-mediated decay	GO:2000623		7	2	1.3716270067175225	0.37714954921021	1.171306923303042	0.412113019066995	1	1
regulation of miRNA catabolic process	GO:2000625		6	1	1.1756802914721622	-0.16184695152247705	0.7716727237196409	0.72984153184383	1	1
regulation of miRNA metabolic process	GO:2000628		71	18	13.912216782420586	0.25760439856042716	1.074681617641876	0.12819111413999948	1	1
negative regulation of miRNA metabolic process	GO:2000629		24	3	4.702721165888649	-0.44952902397425804	0.6010751724526116	0.8762696930387821	1	1
positive regulation of miRNA metabolic process	GO:2000630		52	17	10.18922919275874	0.5118821431803666	1.2847017472963251	0.0144540948626779	1	1
regulation of pre-miRNA processing	GO:2000631		5	0	0.9797335762268019	-Inf	0	1	1	1
regulation of primary miRNA processing	GO:2000634		5	1	0.9797335762268019	0.020474605271477528	0.8959251696155924	0.6639809576251503	1	1
positive regulation of miRNA-mediated gene silencing	GO:2000637		11	1	2.155413867698964	-0.7679827550927926	0.4487358074677462	0.90925940843125	1	1
regulation of early endosome to late endosome transport	GO:2000641		17	3	3.331094159171126	-0.10468853768252841	0.8093165486581243	0.6330949519004381	1	1
positive regulation of early endosome to late endosome transport	GO:2000643		7	2	1.3716270067175225	0.37714954921021	1.171306923303042	0.412113019066995	1	1
regulation of receptor catabolic process	GO:2000644		9	2	1.7635204372082431	0.12583512092930388	0.9730885098117966	0.5515091337986338	1	1
positive regulation of receptor catabolic process	GO:2000646		7	1	1.3716270067175225	-0.3159976313497353	0.6763118873418741	0.7827962839733025	1	1
positive regulation of stem cell proliferation	GO:2000648		16	1	3.1351474439257654	-1.1426762045342032	0.3137893727853598	0.9695327120224101	1	1
regulation of sodium ion transmembrane transporter activity	GO:2000649		9	1	1.7635204372082431	-0.5673120596306415	0.5403638836722494	0.8596066645829048	1	1
positive regulation of sodium ion transmembrane transporter activity	GO:2000651		6	1	1.1756802914721622	-0.16184695152247705	0.7716727237196409	0.72984153184383	1	1
regulation of interleukin-1-mediated signaling pathway	GO:2000659		6	4	1.1756802914721622	1.2244474095974136	1.9385239673904662	0.01572932667695414	1	1
negative regulation of interleukin-1-mediated signaling pathway	GO:2000660		5	4	0.9797335762268019	1.406768966391368	2.114587645943681	0.006207846951354495	1	1
regulation of dendritic cell apoptotic process	GO:2000668		9	2	1.7635204372082431	0.12583512092930388	0.9730885098117966	0.5515091337986338	1	1
negative regulation of dendritic cell apoptotic process	GO:2000669		7	1	1.3716270067175225	-0.3159976313497353	0.6763118873418741	0.7827962839733025	1	1
regulation of transcription regulatory region DNA binding	GO:2000677		20	4	3.9189343049072076	0.020474605271477528	0.8959251696155924	0.5271589678270941	1	1
positive regulation of transcription regulatory region DNA binding	GO:2000679		11	1	2.155413867698964	-0.7679827550927926	0.4487358074677462	0.8871303793693512	1	1
regulation of cardiac muscle cell differentiation	GO:2000725		10	1	1.9594671524536038	-0.6726725752884678	0.4904435399678537	0.8596066645829048	1	1
negative regulation of cardiac muscle cell differentiation	GO:2000726		5	1	0.9797335762268019	0.020474605271477528	0.8959251696155924	0.5820703667006293	1	1
positive regulation of cardiac muscle cell differentiation	GO:2000727		5	0	0.9797335762268019	-Inf	0	1	1	1
regulation of stem cell differentiation	GO:2000736		33	2	6.466241603096892	-1.173447863200957	0.30456808371541577	0.993264696378254	1	1
negative regulation of stem cell differentiation	GO:2000737		11	1	2.155413867698964	-0.7679827550927926	0.4487358074677462	0.90925940843125	1	1
positive regulation of stem cell differentiation	GO:2000738		11	1	2.155413867698964	-0.7679827550927926	0.4487358074677462	0.90925940843125	1	1
regulation of mesenchymal stem cell differentiation	GO:2000739		10	1	1.9594671524536038	-0.6726725752884678	0.4904435399678537	0.8871303793693512	1	1
positive regulation of mesenchymal stem cell differentiation	GO:2000741		5	1	0.9797335762268019	0.020474605271477528	0.8959251696155924	0.6639809576251503	1	1
regulation of cytoplasmic translation	GO:2000765		27	2	5.29056131162473	-0.9727771677388057	0.36956187637019583	0.974789641605454	1	1
negative regulation of cytoplasmic translation	GO:2000766		7	0	1.3716270067175225	-Inf	0	1	1	1
positive regulation of cytoplasmic translation	GO:2000767		11	1	2.155413867698964	-0.7679827550927926	0.4487358074677462	0.90925940843125	1	1
regulation of cellular senescence	GO:2000772		29	2	5.68245474211545	-1.0442361317209505	0.34507148747084765	0.9856023328255767	1	1
negative regulation of cellular senescence	GO:2000773		14	1	2.743254013435045	-1.0091448119096806	0.35690501805843033	0.952854632353058	1	1
positive regulation of cellular senescence	GO:2000774		10	1	1.9594671524536038	-0.6726725752884678	0.4904435399678537	0.8871303793693512	1	1
regulation of double-strand break repair	GO:2000779		110	7	21.554138676989638	-1.124657699031525	0.3193098142258558	0.9999706506535222	1	1
negative regulation of double-strand break repair	GO:2000780		34	2	6.662188318342252	-1.203300826350638	0.2958661985436187	0.993264696378254	1	1
positive regulation of double-strand break repair	GO:2000781		70	4	13.716270067175225	-1.2322883632238903	0.2876415642117705	0.999687700267651	1	1
regulation of autophagosome assembly	GO:2000785		41	3	8.033815325059775	-0.9850472603306202	0.3652462989862176	0.9907714904378685	1	1
positive regulation of autophagosome assembly	GO:2000786		18	0	3.5270408744164863	-Inf	0	1	1	1
regulation of termination of RNA polymerase II transcription, poly(A)-coupled	GO:2000804		5	1	0.9797335762268019	0.020474605271477528	0.8959251696155924	0.6639809576251503	1	1
regulation of bicellular tight junction assembly	GO:2000810		18	2	3.5270408744164863	-0.5673120596306415	0.5403638836722494	0.8938443279280387	1	1
negative regulation of anoikis	GO:2000811		17	6	3.331094159171126	0.5884586428774169	1.3510282012462953	0.09751341430484806	1	1
negative regulation of mitotic sister chromatid separation	GO:2000816		22	0	4.310827735397928	-Inf	0	1	1	1
regulation of steroid hormone secretion	GO:2000831		10	1	1.9594671524536038	-0.6726725752884678	0.4904435399678537	0.8596066645829048	1	1
positive regulation of steroid hormone secretion	GO:2000833		9	1	1.7635204372082431	-0.5673120596306415	0.5403638836722494	0.8253736056068746	1	1
regulation of corticosteroid hormone secretion	GO:2000846		6	0	1.1756802914721622	-Inf	0	1	1	1
positive regulation of corticosteroid hormone secretion	GO:2000848		6	0	1.1756802914721622	-Inf	0	1	1	1
regulation of glucocorticoid secretion	GO:2000849		5	0	0.9797335762268019	-Inf	0	1	1	1
positive regulation of glucocorticoid secretion	GO:2000851		5	0	0.9797335762268019	-Inf	0	1	1	1
regulation of endothelial cell chemotaxis	GO:2001026		20	3	3.9189343049072076	-0.2672074671803034	0.705512384119831	0.7813010638640464	1	1
positive regulation of endothelial cell chemotaxis	GO:2001028		14	2	2.743254013435045	-0.3159976313497353	0.6763118873418741	0.791856760042744	1	1
regulation of double-strand break repair via nonhomologous end joining	GO:2001032		27	2	5.29056131162473	-0.9727771677388057	0.36956187637019583	0.974789641605454	1	1
negative regulation of double-strand break repair via nonhomologous end joining	GO:2001033		7	1	1.3716270067175225	-0.3159976313497353	0.6763118873418741	0.7827962839733025	1	1
positive regulation of double-strand break repair via nonhomologous end joining	GO:2001034		15	0	2.9392007286804054	-Inf	0	1	1	1
regulation of integrin-mediated signaling pathway	GO:2001044		11	1	2.155413867698964	-0.7679827550927926	0.4487358074677462	0.90925940843125	1	1
reactive nitrogen species metabolic process	GO:2001057		19	3	3.7229875896618467	-0.21591417279275285	0.737194362814586	0.7497227204384175	1	1
regulation of endocytic recycling	GO:2001135		12	0	2.3513605829443245	-Inf	0	1	1	1
positive regulation of endocytic recycling	GO:2001137		5	0	0.9797335762268019	-Inf	0	1	1	1
regulation of phospholipid transport	GO:2001138		11	0	2.155413867698964	-Inf	0	1	1	1
positive regulation of phospholipid transport	GO:2001140		11	0	2.155413867698964	-Inf	0	1	1	1
regulation of ATP biosynthetic process	GO:2001169		8	2	1.5675737219628827	0.24361815658568745	1.063644502877227	0.48475503253829777	1	1
positive regulation of ATP biosynthetic process	GO:2001171		5	2	0.9797335762268019	0.7136217858314229	1.4619856571553664	0.2544280030025466	1	1
regulation of CD8-positive, alpha-beta T cell activation	GO:2001185		8	2	1.5675737219628827	0.24361815658568745	1.063644502877227	0.48475503253829777	1	1
regulation of T cell activation via T cell receptor contact with antigen bound to MHC molecule on antigen presenting cell	GO:2001188		5	0	0.9797335762268019	-Inf	0	1	1	1
regulation of dendritic cell differentiation	GO:2001198		11	1	2.155413867698964	-0.7679827550927926	0.4487358074677462	0.90925940843125	1	1
positive regulation of dendritic cell differentiation	GO:2001200		5	1	0.9797335762268019	0.020474605271477528	0.8959251696155924	0.6639809576251503	1	1
regulation of neuron migration	GO:2001222		11	2	2.155413867698964	-0.0748355745328473	0.8294586149673298	0.6658400887503648	1	1
negative regulation of apoptotic signaling pathway	GO:2001234		139	36	27.23659341910509	0.2789575230309962	1.0916436393779216	0.04148288205385694	1	1
positive regulation of apoptotic signaling pathway	GO:2001235		75	17	14.696003643402026	0.1456377482254836	0.9880056703441913	0.29225667255548354	1	1
regulation of extrinsic apoptotic signaling pathway	GO:2001236		93	32	18.223044517818515	0.5630489273520485	1.3288798243456805	5.523806577380646e-4	0.939130719129487	0.939130719129487
negative regulation of extrinsic apoptotic signaling pathway	GO:2001237		59	20	11.56085619947626	0.5481073473538496	1.3159198639358707	0.006836668421291653	1	1
positive regulation of extrinsic apoptotic signaling pathway	GO:2001238		28	9	5.48650802687009	0.4949325848665934	1.2701963443406667	0.08087869620050994	1	1
regulation of extrinsic apoptotic signaling pathway in absence of ligand	GO:2001239		23	7	4.506774450643289	0.4403284508317414	1.2239249105809362	0.14741620597572436	1	1
negative regulation of extrinsic apoptotic signaling pathway in absence of ligand	GO:2001240		19	6	3.7229875896618467	0.47723300776719246	1.255120035952325	0.1515463728736116	1	1
regulation of intrinsic apoptotic signaling pathway	GO:2001242		117	29	22.925765683707162	0.23503441289429583	1.0568996878100823	0.09869202422138444	1	1
negative regulation of intrinsic apoptotic signaling pathway	GO:2001243		68	18	13.324376636684503	0.3007765704256361	1.1091124787972597	0.10332333751737804	1	1
positive regulation of intrinsic apoptotic signaling pathway	GO:2001244		41	10	8.033815325059775	0.21892554399531572	1.0443020162622805	0.2730345741629375	1	1
negative regulation of chromosome organization	GO:2001251		62	4	12.148696345212342	-1.110927506219623	0.3235772567212814	0.9985036702725758	1	1
positive regulation of chromosome organization	GO:2001252		72	11	14.108163497665945	-0.2488583285121068	0.7167304755352409	0.8599388991496832	1	1
regulation of store-operated calcium entry	GO:2001256		8	0	1.5675737219628827	-Inf	0	1	1	1
positive regulation of cation channel activity	GO:2001259		22	3	4.310827735397928	-0.36251764698462824	0.6493225649570408	0.7813010638640464	1	1
