Description	ID	pathway_genes	pathway_size	observed_val	expected_val	log_observed_expected	asinh_observed_expected	pvalue	p.adjust	qvalue
mitochondrial genome maintenance	GO:0000002		21	4	2.989974070872947	0.29102964570374423	1.1012919593117916	0.34987809677918136	1	1
single strand break repair	GO:0000012		11	2	1.566176894266782	0.24450963006885137	1.0643462602905969	0.4783169302775343	1	1
regulation of DNA recombination	GO:0000018		89	13	12.671794871794871	0.02557071003667354	0.8995698964984297	0.4540311586050144	1	1
mitotic spindle elongation	GO:0000022		8	1	1.1390377412849322	-0.13018381937255932	0.7923752068513801	0.7074204375900333	1	1
ribosomal large subunit assembly	GO:0000027		15	0	2.135695764909248	-Inf	0	1	1	1
ribosomal small subunit assembly	GO:0000028		8	1	1.1390377412849322	-0.13018381937255932	0.7923752068513801	0.7074204375900333	1	1
very long-chain fatty acid metabolic process	GO:0000038		24	3	3.417113223854797	-0.13018381937255943	0.7923752068513801	0.6845655071489992	1	1
transition metal ion transport	GO:0000041		55	8	7.83088447133391	0.02136607875464152	0.8965620952196982	0.5325087511644241	1	1
autophagosome assembly	GO:0000045		52	14	7.40374531835206	0.6370713333411079	1.3937683969761434	0.011974225920020091	0.32885915310240743	0.3288591531024075
urea cycle	GO:0000050		6	0	0.8542783059636992	-Inf	0	1	1	1
citrulline metabolic process	GO:0000052		5	1	0.7118985883030826	0.33981980987317634	1.1407076173540833	0.5360900744813608	1	1
mitotic sister chromatid segregation	GO:0000070		110	19	15.66176894266782	0.19321633568130075	1.0243613681573613	0.18062460954367487	1	1
cell cycle checkpoint signaling	GO:0000075		106	10	15.092250072025353	-0.4115962788107449	0.6217513724522455	0.9389100711553569	1	1
DNA replication checkpoint signaling	GO:0000076		12	2	1.7085566119273985	0.1574982530792216	0.9970009612255251	0.5263347265149944	1	1
DNA damage checkpoint signaling	GO:0000077		72	7	10.251339671564391	-0.38149824765346557	0.638549893942146	0.8870496359068871	1	1
regulation of cyclin-dependent protein serine/threonine kinase activity	GO:0000079		32	5	4.556150965139729	0.09295973194165044	0.9486086645812349	0.4866111143499511	1	1
G1/S transition of mitotic cell cycle	GO:0000082		41	11	5.837568424085278	0.6335809284013393	1.3906840674157654	0.02505011199500024	0.4544651208820827	0.4544651208820827
G2/M transition of mitotic cell cycle	GO:0000086		33	9	4.698530682800346	0.6499747381770157	1.405190961529407	0.0368953041045768	0.5440719826127625	0.5440719826127625
sulfur amino acid metabolic process	GO:0000096		25	0	3.5594929415154133	-Inf	0	1	1	1
sulfur amino acid biosynthetic process	GO:0000097		11	0	1.566176894266782	-Inf	0	1	1	1
sulfur amino acid catabolic process	GO:0000098		7	0	0.9966580236243158	-Inf	0	1	1	1
sulfur amino acid transport	GO:0000101		10	0	1.4237971766061652	-Inf	0	1	1	1
establishment of mitotic spindle orientation	GO:0000132		23	3	3.2747335061941802	-0.08762420495376344	0.8207899149785506	0.6555311086933588	1	1
rRNA modification	GO:0000154		18	0	2.562834917891098	-Inf	0	1	1	1
MAPK cascade	GO:0000165		89	19	12.671794871794871	0.40506033174157724	1.1944264439684849	0.043529862532019015	0.5548495396425773	0.5548495396425773
nuclear-transcribed mRNA catabolic process, nonsense-mediated decay	GO:0000184		25	8	3.5594929415154133	0.8098234391189119	1.5491466635468503	0.018975770790961837	0.4134473689518601	0.41344736895186013
protein polyubiquitination	GO:0000209		193	41	27.479285508498993	0.4001396001066988	1.1903357641582997	0.003423593848412245	0.17372293356514704	0.17372293356514706
spliceosomal tri-snRNP complex assembly	GO:0000244		11	0	1.566176894266782	-Inf	0	1	1	1
spliceosomal complex assembly	GO:0000245		39	6	5.5528089887640455	0.0774555454056851	0.937189140297217	0.48739536701780906	1	1
mitochondrial fission	GO:0000266		9	1	1.281417458945549	-0.24796685502894292	0.7172787766977757	0.7074204375900333	1	1
polysaccharide biosynthetic process	GO:0000271		10	3	1.4237971766061652	0.7452849179813407	1.4905061619474906	0.16036271498144075	0.9728178948861119	0.9728178948861118
polysaccharide catabolic process	GO:0000272		5	2	0.7118985883030826	1.0329669904331216	1.756382046950204	0.15090142328628167	0.9672449295933598	0.96724492959336
nuclear division	GO:0000280		153	24	21.78409680207433	0.09687363126278667	0.9515041992779713	0.27693119345284006	1	1
mitotic cytokinesis	GO:0000281		63	14	8.969922212618842	0.44518032553100256	1.2280073011830346	0.044884851592700545	0.5592383426205788	0.5592383426205788
nuclear-transcribed mRNA catabolic process, deadenylation-dependent decay	GO:0000288		12	3	1.7085566119273985	0.5629633611873859	1.3288054702420247	0.19837721332207095	1	1
nuclear-transcribed mRNA poly(A) tail shortening	GO:0000289		6	1	0.8542783059636992	0.1574982530792216	0.9970009612255251	0.6021604736719404	1	1
retrograde transport, vesicle recycling within Golgi	GO:0000301		8	1	1.1390377412849322	-0.13018381937255932	0.7923752068513801	0.7074204375900333	1	1
response to reactive oxygen species	GO:0000302		82	11	11.675136848170556	-0.05956625215860601	0.8398871049599443	0.632636548165374	1	1
response to superoxide	GO:0000303		11	0	1.566176894266782	-Inf	0	1	1	1
response to oxygen radical	GO:0000305		12	0	1.7085566119273985	-Inf	0	1	1	1
protein deneddylation	GO:0000338		10	4	1.4237971766061652	1.0329669904331216	1.756382046950204	0.028449910051810343	0.47523939698389417	0.47523939698389417
RNA splicing, via transesterification reactions	GO:0000375		186	20	26.482627484874676	-0.28075667785193376	0.6973116240979335	0.8886113506705209	1	1
RNA splicing, via transesterification reactions with bulged adenosine as nucleophile	GO:0000377		181	19	25.770728896571594	-0.30480032979210875	0.6829325126196079	0.9091803204993617	1	1
alternative mRNA splicing, via spliceosome	GO:0000380		12	1	1.7085566119273985	-0.5356489274807237	0.5561697644022129	0.8417782456475578	1	1
regulation of alternative mRNA splicing, via spliceosome	GO:0000381		38	3	5.410429271103428	-0.5897161487509995	0.5294062490389542	0.9223354373364719	1	1
spliceosomal snRNP assembly	GO:0000387		32	0	4.556150965139729	-Inf	0	1	1	1
mRNA 3'-splice site recognition	GO:0000389		5	1	0.7118985883030826	0.33981980987317634	1.1407076173540833	0.5360900744813608	1	1
RNA splicing, via endonucleolytic cleavage and ligation	GO:0000394		8	0	1.1390377412849322	-Inf	0	1	1	1
mRNA splicing, via spliceosome	GO:0000398		181	19	25.770728896571594	-0.30480032979210875	0.6829325126196079	0.9091803204993617	1	1
autophagy of mitochondrion	GO:0000422		31	3	4.413771247479112	-0.38611719350975987	0.635949320040135	0.8380440941845854	1	1
mitophagy	GO:0000423		25	2	3.5594929415154133	-0.5764709220009788	0.5358617943040874	0.889455578507797	1	1
pexophagy	GO:0000425		6	2	0.8542783059636992	0.8506454336391669	1.586566709705886	0.205738078528463	1	1
maturation of 5.8S rRNA	GO:0000460		10	2	1.4237971766061652	0.33981980987317634	1.1407076173540833	0.37400758293388436	1	1
small nucleolar ribonucleoprotein complex assembly	GO:0000491		6	0	0.8542783059636992	-Inf	0	1	1	1
box C/D snoRNP assembly	GO:0000492		5	0	0.7118985883030826	-Inf	0	1	1	1
embryonic axis specification	GO:0000578		9	0	1.281417458945549	-Inf	0	1	1	1
telomere maintenance via recombination	GO:0000722		8	2	1.1390377412849322	0.562963361187386	1.3288054702420249	0.3186516811391211	1	1
telomere maintenance	GO:0000723		65	10	9.254681647940075	0.0774555454056851	0.937189140297217	0.3675136438218646	1	1
double-strand break repair via homologous recombination	GO:0000724		76	12	10.820858542206857	0.10343103180894582	0.9563668945957576	0.39732391918840004	1	1
recombinational repair	GO:0000725		78	12	11.105617977528091	0.0774555454056851	0.937189140297217	0.4341022500657259	1	1
DNA double-strand break processing	GO:0000729		17	5	2.420455200230481	0.7254822906851609	1.472648991688023	0.08244908285395423	0.7639803712102056	0.7639803712102055
DNA synthesis involved in DNA repair	GO:0000731		31	4	4.413771247479112	-0.09843512105797897	0.8135086363960995	0.6620838357263424	1	1
syncytium formation by plasma membrane fusion	GO:0000768		13	0	1.850936329588015	-Inf	0	1	1	1
sister chromatid segregation	GO:0000819		112	21	15.946528377989052	0.2752812887356051	1.0887138899917574	0.0890591915583443	0.8048939983039493	0.8048939983039493
cell morphogenesis	GO:0000902		114	13	16.231287813310285	-0.22199136862568208	0.7333882716830297	0.8336189097774133	1	1
cytokinesis	GO:0000910		69	14	9.824200518582542	0.3542085473252758	1.1524576635164958	0.08724108767093906	0.7973479119821224	0.7973479119821225
nuclear-transcribed mRNA catabolic process	GO:0000956		62	20	8.827542494958225	0.817855610816176	1.5564900645253732	1.477661515552942e-4	0.026243268516220247	0.02624326851622025
mitochondrial RNA catabolic process	GO:0000957		6	0	0.8542783059636992	-Inf	0	1	1	1
mitochondrial RNA metabolic process	GO:0000959		35	1	4.9832901181215785	-1.606090339182137	0.19934768111997186	0.9946334203684029	1	1
mitochondrial RNA processing	GO:0000963		18	1	2.562834917891098	-0.9411140355888882	0.38091433799658575	0.9370965178627342	1	1
mitochondrial RNA 3'-end processing	GO:0000965		7	0	0.9966580236243158	-Inf	0	1	1	1
RNA 5'-end processing	GO:0000966		22	0	3.132353788533564	-Inf	0	1	1	1
response to acid chemical	GO:0001101		38	7	5.410429271103428	0.2575817116362042	1.0746636674034795	0.26855272305334044	1	1
promoter clearance during DNA-templated transcription	GO:0001109		7	1	0.9966580236243158	0.00334757325196334	0.8837426586622106	0.6021604736719404	1	1
RNA polymerase II promoter clearance	GO:0001111		7	1	0.9966580236243158	0.00334757325196334	0.8837426586622106	0.6021604736719404	1	1
formation of extrachromosomal circular DNA	GO:0001325		10	2	1.4237971766061652	0.33981980987317634	1.1407076173540833	0.4274187999219954	1	1
guanine nucleotide transport	GO:0001408		8	0	1.1390377412849322	-Inf	0	1	1	1
skeletal system development	GO:0001501		141	12	20.075540190146935	-0.5145955182828916	0.5668879915659322	0.983561102687942	1	1
ossification	GO:0001503		48	4	6.834226447709594	-0.5356489274807237	0.5561697644022129	0.9253850549150552	1	1
neurotransmitter uptake	GO:0001504		19	0	2.705214635551714	-Inf	0	1	1	1
action potential	GO:0001508		54	2	7.688504753673293	-1.3465791436970524	0.2572808113493743	0.9971722380007559	1	1
RNA methylation	GO:0001510		47	0	6.691846730048978	-Inf	0	1	1	1
prostaglandin biosynthetic process	GO:0001516		13	5	1.850936329588015	0.9937462772798402	1.719515585801776	0.027786284753525677	0.47523939698389417	0.47523939698389417
pseudouridine synthesis	GO:0001522		12	0	1.7085566119273985	-Inf	0	1	1	1
retinoid metabolic process	GO:0001523		55	2	7.83088447133391	-1.364928282365249	0.2527009065109312	0.9951189620569881	1	1
angiogenesis	GO:0001525		88	12	12.529415154134256	-0.043172442382929624	0.8511778531306146	0.5941583617925803	1	1
cilium or flagellum-dependent cell motility	GO:0001539		40	0	5.695188706424661	-Inf	0	1	1	1
ovarian follicle development	GO:0001541		6	0	0.8542783059636992	-Inf	0	1	1	1
fatty acid alpha-oxidation	GO:0001561		6	0	0.8542783059636992	-Inf	0	1	1	1
response to protozoan	GO:0001562		5	0	0.7118985883030826	-Inf	0	1	1	1
blood vessel development	GO:0001568		113	16	16.08890809564967	-0.005541374165282904	0.8774606770176259	0.5355358280275825	1	1
vasculogenesis	GO:0001570		10	1	1.4237971766061652	-0.35332737068676895	0.6545884298137958	0.7848390715887252	1	1
ganglioside metabolic process	GO:0001573		15	2	2.135695764909248	-0.06564529823498817	0.835725121529455	0.6515517098503079	1	1
ganglioside biosynthetic process	GO:0001574		8	1	1.1390377412849322	-0.13018381937255932	0.7923752068513801	0.7074204375900333	1	1
microtubule bundle formation	GO:0001578		60	2	8.542783059636992	-1.4519396593548788	0.23202817802607137	0.998924153528403	1	1
detection of chemical stimulus involved in sensory perception of bitter taste	GO:0001580		33	2	4.698530682800346	-0.8541026585992584	0.41375792926214233	0.9134826756976153	1	1
osteoblast differentiation	GO:0001649		22	1	3.132353788533564	-1.1417847310510392	0.31406038381259593	0.9659959678588472	1	1
eye development	GO:0001654		53	3	7.546125036012676	-0.9224219025767356	0.3877642706104783	0.98022448995768	1	1
metanephros development	GO:0001656		5	0	0.7118985883030826	-Inf	0	1	1	1
ureteric bud development	GO:0001657		6	0	0.8542783059636992	-Inf	0	1	1	1
response to hypoxia	GO:0001666		94	13	13.383693460097955	-0.02908770250119069	0.8609557569067279	0.5405563114626493	1	1
ameboidal-type cell migration	GO:0001667		30	5	4.271391529818496	0.1574982530792216	0.9970009612255251	0.42788443289237177	1	1
long-chain fatty acid metabolic process	GO:0001676		76	8	10.820858542206857	-0.3020340762992186	0.6845755406169421	0.8450619139531443	1	1
intracellular glucose homeostasis	GO:0001678		19	1	2.705214635551714	-0.9951812568591639	0.36171688738970265	0.9460619965707682	1	1
tRNA 5'-leader removal	GO:0001682		11	0	1.566176894266782	-Inf	0	1	1	1
histamine metabolic process	GO:0001692		5	0	0.7118985883030826	-Inf	0	1	1	1
in utero embryonic development	GO:0001701		7	2	0.9966580236243158	0.6964947538119086	1.446630636471521	0.2621772575015677	1	1
formation of primary germ layer	GO:0001704		18	0	2.562834917891098	-Inf	0	1	1	1
endoderm formation	GO:0001706		13	0	1.850936329588015	-Inf	0	1	1	1
mesoderm formation	GO:0001707		6	0	0.8542783059636992	-Inf	0	1	1	1
cell fate specification	GO:0001708		6	0	0.8542783059636992	-Inf	0	1	1	1
cell fate determination	GO:0001709		8	1	1.1390377412849322	-0.13018381937255932	0.7923752068513801	0.6021604736719404	1	1
morphogenesis of a polarized epithelium	GO:0001738		16	4	2.2780754825698644	0.562963361187386	1.3288054702420249	0.18402066570529027	1	1
morphogenesis of a branching structure	GO:0001763		15	0	2.135695764909248	-Inf	0	1	1	1
neuron migration	GO:0001764		17	4	2.420455200230481	0.5023387393709511	1.276526421804185	0.21527346042877812	1	1
membrane raft assembly	GO:0001765		8	2	1.1390377412849322	0.562963361187386	1.3288054702420249	0.3186516811391211	1	1
immunological synapse formation	GO:0001771		5	1	0.7118985883030826	0.33981980987317634	1.1407076173540833	0.45905234424234465	1	1
myeloid dendritic cell activation	GO:0001773		6	0	0.8542783059636992	-Inf	0	1	1	1
microglial cell activation	GO:0001774		6	1	0.8542783059636992	0.1574982530792216	0.9970009612255251	0.6021604736719404	1	1
leukocyte homeostasis	GO:0001776		10	1	1.4237971766061652	-0.35332737068676895	0.6545884298137958	0.7490970444220519	1	1
plasma membrane repair	GO:0001778		17	4	2.420455200230481	0.5023387393709511	1.276526421804185	0.12680293440222737	0.9280301749694909	0.928030174969491
cytokine production	GO:0001816		10	3	1.4237971766061652	0.7452849179813407	1.4905061619474906	0.16036271498144075	0.9728178948861119	0.9728178948861118
negative regulation of cytokine production	GO:0001818		183	28	26.055488331892825	0.07197607964105963	0.9331726950153678	0.33646637825409254	1	1
kidney development	GO:0001822		46	2	6.5494670123883605	-1.186236493621873	0.3008111881356697	0.9904175406450842	1	1
mesonephros development	GO:0001823		6	0	0.8542783059636992	-Inf	0	1	1	1
release of cytochrome c from mitochondria	GO:0001836		10	1	1.4237971766061652	-0.35332737068676895	0.6545884298137958	0.7848390715887252	1	1
epithelial to mesenchymal transition	GO:0001837		39	5	5.5528089887640455	-0.10486601138826954	0.8091977867554093	0.6460095996210795	1	1
phagolysosome assembly	GO:0001845		7	5	0.9966580236243158	1.6127854856860635	2.3157211177901336	9.520783740687451e-4	0.08252398642594282	0.0825239864259428
complement activation, lectin pathway	GO:0001867		9	1	1.281417458945549	-0.24796685502894292	0.7172787766977757	0.7490970444220519	1	1
response to yeast	GO:0001878		8	2	1.1390377412849322	0.562963361187386	1.3288054702420249	0.3186516811391211	1	1
receptor recycling	GO:0001881		14	5	1.9933160472486315	0.9196383051261183	1.6503400064058957	0.038273751466703865	0.5440719826127625	0.5440719826127625
endothelial cell development	GO:0001885		28	8	3.986632094497263	0.6964947538119086	1.446630636471521	0.03699411117951721	0.5440719826127625	0.5440719826127625
liver development	GO:0001889		10	0	1.4237971766061652	-Inf	0	1	1	1
placenta development	GO:0001890		14	1	1.9933160472486315	-0.689799607307982	0.48271091085741513	0.8836537633679444	1	1
maternal placenta development	GO:0001893		7	0	0.9966580236243158	-Inf	0	1	1	1
tissue homeostasis	GO:0001894		58	3	8.25802362431576	-1.012572999571033	0.3557326904126354	0.9877441672644336	1	1
retina homeostasis	GO:0001895		26	0	3.70187265917603	-Inf	0	1	1	1
cell killing	GO:0001906		119	14	16.943186401613367	-0.19080844118899412	0.7530665813565737	0.6755936188810794	1	1
leukocyte mediated cytotoxicity	GO:0001909		38	8	5.410429271103428	0.39111310426072676	1.182848131081555	0.1302860815278907	0.9457278506547706	0.9457278506547706
regulation of leukocyte mediated cytotoxicity	GO:0001910		55	7	7.83088447133391	-0.11216531386988104	0.8043233293179455	0.683933736080663	1	1
negative regulation of leukocyte mediated cytotoxicity	GO:0001911		25	5	3.5594929415154133	0.33981980987317617	1.1407076173540833	0.2786367734697256	1	1
positive regulation of leukocyte mediated cytotoxicity	GO:0001912		32	2	4.556150965139729	-0.8233309999325046	0.4259677696783408	0.9538315704822339	1	1
T cell mediated cytotoxicity	GO:0001913		6	0	0.8542783059636992	-Inf	0	1	1	1
regulation of T cell mediated cytotoxicity	GO:0001914		21	2	2.989974070872947	-0.4021175348562011	0.6270041687017212	0.8218971635582669	1	1
negative regulation of T cell mediated cytotoxicity	GO:0001915		7	1	0.9966580236243158	0.00334757325196334	0.8837426586622106	0.6588243430336695	1	1
positive regulation of T cell mediated cytotoxicity	GO:0001916		13	1	1.850936329588015	-0.6156916351542602	0.5169348319376487	0.8643214016762081	1	1
regulation of receptor recycling	GO:0001919		15	0	2.135695764909248	-Inf	0	1	1	1
negative regulation of receptor recycling	GO:0001920		5	0	0.7118985883030826	-Inf	0	1	1	1
positive regulation of receptor recycling	GO:0001921		8	0	1.1390377412849322	-Inf	0	1	1	1
negative regulation of protein phosphorylation	GO:0001933		93	21	13.241313742437338	0.46118066687744363	1.2415107737122146	0.015610731896695823	0.3868557188167225	0.38685571881672254
endothelial cell proliferation	GO:0001935		17	2	2.420455200230481	-0.19080844118899426	0.7530665813565736	0.68697509542795	1	1
regulation of endothelial cell proliferation	GO:0001936		103	5	14.665110919043503	-1.076033353488259	0.3346631654936723	0.999432315103856	1	1
negative regulation of endothelial cell proliferation	GO:0001937		34	2	4.840910400460962	-0.8839556217489396	0.4022127055642241	0.9642739953351394	1	1
positive regulation of endothelial cell proliferation	GO:0001938		65	3	9.254681647940075	-1.1265172589202508	0.3187359111983247	0.996849780398052	1	1
postsynaptic membrane organization	GO:0001941		5	0	0.7118985883030826	-Inf	0	1	1	1
hair follicle development	GO:0001942		9	0	1.281417458945549	-Inf	0	1	1	1
vasculature development	GO:0001944		128	19	18.224603860558915	0.04166643755409996	0.9111409222337036	0.44585879704113907	1	1
lymph vessel development	GO:0001945		9	1	1.281417458945549	-0.24796685502894292	0.7172787766977757	0.7490970444220519	1	1
lymphangiogenesis	GO:0001946		6	0	0.8542783059636992	-Inf	0	1	1	1
heart looping	GO:0001947		7	0	0.9966580236243158	-Inf	0	1	1	1
regulation of cell-matrix adhesion	GO:0001952		85	13	12.102276001152406	0.07155582327849676	0.9328650680765314	0.43642816487567626	1	1
negative regulation of cell-matrix adhesion	GO:0001953		24	5	3.417113223854797	0.38064180439343137	1.1741885603508528	0.2498152383468616	1	1
positive regulation of cell-matrix adhesion	GO:0001954		40	3	5.695188706424661	-0.6410094431385499	0.5050180918908812	0.9376526523561777	1	1
regulation of cytokine-mediated signaling pathway	GO:0001959		125	25	17.797464707577067	0.33981980987317617	1.1407076173540833	0.03651490427099283	0.5440719826127625	0.5440719826127625
negative regulation of cytokine-mediated signaling pathway	GO:0001960		59	10	8.400403341976375	0.17430537139560282	1.0098250665967625	0.3078427847331842	1	1
positive regulation of cytokine-mediated signaling pathway	GO:0001961		46	8	6.5494670123883605	0.2000578674980176	1.029647840225027	0.28433873347335464	1	1
regulation of systemic arterial blood pressure by hormone	GO:0001990		17	2	2.420455200230481	-0.19080844118899426	0.7530665813565736	0.7193796243190151	1	1
regulation of systemic arterial blood pressure by circulatory renin-angiotensin	GO:0001991		7	2	0.9966580236243158	0.6964947538119086	1.446630636471521	0.2621772575015677	1	1
regulation of angiotensin levels in blood	GO:0002002		7	2	0.9966580236243158	0.6964947538119086	1.446630636471521	0.2621772575015677	1	1
angiotensin maturation	GO:0002003		7	2	0.9966580236243158	0.6964947538119086	1.446630636471521	0.2621772575015677	1	1
morphogenesis of an epithelium	GO:0002009		80	11	11.390377412849322	-0.03487363956823443	0.8569304126721827	0.5630971057455958	1	1
morphogenesis of an epithelial sheet	GO:0002011		20	5	2.8475943532123305	0.562963361187386	1.3288054702420249	0.14483696204410754	0.9672449295933598	0.96724492959336
regulation of the force of heart contraction	GO:0002026		12	0	1.7085566119273985	-Inf	0	1	1	1
regulation of heart rate	GO:0002027		58	6	8.25802362431576	-0.3194258190110878	0.6742945458589694	0.8275277116643232	1	1
regulation of sodium ion transport	GO:0002028		34	2	4.840910400460962	-0.8839556217489396	0.4022127055642241	0.9538315704822339	1	1
desensitization of G protein-coupled receptor signaling pathway	GO:0002029		7	2	0.9966580236243158	0.6964947538119086	1.446630636471521	0.2621772575015677	1	1
G protein-coupled receptor internalization	GO:0002031		6	2	0.8542783059636992	0.8506454336391669	1.586566709705886	0.205738078528463	1	1
sprouting angiogenesis	GO:0002040		31	4	4.413771247479112	-0.09843512105797897	0.8135086363960995	0.6620838357263424	1	1
cell migration involved in sprouting angiogenesis	GO:0002042		15	2	2.135695764909248	-0.06564529823498817	0.835725121529455	0.6515517098503079	1	1
chondrocyte differentiation	GO:0002062		9	0	1.281417458945549	-Inf	0	1	1	1
epithelial cell development	GO:0002064		42	9	5.979948141745894	0.40881268136012766	1.1975499993590397	0.13401262072794964	0.9672449295933598	0.96724492959336
columnar/cuboidal epithelial cell differentiation	GO:0002065		14	1	1.9933160472486315	-0.689799607307982	0.48271091085741513	0.8836537633679444	1	1
regulation of oxidative phosphorylation	GO:0002082		12	2	1.7085566119273985	0.1574982530792216	0.9970009612255251	0.4783169302775343	1	1
protein depalmitoylation	GO:0002084		7	3	0.9966580236243158	1.101959861920073	1.8216227766169788	0.06464013109570181	0.6615082771291728	0.6615082771291728
regulation of receptor internalization	GO:0002090		41	7	5.837568424085278	0.18159580465828198	1.0154156788777262	0.34057003008099757	1	1
negative regulation of receptor internalization	GO:0002091		12	3	1.7085566119273985	0.5629633611873859	1.3288054702420247	0.23822794909023526	1	1
positive regulation of receptor internalization	GO:0002092		21	2	2.989974070872947	-0.4021175348562011	0.6270041687017212	0.8218971635582669	1	1
tRNA wobble base modification	GO:0002097		8	1	1.1390377412849322	-0.13018381937255932	0.7923752068513801	0.7074204375900333	1	1
tRNA wobble uridine modification	GO:0002098		6	0	0.8542783059636992	-Inf	0	1	1	1
store-operated calcium entry	GO:0002115		8	1	1.1390377412849322	-0.13018381937255932	0.7923752068513801	0.7074204375900333	1	1
desmosome assembly	GO:0002159		6	0	0.8542783059636992	-Inf	0	1	1	1
cytoplasmic translation	GO:0002181		100	3	14.237971766061653	-1.5573001750127051	0.20917543804621674	0.9999636459335111	1	1
cytoplasmic translational initiation	GO:0002183		18	2	2.562834917891098	-0.24796685502894292	0.7172787766977757	0.7489064944214678	1	1
somatic diversification of immune receptors	GO:0002200		12	1	1.7085566119273985	-0.5356489274807237	0.5561697644022129	0.8417782456475578	1	1
activation of innate immune response	GO:0002218		128	36	18.224603860558915	0.6807463968437695	1.4325577112569599	1.7994241709840288e-5	0.008838120127152752	0.008838120127152752
innate immune response activating cell surface receptor signaling pathway	GO:0002220		48	13	6.834226447709594	0.6430060688609223	1.3990180799153549	0.008205162093887986	0.27978207499130636	0.27978207499130636
pattern recognition receptor signaling pathway	GO:0002221		94	29	13.383693460097955	0.7732587700237467	1.5158423484373673	1.7945116253457332e-5	0.008838120127152752	0.008838120127152752
stimulatory C-type lectin receptor signaling pathway	GO:0002223		16	5	2.2780754825698644	0.7861069125015957	1.527521157251529	0.06560016576854237	0.6615082771291728	0.6615082771291728
toll-like receptor signaling pathway	GO:0002224		29	13	4.12901181215788	1.1469112497823393	1.8643745526206201	4.390824898678083e-5	0.012907024307355852	0.012907024307355852
innate immune response in mucosa	GO:0002227		16	2	2.2780754825698644	-0.13018381937255932	0.7923752068513801	0.68697509542795	1	1
natural killer cell mediated immunity	GO:0002228		31	6	4.413771247479112	0.3070299870501854	1.1141442048502774	0.27401906744480875	1	1
positive regulation of defense response to virus by host	GO:0002230		28	5	3.986632094497263	0.22649112456617296	1.0502087340437036	0.3378961035688481	1	1
response to molecule of bacterial origin	GO:0002237		103	31	14.665110919043503	0.7485159385627871	1.493425989118172	1.7016999589263752e-5	0.008838120127152752	0.008838120127152752
hematopoietic progenitor cell differentiation	GO:0002244		15	2	2.135695764909248	-0.06564529823498817	0.835725121529455	0.6515517098503079	1	1
adaptive immune response	GO:0002250		58	11	8.25802362431576	0.2867099845592277	1.0978347544681273	0.16520825520213944	0.9955284768641433	0.9955284768641434
organ or tissue specific immune response	GO:0002251		19	2	2.705214635551714	-0.3020340762992186	0.6845755406169421	0.7757179011181241	1	1
immune effector process	GO:0002252		160	32	22.780754825698644	0.33981980987317634	1.1407076173540833	0.01812544587471185	0.4134473689518601	0.41344736895186013
lymphocyte homeostasis	GO:0002260		6	0	0.8542783059636992	-Inf	0	1	1	1
myeloid cell homeostasis	GO:0002262		31	1	4.413771247479112	-1.4847294821778696	0.22466878016034947	0.991484462358629	1	1
cell activation involved in immune response	GO:0002263		59	9	8.400403341976375	0.06894485573777659	0.9309551896416629	0.44604620282006846	1	1
leukocyte activation involved in inflammatory response	GO:0002269		6	1	0.8542783059636992	0.1574982530792216	0.9970009612255251	0.6021604736719404	1	1
myeloid leukocyte activation	GO:0002274		59	19	8.400403341976375	0.8161592575679977	1.5549383705651754	2.771504718732299e-4	0.03691644285351422	0.03691644285351422
myeloid cell activation involved in immune response	GO:0002275		22	7	3.132353788533564	0.804125418004274	1.5439431554498841	0.02204016081002861	0.43514883751704636	0.4351488375170463
eosinophil activation involved in immune response	GO:0002278		5	1	0.7118985883030826	0.33981980987317634	1.1407076173540833	0.5360900744813608	1	1
mast cell activation involved in immune response	GO:0002279		8	2	1.1390377412849322	0.562963361187386	1.3288054702420249	0.2621772575015677	1	1
macrophage activation involved in immune response	GO:0002281		6	3	0.8542783059636992	1.2561105417473313	1.968939649300815	0.04122811280191899	0.5440719826127625	0.5440719826127625
neutrophil activation involved in immune response	GO:0002283		5	2	0.7118985883030826	1.0329669904331216	1.756382046950204	0.15090142328628167	0.9672449295933598	0.96724492959336
lymphocyte activation involved in immune response	GO:0002285		34	2	4.840910400460962	-0.8839556217489396	0.4022127055642241	0.9642739953351394	1	1
T cell activation involved in immune response	GO:0002286		24	1	3.417113223854797	-1.228796108040669	0.2886208400712263	0.9750003866525561	1	1
alpha-beta T cell activation involved in immune response	GO:0002287		19	0	2.705214635551714	-Inf	0	1	1	1
T cell differentiation involved in immune response	GO:0002292		19	0	2.705214635551714	-Inf	0	1	1	1
alpha-beta T cell differentiation involved in immune response	GO:0002293		19	0	2.705214635551714	-Inf	0	1	1	1
CD4-positive, alpha-beta T cell differentiation involved in immune response	GO:0002294		18	0	2.562834917891098	-Inf	0	1	1	1
T-helper cell lineage commitment	GO:0002295		6	0	0.8542783059636992	-Inf	0	1	1	1
natural killer cell activation involved in immune response	GO:0002323		6	1	0.8542783059636992	0.1574982530792216	0.9970009612255251	0.6021604736719404	1	1
response to tumor cell	GO:0002347		20	6	2.8475943532123305	0.7452849179813407	1.4905061619474906	0.03331065151006013	0.5204667191953091	0.5204667191953091
defense response to tumor cell	GO:0002357		11	3	1.566176894266782	0.6499747381770157	1.405190961529407	0.19837721332207095	1	1
T cell lineage commitment	GO:0002360		8	0	1.1390377412849322	-Inf	0	1	1	1
alpha-beta T cell lineage commitment	GO:0002363		7	0	0.9966580236243158	-Inf	0	1	1	1
leukocyte activation involved in immune response	GO:0002366		55	8	7.83088447133391	0.02136607875464152	0.8965620952196982	0.5105619770481014	1	1
immunoglobulin production	GO:0002377		7	0	0.9966580236243158	-Inf	0	1	1	1
mucosal immune response	GO:0002385		17	2	2.420455200230481	-0.19080844118899426	0.7530665813565736	0.7193796243190151	1	1
MHC protein complex assembly	GO:0002396		10	2	1.4237971766061652	0.33981980987317634	1.1407076173540833	0.4274187999219954	1	1
MHC class I protein complex assembly	GO:0002397		6	1	0.8542783059636992	0.1574982530792216	0.9970009612255251	0.6021604736719404	1	1
dendritic cell chemotaxis	GO:0002407		12	4	1.7085566119273985	0.8506454336391669	1.586566709705886	0.07882500601757823	0.7437657096191486	0.7437657096191486
immune response to tumor cell	GO:0002418		5	0	0.7118985883030826	-Inf	0	1	1	1
immune response-activating cell surface receptor signaling pathway	GO:0002429		141	36	20.075540190146935	0.5840167703852182	1.3471467269821746	1.252087749918235e-4	0.026243268516220247	0.02624326851622025
complement receptor mediated signaling pathway	GO:0002430		6	2	0.8542783059636992	0.8506454336391669	1.586566709705886	0.205738078528463	1	1
Fc receptor mediated stimulatory signaling pathway	GO:0002431		22	8	3.132353788533564	0.9376568106287967	1.667097955851661	0.00829684081242988	0.27978207499130636	0.27978207499130636
immune response-regulating cell surface receptor signaling pathway involved in phagocytosis	GO:0002433		22	8	3.132353788533564	0.9376568106287967	1.667097955851661	0.00829684081242988	0.27978207499130636	0.27978207499130636
inflammatory response to antigenic stimulus	GO:0002437		6	1	0.8542783059636992	0.1574982530792216	0.9970009612255251	0.6021604736719404	1	1
production of molecular mediator of immune response	GO:0002440		8	1	1.1390377412849322	-0.13018381937255932	0.7923752068513801	0.7074204375900333	1	1
leukocyte mediated immunity	GO:0002443		75	18	10.678478824546241	0.5221413666671307	1.2935132983402626	0.010721271696789242	0.3173496422249616	0.31734964222496154
myeloid leukocyte mediated immunity	GO:0002444		24	7	3.417113223854797	0.7171140410146443	1.465122891542044	0.036018714146362145	0.5440719826127625	0.5440719826127625
neutrophil mediated immunity	GO:0002446		13	4	1.850936329588015	0.7706027259656304	1.5134313022296	0.10150888213493482	0.8437430951871026	0.8437430951871024
eosinophil mediated immunity	GO:0002447		5	1	0.7118985883030826	0.33981980987317634	1.1407076173540833	0.5360900744813608	1	1
mast cell mediated immunity	GO:0002448		8	2	1.1390377412849322	0.562963361187386	1.3288054702420249	0.2621772575015677	1	1
lymphocyte mediated immunity	GO:0002449		56	13	7.973264188994526	0.4888553890336641	1.2650116077161853	0.03679565787502721	0.5440719826127625	0.5440719826127625
humoral immune response mediated by circulating immunoglobulin	GO:0002455		6	2	0.8542783059636992	0.8506454336391669	1.586566709705886	0.205738078528463	1	1
T cell mediated immunity	GO:0002456		11	2	1.566176894266782	0.24450963006885137	1.0643462602905969	0.37400758293388436	1	1
adaptive immune response based on somatic recombination of immune receptors built from immunoglobulin superfamily domains	GO:0002460		45	9	6.407087294727744	0.33981980987317617	1.1407076173540833	0.14932197952129994	0.9672449295933598	0.96724492959336
antigen processing and presentation of peptide antigen via MHC class I	GO:0002474		19	1	2.705214635551714	-0.9951812568591639	0.36171688738970265	0.9460619965707682	1	1
antigen processing and presentation via MHC class Ib	GO:0002475		5	0	0.7118985883030826	-Inf	0	1	1	1
antigen processing and presentation of exogenous peptide antigen	GO:0002478		23	2	3.2747335061941802	-0.4930893130619277	0.5780097290510103	0.8416248990801791	1	1
antigen processing and presentation of endogenous peptide antigen	GO:0002483		14	1	1.9933160472486315	-0.689799607307982	0.48271091085741513	0.8836537633679444	1	1
antigen processing and presentation of peptide antigen via MHC class II	GO:0002495		19	3	2.705214635551714	0.10343103180894582	0.9563668945957576	0.4831646634993946	1	1
peptide antigen assembly with MHC protein complex	GO:0002501		10	2	1.4237971766061652	0.33981980987317634	1.1407076173540833	0.4274187999219954	1	1
peptide antigen assembly with MHC class I protein complex	GO:0002502		6	1	0.8542783059636992	0.1574982530792216	0.9970009612255251	0.6021604736719404	1	1
antigen processing and presentation of peptide or polysaccharide antigen via MHC class II	GO:0002504		19	3	2.705214635551714	0.10343103180894582	0.9563668945957576	0.4831646634993946	1	1
tolerance induction	GO:0002507		10	2	1.4237971766061652	0.33981980987317634	1.1407076173540833	0.4274187999219954	1	1
immune system development	GO:0002520		30	4	4.271391529818496	-0.06564529823498817	0.835725121529455	0.635682557083933	1	1
leukocyte differentiation	GO:0002521		110	12	15.66176894266782	-0.26631599369713943	0.7060544230688495	0.8753159329528953	1	1
leukocyte migration involved in inflammatory response	GO:0002523		7	3	0.9966580236243158	1.101959861920073	1.8216227766169788	0.06464013109570181	0.6615082771291728	0.6615082771291728
acute inflammatory response	GO:0002526		22	1	3.132353788533564	-1.1417847310510392	0.31406038381259593	0.9659959678588472	1	1
monocyte chemotaxis	GO:0002548		23	4	3.2747335061941802	0.2000578674980176	1.029647840225027	0.3843302830382723	1	1
somatic diversification of immune receptors via germline recombination within a single locus	GO:0002562		8	1	1.1390377412849322	-0.13018381937255932	0.7923752068513801	0.7074204375900333	1	1
myeloid leukocyte differentiation	GO:0002573		55	9	7.83088447133391	0.13914911441102493	0.9831037714637684	0.38162467911470627	1	1
regulation of antigen processing and presentation	GO:0002577		11	2	1.566176894266782	0.24450963006885137	1.0643462602905969	0.4783169302775343	1	1
negative regulation of antigen processing and presentation	GO:0002578		7	1	0.9966580236243158	0.00334757325196334	0.8837426586622106	0.6588243430336695	1	1
regulation of antigen processing and presentation of peptide antigen	GO:0002583		5	0	0.7118985883030826	-Inf	0	1	1	1
regulation of immunoglobulin production	GO:0002637		23	3	3.2747335061941802	-0.08762420495376344	0.8207899149785506	0.6555311086933588	1	1
positive regulation of immunoglobulin production	GO:0002639		20	2	2.8475943532123305	-0.35332737068676895	0.6545884298137958	0.7999882008278627	1	1
regulation of tolerance induction	GO:0002643		7	0	0.9966580236243158	-Inf	0	1	1	1
regulation of T cell tolerance induction	GO:0002664		6	0	0.8542783059636992	-Inf	0	1	1	1
regulation of acute inflammatory response	GO:0002673		14	1	1.9933160472486315	-0.689799607307982	0.48271091085741513	0.8836537633679444	1	1
negative regulation of acute inflammatory response	GO:0002674		5	0	0.7118985883030826	-Inf	0	1	1	1
positive regulation of acute inflammatory response	GO:0002675		7	1	0.9966580236243158	0.00334757325196334	0.8837426586622106	0.6588243430336695	1	1
regulation of leukocyte migration	GO:0002685		128	18	18.224603860558915	-0.01240078371617586	0.8726321491302608	0.5328591345510694	1	1
negative regulation of leukocyte migration	GO:0002686		30	2	4.271391529818496	-0.7587924787949335	0.4526182666060272	0.9405042360595375	1	1
positive regulation of leukocyte migration	GO:0002687		90	13	12.814174589455488	0.014397409438548194	0.8915906473775685	0.5063675396731976	1	1
regulation of leukocyte chemotaxis	GO:0002688		86	12	12.244655718813021	-0.020182924158230794	0.8671743536981672	0.5600571610959615	1	1
negative regulation of leukocyte chemotaxis	GO:0002689		13	1	1.850936329588015	-0.6156916351542602	0.5169348319376487	0.8643214016762081	1	1
positive regulation of leukocyte chemotaxis	GO:0002690		68	9	9.681820800921924	-0.07302540553261073	0.8306904638051196	0.6280323939330621	1	1
regulation of cellular extravasation	GO:0002691		16	4	2.2780754825698644	0.562963361187386	1.3288054702420249	0.18402066570529027	1	1
negative regulation of cellular extravasation	GO:0002692		5	0	0.7118985883030826	-Inf	0	1	1	1
positive regulation of cellular extravasation	GO:0002693		7	2	0.9966580236243158	0.6964947538119086	1.446630636471521	0.2621772575015677	1	1
negative regulation of leukocyte activation	GO:0002695		81	13	11.532757130509939	0.11975792509637452	0.9685363250862338	0.36613067027993423	1	1
positive regulation of leukocyte activation	GO:0002696		167	30	23.777412849322964	0.2324612915526768	1.0548821395760861	0.09225510268309717	0.8048939983039493	0.8048939983039493
regulation of immune effector process	GO:0002697		192	40	27.336905790838376	0.38064180439343137	1.1741885603508528	0.005930558136840074	0.25056313585614765	0.25056313585614765
negative regulation of immune effector process	GO:0002698		70	12	9.966580236243157	0.185669130045918	1.0185465737829114	0.2895740622736869	1	1
positive regulation of immune effector process	GO:0002699		122	27	17.370325554595215	0.4410735435783492	1.2245514590023443	0.008527304689069122	0.2821955241202502	0.28219552412025023
regulation of production of molecular mediator of immune response	GO:0002700		78	15	11.105617977528091	0.30059909671989476	1.1089698390635254	0.11562741263365789	0.9280301749694909	0.928030174969491
negative regulation of production of molecular mediator of immune response	GO:0002701		19	1	2.705214635551714	-0.9951812568591639	0.36171688738970265	0.9460619965707682	1	1
positive regulation of production of molecular mediator of immune response	GO:0002702		60	14	8.542783059636992	0.49397048970043445	1.2693749656648907	0.03033669617314145	0.4921205735071695	0.49212057350716953
regulation of leukocyte mediated immunity	GO:0002703		121	27	17.2279458369346	0.44930404271486457	1.2314815528350793	0.009548174580293266	0.3028135366893007	0.3028135366893007
negative regulation of leukocyte mediated immunity	GO:0002704		46	8	6.5494670123883605	0.2000578674980176	1.029647840225027	0.3287795600272785	1	1
positive regulation of leukocyte mediated immunity	GO:0002705		70	16	9.966580236243157	0.47335120249769885	1.251823397295558	0.030739481214399407	0.49331312021180734	0.49331312021180734
regulation of lymphocyte mediated immunity	GO:0002706		101	20	14.38035148372227	0.329869479020008	1.132615166977033	0.07009153626831212	0.6967307933536697	0.6967307933536697
negative regulation of lymphocyte mediated immunity	GO:0002707		43	8	6.122327859406511	0.26749914829355015	1.0825249697675892	0.26272365062499353	1	1
positive regulation of lymphocyte mediated immunity	GO:0002708		61	13	8.685162777297608	0.4033332155955021	1.192989957730442	0.07690191715304522	0.7436178123256351	0.743617812325635
regulation of T cell mediated immunity	GO:0002709		59	16	8.400403341976375	0.6443090006413384	1.400171518520928	0.005841139504971184	0.24897273025989178	0.24897273025989175
negative regulation of T cell mediated immunity	GO:0002710		22	3	3.132353788533564	-0.043172442382929624	0.8511778531306146	0.6246198083391434	1	1
positive regulation of T cell mediated immunity	GO:0002711		35	13	4.9832901181215785	0.9588590182793998	1.6868682594958775	4.730297678782255e-4	0.05040605206510371	0.05040605206510371
regulation of B cell mediated immunity	GO:0002712		18	2	2.562834917891098	-0.24796685502894292	0.7172787766977757	0.7489064944214678	1	1
negative regulation of B cell mediated immunity	GO:0002713		5	1	0.7118985883030826	0.33981980987317634	1.1407076173540833	0.5360900744813608	1	1
positive regulation of B cell mediated immunity	GO:0002714		11	1	1.566176894266782	-0.44863755049109394	0.6015547714450307	0.8154912857198441	1	1
regulation of natural killer cell mediated immunity	GO:0002715		42	5	5.979948141745894	-0.17897398354199137	0.7606313177584816	0.7330478486667787	1	1
negative regulation of natural killer cell mediated immunity	GO:0002716		23	5	3.2747335061941802	0.4232014188122272	1.209560731589093	0.22181288240929284	1	1
positive regulation of natural killer cell mediated immunity	GO:0002717		23	1	3.2747335061941802	-1.186236493621873	0.3008111881356697	0.9708435974336923	1	1
regulation of cytokine production involved in immune response	GO:0002718		54	12	7.688504753673293	0.44518032553100256	1.2280073011830346	0.06597060144267594	0.6615082771291728	0.6615082771291728
negative regulation of cytokine production involved in immune response	GO:0002719		17	0	2.420455200230481	-Inf	0	1	1	1
positive regulation of cytokine production involved in immune response	GO:0002720		35	12	4.9832901181215785	0.8788163106058633	1.6125287438294715	0.001757179462225248	0.11558336018192741	0.11558336018192744
regulation of T cell cytokine production	GO:0002724		26	9	3.70187265917603	0.8883857616220138	1.621372635022161	0.007502241406065083	0.27881483221538467	0.27881483221538467
negative regulation of T cell cytokine production	GO:0002725		7	0	0.9966580236243158	-Inf	0	1	1	1
positive regulation of T cell cytokine production	GO:0002726		17	9	2.420455200230481	1.3132689555872799	2.0240266193264254	1.946280579820834e-4	0.03049936155672178	0.030499361556721772
regulation of natural killer cell cytokine production	GO:0002727		6	0	0.8542783059636992	-Inf	0	1	1	1
positive regulation of natural killer cell cytokine production	GO:0002729		6	0	0.8542783059636992	-Inf	0	1	1	1
cell surface pattern recognition receptor signaling pathway	GO:0002752		33	11	4.698530682800346	0.8506454336391669	1.586566709705886	0.0025791376529394157	0.14464889910380216	0.1446488991038022
cytosolic pattern recognition receptor signaling pathway	GO:0002753		60	18	8.542783059636992	0.7452849179813407	1.4905061619474906	0.00128040258659936	0.09745692830573414	0.09745692830573414
MyD88-dependent toll-like receptor signaling pathway	GO:0002755		12	6	1.7085566119273985	1.2561105417473313	1.968939649300815	0.003534709984983783	0.1760087364485383	0.17600873644853826
MyD88-independent toll-like receptor signaling pathway	GO:0002756		11	4	1.566176894266782	0.9376568106287967	1.667097955851661	0.04217374790147727	0.5440719826127625	0.5440719826127625
immune response-activating signaling pathway	GO:0002757		199	53	28.333563814462693	0.6262448111349059	1.3842091591315477	1.3066118152007147e-6	0.002383910710687489	0.002383910710687489
innate immune response-activating signaling pathway	GO:0002758		109	32	15.519389225007203	0.7236457428778593	1.470996237286472	1.8246869631884436e-5	0.008838120127152752	0.008838120127152752
regulation of antimicrobial humoral response	GO:0002759		6	0	0.8542783059636992	-Inf	0	1	1	1
positive regulation of antimicrobial humoral response	GO:0002760		5	0	0.7118985883030826	-Inf	0	1	1	1
regulation of myeloid leukocyte differentiation	GO:0002761		58	9	8.25802362431576	0.08603928909707655	0.9435014432854617	0.44604620282006846	1	1
negative regulation of myeloid leukocyte differentiation	GO:0002762		25	2	3.5594929415154133	-0.5764709220009788	0.5358617943040874	0.889455578507797	1	1
positive regulation of myeloid leukocyte differentiation	GO:0002763		31	7	4.413771247479112	0.46118066687744363	1.2415107737122146	0.14208565192778883	0.9672449295933598	0.96724492959336
immune response-inhibiting signal transduction	GO:0002765		9	1	1.281417458945549	-0.24796685502894292	0.7172787766977757	0.7490970444220519	1	1
immune response-inhibiting cell surface receptor signaling pathway	GO:0002767		8	1	1.1390377412849322	-0.13018381937255932	0.7923752068513801	0.7074204375900333	1	1
immune response-regulating cell surface receptor signaling pathway	GO:0002768		168	43	23.919792566983578	0.5864938585975801	1.3493107966234459	3.181182031369094e-5	0.01099620889209722	0.010996208892097218
peptide secretion	GO:0002790		17	1	2.420455200230481	-0.8839556217489396	0.4022127055642241	0.9266415165604416	1	1
regulation of peptide secretion	GO:0002791		73	4	10.393719389225007	-0.9549073577212239	0.37593037471123875	0.9944594082822436	1	1
negative regulation of peptide secretion	GO:0002792		12	1	1.7085566119273985	-0.5356489274807237	0.5561697644022129	0.8417782456475578	1	1
positive regulation of peptide secretion	GO:0002793		30	1	4.271391529818496	-1.4519396593548788	0.23202817802607137	0.988415759891752	1	1
regulation of adaptive immune response	GO:0002819		98	23	13.95321233074042	0.49978445956585443	1.2743418394612922	0.008458240010461953	0.281659392348383	0.28165939234838305
negative regulation of adaptive immune response	GO:0002820		36	5	5.125669835782196	-0.02482330371473313	0.8639302334095803	0.5963650651708188	1	1
positive regulation of adaptive immune response	GO:0002821		55	17	7.83088447133391	0.7751378811310218	1.517548806858203	9.527581129412369e-4	0.08252398642594282	0.0825239864259428
regulation of adaptive immune response based on somatic recombination of immune receptors built from immunoglobulin superfamily domains	GO:0002822		89	21	12.671794871794871	0.5051437902985597	1.2789272029895928	0.010702194651219613	0.3173496422249616	0.31734964222496154
negative regulation of adaptive immune response based on somatic recombination of immune receptors built from immunoglobulin superfamily domains	GO:0002823		33	5	4.698530682800346	0.06218807327489656	0.9260234985551345	0.515170417251003	1	1
positive regulation of adaptive immune response based on somatic recombination of immune receptors built from immunoglobulin superfamily domains	GO:0002824		51	15	7.261365600691443	0.7254822906851609	1.472648991688023	0.0031564688367967443	0.1665115441827035	0.16651154418270347
regulation of T-helper 1 type immune response	GO:0002825		13	5	1.850936329588015	0.9937462772798402	1.719515585801776	0.027786284753525677	0.47523939698389417	0.47523939698389417
positive regulation of T-helper 1 type immune response	GO:0002827		8	3	1.1390377412849322	0.9684284692955504	1.6958091564460576	0.0927539865889046	0.8048939983039493	0.8048939983039493
regulation of type 2 immune response	GO:0002828		9	3	1.281417458945549	0.8506454336391668	1.5865667097058858	0.12490602485745164	0.9280301749694909	0.928030174969491
positive regulation of type 2 immune response	GO:0002830		5	2	0.7118985883030826	1.0329669904331216	1.756382046950204	0.15090142328628167	0.9672449295933598	0.96724492959336
negative regulation of response to biotic stimulus	GO:0002832		107	24	15.23462978968597	0.454482718193316	1.2358504847564658	0.010240759404083795	0.3082642152822512	0.3082642152822512
regulation of response to tumor cell	GO:0002834		27	7	3.8442523768366463	0.5993310053582609	1.3605459795141486	0.06617565910470141	0.6615082771291728	0.6615082771291728
negative regulation of response to tumor cell	GO:0002835		9	3	1.281417458945549	0.8506454336391668	1.5865667097058858	0.12490602485745164	0.9280301749694909	0.928030174969491
positive regulation of response to tumor cell	GO:0002836		17	4	2.420455200230481	0.5023387393709511	1.276526421804185	0.18402066570529027	1	1
regulation of immune response to tumor cell	GO:0002837		26	7	3.70187265917603	0.6370713333411079	1.3937683969761434	0.05484089781842583	0.628370545325963	0.6283705453259629
negative regulation of immune response to tumor cell	GO:0002838		9	3	1.281417458945549	0.8506454336391668	1.5865667097058858	0.12490602485745164	0.9280301749694909	0.928030174969491
positive regulation of immune response to tumor cell	GO:0002839		17	4	2.420455200230481	0.5023387393709511	1.276526421804185	0.18402066570529027	1	1
regulation of T cell mediated immune response to tumor cell	GO:0002840		16	5	2.2780754825698644	0.7861069125015957	1.527521157251529	0.05086826702531845	0.6117971257582319	0.6117971257582318
negative regulation of T cell mediated immune response to tumor cell	GO:0002841		7	2	0.9966580236243158	0.6964947538119086	1.446630636471521	0.2621772575015677	1	1
positive regulation of T cell mediated immune response to tumor cell	GO:0002842		9	3	1.281417458945549	0.8506454336391668	1.5865667097058858	0.0927539865889046	0.8048939983039493	0.8048939983039493
regulation of natural killer cell mediated immune response to tumor cell	GO:0002855		8	2	1.1390377412849322	0.562963361187386	1.3288054702420249	0.3186516811391211	1	1
positive regulation of natural killer cell mediated immune response to tumor cell	GO:0002857		6	1	0.8542783059636992	0.1574982530792216	0.9970009612255251	0.6021604736719404	1	1
regulation of natural killer cell mediated cytotoxicity directed against tumor cell target	GO:0002858		8	2	1.1390377412849322	0.562963361187386	1.3288054702420249	0.3186516811391211	1	1
positive regulation of natural killer cell mediated cytotoxicity directed against tumor cell target	GO:0002860		6	1	0.8542783059636992	0.1574982530792216	0.9970009612255251	0.6021604736719404	1	1
regulation of inflammatory response to antigenic stimulus	GO:0002861		18	6	2.562834917891098	0.8506454336391668	1.5865667097058858	0.03331065151006013	0.5204667191953091	0.5204667191953091
negative regulation of inflammatory response to antigenic stimulus	GO:0002862		16	6	2.2780754825698644	0.9684284692955504	1.6958091564460576	0.01845808979022611	0.4134473689518601	0.41344736895186013
regulation of myeloid leukocyte mediated immunity	GO:0002886		20	6	2.8475943532123305	0.7452849179813407	1.4905061619474906	0.054254725899734894	0.6283266241711405	0.6283266241711405
positive regulation of myeloid leukocyte mediated immunity	GO:0002888		9	3	1.281417458945549	0.8506454336391668	1.5865667097058858	0.12490602485745164	0.9280301749694909	0.928030174969491
regulation of immunoglobulin mediated immune response	GO:0002889		17	2	2.420455200230481	-0.19080844118899426	0.7530665813565736	0.7193796243190151	1	1
negative regulation of immunoglobulin mediated immune response	GO:0002890		5	1	0.7118985883030826	0.33981980987317634	1.1407076173540833	0.5360900744813608	1	1
positive regulation of immunoglobulin mediated immune response	GO:0002891		11	1	1.566176894266782	-0.44863755049109394	0.6015547714450307	0.8154912857198441	1	1
regulation of B cell apoptotic process	GO:0002902		8	1	1.1390377412849322	-0.13018381937255932	0.7923752068513801	0.7074204375900333	1	1
negative regulation of B cell apoptotic process	GO:0002903		6	1	0.8542783059636992	0.1574982530792216	0.9970009612255251	0.6021604736719404	1	1
regulation of humoral immune response	GO:0002920		25	5	3.5594929415154133	0.33981980987317617	1.1407076173540833	0.2498152383468616	1	1
negative regulation of humoral immune response	GO:0002921		9	3	1.281417458945549	0.8506454336391668	1.5865667097058858	0.12490602485745164	0.9280301749694909	0.928030174969491
positive regulation of humoral immune response	GO:0002922		11	1	1.566176894266782	-0.44863755049109394	0.6015547714450307	0.7848390715887252	1	1
lipid hydroxylation	GO:0002933		7	0	0.9966580236243158	-Inf	0	1	1	1
desmosome organization	GO:0002934		8	0	1.1390377412849322	-Inf	0	1	1	1
tRNA threonylcarbamoyladenosine modification	GO:0002949		5	0	0.7118985883030826	-Inf	0	1	1	1
regionalization	GO:0003002		48	1	6.834226447709594	-1.9219432886006143	0.14580517406728533	0.9992749509668737	1	1
developmental process involved in reproduction	GO:0003006		172	11	24.489311437626043	-0.8003414817078058	0.4352977216758439	0.9990205898889891	1	1
heart morphogenesis	GO:0003007		63	3	8.969922212618842	-1.0952647154161463	0.32851034177068966	0.9941173623978325	1	1
skeletal muscle contraction	GO:0003009		13	0	1.850936329588015	-Inf	0	1	1	1
muscle system process	GO:0003012		142	8	20.21791990780755	-0.9271277936141483	0.38602929656027857	0.9995656340799561	1	1
circulatory system process	GO:0003013		197	15	28.048804379141455	-0.6258958053285019	0.512103609577358	0.9984843022837321	1	1
renal system process	GO:0003014		48	3	6.834226447709594	-0.8233309999325048	0.42596776967834077	0.971873843697959	1	1
heart process	GO:0003015		53	2	7.546125036012676	-1.3278870106849	0.26202796497077757	0.9967572416581292	1	1
vascular process in circulatory system	GO:0003018		88	8	12.529415154134256	-0.44863755049109394	0.6015547714450307	0.945473110046005	1	1
regulation of systemic arterial blood pressure mediated by a chemical signal	GO:0003044		17	2	2.420455200230481	-0.19080844118899426	0.7530665813565736	0.7193796243190151	1	1
regulation of systemic arterial blood pressure	GO:0003073		25	3	3.5594929415154133	-0.17100581389281447	0.7657544667455077	0.7117289146581616	1	1
regulation of systemic arterial blood pressure by renin-angiotensin	GO:0003081		10	2	1.4237971766061652	0.33981980987317634	1.1407076173540833	0.4274187999219954	1	1
renal water homeostasis	GO:0003091		12	0	1.7085566119273985	-Inf	0	1	1	1
glomerular filtration	GO:0003094		5	0	0.7118985883030826	-Inf	0	1	1	1
renal sodium ion transport	GO:0003096		9	1	1.281417458945549	-0.24796685502894292	0.7172787766977757	0.7490970444220519	1	1
regulation of systemic arterial blood pressure by endothelin	GO:0003100		5	0	0.7118985883030826	-Inf	0	1	1	1
embryonic heart tube morphogenesis	GO:0003143		8	0	1.1390377412849322	-Inf	0	1	1	1
outflow tract morphogenesis	GO:0003151		14	1	1.9933160472486315	-0.689799607307982	0.48271091085741513	0.8836537633679444	1	1
endothelium development	GO:0003158		44	11	6.264707577067128	0.5629633611873859	1.3288054702420247	0.04080990311464601	0.5440719826127625	0.5440719826127625
morphogenesis of an endothelium	GO:0003159		9	3	1.281417458945549	0.8506454336391668	1.5865667097058858	0.12490602485745164	0.9280301749694909	0.928030174969491
cardiac conduction system development	GO:0003161		5	0	0.7118985883030826	-Inf	0	1	1	1
heart valve development	GO:0003170		25	5	3.5594929415154133	0.33981980987317617	1.1407076173540833	0.2498152383468616	1	1
atrioventricular valve development	GO:0003171		5	1	0.7118985883030826	0.33981980987317634	1.1407076173540833	0.45905234424234465	1	1
mitral valve development	GO:0003174		5	1	0.7118985883030826	0.33981980987317634	1.1407076173540833	0.45905234424234465	1	1
aortic valve development	GO:0003176		19	3	2.705214635551714	0.10343103180894582	0.9563668945957576	0.4831646634993946	1	1
pulmonary valve development	GO:0003177		6	3	0.8542783059636992	1.2561105417473313	1.968939649300815	0.023031526310023847	0.43514883751704636	0.4351488375170463
heart valve morphogenesis	GO:0003179		25	5	3.5594929415154133	0.33981980987317617	1.1407076173540833	0.2498152383468616	1	1
aortic valve morphogenesis	GO:0003180		19	3	2.705214635551714	0.10343103180894582	0.9563668945957576	0.4831646634993946	1	1
pulmonary valve morphogenesis	GO:0003184		6	3	0.8542783059636992	1.2561105417473313	1.968939649300815	0.023031526310023847	0.43514883751704636	0.4351488375170463
endocardial cushion development	GO:0003197		11	0	1.566176894266782	-Inf	0	1	1	1
endocardial cushion morphogenesis	GO:0003203		7	0	0.9966580236243158	-Inf	0	1	1	1
cardiac chamber development	GO:0003205		33	3	4.698530682800346	-0.44863755049109394	0.6015547714450307	0.8380440941845854	1	1
cardiac chamber morphogenesis	GO:0003206		27	3	3.8442523768366463	-0.24796685502894278	0.7172787766977758	0.7370495801541082	1	1
cardiac ventricle morphogenesis	GO:0003208		21	1	2.989974070872947	-1.0952647154161463	0.32851034177068966	0.9603427374598169	1	1
cardiac atrium morphogenesis	GO:0003209		7	1	0.9966580236243158	0.00334757325196334	0.8837426586622106	0.6588243430336695	1	1
cardiac left ventricle morphogenesis	GO:0003214		6	1	0.8542783059636992	0.1574982530792216	0.9970009612255251	0.6021604736719404	1	1
ventricular cardiac muscle tissue development	GO:0003229		15	0	2.135695764909248	-Inf	0	1	1	1
cardiac atrium development	GO:0003230		10	1	1.4237971766061652	-0.35332737068676895	0.6545884298137958	0.7490970444220519	1	1
cardiac ventricle development	GO:0003231		25	2	3.5594929415154133	-0.5764709220009788	0.5358617943040874	0.8752374453998263	1	1
regulation of membrane depolarization	GO:0003254		28	2	3.986632094497263	-0.689799607307982	0.48271091085741513	0.9134826756976153	1	1
endocardial cushion formation	GO:0003272		7	0	0.9966580236243158	-Inf	0	1	1	1
cardiac septum development	GO:0003279		16	2	2.2780754825698644	-0.13018381937255932	0.7923752068513801	0.613000699683637	1	1
ventricular septum development	GO:0003281		6	1	0.8542783059636992	0.1574982530792216	0.9970009612255251	0.5360900744813608	1	1
atrial septum development	GO:0003283		8	1	1.1390377412849322	-0.13018381937255932	0.7923752068513801	0.6588243430336695	1	1
cardiac muscle hypertrophy	GO:0003300		5	0	0.7118985883030826	-Inf	0	1	1	1
type B pancreatic cell differentiation	GO:0003309		5	0	0.7118985883030826	-Inf	0	1	1	1
amino acid transmembrane transport	GO:0003333		49	6	6.97660616537021	-0.15080310657529508	0.7788509456340375	0.6968924877039224	1	1
cilium movement	GO:0003341		55	1	7.83088447133391	-2.0580754629251943	0.12735494901414607	0.9997123264448521	1	1
epithelial cilium movement involved in extracellular fluid movement	GO:0003351		10	1	1.4237971766061652	-0.35332737068676895	0.6545884298137958	0.7490970444220519	1	1
regulation of cilium movement	GO:0003352		19	0	2.705214635551714	-Inf	0	1	1	1
positive regulation of cilium movement	GO:0003353		8	0	1.1390377412849322	-Inf	0	1	1	1
regulation of cilium beat frequency	GO:0003356		7	0	0.9966580236243158	-Inf	0	1	1	1
sphingosine-1-phosphate receptor signaling pathway	GO:0003376		7	2	0.9966580236243158	0.6964947538119086	1.446630636471521	0.2621772575015677	1	1
epithelial cell morphogenesis	GO:0003382		6	0	0.8542783059636992	-Inf	0	1	1	1
detection of calcium ion	GO:0005513		13	1	1.850936329588015	-0.6156916351542602	0.5169348319376487	0.8643214016762081	1	1
carbohydrate metabolic process	GO:0005975		187	25	26.625007202535294	-0.06297506967910939	0.8375516224771398	0.6545058268583543	1	1
polysaccharide metabolic process	GO:0005976		24	6	3.417113223854797	0.5629633611873859	1.3288054702420247	0.11540392984653079	0.9280301749694909	0.928030174969491
glycogen metabolic process	GO:0005977		19	4	2.705214635551714	0.39111310426072676	1.182848131081555	0.2813253354967498	1	1
glycogen biosynthetic process	GO:0005978		8	2	1.1390377412849322	0.562963361187386	1.3288054702420249	0.3186516811391211	1	1
regulation of glycogen biosynthetic process	GO:0005979		17	0	2.420455200230481	-Inf	0	1	1	1
disaccharide metabolic process	GO:0005984		8	2	1.1390377412849322	0.562963361187386	1.3288054702420249	0.3186516811391211	1	1
monosaccharide metabolic process	GO:0005996		75	9	10.678478824546241	-0.17100581389281458	0.7657544667455077	0.7586618740541706	1	1
fructose metabolic process	GO:0006000		10	1	1.4237971766061652	-0.35332737068676895	0.6545884298137958	0.7848390715887252	1	1
fructose 6-phosphate metabolic process	GO:0006002		6	0	0.8542783059636992	-Inf	0	1	1	1
glucose metabolic process	GO:0006006		44	2	6.264707577067128	-1.1417847310510392	0.31406038381259593	0.9904175406450842	1	1
glucose catabolic process	GO:0006007		14	1	1.9933160472486315	-0.689799607307982	0.48271091085741513	0.8836537633679444	1	1
galactose metabolic process	GO:0006012		7	1	0.9966580236243158	0.00334757325196334	0.8837426586622106	0.6588243430336695	1	1
aminoglycan metabolic process	GO:0006022		53	11	7.546125036012676	0.37686108155352527	1.1710690376903972	0.1245983451833796	0.9280301749694909	0.928030174969491
aminoglycan biosynthetic process	GO:0006023		36	6	5.125669835782196	0.1574982530792214	0.9970009612255248	0.40749673672329323	1	1
glycosaminoglycan biosynthetic process	GO:0006024		31	4	4.413771247479112	-0.09843512105797897	0.8135086363960995	0.6620838357263424	1	1
aminoglycan catabolic process	GO:0006026		15	4	2.135695764909248	0.6275018823249572	1.3853179128298705	0.15441554072110325	0.9672449295933598	0.96724492959336
glycosaminoglycan catabolic process	GO:0006027		13	3	1.850936329588015	0.4829206535138495	1.2599567155187015	0.27924366917682547	1	1
proteoglycan metabolic process	GO:0006029		61	11	8.685162777297608	0.23627913093233605	1.0578763708562307	0.2449649895874217	1	1
amino sugar metabolic process	GO:0006040		28	3	3.986632094497263	-0.2843344991998177	0.6951578759156496	0.7823610355367351	1	1
N-acetylglucosamine metabolic process	GO:0006044		9	0	1.281417458945549	-Inf	0	1	1	1
UDP-N-acetylglucosamine metabolic process	GO:0006047		9	0	1.281417458945549	-Inf	0	1	1	1
UDP-N-acetylglucosamine biosynthetic process	GO:0006048		8	0	1.1390377412849322	-Inf	0	1	1	1
N-acetylneuraminate metabolic process	GO:0006054		8	1	1.1390377412849322	-0.13018381937255932	0.7923752068513801	0.7074204375900333	1	1
alcohol metabolic process	GO:0006066		169	18	24.062172284644195	-0.2902692347196322	0.6915961684213623	0.9042660878249897	1	1
ethanol metabolic process	GO:0006067		9	1	1.281417458945549	-0.24796685502894292	0.7172787766977757	0.7490970444220519	1	1
ethanol catabolic process	GO:0006068		9	1	1.281417458945549	-0.24796685502894292	0.7172787766977757	0.7490970444220519	1	1
glycerol metabolic process	GO:0006071		5	1	0.7118985883030826	0.33981980987317634	1.1407076173540833	0.5360900744813608	1	1
cellular aldehyde metabolic process	GO:0006081		37	4	5.268049553442812	-0.27536582921705727	0.7005660408790778	0.7332502787041311	1	1
acetyl-CoA metabolic process	GO:0006084		14	0	1.9933160472486315	-Inf	0	1	1	1
acetyl-CoA biosynthetic process	GO:0006085		11	0	1.566176894266782	-Inf	0	1	1	1
acetyl-CoA biosynthetic process from pyruvate	GO:0006086		6	0	0.8542783059636992	-Inf	0	1	1	1
lactate metabolic process	GO:0006089		5	2	0.7118985883030826	1.0329669904331216	1.756382046950204	0.15090142328628167	0.9672449295933598	0.96724492959336
pyruvate metabolic process	GO:0006090		38	6	5.410429271103428	0.10343103180894582	0.9563668945957576	0.43438912646586525	1	1
generation of precursor metabolites and energy	GO:0006091		175	21	24.916450590607894	-0.17100581389281447	0.7657544667455077	0.8157276520427398	1	1
gluconeogenesis	GO:0006094		20	2	2.8475943532123305	-0.35332737068676895	0.6545884298137958	0.7999882008278627	1	1
glycolytic process	GO:0006096		23	5	3.2747335061941802	0.4232014188122272	1.209560731589093	0.22181288240929284	1	1
pentose-phosphate shunt	GO:0006098		11	2	1.566176894266782	0.24450963006885137	1.0643462602905969	0.4783169302775343	1	1
tricarboxylic acid cycle	GO:0006099		14	1	1.9933160472486315	-0.689799607307982	0.48271091085741513	0.8836537633679444	1	1
2-oxoglutarate metabolic process	GO:0006103		9	0	1.281417458945549	-Inf	0	1	1	1
oxaloacetate metabolic process	GO:0006107		6	0	0.8542783059636992	-Inf	0	1	1	1
malate metabolic process	GO:0006108		5	0	0.7118985883030826	-Inf	0	1	1	1
regulation of carbohydrate metabolic process	GO:0006109		85	9	12.102276001152406	-0.2961689568468206	0.6880688821622486	0.862685709381601	1	1
regulation of glycolytic process	GO:0006110		29	3	4.12901181215788	-0.3194258190110878	0.6742945458589694	0.802482369576544	1	1
regulation of gluconeogenesis	GO:0006111		18	4	2.562834917891098	0.4451803255310024	1.2280073011830346	0.24782345497280558	1	1
energy reserve metabolic process	GO:0006112		25	4	3.5594929415154133	0.11667625855896654	0.966232617868278	0.48536718541514257	1	1
oxidative phosphorylation	GO:0006119		37	4	5.268049553442812	-0.27536582921705727	0.7005660408790778	0.7740391938209442	1	1
mitochondrial electron transport, NADH to ubiquinone	GO:0006120		13	0	1.850936329588015	-Inf	0	1	1	1
regulation of nucleotide metabolic process	GO:0006140		47	7	6.691846730048978	0.045020269652531156	0.9135632574669978	0.5118074639432906	1	1
purine nucleobase metabolic process	GO:0006144		8	2	1.1390377412849322	0.562963361187386	1.3288054702420249	0.3186516811391211	1	1
purine nucleoside catabolic process	GO:0006152		6	1	0.8542783059636992	0.1574982530792216	0.9970009612255251	0.5360900744813608	1	1
purine nucleotide metabolic process	GO:0006163		183	22	26.055488331892825	-0.1691859771758285	0.7669278915801394	0.8024990608476308	1	1
purine nucleotide biosynthetic process	GO:0006164		57	5	8.115643906655142	-0.48435563309317314	0.5825763604639528	0.9233158588779271	1	1
AMP biosynthetic process	GO:0006167		7	1	0.9966580236243158	0.00334757325196334	0.8837426586622106	0.6588243430336695	1	1
cAMP biosynthetic process	GO:0006171		5	0	0.7118985883030826	-Inf	0	1	1	1
GMP biosynthetic process	GO:0006177		7	1	0.9966580236243158	0.00334757325196334	0.8837426586622106	0.6588243430336695	1	1
cGMP biosynthetic process	GO:0006182		7	0	0.9966580236243158	-Inf	0	1	1	1
IMP biosynthetic process	GO:0006188		5	0	0.7118985883030826	-Inf	0	1	1	1
purine nucleotide catabolic process	GO:0006195		42	8	5.979948141745894	0.29102964570374423	1.1012919593117916	0.20131073804708316	1	1
pyrimidine nucleobase metabolic process	GO:0006206		5	2	0.7118985883030826	1.0329669904331216	1.756382046950204	0.15090142328628167	0.9672449295933598	0.96724492959336
pyrimidine nucleoside metabolic process	GO:0006213		15	4	2.135695764909248	0.6275018823249572	1.3853179128298705	0.15441554072110325	0.9672449295933598	0.96724492959336
pyrimidine nucleotide metabolic process	GO:0006220		30	2	4.271391529818496	-0.7587924787949335	0.4526182666060272	0.9405042360595375	1	1
pyrimidine nucleotide biosynthetic process	GO:0006221		11	1	1.566176894266782	-0.44863755049109394	0.6015547714450307	0.8154912857198441	1	1
pyrimidine nucleotide catabolic process	GO:0006244		14	1	1.9933160472486315	-0.689799607307982	0.48271091085741513	0.8836537633679444	1	1
DNA replication	GO:0006260		117	12	16.658426966292136	-0.3280095627024793	0.6692632149861409	0.914367726913025	1	1
DNA-templated DNA replication	GO:0006261		94	11	13.383693460097955	-0.1961417871643568	0.7496747596345934	0.7892951456130295	1	1
mitochondrial DNA replication	GO:0006264		10	4	1.4237971766061652	1.0329669904331216	1.756382046950204	0.04217374790147727	0.5440719826127625	0.5440719826127625
DNA topological change	GO:0006265		5	0	0.7118985883030826	-Inf	0	1	1	1
DNA replication, synthesis of RNA primer	GO:0006269		5	1	0.7118985883030826	0.33981980987317634	1.1407076173540833	0.5360900744813608	1	1
DNA replication initiation	GO:0006270		17	0	2.420455200230481	-Inf	0	1	1	1
regulation of DNA replication	GO:0006275		87	11	12.387035436473639	-0.11875512354893658	0.7999396208386876	0.69594191239651	1	1
RNA-templated DNA biosynthetic process	GO:0006278		20	4	2.8475943532123305	0.33981980987317634	1.1407076173540833	0.2813253354967498	1	1
regulation of DNA repair	GO:0006282		144	23	20.502679343128783	0.11493863866042549	0.9649350378239046	0.284391376714467	1	1
transcription-coupled nucleotide-excision repair	GO:0006283		10	2	1.4237971766061652	0.33981980987317634	1.1407076173540833	0.4274187999219954	1	1
base-excision repair	GO:0006284		40	4	5.695188706424661	-0.35332737068676895	0.6545884298137958	0.8406965161867658	1	1
base-excision repair, AP site formation	GO:0006285		12	1	1.7085566119273985	-0.5356489274807237	0.5561697644022129	0.8417782456475578	1	1
base-excision repair, gap-filling	GO:0006287		13	0	1.850936329588015	-Inf	0	1	1	1
nucleotide-excision repair	GO:0006289		46	6	6.5494670123883605	-0.08762420495376344	0.8207899149785506	0.6556430970727063	1	1
nucleotide-excision repair, DNA gap filling	GO:0006297		6	1	0.8542783059636992	0.1574982530792216	0.9970009612255251	0.6021604736719404	1	1
mismatch repair	GO:0006298		20	3	2.8475943532123305	0.05213773742139535	0.9187167652206437	0.5572852037304756	1	1
postreplication repair	GO:0006301		28	6	3.986632094497263	0.40881268136012766	1.1975499993590397	0.1997364684615226	1	1
double-strand break repair	GO:0006302		147	25	20.92981849611063	0.17770096039674096	1.0124268586403524	0.17746852770030278	1	1
double-strand break repair via nonhomologous end joining	GO:0006303		42	10	5.979948141745894	0.5141731970179539	1.286667453230158	0.05780763147093278	0.6444853879168564	0.6444853879168564
DNA modification	GO:0006304		23	3	3.2747335061941802	-0.08762420495376344	0.8207899149785506	0.6555311086933588	1	1
DNA dealkylation involved in DNA repair	GO:0006307		8	2	1.1390377412849322	0.562963361187386	1.3288054702420249	0.3186516811391211	1	1
DNA catabolic process	GO:0006308		11	0	1.566176894266782	-Inf	0	1	1	1
DNA recombination	GO:0006310		114	16	16.231287813310285	-0.014352003847437603	0.8712616865552416	0.5201799728271381	1	1
mitotic recombination	GO:0006312		14	2	1.9933160472486315	0.00334757325196334	0.8837426586622106	0.613000699683637	1	1
nucleosome assembly	GO:0006334		39	5	5.5528089887640455	-0.10486601138826954	0.8091977867554093	0.6460095996210795	1	1
nucleosome disassembly	GO:0006337		18	1	2.562834917891098	-0.9411140355888882	0.38091433799658575	0.9370965178627342	1	1
DNA methylation-dependent heterochromatin formation	GO:0006346		9	1	1.281417458945549	-0.24796685502894292	0.7172787766977757	0.7490970444220519	1	1
DNA-templated transcription initiation	GO:0006352		115	17	16.373667530970902	0.03753893800024265	0.9081651387479416	0.4433490445833336	1	1
DNA-templated transcription termination	GO:0006353		10	2	1.4237971766061652	0.33981980987317634	1.1407076173540833	0.4274187999219954	1	1
DNA-templated transcription elongation	GO:0006354		25	5	3.5594929415154133	0.33981980987317617	1.1407076173540833	0.2786367734697256	1	1
regulation of transcription by RNA polymerase I	GO:0006356		33	2	4.698530682800346	-0.8541026585992584	0.41375792926214233	0.9538315704822339	1	1
regulation of transcription by RNA polymerase III	GO:0006359		26	4	3.70187265917603	0.0774555454056851	0.937189140297217	0.48536718541514257	1	1
transcription by RNA polymerase I	GO:0006360		12	1	1.7085566119273985	-0.5356489274807237	0.5561697644022129	0.8417782456475578	1	1
transcription initiation at RNA polymerase I promoter	GO:0006361		7	0	0.9966580236243158	-Inf	0	1	1	1
rRNA processing	GO:0006364		78	5	11.105617977528091	-0.7980131919482149	0.4362526376650265	0.988304674927018	1	1
transcription initiation at RNA polymerase II promoter	GO:0006367		101	15	14.38035148372227	0.04218740656822727	0.9115169417683314	0.44027986402852315	1	1
transcription elongation by RNA polymerase II	GO:0006368		25	5	3.5594929415154133	0.33981980987317617	1.1407076173540833	0.2786367734697256	1	1
7-methylguanosine mRNA capping	GO:0006370		6	0	0.8542783059636992	-Inf	0	1	1	1
mRNA splice site recognition	GO:0006376		18	2	2.562834917891098	-0.24796685502894292	0.7172787766977757	0.7489064944214678	1	1
transcription by RNA polymerase III	GO:0006383		28	2	3.986632094497263	-0.689799607307982	0.48271091085741513	0.9235689557099909	1	1
tRNA splicing, via endonucleolytic cleavage and ligation	GO:0006388		7	0	0.9966580236243158	-Inf	0	1	1	1
mitochondrial transcription	GO:0006390		8	1	1.1390377412849322	-0.13018381937255932	0.7923752068513801	0.7074204375900333	1	1
tRNA metabolic process	GO:0006399		132	3	18.794122731201384	-1.8349319116109846	0.15895415664553045	0.9999994173300231	1	1
tRNA modification	GO:0006400		61	1	8.685162777297608	-2.1616161418660345	0.11488599690568858	0.9998859009683739	1	1
RNA catabolic process	GO:0006401		146	29	20.787438778450014	0.33294693058541425	1.13511509701598	0.022617293332667023	0.43514883751704636	0.4351488375170463
mRNA catabolic process	GO:0006402		80	21	11.390377412849322	0.611753525356818	1.3714501489037199	0.0016918904478199132	0.11267990382480621	0.11267990382480622
RNA localization	GO:0006403		77	13	10.963238259867472	0.17040165791512948	1.0068384496575455	0.29774715712264704	1	1
RNA export from nucleus	GO:0006405		50	8	7.118985883030827	0.11667625855896654	0.966232617868278	0.42012984257351416	1	1
mRNA export from nucleus	GO:0006406		43	8	6.122327859406511	0.26749914829355015	1.0825249697675892	0.26272365062499353	1	1
translational initiation	GO:0006413		40	3	5.695188706424661	-0.6410094431385499	0.5050180918908812	0.9376526523561777	1	1
translational elongation	GO:0006414		46	5	6.5494670123883605	-0.2699457617477181	0.7038493349644145	0.8033880958168196	1	1
translational termination	GO:0006415		9	2	1.281417458945549	0.4451803255310024	1.2280073011830346	0.37400758293388436	1	1
tRNA aminoacylation for protein translation	GO:0006418		33	1	4.698530682800346	-1.5472498391592038	0.21125758682394433	0.9926990717739965	1	1
regulation of translational initiation	GO:0006446		58	12	8.25802362431576	0.37372136154885754	1.1684812808975498	0.11412429652613974	0.9280301749694909	0.928030174969491
regulation of translational elongation	GO:0006448		5	1	0.7118985883030826	0.33981980987317634	1.1407076173540833	0.5360900744813608	1	1
regulation of translational termination	GO:0006449		6	3	0.8542783059636992	1.2561105417473313	1.968939649300815	0.04122811280191899	0.5440719826127625	0.5440719826127625
protein folding	GO:0006457		107	20	15.23462978968597	0.2721611613993614	1.0862304139673533	0.11201256374840274	0.9195730965354234	0.9195730965354233
'de novo' protein folding	GO:0006458		13	6	1.850936329588015	1.176067834073795	1.8921996570960806	0.005779524473081577	0.2483331160691826	0.2483331160691826
signal peptide processing	GO:0006465		8	1	1.1390377412849322	-0.13018381937255932	0.7923752068513801	0.7074204375900333	1	1
negative regulation of protein kinase activity	GO:0006469		68	16	9.681820800921924	0.5023387393709511	1.276526421804185	0.02374252757934939	0.4454231934604703	0.44542319346047027
protein dephosphorylation	GO:0006470		78	16	11.105617977528091	0.365137617857466	1.161419906462112	0.054683493679513105	0.628370545325963	0.6283705453259629
protein acetylation	GO:0006473		30	7	4.271391529818496	0.49397048970043445	1.2693749656648907	0.12443619955242217	0.9280301749694909	0.928030174969491
N-terminal protein amino acid acetylation	GO:0006474		12	2	1.7085566119273985	0.1574982530792216	0.9970009612255251	0.5263347265149944	1	1
internal protein amino acid acetylation	GO:0006475		9	3	1.281417458945549	0.8506454336391668	1.5865667097058858	0.12490602485745164	0.9280301749694909	0.928030174969491
protein deacetylation	GO:0006476		13	1	1.850936329588015	-0.6156916351542602	0.5169348319376487	0.8643214016762081	1	1
protein methylation	GO:0006479		40	4	5.695188706424661	-0.35332737068676895	0.6545884298137958	0.792507725727305	1	1
protein glycosylation	GO:0006486		148	22	21.072198213771248	0.04308790190147729	0.9121671130608818	0.395432907261651	1	1
protein N-linked glycosylation	GO:0006487		54	5	7.688504753673293	-0.4302884118228974	0.6114938596728685	0.8995744340247277	1	1
dolichol-linked oligosaccharide biosynthetic process	GO:0006488		20	0	2.8475943532123305	-Inf	0	1	1	1
dolichyl diphosphate biosynthetic process	GO:0006489		5	0	0.7118985883030826	-Inf	0	1	1	1
N-glycan processing	GO:0006491		12	2	1.7085566119273985	0.1574982530792216	0.9970009612255251	0.5263347265149944	1	1
protein O-linked glycosylation	GO:0006493		80	14	11.390377412849322	0.20628841724865368	1.0344748512008286	0.19988479410066015	1	1
protein lipidation	GO:0006497		30	8	4.271391529818496	0.6275018823249572	1.3853179128298705	0.053890646016538035	0.6283266241711405	0.6283266241711405
GPI anchor metabolic process	GO:0006505		24	0	3.417113223854797	-Inf	0	1	1	1
GPI anchor biosynthetic process	GO:0006506		24	0	3.417113223854797	-Inf	0	1	1	1
membrane protein ectodomain proteolysis	GO:0006509		21	2	2.989974070872947	-0.4021175348562011	0.6270041687017212	0.7999882008278627	1	1
protein monoubiquitination	GO:0006513		38	16	5.410429271103428	1.0842602848206722	1.8048408032346144	2.66720310594032e-5	0.010150612963178589	0.01015061296317859
protein quality control for misfolded or incompletely synthesized proteins	GO:0006515		22	7	3.132353788533564	0.804125418004274	1.5439431554498841	0.02845371014224141	0.47523939698389417	0.47523939698389417
glycoprotein catabolic process	GO:0006516		20	4	2.8475943532123305	0.33981980987317634	1.1407076173540833	0.31544742885991045	1	1
protein deglycosylation	GO:0006517		18	4	2.562834917891098	0.4451803255310024	1.2280073011830346	0.24782345497280558	1	1
peptide metabolic process	GO:0006518		24	4	3.417113223854797	0.1574982530792216	0.9970009612255251	0.45229031950387566	1	1
amino acid metabolic process	GO:0006520		192	6	27.336905790838376	-1.51647818049245	0.2177584517534056	0.999999894793949	1	1
regulation of cellular amino acid metabolic process	GO:0006521		5	0	0.7118985883030826	-Inf	0	1	1	1
arginine metabolic process	GO:0006525		7	0	0.9966580236243158	-Inf	0	1	1	1
arginine catabolic process	GO:0006527		5	0	0.7118985883030826	-Inf	0	1	1	1
cysteine metabolic process	GO:0006534		5	0	0.7118985883030826	-Inf	0	1	1	1
glutamate metabolic process	GO:0006536		16	1	2.2780754825698644	-0.8233309999325046	0.4259677696783408	0.9144496405462401	1	1
glutamate catabolic process	GO:0006538		6	1	0.8542783059636992	0.1574982530792216	0.9970009612255251	0.6021604736719404	1	1
glutamine metabolic process	GO:0006541		6	1	0.8542783059636992	0.1574982530792216	0.9970009612255251	0.6021604736719404	1	1
glycine metabolic process	GO:0006544		10	0	1.4237971766061652	-Inf	0	1	1	1
histidine metabolic process	GO:0006547		7	0	0.9966580236243158	-Inf	0	1	1	1
histidine catabolic process	GO:0006548		7	0	0.9966580236243158	-Inf	0	1	1	1
lysine metabolic process	GO:0006553		5	0	0.7118985883030826	-Inf	0	1	1	1
lysine catabolic process	GO:0006554		5	0	0.7118985883030826	-Inf	0	1	1	1
methionine metabolic process	GO:0006555		12	0	1.7085566119273985	-Inf	0	1	1	1
proline metabolic process	GO:0006560		8	0	1.1390377412849322	-Inf	0	1	1	1
L-serine metabolic process	GO:0006563		10	0	1.4237971766061652	-Inf	0	1	1	1
tryptophan metabolic process	GO:0006568		8	0	1.1390377412849322	-Inf	0	1	1	1
tryptophan catabolic process	GO:0006569		7	0	0.9966580236243158	-Inf	0	1	1	1
tyrosine metabolic process	GO:0006570		11	0	1.566176894266782	-Inf	0	1	1	1
tyrosine catabolic process	GO:0006572		5	0	0.7118985883030826	-Inf	0	1	1	1
cellular modified amino acid metabolic process	GO:0006575		104	8	14.80749063670412	-0.6156916351542602	0.5169348319376487	0.9834208229416488	1	1
biogenic amine metabolic process	GO:0006576		52	2	7.40374531835206	-1.3088388157142055	0.2669515969960966	0.9962824815338565	1	1
amino-acid betaine metabolic process	GO:0006577		10	1	1.4237971766061652	-0.35332737068676895	0.6545884298137958	0.7848390715887252	1	1
amino-acid betaine biosynthetic process	GO:0006578		5	1	0.7118985883030826	0.33981980987317634	1.1407076173540833	0.5360900744813608	1	1
melanin metabolic process	GO:0006582		6	0	0.8542783059636992	-Inf	0	1	1	1
catecholamine metabolic process	GO:0006584		19	1	2.705214635551714	-0.9951812568591639	0.36171688738970265	0.9370965178627342	1	1
indolalkylamine metabolic process	GO:0006586		10	0	1.4237971766061652	-Inf	0	1	1	1
thyroid hormone generation	GO:0006590		8	1	1.1390377412849322	-0.13018381937255932	0.7923752068513801	0.7074204375900333	1	1
polyamine metabolic process	GO:0006595		14	0	1.9933160472486315	-Inf	0	1	1	1
polyamine biosynthetic process	GO:0006596		6	0	0.8542783059636992	-Inf	0	1	1	1
protein targeting	GO:0006605		119	19	16.943186401613367	0.11457320836218765	0.9646622771117922	0.30418671803948627	1	1
protein import into nucleus	GO:0006606		43	12	6.122327859406511	0.6729642564017145	1.4256200979379303	0.011928287731197071	0.32885915310240743	0.3288591531024075
NLS-bearing protein import into nucleus	GO:0006607		10	4	1.4237971766061652	1.0329669904331216	1.756382046950204	0.04217374790147727	0.5440719826127625	0.5440719826127625
protein export from nucleus	GO:0006611		18	3	2.562834917891098	0.1574982530792214	0.9970009612255248	0.44394112874496316	1	1
protein targeting to membrane	GO:0006612		27	6	3.8442523768366463	0.44518032553100256	1.2280073011830346	0.15503512948061737	0.9672449295933598	0.96724492959336
cotranslational protein targeting to membrane	GO:0006613		11	2	1.566176894266782	0.24450963006885137	1.0643462602905969	0.4783169302775343	1	1
post-translational protein targeting to endoplasmic reticulum membrane	GO:0006620		9	2	1.281417458945549	0.4451803255310024	1.2280073011830346	0.3186516811391211	1	1
protein targeting to lysosome	GO:0006622		18	6	2.562834917891098	0.8506454336391668	1.5865667097058858	0.03331065151006013	0.5204667191953091	0.5204667191953091
protein targeting to vacuole	GO:0006623		21	7	2.989974070872947	0.8506454336391669	1.586566709705886	0.02204016081002861	0.43514883751704636	0.4351488375170463
protein targeting to peroxisome	GO:0006625		7	0	0.9966580236243158	-Inf	0	1	1	1
protein targeting to mitochondrion	GO:0006626		46	3	6.5494670123883605	-0.7807713855137087	0.4433818566054035	0.9684129790584518	1	1
fatty acid metabolic process	GO:0006631		189	20	26.909766637856524	-0.2967570191983747	0.6877180282836872	0.9265506228746719	1	1
fatty acid biosynthetic process	GO:0006633		68	9	9.681820800921924	-0.07302540553261073	0.8306904638051196	0.646254561448355	1	1
fatty acid beta-oxidation	GO:0006635		40	4	5.695188706424661	-0.35332737068676895	0.6545884298137958	0.8406965161867658	1	1
unsaturated fatty acid biosynthetic process	GO:0006636		24	7	3.417113223854797	0.7171140410146443	1.465122891542044	0.04479866225073595	0.5592383426205788	0.5592383426205788
acyl-CoA metabolic process	GO:0006637		60	9	8.542783059636992	0.05213773742139535	0.9187167652206437	0.4673819597326775	1	1
neutral lipid metabolic process	GO:0006638		46	6	6.5494670123883605	-0.08762420495376344	0.8207899149785506	0.6110915459913915	1	1
acylglycerol metabolic process	GO:0006639		46	6	6.5494670123883605	-0.08762420495376344	0.8207899149785506	0.6110915459913915	1	1
monoacylglycerol biosynthetic process	GO:0006640		7	2	0.9966580236243158	0.6964947538119086	1.446630636471521	0.15090142328628167	0.9672449295933598	0.96724492959336
triglyceride metabolic process	GO:0006641		27	3	3.8442523768366463	-0.24796685502894278	0.7172787766977758	0.7605736117829688	1	1
membrane lipid metabolic process	GO:0006643		154	21	21.926476519734944	-0.043172442382929506	0.8511778531306147	0.5949585075418784	1	1
phosphatidylethanolamine biosynthetic process	GO:0006646		7	1	0.9966580236243158	0.00334757325196334	0.8837426586622106	0.6588243430336695	1	1
phosphatidic acid biosynthetic process	GO:0006654		26	1	3.70187265917603	-1.3088388157142055	0.2669515969960966	0.981621100670107	1	1
phosphatidylglycerol biosynthetic process	GO:0006655		6	2	0.8542783059636992	0.8506454336391669	1.586566709705886	0.205738078528463	1	1
phosphatidylcholine biosynthetic process	GO:0006656		18	1	2.562834917891098	-0.9411140355888882	0.38091433799658575	0.9370965178627342	1	1
phosphatidylserine metabolic process	GO:0006658		15	3	2.135695764909248	0.33981980987317617	1.1407076173540833	0.362419133600277	1	1
phosphatidylinositol biosynthetic process	GO:0006661		86	14	12.244655718813021	0.1339677556690276	0.9791992900221381	0.3375805847032348	1	1
glycerol ether metabolic process	GO:0006662		11	2	1.566176894266782	0.24450963006885137	1.0643462602905969	0.4783169302775343	1	1
glycolipid metabolic process	GO:0006664		80	11	11.390377412849322	-0.03487363956823443	0.8569304126721827	0.580992781859279	1	1
sphingolipid metabolic process	GO:0006665		122	20	17.370325554595215	0.14096895112801108	0.9844772058885628	0.2574132842954042	1	1
sphingosine metabolic process	GO:0006670		19	0	2.705214635551714	-Inf	0	1	1	1
ceramide metabolic process	GO:0006672		66	10	9.397061365600692	0.06218807327489656	0.9260234985551345	0.4485544423032827	1	1
glycosylceramide metabolic process	GO:0006677		10	2	1.4237971766061652	0.33981980987317634	1.1407076173540833	0.4274187999219954	1	1
galactosylceramide metabolic process	GO:0006681		5	1	0.7118985883030826	0.33981980987317634	1.1407076173540833	0.5360900744813608	1	1
sphingomyelin metabolic process	GO:0006684		11	5	1.566176894266782	1.1608003619430063	1.877620363860972	0.012744047767815613	0.3378123706812019	0.33781237068120196
sphingomyelin catabolic process	GO:0006685		5	1	0.7118985883030826	0.33981980987317634	1.1407076173540833	0.5360900744813608	1	1
sphingomyelin biosynthetic process	GO:0006686		5	4	0.7118985883030826	1.726114170993067	2.4270876570988746	0.0018172556720463544	0.11807729537393873	0.11807729537393873
glycosphingolipid metabolic process	GO:0006687		50	10	7.118985883030827	0.33981980987317617	1.1407076173540833	0.1506349835693813	0.9672449295933598	0.96724492959336
glycosphingolipid biosynthetic process	GO:0006688		32	7	4.556150965139729	0.42943196856286336	1.214777746601147	0.16085821422572533	0.9728178948861119	0.9728178948861118
ganglioside catabolic process	GO:0006689		6	1	0.8542783059636992	0.1574982530792216	0.9970009612255251	0.6021604736719404	1	1
icosanoid metabolic process	GO:0006690		75	10	10.678478824546241	-0.06564529823498828	0.835725121529455	0.6214889203975266	1	1
leukotriene metabolic process	GO:0006691		20	5	2.8475943532123305	0.562963361187386	1.3288054702420249	0.14483696204410754	0.9672449295933598	0.96724492959336
prostanoid metabolic process	GO:0006692		29	6	4.12901181215788	0.37372136154885754	1.1684812808975498	0.22367409404434133	1	1
prostaglandin metabolic process	GO:0006693		26	6	3.70187265917603	0.4829206535138495	1.2599567155187015	0.15503512948061737	0.9672449295933598	0.96724492959336
steroid biosynthetic process	GO:0006694		60	10	8.542783059636992	0.1574982530792216	0.9970009612255251	0.3275142199722376	1	1
cholesterol biosynthetic process	GO:0006695		24	8	3.417113223854797	0.8506454336391669	1.586566709705886	0.011162272418537046	0.32147344565386693	0.32147344565386693
bile acid biosynthetic process	GO:0006699		25	3	3.5594929415154133	-0.17100581389281447	0.7657544667455077	0.7117289146581616	1	1
C21-steroid hormone biosynthetic process	GO:0006700		9	0	1.281417458945549	-Inf	0	1	1	1
androgen biosynthetic process	GO:0006702		8	0	1.1390377412849322	-Inf	0	1	1	1
estrogen biosynthetic process	GO:0006703		8	1	1.1390377412849322	-0.13018381937255932	0.7923752068513801	0.6588243430336695	1	1
glucocorticoid biosynthetic process	GO:0006704		6	0	0.8542783059636992	-Inf	0	1	1	1
steroid catabolic process	GO:0006706		16	2	2.2780754825698644	-0.13018381937255932	0.7923752068513801	0.68697509542795	1	1
cholesterol catabolic process	GO:0006707		5	0	0.7118985883030826	-Inf	0	1	1	1
isoprenoid metabolic process	GO:0006720		78	3	11.105617977528091	-1.3088388157142055	0.2669515969960966	0.9987075996980617	1	1
terpenoid metabolic process	GO:0006721		61	2	8.685162777297608	-1.4684689613060893	0.2282896752565092	0.997851590980956	1	1
one-carbon metabolic process	GO:0006730		8	0	1.1390377412849322	-Inf	0	1	1	1
NADH metabolic process	GO:0006734		25	2	3.5594929415154133	-0.5764709220009788	0.5358617943040874	0.889455578507797	1	1
NADP metabolic process	GO:0006739		21	2	2.989974070872947	-0.4021175348562011	0.6270041687017212	0.8218971635582669	1	1
NADPH regeneration	GO:0006740		13	2	1.850936329588015	0.0774555454056851	0.937189140297217	0.571260373303752	1	1
ubiquinone metabolic process	GO:0006743		18	0	2.562834917891098	-Inf	0	1	1	1
ubiquinone biosynthetic process	GO:0006744		16	0	2.2780754825698644	-Inf	0	1	1	1
glutathione metabolic process	GO:0006749		25	0	3.5594929415154133	-Inf	0	1	1	1
glutathione biosynthetic process	GO:0006750		6	0	0.8542783059636992	-Inf	0	1	1	1
ATP biosynthetic process	GO:0006754		19	2	2.705214635551714	-0.3020340762992186	0.6845755406169421	0.7757179011181241	1	1
folic acid-containing compound metabolic process	GO:0006760		20	0	2.8475943532123305	-Inf	0	1	1	1
vitamin metabolic process	GO:0006766		79	5	11.247997695188706	-0.8107522177256445	0.43105048011875713	0.988304674927018	1	1
water-soluble vitamin metabolic process	GO:0006767		49	5	6.97660616537021	-0.33312466336924973	0.6662784984811272	0.8326079680825429	1	1
riboflavin metabolic process	GO:0006771		5	0	0.7118985883030826	-Inf	0	1	1	1
fat-soluble vitamin metabolic process	GO:0006775		30	0	4.271391529818496	-Inf	0	1	1	1
porphyrin-containing compound metabolic process	GO:0006778		29	1	4.12901181215788	-1.4180381076791975	0.23988148264249265	0.986488952049299	1	1
porphyrin-containing compound biosynthetic process	GO:0006779		18	1	2.562834917891098	-0.9411140355888882	0.38091433799658575	0.9370965178627342	1	1
protoporphyrinogen IX biosynthetic process	GO:0006782		6	0	0.8542783059636992	-Inf	0	1	1	1
heme biosynthetic process	GO:0006783		18	1	2.562834917891098	-0.9411140355888882	0.38091433799658575	0.9370965178627342	1	1
porphyrin-containing compound catabolic process	GO:0006787		11	0	1.566176894266782	-Inf	0	1	1	1
sulfur compound metabolic process	GO:0006790		193	21	27.479285508498993	-0.26891002887418597	0.7044780289073543	0.9181851640982897	1	1
superoxide metabolic process	GO:0006801		27	7	3.8442523768366463	0.5993310053582609	1.3605459795141486	0.06617565910470141	0.6615082771291728	0.6615082771291728
xenobiotic metabolic process	GO:0006805		107	5	15.23462978968597	-1.1141331997205293	0.3225761635124885	0.999094041817097	1	1
nitric oxide biosynthetic process	GO:0006809		10	0	1.4237971766061652	-Inf	0	1	1	1
potassium ion transport	GO:0006813		98	5	13.95321233074042	-1.026271843929195	0.3510834420333076	0.9981938522563245	1	1
sodium ion transport	GO:0006814		59	1	8.400403341976375	-2.128279721598443	0.11876252433152522	0.9998668844631029	1	1
calcium ion transport	GO:0006816		131	8	18.651743013540766	-0.8464980592140391	0.4167459384733289	0.9987691685390848	1	1
phosphate ion transport	GO:0006817		14	0	1.9933160472486315	-Inf	0	1	1	1
monoatomic anion transport	GO:0006820		68	3	9.681820800921924	-1.1716376942007205	0.30510340797849317	0.996849780398052	1	1
chloride transport	GO:0006821		55	2	7.83088447133391	-1.364928282365249	0.2527009065109312	0.9967572416581292	1	1
copper ion transport	GO:0006825		7	1	0.9966580236243158	0.00334757325196334	0.8837426586622106	0.6588243430336695	1	1
iron ion transport	GO:0006826		25	5	3.5594929415154133	0.33981980987317617	1.1407076173540833	0.2786367734697256	1	1
manganese ion transport	GO:0006828		7	3	0.9966580236243158	1.101959861920073	1.8216227766169788	0.06464013109570181	0.6615082771291728	0.6615082771291728
zinc ion transport	GO:0006829		24	3	3.417113223854797	-0.13018381937255943	0.7923752068513801	0.6845655071489992	1	1
water transport	GO:0006833		15	1	2.135695764909248	-0.7587924787949335	0.4526182666060272	0.900232481476347	1	1
dicarboxylic acid transport	GO:0006835		33	0	4.698530682800346	-Inf	0	1	1	1
neurotransmitter transport	GO:0006836		43	2	6.122327859406511	-1.1187952128263405	0.32112544312898583	0.9874840679834666	1	1
serotonin transport	GO:0006837		10	0	1.4237971766061652	-Inf	0	1	1	1
mitochondrial transport	GO:0006839		113	8	16.08890809564967	-0.6986885547252282	0.4787391361297392	0.9934072518605259	1	1
pyruvate transport	GO:0006848		6	1	0.8542783059636992	0.1574982530792216	0.9970009612255251	0.6021604736719404	1	1
mitochondrial calcium ion transmembrane transport	GO:0006851		13	2	1.850936329588015	0.0774555454056851	0.937189140297217	0.571260373303752	1	1
xenobiotic transmembrane transport	GO:0006855		15	1	2.135695764909248	-0.7587924787949335	0.4526182666060272	0.900232481476347	1	1
oligopeptide transport	GO:0006857		8	1	1.1390377412849322	-0.13018381937255932	0.7923752068513801	0.7074204375900333	1	1
extracellular transport	GO:0006858		13	3	1.850936329588015	0.4829206535138495	1.2599567155187015	0.23822794909023526	1	1
nucleotide transport	GO:0006862		33	1	4.698530682800346	-1.5472498391592038	0.21125758682394433	0.9937404961027188	1	1
purine nucleobase transport	GO:0006863		7	1	0.9966580236243158	0.00334757325196334	0.8837426586622106	0.6588243430336695	1	1
amino acid transport	GO:0006865		69	7	9.824200518582542	-0.3389386332346695	0.6628982113051818	0.8585413733633884	1	1
glutamine transport	GO:0006868		6	1	0.8542783059636992	0.1574982530792216	0.9970009612255251	0.6021604736719404	1	1
lipid transport	GO:0006869		160	22	22.780754825698644	-0.03487363956823443	0.8569304126721827	0.5925864457925931	1	1
intracellular calcium ion homeostasis	GO:0006874		101	10	14.38035148372227	-0.36327770153993727	0.6488885225041274	0.9066018393414577	1	1
intracellular copper ion homeostasis	GO:0006878		10	0	1.4237971766061652	-Inf	0	1	1	1
intracellular iron ion homeostasis	GO:0006879		46	7	6.5494670123883605	0.06652647487349499	0.9291882548806338	0.487922066768404	1	1
intracellular zinc ion homeostasis	GO:0006882		14	2	1.9933160472486315	0.00334757325196334	0.8837426586622106	0.613000699683637	1	1
intracellular sodium ion homeostasis	GO:0006883		13	0	1.850936329588015	-Inf	0	1	1	1
cell volume homeostasis	GO:0006884		22	2	3.132353788533564	-0.44863755049109394	0.6015547714450307	0.8416248990801791	1	1
regulation of pH	GO:0006885		47	11	6.691846730048978	0.4970053933955885	1.2719667102597245	0.0544936266133805	0.628370545325963	0.6283705453259629
intracellular protein transport	GO:0006886		180	37	25.628349178910977	0.36721878406129055	1.1631301668528364	0.010557390158852391	0.3160099705975592	0.3160099705975592
exocytosis	GO:0006887		75	22	10.678478824546241	0.722812062129282	1.470246178152303	4.4916904242650943e-4	0.05004166528197448	0.05004166528197448
endoplasmic reticulum to Golgi vesicle-mediated transport	GO:0006888		60	19	8.542783059636992	0.7993521392516163	1.5395879382168813	4.508258133511214e-4	0.05004166528197448	0.05004166528197448
retrograde vesicle-mediated transport, Golgi to endoplasmic reticulum	GO:0006890		27	4	3.8442523768366463	0.03971521742283816	0.9097334253818503	0.5488573271232209	1	1
intra-Golgi vesicle-mediated transport	GO:0006891		17	2	2.420455200230481	-0.19080844118899426	0.7530665813565736	0.7193796243190151	1	1
post-Golgi vesicle-mediated transport	GO:0006892		61	13	8.685162777297608	0.4033332155955021	1.192989957730442	0.07690191715304522	0.7436178123256351	0.743617812325635
Golgi to plasma membrane transport	GO:0006893		32	6	4.556150965139729	0.2752812887356051	1.0887138899917574	0.3001331104953663	1	1
Golgi to endosome transport	GO:0006895		10	4	1.4237971766061652	1.0329669904331216	1.756382046950204	0.028449910051810343	0.47523939698389417	0.47523939698389417
Golgi to vacuole transport	GO:0006896		10	1	1.4237971766061652	-0.35332737068676895	0.6545884298137958	0.7848390715887252	1	1
receptor-mediated endocytosis	GO:0006898		102	20	14.522731201382886	0.3200171825769966	1.1246294376319317	0.08265650909843456	0.7645727091605197	0.7645727091605196
vesicle budding from membrane	GO:0006900		36	13	5.125669835782196	0.9306881413127032	1.6606119778972461	4.730297678782255e-4	0.05040605206510371	0.05040605206510371
vesicle coating	GO:0006901		13	3	1.850936329588015	0.4829206535138495	1.2599567155187015	0.27924366917682547	1	1
vesicle targeting	GO:0006903		31	9	4.413771247479112	0.7124950951583497	1.4609739569761504	0.025045353015198734	0.4544651208820827	0.4544651208820827
vesicle docking involved in exocytosis	GO:0006904		8	2	1.1390377412849322	0.562963361187386	1.3288054702420249	0.3186516811391211	1	1
vesicle fusion	GO:0006906		39	14	5.5528089887640455	0.9247534057928887	1.6550931072099804	3.277276999984921e-4	0.04157459965695157	0.04157459965695157
pinocytosis	GO:0006907		6	1	0.8542783059636992	0.1574982530792216	0.9970009612255251	0.6021604736719404	1	1
phagocytosis	GO:0006909		79	24	11.247997695188706	0.7578637001882007	1.5018831176970293	1.4065929495561615e-4	0.026243268516220247	0.02624326851622025
phagocytosis, recognition	GO:0006910		7	0	0.9966580236243158	-Inf	0	1	1	1
phagocytosis, engulfment	GO:0006911		14	3	1.9933160472486315	0.40881268136012766	1.1975499993590397	0.32081841502444297	1	1
nucleocytoplasmic transport	GO:0006913		122	24	17.370325554595215	0.32329050792196573	1.127279619734965	0.051013085085278534	0.6121570210233425	0.6121570210233425
autophagy	GO:0006914		183	46	26.055488331892825	0.5684129659549506	1.33354409580467	3.5085501344904787e-5	0.01099620889209722	0.010996208892097218
cellular component disassembly involved in execution phase of apoptosis	GO:0006921		12	1	1.7085566119273985	-0.5356489274807237	0.5561697644022129	0.8417782456475578	1	1
substrate-dependent cell migration	GO:0006929		9	1	1.281417458945549	-0.24796685502894292	0.7172787766977757	0.7490970444220519	1	1
chemotaxis	GO:0006935		181	33	25.770728896571594	0.24726825250793105	1.066519321299637	0.06509975631440973	0.6615082771291728	0.6615082771291728
muscle contraction	GO:0006936		130	6	18.50936329588015	-1.1265172589202508	0.3187359111983247	0.9998798211940328	1	1
regulation of muscle contraction	GO:0006937		85	11	12.102276001152406	-0.09549826138466937	0.8154823895923203	0.632636548165374	1	1
smooth muscle contraction	GO:0006939		17	1	2.420455200230481	-0.8839556217489396	0.4022127055642241	0.9266415165604416	1	1
regulation of smooth muscle contraction	GO:0006940		13	4	1.850936329588015	0.7706027259656304	1.5134313022296	0.07882500601757823	0.7437657096191486	0.7437657096191486
striated muscle contraction	GO:0006941		64	2	9.112301930279457	-1.5164781804924499	0.21775845175340564	0.9991855690425437	1	1
regulation of striated muscle contraction	GO:0006942		63	6	8.969922212618842	-0.4021175348562011	0.6270041687017212	0.8833016307243876	1	1
syncytium formation	GO:0006949		15	0	2.135695764909248	-Inf	0	1	1	1
acute-phase response	GO:0006953		11	0	1.566176894266782	-Inf	0	1	1	1
inflammatory response	GO:0006954		194	37	27.62166522615961	0.2923174758881728	1.1023237011388667	0.029999680583426596	0.4921205735071695	0.49212057350716953
complement activation	GO:0006956		28	4	3.986632094497263	0.00334757325196334	0.8837426586622106	0.5488573271232209	1	1
complement activation, classical pathway	GO:0006958		5	2	0.7118985883030826	1.0329669904331216	1.756382046950204	0.15090142328628167	0.9672449295933598	0.96724492959336
humoral immune response	GO:0006959		168	18	23.919792566983578	-0.2843344991998177	0.6951578759156496	0.8817735781922057	1	1
cellular defense response	GO:0006968		46	7	6.5494670123883605	0.06652647487349499	0.9291882548806338	0.439232917900221	1	1
response to osmotic stress	GO:0006970		33	5	4.698530682800346	0.06218807327489656	0.9260234985551345	0.4866111143499511	1	1
hypotonic response	GO:0006971		8	2	1.1390377412849322	0.562963361187386	1.3288054702420249	0.3186516811391211	1	1
hyperosmotic response	GO:0006972		10	2	1.4237971766061652	0.33981980987317634	1.1407076173540833	0.4274187999219954	1	1
response to oxidative stress	GO:0006979		187	27	26.625007202535294	0.013985971457019028	0.8912976598033264	0.4886733602711194	1	1
ER overload response	GO:0006983		7	0	0.9966580236243158	-Inf	0	1	1	1
ER-nucleus signaling pathway	GO:0006984		26	4	3.70187265917603	0.0774555454056851	0.937189140297217	0.5176038125225733	1	1
response to unfolded protein	GO:0006986		66	18	9.397061365600692	0.6499747381770157	1.405190961529407	0.002844839413536293	0.1546663713808303	0.15466637138083028
response to sterol depletion	GO:0006991		10	3	1.4237971766061652	0.7452849179813407	1.4905061619474906	0.16036271498144075	0.9728178948861119	0.9728178948861118
nucleus organization	GO:0006997		88	19	12.529415154134256	0.4163598869955105	1.2038433558604205	0.031730360552859736	0.5076857688457558	0.5076857688457558
nuclear envelope organization	GO:0006998		44	6	6.264707577067128	-0.043172442382929624	0.8511778531306146	0.5635075877470801	1	1
nuclear pore organization	GO:0006999		13	4	1.850936329588015	0.7706027259656304	1.5134313022296	0.10150888213493482	0.8437430951871026	0.8437430951871024
nucleolus organization	GO:0007000		7	1	0.9966580236243158	0.00334757325196334	0.8837426586622106	0.6588243430336695	1	1
telomere maintenance via telomerase	GO:0007004		20	4	2.8475943532123305	0.33981980987317634	1.1407076173540833	0.2813253354967498	1	1
mitochondrial membrane organization	GO:0007006		72	5	10.251339671564391	-0.7179704842746785	0.47022036542063333	0.9782201065505862	1	1
inner mitochondrial membrane organization	GO:0007007		34	1	4.840910400460962	-1.5771028023088849	0.20513107416696558	0.9946334203684029	1	1
plasma membrane organization	GO:0007009		65	9	9.254681647940075	-0.027904970252141188	0.8617800760388512	0.4885510643023132	1	1
actin filament organization	GO:0007015		104	17	14.80749063670412	0.1380801672221199	0.9822975366578883	0.2793933195809287	1	1
microtubule-based movement	GO:0007018		118	10	16.80080668395275	-0.5188418091643425	0.5647127534265394	0.9756942324414279	1	1
microtubule depolymerization	GO:0007019		10	1	1.4237971766061652	-0.35332737068676895	0.6545884298137958	0.7490970444220519	1	1
microtubule nucleation	GO:0007020		17	4	2.420455200230481	0.5023387393709511	1.276526421804185	0.21527346042877812	1	1
post-chaperonin tubulin folding pathway	GO:0007023		5	0	0.7118985883030826	-Inf	0	1	1	1
negative regulation of microtubule depolymerization	GO:0007026		13	3	1.850936329588015	0.4829206535138495	1.2599567155187015	0.27924366917682547	1	1
endoplasmic reticulum organization	GO:0007029		60	17	8.542783059636992	0.688126504141392	1.4391471055598224	0.003380688900675165	0.1731952929115123	0.17319529291151228
Golgi organization	GO:0007030		77	18	10.963238259867472	0.4958240583497575	1.270957621634266	0.01861864648101841	0.4134473689518601	0.41344736895186013
peroxisome organization	GO:0007031		29	5	4.12901181215788	0.19139980475490292	1.0229601810206947	0.36793080685304924	1	1
endosome organization	GO:0007032		51	14	7.261365600691443	0.6564894191982095	1.4109700383557167	0.004591922923641939	0.20733699438274789	0.20733699438274789
vacuole organization	GO:0007033		107	31	15.23462978968597	0.7104160923305166	1.459107718327729	4.8449790943527975e-5	0.012907024307355852	0.012907024307355852
vacuolar transport	GO:0007034		100	23	14.237971766061653	0.47958175224833494	1.2571164459733488	0.007429325369832387	0.27881483221538467	0.27881483221538467
vacuolar acidification	GO:0007035		11	4	1.566176894266782	0.9376568106287967	1.667097955851661	0.05899071940642686	0.6444853879168564	0.6444853879168564
protein catabolic process in the vacuole	GO:0007039		6	2	0.8542783059636992	0.8506454336391669	1.586566709705886	0.205738078528463	1	1
lysosome organization	GO:0007040		53	18	7.546125036012676	0.8693375666513194	1.6037809449631717	1.8237312815596248e-4	0.02944497050954449	0.029444970509544487
lysosomal transport	GO:0007041		97	22	13.810832613079805	0.46558919716220953	1.2452422218818489	0.01014520935615653	0.30746366916963086	0.30746366916963086
lysosomal lumen acidification	GO:0007042		10	4	1.4237971766061652	1.0329669904331216	1.756382046950204	0.04217374790147727	0.5440719826127625	0.5440719826127625
cell-cell junction assembly	GO:0007043		55	7	7.83088447133391	-0.11216531386988104	0.8043233293179455	0.6646614652731417	1	1
cell-substrate junction assembly	GO:0007044		21	4	2.989974070872947	0.29102964570374423	1.1012919593117916	0.34987809677918136	1	1
spindle organization	GO:0007051		110	16	15.66176894266782	0.02136607875464152	0.8965620952196982	0.5046946070668914	1	1
mitotic spindle organization	GO:0007052		70	10	9.966580236243157	0.00334757325196334	0.8837426586622106	0.5475229826154974	1	1
chromosome segregation	GO:0007059		183	31	26.055488331892825	0.17375877395100187	1.0094065899168172	0.14112048046677822	0.9672449295933598	0.96724492959336
sister chromatid cohesion	GO:0007062		28	4	3.986632094497263	0.00334757325196334	0.8837426586622106	0.57901174716825	1	1
regulation of sister chromatid cohesion	GO:0007063		15	6	2.135695764909248	1.0329669904331216	1.7563820469502038	0.01308472034947458	0.3400750732780516	0.34007507327805153
mitotic sister chromatid cohesion	GO:0007064		14	2	1.9933160472486315	0.00334757325196334	0.8837426586622106	0.613000699683637	1	1
mitotic chromosome condensation	GO:0007076		13	1	1.850936329588015	-0.6156916351542602	0.5169348319376487	0.8417782456475578	1	1
mitotic nuclear membrane disassembly	GO:0007077		8	2	1.1390377412849322	0.562963361187386	1.3288054702420249	0.3186516811391211	1	1
mitotic metaphase chromosome alignment	GO:0007080		53	12	7.546125036012676	0.463872458543155	1.2437885932902968	0.05119374752707742	0.6129444647736371	0.6129444647736372
mitotic nuclear membrane reassembly	GO:0007084		10	0	1.4237971766061652	-Inf	0	1	1	1
regulation of mitotic nuclear division	GO:0007088		80	9	11.390377412849322	-0.2355443350303855	0.7249508562036017	0.8219083411023962	1	1
mitotic cell cycle checkpoint signaling	GO:0007093		77	5	10.963238259867472	-0.7851097871123068	0.44157839363251167	0.988304674927018	1	1
mitotic spindle assembly checkpoint signaling	GO:0007094		20	2	2.8475943532123305	-0.35332737068676895	0.6545884298137958	0.7999882008278627	1	1
mitotic G2 DNA damage checkpoint signaling	GO:0007095		27	3	3.8442523768366463	-0.24796685502894278	0.7172787766977758	0.7605736117829688	1	1
regulation of exit from mitosis	GO:0007096		8	2	1.1390377412849322	0.562963361187386	1.3288054702420249	0.3186516811391211	1	1
centrosome cycle	GO:0007098		69	5	9.824200518582542	-0.6754108698558824	0.48920014941971807	0.9733433960464768	1	1
centriole replication	GO:0007099		21	1	2.989974070872947	-1.0952647154161463	0.32851034177068966	0.9603427374598169	1	1
meiosis I	GO:0007127		22	2	3.132353788533564	-0.44863755049109394	0.6015547714450307	0.7999882008278627	1	1
homologous chromosome pairing at meiosis	GO:0007129		5	0	0.7118985883030826	-Inf	0	1	1	1
reciprocal meiotic recombination	GO:0007131		18	1	2.562834917891098	-0.9411140355888882	0.38091433799658575	0.9144496405462401	1	1
homophilic cell adhesion via plasma membrane adhesion molecules	GO:0007156		21	2	2.989974070872947	-0.4021175348562011	0.6270041687017212	0.8218971635582669	1	1
heterophilic cell-cell adhesion via plasma membrane cell adhesion molecules	GO:0007157		17	4	2.420455200230481	0.5023387393709511	1.276526421804185	0.18402066570529027	1	1
neuron cell-cell adhesion	GO:0007158		10	1	1.4237971766061652	-0.35332737068676895	0.6545884298137958	0.7848390715887252	1	1
leukocyte cell-cell adhesion	GO:0007159		42	11	5.979948141745894	0.6094833768222788	1.3694551532101802	0.029706243185382026	0.490015057869088	0.49001505786908806
cell-matrix adhesion	GO:0007160		74	11	10.536099106885624	0.04308790190147729	0.9121671130608818	0.488873702169873	1	1
negative regulation of cell adhesion	GO:0007162		159	18	22.63837510803803	-0.22927472201679033	0.7288453060112307	0.8755413842324676	1	1
establishment or maintenance of cell polarity	GO:0007163		85	9	12.102276001152406	-0.2961689568468206	0.6880688821622486	0.8716134525239368	1	1
receptor guanylyl cyclase signaling pathway	GO:0007168		10	0	1.4237971766061652	-Inf	0	1	1	1
signal complex assembly	GO:0007172		5	0	0.7118985883030826	-Inf	0	1	1	1
epidermal growth factor receptor signaling pathway	GO:0007173		43	10	6.122327859406511	0.4906426996077599	1.2665355544402095	0.07617726528640374	0.7419972019121739	0.741997201912174
negative regulation of epidermal growth factor-activated receptor activity	GO:0007175		8	3	1.1390377412849322	0.9684284692955504	1.6958091564460576	0.0927539865889046	0.8048939983039493	0.8048939983039493
regulation of epidermal growth factor-activated receptor activity	GO:0007176		9	3	1.281417458945549	0.8506454336391668	1.5865667097058858	0.12490602485745164	0.9280301749694909	0.928030174969491
transmembrane receptor protein serine/threonine kinase signaling pathway	GO:0007178		109	16	15.519389225007203	0.030498562317914035	0.903102906686922	0.44189591418668306	1	1
transforming growth factor beta receptor signaling pathway	GO:0007179		66	12	9.397061365600692	0.24450963006885137	1.0643462602905969	0.20767690963099064	1	1
transmembrane receptor protein tyrosine phosphatase signaling pathway	GO:0007185		5	0	0.7118985883030826	-Inf	0	1	1	1
G protein-coupled receptor signaling pathway, coupled to cyclic nucleotide second messenger	GO:0007187		43	3	6.122327859406511	-0.71333010471817615	0.47225841798755264	0.9501324968438128	1	1
adenylate cyclase-modulating G protein-coupled receptor signaling pathway	GO:0007188		136	13	19.36364160184385	-0.3984478059672386	0.6290470729139614	0.9515714925674454	1	1
adenylate cyclase-activating G protein-coupled receptor signaling pathway	GO:0007189		83	7	11.817516565831172	-0.523672736434008	0.5622463051460865	0.9496695819772213	1	1
activation of adenylate cyclase activity	GO:0007190		15	2	2.135695764909248	-0.06564529823498817	0.835725121529455	0.6515517098503079	1	1
adenylate cyclase-inhibiting G protein-coupled receptor signaling pathway	GO:0007193		44	6	6.264707577067128	-0.043172442382929624	0.8511778531306146	0.6110915459913915	1	1
negative regulation of adenylate cyclase activity	GO:0007194		10	2	1.4237971766061652	0.33981980987317634	1.1407076173540833	0.4274187999219954	1	1
adenylate cyclase-inhibiting serotonin receptor signaling pathway	GO:0007198		8	0	1.1390377412849322	-Inf	0	1	1	1
phospholipase C-activating G protein-coupled receptor signaling pathway	GO:0007200		72	6	10.251339671564391	-0.5356489274807239	0.5561697644022128	0.9546113643793585	1	1
positive regulation of cytosolic calcium ion concentration	GO:0007204		67	8	9.539441083261307	-0.1759933554038535	0.76254491429362	0.7247430655244718	1	1
phospholipase C-activating serotonin receptor signaling pathway	GO:0007208		5	0	0.7118985883030826	-Inf	0	1	1	1
serotonin receptor signaling pathway	GO:0007210		11	0	1.566176894266782	-Inf	0	1	1	1
dopamine receptor signaling pathway	GO:0007212		8	0	1.1390377412849322	-Inf	0	1	1	1
G protein-coupled acetylcholine receptor signaling pathway	GO:0007213		8	1	1.1390377412849322	-0.13018381937255932	0.7923752068513801	0.7074204375900333	1	1
gamma-aminobutyric acid signaling pathway	GO:0007214		12	0	1.7085566119273985	-Inf	0	1	1	1
glutamate receptor signaling pathway	GO:0007215		29	2	4.12901181215788	-0.7248909271192522	0.4671950718706072	0.9325383324606165	1	1
G protein-coupled glutamate receptor signaling pathway	GO:0007216		15	0	2.135695764909248	-Inf	0	1	1	1
tachykinin receptor signaling pathway	GO:0007217		8	0	1.1390377412849322	-Inf	0	1	1	1
neuropeptide signaling pathway	GO:0007218		31	4	4.413771247479112	-0.09843512105797897	0.8135086363960995	0.6079761405250586	1	1
Notch signaling pathway	GO:0007219		20	3	2.8475943532123305	0.05213773742139535	0.9187167652206437	0.5572852037304756	1	1
Notch receptor processing	GO:0007220		7	2	0.9966580236243158	0.6964947538119086	1.446630636471521	0.2621772575015677	1	1
smoothened signaling pathway	GO:0007224		12	0	1.7085566119273985	-Inf	0	1	1	1
integrin-mediated signaling pathway	GO:0007229		56	6	7.973264188994526	-0.2843344991998177	0.6951578759156496	0.814130263244808	1	1
canonical NF-kappaB signal transduction	GO:0007249		29	7	4.12901181215788	0.5278720413761158	1.2984455979842076	0.10797557039404933	0.8877991343510722	0.8877991343510724
JNK cascade	GO:0007254		25	5	3.5594929415154133	0.33981980987317617	1.1407076173540833	0.2786367734697256	1	1
receptor signaling pathway via JAK-STAT	GO:0007259		39	7	5.5528089887640455	0.23160622523294339	1.0542121370591606	0.3161996539750625	1	1
tyrosine phosphorylation of STAT protein	GO:0007260		6	0	0.8542783059636992	-Inf	0	1	1	1
nitric oxide mediated signal transduction	GO:0007263		12	2	1.7085566119273985	0.1574982530792216	0.9970009612255251	0.5263347265149944	1	1
small GTPase mediated signal transduction	GO:0007264		104	15	14.80749063670412	0.012917024268113947	0.89053673356979	0.5052087290375125	1	1
Ras protein signal transduction	GO:0007265		26	4	3.70187265917603	0.0774555454056851	0.937189140297217	0.48536718541514257	1	1
Rho protein signal transduction	GO:0007266		36	5	5.125669835782196	-0.02482330371473313	0.8639302334095803	0.5963650651708188	1	1
chemical synaptic transmission	GO:0007268		146	8	20.787438778450014	-0.9549073577212239	0.37593037471123875	0.9996843646802076	1	1
neurotransmitter secretion	GO:0007269		15	1	2.135695764909248	-0.7587924787949335	0.4526182666060272	0.900232481476347	1	1
synaptic transmission, cholinergic	GO:0007271		11	0	1.566176894266782	-Inf	0	1	1	1
ensheathment of neurons	GO:0007272		17	1	2.420455200230481	-0.8839556217489396	0.4022127055642241	0.9266415165604416	1	1
neuromuscular synaptic transmission	GO:0007274		6	0	0.8542783059636992	-Inf	0	1	1	1
gamete generation	GO:0007276		130	11	18.50936329588015	-0.5203814553499353	0.5639257247560401	0.9643747851090281	1	1
germ cell development	GO:0007281		49	2	6.97660616537021	-1.2494153952434048	0.28288431264122715	0.9926754764441265	1	1
spermatogenesis	GO:0007283		107	7	15.23462978968597	-0.7776609630993164	0.44467883847333844	0.9902265768479661	1	1
spermatid development	GO:0007286		38	2	5.410429271103428	-0.9951812568591639	0.36171688738970265	0.9724246232294138	1	1
sperm axoneme assembly	GO:0007288		11	0	1.566176894266782	-Inf	0	1	1	1
female gamete generation	GO:0007292		19	4	2.705214635551714	0.39111310426072676	1.182848131081555	0.21527346042877812	1	1
single fertilization	GO:0007338		42	1	5.979948141745894	-1.7884118959760917	0.16645578509334652	0.9971007443685763	1	1
binding of sperm to zona pellucida	GO:0007339		7	0	0.9966580236243158	-Inf	0	1	1	1
acrosome reaction	GO:0007340		8	0	1.1390377412849322	-Inf	0	1	1	1
fusion of sperm to egg plasma membrane involved in single fertilization	GO:0007342		8	0	1.1390377412849322	-Inf	0	1	1	1
blastoderm segmentation	GO:0007350		6	0	0.8542783059636992	-Inf	0	1	1	1
tripartite regional subdivision	GO:0007351		6	0	0.8542783059636992	-Inf	0	1	1	1
determination of left/right symmetry	GO:0007368		25	0	3.5594929415154133	-Inf	0	1	1	1
gastrulation	GO:0007369		21	0	2.989974070872947	-Inf	0	1	1	1
pattern specification process	GO:0007389		57	1	8.115643906655142	-2.0937935455272734	0.12290912052479348	0.9998188202005155	1	1
ectoderm development	GO:0007398		6	2	0.8542783059636992	0.8506454336391669	1.586566709705886	0.205738078528463	1	1
neuroblast proliferation	GO:0007405		5	2	0.7118985883030826	1.0329669904331216	1.756382046950204	0.15090142328628167	0.9672449295933598	0.96724492959336
axonogenesis	GO:0007409		61	3	8.685162777297608	-1.063003853197925	0.338892458183683	0.9948035703944431	1	1
axon guidance	GO:0007411		35	0	4.9832901181215785	-Inf	0	1	1	1
synapse assembly	GO:0007416		41	0	5.837568424085278	-Inf	0	1	1	1
central nervous system development	GO:0007417		192	15	27.336905790838376	-0.6001874486182949	0.5243487448785299	0.9965346127802972	1	1
brain development	GO:0007420		109	8	15.519389225007203	-0.6626486182420313	0.495018255399151	0.9873557852312729	1	1
peripheral nervous system development	GO:0007422		16	1	2.2780754825698644	-0.8233309999325046	0.4259677696783408	0.9144496405462401	1	1
sensory organ development	GO:0007423		72	7	10.251339671564391	-0.38149824765346557	0.638549893942146	0.8781326822248339	1	1
endoderm development	GO:0007492		16	1	2.2780754825698644	-0.8233309999325046	0.4259677696783408	0.900232481476347	1	1
mesoderm development	GO:0007498		23	3	3.2747335061941802	-0.08762420495376344	0.8207899149785506	0.6246198083391434	1	1
heart development	GO:0007507		118	11	16.80080668395275	-0.42353162936001754	0.6151862556063883	0.9406905627084381	1	1
muscle organ development	GO:0007517		78	2	11.105617977528091	-1.7143039238223698	0.17912952823117806	0.9999016124998434	1	1
skeletal muscle tissue development	GO:0007519		19	0	2.705214635551714	-Inf	0	1	1	1
myoblast fusion	GO:0007520		9	0	1.281417458945549	-Inf	0	1	1	1
neuromuscular junction development	GO:0007528		6	1	0.8542783059636992	0.1574982530792216	0.9970009612255251	0.6021604736719404	1	1
sex determination	GO:0007530		5	0	0.7118985883030826	-Inf	0	1	1	1
sex differentiation	GO:0007548		48	3	6.834226447709594	-0.8233309999325048	0.42596776967834077	0.971873843697959	1	1
dosage compensation	GO:0007549		12	4	1.7085566119273985	0.8506454336391669	1.586566709705886	0.05899071940642686	0.6444853879168564	0.6444853879168564
female pregnancy	GO:0007565		53	2	7.546125036012676	-1.3278870106849	0.26202796497077757	0.9971722380007559	1	1
embryo implantation	GO:0007566		16	1	2.2780754825698644	-0.8233309999325046	0.4259677696783408	0.9144496405462401	1	1
parturition	GO:0007567		5	0	0.7118985883030826	-Inf	0	1	1	1
response to nutrient	GO:0007584		32	4	4.556150965139729	-0.13018381937255932	0.7923752068513801	0.6871513673515413	1	1
respiratory gaseous exchange by respiratory system	GO:0007585		12	2	1.7085566119273985	0.1574982530792216	0.9970009612255251	0.5263347265149944	1	1
digestion	GO:0007586		42	3	5.979948141745894	-0.689799607307982	0.48271091085741513	0.9442160568596074	1	1
excretion	GO:0007588		7	0	0.9966580236243158	-Inf	0	1	1	1
body fluid secretion	GO:0007589		20	1	2.8475943532123305	-1.0464745512467142	0.3443290775615407	0.9460619965707682	1	1
lactation	GO:0007595		6	0	0.8542783059636992	-Inf	0	1	1	1
blood coagulation	GO:0007596		91	14	12.956554307116106	0.0774555454056851	0.937189140297217	0.42152265317562054	1	1
blood coagulation, intrinsic pathway	GO:0007597		6	0	0.8542783059636992	-Inf	0	1	1	1
hemostasis	GO:0007599		96	14	13.668452895419188	0.02396686045469899	0.8984218473089112	0.5057639571891643	1	1
visual perception	GO:0007601		112	3	15.946528377989052	-1.6706288603197084	0.18703631056312217	0.9999938352641059	1	1
phototransduction	GO:0007602		15	0	2.135695764909248	-Inf	0	1	1	1
phototransduction, visible light	GO:0007603		7	0	0.9966580236243158	-Inf	0	1	1	1
sensory perception of sound	GO:0007605		76	4	10.820858542206857	-0.9951812568591639	0.36171688738970265	0.9950660469684809	1	1
sensory perception of chemical stimulus	GO:0007606		56	2	7.973264188994526	-1.3829467878679274	0.248279647512412	0.9935999934550672	1	1
sensory perception of smell	GO:0007608		7	0	0.9966580236243158	-Inf	0	1	1	1
behavior	GO:0007610		86	9	12.244655718813021	-0.30786499661001165	0.681115675793122	0.862685709381601	1	1
learning or memory	GO:0007611		45	4	6.407087294727744	-0.4711104063431525	0.589557328509197	0.9000104243076319	1	1
learning	GO:0007612		19	2	2.705214635551714	-0.3020340762992186	0.6845755406169421	0.7757179011181241	1	1
memory	GO:0007613		15	1	2.135695764909248	-0.7587924787949335	0.4526182666060272	0.900232481476347	1	1
long-term memory	GO:0007616		7	0	0.9966580236243158	-Inf	0	1	1	1
mating behavior	GO:0007617		5	0	0.7118985883030826	-Inf	0	1	1	1
circadian rhythm	GO:0007623		24	4	3.417113223854797	0.1574982530792216	0.9970009612255251	0.45229031950387566	1	1
locomotory behavior	GO:0007626		5	2	0.7118985883030826	1.0329669904331216	1.756382046950204	0.15090142328628167	0.9672449295933598	0.96724492959336
feeding behavior	GO:0007631		18	0	2.562834917891098	-Inf	0	1	1	1
mechanosensory behavior	GO:0007638		9	0	1.281417458945549	-Inf	0	1	1	1
blood circulation	GO:0008015		179	14	25.485969461250363	-0.59907075391822	0.5248861607552298	0.9968884059777676	1	1
regulation of heart contraction	GO:0008016		117	10	16.658426966292136	-0.510331119496434	0.5690793653359366	0.9736644887000225	1	1
tRNA processing	GO:0008033		87	1	12.387035436473639	-2.5166503963473073	0.08064213329660502	0.999997933692376	1	1
cell recognition	GO:0008037		36	1	5.125669835782196	-1.6342612161488335	0.19387953543937952	0.9953990123243914	1	1
mitochondrial fusion	GO:0008053		16	2	2.2780754825698644	-0.13018381937255932	0.7923752068513801	0.613000699683637	1	1
regulation of actin polymerization or depolymerization	GO:0008064		60	13	8.542783059636992	0.41986251754671255	1.2067689829975068	0.07690191715304522	0.7436178123256351	0.743617812325635
axo-dendritic transport	GO:0008088		15	1	2.135695764909248	-0.7587924787949335	0.4526182666060272	0.900232481476347	1	1
anterograde axonal transport	GO:0008089		6	0	0.8542783059636992	-Inf	0	1	1	1
actin polymerization or depolymerization	GO:0008154		21	3	2.989974070872947	0.00334757325196334	0.8837426586622106	0.5572852037304756	1	1
negative regulation of DNA replication	GO:0008156		17	3	2.420455200230481	0.21465666691917012	1.0409768694321027	0.44394112874496316	1	1
steroid metabolic process	GO:0008202		165	17	23.492653414001726	-0.3234744075370879	0.6719179477571995	0.9192149944711063	1	1
cholesterol metabolic process	GO:0008203		57	10	8.115643906655142	0.20879154746677217	1.036417488667016	0.2508306887255593	1	1
bile acid metabolic process	GO:0008206		31	3	4.413771247479112	-0.38611719350975987	0.635949320040135	0.8210156820757227	1	1
C21-steroid hormone metabolic process	GO:0008207		17	1	2.420455200230481	-0.8839556217489396	0.4022127055642241	0.9266415165604416	1	1
androgen metabolic process	GO:0008209		22	2	3.132353788533564	-0.44863755049109394	0.6015547714450307	0.8218971635582669	1	1
estrogen metabolic process	GO:0008210		30	1	4.271391529818496	-1.4519396593548788	0.23202817802607137	0.986488952049299	1	1
glucocorticoid metabolic process	GO:0008211		9	0	1.281417458945549	-Inf	0	1	1	1
protein alkylation	GO:0008213		40	4	5.695188706424661	-0.35332737068676895	0.6545884298137958	0.792507725727305	1	1
spermidine metabolic process	GO:0008216		7	0	0.9966580236243158	-Inf	0	1	1	1
regulation of blood pressure	GO:0008217		50	4	7.118985883030827	-0.5764709220009788	0.5358617943040874	0.9389150927152096	1	1
opsonization	GO:0008228		6	0	0.8542783059636992	-Inf	0	1	1	1
regulation of G protein-coupled receptor signaling pathway	GO:0008277		101	14	14.38035148372227	-0.026805464918724254	0.8625468387617552	0.554931179559415	1	1
cell population proliferation	GO:0008283		145	17	20.645059060789396	-0.19426267605708167	0.7508685793791257	0.7953707182972407	1	1
insulin receptor signaling pathway	GO:0008286		27	6	3.8442523768366463	0.44518032553100256	1.2280073011830346	0.17681212044815497	1	1
isoprenoid biosynthetic process	GO:0008299		14	2	1.9933160472486315	0.00334757325196334	0.8837426586622106	0.613000699683637	1	1
isoprenoid catabolic process	GO:0008300		10	0	1.4237971766061652	-Inf	0	1	1	1
endosome to lysosome transport	GO:0008333		42	14	5.979948141745894	0.8506454336391669	1.586566709705886	6.129449216035647e-4	0.06161831211893948	0.06161831211893948
histone mRNA metabolic process	GO:0008334		22	7	3.132353788533564	0.804125418004274	1.5439431554498841	0.01669995213846672	0.40675936758417486	0.4067593675841748
glial cell migration	GO:0008347		8	1	1.1390377412849322	-0.13018381937255932	0.7923752068513801	0.7074204375900333	1	1
asymmetric cell division	GO:0008356		5	1	0.7118985883030826	0.33981980987317634	1.1407076173540833	0.5360900744813608	1	1
regulation of cell shape	GO:0008360		61	10	8.685162777297608	0.14096895112801108	0.9844772058885628	0.3675136438218646	1	1
regulation of cell size	GO:0008361		65	9	9.254681647940075	-0.027904970252141188	0.8617800760388512	0.5901479721822496	1	1
axon ensheathment	GO:0008366		17	1	2.420455200230481	-0.8839556217489396	0.4022127055642241	0.9266415165604416	1	1
gonad development	GO:0008406		26	2	3.70187265917603	-0.6156916351542602	0.5169348319376487	0.889455578507797	1	1
respiratory chain complex IV assembly	GO:0008535		24	1	3.417113223854797	-1.228796108040669	0.2886208400712263	0.9750003866525561	1	1
fibroblast growth factor receptor signaling pathway	GO:0008543		24	2	3.417113223854797	-0.5356489274807237	0.5561697644022129	0.8593481172122572	1	1
epidermis development	GO:0008544		102	11	14.522731201382886	-0.2778198181786239	0.6990832027035048	0.8420251124409837	1	1
male gonad development	GO:0008584		16	2	2.2780754825698644	-0.13018381937255932	0.7923752068513801	0.6515517098503079	1	1
female gonad development	GO:0008585		9	0	1.281417458945549	-Inf	0	1	1	1
regulation of smoothened signaling pathway	GO:0008589		24	2	3.417113223854797	-0.5356489274807237	0.5561697644022129	0.8593481172122572	1	1
regulation of Notch signaling pathway	GO:0008593		45	4	6.407087294727744	-0.4711104063431525	0.589557328509197	0.8791099287205876	1	1
anterior/posterior axis specification, embryo	GO:0008595		6	0	0.8542783059636992	-Inf	0	1	1	1
attachment of spindle microtubules to kinetochore	GO:0008608		24	4	3.417113223854797	0.1574982530792216	0.9970009612255251	0.45229031950387566	1	1
ether lipid biosynthetic process	GO:0008611		7	2	0.9966580236243158	0.6964947538119086	1.446630636471521	0.2621772575015677	1	1
extrinsic apoptotic signaling pathway via death domain receptors	GO:0008625		31	11	4.413771247479112	0.913165790620501	1.6443303375883052	0.0025791376529394157	0.14464889910380216	0.1446488991038022
intrinsic apoptotic signaling pathway in response to DNA damage	GO:0008630		35	7	4.9832901181215785	0.33981980987317617	1.1407076173540833	0.22309339733911138	1	1
intrinsic apoptotic signaling pathway in response to oxidative stress	GO:0008631		10	6	1.4237971766061652	1.438432098541286	2.145368740123665	0.0010377453248007072	0.08252398642594282	0.0825239864259428
apoptotic mitochondrial changes	GO:0008637		29	3	4.12901181215788	-0.3194258190110878	0.6742945458589694	0.7823610355367351	1	1
carbohydrate transport	GO:0008643		33	3	4.698530682800346	-0.44863755049109394	0.6015547714450307	0.8210156820757227	1	1
hexose transmembrane transport	GO:0008645		24	2	3.417113223854797	-0.5356489274807237	0.5561697644022129	0.8218971635582669	1	1
amino acid biosynthetic process	GO:0008652		34	1	4.840910400460962	-1.5771028023088849	0.20513107416696558	0.9937404961027188	1	1
phospholipid biosynthetic process	GO:0008654		157	24	22.353615672716796	0.07106574730691426	0.9325064091069041	0.38671933880168347	1	1
dosage compensation by inactivation of X chromosome	GO:0009048		10	3	1.4237971766061652	0.7452849179813407	1.4905061619474906	0.12490602485745164	0.9280301749694909	0.928030174969491
aerobic respiration	GO:0009060		58	6	8.25802362431576	-0.3194258190110878	0.6742945458589694	0.840142420201125	1	1
fatty acid catabolic process	GO:0009062		57	5	8.115643906655142	-0.48435563309317314	0.5825763604639528	0.9081188511027197	1	1
amino acid catabolic process	GO:0009063		78	2	11.105617977528091	-1.7143039238223698	0.17912952823117806	0.999849365995366	1	1
glutamine family amino acid metabolic process	GO:0009064		37	1	5.268049553442812	-1.661660190336948	0.1887016876305003	0.9960554234413908	1	1
glutamine family amino acid catabolic process	GO:0009065		18	1	2.562834917891098	-0.9411140355888882	0.38091433799658575	0.9266415165604416	1	1
aspartate family amino acid metabolic process	GO:0009066		25	0	3.5594929415154133	-Inf	0	1	1	1
aspartate family amino acid biosynthetic process	GO:0009067		10	0	1.4237971766061652	-Inf	0	1	1	1
aspartate family amino acid catabolic process	GO:0009068		7	0	0.9966580236243158	-Inf	0	1	1	1
serine family amino acid metabolic process	GO:0009069		19	1	2.705214635551714	-0.9951812568591639	0.36171688738970265	0.9370965178627342	1	1
serine family amino acid biosynthetic process	GO:0009070		8	0	1.1390377412849322	-Inf	0	1	1	1
serine family amino acid catabolic process	GO:0009071		7	0	0.9966580236243158	-Inf	0	1	1	1
aromatic amino acid metabolic process	GO:0009072		26	0	3.70187265917603	-Inf	0	1	1	1
aromatic amino acid family catabolic process	GO:0009074		19	0	2.705214635551714	-Inf	0	1	1	1
pyruvate family amino acid metabolic process	GO:0009078		6	0	0.8542783059636992	-Inf	0	1	1	1
pyruvate family amino acid catabolic process	GO:0009080		5	0	0.7118985883030826	-Inf	0	1	1	1
branched-chain amino acid metabolic process	GO:0009081		19	2	2.705214635551714	-0.3020340762992186	0.6845755406169421	0.7489064944214678	1	1
branched-chain amino acid catabolic process	GO:0009083		17	1	2.420455200230481	-0.8839556217489396	0.4022127055642241	0.9144496405462401	1	1
glutamine family amino acid biosynthetic process	GO:0009084		10	1	1.4237971766061652	-0.35332737068676895	0.6545884298137958	0.7848390715887252	1	1
methionine biosynthetic process	GO:0009086		8	0	1.1390377412849322	-Inf	0	1	1	1
glycoprotein biosynthetic process	GO:0009101		189	30	26.909766637856524	0.10870808890978956	0.9602905432253827	0.2476153405022053	1	1
vitamin biosynthetic process	GO:0009110		7	0	0.9966580236243158	-Inf	0	1	1	1
vitamin catabolic process	GO:0009111		11	0	1.566176894266782	-Inf	0	1	1	1
nucleobase metabolic process	GO:0009112		12	3	1.7085566119273985	0.5629633611873859	1.3288054702420247	0.23822794909023526	1	1
purine nucleobase biosynthetic process	GO:0009113		6	1	0.8542783059636992	0.1574982530792216	0.9970009612255251	0.6021604736719404	1	1
nucleoside metabolic process	GO:0009116		34	7	4.840910400460962	0.3688073467464285	1.1644363926205554	0.1806765262562436	1	1
ribonucleoside metabolic process	GO:0009119		14	6	1.9933160472486315	1.101959861920073	1.8216227766169788	0.005779524473081577	0.2483331160691826	0.2483331160691826
deoxyribonucleoside metabolic process	GO:0009120		8	1	1.1390377412849322	-0.13018381937255932	0.7923752068513801	0.6588243430336695	1	1
nucleoside monophosphate metabolic process	GO:0009123		30	6	4.271391529818496	0.33981980987317617	1.1407076173540833	0.22367409404434133	1	1
nucleoside monophosphate biosynthetic process	GO:0009124		19	3	2.705214635551714	0.10343103180894582	0.9563668945957576	0.5210095374998907	1	1
nucleoside monophosphate catabolic process	GO:0009125		9	3	1.281417458945549	0.8506454336391668	1.5865667097058858	0.0927539865889046	0.8048939983039493	0.8048939983039493
purine nucleoside monophosphate metabolic process	GO:0009126		21	5	2.989974070872947	0.5141731970179539	1.286667453230158	0.14483696204410754	0.9672449295933598	0.96724492959336
purine nucleoside monophosphate biosynthetic process	GO:0009127		12	2	1.7085566119273985	0.1574982530792216	0.9970009612255251	0.5263347265149944	1	1
purine nucleoside monophosphate catabolic process	GO:0009128		7	3	0.9966580236243158	1.101959861920073	1.8216227766169788	0.04122811280191899	0.5440719826127625	0.5440719826127625
pyrimidine nucleoside monophosphate metabolic process	GO:0009129		7	1	0.9966580236243158	0.00334757325196334	0.8837426586622106	0.6588243430336695	1	1
pyrimidine nucleoside monophosphate biosynthetic process	GO:0009130		6	1	0.8542783059636992	0.1574982530792216	0.9970009612255251	0.6021604736719404	1	1
nucleoside diphosphate metabolic process	GO:0009132		35	7	4.9832901181215785	0.33981980987317617	1.1407076173540833	0.22309339733911138	1	1
nucleoside diphosphate biosynthetic process	GO:0009133		6	0	0.8542783059636992	-Inf	0	1	1	1
nucleoside diphosphate catabolic process	GO:0009134		26	5	3.70187265917603	0.30059909671989493	1.1089698390635254	0.3080657363242753	1	1
purine nucleoside diphosphate metabolic process	GO:0009135		27	5	3.8442523768366463	0.2628587687370479	1.078843050923153	0.3378961035688481	1	1
purine nucleoside diphosphate catabolic process	GO:0009137		25	5	3.5594929415154133	0.33981980987317617	1.1407076173540833	0.2786367734697256	1	1
nucleoside triphosphate metabolic process	GO:0009141		84	13	11.959896283491789	0.08339028092549965	0.9415507652813006	0.41880154240382106	1	1
nucleoside triphosphate biosynthetic process	GO:0009142		25	3	3.5594929415154133	-0.17100581389281447	0.7657544667455077	0.7117289146581616	1	1
nucleoside triphosphate catabolic process	GO:0009143		7	1	0.9966580236243158	0.00334757325196334	0.8837426586622106	0.6588243430336695	1	1
purine nucleoside triphosphate metabolic process	GO:0009144		76	11	10.820858542206857	0.0164196548193161	0.8930315644219151	0.5264486375174166	1	1
purine nucleoside triphosphate biosynthetic process	GO:0009145		20	2	2.8475943532123305	-0.35332737068676895	0.6545884298137958	0.7999882008278627	1	1
pyrimidine nucleoside triphosphate metabolic process	GO:0009147		7	1	0.9966580236243158	0.00334757325196334	0.8837426586622106	0.6588243430336695	1	1
purine ribonucleotide metabolic process	GO:0009150		129	19	18.366983578219536	0.03388429711204472	0.905535198454081	0.44585879704113907	1	1
purine deoxyribonucleotide metabolic process	GO:0009151		9	1	1.281417458945549	-0.24796685502894292	0.7172787766977757	0.7074204375900333	1	1
purine ribonucleotide biosynthetic process	GO:0009152		46	5	6.5494670123883605	-0.2699457617477181	0.7038493349644145	0.8033880958168196	1	1
purine ribonucleotide catabolic process	GO:0009154		36	8	5.125669835782196	0.4451803255310024	1.2280073011830346	0.11489316108101086	0.9280301749694909	0.928030174969491
purine deoxyribonucleotide catabolic process	GO:0009155		5	0	0.7118985883030826	-Inf	0	1	1	1
ribonucleoside monophosphate biosynthetic process	GO:0009156		16	3	2.2780754825698644	0.2752812887356051	1.0887138899917574	0.4035880108068125	1	1
ribonucleoside monophosphate catabolic process	GO:0009158		7	3	0.9966580236243158	1.101959861920073	1.8216227766169788	0.04122811280191899	0.5440719826127625	0.5440719826127625
ribonucleoside monophosphate metabolic process	GO:0009161		25	6	3.5594929415154133	0.5221413666671308	1.2935132983402626	0.11540392984653079	0.9280301749694909	0.928030174969491
deoxyribonucleoside monophosphate metabolic process	GO:0009162		8	1	1.1390377412849322	-0.13018381937255932	0.7923752068513801	0.6588243430336695	1	1
nucleoside biosynthetic process	GO:0009163		10	1	1.4237971766061652	-0.35332737068676895	0.6545884298137958	0.7848390715887252	1	1
nucleoside catabolic process	GO:0009164		16	5	2.2780754825698644	0.7861069125015957	1.527521157251529	0.05086826702531845	0.6117971257582319	0.6117971257582318
nucleotide biosynthetic process	GO:0009165		77	9	10.963238259867472	-0.19732312221018777	0.7489249296362418	0.7724473281813975	1	1
nucleotide catabolic process	GO:0009166		58	10	8.25802362431576	0.19139980475490292	1.0229601810206947	0.2694442612306508	1	1
purine ribonucleoside monophosphate metabolic process	GO:0009167		20	5	2.8475943532123305	0.562963361187386	1.3288054702420249	0.12219140300801425	0.9280301749694909	0.928030174969491
purine ribonucleoside monophosphate biosynthetic process	GO:0009168		11	2	1.566176894266782	0.24450963006885137	1.0643462602905969	0.4783169302775343	1	1
purine ribonucleoside monophosphate catabolic process	GO:0009169		7	3	0.9966580236243158	1.101959861920073	1.8216227766169788	0.04122811280191899	0.5440719826127625	0.5440719826127625
purine ribonucleoside diphosphate metabolic process	GO:0009179		26	5	3.70187265917603	0.30059909671989493	1.1089698390635254	0.3080657363242753	1	1
purine ribonucleoside diphosphate catabolic process	GO:0009181		25	5	3.5594929415154133	0.33981980987317617	1.1407076173540833	0.2786367734697256	1	1
ribonucleoside diphosphate metabolic process	GO:0009185		33	7	4.698530682800346	0.3986603098961096	1.1891072248422259	0.1806765262562436	1	1
cyclic nucleotide metabolic process	GO:0009187		19	0	2.705214635551714	-Inf	0	1	1	1
cyclic nucleotide biosynthetic process	GO:0009190		12	0	1.7085566119273985	-Inf	0	1	1	1
ribonucleoside diphosphate catabolic process	GO:0009191		26	5	3.70187265917603	0.30059909671989493	1.1089698390635254	0.3080657363242753	1	1
ribonucleoside triphosphate metabolic process	GO:0009199		78	12	11.105617977528091	0.0774555454056851	0.937189140297217	0.4341022500657259	1	1
ribonucleoside triphosphate biosynthetic process	GO:0009201		23	3	3.2747335061941802	-0.08762420495376344	0.8207899149785506	0.6555311086933588	1	1
purine ribonucleoside triphosphate metabolic process	GO:0009205		74	11	10.536099106885624	0.04308790190147729	0.9121671130608818	0.488873702169873	1	1
purine ribonucleoside triphosphate biosynthetic process	GO:0009206		20	2	2.8475943532123305	-0.35332737068676895	0.6545884298137958	0.7999882008278627	1	1
pyrimidine ribonucleoside triphosphate metabolic process	GO:0009208		6	1	0.8542783059636992	0.1574982530792216	0.9970009612255251	0.6021604736719404	1	1
pyrimidine ribonucleotide metabolic process	GO:0009218		10	1	1.4237971766061652	-0.35332737068676895	0.6545884298137958	0.7848390715887252	1	1
pyrimidine deoxyribonucleotide metabolic process	GO:0009219		15	1	2.135695764909248	-0.7587924787949335	0.4526182666060272	0.900232481476347	1	1
pyrimidine ribonucleotide biosynthetic process	GO:0009220		7	1	0.9966580236243158	0.00334757325196334	0.8837426586622106	0.6588243430336695	1	1
pyrimidine deoxyribonucleotide catabolic process	GO:0009223		12	1	1.7085566119273985	-0.5356489274807237	0.5561697644022129	0.8417782456475578	1	1
nucleotide-sugar metabolic process	GO:0009225		32	3	4.556150965139729	-0.41786589182434025	0.618295917657411	0.8536536866155897	1	1
nucleotide-sugar biosynthetic process	GO:0009226		24	1	3.417113223854797	-1.228796108040669	0.2886208400712263	0.9750003866525561	1	1
cobalamin metabolic process	GO:0009235		9	1	1.281417458945549	-0.24796685502894292	0.7172787766977757	0.7074204375900333	1	1
glycolipid biosynthetic process	GO:0009247		59	8	8.400403341976375	-0.04883817991860688	0.8472647464943116	0.61603840822493106	1	1
glucan biosynthetic process	GO:0009250		8	2	1.1390377412849322	0.562963361187386	1.3288054702420249	0.3186516811391211	1	1
glucan catabolic process	GO:0009251		5	2	0.7118985883030826	1.0329669904331216	1.756382046950204	0.15090142328628167	0.9672449295933598	0.96724492959336
10-formyltetrahydrofolate metabolic process	GO:0009256		5	0	0.7118985883030826	-Inf	0	1	1	1
ribonucleotide metabolic process	GO:0009259		135	20	19.22126188418323	0.03971521742283816	0.9097334253818503	0.43288665285118333	1	1
ribonucleotide biosynthetic process	GO:0009260		52	6	7.40374531835206	-0.21022652704609585	0.7407692106161782	0.7690244564606817	1	1
ribonucleotide catabolic process	GO:0009261		37	8	5.268049553442812	0.417781351342888	1.205030282694324	0.1302860815278907	0.9457278506547706	0.9457278506547706
deoxyribonucleotide metabolic process	GO:0009262		27	4	3.8442523768366463	0.03971521742283816	0.9097334253818503	0.5176038125225733	1	1
deoxyribonucleotide biosynthetic process	GO:0009263		9	2	1.281417458945549	0.4451803255310024	1.2280073011830346	0.37400758293388436	1	1
deoxyribonucleotide catabolic process	GO:0009264		17	1	2.420455200230481	-0.8839556217489396	0.4022127055642241	0.9144496405462401	1	1
2'-deoxyribonucleotide biosynthetic process	GO:0009265		9	2	1.281417458945549	0.4451803255310024	1.2280073011830346	0.37400758293388436	1	1
response to temperature stimulus	GO:0009266		55	10	7.83088447133391	0.24450963006885137	1.0643462602905969	0.23268111849042775	1	1
cellular response to starvation	GO:0009267		101	26	14.38035148372227	0.5922337434874991	1.3543302211271444	0.0011661224532131889	0.09136912398117457	0.09136912398117457
response to pH	GO:0009268		25	1	3.5594929415154133	-1.2696181025609241	0.2773686994511519	0.9750003866525561	1	1
GDP-mannose biosynthetic process	GO:0009298		5	0	0.7118985883030826	-Inf	0	1	1	1
mRNA transcription	GO:0009299		35	2	4.9832901181215785	-0.9129431586221918	0.39128037235821883	0.9686032938647946	1	1
snRNA transcription	GO:0009301		14	4	1.9933160472486315	0.6964947538119086	1.446630636471521	0.12680293440222737	0.9280301749694909	0.928030174969491
rRNA transcription	GO:0009303		14	0	1.9933160472486315	-Inf	0	1	1	1
tRNA transcription	GO:0009304		8	0	1.1390377412849322	-Inf	0	1	1	1
protein secretion	GO:0009306		26	4	3.70187265917603	0.0774555454056851	0.937189140297217	0.5176038125225733	1	1
amine metabolic process	GO:0009308		61	2	8.685162777297608	-1.4684689613060893	0.2282896752565092	0.998924153528403	1	1
amine biosynthetic process	GO:0009309		18	1	2.562834917891098	-0.9411140355888882	0.38091433799658575	0.9370965178627342	1	1
amine catabolic process	GO:0009310		14	0	1.9933160472486315	-Inf	0	1	1	1
oligosaccharide metabolic process	GO:0009311		43	6	6.122327859406511	-0.020182924158230794	0.8671743536981672	0.5876562785244136	1	1
oligosaccharide biosynthetic process	GO:0009312		22	4	3.132353788533564	0.24450963006885137	1.0643462602905969	0.3843302830382723	1	1
oligosaccharide catabolic process	GO:0009313		10	1	1.4237971766061652	-0.35332737068676895	0.6545884298137958	0.7848390715887252	1	1
2'-deoxyribonucleotide metabolic process	GO:0009394		27	4	3.8442523768366463	0.03971521742283816	0.9097334253818503	0.5176038125225733	1	1
phospholipid catabolic process	GO:0009395		25	3	3.5594929415154133	-0.17100581389281447	0.7657544667455077	0.7117289146581616	1	1
toxin metabolic process	GO:0009404		13	1	1.850936329588015	-0.6156916351542602	0.5169348319376487	0.8417782456475578	1	1
response to heat	GO:0009408		43	9	6.122327859406511	0.3852821839499337	1.1780225308613532	0.13401262072794964	0.9672449295933598	0.96724492959336
response to cold	GO:0009409		6	0	0.8542783059636992	-Inf	0	1	1	1
response to xenobiotic stimulus	GO:0009410		154	9	21.926476519734944	-0.8904703027701331	0.3997320485381275	0.9991434343810783	1	1
response to UV	GO:0009411		115	13	16.373667530970902	-0.23072504859443674	0.727943084120013	0.8425646519274661	1	1
response to light stimulus	GO:0009416		146	16	20.787438778450014	-0.26176017716127864	0.7088292319718149	0.8874774728564834	1	1
carnitine metabolic process	GO:0009437		8	1	1.1390377412849322	-0.13018381937255932	0.7923752068513801	0.7074204375900333	1	1
RNA modification	GO:0009451		105	3	14.949870354364736	-1.606090339182137	0.19934768111997186	0.9999757982559114	1	1
7-methylguanosine RNA capping	GO:0009452		6	0	0.8542783059636992	-Inf	0	1	1	1
fertilization	GO:0009566		44	1	6.264707577067128	-1.8349319116109846	0.15895415664553045	0.9975144453944611	1	1
detection of external stimulus	GO:0009581		38	2	5.410429271103428	-0.9951812568591639	0.36171688738970265	0.9724246232294138	1	1
detection of abiotic stimulus	GO:0009582		41	2	5.837568424085278	-1.0711671638370859	0.33623693396664034	0.9813801053849521	1	1
detection of light stimulus	GO:0009583		24	1	3.417113223854797	-1.228796108040669	0.2886208400712263	0.9659959678588472	1	1
detection of visible light	GO:0009584		8	0	1.1390377412849322	-Inf	0	1	1	1
detection of chemical stimulus	GO:0009593		62	9	8.827542494958225	0.019347914598404434	0.8951205875857614	0.38162467911470627	1	1
detection of biotic stimulus	GO:0009595		28	8	3.986632094497263	0.6964947538119086	1.446630636471521	0.02407511718424919	0.4500779802023849	0.4500779802023848
response to symbiont	GO:0009608		5	0	0.7118985883030826	-Inf	0	1	1	1
response to wounding	GO:0009611		189	28	26.909766637856524	0.03971521742283816	0.9097334253818503	0.39419433314224234	1	1
response to mechanical stimulus	GO:0009612		35	3	4.9832901181215785	-0.5074780505140273	0.5705493311396148	0.8928405695958253	1	1
response to fungus	GO:0009620		35	8	4.9832901181215785	0.47335120249769885	1.251823397295558	0.053890646016538035	0.6283266241711405	0.6283266241711405
response to toxic substance	GO:0009636		80	5	11.390377412849322	-0.8233309999325046	0.4259677696783408	0.9914988110629686	1	1
UV protection	GO:0009650		7	0	0.9966580236243158	-Inf	0	1	1	1
response to salt stress	GO:0009651		5	1	0.7118985883030826	0.33981980987317634	1.1407076173540833	0.5360900744813608	1	1
phenylpropanoid metabolic process	GO:0009698		5	0	0.7118985883030826	-Inf	0	1	1	1
catechol-containing compound metabolic process	GO:0009712		19	1	2.705214635551714	-0.9951812568591639	0.36171688738970265	0.9370965178627342	1	1
catechol-containing compound biosynthetic process	GO:0009713		7	1	0.9966580236243158	0.00334757325196334	0.8837426586622106	0.6588243430336695	1	1
response to carbohydrate	GO:0009743		28	1	3.986632094497263	-1.3829467878679274	0.248279647512412	0.986488952049299	1	1
response to hexose	GO:0009746		22	1	3.132353788533564	-1.1417847310510392	0.31406038381259593	0.9659959678588472	1	1
response to glucose	GO:0009749		22	1	3.132353788533564	-1.1417847310510392	0.31406038381259593	0.9659959678588472	1	1
hormone-mediated signaling pathway	GO:0009755		68	11	9.681820800921924	0.1276452899295404	0.9744467795218887	0.35458833933596845	1	1
embryo development	GO:0009790		114	6	16.231287813310285	-0.9951812568591639	0.36171688738970265	0.9989509491222464	1	1
embryo development ending in birth or egg hatching	GO:0009792		45	6	6.407087294727744	-0.06564529823498817	0.835725121529455	0.6110915459913915	1	1
axis specification	GO:0009798		13	0	1.850936329588015	-Inf	0	1	1	1
specification of symmetry	GO:0009799		27	0	3.8442523768366463	-Inf	0	1	1	1
coumarin metabolic process	GO:0009804		5	0	0.7118985883030826	-Inf	0	1	1	1
flavonoid metabolic process	GO:0009812		11	1	1.566176894266782	-0.44863755049109394	0.6015547714450307	0.6588243430336695	1	1
alkaloid metabolic process	GO:0009820		6	0	0.8542783059636992	-Inf	0	1	1	1
determination of bilateral symmetry	GO:0009855		27	0	3.8442523768366463	-Inf	0	1	1	1
embryonic pattern specification	GO:0009880		11	0	1.566176894266782	-Inf	0	1	1	1
epidermal cell differentiation	GO:0009913		45	6	6.407087294727744	-0.06564529823498817	0.835725121529455	0.5876562785244136	1	1
hormone transport	GO:0009914		30	3	4.271391529818496	-0.3533273706867691	0.6545884298137958	0.8210156820757227	1	1
anterior/posterior axis specification	GO:0009948		6	0	0.8542783059636992	-Inf	0	1	1	1
anterior/posterior pattern specification	GO:0009952		12	1	1.7085566119273985	-0.5356489274807237	0.5561697644022129	0.8417782456475578	1	1
dorsal/ventral pattern formation	GO:0009953		9	0	1.281417458945549	-Inf	0	1	1	1
cell-cell recognition	GO:0009988		19	1	2.705214635551714	-0.9951812568591639	0.36171688738970265	0.9370965178627342	1	1
glial cell differentiation	GO:0010001		16	1	2.2780754825698644	-0.8233309999325046	0.4259677696783408	0.9144496405462401	1	1
cardioblast differentiation	GO:0010002		5	1	0.7118985883030826	0.33981980987317634	1.1407076173540833	0.45905234424234465	1	1
response to metal ion	GO:0010038		123	16	17.512705272255836	-0.09033791082535979	0.8189581605716506	0.6780409507687979	1	1
response to iron ion	GO:0010039		11	1	1.566176894266782	-0.44863755049109394	0.6015547714450307	0.8154912857198441	1	1
response to zinc ion	GO:0010043		11	0	1.566176894266782	-Inf	0	1	1	1
response to X-ray	GO:0010165		9	3	1.281417458945549	0.8506454336391668	1.5865667097058858	0.12490602485745164	0.9280301749694909	0.928030174969491
body morphogenesis	GO:0010171		13	3	1.850936329588015	0.4829206535138495	1.2599567155187015	0.27924366917682547	1	1
response to ionizing radiation	GO:0010212		82	10	11.675136848170556	-0.15487643196293088	0.776198057976903	0.7340573259209933	1	1
response to UV-B	GO:0010224		15	2	2.135695764909248	-0.06564529823498817	0.835725121529455	0.6515517098503079	1	1
response to UV-C	GO:0010225		7	0	0.9966580236243158	-Inf	0	1	1	1
response to lithium ion	GO:0010226		5	0	0.7118985883030826	-Inf	0	1	1	1
vascular transport	GO:0010232		15	1	2.135695764909248	-0.7587924787949335	0.4526182666060272	0.900232481476347	1	1
NADH dehydrogenase complex assembly	GO:0010257		32	1	4.556150965139729	-1.5164781804924499	0.21775845175340564	0.9900678814032076	1	1
regulation of hydrogen peroxide metabolic process	GO:0010310		11	1	1.566176894266782	-0.44863755049109394	0.6015547714450307	0.7848390715887252	1	1
membrane invagination	GO:0010324		26	7	3.70187265917603	0.6370713333411079	1.3937683969761434	0.05484089781842583	0.628370545325963	0.6283705453259629
response to gamma radiation	GO:0010332		20	1	2.8475943532123305	-1.0464745512467142	0.3443290775615407	0.9537500910835526	1	1
regulation of G2/M transition of mitotic cell cycle	GO:0010389		69	7	9.824200518582542	-0.3389386332346695	0.6628982113051818	0.8781326822248339	1	1
fatty acid omega-oxidation	GO:0010430		6	0	0.8542783059636992	-Inf	0	1	1	1
response to acidic pH	GO:0010447		18	1	2.562834917891098	-0.9411140355888882	0.38091433799658575	0.9370965178627342	1	1
regulation of cell fate commitment	GO:0010453		13	2	1.850936329588015	0.0774555454056851	0.937189140297217	0.5263347265149944	1	1
negative regulation of cell fate commitment	GO:0010454		7	0	0.9966580236243158	-Inf	0	1	1	1
centriole-centriole cohesion	GO:0010457		11	1	1.566176894266782	-0.44863755049109394	0.6015547714450307	0.7848390715887252	1	1
exit from mitosis	GO:0010458		9	2	1.281417458945549	0.4451803255310024	1.2280073011830346	0.37400758293388436	1	1
positive regulation of heart rate	GO:0010460		8	2	1.1390377412849322	0.562963361187386	1.3288054702420249	0.3186516811391211	1	1
regulation of mesenchymal cell proliferation	GO:0010464		5	0	0.7118985883030826	-Inf	0	1	1	1
negative regulation of peptidase activity	GO:0010466		17	4	2.420455200230481	0.5023387393709511	1.276526421804185	0.21527346042877812	1	1
regulation of signaling receptor activity	GO:0010469		28	4	3.986632094497263	0.00334757325196334	0.8837426586622106	0.48536718541514257	1	1
intercellular transport	GO:0010496		6	1	0.8542783059636992	0.1574982530792216	0.9970009612255251	0.6021604736719404	1	1
negative regulation of autophagy	GO:0010507		67	18	9.539441083261307	0.6349368608124752	1.3918819697219047	0.004089538795283279	0.19629786217359738	0.19629786217359738
positive regulation of autophagy	GO:0010508		123	23	17.512705272255836	0.2725675828640086	1.0865537456163674	0.09436470885762613	0.8161934558334936	0.8161934558334935
regulation of phosphatidylinositol biosynthetic process	GO:0010511		5	0	0.7118985883030826	-Inf	0	1	1	1
regulation of calcium ion transport into cytosol	GO:0010522		8	1	1.1390377412849322	-0.13018381937255932	0.7923752068513801	0.7074204375900333	1	1
retrotransposon silencing	GO:0010526		17	1	2.420455200230481	-0.8839556217489396	0.4022127055642241	0.9266415165604416	1	1
regulation of platelet activation	GO:0010543		32	6	4.556150965139729	0.2752812887356051	1.0887138899917574	0.3001331104953663	1	1
negative regulation of platelet activation	GO:0010544		11	2	1.566176894266782	0.24450963006885137	1.0643462602905969	0.4783169302775343	1	1
regulation of glycoprotein biosynthetic process	GO:0010559		17	3	2.420455200230481	0.21465666691917012	1.0409768694321027	0.44394112874496316	1	1
positive regulation of glycoprotein biosynthetic process	GO:0010560		9	1	1.281417458945549	-0.24796685502894292	0.7172787766977757	0.7490970444220519	1	1
negative regulation of phosphorus metabolic process	GO:0010563		129	24	18.366983578219536	0.26749914829355	1.0825249697675892	0.0871526007479676	0.7973479119821224	0.7973479119821225
regulation of cellular ketone metabolic process	GO:0010565		71	6	10.108959953903774	-0.5216626855059838	0.5632714741721434	0.9352260359298779	1	1
regulation of ketone biosynthetic process	GO:0010566		13	2	1.850936329588015	0.0774555454056851	0.937189140297217	0.5263347265149944	1	1
regulation of double-strand break repair via homologous recombination	GO:0010569		74	12	10.536099106885624	0.13009927889110715	0.9762898570611457	0.32472548420269054	1	1
positive regulation of platelet activation	GO:0010572		8	1	1.1390377412849322	-0.13018381937255932	0.7923752068513801	0.7074204375900333	1	1
vascular endothelial growth factor production	GO:0010573		6	1	0.8542783059636992	0.1574982530792216	0.9970009612255251	0.6021604736719404	1	1
regulation of vascular endothelial growth factor production	GO:0010574		21	4	2.989974070872947	0.29102964570374423	1.1012919593117916	0.34987809677918136	1	1
positive regulation of vascular endothelial growth factor production	GO:0010575		20	4	2.8475943532123305	0.33981980987317634	1.1407076173540833	0.31544742885991045	1	1
miRNA metabolic process	GO:0010586		17	3	2.420455200230481	0.21465666691917012	1.0409768694321027	0.44394112874496316	1	1
miRNA catabolic process	GO:0010587		11	1	1.566176894266782	-0.44863755049109394	0.6015547714450307	0.8154912857198441	1	1
regulation of lamellipodium assembly	GO:0010591		24	5	3.417113223854797	0.38064180439343137	1.1741885603508528	0.2498152383468616	1	1
positive regulation of lamellipodium assembly	GO:0010592		18	5	2.562834917891098	0.6683238768452122	1.4214885928985646	0.1013484795246827	0.8437430951871026	0.8437430951871024
regulation of endothelial cell migration	GO:0010594		140	14	19.933160472486314	-0.3533273706867691	0.6545884298137958	0.9465934846897275	1	1
positive regulation of endothelial cell migration	GO:0010595		92	9	13.098934024776721	-0.37530627740554423	0.6420489898025904	0.921649711563802	1	1
negative regulation of endothelial cell migration	GO:0010596		47	5	6.691846730048978	-0.29145196696868175	0.6908879728437755	0.8184709388764367	1	1
regulation of cytoplasmic mRNA processing body assembly	GO:0010603		5	2	0.7118985883030826	1.0329669904331216	1.756382046950204	0.15090142328628167	0.9672449295933598	0.96724492959336
regulation of cardiac muscle hypertrophy	GO:0010611		17	4	2.420455200230481	0.5023387393709511	1.276526421804185	0.21527346042877812	1	1
positive regulation of cardiac muscle hypertrophy	GO:0010613		13	4	1.850936329588015	0.7706027259656304	1.5134313022296	0.10150888213493482	0.8437430951871026	0.8437430951871024
epithelial cell migration	GO:0010631		14	2	1.9933160472486315	0.00334757325196334	0.8837426586622106	0.613000699683637	1	1
regulation of epithelial cell migration	GO:0010632		44	7	6.264707577067128	0.11097823744432866	0.9619813112142712	0.439232917900221	1	1
negative regulation of epithelial cell migration	GO:0010633		12	3	1.7085566119273985	0.5629633611873859	1.3288054702420247	0.23822794909023526	1	1
positive regulation of epithelial cell migration	GO:0010634		30	4	4.271391529818496	-0.06564529823498817	0.835725121529455	0.635682557083933	1	1
regulation of mitochondrial fusion	GO:0010635		14	1	1.9933160472486315	-0.689799607307982	0.48271091085741513	0.8643214016762081	1	1
positive regulation of mitochondrial fusion	GO:0010636		6	1	0.8542783059636992	0.1574982530792216	0.9970009612255251	0.5360900744813608	1	1
negative regulation of mitochondrial fusion	GO:0010637		7	0	0.9966580236243158	-Inf	0	1	1	1
regulation of platelet-derived growth factor receptor signaling pathway	GO:0010640		13	4	1.850936329588015	0.7706027259656304	1.5134313022296	0.10150888213493482	0.8437430951871026	0.8437430951871024
positive regulation of platelet-derived growth factor receptor signaling pathway	GO:0010641		6	2	0.8542783059636992	0.8506454336391669	1.586566709705886	0.205738078528463	1	1
negative regulation of platelet-derived growth factor receptor signaling pathway	GO:0010642		7	2	0.9966580236243158	0.6964947538119086	1.446630636471521	0.2621772575015677	1	1
cell communication by electrical coupling	GO:0010644		11	0	1.566176894266782	-Inf	0	1	1	1
regulation of cell communication by electrical coupling	GO:0010649		12	3	1.7085566119273985	0.5629633611873859	1.3288054702420247	0.23822794909023526	1	1
negative regulation of muscle cell apoptotic process	GO:0010656		15	2	2.135695764909248	-0.06564529823498817	0.835725121529455	0.6515517098503079	1	1
regulation of muscle cell apoptotic process	GO:0010660		24	4	3.417113223854797	0.1574982530792216	0.9970009612255251	0.45229031950387566	1	1
positive regulation of muscle cell apoptotic process	GO:0010661		9	2	1.281417458945549	0.4451803255310024	1.2280073011830346	0.37400758293388436	1	1
regulation of striated muscle cell apoptotic process	GO:0010662		7	1	0.9966580236243158	0.00334757325196334	0.8837426586622106	0.6588243430336695	1	1
negative regulation of striated muscle cell apoptotic process	GO:0010664		6	1	0.8542783059636992	0.1574982530792216	0.9970009612255251	0.6021604736719404	1	1
regulation of cardiac muscle cell apoptotic process	GO:0010665		6	0	0.8542783059636992	-Inf	0	1	1	1
negative regulation of cardiac muscle cell apoptotic process	GO:0010667		5	0	0.7118985883030826	-Inf	0	1	1	1
epithelial structure maintenance	GO:0010669		11	2	1.566176894266782	0.24450963006885137	1.0643462602905969	0.37400758293388436	1	1
regulation of collagen metabolic process	GO:0010712		20	1	2.8475943532123305	-1.0464745512467142	0.3443290775615407	0.9537500910835526	1	1
positive regulation of collagen metabolic process	GO:0010714		13	1	1.850936329588015	-0.6156916351542602	0.5169348319376487	0.8643214016762081	1	1
regulation of extracellular matrix disassembly	GO:0010715		16	1	2.2780754825698644	-0.8233309999325046	0.4259677696783408	0.9144496405462401	1	1
regulation of epithelial to mesenchymal transition	GO:0010717		67	8	9.539441083261307	-0.1759933554038535	0.76254491429362	0.7406633020493523	1	1
positive regulation of epithelial to mesenchymal transition	GO:0010718		36	3	5.125669835782196	-0.5356489274807239	0.5561697644022128	0.903640694666269	1	1
negative regulation of epithelial to mesenchymal transition	GO:0010719		27	4	3.8442523768366463	0.03971521742283816	0.9097334253818503	0.5176038125225733	1	1
positive regulation of cell development	GO:0010720		114	18	16.231287813310285	0.10343103180894582	0.9563668945957576	0.2990978910181767	1	1
negative regulation of cell development	GO:0010721		75	7	10.678478824546241	-0.42232024217372066	0.6158500955059426	0.9238011701814691	1	1
protein kinase A signaling	GO:0010737		7	0	0.9966580236243158	-Inf	0	1	1	1
regulation of protein kinase A signaling	GO:0010738		5	1	0.7118985883030826	0.33981980987317634	1.1407076173540833	0.5360900744813608	1	1
regulation of macrophage derived foam cell differentiation	GO:0010743		28	1	3.986632094497263	-1.3829467878679274	0.248279647512412	0.986488952049299	1	1
positive regulation of macrophage derived foam cell differentiation	GO:0010744		16	0	2.2780754825698644	-Inf	0	1	1	1
negative regulation of macrophage derived foam cell differentiation	GO:0010745		12	1	1.7085566119273985	-0.5356489274807237	0.5561697644022129	0.8417782456475578	1	1
regulation of nitric oxide mediated signal transduction	GO:0010749		5	1	0.7118985883030826	0.33981980987317634	1.1407076173540833	0.5360900744813608	1	1
regulation of plasminogen activation	GO:0010755		11	2	1.566176894266782	0.24450963006885137	1.0643462602905969	0.4783169302775343	1	1
positive regulation of plasminogen activation	GO:0010756		6	1	0.8542783059636992	0.1574982530792216	0.9970009612255251	0.6021604736719404	1	1
negative regulation of plasminogen activation	GO:0010757		5	1	0.7118985883030826	0.33981980987317634	1.1407076173540833	0.5360900744813608	1	1
regulation of macrophage chemotaxis	GO:0010758		14	1	1.9933160472486315	-0.689799607307982	0.48271091085741513	0.8836537633679444	1	1
positive regulation of macrophage chemotaxis	GO:0010759		11	1	1.566176894266782	-0.44863755049109394	0.6015547714450307	0.8154912857198441	1	1
regulation of fibroblast migration	GO:0010762		11	2	1.566176894266782	0.24450963006885137	1.0643462602905969	0.4783169302775343	1	1
positive regulation of fibroblast migration	GO:0010763		5	1	0.7118985883030826	0.33981980987317634	1.1407076173540833	0.5360900744813608	1	1
positive regulation of sodium ion transport	GO:0010765		15	1	2.135695764909248	-0.7587924787949335	0.4526182666060272	0.8836537633679444	1	1
negative regulation of sodium ion transport	GO:0010766		9	1	1.281417458945549	-0.24796685502894292	0.7172787766977757	0.7490970444220519	1	1
DNA double-strand break processing involved in repair via single-strand annealing	GO:0010792		6	3	0.8542783059636992	1.2561105417473313	1.968939649300815	0.04122811280191899	0.5440719826127625	0.5440719826127625
regulation of mRNA export from nucleus	GO:0010793		8	1	1.1390377412849322	-0.13018381937255932	0.7923752068513801	0.7074204375900333	1	1
regulation of peptidyl-threonine phosphorylation	GO:0010799		11	1	1.566176894266782	-0.44863755049109394	0.6015547714450307	0.7848390715887252	1	1
positive regulation of peptidyl-threonine phosphorylation	GO:0010800		10	1	1.4237971766061652	-0.35332737068676895	0.6545884298137958	0.7490970444220519	1	1
regulation of tumor necrosis factor-mediated signaling pathway	GO:0010803		51	11	7.261365600691443	0.41532736238132145	1.2029815153202896	0.09023666035554391	0.8048939983039493	0.8048939983039493
negative regulation of tumor necrosis factor-mediated signaling pathway	GO:0010804		23	5	3.2747335061941802	0.4232014188122272	1.209560731589093	0.19484325861326873	1	1
regulation of cell-substrate adhesion	GO:0010810		133	19	18.936502448862	0.0033475732519631187	0.8837426586622105	0.5316685805109558	1	1
positive regulation of cell-substrate adhesion	GO:0010811		70	6	9.966580236243157	-0.5074780505140273	0.5705493311396148	0.9456897977763086	1	1
negative regulation of cell-substrate adhesion	GO:0010812		40	6	5.695188706424661	0.05213773742139535	0.9187167652206437	0.5133057205948932	1	1
bradykinin catabolic process	GO:0010815		6	0	0.8542783059636992	-Inf	0	1	1	1
T cell chemotaxis	GO:0010818		10	1	1.4237971766061652	-0.35332737068676895	0.6545884298137958	0.7848390715887252	1	1
regulation of T cell chemotaxis	GO:0010819		11	1	1.566176894266782	-0.44863755049109394	0.6015547714450307	0.8154912857198441	1	1
positive regulation of T cell chemotaxis	GO:0010820		10	1	1.4237971766061652	-0.35332737068676895	0.6545884298137958	0.7848390715887252	1	1
regulation of mitochondrion organization	GO:0010821		90	13	12.814174589455488	0.014397409438548194	0.8915906473775685	0.4890327175360889	1	1
regulation of centrosome duplication	GO:0010824		40	6	5.695188706424661	0.05213773742139535	0.9187167652206437	0.48739536701780906	1	1
negative regulation of centrosome duplication	GO:0010826		9	0	1.281417458945549	-Inf	0	1	1	1
regulation of glucose transmembrane transport	GO:0010827		35	3	4.9832901181215785	-0.5074780505140273	0.5705493311396148	0.8809654599708342	1	1
positive regulation of glucose transmembrane transport	GO:0010828		23	3	3.2747335061941802	-0.08762420495376344	0.8207899149785506	0.6246198083391434	1	1
negative regulation of glucose transmembrane transport	GO:0010829		10	0	1.4237971766061652	-Inf	0	1	1	1
regulation of myotube differentiation	GO:0010830		13	1	1.850936329588015	-0.6156916351542602	0.5169348319376487	0.8643214016762081	1	1
positive regulation of myotube differentiation	GO:0010831		5	1	0.7118985883030826	0.33981980987317634	1.1407076173540833	0.5360900744813608	1	1
negative regulation of myotube differentiation	GO:0010832		7	0	0.9966580236243158	-Inf	0	1	1	1
telomere maintenance via telomere lengthening	GO:0010833		24	4	3.417113223854797	0.1574982530792216	0.9970009612255251	0.3843302830382723	1	1
regulation of protein ADP-ribosylation	GO:0010835		5	0	0.7118985883030826	-Inf	0	1	1	1
regulation of keratinocyte proliferation	GO:0010837		25	1	3.5594929415154133	-1.2696181025609241	0.2773686994511519	0.9659959678588472	1	1
positive regulation of keratinocyte proliferation	GO:0010838		12	1	1.7085566119273985	-0.5356489274807237	0.5561697644022129	0.8154912857198441	1	1
negative regulation of keratinocyte proliferation	GO:0010839		7	0	0.9966580236243158	-Inf	0	1	1	1
regulation of triglyceride biosynthetic process	GO:0010866		8	3	1.1390377412849322	0.9684284692955504	1.6958091564460576	0.0927539865889046	0.8048939983039493	0.8048939983039493
positive regulation of triglyceride biosynthetic process	GO:0010867		5	1	0.7118985883030826	0.33981980987317634	1.1407076173540833	0.5360900744813608	1	1
regulation of cholesterol efflux	GO:0010874		25	3	3.5594929415154133	-0.17100581389281447	0.7657544667455077	0.7117289146581616	1	1
positive regulation of cholesterol efflux	GO:0010875		19	2	2.705214635551714	-0.3020340762992186	0.6845755406169421	0.7757179011181241	1	1
lipid localization	GO:0010876		160	22	22.780754825698644	-0.03487363956823443	0.8569304126721827	0.5925864457925931	1	1
regulation of release of sequestered calcium ion into cytosol by sarcoplasmic reticulum	GO:0010880		24	3	3.417113223854797	-0.13018381937255943	0.7923752068513801	0.6845655071489992	1	1
regulation of cardiac muscle contraction by regulation of the release of sequestered calcium ion	GO:0010881		18	2	2.562834917891098	-0.24796685502894292	0.7172787766977757	0.7489064944214678	1	1
regulation of cardiac muscle contraction by calcium ion signaling	GO:0010882		26	3	3.70187265917603	-0.21022652704609585	0.7407692106161782	0.7370495801541082	1	1
regulation of lipid storage	GO:0010883		24	2	3.417113223854797	-0.5356489274807237	0.5561697644022129	0.8593481172122572	1	1
positive regulation of lipid storage	GO:0010884		10	1	1.4237971766061652	-0.35332737068676895	0.6545884298137958	0.7490970444220519	1	1
regulation of cholesterol storage	GO:0010885		11	2	1.566176894266782	0.24450963006885137	1.0643462602905969	0.4783169302775343	1	1
negative regulation of cholesterol storage	GO:0010887		7	1	0.9966580236243158	0.00334757325196334	0.8837426586622106	0.6588243430336695	1	1
negative regulation of lipid storage	GO:0010888		13	1	1.850936329588015	-0.6156916351542602	0.5169348319376487	0.8643214016762081	1	1
positive regulation of steroid biosynthetic process	GO:0010893		18	4	2.562834917891098	0.4451803255310024	1.2280073011830346	0.21527346042877812	1	1
negative regulation of steroid biosynthetic process	GO:0010894		16	1	2.2780754825698644	-0.8233309999325046	0.4259677696783408	0.900232481476347	1	1
regulation of triglyceride catabolic process	GO:0010896		7	0	0.9966580236243158	-Inf	0	1	1	1
positive regulation of triglyceride catabolic process	GO:0010898		5	0	0.7118985883030826	-Inf	0	1	1	1
regulation of very-low-density lipoprotein particle remodeling	GO:0010901		8	0	1.1390377412849322	-Inf	0	1	1	1
negative regulation of very-low-density lipoprotein particle remodeling	GO:0010903		6	0	0.8542783059636992	-Inf	0	1	1	1
regulation of glucose metabolic process	GO:0010906		39	4	5.5528089887640455	-0.3280095627024793	0.6692632149861409	0.825789379652475	1	1
positive regulation of glucose metabolic process	GO:0010907		18	2	2.562834917891098	-0.24796685502894292	0.7172787766977757	0.7489064944214678	1	1
negative regulation of mitochondrial membrane potential	GO:0010917		6	2	0.8542783059636992	0.8506454336391669	1.586566709705886	0.205738078528463	1	1
regulation of inositol phosphate biosynthetic process	GO:0010919		7	1	0.9966580236243158	0.00334757325196334	0.8837426586622106	0.6588243430336695	1	1
regulation of phosphatase activity	GO:0010921		7	0	0.9966580236243158	-Inf	0	1	1	1
cellular component assembly involved in morphogenesis	GO:0010927		20	0	2.8475943532123305	-Inf	0	1	1	1
regulation of macrophage cytokine production	GO:0010935		7	0	0.9966580236243158	-Inf	0	1	1	1
negative regulation of transcription by competitive promoter binding	GO:0010944		12	2	1.7085566119273985	0.1574982530792216	0.9970009612255251	0.4783169302775343	1	1
negative regulation of cell cycle process	GO:0010948		183	19	26.055488331892825	-0.31578945136770376	0.6764345379405045	0.9345938139627319	1	1
positive regulation of endopeptidase activity	GO:0010950		8	2	1.1390377412849322	0.562963361187386	1.3288054702420249	0.3186516811391211	1	1
negative regulation of endopeptidase activity	GO:0010951		12	3	1.7085566119273985	0.5629633611873859	1.3288054702420247	0.23822794909023526	1	1
positive regulation of peptidase activity	GO:0010952		13	3	1.850936329588015	0.4829206535138495	1.2599567155187015	0.27924366917682547	1	1
positive regulation of protein processing	GO:0010954		12	2	1.7085566119273985	0.1574982530792216	0.9970009612255251	0.5263347265149944	1	1
negative regulation of protein processing	GO:0010955		15	3	2.135695764909248	0.33981980987317617	1.1407076173540833	0.362419133600277	1	1
regulation of glucan biosynthetic process	GO:0010962		17	0	2.420455200230481	-Inf	0	1	1	1
regulation of mitotic sister chromatid separation	GO:0010965		42	7	5.979948141745894	0.1574982530792216	0.9970009612255251	0.38986812466748344	1	1
regulation of phosphate transport	GO:0010966		5	0	0.7118985883030826	-Inf	0	1	1	1
regulation of microtubule nucleation	GO:0010968		11	0	1.566176894266782	-Inf	0	1	1	1
transport along microtubule	GO:0010970		56	6	7.973264188994526	-0.2843344991998177	0.6951578759156496	0.8275277116643232	1	1
positive regulation of G2/M transition of mitotic cell cycle	GO:0010971		19	5	2.705214635551714	0.6142566555749365	1.3736510814004799	0.12219140300801425	0.9280301749694909	0.928030174969491
negative regulation of G2/M transition of mitotic cell cycle	GO:0010972		46	3	6.5494670123883605	-0.7807713855137087	0.4433818566054035	0.9684129790584518	1	1
regulation of neuron projection development	GO:0010975		104	9	14.80749063670412	-0.4979085994978768	0.5755022404335266	0.9606819913987814	1	1
positive regulation of neuron projection development	GO:0010976		44	6	6.264707577067128	-0.043172442382929624	0.8511778531306146	0.5876562785244136	1	1
negative regulation of neuron projection development	GO:0010977		28	0	3.986632094497263	-Inf	0	1	1	1
regulation of lipoprotein particle clearance	GO:0010984		14	2	1.9933160472486315	0.00334757325196334	0.8837426586622106	0.613000699683637	1	1
negative regulation of lipoprotein particle clearance	GO:0010985		9	1	1.281417458945549	-0.24796685502894292	0.7172787766977757	0.7490970444220519	1	1
regulation of low-density lipoprotein particle clearance	GO:0010988		10	1	1.4237971766061652	-0.35332737068676895	0.6545884298137958	0.7848390715887252	1	1
negative regulation of low-density lipoprotein particle clearance	GO:0010989		6	0	0.8542783059636992	-Inf	0	1	1	1
ubiquitin recycling	GO:0010992		8	1	1.1390377412849322	-0.13018381937255932	0.7923752068513801	0.6588243430336695	1	1
free ubiquitin chain polymerization	GO:0010994		7	1	0.9966580236243158	0.00334757325196334	0.8837426586622106	0.6021604736719404	1	1
response to auditory stimulus	GO:0010996		10	1	1.4237971766061652	-0.35332737068676895	0.6545884298137958	0.7848390715887252	1	1
astrocyte development	GO:0014002		6	1	0.8542783059636992	0.1574982530792216	0.9970009612255251	0.6021604736719404	1	1
oligodendrocyte development	GO:0014003		8	0	1.1390377412849322	-Inf	0	1	1	1
regulation of gliogenesis	GO:0014013		13	0	1.850936329588015	-Inf	0	1	1	1
positive regulation of gliogenesis	GO:0014015		10	0	1.4237971766061652	-Inf	0	1	1	1
neural crest formation	GO:0014029		8	1	1.1390377412849322	-0.13018381937255932	0.7923752068513801	0.6588243430336695	1	1
neural crest cell development	GO:0014032		12	3	1.7085566119273985	0.5629633611873859	1.3288054702420247	0.23822794909023526	1	1
neural crest cell differentiation	GO:0014033		15	3	2.135695764909248	0.33981980987317617	1.1407076173540833	0.32081841502444297	1	1
response to purine-containing compound	GO:0014074		59	7	8.400403341976375	-0.18236957254312952	0.7584553986957108	0.7537145508626426	1	1
striated muscle tissue development	GO:0014706		50	1	7.118985883030827	-1.9627652831208693	0.1400115504505944	0.999543277433839	1	1
positive regulation of muscle hypertrophy	GO:0014742		13	4	1.850936329588015	0.7706027259656304	1.5134313022296	0.10150888213493482	0.8437430951871026	0.8437430951871024
regulation of muscle hypertrophy	GO:0014743		17	4	2.420455200230481	0.5023387393709511	1.276526421804185	0.21527346042877812	1	1
muscle cell migration	GO:0014812		5	0	0.7118985883030826	-Inf	0	1	1	1
regulation of skeletal muscle contraction	GO:0014819		11	2	1.566176894266782	0.24450963006885137	1.0643462602905969	0.4274187999219954	1	1
phasic smooth muscle contraction	GO:0014821		9	1	1.281417458945549	-0.24796685502894292	0.7172787766977757	0.7490970444220519	1	1
vascular associated smooth muscle contraction	GO:0014829		6	1	0.8542783059636992	0.1574982530792216	0.9970009612255251	0.6021604736719404	1	1
muscle hypertrophy	GO:0014896		6	0	0.8542783059636992	-Inf	0	1	1	1
striated muscle hypertrophy	GO:0014897		5	0	0.7118985883030826	-Inf	0	1	1	1
myotube differentiation	GO:0014902		15	1	2.135695764909248	-0.7587924787949335	0.4526182666060272	0.8836537633679444	1	1
regulation of smooth muscle cell migration	GO:0014910		31	4	4.413771247479112	-0.09843512105797897	0.8135086363960995	0.6620838357263424	1	1
positive regulation of smooth muscle cell migration	GO:0014911		16	3	2.2780754825698644	0.2752812887356051	1.0887138899917574	0.4035880108068125	1	1
negative regulation of smooth muscle cell migration	GO:0014912		14	0	1.9933160472486315	-Inf	0	1	1	1
heparan sulfate proteoglycan biosynthetic process	GO:0015012		14	1	1.9933160472486315	-0.689799607307982	0.48271091085741513	0.8836537633679444	1	1
gas transport	GO:0015669		11	0	1.566176894266782	-Inf	0	1	1	1
oxygen transport	GO:0015671		8	0	1.1390377412849322	-Inf	0	1	1	1
magnesium ion transport	GO:0015693		10	0	1.4237971766061652	-Inf	0	1	1	1
organic cation transport	GO:0015695		66	8	9.397061365600692	-0.16095547803931307	0.7722504597000864	0.7081775155746591	1	1
quaternary ammonium group transport	GO:0015697		11	1	1.566176894266782	-0.44863755049109394	0.6015547714450307	0.8154912857198441	1	1
inorganic anion transport	GO:0015698		84	2	11.959896283491789	-1.7884118959760917	0.16645578509334652	0.9999443633026421	1	1
bicarbonate transport	GO:0015701		18	2	2.562834917891098	-0.24796685502894292	0.7172787766977757	0.7489064944214678	1	1
iodide transport	GO:0015705		6	0	0.8542783059636992	-Inf	0	1	1	1
hexose phosphate transport	GO:0015712		5	0	0.7118985883030826	-Inf	0	1	1	1
monocarboxylic acid transport	GO:0015718		77	8	10.963238259867472	-0.3151061578665712	0.676837221931156	0.8651349258566193	1	1
bile acid and bile salt transport	GO:0015721		14	0	1.9933160472486315	-Inf	0	1	1	1
lactate transport	GO:0015727		5	1	0.7118985883030826	0.33981980987317634	1.1407076173540833	0.5360900744813608	1	1
prostaglandin transport	GO:0015732		10	0	1.4237971766061652	-Inf	0	1	1	1
C4-dicarboxylate transport	GO:0015740		13	0	1.850936329588015	-Inf	0	1	1	1
alpha-ketoglutarate transport	GO:0015742		5	0	0.7118985883030826	-Inf	0	1	1	1
urate transport	GO:0015747		6	0	0.8542783059636992	-Inf	0	1	1	1
organophosphate ester transport	GO:0015748		99	10	14.095592048401036	-0.34327703483326755	0.6603843070430259	0.9128229087346913	1	1
monosaccharide transmembrane transport	GO:0015749		26	2	3.70187265917603	-0.6156916351542602	0.5169348319376487	0.8593481172122572	1	1
fructose transmembrane transport	GO:0015755		6	1	0.8542783059636992	0.1574982530792216	0.9970009612255251	0.5360900744813608	1	1
glucose-6-phosphate transport	GO:0015760		5	0	0.7118985883030826	-Inf	0	1	1	1
nucleotide-sugar transmembrane transport	GO:0015780		8	0	1.1390377412849322	-Inf	0	1	1	1
polyol transmembrane transport	GO:0015791		7	1	0.9966580236243158	0.00334757325196334	0.8837426586622106	0.6588243430336695	1	1
glycerol transmembrane transport	GO:0015793		7	1	0.9966580236243158	0.00334757325196334	0.8837426586622106	0.6588243430336695	1	1
acidic amino acid transport	GO:0015800		12	0	1.7085566119273985	-Inf	0	1	1	1
aromatic amino acid transport	GO:0015801		8	1	1.1390377412849322	-0.13018381937255932	0.7923752068513801	0.7074204375900333	1	1
basic amino acid transport	GO:0015802		14	1	1.9933160472486315	-0.689799607307982	0.48271091085741513	0.8836537633679444	1	1
branched-chain amino acid transport	GO:0015803		8	1	1.1390377412849322	-0.13018381937255932	0.7923752068513801	0.7074204375900333	1	1
neutral amino acid transport	GO:0015804		35	6	4.9832901181215785	0.185669130045918	1.0185465737829114	0.38049647447350804	1	1
L-amino acid transport	GO:0015807		40	3	5.695188706424661	-0.6410094431385499	0.5050180918908812	0.9303809421434717	1	1
L-alanine transport	GO:0015808		8	3	1.1390377412849322	0.9684284692955504	1.6958091564460576	0.0927539865889046	0.8048939983039493	0.8048939983039493
aspartate transmembrane transport	GO:0015810		8	0	1.1390377412849322	-Inf	0	1	1	1
L-cystine transport	GO:0015811		5	0	0.7118985883030826	-Inf	0	1	1	1
L-glutamate transmembrane transport	GO:0015813		10	0	1.4237971766061652	-Inf	0	1	1	1
glycine transport	GO:0015816		5	0	0.7118985883030826	-Inf	0	1	1	1
leucine transport	GO:0015820		8	1	1.1390377412849322	-0.13018381937255932	0.7923752068513801	0.7074204375900333	1	1
ornithine transport	GO:0015822		6	0	0.8542783059636992	-Inf	0	1	1	1
proline transport	GO:0015824		6	1	0.8542783059636992	0.1574982530792216	0.9970009612255251	0.6021604736719404	1	1
peptide transport	GO:0015833		29	2	4.12901181215788	-0.7248909271192522	0.4671950718706072	0.9325383324606165	1	1
amine transport	GO:0015837		5	0	0.7118985883030826	-Inf	0	1	1	1
amino-acid betaine transport	GO:0015838		7	1	0.9966580236243158	0.00334757325196334	0.8837426586622106	0.6588243430336695	1	1
monoamine transport	GO:0015844		17	1	2.420455200230481	-0.8839556217489396	0.4022127055642241	0.9266415165604416	1	1
polyamine transport	GO:0015846		6	0	0.8542783059636992	-Inf	0	1	1	1
organic acid transport	GO:0015849		158	14	22.495995390377413	-0.47427998110443165	0.5878807078739959	0.9811265691207309	1	1
organic hydroxy compound transport	GO:0015850		100	12	14.237971766061653	-0.17100581389281447	0.7657544667455077	0.7683514380354366	1	1
nucleobase transport	GO:0015851		8	1	1.1390377412849322	-0.13018381937255932	0.7923752068513801	0.7074204375900333	1	1
nucleoside transport	GO:0015858		7	0	0.9966580236243158	-Inf	0	1	1	1
uridine transport	GO:0015862		6	0	0.8542783059636992	-Inf	0	1	1	1
pyrimidine nucleoside transport	GO:0015864		6	0	0.8542783059636992	-Inf	0	1	1	1
purine nucleotide transport	GO:0015865		27	1	3.8442523768366463	-1.3465791436970524	0.2572808113493743	0.9842418093228951	1	1
ATP transport	GO:0015867		13	1	1.850936329588015	-0.6156916351542602	0.5169348319376487	0.8643214016762081	1	1
purine ribonucleotide transport	GO:0015868		23	1	3.2747335061941802	-1.186236493621873	0.3008111881356697	0.9708435974336923	1	1
choline transport	GO:0015871		9	2	1.281417458945549	0.4451803255310024	1.2280073011830346	0.3186516811391211	1	1
dopamine transport	GO:0015872		12	1	1.7085566119273985	-0.5356489274807237	0.5561697644022129	0.8417782456475578	1	1
norepinephrine transport	GO:0015874		6	0	0.8542783059636992	-Inf	0	1	1	1
carnitine transport	GO:0015879		7	1	0.9966580236243158	0.00334757325196334	0.8837426586622106	0.6588243430336695	1	1
folic acid transport	GO:0015884		6	0	0.8542783059636992	-Inf	0	1	1	1
heme transport	GO:0015886		5	0	0.7118985883030826	-Inf	0	1	1	1
thiamine transport	GO:0015888		7	0	0.9966580236243158	-Inf	0	1	1	1
cobalamin transport	GO:0015889		9	2	1.281417458945549	0.4451803255310024	1.2280073011830346	0.37400758293388436	1	1
fatty acid transport	GO:0015908		41	5	5.837568424085278	-0.15487643196293088	0.776198057976903	0.7128644842715766	1	1
long-chain fatty acid transport	GO:0015909		24	3	3.417113223854797	-0.13018381937255943	0.7923752068513801	0.6845655071489992	1	1
phospholipid transport	GO:0015914		52	9	7.40374531835206	0.1952385810620685	1.0259224454950906	0.3179227097493778	1	1
sterol transport	GO:0015918		48	8	6.834226447709594	0.1574982530792216	0.9970009612255251	0.35143408291191264	1	1
peroxisomal membrane transport	GO:0015919		18	3	2.562834917891098	0.1574982530792214	0.9970009612255248	0.4831646634993946	1	1
nucleobase-containing compound transport	GO:0015931		113	13	16.08890809564967	-0.21318073894352743	0.7389108688480661	0.8336189097774133	1	1
coenzyme A metabolic process	GO:0015936		10	1	1.4237971766061652	-0.35332737068676895	0.6545884298137958	0.7848390715887252	1	1
coenzyme A biosynthetic process	GO:0015937		9	1	1.281417458945549	-0.24796685502894292	0.7172787766977757	0.7490970444220519	1	1
pantothenate metabolic process	GO:0015939		6	1	0.8542783059636992	0.1574982530792216	0.9970009612255251	0.6021604736719404	1	1
nucleobase-containing small molecule interconversion	GO:0015949		8	1	1.1390377412849322	-0.13018381937255932	0.7923752068513801	0.7074204375900333	1	1
energy derivation by oxidation of organic compounds	GO:0015980		95	11	13.52607317775857	-0.20672389649489364	0.7429768313486756	0.8007559928756801	1	1
proton motive force-driven ATP synthesis	GO:0015986		14	2	1.9933160472486315	0.00334757325196334	0.8837426586622106	0.613000699683637	1	1
viral process	GO:0016032		164	34	23.350273696341112	0.3757518190992395	1.1701544861155222	0.010904588455519648	0.31966946371748467	0.31966946371748467
lipid catabolic process	GO:0016042		162	17	23.065514261019878	-0.30512526886889135	0.6827397067470087	0.9192149944711063	1	1
detection of bacterium	GO:0016045		14	6	1.9933160472486315	1.101959861920073	1.8216227766169788	0.008908844669804855	0.285941713257351	0.285941713257351
cell growth	GO:0016049		18	4	2.562834917891098	0.4451803255310024	1.2280073011830346	0.24782345497280558	1	1
vesicle organization	GO:0016050		147	45	20.92981849611063	0.7654876252988599	1.5087912117675963	6.658829521408006e-8	3.5478243690061854e-4	3.5478243690061854e-4
carbohydrate biosynthetic process	GO:0016051		57	10	8.115643906655142	0.20879154746677217	1.036417488667016	0.28846705380937687	1	1
carbohydrate catabolic process	GO:0016052		52	7	7.40374531835206	-0.056075847218837474	0.842282859379137	0.6240295019578816	1	1
organic acid biosynthetic process	GO:0016053		156	16	22.211235955056182	-0.3280095627024793	0.6692632149861409	0.9405424614016674	1	1
organic acid catabolic process	GO:0016054		155	10	22.068856237395565	-0.7915823016179244	0.43889979909150545	0.9987026793627745	1	1
Wnt signaling pathway	GO:0016055		70	8	9.966580236243157	-0.21979597806224646	0.7347616023625976	0.7845389599112613	1	1
immunoglobulin mediated immune response	GO:0016064		13	4	1.850936329588015	0.7706027259656304	1.5134313022296	0.10150888213493482	0.8437430951871026	0.8437430951871024
rRNA metabolic process	GO:0016072		102	6	14.522731201382886	-0.8839556217489394	0.4022127055642241	0.9972038509765858	1	1
snRNA metabolic process	GO:0016073		37	7	5.268049553442812	0.28424995871836545	1.095868295700066	0.26855272305334044	1	1
rRNA catabolic process	GO:0016075		8	1	1.1390377412849322	-0.13018381937255932	0.7923752068513801	0.7074204375900333	1	1
tRNA catabolic process	GO:0016078		6	1	0.8542783059636992	0.1574982530792216	0.9970009612255251	0.6021604736719404	1	1
synaptic vesicle exocytosis	GO:0016079		10	1	1.4237971766061652	-0.35332737068676895	0.6545884298137958	0.7848390715887252	1	1
polyprenol metabolic process	GO:0016093		10	0	1.4237971766061652	-Inf	0	1	1	1
monoterpenoid metabolic process	GO:0016098		6	0	0.8542783059636992	-Inf	0	1	1	1
diterpenoid metabolic process	GO:0016101		57	2	8.115643906655142	-1.4006463649673282	0.24400900625043423	0.9962824815338565	1	1
terpenoid catabolic process	GO:0016115		7	0	0.9966580236243158	-Inf	0	1	1	1
sterol metabolic process	GO:0016125		69	11	9.824200518582542	0.1130464905083877	0.963523197772324	0.35458833933596845	1	1
sterol biosynthetic process	GO:0016126		26	9	3.70187265917603	0.8883857616220138	1.621372635022161	0.005601434055893511	0.246648269833063	0.246648269833063
sterol catabolic process	GO:0016127		5	0	0.7118985883030826	-Inf	0	1	1	1
glycoside metabolic process	GO:0016137		14	1	1.9933160472486315	-0.689799607307982	0.48271091085741513	0.8836537633679444	1	1
snRNA processing	GO:0016180		22	3	3.132353788533564	-0.043172442382929624	0.8511778531306146	0.6246198083391434	1	1
endosomal transport	GO:0016197		157	42	22.353615672716796	0.6306815352423368	1.3881237886076772	1.1674994170286116e-5	0.008838120127152752	0.008838120127152752
regulation of striated muscle tissue development	GO:0016202		10	1	1.4237971766061652	-0.35332737068676895	0.6545884298137958	0.7490970444220519	1	1
iron-sulfur cluster assembly	GO:0016226		15	0	2.135695764909248	-Inf	0	1	1	1
telomere capping	GO:0016233		15	1	2.135695764909248	-0.7587924787949335	0.4526182666060272	0.8417782456475578	1	1
macroautophagy	GO:0016236		154	39	21.926476519734944	0.5758667660232939	1.340035595924319	1.3820615732039986e-4	0.026243268516220247	0.02624326851622025
positive regulation of macroautophagy	GO:0016239		74	13	10.536099106885624	0.21014198656464347	1.0374663443792895	0.2336026544521258	1	1
autophagosome membrane docking	GO:0016240		7	2	0.9966580236243158	0.6964947538119086	1.446630636471521	0.2621772575015677	1	1
regulation of macroautophagy	GO:0016241		131	24	18.651743013540766	0.2521142294540706	1.0703421607614978	0.09999275926055308	0.8437430951871026	0.8437430951871024
negative regulation of macroautophagy	GO:0016242		24	8	3.417113223854797	0.8506454336391669	1.586566709705886	0.01469598303573995	0.36588877389917035	0.36588877389917035
attachment of GPI anchor to protein	GO:0016255		6	0	0.8542783059636992	-Inf	0	1	1	1
gap junction assembly	GO:0016264		6	1	0.8542783059636992	0.1574982530792216	0.9970009612255251	0.6021604736719404	1	1
O-glycan processing	GO:0016266		39	9	5.5528089887640455	0.4829206535138495	1.2599567155187015	0.07086882200281357	0.6970279179718909	0.6970279179718909
dephosphorylation	GO:0016311		109	21	15.519389225007203	0.30243227780155585	1.1104436408047473	0.04973193606783845	0.6105339985471042	0.6105339985471043
dendrite development	GO:0016358		16	1	2.2780754825698644	-0.8233309999325046	0.4259677696783408	0.9144496405462401	1	1
post-transcriptional gene silencing	GO:0016441		34	8	4.840910400460962	0.5023387393709511	1.276526421804185	0.10053734862143177	0.8437430951871026	0.8437430951871024
somatic cell DNA recombination	GO:0016444		8	1	1.1390377412849322	-0.13018381937255932	0.7923752068513801	0.7074204375900333	1	1
somatic diversification of immunoglobulins	GO:0016445		7	0	0.9966580236243158	-Inf	0	1	1	1
negative regulation of transcription by RNA polymerase I	GO:0016479		7	1	0.9966580236243158	0.00334757325196334	0.8837426586622106	0.6021604736719404	1	1
cytosolic transport	GO:0016482		88	20	12.529415154134256	0.46765318138306106	1.2469908106856926	0.014627223351515726	0.36588877389917035	0.36588877389917035
protein processing	GO:0016485		100	10	14.237971766061653	-0.3533273706867691	0.6545884298137958	0.9128229087346913	1	1
peptide hormone processing	GO:0016486		24	3	3.417113223854797	-0.13018381937255943	0.7923752068513801	0.6845655071489992	1	1
negative regulation of angiogenesis	GO:0016525		78	7	11.105617977528091	-0.4615409553270019	0.594642547355764	0.9352931507823122	1	1
protein autoprocessing	GO:0016540		13	3	1.850936329588015	0.4829206535138495	1.2599567155187015	0.27924366917682547	1	1
base conversion or substitution editing	GO:0016553		8	1	1.1390377412849322	-0.13018381937255932	0.7923752068513801	0.7074204375900333	1	1
mRNA modification	GO:0016556		14	0	1.9933160472486315	-Inf	0	1	1	1
protein import into peroxisome matrix	GO:0016558		13	2	1.850936329588015	0.0774555454056851	0.937189140297217	0.571260373303752	1	1
peroxisome fission	GO:0016559		10	2	1.4237971766061652	0.33981980987317634	1.1407076173540833	0.4274187999219954	1	1
protein import into peroxisome matrix, receptor recycling	GO:0016562		7	2	0.9966580236243158	0.6964947538119086	1.446630636471521	0.2621772575015677	1	1
protein deubiquitination	GO:0016579		77	15	10.963238259867472	0.31350250155580295	1.1193638730284945	0.10605809935136883	0.8774496169939333	0.8774496169939333
Rac protein signal transduction	GO:0016601		13	1	1.850936329588015	-0.6156916351542602	0.5169348319376487	0.8643214016762081	1	1
protein sumoylation	GO:0016925		33	6	4.698530682800346	0.24450963006885137	1.0643462602905969	0.32667901810406075	1	1
protein desumoylation	GO:0016926		6	2	0.8542783059636992	0.8506454336391669	1.586566709705886	0.205738078528463	1	1
poly(A)+ mRNA export from nucleus	GO:0016973		7	2	0.9966580236243158	0.6964947538119086	1.446630636471521	0.2621772575015677	1	1
cytochrome complex assembly	GO:0017004		35	2	4.9832901181215785	-0.9129431586221918	0.39128037235821883	0.9686032938647946	1	1
regulation of transforming growth factor beta receptor signaling pathway	GO:0017015		77	9	10.963238259867472	-0.19732312221018777	0.7489249296362418	0.7856592937508209	1	1
protein import	GO:0017038		5	1	0.7118985883030826	0.33981980987317634	1.1407076173540833	0.45905234424234465	1	1
respiratory chain complex III assembly	GO:0017062		10	0	1.4237971766061652	-Inf	0	1	1	1
plasma membrane phospholipid scrambling	GO:0017121		10	1	1.4237971766061652	-0.35332737068676895	0.6545884298137958	0.7848390715887252	1	1
negative regulation of translation	GO:0017148		84	14	11.959896283491789	0.1574982530792216	0.9970009612255251	0.28901459014080993	1	1
calcium-ion regulated exocytosis	GO:0017156		7	1	0.9966580236243158	0.00334757325196334	0.8837426586622106	0.6588243430336695	1	1
regulation of exocytosis	GO:0017157		79	20	11.247997695188706	0.575542143394246	1.339752639644795	0.005492088120651458	0.2438487125569247	0.24384871255692472
regulation of calcium ion-dependent exocytosis	GO:0017158		7	1	0.9966580236243158	0.00334757325196334	0.8837426586622106	0.6588243430336695	1	1
peptidyl-lysine hydroxylation	GO:0017185		6	1	0.8542783059636992	0.1574982530792216	0.9970009612255251	0.6021604736719404	1	1
peptidyl-lysine methylation	GO:0018022		18	1	2.562834917891098	-0.9411140355888882	0.38091433799658575	0.9266415165604416	1	1
peptidyl-lysine trimethylation	GO:0018023		7	1	0.9966580236243158	0.00334757325196334	0.8837426586622106	0.6588243430336695	1	1
peptidyl-lysine monomethylation	GO:0018026		6	0	0.8542783059636992	-Inf	0	1	1	1
peptidyl-serine phosphorylation	GO:0018105		48	10	6.834226447709594	0.38064180439343137	1.1741885603508528	0.12265464597460468	0.9280301749694909	0.928030174969491
peptidyl-threonine phosphorylation	GO:0018107		22	4	3.132353788533564	0.24450963006885137	1.0643462602905969	0.34987809677918136	1	1
peptidyl-tyrosine phosphorylation	GO:0018108		52	4	7.40374531835206	-0.6156916351542602	0.5169348319376487	0.9501737846650267	1	1
protein hydroxylation	GO:0018126		14	1	1.9933160472486315	-0.689799607307982	0.48271091085741513	0.8643214016762081	1	1
keratan sulfate biosynthetic process	GO:0018146		16	3	2.2780754825698644	0.2752812887356051	1.0887138899917574	0.4035880108068125	1	1
peptide cross-linking	GO:0018149		21	2	2.989974070872947	-0.4021175348562011	0.6270041687017212	0.8218971635582669	1	1
protein oxidation	GO:0018158		6	0	0.8542783059636992	-Inf	0	1	1	1
peptidyl-arginine modification	GO:0018195		5	0	0.7118985883030826	-Inf	0	1	1	1
peptidyl-cysteine modification	GO:0018198		16	7	2.2780754825698644	1.1225791491228088	1.841210299143312	0.004129104614888757	0.19642740525113656	0.19642740525113658
peptidyl-glutamic acid modification	GO:0018200		12	1	1.7085566119273985	-0.5356489274807237	0.5561697644022129	0.8417782456475578	1	1
peptidyl-histidine modification	GO:0018202		5	0	0.7118985883030826	-Inf	0	1	1	1
peptidyl-lysine modification	GO:0018205		87	13	12.387035436473639	0.04829896111422955	0.9159350746645523	0.4540311586050144	1	1
peptidyl-proline modification	GO:0018208		8	0	1.1390377412849322	-Inf	0	1	1	1
peptidyl-serine modification	GO:0018209		60	12	8.542783059636992	0.33981980987317617	1.1407076173540833	0.10319657140295126	0.8551031608630237	0.8551031608630238
peptidyl-threonine modification	GO:0018210		31	6	4.413771247479112	0.3070299870501854	1.1141442048502774	0.1997364684615226	1	1
peptidyl-tyrosine modification	GO:0018212		53	4	7.546125036012676	-0.6347398301249546	0.5079472484677297	0.9550575368585563	1	1
peptidyl-arginine methylation	GO:0018216		5	0	0.7118985883030826	-Inf	0	1	1	1
peptidyl-L-cysteine S-palmitoylation	GO:0018230		12	5	1.7085566119273985	1.0737889849533766	1.7949266490414921	0.019322146184124093	0.4134473689518601	0.41344736895186013
peptidyl-S-diacylglycerol-L-cysteine biosynthetic process from peptidyl-cysteine	GO:0018231		12	5	1.7085566119273985	1.0737889849533766	1.7949266490414921	0.019322146184124093	0.4134473689518601	0.41344736895186013
protein O-linked glycosylation via serine	GO:0018242		10	2	1.4237971766061652	0.33981980987317634	1.1407076173540833	0.3186516811391211	1	1
protein O-linked glycosylation via threonine	GO:0018243		9	2	1.281417458945549	0.4451803255310024	1.2280073011830346	0.2621772575015677	1	1
protein N-linked glycosylation via asparagine	GO:0018279		40	2	5.695188706424661	-1.0464745512467142	0.3443290775615407	0.9836815502812034	1	1
protein prenylation	GO:0018342		8	0	1.1390377412849322	-Inf	0	1	1	1
protein palmitoylation	GO:0018345		24	8	3.417113223854797	0.8506454336391669	1.586566709705886	0.01469598303573995	0.36588877389917035	0.36588877389917035
internal peptidyl-lysine acetylation	GO:0018393		7	2	0.9966580236243158	0.6964947538119086	1.446630636471521	0.2621772575015677	1	1
peptidyl-lysine acetylation	GO:0018394		12	4	1.7085566119273985	0.8506454336391669	1.586566709705886	0.07882500601757823	0.7437657096191486	0.7437657096191486
C-terminal protein amino acid modification	GO:0018410		6	1	0.8542783059636992	0.1574982530792216	0.9970009612255251	0.6021604736719404	1	1
ether metabolic process	GO:0018904		16	3	2.2780754825698644	0.2752812887356051	1.0887138899917574	0.4035880108068125	1	1
phenol-containing compound metabolic process	GO:0018958		40	3	5.695188706424661	-0.6410094431385499	0.5050180918908812	0.9303809421434717	1	1
viral life cycle	GO:0019058		103	23	14.665110919043503	0.45002295000679055	1.2320876608271167	0.013791929917125162	0.35204682616971095	0.35204682616971095
virion attachment to host cell	GO:0019062		9	2	1.281417458945549	0.4451803255310024	1.2280073011830346	0.37400758293388436	1	1
receptor-mediated endocytosis of virus by host cell	GO:0019065		7	2	0.9966580236243158	0.6964947538119086	1.446630636471521	0.2621772575015677	1	1
virion assembly	GO:0019068		34	9	4.840910400460962	0.6201217750273346	1.3788129973899197	0.030572805899187896	0.4921205735071695	0.49212057350716953
viral release from host cell	GO:0019076		28	10	3.986632094497263	0.9196383051261183	1.6503400064058957	0.0020110201722361083	0.12458971485667425	0.12458971485667425
viral genome replication	GO:0019079		12	2	1.7085566119273985	0.1574982530792216	0.9970009612255251	0.5263347265149944	1	1
viral gene expression	GO:0019080		53	9	7.546125036012676	0.17619038609137416	1.0112689653848	0.3179227097493778	1	1
viral translation	GO:0019081		17	2	2.420455200230481	-0.19080844118899426	0.7530665813565736	0.7193796243190151	1	1
viral protein processing	GO:0019082		31	6	4.413771247479112	0.3070299870501854	1.1141442048502774	0.24848356766732096	1	1
viral transcription	GO:0019083		6	2	0.8542783059636992	0.8506454336391669	1.586566709705886	0.205738078528463	1	1
reproductive behavior	GO:0019098		5	0	0.7118985883030826	-Inf	0	1	1	1
nonribosomal peptide biosynthetic process	GO:0019184		6	0	0.8542783059636992	-Inf	0	1	1	1
regulation of lipid metabolic process	GO:0019216		167	17	23.777412849322964	-0.3355227460532625	0.6648826582599457	0.9359140712784291	1	1
regulation of fatty acid metabolic process	GO:0019217		48	3	6.834226447709594	-0.8233309999325048	0.42596776967834077	0.9684129790584518	1	1
regulation of steroid metabolic process	GO:0019218		59	5	8.400403341976375	-0.5188418091643425	0.5647127534265394	0.9160199432045234	1	1
transmission of nerve impulse	GO:0019226		8	0	1.1390377412849322	-Inf	0	1	1	1
neuronal action potential	GO:0019228		8	0	1.1390377412849322	-Inf	0	1	1	1
regulation of vasoconstriction	GO:0019229		17	4	2.420455200230481	0.5023387393709511	1.276526421804185	0.21527346042877812	1	1
sensory perception of pain	GO:0019233		8	1	1.1390377412849322	-0.13018381937255932	0.7923752068513801	0.7074204375900333	1	1
hexose metabolic process	GO:0019318		65	6	9.254681647940075	-0.43337007836030544	0.6098156225340182	0.9161741827814862	1	1
hexose biosynthetic process	GO:0019319		23	3	3.2747335061941802	-0.08762420495376344	0.8207899149785506	0.6555311086933588	1	1
hexose catabolic process	GO:0019320		22	2	3.132353788533564	-0.44863755049109394	0.6015547714450307	0.8416248990801791	1	1
phenol-containing compound catabolic process	GO:0019336		10	0	1.4237971766061652	-Inf	0	1	1	1
dolichol metabolic process	GO:0019348		8	0	1.1390377412849322	-Inf	0	1	1	1
pyridine nucleotide metabolic process	GO:0019362		67	8	9.539441083261307	-0.1759933554038535	0.76254491429362	0.7406633020493523	1	1
pyridine nucleotide catabolic process	GO:0019364		25	5	3.5594929415154133	0.33981980987317617	1.1407076173540833	0.2786367734697256	1	1
fatty acid elongation, saturated fatty acid	GO:0019367		6	0	0.8542783059636992	-Inf	0	1	1	1
fatty acid elongation, unsaturated fatty acid	GO:0019368		5	1	0.7118985883030826	0.33981980987317634	1.1407076173540833	0.5360900744813608	1	1
arachidonic acid metabolic process	GO:0019369		34	3	4.840910400460962	-0.47849051364077516	0.5856593654496636	0.8679317675061252	1	1
leukotriene biosynthetic process	GO:0019370		10	3	1.4237971766061652	0.7452849179813407	1.4905061619474906	0.16036271498144075	0.9728178948861119	0.9728178948861118
lipoxygenase pathway	GO:0019372		9	2	1.281417458945549	0.4451803255310024	1.2280073011830346	0.37400758293388436	1	1
epoxygenase P450 pathway	GO:0019373		9	0	1.281417458945549	-Inf	0	1	1	1
galactolipid metabolic process	GO:0019374		6	1	0.8542783059636992	0.1574982530792216	0.9970009612255251	0.6021604736719404	1	1
glycolipid catabolic process	GO:0019377		18	3	2.562834917891098	0.1574982530792214	0.9970009612255248	0.44394112874496316	1	1
galactose catabolic process	GO:0019388		5	1	0.7118985883030826	0.33981980987317634	1.1407076173540833	0.5360900744813608	1	1
fatty acid oxidation	GO:0019395		53	5	7.546125036012676	-0.4115962788107449	0.6217513724522455	0.8581810847199003	1	1
alditol metabolic process	GO:0019400		6	1	0.8542783059636992	0.1574982530792216	0.9970009612255251	0.6021604736719404	1	1
removal of superoxide radicals	GO:0019430		10	0	1.4237971766061652	-Inf	0	1	1	1
triglyceride biosynthetic process	GO:0019432		14	3	1.9933160472486315	0.40881268136012766	1.1975499993590397	0.32081841502444297	1	1
triglyceride catabolic process	GO:0019433		10	0	1.4237971766061652	-Inf	0	1	1	1
4-hydroxyproline metabolic process	GO:0019471		6	0	0.8542783059636992	-Inf	0	1	1	1
taurine metabolic process	GO:0019530		5	0	0.7118985883030826	-Inf	0	1	1	1
catechol-containing compound catabolic process	GO:0019614		7	0	0.9966580236243158	-Inf	0	1	1	1
urea metabolic process	GO:0019627		7	0	0.9966580236243158	-Inf	0	1	1	1
aerobic electron transport chain	GO:0019646		17	0	2.420455200230481	-Inf	0	1	1	1
GDP-mannose metabolic process	GO:0019673		8	0	1.1390377412849322	-Inf	0	1	1	1
NAD metabolic process	GO:0019674		23	0	3.2747335061941802	-Inf	0	1	1	1
deoxyribose phosphate metabolic process	GO:0019692		27	4	3.8442523768366463	0.03971521742283816	0.9097334253818503	0.5176038125225733	1	1
ribose phosphate metabolic process	GO:0019693		136	20	19.36364160184385	0.03233511012521561	0.9044217771948145	0.44695083161217253	1	1
alkanesulfonate metabolic process	GO:0019694		5	0	0.7118985883030826	-Inf	0	1	1	1
choline metabolic process	GO:0019695		5	0	0.7118985883030826	-Inf	0	1	1	1
calcium-mediated signaling	GO:0019722		77	12	10.963238259867472	0.09035895024159309	0.9466874249324025	0.378992501420084	1	1
B cell mediated immunity	GO:0019724		17	5	2.420455200230481	0.7254822906851609	1.472648991688023	0.08244908285395423	0.7639803712102056	0.7639803712102055
antimicrobial humoral response	GO:0019730		120	14	17.085566119273984	-0.19917669085951087	0.7477494783349741	0.7406366131995692	1	1
antibacterial humoral response	GO:0019731		42	10	5.979948141745894	0.5141731970179539	1.286667453230158	0.05780763147093278	0.6444853879168564	0.6444853879168564
antifungal humoral response	GO:0019732		13	3	1.850936329588015	0.4829206535138495	1.2599567155187015	0.27924366917682547	1	1
secondary metabolic process	GO:0019748		32	1	4.556150965139729	-1.5164781804924499	0.21775845175340564	0.9900678814032076	1	1
polyol metabolic process	GO:0019751		55	7	7.83088447133391	-0.11216531386988104	0.8043233293179455	0.683933736080663	1	1
one-carbon compound transport	GO:0019755		8	1	1.1390377412849322	-0.13018381937255932	0.7923752068513801	0.7074204375900333	1	1
stem cell population maintenance	GO:0019827		14	1	1.9933160472486315	-0.689799607307982	0.48271091085741513	0.8836537633679444	1	1
cytolysis	GO:0019835		7	2	0.9966580236243158	0.6964947538119086	1.446630636471521	0.2621772575015677	1	1
L-ascorbic acid metabolic process	GO:0019852		7	3	0.9966580236243158	1.101959861920073	1.8216227766169788	0.06464013109570181	0.6615082771291728	0.6615082771291728
antigen processing and presentation	GO:0019882		59	10	8.400403341976375	0.17430537139560282	1.0098250665967625	0.3078427847331842	1	1
antigen processing and presentation of endogenous antigen	GO:0019883		15	1	2.135695764909248	-0.7587924787949335	0.4526182666060272	0.900232481476347	1	1
antigen processing and presentation of exogenous antigen	GO:0019884		24	2	3.417113223854797	-0.5356489274807237	0.5561697644022129	0.8593481172122572	1	1
antigen processing and presentation of endogenous peptide antigen via MHC class I	GO:0019885		9	1	1.281417458945549	-0.24796685502894292	0.7172787766977757	0.7490970444220519	1	1
antigen processing and presentation of exogenous peptide antigen via MHC class II	GO:0019886		17	2	2.420455200230481	-0.19080844118899426	0.7530665813565736	0.68697509542795	1	1
axonal transport of mitochondrion	GO:0019896		6	1	0.8542783059636992	0.1574982530792216	0.9970009612255251	0.6021604736719404	1	1
lipid storage	GO:0019915		22	8	3.132353788533564	0.9376568106287967	1.667097955851661	0.00829684081242988	0.27978207499130636	0.27978207499130636
cGMP-mediated signaling	GO:0019934		15	2	2.135695764909248	-0.06564529823498817	0.835725121529455	0.6515517098503079	1	1
translesion synthesis	GO:0019985		24	4	3.417113223854797	0.1574982530792216	0.9970009612255251	0.45229031950387566	1	1
diencephalon development	GO:0021536		5	0	0.7118985883030826	-Inf	0	1	1	1
telencephalon development	GO:0021537		29	3	4.12901181215788	-0.3194258190110878	0.6742945458589694	0.7823610355367351	1	1
pallium development	GO:0021543		18	2	2.562834917891098	-0.24796685502894292	0.7172787766977757	0.7193796243190151	1	1
cranial nerve development	GO:0021545		8	1	1.1390377412849322	-0.13018381937255932	0.7923752068513801	0.7074204375900333	1	1
nerve development	GO:0021675		9	1	1.281417458945549	-0.24796685502894292	0.7172787766977757	0.7490970444220519	1	1
developmental maturation	GO:0021700		41	4	5.837568424085278	-0.37801998327714065	0.6405136533857336	0.8406965161867658	1	1
olfactory bulb development	GO:0021772		7	1	0.9966580236243158	0.00334757325196334	0.8837426586622106	0.6588243430336695	1	1
glial cell development	GO:0021782		14	1	1.9933160472486315	-0.689799607307982	0.48271091085741513	0.8836537633679444	1	1
cerebral cortex cell migration	GO:0021795		6	1	0.8542783059636992	0.1574982530792216	0.9970009612255251	0.6021604736719404	1	1
forebrain generation of neurons	GO:0021872		8	1	1.1390377412849322	-0.13018381937255932	0.7923752068513801	0.7074204375900333	1	1
forebrain neuron differentiation	GO:0021879		8	1	1.1390377412849322	-0.13018381937255932	0.7923752068513801	0.7074204375900333	1	1
forebrain neuron development	GO:0021884		6	1	0.8542783059636992	0.1574982530792216	0.9970009612255251	0.6021604736719404	1	1
forebrain cell migration	GO:0021885		9	2	1.281417458945549	0.4451803255310024	1.2280073011830346	0.37400758293388436	1	1
neural tube development	GO:0021915		9	1	1.281417458945549	-0.24796685502894292	0.7172787766977757	0.7490970444220519	1	1
central nervous system neuron differentiation	GO:0021953		24	3	3.417113223854797	-0.13018381937255943	0.7923752068513801	0.6845655071489992	1	1
central nervous system neuron development	GO:0021954		12	3	1.7085566119273985	0.5629633611873859	1.3288054702420247	0.23822794909023526	1	1
cerebral cortex development	GO:0021987		18	2	2.562834917891098	-0.24796685502894292	0.7172787766977757	0.7193796243190151	1	1
olfactory lobe development	GO:0021988		7	1	0.9966580236243158	0.00334757325196334	0.8837426586622106	0.6588243430336695	1	1
tangential migration from the subventricular zone to the olfactory bulb	GO:0022028		5	1	0.7118985883030826	0.33981980987317634	1.1407076173540833	0.5360900744813608	1	1
telencephalon cell migration	GO:0022029		9	2	1.281417458945549	0.4451803255310024	1.2280073011830346	0.37400758293388436	1	1
regulation of rhodopsin mediated signaling pathway	GO:0022400		9	0	1.281417458945549	-Inf	0	1	1	1
negative adaptation of signaling pathway	GO:0022401		8	2	1.1390377412849322	0.562963361187386	1.3288054702420249	0.3186516811391211	1	1
molting cycle process	GO:0022404		11	0	1.566176894266782	-Inf	0	1	1	1
hair cycle process	GO:0022405		11	0	1.566176894266782	-Inf	0	1	1	1
membrane docking	GO:0022406		29	8	4.12901181215788	0.6614034340006384	1.4153344760360165	0.04492380079609755	0.5592383426205788	0.5592383426205788
negative regulation of cell-cell adhesion	GO:0022408		100	13	14.237971766061653	-0.09096310621927801	0.8185365366177801	0.6817028971186209	1	1
positive regulation of cell-cell adhesion	GO:0022409		172	33	24.489311437626043	0.2982708069603038	1.107099369234517	0.03765454198226444	0.5440719826127625	0.5440719826127625
cellular process involved in reproduction in multicellular organism	GO:0022412		58	2	8.25802362431576	-1.4180381076791975	0.23988148264249265	0.9971722380007559	1	1
digestive system process	GO:0022600		28	2	3.986632094497263	-0.689799607307982	0.48271091085741513	0.9134826756976153	1	1
regulation of cell morphogenesis	GO:0022604		112	15	15.946528377989052	-0.061190947885607964	0.8387734506283638	0.5985992842613987	1	1
gland morphogenesis	GO:0022612		5	1	0.7118985883030826	0.33981980987317634	1.1407076173540833	0.5360900744813608	1	1
DNA strand elongation	GO:0022616		8	1	1.1390377412849322	-0.13018381937255932	0.7923752068513801	0.7074204375900333	1	1
extracellular matrix disassembly	GO:0022617		43	10	6.122327859406511	0.4906426996077599	1.2665355544402095	0.07617726528640374	0.7419972019121739	0.741997201912174
protein-RNA complex assembly	GO:0022618		115	15	16.373667530970902	-0.08762420495376344	0.8207899149785506	0.6279960832002891	1	1
regulation of transmembrane transporter activity	GO:0022898		70	7	9.966580236243157	-0.3533273706867691	0.6545884298137958	0.8585413733633884	1	1
electron transport chain	GO:0022900		30	1	4.271391529818496	-1.4519396593548788	0.23202817802607137	0.988415759891752	1	1
respiratory electron transport chain	GO:0022904		25	1	3.5594929415154133	-1.2696181025609241	0.2773686994511519	0.9750003866525561	1	1
signal transduction involved in regulation of gene expression	GO:0023019		8	0	1.1390377412849322	-Inf	0	1	1	1
CD40 signaling pathway	GO:0023035		7	1	0.9966580236243158	0.00334757325196334	0.8837426586622106	0.6588243430336695	1	1
adaptation of signaling pathway	GO:0023058		8	2	1.1390377412849322	0.562963361187386	1.3288054702420249	0.3186516811391211	1	1
signal release	GO:0023061		46	6	6.5494670123883605	-0.08762420495376344	0.8207899149785506	0.6556430970727063	1	1
intracellular potassium ion homeostasis	GO:0030007		10	2	1.4237971766061652	0.33981980987317634	1.1407076173540833	0.4274187999219954	1	1
establishment of cell polarity	GO:0030010		58	7	8.25802362431576	-0.1652751391838295	0.769453807001425	0.7373800932615584	1	1
maintenance of cell polarity	GO:0030011		8	1	1.1390377412849322	-0.13018381937255932	0.7923752068513801	0.7074204375900333	1	1
lamellipodium assembly	GO:0030032		15	1	2.135695764909248	-0.7587924787949335	0.4526182666060272	0.900232481476347	1	1
microvillus assembly	GO:0030033		14	4	1.9933160472486315	0.6964947538119086	1.446630636471521	0.12680293440222737	0.9280301749694909	0.928030174969491
contractile actin filament bundle assembly	GO:0030038		15	4	2.135695764909248	0.6275018823249572	1.3853179128298705	0.15441554072110325	0.9672449295933598	0.96724492959336
actin filament polymerization	GO:0030041		12	2	1.7085566119273985	0.1574982530792216	0.9970009612255251	0.4783169302775343	1	1
actin filament depolymerization	GO:0030042		8	1	1.1390377412849322	-0.13018381937255932	0.7923752068513801	0.7074204375900333	1	1
parallel actin filament bundle assembly	GO:0030046		5	0	0.7118985883030826	-Inf	0	1	1	1
actin filament-based movement	GO:0030048		48	2	6.834226447709594	-1.228796108040669	0.2886208400712263	0.9935999934550672	1	1
muscle filament sliding	GO:0030049		7	0	0.9966580236243158	-Inf	0	1	1	1
insulin processing	GO:0030070		6	0	0.8542783059636992	-Inf	0	1	1	1
regulation of mitotic metaphase/anaphase transition	GO:0030071		48	9	6.834226447709594	0.2752812887356051	1.0887138899917574	0.23727877586854632	1	1
peptide hormone secretion	GO:0030072		17	1	2.420455200230481	-0.8839556217489396	0.4022127055642241	0.9266415165604416	1	1
insulin secretion	GO:0030073		9	0	1.281417458945549	-Inf	0	1	1	1
protein repair	GO:0030091		7	2	0.9966580236243158	0.6964947538119086	1.446630636471521	0.2621772575015677	1	1
hemopoiesis	GO:0030097		178	23	25.343589743589742	-0.09703161205565886	0.8144514856007703	0.7247505018893949	1	1
lymphocyte differentiation	GO:0030098		56	2	7.973264188994526	-1.3829467878679274	0.248279647512412	0.998128150840918	1	1
myeloid cell differentiation	GO:0030099		96	16	13.668452895419188	0.1574982530792216	0.9970009612255251	0.28746459802881774	1	1
regulation of endocytosis	GO:0030100		161	27	22.923134543359264	0.16369022332714248	1.0017150529495942	0.18754502721647467	1	1
natural killer cell activation	GO:0030101		25	4	3.5594929415154133	0.11667625855896654	0.966232617868278	0.48536718541514257	1	1
sphingolipid biosynthetic process	GO:0030148		79	14	11.247997695188706	0.21886719945551367	1.044256532475598	0.2138068735258279	1	1
sphingolipid catabolic process	GO:0030149		35	5	4.9832901181215785	0.00334757325196334	0.8837426586622106	0.5430423702560214	1	1
protein import into mitochondrial matrix	GO:0030150		10	1	1.4237971766061652	-0.35332737068676895	0.6545884298137958	0.7848390715887252	1	1
proteoglycan biosynthetic process	GO:0030166		48	9	6.834226447709594	0.2752812887356051	1.0887138899917574	0.23727877586854632	1	1
proteoglycan catabolic process	GO:0030167		9	2	1.281417458945549	0.4451803255310024	1.2280073011830346	0.37400758293388436	1	1
platelet activation	GO:0030168		49	10	6.97660616537021	0.3600225171906956	1.157221340941653	0.1506349835693813	0.9672449295933598	0.96724492959336
regulation of DNA-templated DNA replication initiation	GO:0030174		7	2	0.9966580236243158	0.6964947538119086	1.446630636471521	0.205738078528463	1	1
positive regulation of Wnt signaling pathway	GO:0030177		91	17	12.956554307116106	0.2716115598466426	1.0857932510645771	0.11478231467632007	0.9280301749694909	0.928030174969491
negative regulation of Wnt signaling pathway	GO:0030178		106	11	15.092250072025353	-0.3162860990064201	0.6761419622888041	0.8420251124409837	1	1
neuron differentiation	GO:0030182		199	20	28.333563814462693	-0.34831482886322496	0.6574742273891465	0.9670853542016722	1	1
B cell differentiation	GO:0030183		18	1	2.562834917891098	-0.9411140355888882	0.38091433799658575	0.9370965178627342	1	1
regulation of blood coagulation	GO:0030193		46	6	6.5494670123883605	-0.08762420495376344	0.8207899149785506	0.6556430970727063	1	1
positive regulation of blood coagulation	GO:0030194		14	4	1.9933160472486315	0.6964947538119086	1.446630636471521	0.12680293440222737	0.9280301749694909	0.928030174969491
negative regulation of blood coagulation	GO:0030195		33	2	4.698530682800346	-0.8541026585992584	0.41375792926214233	0.9593734932548861	1	1
extracellular matrix organization	GO:0030198		83	12	11.817516565831172	0.015323764298678997	0.8922505279489853	0.5249176395553017	1	1
collagen fibril organization	GO:0030199		20	0	2.8475943532123305	-Inf	0	1	1	1
heparan sulfate proteoglycan catabolic process	GO:0030200		7	2	0.9966580236243158	0.6964947538119086	1.446630636471521	0.2621772575015677	1	1
heparan sulfate proteoglycan metabolic process	GO:0030201		23	3	3.2747335061941802	-0.08762420495376344	0.8207899149785506	0.6555311086933588	1	1
glycosaminoglycan metabolic process	GO:0030203		46	8	6.5494670123883605	0.2000578674980176	1.029647840225027	0.3287795600272785	1	1
hyaluronan metabolic process	GO:0030212		13	2	1.850936329588015	0.0774555454056851	0.937189140297217	0.571260373303752	1	1
hyaluronan biosynthetic process	GO:0030213		6	0	0.8542783059636992	-Inf	0	1	1	1
hyaluronan catabolic process	GO:0030214		7	2	0.9966580236243158	0.6964947538119086	1.446630636471521	0.2621772575015677	1	1
keratinocyte differentiation	GO:0030216		36	5	5.125669835782196	-0.02482330371473313	0.8639302334095803	0.5430423702560214	1	1
T cell differentiation	GO:0030217		36	1	5.125669835782196	-1.6342612161488335	0.19387953543937952	0.9960554234413908	1	1
erythrocyte differentiation	GO:0030218		24	0	3.417113223854797	-Inf	0	1	1	1
megakaryocyte differentiation	GO:0030219		5	0	0.7118985883030826	-Inf	0	1	1	1
platelet formation	GO:0030220		9	4	1.281417458945549	1.1383275060909477	1.856196779724982	0.028449910051810343	0.47523939698389417	0.47523939698389417
monocyte differentiation	GO:0030224		7	1	0.9966580236243158	0.00334757325196334	0.8837426586622106	0.6588243430336695	1	1
macrophage differentiation	GO:0030225		18	2	2.562834917891098	-0.24796685502894292	0.7172787766977757	0.7489064944214678	1	1
myofibril assembly	GO:0030239		15	0	2.135695764909248	-Inf	0	1	1	1
autophagy of peroxisome	GO:0030242		6	2	0.8542783059636992	0.8506454336391669	1.586566709705886	0.205738078528463	1	1
lipid modification	GO:0030258		97	11	13.810832613079805	-0.2275579833977358	0.7299142945614854	0.7892951456130295	1	1
chromosome condensation	GO:0030261		17	1	2.420455200230481	-0.8839556217489396	0.4022127055642241	0.9144496405462401	1	1
apoptotic nuclear changes	GO:0030262		11	1	1.566176894266782	-0.44863755049109394	0.6015547714450307	0.8154912857198441	1	1
maintenance of gastrointestinal epithelium	GO:0030277		8	1	1.1390377412849322	-0.13018381937255932	0.7923752068513801	0.6588243430336695	1	1
regulation of ossification	GO:0030278		51	7	7.261365600691443	-0.03665776136173583	0.855691604083227	0.6027226314307983	1	1
negative regulation of ossification	GO:0030279		18	4	2.562834917891098	0.4451803255310024	1.2280073011830346	0.24782345497280558	1	1
bone mineralization	GO:0030282		7	1	0.9966580236243158	0.00334757325196334	0.8837426586622106	0.6588243430336695	1	1
intestinal cholesterol absorption	GO:0030299		7	1	0.9966580236243158	0.00334757325196334	0.8837426586622106	0.6588243430336695	1	1
cholesterol transport	GO:0030301		47	8	6.691846730048978	0.1785516622770539	1.0130792604574355	0.35143408291191264	1	1
positive regulation of cell growth	GO:0030307		83	14	11.817516565831172	0.16947444412593726	1.0061297765655792	0.2733188344426584	1	1
negative regulation of cell growth	GO:0030308		88	12	12.529415154134256	-0.043172442382929624	0.8511778531306146	0.5772505669053044	1	1
poly-N-acetyllactosamine metabolic process	GO:0030309		5	2	0.7118985883030826	1.0329669904331216	1.756382046950204	0.15090142328628167	0.9672449295933598	0.96724492959336
poly-N-acetyllactosamine biosynthetic process	GO:0030311		5	2	0.7118985883030826	1.0329669904331216	1.756382046950204	0.15090142328628167	0.9672449295933598	0.96724492959336
osteoclast differentiation	GO:0030316		14	1	1.9933160472486315	-0.689799607307982	0.48271091085741513	0.8836537633679444	1	1
flagellated sperm motility	GO:0030317		37	0	5.268049553442812	-Inf	0	1	1	1
melanocyte differentiation	GO:0030318		5	0	0.7118985883030826	-Inf	0	1	1	1
transepithelial chloride transport	GO:0030321		7	0	0.9966580236243158	-Inf	0	1	1	1
respiratory tube development	GO:0030323		15	0	2.135695764909248	-Inf	0	1	1	1
lung development	GO:0030324		15	0	2.135695764909248	-Inf	0	1	1	1
embryonic limb morphogenesis	GO:0030326		19	0	2.705214635551714	-Inf	0	1	1	1
DNA damage response, signal transduction by p53 class mediator	GO:0030330		33	1	4.698530682800346	-1.5472498391592038	0.21125758682394433	0.9937404961027188	1	1
negative regulation of cell migration	GO:0030336		193	24	27.479285508498993	-0.13537863624966343	0.7889529434156167	0.7846631244119365	1	1
membrane disassembly	GO:0030397		11	2	1.566176894266782	0.24450963006885137	1.0643462602905969	0.4783169302775343	1	1
siRNA processing	GO:0030422		7	2	0.9966580236243158	0.6964947538119086	1.446630636471521	0.2621772575015677	1	1
regulation of complement activation	GO:0030449		16	5	2.2780754825698644	0.7861069125015957	1.527521157251529	0.06560016576854237	0.6615082771291728	0.6615082771291728
tRNA methylation	GO:0030488		26	0	3.70187265917603	-Inf	0	1	1	1
maturation of SSU-rRNA	GO:0030490		7	2	0.9966580236243158	0.6964947538119086	1.446630636471521	0.2621772575015677	1	1
fatty acid elongation	GO:0030497		13	1	1.850936329588015	-0.6156916351542602	0.5169348319376487	0.8643214016762081	1	1
regulation of bone mineralization	GO:0030500		35	5	4.9832901181215785	0.00334757325196334	0.8837426586622106	0.5701333528864403	1	1
positive regulation of bone mineralization	GO:0030501		21	2	2.989974070872947	-0.4021175348562011	0.6270041687017212	0.8218971635582669	1	1
negative regulation of bone mineralization	GO:0030502		7	2	0.9966580236243158	0.6964947538119086	1.446630636471521	0.2621772575015677	1	1
BMP signaling pathway	GO:0030509		39	4	5.5528089887640455	-0.3280095627024793	0.6692632149861409	0.792507725727305	1	1
regulation of BMP signaling pathway	GO:0030510		44	5	6.264707577067128	-0.22549399917688423	0.7312009952392668	0.7330478486667787	1	1
positive regulation of transforming growth factor beta receptor signaling pathway	GO:0030511		21	4	2.989974070872947	0.29102964570374423	1.1012919593117916	0.34987809677918136	1	1
negative regulation of transforming growth factor beta receptor signaling pathway	GO:0030512		50	5	7.118985883030827	-0.3533273706867691	0.6545884298137958	0.8581810847199003	1	1
positive regulation of BMP signaling pathway	GO:0030513		10	0	1.4237971766061652	-Inf	0	1	1	1
negative regulation of BMP signaling pathway	GO:0030514		30	5	4.271391529818496	0.1574982530792216	0.9970009612255251	0.3979842886881966	1	1
regulation of axon extension	GO:0030516		15	1	2.135695764909248	-0.7587924787949335	0.4526182666060272	0.900232481476347	1	1
negative regulation of axon extension	GO:0030517		5	0	0.7118985883030826	-Inf	0	1	1	1
intracellular steroid hormone receptor signaling pathway	GO:0030518		38	7	5.410429271103428	0.2575817116362042	1.0746636674034795	0.2921574542239069	1	1
intracellular estrogen receptor signaling pathway	GO:0030520		16	1	2.2780754825698644	-0.8233309999325046	0.4259677696783408	0.9144496405462401	1	1
androgen receptor signaling pathway	GO:0030521		12	4	1.7085566119273985	0.8506454336391669	1.586566709705886	0.07882500601757823	0.7437657096191486	0.7437657096191486
intracellular receptor signaling pathway	GO:0030522		113	26	16.08890809564967	0.4799664416164179	1.2574435521485585	0.008068177238197905	0.27978207499130636	0.27978207499130636
adult behavior	GO:0030534		20	2	2.8475943532123305	-0.35332737068676895	0.6545884298137958	0.7999882008278627	1	1
collagen catabolic process	GO:0030574		20	2	2.8475943532123305	-0.35332737068676895	0.6545884298137958	0.7999882008278627	1	1
nuclear body organization	GO:0030575		12	4	1.7085566119273985	0.8506454336391669	1.586566709705886	0.07882500601757823	0.7437657096191486	0.7437657096191486
PML body organization	GO:0030578		5	2	0.7118985883030826	1.0329669904331216	1.756382046950204	0.15090142328628167	0.9672449295933598	0.96724492959336
neutrophil chemotaxis	GO:0030593		26	9	3.70187265917603	0.8883857616220138	1.621372635022161	0.007502241406065083	0.27881483221538467	0.27881483221538467
leukocyte chemotaxis	GO:0030595		81	16	11.532757130509939	0.327397289874619	1.1306088121850422	0.08137705670777491	0.7639803712102056	0.7639803712102055
polyketide metabolic process	GO:0030638		10	0	1.4237971766061652	-Inf	0	1	1	1
regulation of cellular pH	GO:0030641		44	11	6.264707577067128	0.5629633611873859	1.3288054702420247	0.034949080388587524	0.538175434423105	0.538175434423105
intracellular phosphate ion homeostasis	GO:0030643		5	0	0.7118985883030826	-Inf	0	1	1	1
aminoglycoside antibiotic metabolic process	GO:0030647		9	0	1.281417458945549	-Inf	0	1	1	1
regulation of vitamin metabolic process	GO:0030656		9	0	1.281417458945549	-Inf	0	1	1	1
cytoskeleton-dependent intracellular transport	GO:0030705		65	8	9.254681647940075	-0.14568800590852463	0.782191131178084	0.7247430655244718	1	1
regulation of nucleotide biosynthetic process	GO:0030808		10	3	1.4237971766061652	0.7452849179813407	1.4905061619474906	0.16036271498144075	0.9728178948861119	0.9728178948861118
positive regulation of nucleotide biosynthetic process	GO:0030810		5	3	0.7118985883030826	1.438432098541286	2.145368740123665	0.023031526310023847	0.43514883751704636	0.4351488375170463
regulation of actin filament length	GO:0030832		60	13	8.542783059636992	0.41986251754671255	1.2067689829975068	0.07690191715304522	0.7436178123256351	0.743617812325635
regulation of actin filament polymerization	GO:0030833		48	10	6.834226447709594	0.38064180439343137	1.1741885603508528	0.13626536304795683	0.9672449295933598	0.96724492959336
regulation of actin filament depolymerization	GO:0030834		18	6	2.562834917891098	0.8506454336391668	1.5865667097058858	0.03331065151006013	0.5204667191953091	0.5204667191953091
negative regulation of actin filament depolymerization	GO:0030835		7	1	0.9966580236243158	0.00334757325196334	0.8837426586622106	0.6588243430336695	1	1
positive regulation of actin filament depolymerization	GO:0030836		9	3	1.281417458945549	0.8506454336391668	1.5865667097058858	0.12490602485745164	0.9280301749694909	0.928030174969491
negative regulation of actin filament polymerization	GO:0030837		15	3	2.135695764909248	0.33981980987317617	1.1407076173540833	0.362419133600277	1	1
positive regulation of actin filament polymerization	GO:0030838		25	5	3.5594929415154133	0.33981980987317617	1.1407076173540833	0.2786367734697256	1	1
granulocyte differentiation	GO:0030851		10	3	1.4237971766061652	0.7452849179813407	1.4905061619474906	0.16036271498144075	0.9728178948861119	0.9728178948861118
regulation of granulocyte differentiation	GO:0030852		10	3	1.4237971766061652	0.7452849179813407	1.4905061619474906	0.16036271498144075	0.9728178948861119	0.9728178948861118
negative regulation of granulocyte differentiation	GO:0030853		5	1	0.7118985883030826	0.33981980987317634	1.1407076173540833	0.5360900744813608	1	1
positive regulation of granulocyte differentiation	GO:0030854		6	2	0.8542783059636992	0.8506454336391669	1.586566709705886	0.205738078528463	1	1
epithelial cell differentiation	GO:0030855		139	20	19.790780754825697	0.010516062730575966	0.8888290811058179	0.4890219152282823	1	1
regulation of epithelial cell differentiation	GO:0030856		63	5	8.969922212618842	-0.5844390916501557	0.531970403874539	0.9471743856800866	1	1
negative regulation of epithelial cell differentiation	GO:0030857		11	0	1.566176894266782	-Inf	0	1	1	1
positive regulation of epithelial cell differentiation	GO:0030858		30	3	4.271391529818496	-0.3533273706867691	0.6545884298137958	0.802482369576544	1	1
polarized epithelial cell differentiation	GO:0030859		13	3	1.850936329588015	0.4829206535138495	1.2599567155187015	0.27924366917682547	1	1
cortical cytoskeleton organization	GO:0030865		18	3	2.562834917891098	0.1574982530792214	0.9970009612255248	0.4831646634993946	1	1
cortical actin cytoskeleton organization	GO:0030866		12	2	1.7085566119273985	0.1574982530792216	0.9970009612255251	0.5263347265149944	1	1
mammary gland development	GO:0030879		15	1	2.135695764909248	-0.7587924787949335	0.4526182666060272	0.900232481476347	1	1
regulation of B cell proliferation	GO:0030888		26	5	3.70187265917603	0.30059909671989493	1.1089698390635254	0.3080657363242753	1	1
negative regulation of B cell proliferation	GO:0030889		6	1	0.8542783059636992	0.1574982530792216	0.9970009612255251	0.6021604736719404	1	1
positive regulation of B cell proliferation	GO:0030890		19	3	2.705214635551714	0.10343103180894582	0.9563668945957576	0.5210095374998907	1	1
forebrain development	GO:0030900		38	3	5.410429271103428	-0.5897161487509995	0.5294062490389542	0.9134465448667658	1	1
midbrain development	GO:0030901		13	0	1.850936329588015	-Inf	0	1	1	1
hindbrain development	GO:0030902		5	0	0.7118985883030826	-Inf	0	1	1	1
regulation of vascular endothelial growth factor receptor signaling pathway	GO:0030947		16	2	2.2780754825698644	-0.13018381937255932	0.7923752068513801	0.68697509542795	1	1
negative regulation of vascular endothelial growth factor receptor signaling pathway	GO:0030948		5	0	0.7118985883030826	-Inf	0	1	1	1
positive regulation of vascular endothelial growth factor receptor signaling pathway	GO:0030949		11	2	1.566176894266782	0.24450963006885137	1.0643462602905969	0.4783169302775343	1	1
astral microtubule organization	GO:0030953		10	2	1.4237971766061652	0.33981980987317634	1.1407076173540833	0.4274187999219954	1	1
endoplasmic reticulum unfolded protein response	GO:0030968		32	8	4.556150965139729	0.562963361187386	1.3288054702420249	0.053890646016538035	0.6283266241711405	0.6283266241711405
retrograde protein transport, ER to cytosol	GO:0030970		15	5	2.135695764909248	0.8506454336391669	1.586566709705886	0.05086826702531845	0.6117971257582319	0.6117971257582318
pancreas development	GO:0031016		20	0	2.8475943532123305	-Inf	0	1	1	1
endocrine pancreas development	GO:0031018		11	0	1.566176894266782	-Inf	0	1	1	1
microtubule organizing center organization	GO:0031023		79	6	11.247997695188706	-0.62843066093169	0.5109093935657355	0.9739826652299589	1	1
actomyosin structure organization	GO:0031032		42	4	5.979948141745894	-0.4021175348562011	0.6270041687017212	0.8673023370649379	1	1
regulatory ncRNA-mediated gene silencing	GO:0031047		62	11	8.827542494958225	0.2200186100605557	1.045154332657329	0.2449649895874217	1	1
regulatory ncRNA-mediated heterochromatin formation	GO:0031048		5	1	0.7118985883030826	0.33981980987317634	1.1407076173540833	0.45905234424234465	1	1
primary miRNA processing	GO:0031053		11	0	1.566176894266782	-Inf	0	1	1	1
pre-miRNA processing	GO:0031054		13	5	1.850936329588015	0.9937462772798402	1.719515585801776	0.027786284753525677	0.47523939698389417	0.47523939698389417
stress-activated protein kinase signaling cascade	GO:0031098		17	5	2.420455200230481	0.7254822906851609	1.472648991688023	0.08244908285395423	0.7639803712102056	0.7639803712102055
regeneration	GO:0031099		7	0	0.9966580236243158	-Inf	0	1	1	1
microtubule polymerization or depolymerization	GO:0031109		31	5	4.413771247479112	0.12470843025623068	0.9722436343341532	0.42788443289237177	1	1
regulation of microtubule polymerization or depolymerization	GO:0031110		57	6	8.115643906655142	-0.3020340762992186	0.6845755406169421	0.840142420201125	1	1
negative regulation of microtubule polymerization or depolymerization	GO:0031111		22	4	3.132353788533564	0.24450963006885137	1.0643462602905969	0.3843302830382723	1	1
positive regulation of microtubule polymerization or depolymerization	GO:0031112		27	3	3.8442523768366463	-0.24796685502894278	0.7172787766977758	0.7605736117829688	1	1
regulation of microtubule polymerization	GO:0031113		43	3	6.122327859406511	-0.71333010471817615	0.47225841798755264	0.9554591894530547	1	1
regulation of microtubule depolymerization	GO:0031114		15	3	2.135695764909248	0.33981980987317617	1.1407076173540833	0.362419133600277	1	1
negative regulation of microtubule polymerization	GO:0031115		10	1	1.4237971766061652	-0.35332737068676895	0.6545884298137958	0.7848390715887252	1	1
positive regulation of microtubule polymerization	GO:0031116		24	3	3.417113223854797	-0.13018381937255943	0.7923752068513801	0.6845655071489992	1	1
tRNA pseudouridine synthesis	GO:0031119		5	0	0.7118985883030826	-Inf	0	1	1	1
cytoplasmic microtubule organization	GO:0031122		29	8	4.12901181215788	0.6614034340006384	1.4153344760360165	0.04492380079609755	0.5592383426205788	0.5592383426205788
RNA 3'-end processing	GO:0031123		41	5	5.837568424085278	-0.15487643196293088	0.776198057976903	0.6916251508438572	1	1
mRNA 3'-end processing	GO:0031124		20	3	2.8475943532123305	0.05213773742139535	0.9187167652206437	0.5210095374998907	1	1
anaphase-promoting complex-dependent catabolic process	GO:0031145		20	3	2.8475943532123305	0.05213773742139535	0.9187167652206437	0.5572852037304756	1	1
SCF-dependent proteasomal ubiquitin-dependent protein catabolic process	GO:0031146		22	5	3.132353788533564	0.46765318138306106	1.2469908106856926	0.19484325861326873	1	1
metallo-sulfur cluster assembly	GO:0031163		15	0	2.135695764909248	-Inf	0	1	1	1
rRNA methylation	GO:0031167		14	0	1.9933160472486315	-Inf	0	1	1	1
neuron projection development	GO:0031175		128	14	18.224603860558915	-0.2637152119970819	0.7076375058689783	0.8880055078514056	1	1
biomineral tissue development	GO:0031214		16	2	2.2780754825698644	-0.13018381937255932	0.7923752068513801	0.68697509542795	1	1
auditory behavior	GO:0031223		9	0	1.281417458945549	-Inf	0	1	1	1
regulation of pseudopodium assembly	GO:0031272		9	1	1.281417458945549	-0.24796685502894292	0.7172787766977757	0.7490970444220519	1	1
positive regulation of pseudopodium assembly	GO:0031274		9	1	1.281417458945549	-0.24796685502894292	0.7172787766977757	0.7490970444220519	1	1
positive regulation of cyclase activity	GO:0031281		20	3	2.8475943532123305	0.05213773742139535	0.9187167652206437	0.5572852037304756	1	1
membrane protein intracellular domain proteolysis	GO:0031293		11	2	1.566176894266782	0.24450963006885137	1.0643462602905969	0.4274187999219954	1	1
lymphocyte costimulation	GO:0031294		29	6	4.12901181215788	0.37372136154885754	1.1684812808975498	0.22367409404434133	1	1
T cell costimulation	GO:0031295		28	6	3.986632094497263	0.40881268136012766	1.1975499993590397	0.1997364684615226	1	1
replication fork processing	GO:0031297		40	2	5.695188706424661	-1.0464745512467142	0.3443290775615407	0.9813801053849521	1	1
negative regulation of protein-containing complex assembly	GO:0031333		83	11	11.817516565831172	-0.07168761269095075	0.8316016222586327	0.5985644861308711	1	1
positive regulation of protein-containing complex assembly	GO:0031334		135	24	19.22126188418323	0.22203677421679283	1.0467289516318836	0.1454576798190182	0.9672449295933598	0.96724492959336
regulation of vesicle fusion	GO:0031338		8	1	1.1390377412849322	-0.13018381937255932	0.7923752068513801	0.7074204375900333	1	1
positive regulation of vesicle fusion	GO:0031340		6	1	0.8542783059636992	0.1574982530792216	0.9970009612255251	0.6021604736719404	1	1
regulation of cell killing	GO:0031341		67	11	9.539441083261307	0.1424603757146812	0.9856035886804185	0.33564650042084865	1	1
negative regulation of cell killing	GO:0031342		28	6	3.986632094497263	0.40881268136012766	1.1975499993590397	0.1997364684615226	1	1
positive regulation of cell killing	GO:0031343		34	2	4.840910400460962	-0.8839556217489396	0.4022127055642241	0.9593734932548861	1	1
negative regulation of cell projection organization	GO:0031345		59	4	8.400403341976375	-0.7419853604785522	0.45979455443588496	0.9734866393406931	1	1
positive regulation of cell projection organization	GO:0031346		124	16	17.65508498991645	-0.09843512105797897	0.8135086363960995	0.66491682975143	1	1
negative regulation of defense response	GO:0031348		165	38	23.492653414001726	0.4808984081330818	1.2582361593511295	0.001239805522426703	0.09573454816651412	0.09573454816651411
N-terminal protein amino acid modification	GO:0031365		17	2	2.420455200230481	-0.19080844118899426	0.7530665813565736	0.68697509542795	1	1
regulation of protein ubiquitination	GO:0031396		142	30	20.21791990780755	0.39462804636817117	1.1857613288144033	0.014497089924165655	0.36588877389917035	0.36588877389917035
negative regulation of protein ubiquitination	GO:0031397		54	6	7.688504753673293	-0.24796685502894278	0.7172787766977758	0.7999270057359922	1	1
positive regulation of protein ubiquitination	GO:0031398		81	20	11.532757130509939	0.5505408411888288	1.3180273407115353	0.007407926731982031	0.27881483221538467	0.27881483221538467
negative regulation of protein modification process	GO:0031400		161	29	22.923134543359264	0.23514918730928744	1.0569897273848148	0.09360060906199369	0.8109008863126869	0.8109008863126869
keratinization	GO:0031424		7	0	0.9966580236243158	-Inf	0	1	1	1
regulation of mRNA 3'-end processing	GO:0031440		8	1	1.1390377412849322	-0.13018381937255932	0.7923752068513801	0.7074204375900333	1	1
regulation of heterochromatin formation	GO:0031445		7	1	0.9966580236243158	0.00334757325196334	0.8837426586622106	0.6588243430336695	1	1
nuclear membrane reassembly	GO:0031468		21	3	2.989974070872947	0.00334757325196334	0.8837426586622106	0.5210095374998907	1	1
protein-containing complex localization	GO:0031503		47	4	6.691846730048978	-0.5145955182828914	0.5668879915659323	0.9176536310123458	1	1
heterochromatin formation	GO:0031507		44	8	6.264707577067128	0.24450963006885137	1.0643462602905969	0.26272365062499353	1	1
ruffle organization	GO:0031529		12	2	1.7085566119273985	0.1574982530792216	0.9970009612255251	0.5263347265149944	1	1
regulation of termination of DNA-templated transcription	GO:0031554		6	1	0.8542783059636992	0.1574982530792216	0.9970009612255251	0.6021604736719404	1	1
DNA integrity checkpoint signaling	GO:0031570		78	8	11.105617977528091	-0.3280095627024793	0.6692632149861409	0.8651349258566193	1	1
mitotic G1 DNA damage checkpoint signaling	GO:0031571		14	0	1.9933160472486315	-Inf	0	1	1	1
mitotic intra-S DNA damage checkpoint signaling	GO:0031573		6	0	0.8542783059636992	-Inf	0	1	1	1
spindle checkpoint signaling	GO:0031577		21	2	2.989974070872947	-0.4021175348562011	0.6270041687017212	0.8218971635582669	1	1
membrane raft organization	GO:0031579		16	3	2.2780754825698644	0.2752812887356051	1.0887138899917574	0.362419133600277	1	1
hemidesmosome assembly	GO:0031581		5	2	0.7118985883030826	1.0329669904331216	1.756382046950204	0.15090142328628167	0.9672449295933598	0.96724492959336
cell-substrate adhesion	GO:0031589		98	13	13.95321233074042	-0.07076039890175859	0.8322335224262898	0.6525474868947021	1	1
receptor internalization	GO:0031623		40	12	5.695188706424661	0.7452849179813407	1.4905061619474906	0.00790184678388196	0.27881483221538467	0.27881483221538467
zymogen activation	GO:0031638		19	1	2.705214635551714	-0.9951812568591639	0.36171688738970265	0.9460619965707682	1	1
plasminogen activation	GO:0031639		9	0	1.281417458945549	-Inf	0	1	1	1
killing of cells of another organism	GO:0031640		82	6	11.675136848170556	-0.6657020557289216	0.49362088696595224	0.9546113643793585	1	1
regulation of myelination	GO:0031641		5	0	0.7118985883030826	-Inf	0	1	1	1
regulation of nervous system process	GO:0031644		20	2	2.8475943532123305	-0.35332737068676895	0.6545884298137958	0.7757179011181241	1	1
positive regulation of nervous system process	GO:0031646		6	0	0.8542783059636992	-Inf	0	1	1	1
protein destabilization	GO:0031648		38	10	5.410429271103428	0.6142566555749365	1.3736510814004799	0.03037074956085372	0.4921205735071695	0.49212057350716953
lipopolysaccharide-mediated signaling pathway	GO:0031663		10	6	1.4237971766061652	1.438432098541286	2.145368740123665	0.0010377453248007072	0.08252398642594282	0.0825239864259428
regulation of lipopolysaccharide-mediated signaling pathway	GO:0031664		21	3	2.989974070872947	0.00334757325196334	0.8837426586622106	0.4831646634993946	1	1
negative regulation of lipopolysaccharide-mediated signaling pathway	GO:0031665		13	2	1.850936329588015	0.0774555454056851	0.937189140297217	0.4274187999219954	1	1
response to nutrient levels	GO:0031667		162	33	23.065514261019878	0.35816894854137277	1.1557016310155082	0.016842460061939322	0.4078937600455123	0.4078937600455123
cellular response to nutrient levels	GO:0031669		130	30	18.50936329588015	0.4829206535138496	1.2599567155187015	0.003513154335846528	0.1760087364485383	0.17600873644853826
cellular response to nutrient	GO:0031670		18	3	2.562834917891098	0.1574982530792214	0.9970009612255248	0.4831646634993946	1	1
protection from non-homologous end joining at telomere	GO:0031848		5	1	0.7118985883030826	0.33981980987317634	1.1407076173540833	0.45905234424234465	1	1
TOR signaling	GO:0031929		16	1	2.2780754825698644	-0.8233309999325046	0.4259677696783408	0.9144496405462401	1	1
regulation of glucocorticoid metabolic process	GO:0031943		8	0	1.1390377412849322	-Inf	0	1	1	1
regulation of glucocorticoid biosynthetic process	GO:0031946		7	0	0.9966580236243158	-Inf	0	1	1	1
regulation of protein autophosphorylation	GO:0031952		12	1	1.7085566119273985	-0.5356489274807237	0.5561697644022129	0.8417782456475578	1	1
positive regulation of protein autophosphorylation	GO:0031954		8	1	1.1390377412849322	-0.13018381937255932	0.7923752068513801	0.7074204375900333	1	1
response to corticosteroid	GO:0031960		19	3	2.705214635551714	0.10343103180894582	0.9563668945957576	0.5210095374998907	1	1
regulation of fatty acid beta-oxidation	GO:0031998		11	0	1.566176894266782	-Inf	0	1	1	1
positive regulation of fatty acid beta-oxidation	GO:0032000		7	0	0.9966580236243158	-Inf	0	1	1	1
regulation of TOR signaling	GO:0032006		130	29	18.50936329588015	0.4490191018381682	1.2312413551486754	0.008394741939468587	0.2813030506508719	0.2813030506508719
negative regulation of TOR signaling	GO:0032007		55	12	7.83088447133391	0.4268311868628059	1.2125988577002516	0.08328655122985182	0.7690654158624792	0.7690654158624792
positive regulation of TOR signaling	GO:0032008		66	14	9.397061365600692	0.3986603098961096	1.1891072248422259	0.07887155141419275	0.7437657096191486	0.7437657096191486
ISG15-protein conjugation	GO:0032020		6	1	0.8542783059636992	0.1574982530792216	0.9970009612255251	0.6021604736719404	1	1
positive regulation of insulin secretion	GO:0032024		19	1	2.705214635551714	-0.9951812568591639	0.36171688738970265	0.9370965178627342	1	1
mitochondrial DNA metabolic process	GO:0032042		14	4	1.9933160472486315	0.6964947538119086	1.446630636471521	0.12680293440222737	0.9280301749694909	0.928030174969491
cardiolipin metabolic process	GO:0032048		9	2	1.281417458945549	0.4451803255310024	1.2280073011830346	0.37400758293388436	1	1
negative regulation of translation in response to stress	GO:0032055		6	2	0.8542783059636992	0.8506454336391669	1.586566709705886	0.205738078528463	1	1
positive regulation of translation in response to stress	GO:0032056		5	1	0.7118985883030826	0.33981980987317634	1.1407076173540833	0.5360900744813608	1	1
bleb assembly	GO:0032060		7	0	0.9966580236243158	-Inf	0	1	1	1
regulation of endodeoxyribonuclease activity	GO:0032071		7	2	0.9966580236243158	0.6964947538119086	1.446630636471521	0.2621772575015677	1	1
positive regulation of nuclease activity	GO:0032075		5	1	0.7118985883030826	0.33981980987317634	1.1407076173540833	0.5360900744813608	1	1
negative regulation of NF-kappaB transcription factor activity	GO:0032088		46	8	6.5494670123883605	0.2000578674980176	1.029647840225027	0.24162566530337612	1	1
negative regulation of protein binding	GO:0032091		42	4	5.979948141745894	-0.4021175348562011	0.6270041687017212	0.8545161953127323	1	1
positive regulation of protein binding	GO:0032092		23	4	3.2747335061941802	0.2000578674980176	1.029647840225027	0.4185444726443731	1	1
regulation of response to nutrient levels	GO:0032107		9	0	1.281417458945549	-Inf	0	1	1	1
activation of protein kinase activity	GO:0032147		31	3	4.413771247479112	-0.38611719350975987	0.635949320040135	0.8210156820757227	1	1
activation of protein kinase B activity	GO:0032148		7	0	0.9966580236243158	-Inf	0	1	1	1
telomere organization	GO:0032200		69	11	9.824200518582542	0.1130464905083877	0.963523197772324	0.3169084570617098	1	1
telomere maintenance via semi-conservative replication	GO:0032201		5	2	0.7118985883030826	1.0329669904331216	1.756382046950204	0.15090142328628167	0.9672449295933598	0.96724492959336
regulation of telomere maintenance	GO:0032204		79	13	11.247997695188706	0.1447592273017918	0.9873411847925085	0.2812249399890648	1	1
negative regulation of telomere maintenance	GO:0032205		35	4	4.9832901181215785	-0.21979597806224646	0.7347616023625976	0.6871513673515413	1	1
positive regulation of telomere maintenance	GO:0032206		46	6	6.5494670123883605	-0.08762420495376344	0.8207899149785506	0.6556430970727063	1	1
regulation of telomere maintenance via telomerase	GO:0032210		42	8	5.979948141745894	0.29102964570374423	1.1012919593117916	0.20131073804708316	1	1
negative regulation of telomere maintenance via telomerase	GO:0032211		22	3	3.132353788533564	-0.043172442382929624	0.8511778531306146	0.5572852037304756	1	1
positive regulation of telomere maintenance via telomerase	GO:0032212		19	4	2.705214635551714	0.39111310426072676	1.182848131081555	0.2813253354967498	1	1
regulation of actin filament bundle assembly	GO:0032231		66	8	9.397061365600692	-0.16095547803931307	0.7722504597000864	0.7406633020493523	1	1
negative regulation of actin filament bundle assembly	GO:0032232		21	2	2.989974070872947	-0.4021175348562011	0.6270041687017212	0.8218971635582669	1	1
positive regulation of actin filament bundle assembly	GO:0032233		39	5	5.5528089887640455	-0.10486601138826954	0.8091977867554093	0.6693352220627371	1	1
activation of store-operated calcium channel activity	GO:0032237		5	2	0.7118985883030826	1.0329669904331216	1.756382046950204	0.15090142328628167	0.9672449295933598	0.96724492959336
adenosine transport	GO:0032238		5	0	0.7118985883030826	-Inf	0	1	1	1
regulation of nucleobase-containing compound transport	GO:0032239		15	4	2.135695764909248	0.6275018823249572	1.3853179128298705	0.15441554072110325	0.9672449295933598	0.96724492959336
methylation	GO:0032259		96	4	13.668452895419188	-1.228796108040669	0.2886208400712263	0.9994309134898873	1	1
purine nucleotide salvage	GO:0032261		5	1	0.7118985883030826	0.33981980987317634	1.1407076173540833	0.5360900744813608	1	1
regulation of protein polymerization	GO:0032271		95	14	13.52607317775857	0.034438160321994316	0.9059334696112905	0.4890731491206699	1	1
negative regulation of protein polymerization	GO:0032272		25	4	3.5594929415154133	0.11667625855896654	0.966232617868278	0.48536718541514257	1	1
positive regulation of protein polymerization	GO:0032273		53	9	7.546125036012676	0.17619038609137416	1.0112689653848	0.3389652082000187	1	1
regulation of gonadotropin secretion	GO:0032276		5	0	0.7118985883030826	-Inf	0	1	1	1
regulation of icosanoid secretion	GO:0032303		5	1	0.7118985883030826	0.33981980987317634	1.1407076173540833	0.5360900744813608	1	1
icosanoid secretion	GO:0032309		11	1	1.566176894266782	-0.44863755049109394	0.6015547714450307	0.8154912857198441	1	1
molybdopterin cofactor biosynthetic process	GO:0032324		5	0	0.7118985883030826	-Inf	0	1	1	1
alanine transport	GO:0032328		12	5	1.7085566119273985	1.0737889849533766	1.7949266490414921	0.019322146184124093	0.4134473689518601	0.41344736895186013
regulation of chondrocyte differentiation	GO:0032330		13	0	1.850936329588015	-Inf	0	1	1	1
negative regulation of chondrocyte differentiation	GO:0032331		7	0	0.9966580236243158	-Inf	0	1	1	1
positive regulation of chondrocyte differentiation	GO:0032332		7	0	0.9966580236243158	-Inf	0	1	1	1
regulation of aldosterone metabolic process	GO:0032344		7	0	0.9966580236243158	-Inf	0	1	1	1
regulation of aldosterone biosynthetic process	GO:0032347		7	0	0.9966580236243158	-Inf	0	1	1	1
regulation of hormone metabolic process	GO:0032350		21	2	2.989974070872947	-0.4021175348562011	0.6270041687017212	0.7999882008278627	1	1
negative regulation of hormone metabolic process	GO:0032351		7	0	0.9966580236243158	-Inf	0	1	1	1
positive regulation of hormone metabolic process	GO:0032352		8	2	1.1390377412849322	0.562963361187386	1.3288054702420249	0.3186516811391211	1	1
negative regulation of hormone biosynthetic process	GO:0032353		5	0	0.7118985883030826	-Inf	0	1	1	1
response to estradiol	GO:0032355		22	5	3.132353788533564	0.46765318138306106	1.2469908106856926	0.19484325861326873	1	1
intracellular lipid transport	GO:0032365		26	4	3.70187265917603	0.0774555454056851	0.937189140297217	0.5176038125225733	1	1
intracellular sterol transport	GO:0032366		16	4	2.2780754825698644	0.562963361187386	1.3288054702420249	0.18402066570529027	1	1
intracellular cholesterol transport	GO:0032367		16	4	2.2780754825698644	0.562963361187386	1.3288054702420249	0.18402066570529027	1	1
regulation of lipid transport	GO:0032368		77	9	10.963238259867472	-0.19732312221018777	0.7489249296362418	0.7724473281813975	1	1
negative regulation of lipid transport	GO:0032369		21	3	2.989974070872947	0.00334757325196334	0.8837426586622106	0.5918530548890248	1	1
positive regulation of lipid transport	GO:0032370		46	6	6.5494670123883605	-0.08762420495376344	0.8207899149785506	0.6337664409460583	1	1
regulation of sterol transport	GO:0032371		43	3	6.122327859406511	-0.71333010471817615	0.47225841798755264	0.9554591894530547	1	1
negative regulation of sterol transport	GO:0032372		10	1	1.4237971766061652	-0.35332737068676895	0.6545884298137958	0.7848390715887252	1	1
positive regulation of sterol transport	GO:0032373		26	2	3.70187265917603	-0.6156916351542602	0.5169348319376487	0.9021560783706045	1	1
regulation of cholesterol transport	GO:0032374		43	3	6.122327859406511	-0.71333010471817615	0.47225841798755264	0.9554591894530547	1	1
negative regulation of cholesterol transport	GO:0032375		10	1	1.4237971766061652	-0.35332737068676895	0.6545884298137958	0.7848390715887252	1	1
positive regulation of cholesterol transport	GO:0032376		26	2	3.70187265917603	-0.6156916351542602	0.5169348319376487	0.9021560783706045	1	1
regulation of intracellular lipid transport	GO:0032377		8	0	1.1390377412849322	-Inf	0	1	1	1
regulation of intracellular sterol transport	GO:0032380		8	0	1.1390377412849322	-Inf	0	1	1	1
regulation of intracellular cholesterol transport	GO:0032383		8	0	1.1390377412849322	-Inf	0	1	1	1
regulation of intracellular transport	GO:0032386		175	29	24.916450590607894	0.15176757837023647	0.9926490219497586	0.1966854010258945	1	1
negative regulation of intracellular transport	GO:0032387		40	7	5.695188706424661	0.20628841724865368	1.0344748512008286	0.34057003008099757	1	1
positive regulation of intracellular transport	GO:0032388		86	14	12.244655718813021	0.1339677556690276	0.9791992900221381	0.321177171790471	1	1
melanosome localization	GO:0032400		7	2	0.9966580236243158	0.6964947538119086	1.446630636471521	0.2621772575015677	1	1
regulation of transporter activity	GO:0032409		77	9	10.963238259867472	-0.19732312221018777	0.7489249296362418	0.7443007390648894	1	1
negative regulation of transporter activity	GO:0032410		27	4	3.8442523768366463	0.03971521742283816	0.9097334253818503	0.5488573271232209	1	1
positive regulation of transporter activity	GO:0032411		34	5	4.840910400460962	0.03233511012521561	0.9044217771948145	0.4866111143499511	1	1
regulation of monoatomic ion transmembrane transporter activity	GO:0032412		69	7	9.824200518582542	-0.3389386332346695	0.6628982113051818	0.8478213347602556	1	1
negative regulation of ion transmembrane transporter activity	GO:0032413		23	3	3.2747335061941802	-0.08762420495376344	0.8207899149785506	0.6555311086933588	1	1
positive regulation of ion transmembrane transporter activity	GO:0032414		31	4	4.413771247479112	-0.09843512105797897	0.8135086363960995	0.6079761405250586	1	1
lysosome localization	GO:0032418		34	3	4.840910400460962	-0.47849051364077516	0.5856593654496636	0.8536536866155897	1	1
regulation of proteasomal ubiquitin-dependent protein catabolic process	GO:0032434		86	13	12.244655718813021	0.05985978351530569	0.924327720105405	0.41880154240382106	1	1
negative regulation of proteasomal ubiquitin-dependent protein catabolic process	GO:0032435		29	5	4.12901181215788	0.19139980475490292	1.0229601810206947	0.3979842886881966	1	1
positive regulation of proteasomal ubiquitin-dependent protein catabolic process	GO:0032436		49	7	6.97660616537021	0.00334757325196334	0.8837426586622106	0.5352902990008253	1	1
melanosome organization	GO:0032438		15	4	2.135695764909248	0.6275018823249572	1.3853179128298705	0.15441554072110325	0.9672449295933598	0.96724492959336
endocytic recycling	GO:0032456		43	11	6.122327859406511	0.5859528794120848	1.3488380702696006	0.034949080388587524	0.538175434423105	0.538175434423105
regulation of protein oligomerization	GO:0032459		5	1	0.7118985883030826	0.33981980987317634	1.1407076173540833	0.5360900744813608	1	1
regulation of cytokinesis	GO:0032465		79	12	11.247997695188706	0.06471651962825536	0.9278671565420573	0.39732391918840004	1	1
positive regulation of cytokinesis	GO:0032467		39	5	5.5528089887640455	-0.10486601138826954	0.8091977867554093	0.5963650651708188	1	1
endoplasmic reticulum calcium ion homeostasis	GO:0032469		18	4	2.562834917891098	0.4451803255310024	1.2280073011830346	0.21527346042877812	1	1
regulation of type I interferon production	GO:0032479		97	27	13.810832613079805	0.6703836098082228	1.4233219603037177	2.439147788937628e-4	0.03425227472886428	0.03425227472886428
negative regulation of type I interferon production	GO:0032480		35	10	4.9832901181215785	0.6964947538119086	1.446630636471521	0.020852226966485168	0.4339869737399725	0.4339869737399725
positive regulation of type I interferon production	GO:0032481		57	16	8.115643906655142	0.6787951767125077	1.430817199811578	0.00329553648076929	0.17047202300523084	0.17047202300523084
Rap protein signal transduction	GO:0032486		5	2	0.7118985883030826	1.0329669904331216	1.756382046950204	0.15090142328628167	0.9672449295933598	0.96724492959336
regulation of Cdc42 protein signal transduction	GO:0032489		8	1	1.1390377412849322	-0.13018381937255932	0.7923752068513801	0.7074204375900333	1	1
detection of molecule of bacterial origin	GO:0032490		10	6	1.4237971766061652	1.438432098541286	2.145368740123665	0.0010377453248007072	0.08252398642594282	0.0825239864259428
response to bacterial lipoprotein	GO:0032493		5	3	0.7118985883030826	1.438432098541286	2.145368740123665	0.023031526310023847	0.43514883751704636	0.4351488375170463
response to peptidoglycan	GO:0032494		5	1	0.7118985883030826	0.33981980987317634	1.1407076173540833	0.5360900744813608	1	1
response to muramyl dipeptide	GO:0032495		13	7	1.850936329588015	1.3302185139010532	2.0404038381792997	9.157597488696939e-4	0.08252398642594282	0.0825239864259428
response to lipopolysaccharide	GO:0032496		89	26	12.671794871794871	0.7187178905966188	1.4665644020001074	1.2935429520474502e-4	0.026243268516220247	0.02624326851622025
cytokinetic process	GO:0032506		35	10	4.9832901181215785	0.6964947538119086	1.446630636471521	0.01371281068481764	0.35204682616971095	0.35204682616971095
maintenance of protein location in cell	GO:0032507		37	8	5.268049553442812	0.417781351342888	1.205030282694324	0.1466770496727398	0.9672449295933598	0.96724492959336
endosome transport via multivesicular body sorting pathway	GO:0032509		10	4	1.4237971766061652	1.0329669904331216	1.756382046950204	0.01778370527369701	0.4134473689518601	0.41344736895186013
endosome to lysosome transport via multivesicular body sorting pathway	GO:0032510		6	3	0.8542783059636992	1.2561105417473313	1.968939649300815	0.023031526310023847	0.43514883751704636	0.4351488375170463
response to retinoic acid	GO:0032526		29	4	4.12901181215788	-0.0317437465593069	0.8591064238673326	0.6079761405250586	1	1
protein exit from endoplasmic reticulum	GO:0032527		23	6	3.2747335061941802	0.6055229756061818	1.3659772460627833	0.0977526129475821	0.8386890849995451	0.8386890849995449
microvillus organization	GO:0032528		14	4	1.9933160472486315	0.6964947538119086	1.446630636471521	0.12680293440222737	0.9280301749694909	0.928030174969491
regulation of microvillus organization	GO:0032530		7	1	0.9966580236243158	0.00334757325196334	0.8837426586622106	0.6588243430336695	1	1
regulation of cellular component size	GO:0032535		137	23	19.506021319504466	0.16477101240830136	1.0025391394978433	0.22713815110043195	1	1
mitochondrial translation	GO:0032543		22	1	3.132353788533564	-1.1417847310510392	0.31406038381259593	0.9603427374598169	1	1
response to progesterone	GO:0032570		11	3	1.566176894266782	0.6499747381770157	1.405190961529407	0.19837721332207095	1	1
regulation of chemokine production	GO:0032642		59	10	8.400403341976375	0.17430537139560282	1.0098250665967625	0.3078427847331842	1	1
regulation of granulocyte macrophage colony-stimulating factor production	GO:0032645		13	1	1.850936329588015	-0.6156916351542602	0.5169348319376487	0.8643214016762081	1	1
regulation of interferon-alpha production	GO:0032647		22	7	3.132353788533564	0.804125418004274	1.5439431554498841	0.02845371014224141	0.47523939698389417	0.47523939698389417
regulation of interferon-beta production	GO:0032648		43	11	6.122327859406511	0.5859528794120848	1.3488380702696006	0.034949080388587524	0.538175434423105	0.538175434423105
regulation of type II interferon production	GO:0032649		67	13	9.539441083261307	0.30951446037784736	1.1161463760983241	0.13774092177338199	0.9672449295933598	0.96724492959336
regulation of interleukin-1 beta production	GO:0032651		59	17	8.400403341976375	0.7049336224577732	1.4541899464996593	0.002280195408804715	0.13805546747854003	0.13805546747854003
regulation of interleukin-1 production	GO:0032652		69	17	9.824200518582542	0.5483645617662332	1.316142558513834	0.012918093949810517	0.3400750732780516	0.34007507327805153
regulation of interleukin-10 production	GO:0032653		37	7	5.268049553442812	0.28424995871836545	1.095868295700066	0.26855272305334044	1	1
regulation of interleukin-12 production	GO:0032655		34	7	4.840910400460962	0.3688073467464285	1.1644363926205554	0.20145335008749105	1	1
regulation of interleukin-13 production	GO:0032656		12	2	1.7085566119273985	0.1574982530792216	0.9970009612255251	0.5263347265149944	1	1
regulation of interleukin-17 production	GO:0032660		24	2	3.417113223854797	-0.5356489274807237	0.5561697644022129	0.8752374453998263	1	1
regulation of interleukin-2 production	GO:0032663		37	7	5.268049553442812	0.28424995871836545	1.095868295700066	0.2454951632245782	1	1
regulation of interleukin-23 production	GO:0032667		5	1	0.7118985883030826	0.33981980987317634	1.1407076173540833	0.5360900744813608	1	1
regulation of interleukin-4 production	GO:0032673		14	1	1.9933160472486315	-0.689799607307982	0.48271091085741513	0.8836537633679444	1	1
regulation of interleukin-5 production	GO:0032674		10	1	1.4237971766061652	-0.35332737068676895	0.6545884298137958	0.7848390715887252	1	1
regulation of interleukin-6 production	GO:0032675		81	17	11.532757130509939	0.388021911691054	1.1802887926120058	0.06200868992307692	0.6615082771291728	0.6615082771291728
regulation of interleukin-8 production	GO:0032677		79	21	11.247997695188706	0.6243323075636781	1.38252289954112	0.0028385310001934477	0.1546663713808303	0.15466637138083028
regulation of tumor necrosis factor production	GO:0032680		96	21	13.668452895419188	0.42943196856286325	1.2147777466011467	0.02472538671655895	0.4544651208820827	0.4544651208820827
negative regulation of chemokine production	GO:0032682		14	2	1.9933160472486315	0.00334757325196334	0.8837426586622106	0.571260373303752	1	1
negative regulation of interferon-beta production	GO:0032688		9	3	1.281417458945549	0.8506454336391668	1.5865667097058858	0.12490602485745164	0.9280301749694909	0.928030174969491
negative regulation of type II interferon production	GO:0032689		22	3	3.132353788533564	-0.043172442382929624	0.8511778531306146	0.6246198083391434	1	1
negative regulation of interleukin-1 beta production	GO:0032691		23	3	3.2747335061941802	-0.08762420495376344	0.8207899149785506	0.6246198083391434	1	1
negative regulation of interleukin-1 production	GO:0032692		26	3	3.70187265917603	-0.21022652704609585	0.7407692106161782	0.7117289146581616	1	1
negative regulation of interleukin-10 production	GO:0032693		13	2	1.850936329588015	0.0774555454056851	0.937189140297217	0.571260373303752	1	1
negative regulation of interleukin-12 production	GO:0032695		11	4	1.566176894266782	0.9376568106287967	1.667097955851661	0.05899071940642686	0.6444853879168564	0.6444853879168564
negative regulation of interleukin-17 production	GO:0032700		8	0	1.1390377412849322	-Inf	0	1	1	1
negative regulation of interleukin-2 production	GO:0032703		17	2	2.420455200230481	-0.19080844118899426	0.7530665813565736	0.7193796243190151	1	1
negative regulation of interleukin-6 production	GO:0032715		22	4	3.132353788533564	0.24450963006885137	1.0643462602905969	0.3843302830382723	1	1
negative regulation of interleukin-8 production	GO:0032717		14	5	1.9933160472486315	0.9196383051261183	1.6503400064058957	0.038273751466703865	0.5440719826127625	0.5440719826127625
negative regulation of tumor necrosis factor production	GO:0032720		41	7	5.837568424085278	0.18159580465828198	1.0154156788777262	0.34057003008099757	1	1
positive regulation of chemokine production	GO:0032722		48	9	6.834226447709594	0.2752812887356051	1.0887138899917574	0.21833876096468605	1	1
positive regulation of granulocyte macrophage colony-stimulating factor production	GO:0032725		11	1	1.566176894266782	-0.44863755049109394	0.6015547714450307	0.8154912857198441	1	1
positive regulation of interferon-alpha production	GO:0032727		19	6	2.705214635551714	0.7965782123688911	1.537058566041267	0.042988293771354456	0.5497782877825336	0.5497782877825336
positive regulation of interferon-beta production	GO:0032728		33	8	4.698530682800346	0.5321917025206322	1.3021682897821774	0.08724734096951528	0.7973479119821224	0.7973479119821225
positive regulation of type II interferon production	GO:0032729		45	9	6.407087294727744	0.33981980987317617	1.1407076173540833	0.16545577780736728	0.9955284768641433	0.9955284768641434
positive regulation of interleukin-1 beta production	GO:0032731		39	14	5.5528089887640455	0.9247534057928887	1.6550931072099804	6.129449216035647e-4	0.06161831211893948	0.06161831211893948
positive regulation of interleukin-1 production	GO:0032732		46	14	6.5494670123883605	0.7596736554334403	1.5035222772603736	0.0037001615933149484	0.18254130527020412	0.18254130527020412
positive regulation of interleukin-10 production	GO:0032733		25	6	3.5594929415154133	0.5221413666671308	1.2935132983402626	0.13452909785540595	0.9672449295933598	0.96724492959336
positive regulation of interleukin-12 production	GO:0032735		20	3	2.8475943532123305	0.05213773742139535	0.9187167652206437	0.5572852037304756	1	1
positive regulation of interleukin-13 production	GO:0032736		8	1	1.1390377412849322	-0.13018381937255932	0.7923752068513801	0.7074204375900333	1	1
positive regulation of interleukin-17 production	GO:0032740		17	2	2.420455200230481	-0.19080844118899426	0.7530665813565736	0.7193796243190151	1	1
positive regulation of interleukin-2 production	GO:0032743		19	5	2.705214635551714	0.6142566555749365	1.3736510814004799	0.1013484795246827	0.8437430951871026	0.8437430951871024
positive regulation of interleukin-4 production	GO:0032753		9	1	1.281417458945549	-0.24796685502894292	0.7172787766977757	0.7490970444220519	1	1
positive regulation of interleukin-5 production	GO:0032754		5	1	0.7118985883030826	0.33981980987317634	1.1407076173540833	0.5360900744813608	1	1
positive regulation of interleukin-6 production	GO:0032755		56	13	7.973264188994526	0.4888553890336641	1.2650116077161853	0.047977421701158804	0.591721534314292	0.5917215343142919
positive regulation of interleukin-8 production	GO:0032757		62	16	8.827542494958225	0.5947120595019664	1.356499553664263	0.01148572650522471	0.32885915310240743	0.3288591531024075
positive regulation of tumor necrosis factor production	GO:0032760		54	13	7.688504753673293	0.525223033204539	1.2961647286355917	0.03679565787502721	0.5440719826127625	0.5440719826127625
negative regulation of ATP-dependent activity	GO:0032780		12	1	1.7085566119273985	-0.5356489274807237	0.5561697644022129	0.8417782456475578	1	1
positive regulation of ATP-dependent activity	GO:0032781		18	4	2.562834917891098	0.4451803255310024	1.2280073011830346	0.24782345497280558	1	1
regulation of DNA-templated transcription elongation	GO:0032784		41	4	5.837568424085278	-0.37801998327714065	0.6405136533857336	0.825789379652475	1	1
negative regulation of DNA-templated transcription, elongation	GO:0032785		20	0	2.8475943532123305	-Inf	0	1	1	1
positive regulation of DNA-templated transcription, elongation	GO:0032786		23	3	3.2747335061941802	-0.08762420495376344	0.8207899149785506	0.6246198083391434	1	1
ribosome disassembly	GO:0032790		40	4	5.695188706424661	-0.35332737068676895	0.6545884298137958	0.8406965161867658	1	1
receptor catabolic process	GO:0032801		14	2	1.9933160472486315	0.00334757325196334	0.8837426586622106	0.571260373303752	1	1
regulation of low-density lipoprotein particle receptor catabolic process	GO:0032803		5	1	0.7118985883030826	0.33981980987317634	1.1407076173540833	0.5360900744813608	1	1
regulation of natural killer cell activation	GO:0032814		17	3	2.420455200230481	0.21465666691917012	1.0409768694321027	0.44394112874496316	1	1
positive regulation of natural killer cell activation	GO:0032816		11	1	1.566176894266782	-0.44863755049109394	0.6015547714450307	0.8154912857198441	1	1
regulation of natural killer cell proliferation	GO:0032817		10	2	1.4237971766061652	0.33981980987317634	1.1407076173540833	0.4274187999219954	1	1
positive regulation of natural killer cell proliferation	GO:0032819		8	1	1.1390377412849322	-0.13018381937255932	0.7923752068513801	0.7074204375900333	1	1
regulation of CD4-positive, CD25-positive, alpha-beta regulatory T cell differentiation	GO:0032829		6	0	0.8542783059636992	-Inf	0	1	1	1
positive regulation of CD4-positive, CD25-positive, alpha-beta regulatory T cell differentiation	GO:0032831		6	0	0.8542783059636992	-Inf	0	1	1	1
glomerulus development	GO:0032835		6	1	0.8542783059636992	0.1574982530792216	0.9970009612255251	0.6021604736719404	1	1
response to insulin	GO:0032868		58	9	8.25802362431576	0.08603928909707655	0.9435014432854617	0.44604620282006846	1	1
cellular response to insulin stimulus	GO:0032869		51	8	7.261365600691443	0.09687363126278688	0.9515041992779714	0.4430072488544661	1	1
cellular response to hormone stimulus	GO:0032870		194	29	27.62166522615961	0.048695393230422324	0.9162221061891849	0.39579692133155636	1	1
regulation of stress-activated MAPK cascade	GO:0032872		25	6	3.5594929415154133	0.5221413666671308	1.2935132983402626	0.13452909785540595	0.9672449295933598	0.96724492959336
negative regulation of stress-activated MAPK cascade	GO:0032873		5	0	0.7118985883030826	-Inf	0	1	1	1
positive regulation of stress-activated MAPK cascade	GO:0032874		14	4	1.9933160472486315	0.6964947538119086	1.446630636471521	0.12680293440222737	0.9280301749694909	0.928030174969491
regulation of establishment or maintenance of cell polarity	GO:0032878		15	4	2.135695764909248	0.6275018823249572	1.3853179128298705	0.15441554072110325	0.9672449295933598	0.96724492959336
regulation of polysaccharide metabolic process	GO:0032881		26	2	3.70187265917603	-0.6156916351542602	0.5169348319376487	0.889455578507797	1	1
regulation of polysaccharide biosynthetic process	GO:0032885		23	1	3.2747335061941802	-1.186236493621873	0.3008111881356697	0.9659959678588472	1	1
regulation of microtubule-based process	GO:0032886		171	14	24.346931719965426	-0.5533485045801246	0.5472880270513032	0.9929931626617579	1	1
regulation of organic acid transport	GO:0032890		17	2	2.420455200230481	-0.19080844118899426	0.7530665813565736	0.7193796243190151	1	1
negative regulation of organic acid transport	GO:0032891		9	2	1.281417458945549	0.4451803255310024	1.2280073011830346	0.37400758293388436	1	1
positive regulation of organic acid transport	GO:0032892		6	0	0.8542783059636992	-Inf	0	1	1	1
negative regulation of viral transcription	GO:0032897		15	1	2.135695764909248	-0.7587924787949335	0.4526182666060272	0.900232481476347	1	1
regulation of transforming growth factor beta2 production	GO:0032909		5	1	0.7118985883030826	0.33981980987317634	1.1407076173540833	0.5360900744813608	1	1
circadian regulation of gene expression	GO:0032922		12	4	1.7085566119273985	0.8506454336391669	1.586566709705886	0.07882500601757823	0.7437657096191486	0.7437657096191486
activin receptor signaling pathway	GO:0032924		18	1	2.562834917891098	-0.9411140355888882	0.38091433799658575	0.9266415165604416	1	1
regulation of activin receptor signaling pathway	GO:0032925		16	3	2.2780754825698644	0.2752812887356051	1.0887138899917574	0.4035880108068125	1	1
negative regulation of activin receptor signaling pathway	GO:0032926		11	2	1.566176894266782	0.24450963006885137	1.0643462602905969	0.4783169302775343	1	1
regulation of superoxide anion generation	GO:0032928		14	7	1.9933160472486315	1.2561105417473313	1.968939649300815	0.0016070975441171982	0.10977712455200553	0.10977712455200553
positive regulation of superoxide anion generation	GO:0032930		14	7	1.9933160472486315	1.2561105417473313	1.968939649300815	0.0016070975441171982	0.10977712455200553	0.10977712455200553
SREBP signaling pathway	GO:0032933		8	3	1.1390377412849322	0.9684284692955504	1.6958091564460576	0.0927539865889046	0.8048939983039493	0.8048939983039493
secretion by cell	GO:0032940		128	31	18.224603860558915	0.5312146628728057	1.3013259133330595	0.0015438000902426876	0.10977712455200553	0.10977712455200553
secretion by tissue	GO:0032941		9	1	1.281417458945549	-0.24796685502894292	0.7172787766977757	0.7074204375900333	1	1
mononuclear cell proliferation	GO:0032943		16	2	2.2780754825698644	-0.13018381937255932	0.7923752068513801	0.68697509542795	1	1
regulation of mononuclear cell proliferation	GO:0032944		116	18	16.51604724863152	0.08603928909707655	0.9435014432854617	0.3706948331442624	1	1
negative regulation of mononuclear cell proliferation	GO:0032945		38	5	5.410429271103428	-0.07889052498500881	0.8267035041073989	0.6460095996210795	1	1
positive regulation of mononuclear cell proliferation	GO:0032946		76	12	10.820858542206857	0.10343103180894582	0.9563668945957576	0.378992501420084	1	1
regulation of cytokinetic process	GO:0032954		6	0	0.8542783059636992	-Inf	0	1	1	1
regulation of actin cytoskeleton organization	GO:0032956		174	25	24.774070872947277	0.009078247960948296	0.8878074245240366	0.48878913524747347	1	1
collagen metabolic process	GO:0032963		32	4	4.556150965139729	-0.13018381937255932	0.7923752068513801	0.6871513673515413	1	1
collagen biosynthetic process	GO:0032964		8	2	1.1390377412849322	0.562963361187386	1.3288054702420249	0.3186516811391211	1	1
regulation of collagen biosynthetic process	GO:0032965		15	1	2.135695764909248	-0.7587924787949335	0.4526182666060272	0.900232481476347	1	1
positive regulation of collagen biosynthetic process	GO:0032967		12	1	1.7085566119273985	-0.5356489274807237	0.5561697644022129	0.8417782456475578	1	1
positive regulation of transcription elongation by RNA polymerase II	GO:0032968		16	3	2.2780754825698644	0.2752812887356051	1.0887138899917574	0.362419133600277	1	1
regulation of actin filament-based process	GO:0032970		198	26	28.191184096802072	-0.08091277036577657	0.8253317508841674	0.6830323469757521	1	1
mitochondrial respiratory chain complex I assembly	GO:0032981		32	1	4.556150965139729	-1.5164781804924499	0.21775845175340564	0.9900678814032076	1	1
protein-containing complex disassembly	GO:0032984		100	18	14.237971766061653	0.23445929421535003	1.0564485718482843	0.14186177878881	0.9672449295933598	0.96724492959336
protein-DNA complex disassembly	GO:0032986		20	1	2.8475943532123305	-1.0464745512467142	0.3443290775615407	0.9537500910835526	1	1
protein-RNA complex disassembly	GO:0032988		6	3	0.8542783059636992	1.2561105417473313	1.968939649300815	0.04122811280191899	0.5440719826127625	0.5440719826127625
cellular component morphogenesis	GO:0032989		20	0	2.8475943532123305	-Inf	0	1	1	1
regulation of mast cell activation	GO:0033003		7	1	0.9966580236243158	0.00334757325196334	0.8837426586622106	0.6588243430336695	1	1
tetrapyrrole metabolic process	GO:0033013		38	2	5.410429271103428	-0.9951812568591639	0.36171688738970265	0.9724246232294138	1	1
tetrapyrrole biosynthetic process	GO:0033014		18	1	2.562834917891098	-0.9411140355888882	0.38091433799658575	0.9370965178627342	1	1
tetrapyrrole catabolic process	GO:0033015		11	0	1.566176894266782	-Inf	0	1	1	1
regulation of myeloid cell apoptotic process	GO:0033032		10	2	1.4237971766061652	0.33981980987317634	1.1407076173540833	0.4274187999219954	1	1
negative regulation of myeloid cell apoptotic process	GO:0033033		5	0	0.7118985883030826	-Inf	0	1	1	1
positive regulation of myeloid cell apoptotic process	GO:0033034		5	2	0.7118985883030826	1.0329669904331216	1.756382046950204	0.15090142328628167	0.9672449295933598	0.96724492959336
regulation of chromosome organization	GO:0033044		178	33	25.343589743589742	0.26398173348167164	1.079733488953337	0.05351199818144192	0.6283266241711405	0.6283266241711405
regulation of sister chromatid segregation	GO:0033045		60	12	8.542783059636992	0.33981980987317617	1.1407076173540833	0.13789009777575822	0.9672449295933598	0.96724492959336
negative regulation of sister chromatid segregation	GO:0033046		22	2	3.132353788533564	-0.44863755049109394	0.6015547714450307	0.8416248990801791	1	1
regulation of mitotic sister chromatid segregation	GO:0033047		44	5	6.264707577067128	-0.22549399917688423	0.7312009952392668	0.7702663661699122	1	1
negative regulation of mitotic sister chromatid segregation	GO:0033048		22	2	3.132353788533564	-0.44863755049109394	0.6015547714450307	0.8416248990801791	1	1
cellular pigmentation	GO:0033059		23	6	3.2747335061941802	0.6055229756061818	1.3659772460627833	0.0977526129475821	0.8386890849995451	0.8386890849995449
mitochondrial respiratory chain complex assembly	GO:0033108		69	3	9.824200518582542	-1.1862364936218732	0.30081118813566965	0.9972231566896607	1	1
negative regulation of RNA splicing	GO:0033119		17	1	2.420455200230481	-0.8839556217489396	0.4022127055642241	0.9266415165604416	1	1
positive regulation of RNA splicing	GO:0033120		22	4	3.132353788533564	0.24450963006885137	1.0643462602905969	0.34987809677918136	1	1
regulation of peptidyl-serine phosphorylation	GO:0033135		26	4	3.70187265917603	0.0774555454056851	0.937189140297217	0.48536718541514257	1	1
negative regulation of peptidyl-serine phosphorylation	GO:0033137		5	2	0.7118985883030826	1.0329669904331216	1.756382046950204	0.15090142328628167	0.9672449295933598	0.96724492959336
positive regulation of peptidyl-serine phosphorylation	GO:0033138		20	2	2.8475943532123305	-0.35332737068676895	0.6545884298137958	0.7757179011181241	1	1
regulation of intracellular steroid hormone receptor signaling pathway	GO:0033143		55	7	7.83088447133391	-0.11216531386988104	0.8043233293179455	0.683933736080663	1	1
negative regulation of intracellular steroid hormone receptor signaling pathway	GO:0033144		26	3	3.70187265917603	-0.21022652704609585	0.7407692106161782	0.7370495801541082	1	1
positive regulation of intracellular steroid hormone receptor signaling pathway	GO:0033145		11	1	1.566176894266782	-0.44863755049109394	0.6015547714450307	0.8154912857198441	1	1
regulation of intracellular estrogen receptor signaling pathway	GO:0033146		25	4	3.5594929415154133	0.11667625855896654	0.966232617868278	0.48536718541514257	1	1
negative regulation of intracellular estrogen receptor signaling pathway	GO:0033147		9	2	1.281417458945549	0.4451803255310024	1.2280073011830346	0.37400758293388436	1	1
positive regulation of intracellular estrogen receptor signaling pathway	GO:0033148		9	1	1.281417458945549	-0.24796685502894292	0.7172787766977757	0.7490970444220519	1	1
V(D)J recombination	GO:0033151		7	1	0.9966580236243158	0.00334757325196334	0.8837426586622106	0.6588243430336695	1	1
regulation of intracellular protein transport	GO:0033157		93	16	13.241313742437338	0.18924695139380177	1.0213009063757035	0.24467424371326305	1	1
calcineurin-NFAT signaling cascade	GO:0033173		10	1	1.4237971766061652	-0.35332737068676895	0.6545884298137958	0.7490970444220519	1	1
response to hydroperoxide	GO:0033194		7	1	0.9966580236243158	0.00334757325196334	0.8837426586622106	0.6588243430336695	1	1
response to ATP	GO:0033198		18	3	2.562834917891098	0.1574982530792214	0.9970009612255248	0.4831646634993946	1	1
tumor necrosis factor-mediated signaling pathway	GO:0033209		38	5	5.410429271103428	-0.07889052498500881	0.8267035041073989	0.6460095996210795	1	1
adiponectin-activated signaling pathway	GO:0033211		5	2	0.7118985883030826	1.0329669904331216	1.756382046950204	0.15090142328628167	0.9672449295933598	0.96724492959336
iron import into cell	GO:0033212		5	2	0.7118985883030826	1.0329669904331216	1.756382046950204	0.15090142328628167	0.9672449295933598	0.96724492959336
regulation of protein sumoylation	GO:0033233		16	2	2.2780754825698644	-0.13018381937255932	0.7923752068513801	0.68697509542795	1	1
negative regulation of protein sumoylation	GO:0033234		6	1	0.8542783059636992	0.1574982530792216	0.9970009612255251	0.6021604736719404	1	1
positive regulation of protein sumoylation	GO:0033235		10	1	1.4237971766061652	-0.35332737068676895	0.6545884298137958	0.7848390715887252	1	1
regulation of amine metabolic process	GO:0033238		6	1	0.8542783059636992	0.1574982530792216	0.9970009612255251	0.6021604736719404	1	1
nuclear DNA replication	GO:0033260		11	3	1.566176894266782	0.6499747381770157	1.405190961529407	0.19837721332207095	1	1
regulation of nuclear cell cycle DNA replication	GO:0033262		7	0	0.9966580236243158	-Inf	0	1	1	1
response to vitamin	GO:0033273		14	1	1.9933160472486315	-0.689799607307982	0.48271091085741513	0.8836537633679444	1	1
actin-myosin filament sliding	GO:0033275		8	0	1.1390377412849322	-Inf	0	1	1	1
response to vitamin D	GO:0033280		9	1	1.281417458945549	-0.24796685502894292	0.7172787766977757	0.7490970444220519	1	1
cholesterol efflux	GO:0033344		21	3	2.989974070872947	0.00334757325196334	0.8837426586622106	0.5918530548890248	1	1
secretory granule organization	GO:0033363		9	1	1.281417458945549	-0.24796685502894292	0.7172787766977757	0.7074204375900333	1	1
carbohydrate homeostasis	GO:0033500		48	4	6.834226447709594	-0.5356489274807237	0.5561697644022129	0.9176536310123458	1	1
fatty acid beta-oxidation using acyl-CoA dehydrogenase	GO:0033539		9	0	1.281417458945549	-Inf	0	1	1	1
fatty acid beta-oxidation using acyl-CoA oxidase	GO:0033540		11	2	1.566176894266782	0.24450963006885137	1.0643462602905969	0.4783169302775343	1	1
unsaturated fatty acid metabolic process	GO:0033559		74	9	10.536099106885624	-0.15758279356067384	0.7744388926612147	0.7293641665242642	1	1
transferrin transport	GO:0033572		10	3	1.4237971766061652	0.7452849179813407	1.4905061619474906	0.16036271498144075	0.9728178948861119	0.9728178948861118
regulation of mammary gland epithelial cell proliferation	GO:0033599		8	0	1.1390377412849322	-Inf	0	1	1	1
negative regulation of catecholamine secretion	GO:0033604		5	0	0.7118985883030826	-Inf	0	1	1	1
mitochondrial proton-transporting ATP synthase complex assembly	GO:0033615		6	1	0.8542783059636992	0.1574982530792216	0.9970009612255251	0.5360900744813608	1	1
mitochondrial cytochrome c oxidase assembly	GO:0033617		21	1	2.989974070872947	-1.0952647154161463	0.32851034177068966	0.9603427374598169	1	1
membrane protein proteolysis	GO:0033619		31	2	4.413771247479112	-0.7915823016179243	0.43889979909150556	0.9405042360595375	1	1
integrin activation	GO:0033622		8	0	1.1390377412849322	-Inf	0	1	1	1
regulation of integrin activation	GO:0033623		13	0	1.850936329588015	-Inf	0	1	1	1
positive regulation of integrin activation	GO:0033625		8	0	1.1390377412849322	-Inf	0	1	1	1
cell adhesion mediated by integrin	GO:0033627		18	1	2.562834917891098	-0.9411140355888882	0.38091433799658575	0.9370965178627342	1	1
regulation of cell adhesion mediated by integrin	GO:0033628		30	5	4.271391529818496	0.1574982530792216	0.9970009612255251	0.42788443289237177	1	1
negative regulation of cell adhesion mediated by integrin	GO:0033629		8	0	1.1390377412849322	-Inf	0	1	1	1
positive regulation of cell adhesion mediated by integrin	GO:0033630		11	1	1.566176894266782	-0.44863755049109394	0.6015547714450307	0.8154912857198441	1	1
regulation of cell-cell adhesion mediated by integrin	GO:0033632		8	0	1.1390377412849322	-Inf	0	1	1	1
negative regulation of kinase activity	GO:0033673		73	16	10.393719389225007	0.43138700339866665	1.2164167511476005	0.043922322549745145	0.5572438162521132	0.5572438162521132
positive regulation of kinase activity	GO:0033674		129	26	18.366983578219536	0.34754185596708637	1.1470065479451874	0.0338346994353751	0.5271090017300541	0.5271090017300541
regulation of osteoblast proliferation	GO:0033688		11	3	1.566176894266782	0.6499747381770157	1.405190961529407	0.19837721332207095	1	1
negative regulation of osteoblast proliferation	GO:0033689		6	0	0.8542783059636992	-Inf	0	1	1	1
phospholipid efflux	GO:0033700		11	1	1.566176894266782	-0.44863755049109394	0.6015547714450307	0.8154912857198441	1	1
nucleoside bisphosphate metabolic process	GO:0033865		16	3	2.2780754825698644	0.2752812887356051	1.0887138899917574	0.362419133600277	1	1
ribonucleoside bisphosphate metabolic process	GO:0033875		16	3	2.2780754825698644	0.2752812887356051	1.0887138899917574	0.362419133600277	1	1
P-body assembly	GO:0033962		8	3	1.1390377412849322	0.9684284692955504	1.6958091564460576	0.0927539865889046	0.8048939983039493	0.8048939983039493
purine nucleoside bisphosphate metabolic process	GO:0034032		16	3	2.2780754825698644	0.2752812887356051	1.0887138899917574	0.362419133600277	1	1
purine ribonucleoside bisphosphate metabolic process	GO:0034035		16	3	2.2780754825698644	0.2752812887356051	1.0887138899917574	0.362419133600277	1	1
endosomal vesicle fusion	GO:0034058		11	2	1.566176894266782	0.24450963006885137	1.0643462602905969	0.4274187999219954	1	1
stress granule assembly	GO:0034063		18	6	2.562834917891098	0.8506454336391668	1.5865667097058858	0.03331065151006013	0.5204667191953091	0.5204667191953091
protein localization to Golgi apparatus	GO:0034067		25	5	3.5594929415154133	0.33981980987317617	1.1407076173540833	0.2498152383468616	1	1
regulation of maintenance of sister chromatid cohesion	GO:0034091		9	3	1.281417458945549	0.8506454336391668	1.5865667097058858	0.12490602485745164	0.9280301749694909	0.928030174969491
positive regulation of maintenance of sister chromatid cohesion	GO:0034093		6	3	0.8542783059636992	1.2561105417473313	1.968939649300815	0.04122811280191899	0.5440719826127625	0.5440719826127625
erythrocyte homeostasis	GO:0034101		27	0	3.8442523768366463	-Inf	0	1	1	1
regulation of tissue remodeling	GO:0034103		21	1	2.989974070872947	-1.0952647154161463	0.32851034177068966	0.9603427374598169	1	1
negative regulation of tissue remodeling	GO:0034104		5	0	0.7118985883030826	-Inf	0	1	1	1
positive regulation of tissue remodeling	GO:0034105		8	1	1.1390377412849322	-0.13018381937255932	0.7923752068513801	0.7074204375900333	1	1
homotypic cell-cell adhesion	GO:0034109		28	4	3.986632094497263	0.00334757325196334	0.8837426586622106	0.57901174716825	1	1
regulation of homotypic cell-cell adhesion	GO:0034110		25	5	3.5594929415154133	0.33981980987317617	1.1407076173540833	0.2786367734697256	1	1
negative regulation of homotypic cell-cell adhesion	GO:0034111		6	1	0.8542783059636992	0.1574982530792216	0.9970009612255251	0.6021604736719404	1	1
positive regulation of homotypic cell-cell adhesion	GO:0034112		16	4	2.2780754825698644	0.562963361187386	1.3288054702420249	0.18402066570529027	1	1
heterotypic cell-cell adhesion	GO:0034113		25	3	3.5594929415154133	-0.17100581389281447	0.7657544667455077	0.7117289146581616	1	1
regulation of heterotypic cell-cell adhesion	GO:0034114		22	4	3.132353788533564	0.24450963006885137	1.0643462602905969	0.3843302830382723	1	1
negative regulation of heterotypic cell-cell adhesion	GO:0034115		8	0	1.1390377412849322	-Inf	0	1	1	1
positive regulation of heterotypic cell-cell adhesion	GO:0034116		13	3	1.850936329588015	0.4829206535138495	1.2599567155187015	0.27924366917682547	1	1
regulation of toll-like receptor signaling pathway	GO:0034121		18	3	2.562834917891098	0.1574982530792214	0.9970009612255248	0.4831646634993946	1	1
negative regulation of toll-like receptor signaling pathway	GO:0034122		9	1	1.281417458945549	-0.24796685502894292	0.7172787766977757	0.7490970444220519	1	1
regulation of toll-like receptor 2 signaling pathway	GO:0034135		7	4	0.9966580236243158	1.389641934371854	2.0979604894500303	0.010012088410208588	0.3065770520091457	0.30657705200914576
positive regulation of toll-like receptor 2 signaling pathway	GO:0034137		6	3	0.8542783059636992	1.2561105417473313	1.968939649300815	0.04122811280191899	0.5440719826127625	0.5440719826127625
toll-like receptor 3 signaling pathway	GO:0034138		10	3	1.4237971766061652	0.7452849179813407	1.4905061619474906	0.16036271498144075	0.9728178948861119	0.9728178948861118
regulation of toll-like receptor 3 signaling pathway	GO:0034139		9	5	1.281417458945549	1.3614710574051574	2.0706482556493953	0.004450949301055318	0.20443670582778217	0.2044367058277822
positive regulation of toll-like receptor 3 signaling pathway	GO:0034141		6	4	0.8542783059636992	1.5437926141991123	2.2481525425780573	0.004834939818128683	0.21647528866377833	0.21647528866377833
toll-like receptor 4 signaling pathway	GO:0034142		23	6	3.2747335061941802	0.6055229756061818	1.3659772460627833	0.06714055193561742	0.6686445994634946	0.6686445994634946
regulation of toll-like receptor 4 signaling pathway	GO:0034143		20	6	2.8475943532123305	0.7452849179813407	1.4905061619474906	0.042988293771354456	0.5497782877825336	0.5497782877825336
negative regulation of toll-like receptor 4 signaling pathway	GO:0034144		9	1	1.281417458945549	-0.24796685502894292	0.7172787766977757	0.7074204375900333	1	1
positive regulation of toll-like receptor 4 signaling pathway	GO:0034145		10	4	1.4237971766061652	1.0329669904331216	1.756382046950204	0.028449910051810343	0.47523939698389417	0.47523939698389417
regulation of toll-like receptor 7 signaling pathway	GO:0034155		5	2	0.7118985883030826	1.0329669904331216	1.756382046950204	0.15090142328628167	0.9672449295933598	0.96724492959336
toll-like receptor 9 signaling pathway	GO:0034162		5	1	0.7118985883030826	0.33981980987317634	1.1407076173540833	0.5360900744813608	1	1
regulation of toll-like receptor 9 signaling pathway	GO:0034163		6	3	0.8542783059636992	1.2561105417473313	1.968939649300815	0.04122811280191899	0.5440719826127625	0.5440719826127625
regulation of maintenance of mitotic sister chromatid cohesion	GO:0034182		9	3	1.281417458945549	0.8506454336391668	1.5865667097058858	0.12490602485745164	0.9280301749694909	0.928030174969491
positive regulation of maintenance of mitotic sister chromatid cohesion	GO:0034184		6	3	0.8542783059636992	1.2561105417473313	1.968939649300815	0.04122811280191899	0.5440719826127625	0.5440719826127625
cellular response to amino acid starvation	GO:0034198		44	6	6.264707577067128	-0.043172442382929624	0.8511778531306146	0.5876562785244136	1	1
lipid translocation	GO:0034204		24	3	3.417113223854797	-0.13018381937255943	0.7923752068513801	0.6845655071489992	1	1
amyloid-beta formation	GO:0034205		9	2	1.281417458945549	0.4451803255310024	1.2280073011830346	0.37400758293388436	1	1
protein hexamerization	GO:0034214		7	1	0.9966580236243158	0.00334757325196334	0.8837426586622106	0.6588243430336695	1	1
carbohydrate transmembrane transport	GO:0034219		33	3	4.698530682800346	-0.44863755049109394	0.6015547714450307	0.8210156820757227	1	1
regulation of transcription elongation by RNA polymerase II	GO:0034243		31	4	4.413771247479112	-0.09843512105797897	0.8135086363960995	0.6079761405250586	1	1
negative regulation of transcription elongation by RNA polymerase II	GO:0034244		16	0	2.2780754825698644	-Inf	0	1	1	1
regulation of amide metabolic process	GO:0034248		45	5	6.407087294727744	-0.24796685502894278	0.7172787766977758	0.7873288568228942	1	1
negative regulation of amide metabolic process	GO:0034249		19	2	2.705214635551714	-0.3020340762992186	0.6845755406169421	0.7757179011181241	1	1
positive regulation of amide metabolic process	GO:0034250		16	2	2.2780754825698644	-0.13018381937255932	0.7923752068513801	0.68697509542795	1	1
negative regulation of GTPase activity	GO:0034260		14	2	1.9933160472486315	0.00334757325196334	0.8837426586622106	0.613000699683637	1	1
response to monosaccharide	GO:0034284		22	1	3.132353788533564	-1.1417847310510392	0.31406038381259593	0.9659959678588472	1	1
primary alcohol metabolic process	GO:0034308		45	1	6.407087294727744	-1.8574047674630432	0.15545033366432637	0.9986574552959795	1	1
primary alcohol catabolic process	GO:0034310		12	1	1.7085566119273985	-0.5356489274807237	0.5561697644022129	0.8154912857198441	1	1
diol metabolic process	GO:0034311		25	1	3.5594929415154133	-1.2696181025609241	0.2773686994511519	0.9785647536585876	1	1
diol biosynthetic process	GO:0034312		18	1	2.562834917891098	-0.9411140355888882	0.38091433799658575	0.9370965178627342	1	1
Arp2/3 complex-mediated actin nucleation	GO:0034314		11	5	1.566176894266782	1.1608003619430063	1.877620363860972	0.00786415327730995	0.27881483221538467	0.27881483221538467
regulation of Arp2/3 complex-mediated actin nucleation	GO:0034315		9	0	1.281417458945549	-Inf	0	1	1	1
cell junction assembly	GO:0034329		124	13	17.65508498991645	-0.3060744858362235	0.6821767117957344	0.8671929304220819	1	1
cell junction organization	GO:0034330		181	16	25.770728896571594	-0.476650586718768	0.58662922178869	0.9790414584976197	1	1
cell junction maintenance	GO:0034331		17	1	2.420455200230481	-0.8839556217489396	0.4022127055642241	0.9144496405462401	1	1
adherens junction organization	GO:0034332		18	1	2.562834917891098	-0.9411140355888882	0.38091433799658575	0.9370965178627342	1	1
adherens junction assembly	GO:0034333		10	1	1.4237971766061652	-0.35332737068676895	0.6545884298137958	0.7848390715887252	1	1
adherens junction maintenance	GO:0034334		6	0	0.8542783059636992	-Inf	0	1	1	1
response to type I interferon	GO:0034340		24	4	3.417113223854797	0.1574982530792216	0.9970009612255251	0.45229031950387566	1	1
response to type II interferon	GO:0034341		51	13	7.261365600691443	0.5823814470444876	1.3457187485317672	0.020213893008040912	0.4284595018718741	0.4284595018718741
regulation of glial cell apoptotic process	GO:0034350		6	1	0.8542783059636992	0.1574982530792216	0.9970009612255251	0.6021604736719404	1	1
negative regulation of glial cell apoptotic process	GO:0034351		6	1	0.8542783059636992	0.1574982530792216	0.9970009612255251	0.6021604736719404	1	1
protein-containing complex remodeling	GO:0034367		25	3	3.5594929415154133	-0.17100581389281447	0.7657544667455077	0.7117289146581616	1	1
protein-lipid complex remodeling	GO:0034368		24	3	3.417113223854797	-0.13018381937255943	0.7923752068513801	0.6845655071489992	1	1
plasma lipoprotein particle remodeling	GO:0034369		24	3	3.417113223854797	-0.13018381937255943	0.7923752068513801	0.6845655071489992	1	1
triglyceride-rich lipoprotein particle remodeling	GO:0034370		9	0	1.281417458945549	-Inf	0	1	1	1
very-low-density lipoprotein particle remodeling	GO:0034372		8	0	1.1390377412849322	-Inf	0	1	1	1
low-density lipoprotein particle remodeling	GO:0034374		9	1	1.281417458945549	-0.24796685502894292	0.7172787766977757	0.7490970444220519	1	1
high-density lipoprotein particle remodeling	GO:0034375		13	1	1.850936329588015	-0.6156916351542602	0.5169348319376487	0.8643214016762081	1	1
plasma lipoprotein particle assembly	GO:0034377		18	3	2.562834917891098	0.1574982530792214	0.9970009612255248	0.4831646634993946	1	1
very-low-density lipoprotein particle assembly	GO:0034379		8	2	1.1390377412849322	0.562963361187386	1.3288054702420249	0.3186516811391211	1	1
high-density lipoprotein particle assembly	GO:0034380		9	1	1.281417458945549	-0.24796685502894292	0.7172787766977757	0.7490970444220519	1	1
plasma lipoprotein particle clearance	GO:0034381		21	1	2.989974070872947	-1.0952647154161463	0.32851034177068966	0.9603427374598169	1	1
chylomicron remnant clearance	GO:0034382		5	0	0.7118985883030826	-Inf	0	1	1	1
low-density lipoprotein particle clearance	GO:0034383		11	1	1.566176894266782	-0.44863755049109394	0.6015547714450307	0.8154912857198441	1	1
high-density lipoprotein particle clearance	GO:0034384		5	0	0.7118985883030826	-Inf	0	1	1	1
lipid droplet organization	GO:0034389		30	9	4.271391529818496	0.7452849179813407	1.4905061619474906	0.020264976439885937	0.4284595018718741	0.4284595018718741
regulation of smooth muscle cell apoptotic process	GO:0034391		16	3	2.2780754825698644	0.2752812887356051	1.0887138899917574	0.4035880108068125	1	1
negative regulation of smooth muscle cell apoptotic process	GO:0034392		8	1	1.1390377412849322	-0.13018381937255932	0.7923752068513801	0.7074204375900333	1	1
positive regulation of smooth muscle cell apoptotic process	GO:0034393		8	2	1.1390377412849322	0.562963361187386	1.3288054702420249	0.3186516811391211	1	1
protein localization to cell surface	GO:0034394		16	1	2.2780754825698644	-0.8233309999325046	0.4259677696783408	0.9144496405462401	1	1
nucleobase-containing small molecule biosynthetic process	GO:0034404		10	1	1.4237971766061652	-0.35332737068676895	0.6545884298137958	0.7848390715887252	1	1
response to fluid shear stress	GO:0034405		25	4	3.5594929415154133	0.11667625855896654	0.966232617868278	0.48536718541514257	1	1
lipid oxidation	GO:0034440		54	5	7.688504753673293	-0.4302884118228974	0.6114938596728685	0.8696905211674257	1	1
substrate adhesion-dependent cell spreading	GO:0034446		24	2	3.417113223854797	-0.5356489274807237	0.5561697644022129	0.8752374453998263	1	1
microtubule anchoring	GO:0034453		14	2	1.9933160472486315	0.00334757325196334	0.8837426586622106	0.613000699683637	1	1
microtubule anchoring at centrosome	GO:0034454		7	2	0.9966580236243158	0.6964947538119086	1.446630636471521	0.2621772575015677	1	1
snRNA 3'-end processing	GO:0034472		5	1	0.7118985883030826	0.33981980987317634	1.1407076173540833	0.5360900744813608	1	1
vacuolar transmembrane transport	GO:0034486		6	0	0.8542783059636992	-Inf	0	1	1	1
protein localization to phagophore assembly site	GO:0034497		10	1	1.4237971766061652	-0.35332737068676895	0.6545884298137958	0.7848390715887252	1	1
early endosome to Golgi transport	GO:0034498		15	3	2.135695764909248	0.33981980987317617	1.1407076173540833	0.32081841502444297	1	1
protein localization to kinetochore	GO:0034501		11	1	1.566176894266782	-0.44863755049109394	0.6015547714450307	0.8154912857198441	1	1
protein localization to chromosome	GO:0034502		77	12	10.963238259867472	0.09035895024159309	0.9466874249324025	0.378992501420084	1	1
protein localization to nucleus	GO:0034504		100	21	14.237971766061653	0.3886099740426082	1.1807754843787959	0.03743355853540241	0.5440719826127625	0.5440719826127625
tooth mineralization	GO:0034505		7	1	0.9966580236243158	0.00334757325196334	0.8837426586622106	0.6588243430336695	1	1
centromere complex assembly	GO:0034508		10	1	1.4237971766061652	-0.35332737068676895	0.6545884298137958	0.7848390715887252	1	1
mitochondrial respiratory chain complex III assembly	GO:0034551		10	0	1.4237971766061652	-Inf	0	1	1	1
cellular response to oxidative stress	GO:0034599		130	17	18.50936329588015	-0.08506338409208973	0.8225209522577432	0.6730667454926942	1	1
cellular response to heat	GO:0034605		29	7	4.12901181215788	0.5278720413761158	1.2984455979842076	0.10797557039404933	0.8877991343510722	0.8877991343510724
response to tumor necrosis factor	GO:0034612		85	13	12.102276001152406	0.07155582327849676	0.9328650680765314	0.41880154240382106	1	1
cellular response to reactive oxygen species	GO:0034614		67	8	9.539441083261307	-0.1759933554038535	0.76254491429362	0.7559352895905437	1	1
response to laminar fluid shear stress	GO:0034616		17	2	2.420455200230481	-0.19080844118899426	0.7530665813565736	0.7193796243190151	1	1
cellular response to unfolded protein	GO:0034620		46	10	6.5494670123883605	0.4232014188122272	1.209560731589093	0.08657943063103837	0.7973479119821224	0.7973479119821225
phosphatidylcholine catabolic process	GO:0034638		9	2	1.281417458945549	0.4451803255310024	1.2280073011830346	0.37400758293388436	1	1
establishment of mitochondrion localization, microtubule-mediated	GO:0034643		14	4	1.9933160472486315	0.6964947538119086	1.446630636471521	0.12680293440222737	0.9280301749694909	0.928030174969491
cellular response to UV	GO:0034644		71	7	10.108959953903774	-0.36751200567872555	0.6464745180343048	0.8870496359068871	1	1
nucleobase-containing small molecule catabolic process	GO:0034656		18	5	2.562834917891098	0.6683238768452122	1.4214885928985646	0.08244908285395423	0.7639803712102056	0.7639803712102055
response to prostaglandin	GO:0034694		17	0	2.420455200230481	-Inf	0	1	1	1
response to prostaglandin E	GO:0034695		11	0	1.566176894266782	-Inf	0	1	1	1
response to gonadotropin	GO:0034698		6	1	0.8542783059636992	0.1574982530792216	0.9970009612255251	0.6021604736719404	1	1
nucleosome organization	GO:0034728		58	8	8.25802362431576	-0.0317437465593069	0.8591064238673326	0.5752146500870012	1	1
iron ion transmembrane transport	GO:0034755		9	2	1.281417458945549	0.4451803255310024	1.2280073011830346	0.37400758293388436	1	1
negative regulation of transmembrane transport	GO:0034763		66	10	9.397061365600692	0.06218807327489656	0.9260234985551345	0.46871657478228856	1	1
positive regulation of transmembrane transport	GO:0034764		100	9	14.237971766061653	-0.4586878863445953	0.5961654323268705	0.9373349061809415	1	1
regulation of monoatomic ion transmembrane transport	GO:0034765		169	16	24.062172284644195	-0.4080522703760156	0.6237113029587413	0.9641292169525654	1	1
negative regulation of monoatomic ion transmembrane transport	GO:0034766		48	9	6.834226447709594	0.2752812887356051	1.0887138899917574	0.23727877586854632	1	1
positive regulation of monoatomic ion transmembrane transport	GO:0034767		74	5	10.536099106885624	-0.7453694584627929	0.45834167974095746	0.9782201065505862	1	1
response to histamine	GO:0034776		7	0	0.9966580236243158	-Inf	0	1	1	1
protein folding in endoplasmic reticulum	GO:0034975		10	2	1.4237971766061652	0.33981980987317634	1.1407076173540833	0.4274187999219954	1	1
response to endoplasmic reticulum stress	GO:0034976		146	35	20.787438778450014	0.5209991620883538	1.292531098370314	6.625004040370417e-4	0.0630321812983814	0.0630321812983814
mitochondrial protein processing	GO:0034982		5	1	0.7118985883030826	0.33981980987317634	1.1407076173540833	0.5360900744813608	1	1
regulation of Rac protein signal transduction	GO:0035020		10	2	1.4237971766061652	0.33981980987317634	1.1407076173540833	0.4274187999219954	1	1
regulation of Rho protein signal transduction	GO:0035023		49	8	6.97660616537021	0.13687896587648585	0.9813919949984321	0.3971903180151672	1	1
negative regulation of Rho protein signal transduction	GO:0035024		15	1	2.135695764909248	-0.7587924787949335	0.4526182666060272	0.900232481476347	1	1
positive regulation of Rho protein signal transduction	GO:0035025		16	3	2.2780754825698644	0.2752812887356051	1.0887138899917574	0.4035880108068125	1	1
sperm-egg recognition	GO:0035036		10	0	1.4237971766061652	-Inf	0	1	1	1
embryonic heart tube development	GO:0035050		9	0	1.281417458945549	-Inf	0	1	1	1
cardiocyte differentiation	GO:0035051		21	1	2.989974070872947	-1.0952647154161463	0.32851034177068966	0.9460619965707682	1	1
axoneme assembly	GO:0035082		44	0	6.264707577067128	-Inf	0	1	1	1
establishment or maintenance of apical/basal cell polarity	GO:0035088		18	3	2.562834917891098	0.1574982530792214	0.9970009612255248	0.4831646634993946	1	1
establishment of apical/basal cell polarity	GO:0035089		12	2	1.7085566119273985	0.1574982530792216	0.9970009612255251	0.5263347265149944	1	1
response to nicotine	GO:0035094		13	1	1.850936329588015	-0.6156916351542602	0.5169348319376487	0.8643214016762081	1	1
behavioral response to nicotine	GO:0035095		5	0	0.7118985883030826	-Inf	0	1	1	1
appendage morphogenesis	GO:0035107		25	0	3.5594929415154133	-Inf	0	1	1	1
limb morphogenesis	GO:0035108		25	0	3.5594929415154133	-Inf	0	1	1	1
embryonic appendage morphogenesis	GO:0035113		19	0	2.705214635551714	-Inf	0	1	1	1
embryonic forelimb morphogenesis	GO:0035115		5	0	0.7118985883030826	-Inf	0	1	1	1
forelimb morphogenesis	GO:0035136		5	0	0.7118985883030826	-Inf	0	1	1	1
tube formation	GO:0035148		11	2	1.566176894266782	0.24450963006885137	1.0643462602905969	0.4783169302775343	1	1
regulation of tube size	GO:0035150		44	6	6.264707577067128	-0.043172442382929624	0.8511778531306146	0.6110915459913915	1	1
embryonic hemopoiesis	GO:0035162		5	0	0.7118985883030826	-Inf	0	1	1	1
social behavior	GO:0035176		11	0	1.566176894266782	-Inf	0	1	1	1
regulatory ncRNA-mediated post-transcriptional gene silencing	GO:0035194		25	6	3.5594929415154133	0.5221413666671308	1.2935132983402626	0.13452909785540595	0.9672449295933598	0.96724492959336
miRNA-mediated post-transcriptional gene silencing	GO:0035195		24	5	3.417113223854797	0.38064180439343137	1.1741885603508528	0.2498152383468616	1	1
miRNA processing	GO:0035196		31	6	4.413771247479112	0.3070299870501854	1.1141442048502774	0.27401906744480875	1	1
ionotropic glutamate receptor signaling pathway	GO:0035235		5	2	0.7118985883030826	1.0329669904331216	1.756382046950204	0.15090142328628167	0.9672449295933598	0.96724492959336
tube morphogenesis	GO:0035239		139	20	19.790780754825697	0.010516062730575966	0.8888290811058179	0.4890219152282823	1	1
organ growth	GO:0035265		7	1	0.9966580236243158	0.00334757325196334	0.8837426586622106	0.6588243430336695	1	1
protein mannosylation	GO:0035268		15	1	2.135695764909248	-0.7587924787949335	0.4526182666060272	0.900232481476347	1	1
protein O-linked mannosylation	GO:0035269		14	1	1.9933160472486315	-0.689799607307982	0.48271091085741513	0.8836537633679444	1	1
endocrine system development	GO:0035270		22	0	3.132353788533564	-Inf	0	1	1	1
miRNA-mediated gene silencing by inhibition of translation	GO:0035278		16	3	2.2780754825698644	0.2752812887356051	1.0887138899917574	0.4035880108068125	1	1
miRNA-mediated gene silencing by mRNA destabilization	GO:0035279		8	2	1.1390377412849322	0.562963361187386	1.3288054702420249	0.3186516811391211	1	1
segmentation	GO:0035282		8	0	1.1390377412849322	-Inf	0	1	1	1
tube development	GO:0035295		172	22	24.489311437626043	-0.1071943011478605	0.8076408193937519	0.69774746089347806	1	1
regulation of tube diameter	GO:0035296		44	6	6.264707577067128	-0.043172442382929624	0.8511778531306146	0.6110915459913915	1	1
regulation of dephosphorylation	GO:0035303		14	3	1.9933160472486315	0.40881268136012766	1.1975499993590397	0.32081841502444297	1	1
wound healing, spreading of epidermal cells	GO:0035313		5	1	0.7118985883030826	0.33981980987317634	1.1407076173540833	0.5360900744813608	1	1
hair cell differentiation	GO:0035315		6	1	0.8542783059636992	0.1574982530792216	0.9970009612255251	0.6021604736719404	1	1
hippo signaling	GO:0035329		17	3	2.420455200230481	0.21465666691917012	1.0409768694321027	0.4035880108068125	1	1
regulation of hippo signaling	GO:0035330		37	8	5.268049553442812	0.417781351342888	1.205030282694324	0.11489316108101086	0.9280301749694909	0.928030174969491
negative regulation of hippo signaling	GO:0035331		24	6	3.417113223854797	0.5629633611873859	1.3288054702420247	0.11540392984653079	0.9280301749694909	0.928030174969491
positive regulation of hippo signaling	GO:0035332		10	2	1.4237971766061652	0.33981980987317634	1.1407076173540833	0.3186516811391211	1	1
peptidyl-tyrosine dephosphorylation	GO:0035335		20	5	2.8475943532123305	0.562963361187386	1.3288054702420249	0.12219140300801425	0.9280301749694909	0.928030174969491
long-chain fatty-acyl-CoA metabolic process	GO:0035336		23	7	3.2747335061941802	0.7596736554334403	1.5035222772603736	0.036018714146362145	0.5440719826127625	0.5440719826127625
fatty-acyl-CoA metabolic process	GO:0035337		35	9	4.9832901181215785	0.5911342381540823	1.3533681993164364	0.052086481570352144	0.6208428944224524	0.6208428944224524
long-chain fatty-acyl-CoA biosynthetic process	GO:0035338		18	4	2.562834917891098	0.4451803255310024	1.2280073011830346	0.24782345497280558	1	1
intracellular triglyceride homeostasis	GO:0035356		5	0	0.7118985883030826	-Inf	0	1	1	1
peroxisome proliferator activated receptor signaling pathway	GO:0035357		5	0	0.7118985883030826	-Inf	0	1	1	1
regulation of peroxisome proliferator activated receptor signaling pathway	GO:0035358		5	0	0.7118985883030826	-Inf	0	1	1	1
positive regulation of peroxisome proliferator activated receptor signaling pathway	GO:0035360		5	0	0.7118985883030826	-Inf	0	1	1	1
protein localization to microtubule	GO:0035372		9	1	1.281417458945549	-0.24796685502894292	0.7172787766977757	0.7490970444220519	1	1
thioester metabolic process	GO:0035383		60	9	8.542783059636992	0.05213773742139535	0.9187167652206437	0.4673819597326775	1	1
thioester biosynthetic process	GO:0035384		36	6	5.125669835782196	0.1574982530792214	0.9970009612255248	0.38049647447350804	1	1
Roundabout signaling pathway	GO:0035385		5	2	0.7118985883030826	1.0329669904331216	1.756382046950204	0.15090142328628167	0.9672449295933598	0.96724492959336
phosphate ion transmembrane transport	GO:0035435		6	0	0.8542783059636992	-Inf	0	1	1	1
maintenance of protein localization in endoplasmic reticulum	GO:0035437		6	2	0.8542783059636992	0.8506454336391669	1.586566709705886	0.205738078528463	1	1
response to interferon-alpha	GO:0035455		16	4	2.2780754825698644	0.562963361187386	1.3288054702420249	0.15441554072110325	0.9672449295933598	0.96724492959336
response to interferon-beta	GO:0035456		23	4	3.2747335061941802	0.2000578674980176	1.029647840225027	0.3843302830382723	1	1
cellular response to interferon-alpha	GO:0035457		7	1	0.9966580236243158	0.00334757325196334	0.8837426586622106	0.6021604736719404	1	1
cellular response to interferon-beta	GO:0035458		17	2	2.420455200230481	-0.19080844118899426	0.7530665813565736	0.68697509542795	1	1
vesicle cargo loading	GO:0035459		17	7	2.420455200230481	1.0619545273063737	1.783734935837704	0.006166185672458769	0.25078959742641466	0.25078959742641466
vitamin transmembrane transport	GO:0035461		12	0	1.7085566119273985	-Inf	0	1	1	1
determination of pancreatic left/right asymmetry	GO:0035469		5	0	0.7118985883030826	-Inf	0	1	1	1
SNARE complex assembly	GO:0035493		5	0	0.7118985883030826	-Inf	0	1	1	1
protein K29-linked ubiquitination	GO:0035519		11	2	1.566176894266782	0.24450963006885137	1.0643462602905969	0.4274187999219954	1	1
monoubiquitinated protein deubiquitination	GO:0035520		8	4	1.1390377412849322	1.2561105417473313	1.968939649300815	0.01778370527369701	0.4134473689518601	0.41344736895186013
positive regulation of chromatin binding	GO:0035563		7	2	0.9966580236243158	0.6964947538119086	1.446630636471521	0.2621772575015677	1	1
non-canonical Wnt signaling pathway	GO:0035567		19	1	2.705214635551714	-0.9951812568591639	0.36171688738970265	0.9460619965707682	1	1
establishment of protein localization to extracellular region	GO:0035592		29	4	4.12901181215788	-0.0317437465593069	0.8591064238673326	0.6079761405250586	1	1
protein deacylation	GO:0035601		21	4	2.989974070872947	0.29102964570374423	1.1012919593117916	0.34987809677918136	1	1
stress granule disassembly	GO:0035617		5	2	0.7118985883030826	1.0329669904331216	1.756382046950204	0.15090142328628167	0.9672449295933598	0.96724492959336
ceramide transport	GO:0035627		14	3	1.9933160472486315	0.40881268136012766	1.1975499993590397	0.32081841502444297	1	1
maintenance of blood-brain barrier	GO:0035633		10	0	1.4237971766061652	-Inf	0	1	1	1
endosome to melanosome transport	GO:0035646		9	2	1.281417458945549	0.4451803255310024	1.2280073011830346	0.37400758293388436	1	1
interleukin-18-mediated signaling pathway	GO:0035655		6	3	0.8542783059636992	1.2561105417473313	1.968939649300815	0.04122811280191899	0.5440719826127625	0.5440719826127625
TRIF-dependent toll-like receptor signaling pathway	GO:0035666		8	4	1.1390377412849322	1.2561105417473313	1.968939649300815	0.01778370527369701	0.4134473689518601	0.41344736895186013
oligopeptide transmembrane transport	GO:0035672		7	1	0.9966580236243158	0.00334757325196334	0.8837426586622106	0.6588243430336695	1	1
mitochondrial protein catabolic process	GO:0035694		10	3	1.4237971766061652	0.7452849179813407	1.4905061619474906	0.16036271498144075	0.9728178948861119	0.9728178948861118
hematopoietic stem cell migration	GO:0035701		5	0	0.7118985883030826	-Inf	0	1	1	1
CD4-positive, alpha-beta T cell activation	GO:0035710		20	0	2.8475943532123305	-Inf	0	1	1	1
intraciliary retrograde transport	GO:0035721		7	0	0.9966580236243158	-Inf	0	1	1	1
interleukin-12-mediated signaling pathway	GO:0035722		9	0	1.281417458945549	-Inf	0	1	1	1
interleukin-15-mediated signaling pathway	GO:0035723		10	1	1.4237971766061652	-0.35332737068676895	0.6545884298137958	0.7490970444220519	1	1
sodium ion transmembrane transport	GO:0035725		44	0	6.264707577067128	-Inf	0	1	1	1
response to hepatocyte growth factor	GO:0035728		5	0	0.7118985883030826	-Inf	0	1	1	1
cellular response to hepatocyte growth factor stimulus	GO:0035729		5	0	0.7118985883030826	-Inf	0	1	1	1
intraciliary transport involved in cilium assembly	GO:0035735		6	0	0.8542783059636992	-Inf	0	1	1	1
regulation of lysosomal lumen pH	GO:0035751		17	6	2.420455200230481	0.9078038474791155	1.6393559048870878	0.025162764763553752	0.4544651208820827	0.4544651208820827
endothelial cell chemotaxis	GO:0035767		8	0	1.1390377412849322	-Inf	0	1	1	1
interleukin-4-mediated signaling pathway	GO:0035771		6	1	0.8542783059636992	0.1574982530792216	0.9970009612255251	0.6021604736719404	1	1
positive regulation of insulin secretion involved in cellular response to glucose stimulus	GO:0035774		8	0	1.1390377412849322	-Inf	0	1	1	1
platelet-derived growth factor receptor-beta signaling pathway	GO:0035791		6	1	0.8542783059636992	0.1574982530792216	0.9970009612255251	0.6021604736719404	1	1
positive regulation of mitochondrial membrane permeability	GO:0035794		15	2	2.135695764909248	-0.06564529823498817	0.835725121529455	0.613000699683637	1	1
negative regulation of mitochondrial membrane permeability	GO:0035795		9	1	1.281417458945549	-0.24796685502894292	0.7172787766977757	0.7490970444220519	1	1
modulation of process of another organism	GO:0035821		96	18	13.668452895419188	0.2752812887356051	1.0887138899917574	0.12290141019903911	0.9280301749694909	0.928030174969491
homologous recombination	GO:0035825		21	1	2.989974070872947	-1.0952647154161463	0.32851034177068966	0.9370965178627342	1	1
glial cell-derived neurotrophic factor receptor signaling pathway	GO:0035860		11	2	1.566176894266782	0.24450963006885137	1.0643462602905969	0.4274187999219954	1	1
protein K11-linked deubiquitination	GO:0035871		11	4	1.566176894266782	0.9376568106287967	1.667097955851661	0.05899071940642686	0.6444853879168564	0.6444853879168564
nucleotide-binding domain, leucine rich repeat containing receptor signaling pathway	GO:0035872		16	6	2.2780754825698644	0.9684284692955504	1.6958091564460576	0.01845808979022611	0.4134473689518601	0.41344736895186013
enteroendocrine cell differentiation	GO:0035883		6	0	0.8542783059636992	-Inf	0	1	1	1
exit from host cell	GO:0035891		28	10	3.986632094497263	0.9196383051261183	1.6503400064058957	0.0020110201722361083	0.12458971485667425	0.12458971485667425
cellular response to vascular endothelial growth factor stimulus	GO:0035924		31	6	4.413771247479112	0.3070299870501854	1.1141442048502774	0.27401906744480875	1	1
response to topologically incorrect protein	GO:0035966		79	24	11.247997695188706	0.7578637001882007	1.5018831176970293	1.1237257162360912e-4	0.026031350504808235	0.02603135050480824
cellular response to topologically incorrect protein	GO:0035967		57	16	8.115643906655142	0.6787951767125077	1.430817199811578	0.00329553648076929	0.17047202300523084	0.17047202300523084
peptidyl-threonine dephosphorylation	GO:0035970		9	2	1.281417458945549	0.4451803255310024	1.2280073011830346	0.3186516811391211	1	1
aggrephagy	GO:0035973		6	3	0.8542783059636992	1.2561105417473313	1.968939649300815	0.04122811280191899	0.5440719826127625	0.5440719826127625
endodermal cell differentiation	GO:0035987		11	0	1.566176894266782	-Inf	0	1	1	1
response to muscle stretch	GO:0035994		11	1	1.566176894266782	-0.44863755049109394	0.6015547714450307	0.8154912857198441	1	1
detection of muscle stretch	GO:0035995		6	1	0.8542783059636992	0.1574982530792216	0.9970009612255251	0.6021604736719404	1	1
tetrahydrofolate interconversion	GO:0035999		5	0	0.7118985883030826	-Inf	0	1	1	1
protein localization to endosome	GO:0036010		10	6	1.4237971766061652	1.438432098541286	2.145368740123665	0.0010377453248007072	0.08252398642594282	0.0825239864259428
response to erythropoietin	GO:0036017		5	1	0.7118985883030826	0.33981980987317634	1.1407076173540833	0.5360900744813608	1	1
cellular response to erythropoietin	GO:0036018		5	1	0.7118985883030826	0.33981980987317634	1.1407076173540833	0.5360900744813608	1	1
fucosylation	GO:0036065		6	0	0.8542783059636992	-Inf	0	1	1	1
cleavage furrow formation	GO:0036089		5	2	0.7118985883030826	1.0329669904331216	1.756382046950204	0.15090142328628167	0.9672449295933598	0.96724492959336
phosphatidylinositol-3-phosphate biosynthetic process	GO:0036092		5	0	0.7118985883030826	-Inf	0	1	1	1
alpha-linolenic acid metabolic process	GO:0036109		10	1	1.4237971766061652	-0.35332737068676895	0.6545884298137958	0.7848390715887252	1	1
response to platelet-derived growth factor	GO:0036119		7	0	0.9966580236243158	-Inf	0	1	1	1
cellular response to platelet-derived growth factor stimulus	GO:0036120		7	0	0.9966580236243158	-Inf	0	1	1	1
phosphatidylglycerol acyl-chain remodeling	GO:0036148		9	1	1.281417458945549	-0.24796685502894292	0.7172787766977757	0.7490970444220519	1	1
phosphatidylserine acyl-chain remodeling	GO:0036150		9	3	1.281417458945549	0.8506454336391668	1.5865667097058858	0.12490602485745164	0.9280301749694909	0.928030174969491
phosphatidylcholine acyl-chain remodeling	GO:0036151		13	6	1.850936329588015	1.176067834073795	1.8921996570960806	0.005779524473081577	0.2483331160691826	0.2483331160691826
phosphatidylethanolamine acyl-chain remodeling	GO:0036152		11	2	1.566176894266782	0.24450963006885137	1.0643462602905969	0.4783169302775343	1	1
outer dynein arm assembly	GO:0036158		16	0	2.2780754825698644	-Inf	0	1	1	1
inner dynein arm assembly	GO:0036159		12	0	1.7085566119273985	-Inf	0	1	1	1
granulocyte activation	GO:0036230		21	9	2.989974070872947	1.101959861920073	1.8216227766169788	0.0013741888619607993	0.10312222896517098	0.10312222896517097
multivesicular body organization	GO:0036257		22	6	3.132353788533564	0.6499747381770157	1.405190961529407	0.054254725899734894	0.6283266241711405	0.6283266241711405
multivesicular body assembly	GO:0036258		21	5	2.989974070872947	0.5141731970179539	1.286667453230158	0.12219140300801425	0.9280301749694909	0.928030174969491
RNA capping	GO:0036260		7	0	0.9966580236243158	-Inf	0	1	1	1
peptidyl-serine autophosphorylation	GO:0036289		5	0	0.7118985883030826	-Inf	0	1	1	1
response to decreased oxygen levels	GO:0036293		94	13	13.383693460097955	-0.02908770250119069	0.8609557569067279	0.5405563114626493	1	1
cellular response to decreased oxygen levels	GO:0036294		51	8	7.261365600691443	0.09687363126278688	0.9515041992779714	0.42012984257351416	1	1
cellular response to increased oxygen levels	GO:0036295		9	2	1.281417458945549	0.4451803255310024	1.2280073011830346	0.37400758293388436	1	1
response to increased oxygen levels	GO:0036296		9	2	1.281417458945549	0.4451803255310024	1.2280073011830346	0.37400758293388436	1	1
interstrand cross-link repair	GO:0036297		25	2	3.5594929415154133	-0.5764709220009788	0.5358617943040874	0.8752374453998263	1	1
lymph vessel morphogenesis	GO:0036303		7	1	0.9966580236243158	0.00334757325196334	0.8837426586622106	0.6588243430336695	1	1
response to sterol	GO:0036314		17	3	2.420455200230481	0.21465666691917012	1.0409768694321027	0.44394112874496316	1	1
cellular response to sterol	GO:0036315		11	1	1.566176894266782	-0.44863755049109394	0.6015547714450307	0.8154912857198441	1	1
vascular endothelial growth factor receptor-2 signaling pathway	GO:0036324		5	0	0.7118985883030826	-Inf	0	1	1	1
dendritic cell migration	GO:0036336		12	4	1.7085566119273985	0.8506454336391669	1.586566709705886	0.07882500601757823	0.7437657096191486	0.7437657096191486
platelet morphogenesis	GO:0036344		9	4	1.281417458945549	1.1383275060909477	1.856196779724982	0.028449910051810343	0.47523939698389417	0.47523939698389417
sodium ion export across plasma membrane	GO:0036376		7	0	0.9966580236243158	-Inf	0	1	1	1
calcium import into the mitochondrion	GO:0036444		9	1	1.281417458945549	-0.24796685502894292	0.7172787766977757	0.7490970444220519	1	1
TRAIL-activated apoptotic signaling pathway	GO:0036462		8	5	1.1390377412849322	1.479254093061541	2.185129894241697	0.0022404715467201734	0.1372095678267251	0.13720956782672508
synaptic vesicle recycling	GO:0036465		13	2	1.850936329588015	0.0774555454056851	0.937189140297217	0.571260373303752	1	1
regulation of translation in response to endoplasmic reticulum stress	GO:0036490		8	2	1.1390377412849322	0.562963361187386	1.3288054702420249	0.3186516811391211	1	1
PERK-mediated unfolded protein response	GO:0036499		7	0	0.9966580236243158	-Inf	0	1	1	1
ATF6-mediated unfolded protein response	GO:0036500		6	1	0.8542783059636992	0.1574982530792216	0.9970009612255251	0.6021604736719404	1	1
ERAD pathway	GO:0036503		62	20	8.827542494958225	0.817855610816176	1.5564900645253732	2.4429174919235035e-4	0.03425227472886428	0.03425227472886428
protein demannosylation	GO:0036507		15	4	2.135695764909248	0.6275018823249572	1.3853179128298705	0.15441554072110325	0.9672449295933598	0.96724492959336
protein alpha-1,2-demannosylation	GO:0036508		15	4	2.135695764909248	0.6275018823249572	1.3853179128298705	0.15441554072110325	0.9672449295933598	0.96724492959336
signal transduction in absence of ligand	GO:0038034		5	0	0.7118985883030826	-Inf	0	1	1	1
interleukin-5-mediated signaling pathway	GO:0038043		6	2	0.8542783059636992	0.8506454336391669	1.586566709705886	0.205738078528463	1	1
nitric oxide-cGMP-mediated signaling pathway	GO:0038060		9	1	1.281417458945549	-0.24796685502894292	0.7172787766977757	0.7490970444220519	1	1
non-canonical NF-kappaB signal transduction	GO:0038061		18	6	2.562834917891098	0.8506454336391668	1.5865667097058858	0.025162764763553752	0.4544651208820827	0.4544651208820827
collagen-activated signaling pathway	GO:0038065		6	0	0.8542783059636992	-Inf	0	1	1	1
p38MAPK cascade	GO:0038066		7	3	0.9966580236243158	1.101959861920073	1.8216227766169788	0.06464013109570181	0.6615082771291728	0.6615082771291728
peptidyl-tyrosine autophosphorylation	GO:0038083		10	0	1.4237971766061652	-Inf	0	1	1	1
vascular endothelial growth factor signaling pathway	GO:0038084		12	1	1.7085566119273985	-0.5356489274807237	0.5561697644022129	0.8417782456475578	1	1
nodal signaling pathway	GO:0038092		7	1	0.9966580236243158	0.00334757325196334	0.8837426586622106	0.6021604736719404	1	1
Fc receptor signaling pathway	GO:0038093		47	14	6.691846730048978	0.7381674502124764	1.4840803357877943	0.004591922923641939	0.20733699438274789	0.20733699438274789
Fc-gamma receptor signaling pathway	GO:0038094		28	9	3.986632094497263	0.8142777894682919	1.553217851118085	0.012729509022323346	0.3378123706812019	0.33781237068120196
Fc-epsilon receptor signaling pathway	GO:0038095		21	8	2.989974070872947	0.9841768262636895	1.710546512190131	0.006019534795342887	0.25056313585614765	0.25056313585614765
Fc-gamma receptor signaling pathway involved in phagocytosis	GO:0038096		22	8	3.132353788533564	0.9376568106287967	1.667097955851661	0.00829684081242988	0.27978207499130636	0.27978207499130636
interleukin-2-mediated signaling pathway	GO:0038110		8	1	1.1390377412849322	-0.13018381937255932	0.7923752068513801	0.7074204375900333	1	1
interleukin-7-mediated signaling pathway	GO:0038111		8	0	1.1390377412849322	-Inf	0	1	1	1
interleukin-9-mediated signaling pathway	GO:0038113		8	1	1.1390377412849322	-0.13018381937255932	0.7923752068513801	0.7074204375900333	1	1
ERBB signaling pathway	GO:0038127		52	11	7.40374531835206	0.39590927652421976	1.186824013778195	0.11243032289757318	0.920167066664009	0.920167066664009
ERBB2 signaling pathway	GO:0038128		13	2	1.850936329588015	0.0774555454056851	0.937189140297217	0.571260373303752	1	1
ERBB4 signaling pathway	GO:0038130		5	0	0.7118985883030826	-Inf	0	1	1	1
ERBB2-EGFR signaling pathway	GO:0038134		6	1	0.8542783059636992	0.1574982530792216	0.9970009612255251	0.6021604736719404	1	1
chemokine (C-X-C motif) ligand 12 signaling pathway	GO:0038146		6	1	0.8542783059636992	0.1574982530792216	0.9970009612255251	0.6021604736719404	1	1
interleukin-11-mediated signaling pathway	GO:0038154		5	2	0.7118985883030826	1.0329669904331216	1.756382046950204	0.15090142328628167	0.9672449295933598	0.96724492959336
interleukin-23-mediated signaling pathway	GO:0038155		6	1	0.8542783059636992	0.1574982530792216	0.9970009612255251	0.6021604736719404	1	1
interleukin-3-mediated signaling pathway	GO:0038156		5	1	0.7118985883030826	0.33981980987317634	1.1407076173540833	0.5360900744813608	1	1
C-X-C chemokine receptor CXCR4 signaling pathway	GO:0038159		5	1	0.7118985883030826	0.33981980987317634	1.1407076173540833	0.5360900744813608	1	1
erythropoietin-mediated signaling pathway	GO:0038162		5	1	0.7118985883030826	0.33981980987317634	1.1407076173540833	0.5360900744813608	1	1
thrombopoietin-mediated signaling pathway	GO:0038163		5	0	0.7118985883030826	-Inf	0	1	1	1
angiotensin-activated signaling pathway	GO:0038166		9	0	1.281417458945549	-Inf	0	1	1	1
interleukin-33-mediated signaling pathway	GO:0038172		7	6	0.9966580236243158	1.7951070424800182	2.4950820276161934	5.0947688979766135e-5	0.012926156518294952	0.01292615651829495
interleukin-17A-mediated signaling pathway	GO:0038173		6	3	0.8542783059636992	1.2561105417473313	1.968939649300815	0.04122811280191899	0.5440719826127625	0.5440719826127625
neurotrophin signaling pathway	GO:0038179		5	1	0.7118985883030826	0.33981980987317634	1.1407076173540833	0.5360900744813608	1	1
TORC1 signaling	GO:0038202		5	0	0.7118985883030826	-Inf	0	1	1	1
TORC2 signaling	GO:0038203		7	1	0.9966580236243158	0.00334757325196334	0.8837426586622106	0.6588243430336695	1	1
RIG-I signaling pathway	GO:0039529		7	1	0.9966580236243158	0.00334757325196334	0.8837426586622106	0.6588243430336695	1	1
regulation of viral-induced cytoplasmic pattern recognition receptor signaling pathway	GO:0039531		107	30	15.23462978968597	0.6776262695075257	1.4297748534308645	8.420281517081413e-5	0.020392390874095348	0.020392390874095348
negative regulation of viral-induced cytoplasmic pattern recognition receptor signaling pathway	GO:0039532		58	15	8.25802362431576	0.5968649128630672	1.3583850192653664	0.009956801631595081	0.3065770520091457	0.30657705200914576
regulation of MDA-5 signaling pathway	GO:0039533		7	1	0.9966580236243158	0.00334757325196334	0.8837426586622106	0.6588243430336695	1	1
regulation of RIG-I signaling pathway	GO:0039535		20	4	2.8475943532123305	0.33981980987317634	1.1407076173540833	0.2813253354967498	1	1
negative regulation of RIG-I signaling pathway	GO:0039536		7	2	0.9966580236243158	0.6964947538119086	1.446630636471521	0.2621772575015677	1	1
viral budding via host ESCRT complex	GO:0039702		22	6	3.132353788533564	0.6499747381770157	1.405190961529407	0.054254725899734894	0.6283266241711405	0.6283266241711405
establishment of mitotic spindle localization	GO:0040001		26	5	3.70187265917603	0.30059909671989493	1.1089698390635254	0.3080657363242753	1	1
growth	GO:0040007		38	5	5.410429271103428	-0.07889052498500881	0.8267035041073989	0.6460095996210795	1	1
locomotion	GO:0040011		182	33	25.91310861423221	0.24175859669696143	1.0621814455758827	0.06509975631440973	0.6615082771291728	0.6615082771291728
regulation of multicellular organism growth	GO:0040014		7	0	0.9966580236243158	-Inf	0	1	1	1
positive regulation of multicellular organism growth	GO:0040018		7	0	0.9966580236243158	-Inf	0	1	1	1
epigenetic regulation of gene expression	GO:0040029		139	20	19.790780754825697	0.010516062730575966	0.8888290811058179	0.44695083161217253	1	1
regulation of fibroblast growth factor receptor signaling pathway	GO:0040036		14	1	1.9933160472486315	-0.689799607307982	0.48271091085741513	0.8836537633679444	1	1
negative regulation of fibroblast growth factor receptor signaling pathway	GO:0040037		5	1	0.7118985883030826	0.33981980987317634	1.1407076173540833	0.5360900744813608	1	1
protein refolding	GO:0042026		15	3	2.135695764909248	0.33981980987317617	1.1407076173540833	0.362419133600277	1	1
fluid transport	GO:0042044		15	1	2.135695764909248	-0.7587924787949335	0.4526182666060272	0.900232481476347	1	1
regulation of epidermal growth factor receptor signaling pathway	GO:0042058		47	9	6.691846730048978	0.2963346979334373	1.1055451413923871	0.21833876096468605	1	1
negative regulation of epidermal growth factor receptor signaling pathway	GO:0042059		20	6	2.8475943532123305	0.7452849179813407	1.4905061619474906	0.054254725899734894	0.6283266241711405	0.6283266241711405
wound healing	GO:0042060		157	26	22.353615672716796	0.1511084549804506	0.9921491536914142	0.19189351820780437	1	1
gliogenesis	GO:0042063		27	2	3.8442523768366463	-0.6534319631371072	0.4992566297591072	0.9134826756976153	1	1
intraciliary transport	GO:0042073		19	0	2.705214635551714	-Inf	0	1	1	1
T-helper 1 type immune response	GO:0042088		9	1	1.281417458945549	-0.24796685502894292	0.7172787766977757	0.7490970444220519	1	1
type 2 immune response	GO:0042092		8	1	1.1390377412849322	-0.13018381937255932	0.7923752068513801	0.7074204375900333	1	1
T-helper cell differentiation	GO:0042093		18	0	2.562834917891098	-Inf	0	1	1	1
T cell proliferation	GO:0042098		9	2	1.281417458945549	0.4451803255310024	1.2280073011830346	0.37400758293388436	1	1
B cell proliferation	GO:0042100		8	0	1.1390377412849322	-Inf	0	1	1	1
positive regulation of T cell proliferation	GO:0042102		57	9	8.115643906655142	0.10343103180894582	0.9563668945957576	0.40310603573080234	1	1
positive regulation of activated T cell proliferation	GO:0042104		16	2	2.2780754825698644	-0.13018381937255932	0.7923752068513801	0.68697509542795	1	1
T cell activation	GO:0042110		96	13	13.668452895419188	-0.05014111169902301	0.8463665025049211	0.606275487307088	1	1
B cell activation	GO:0042113		39	2	5.5528089887640455	-1.0211567432624247	0.35281286514270094	0.9813801053849521	1	1
macrophage activation	GO:0042116		19	5	2.705214635551714	0.6142566555749365	1.3736510814004799	0.12219140300801425	0.9280301749694909	0.928030174969491
monocyte activation	GO:0042117		7	3	0.9966580236243158	1.101959861920073	1.8216227766169788	0.06464013109570181	0.6615082771291728	0.6615082771291728
endothelial cell activation	GO:0042118		8	1	1.1390377412849322	-0.13018381937255932	0.7923752068513801	0.7074204375900333	1	1
neutrophil activation	GO:0042119		18	9	2.562834917891098	1.2561105417473313	1.968939649300815	3.401466041126156e-4	0.042146537365395725	0.042146537365395725
regulation of T cell proliferation	GO:0042129		86	12	12.244655718813021	-0.020182924158230794	0.8671743536981672	0.5600571610959615	1	1
negative regulation of T cell proliferation	GO:0042130		29	4	4.12901181215788	-0.0317437465593069	0.8591064238673326	0.6079761405250586	1	1
retrograde transport, endosome to Golgi	GO:0042147		72	17	10.251339671564391	0.5058049473474372	1.279493334814438	0.01717385072887823	0.4134473689518601	0.41344736895186013
cellular response to glucose starvation	GO:0042149		32	10	4.556150965139729	0.7861069125015957	1.527521157251529	0.010919640089448613	0.31966946371748467	0.31966946371748467
lipoprotein metabolic process	GO:0042157		42	12	5.979948141745894	0.6964947538119086	1.446630636471521	0.011928287731197071	0.32885915310240743	0.3288591531024075
lipoprotein biosynthetic process	GO:0042158		31	8	4.413771247479112	0.5947120595019664	1.356499553664263	0.06392379140830819	0.6615082771291728	0.6615082771291728
lipoprotein catabolic process	GO:0042159		9	3	1.281417458945549	0.8506454336391668	1.5865667097058858	0.12490602485745164	0.9280301749694909	0.928030174969491
heme catabolic process	GO:0042167		9	0	1.281417458945549	-Inf	0	1	1	1
heme metabolic process	GO:0042168		28	1	3.986632094497263	-1.3829467878679274	0.248279647512412	0.9842418093228951	1	1
negative regulation of protein catabolic process	GO:0042177		82	13	11.675136848170556	0.1074878325045601	0.9593824236735172	0.34876371673680906	1	1
xenobiotic catabolic process	GO:0042178		22	2	3.132353788533564	-0.44863755049109394	0.6015547714450307	0.7999882008278627	1	1
cellular ketone metabolic process	GO:0042180		58	1	8.25802362431576	-2.1111852882391426	0.12080033426164123	0.9998668844631029	1	1
ketone biosynthetic process	GO:0042181		24	0	3.417113223854797	-Inf	0	1	1	1
ketone catabolic process	GO:0042182		5	0	0.7118985883030826	-Inf	0	1	1	1
cellular modified amino acid catabolic process	GO:0042219		16	0	2.2780754825698644	-Inf	0	1	1	1
ribosome biogenesis	GO:0042254		172	11	24.489311437626043	-0.8003414817078058	0.4352977216758439	0.999392105072479	1	1
ribosome assembly	GO:0042255		37	3	5.268049553442812	-0.5630479016688381	0.542470631262024	0.8928405695958253	1	1
cytosolic ribosome assembly	GO:0042256		7	2	0.9966580236243158	0.6964947538119086	1.446630636471521	0.2621772575015677	1	1
natural killer cell mediated cytotoxicity	GO:0042267		28	6	3.986632094497263	0.40881268136012766	1.1975499993590397	0.1997364684615226	1	1
regulation of natural killer cell mediated cytotoxicity	GO:0042269		41	5	5.837568424085278	-0.15487643196293088	0.776198057976903	0.7128644842715766	1	1
protection from natural killer cell mediated cytotoxicity	GO:0042270		6	0	0.8542783059636992	-Inf	0	1	1	1
ribosomal large subunit biogenesis	GO:0042273		36	1	5.125669835782196	-1.6342612161488335	0.19387953543937952	0.9937404961027188	1	1
ribosomal small subunit biogenesis	GO:0042274		75	4	10.678478824546241	-0.9819360301091433	0.36633617734442026	0.9956083756556138	1	1
error-prone translesion synthesis	GO:0042276		9	0	1.281417458945549	-Inf	0	1	1	1
purine nucleoside metabolic process	GO:0042278		12	3	1.7085566119273985	0.5629633611873859	1.3288054702420247	0.19837721332207095	1	1
vocal learning	GO:0042297		6	0	0.8542783059636992	-Inf	0	1	1	1
molting cycle	GO:0042303		21	0	2.989974070872947	-Inf	0	1	1	1
regulation of fatty acid biosynthetic process	GO:0042304		23	3	3.2747335061941802	-0.08762420495376344	0.8207899149785506	0.6555311086933588	1	1
regulation of protein import into nucleus	GO:0042306		32	5	4.556150965139729	0.09295973194165044	0.9486086645812349	0.4866111143499511	1	1
positive regulation of protein import into nucleus	GO:0042307		23	4	3.2747335061941802	0.2000578674980176	1.029647840225027	0.4185444726443731	1	1
negative regulation of protein import into nucleus	GO:0042308		8	1	1.1390377412849322	-0.13018381937255932	0.7923752068513801	0.7074204375900333	1	1
vasoconstriction	GO:0042310		9	1	1.281417458945549	-0.24796685502894292	0.7172787766977757	0.7490970444220519	1	1
vasodilation	GO:0042311		14	1	1.9933160472486315	-0.689799607307982	0.48271091085741513	0.8836537633679444	1	1
negative regulation of phosphorylation	GO:0042326		103	22	14.665110919043503	0.4055711874359566	1.1948514820634157	0.025647674233918557	0.4601037317115086	0.46010373171150865
taxis	GO:0042330		181	33	25.770728896571594	0.24726825250793105	1.066519321299637	0.06509975631440973	0.6615082771291728	0.6615082771291728
keratan sulfate metabolic process	GO:0042339		18	4	2.562834917891098	0.4451803255310024	1.2280073011830346	0.24782345497280558	1	1
GDP-L-fucose biosynthetic process	GO:0042350		5	1	0.7118985883030826	0.33981980987317634	1.1407076173540833	0.5360900744813608	1	1
vitamin D metabolic process	GO:0042359		12	0	1.7085566119273985	-Inf	0	1	1	1
fat-soluble vitamin catabolic process	GO:0042363		9	0	1.281417458945549	-Inf	0	1	1	1
vitamin K metabolic process	GO:0042373		9	0	1.281417458945549	-Inf	0	1	1	1
regulation of membrane potential	GO:0042391		166	19	23.635033131662343	-0.2182910868828261	0.7357040498441106	0.8633579888469678	1	1
cellular modified amino acid biosynthetic process	GO:0042398		21	1	2.989974070872947	-1.0952647154161463	0.32851034177068966	0.9603427374598169	1	1
biogenic amine biosynthetic process	GO:0042401		17	1	2.420455200230481	-0.8839556217489396	0.4022127055642241	0.9266415165604416	1	1
cellular biogenic amine catabolic process	GO:0042402		14	0	1.9933160472486315	-Inf	0	1	1	1
thyroid hormone metabolic process	GO:0042403		16	2	2.2780754825698644	-0.13018381937255932	0.7923752068513801	0.68697509542795	1	1
cristae formation	GO:0042407		13	0	1.850936329588015	-Inf	0	1	1	1
dopamine biosynthetic process	GO:0042416		5	1	0.7118985883030826	0.33981980987317634	1.1407076173540833	0.5360900744813608	1	1
dopamine metabolic process	GO:0042417		18	1	2.562834917891098	-0.9411140355888882	0.38091433799658575	0.9266415165604416	1	1
dopamine catabolic process	GO:0042420		7	0	0.9966580236243158	-Inf	0	1	1	1
catecholamine biosynthetic process	GO:0042423		7	1	0.9966580236243158	0.00334757325196334	0.8837426586622106	0.6588243430336695	1	1
catecholamine catabolic process	GO:0042424		7	0	0.9966580236243158	-Inf	0	1	1	1
indole-containing compound metabolic process	GO:0042430		12	0	1.7085566119273985	-Inf	0	1	1	1
indole-containing compound catabolic process	GO:0042436		7	0	0.9966580236243158	-Inf	0	1	1	1
melanin biosynthetic process	GO:0042438		6	0	0.8542783059636992	-Inf	0	1	1	1
pigment metabolic process	GO:0042440		43	1	6.122327859406511	-1.8119423933862857	0.16261887635326766	0.9975144453944611	1	1
hormone metabolic process	GO:0042445		123	7	17.512705272255836	-0.9170164840098277	0.38976586650009937	0.9987142362860134	1	1
hormone biosynthetic process	GO:0042446		28	1	3.986632094497263	-1.3829467878679274	0.248279647512412	0.9842418093228951	1	1
hormone catabolic process	GO:0042447		13	1	1.850936329588015	-0.6156916351542602	0.5169348319376487	0.8643214016762081	1	1
progesterone metabolic process	GO:0042448		9	1	1.281417458945549	-0.24796685502894292	0.7172787766977757	0.7490970444220519	1	1
ribonucleoside catabolic process	GO:0042454		11	4	1.566176894266782	0.9376568106287967	1.667097955851661	0.04217374790147727	0.5440719826127625	0.5440719826127625
ear morphogenesis	GO:0042471		10	1	1.4237971766061652	-0.35332737068676895	0.6545884298137958	0.7848390715887252	1	1
inner ear morphogenesis	GO:0042472		7	1	0.9966580236243158	0.00334757325196334	0.8837426586622106	0.6588243430336695	1	1
odontogenesis of dentin-containing tooth	GO:0042475		14	1	1.9933160472486315	-0.689799607307982	0.48271091085741513	0.8836537633679444	1	1
odontogenesis	GO:0042476		28	1	3.986632094497263	-1.3829467878679274	0.248279647512412	0.986488952049299	1	1
regulation of tyrosine phosphorylation of STAT protein	GO:0042509		22	4	3.132353788533564	0.24450963006885137	1.0643462602905969	0.3843302830382723	1	1
positive regulation of tyrosine phosphorylation of STAT protein	GO:0042531		19	4	2.705214635551714	0.39111310426072676	1.182848131081555	0.2813253354967498	1	1
benzene-containing compound metabolic process	GO:0042537		11	0	1.566176894266782	-Inf	0	1	1	1
response to hydrogen peroxide	GO:0042542		35	5	4.9832901181215785	0.00334757325196334	0.8837426586622106	0.5701333528864403	1	1
neuron maturation	GO:0042551		9	0	1.281417458945549	-Inf	0	1	1	1
myelination	GO:0042552		14	1	1.9933160472486315	-0.689799607307982	0.48271091085741513	0.8836537633679444	1	1
superoxide anion generation	GO:0042554		11	4	1.566176894266782	0.9376568106287967	1.667097955851661	0.04217374790147727	0.5440719826127625	0.5440719826127625
pteridine-containing compound metabolic process	GO:0042558		26	1	3.70187265917603	-1.3088388157142055	0.2669515969960966	0.981621100670107	1	1
pteridine-containing compound biosynthetic process	GO:0042559		7	1	0.9966580236243158	0.00334757325196334	0.8837426586622106	0.6588243430336695	1	1
retinol metabolic process	GO:0042572		13	0	1.850936329588015	-Inf	0	1	1	1
retinoic acid metabolic process	GO:0042573		20	1	2.8475943532123305	-1.0464745512467142	0.3443290775615407	0.9266415165604416	1	1
retinal metabolic process	GO:0042574		12	0	1.7085566119273985	-Inf	0	1	1	1
glucose homeostasis	GO:0042593		47	4	6.691846730048978	-0.5145955182828914	0.5668879915659323	0.9092125508305663	1	1
response to starvation	GO:0042594		111	27	15.804148660328435	0.5355643869992716	1.3050777452491182	0.0023973810276591086	0.14036534192711791	0.14036534192711791
cholesterol homeostasis	GO:0042632		42	4	5.979948141745894	-0.4021175348562011	0.6270041687017212	0.8673023370649379	1	1
hair cycle	GO:0042633		21	0	2.989974070872947	-Inf	0	1	1	1
regulation of hair cycle	GO:0042634		11	2	1.566176894266782	0.24450963006885137	1.0643462602905969	0.37400758293388436	1	1
muscle cell differentiation	GO:0042692		55	2	7.83088447133391	-1.364928282365249	0.2527009065109312	0.9967572416581292	1	1
thiamine-containing compound metabolic process	GO:0042723		6	0	0.8542783059636992	-Inf	0	1	1	1
flavin-containing compound metabolic process	GO:0042726		6	1	0.8542783059636992	0.1574982530792216	0.9970009612255251	0.6021604736719404	1	1
fibrinolysis	GO:0042730		11	0	1.566176894266782	-Inf	0	1	1	1
embryonic digit morphogenesis	GO:0042733		13	0	1.850936329588015	-Inf	0	1	1	1
defense response to bacterium	GO:0042742		164	31	23.350273696341112	0.2833784989682244	1.0951721003860755	0.01111364793676828	0.32147344565386693	0.32147344565386693
hydrogen peroxide metabolic process	GO:0042743		19	2	2.705214635551714	-0.3020340762992186	0.6845755406169421	0.7757179011181241	1	1
hydrogen peroxide catabolic process	GO:0042744		12	1	1.7085566119273985	-0.5356489274807237	0.5561697644022129	0.8417782456475578	1	1
regulation of circadian rhythm	GO:0042752		30	8	4.271391529818496	0.6275018823249572	1.3853179128298705	0.053890646016538035	0.6283266241711405	0.6283266241711405
positive regulation of circadian rhythm	GO:0042753		6	1	0.8542783059636992	0.1574982530792216	0.9970009612255251	0.6021604736719404	1	1
long-chain fatty acid catabolic process	GO:0042758		6	0	0.8542783059636992	-Inf	0	1	1	1
long-chain fatty acid biosynthetic process	GO:0042759		22	2	3.132353788533564	-0.44863755049109394	0.6015547714450307	0.8416248990801791	1	1
very long-chain fatty acid biosynthetic process	GO:0042761		11	1	1.566176894266782	-0.44863755049109394	0.6015547714450307	0.8154912857198441	1	1
regulation of sulfur metabolic process	GO:0042762		9	2	1.281417458945549	0.4451803255310024	1.2280073011830346	0.37400758293388436	1	1
signal transduction in response to DNA damage	GO:0042770		108	11	15.377009507346585	-0.3349782320185725	0.6651994066524243	0.9043900562702808	1	1
intrinsic apoptotic signaling pathway in response to DNA damage by p53 class mediator	GO:0042771		17	5	2.420455200230481	0.7254822906851609	1.472648991688023	0.08244908285395423	0.7639803712102056	0.7639803712102055
ATP synthesis coupled electron transport	GO:0042773		17	0	2.420455200230481	-Inf	0	1	1	1
mitochondrial ATP synthesis coupled electron transport	GO:0042775		17	0	2.420455200230481	-Inf	0	1	1	1
proton motive force-driven mitochondrial ATP synthesis	GO:0042776		12	2	1.7085566119273985	0.1574982530792216	0.9970009612255251	0.5263347265149944	1	1
tRNA 3'-end processing	GO:0042780		7	0	0.9966580236243158	-Inf	0	1	1	1
mRNA transcription by RNA polymerase II	GO:0042789		30	1	4.271391529818496	-1.4519396593548788	0.23202817802607137	0.9900678814032076	1	1
5S class rRNA transcription by RNA polymerase III	GO:0042791		6	0	0.8542783059636992	-Inf	0	1	1	1
snRNA transcription by RNA polymerase II	GO:0042795		9	3	1.281417458945549	0.8506454336391668	1.5865667097058858	0.12490602485745164	0.9280301749694909	0.928030174969491
snRNA transcription by RNA polymerase III	GO:0042796		7	1	0.9966580236243158	0.00334757325196334	0.8837426586622106	0.6588243430336695	1	1
tRNA transcription by RNA polymerase III	GO:0042797		7	0	0.9966580236243158	-Inf	0	1	1	1
defense response to protozoan	GO:0042832		5	0	0.7118985883030826	-Inf	0	1	1	1
amide transport	GO:0042886		57	6	8.115643906655142	-0.3020340762992186	0.6845755406169421	0.840142420201125	1	1
xenobiotic transport	GO:0042908		34	2	4.840910400460962	-0.8839556217489396	0.4022127055642241	0.9642739953351394	1	1
lipoprotein transport	GO:0042953		12	2	1.7085566119273985	0.1574982530792216	0.9970009612255251	0.5263347265149944	1	1
amyloid precursor protein metabolic process	GO:0042982		19	3	2.705214635551714	0.10343103180894582	0.9563668945957576	0.5210095374998907	1	1
regulation of amyloid precursor protein biosynthetic process	GO:0042984		5	1	0.7118985883030826	0.33981980987317634	1.1407076173540833	0.5360900744813608	1	1
amyloid precursor protein catabolic process	GO:0042987		15	3	2.135695764909248	0.33981980987317617	1.1407076173540833	0.362419133600277	1	1
regulation of Golgi to plasma membrane protein transport	GO:0042996		6	1	0.8542783059636992	0.1574982530792216	0.9970009612255251	0.6021604736719404	1	1
Golgi to plasma membrane protein transport	GO:0043001		22	3	3.132353788533564	-0.043172442382929624	0.8511778531306146	0.6246198083391434	1	1
chordate embryonic development	GO:0043009		41	6	5.837568424085278	0.027445124831023657	0.9009127558488499	0.5133057205948932	1	1
camera-type eye development	GO:0043010		28	1	3.986632094497263	-1.3829467878679274	0.248279647512412	0.9785647536585876	1	1
T cell homeostasis	GO:0043029		6	0	0.8542783059636992	-Inf	0	1	1	1
regulation of macrophage activation	GO:0043030		21	5	2.989974070872947	0.5141731970179539	1.286667453230158	0.16911709020301047	1	1
negative regulation of macrophage activation	GO:0043031		5	3	0.7118985883030826	1.438432098541286	2.145368740123665	0.023031526310023847	0.43514883751704636	0.4351488375170463
positive regulation of macrophage activation	GO:0043032		11	1	1.566176894266782	-0.44863755049109394	0.6015547714450307	0.8154912857198441	1	1
amino acid activation	GO:0043038		36	1	5.125669835782196	-1.6342612161488335	0.19387953543937952	0.9953990123243914	1	1
tRNA aminoacylation	GO:0043039		36	1	5.125669835782196	-1.6342612161488335	0.19387953543937952	0.9953990123243914	1	1
peptide biosynthetic process	GO:0043043		10	2	1.4237971766061652	0.33981980987317634	1.1407076173540833	0.4274187999219954	1	1
post-fertilization epigenetic regulation of gene expression	GO:0043045		10	0	1.4237971766061652	-Inf	0	1	1	1
extracellular structure organization	GO:0043062		84	13	11.959896283491789	0.08339028092549965	0.9415507652813006	0.41880154240382106	1	1
negative regulation of catalytic activity	GO:0043086		150	25	21.356957649092482	0.1574982530792214	0.9970009612255248	0.21626371293003158	1	1
regulation of GTPase activity	GO:0043087		113	14	16.08890809564967	-0.1390727667898056	0.7865254343368766	0.7406366131995692	1	1
cellular metabolic compound salvage	GO:0043094		21	2	2.989974070872947	-0.4021175348562011	0.6270041687017212	0.7999882008278627	1	1
purine-containing compound salvage	GO:0043101		7	1	0.9966580236243158	0.00334757325196334	0.8837426586622106	0.6021604736719404	1	1
amino acid salvage	GO:0043102		5	0	0.7118985883030826	-Inf	0	1	1	1
receptor metabolic process	GO:0043112		28	7	3.986632094497263	0.562963361187386	1.3288054702420249	0.07881566109423528	0.7437657096191486	0.7437657096191486
receptor clustering	GO:0043113		14	2	1.9933160472486315	0.00334757325196334	0.8837426586622106	0.613000699683637	1	1
regulation of vascular permeability	GO:0043114		31	1	4.413771247479112	-1.4847294821778696	0.22466878016034947	0.991484462358629	1	1
negative regulation of vascular permeability	GO:0043116		13	1	1.850936329588015	-0.6156916351542602	0.5169348319376487	0.8643214016762081	1	1
positive regulation of vascular permeability	GO:0043117		13	0	1.850936329588015	-Inf	0	1	1	1
regulation of canonical NF-kappaB signal transduction	GO:0043122		181	48	25.770728896571594	0.6219617019493417	1.3804337280144316	9.77337399033054e-6	0.008838120127152752	0.008838120127152752
positive regulation of canonical NF-kappaB signal transduction	GO:0043123		122	38	17.370325554595215	0.7828228373004058	1.5245334955946859	1.342292066828541e-6	0.002383910710687489	0.002383910710687489
negative regulation of canonical NF-kappaB signal transduction	GO:0043124		56	11	7.973264188994526	0.32180130437049786	1.1260735454858708	0.16520825520213944	0.9955284768641433	0.9955284768641434
surfactant homeostasis	GO:0043129		5	0	0.7118985883030826	-Inf	0	1	1	1
stress fiber assembly	GO:0043149		15	4	2.135695764909248	0.6275018823249572	1.3853179128298705	0.15441554072110325	0.9672449295933598	0.96724492959336
induction of bacterial agglutination	GO:0043152		5	1	0.7118985883030826	0.33981980987317634	1.1407076173540833	0.5360900744813608	1	1
proteasome-mediated ubiquitin-dependent protein catabolic process	GO:0043161		170	40	24.204552002304812	0.5023387393709511	1.276526421804185	3.5974016965413904e-4	0.04356126417993757	0.04356126417993756
ubiquitin-dependent protein catabolic process via the multivesicular body sorting pathway	GO:0043162		23	7	3.2747335061941802	0.7596736554334403	1.5035222772603736	0.02204016081002861	0.43514883751704636	0.4351488375170463
peptide catabolic process	GO:0043171		11	1	1.566176894266782	-0.44863755049109394	0.6015547714450307	0.8154912857198441	1	1
nucleotide salvage	GO:0043173		7	2	0.9966580236243158	0.6964947538119086	1.446630636471521	0.2621772575015677	1	1
nucleoside salvage	GO:0043174		6	1	0.8542783059636992	0.1574982530792216	0.9970009612255251	0.6021604736719404	1	1
response to amino acid	GO:0043200		34	7	4.840910400460962	0.3688073467464285	1.1644363926205554	0.1806765262562436	1	1
response to leucine	GO:0043201		10	4	1.4237971766061652	1.0329669904331216	1.756382046950204	0.04217374790147727	0.5440719826127625	0.5440719826127625
negative regulation of protein-containing complex disassembly	GO:0043242		30	7	4.271391529818496	0.49397048970043445	1.2693749656648907	0.12443619955242217	0.9280301749694909	0.928030174969491
positive regulation of protein-containing complex disassembly	GO:0043243		26	6	3.70187265917603	0.4829206535138495	1.2599567155187015	0.15503512948061737	0.9672449295933598	0.96724492959336
regulation of protein-containing complex disassembly	GO:0043244		65	20	9.254681647940075	0.7706027259656304	1.5134313022296	4.914389192578353e-4	0.05134091297658326	0.05134091297658326
telomere maintenance in response to DNA damage	GO:0043247		9	1	1.281417458945549	-0.24796685502894292	0.7172787766977757	0.6588243430336695	1	1
proteasome assembly	GO:0043248		8	1	1.1390377412849322	-0.13018381937255932	0.7923752068513801	0.7074204375900333	1	1
sodium-independent organic anion transport	GO:0043252		10	1	1.4237971766061652	-0.35332737068676895	0.6545884298137958	0.7848390715887252	1	1
regulation of carbohydrate biosynthetic process	GO:0043255		45	6	6.407087294727744	-0.06564529823498817	0.835725121529455	0.6110915459913915	1	1
regulation of potassium ion transport	GO:0043266		46	6	6.5494670123883605	-0.08762420495376344	0.8207899149785506	0.6110915459913915	1	1
negative regulation of potassium ion transport	GO:0043267		17	4	2.420455200230481	0.5023387393709511	1.276526421804185	0.21527346042877812	1	1
positive regulation of potassium ion transport	GO:0043268		24	0	3.417113223854797	-Inf	0	1	1	1
positive regulation of monoatomic ion transport	GO:0043270		101	7	14.38035148372227	-0.7199526454786696	0.4693521263387135	0.9881582597151246	1	1
negative regulation of monoatomic ion transport	GO:0043271		60	10	8.542783059636992	0.1574982530792216	0.9970009612255251	0.34742370050474275	1	1
apoptotic cell clearance	GO:0043277		15	2	2.135695764909248	-0.06564529823498817	0.835725121529455	0.6515517098503079	1	1
response to alkaloid	GO:0043279		12	0	1.7085566119273985	-Inf	0	1	1	1
apical junction assembly	GO:0043297		25	4	3.5594929415154133	0.11667625855896654	0.966232617868278	0.45229031950387566	1	1
leukocyte degranulation	GO:0043299		17	5	2.420455200230481	0.7254822906851609	1.472648991688023	0.06560016576854237	0.6615082771291728	0.6615082771291728
regulation of leukocyte degranulation	GO:0043300		23	7	3.2747335061941802	0.7596736554334403	1.5035222772603736	0.036018714146362145	0.5440719826127625	0.5440719826127625
negative regulation of leukocyte degranulation	GO:0043301		7	1	0.9966580236243158	0.00334757325196334	0.8837426586622106	0.6588243430336695	1	1
positive regulation of leukocyte degranulation	GO:0043302		14	4	1.9933160472486315	0.6964947538119086	1.446630636471521	0.12680293440222737	0.9280301749694909	0.928030174969491
mast cell degranulation	GO:0043303		8	2	1.1390377412849322	0.562963361187386	1.3288054702420249	0.2621772575015677	1	1
regulation of mast cell degranulation	GO:0043304		10	3	1.4237971766061652	0.7452849179813407	1.4905061619474906	0.16036271498144075	0.9728178948861119	0.9728178948861118
eosinophil activation	GO:0043307		5	1	0.7118985883030826	0.33981980987317634	1.1407076173540833	0.5360900744813608	1	1
eosinophil degranulation	GO:0043308		5	1	0.7118985883030826	0.33981980987317634	1.1407076173540833	0.5360900744813608	1	1
natural killer cell degranulation	GO:0043320		5	1	0.7118985883030826	0.33981980987317634	1.1407076173540833	0.5360900744813608	1	1
regulation of natural killer cell degranulation	GO:0043321		5	0	0.7118985883030826	-Inf	0	1	1	1
positive regulation of natural killer cell degranulation	GO:0043323		5	0	0.7118985883030826	-Inf	0	1	1	1
response to exogenous dsRNA	GO:0043330		20	5	2.8475943532123305	0.562963361187386	1.3288054702420249	0.14483696204410754	0.9672449295933598	0.96724492959336
response to dsRNA	GO:0043331		24	6	3.417113223854797	0.5629633611873859	1.3288054702420247	0.0977526129475821	0.8386890849995451	0.8386890849995449
CD4-positive, alpha-beta T cell differentiation	GO:0043367		19	0	2.705214635551714	-Inf	0	1	1	1
positive T cell selection	GO:0043368		9	0	1.281417458945549	-Inf	0	1	1	1
CD4-positive or CD8-positive, alpha-beta T cell lineage commitment	GO:0043369		8	0	1.1390377412849322	-Inf	0	1	1	1
regulation of CD4-positive, alpha-beta T cell differentiation	GO:0043370		17	3	2.420455200230481	0.21465666691917012	1.0409768694321027	0.44394112874496316	1	1
negative regulation of CD4-positive, alpha-beta T cell differentiation	GO:0043371		8	1	1.1390377412849322	-0.13018381937255932	0.7923752068513801	0.7074204375900333	1	1
positive regulation of CD4-positive, alpha-beta T cell differentiation	GO:0043372		10	3	1.4237971766061652	0.7452849179813407	1.4905061619474906	0.16036271498144075	0.9728178948861119	0.9728178948861118
CD4-positive, alpha-beta T cell lineage commitment	GO:0043373		7	0	0.9966580236243158	-Inf	0	1	1	1
mycotoxin metabolic process	GO:0043385		6	0	0.8542783059636992	-Inf	0	1	1	1
positive regulation of DNA binding	GO:0043388		23	2	3.2747335061941802	-0.4930893130619277	0.5780097290510103	0.8416248990801791	1	1
negative regulation of DNA binding	GO:0043392		19	2	2.705214635551714	-0.3020340762992186	0.6845755406169421	0.7757179011181241	1	1
regulation of protein binding	GO:0043393		63	7	8.969922212618842	-0.24796685502894278	0.7172787766977758	0.7982955402849075	1	1
steroid hormone mediated signaling pathway	GO:0043401		40	8	5.695188706424661	0.33981980987317634	1.1407076173540833	0.20131073804708316	1	1
regulation of MAP kinase activity	GO:0043405		56	13	7.973264188994526	0.4888553890336641	1.2650116077161853	0.0421270646153117	0.5440719826127625	0.5440719826127625
positive regulation of MAP kinase activity	GO:0043406		33	7	4.698530682800346	0.3986603098961096	1.1891072248422259	0.1806765262562436	1	1
negative regulation of MAP kinase activity	GO:0043407		16	4	2.2780754825698644	0.562963361187386	1.3288054702420249	0.15441554072110325	0.9672449295933598	0.96724492959336
negative regulation of MAPK cascade	GO:0043409		91	13	12.956554307116106	0.0033475732519631187	0.8837426586622105	0.5063675396731976	1	1
macromolecule glycosylation	GO:0043413		148	22	21.072198213771248	0.04308790190147729	0.9121671130608818	0.395432907261651	1	1
macromolecule methylation	GO:0043414		87	4	12.387035436473639	-1.1303560352274167	0.3175542269112596	0.9982974167245371	1	1
negative regulation of DNA-binding transcription factor activity	GO:0043433		66	10	9.397061365600692	0.06218807327489656	0.9260234985551345	0.3675136438218646	1	1
response to peptide hormone	GO:0043434		93	14	13.241313742437338	0.055715558769279125	0.9213139211463871	0.4553978174841098	1	1
regulation of secondary metabolic process	GO:0043455		9	0	1.281417458945549	-Inf	0	1	1	1
regulation of cellular respiration	GO:0043457		26	4	3.70187265917603	0.0774555454056851	0.937189140297217	0.48536718541514257	1	1
proton-transporting ATP synthase complex assembly	GO:0043461		6	1	0.8542783059636992	0.1574982530792216	0.9970009612255251	0.5360900744813608	1	1
regulation of ATP-dependent activity	GO:0043462		32	5	4.556150965139729	0.09295973194165044	0.9486086645812349	0.4866111143499511	1	1
regulation of generation of precursor metabolites and energy	GO:0043467		76	9	10.820858542206857	-0.18425104064283504	0.757251615120682	0.7443007390648894	1	1
regulation of carbohydrate catabolic process	GO:0043470		37	4	5.268049553442812	-0.27536582921705727	0.7005660408790778	0.792507725727305	1	1
pigmentation	GO:0043473		35	7	4.9832901181215785	0.33981980987317617	1.1407076173540833	0.22309339733911138	1	1
pigment accumulation	GO:0043476		9	2	1.281417458945549	0.4451803255310024	1.2280073011830346	0.37400758293388436	1	1
cellular pigment accumulation	GO:0043482		9	2	1.281417458945549	0.4451803255310024	1.2280073011830346	0.37400758293388436	1	1
regulation of RNA splicing	GO:0043484		106	14	15.092250072025353	-0.07512404218953193	0.8292624187439751	0.6324931144844159	1	1
endosome to pigment granule transport	GO:0043485		9	2	1.281417458945549	0.4451803255310024	1.2280073011830346	0.37400758293388436	1	1
regulation of RNA stability	GO:0043487		117	25	16.658426966292136	0.40595961237772105	1.1951747010068932	0.018700077430806247	0.4134473689518601	0.41344736895186013
regulation of mRNA stability	GO:0043488		108	25	15.377009507346585	0.48600232005125765	1.2625804873563176	0.006690167481978412	0.2660090473431417	0.2660090473431416
RNA stabilization	GO:0043489		49	10	6.97660616537021	0.3600225171906956	1.157221340941653	0.13626536304795683	0.9672449295933598	0.96724492959336
malate-aspartate shuttle	GO:0043490		9	0	1.281417458945549	-Inf	0	1	1	1
phosphatidylinositol 3-kinase/protein kinase B signal transduction	GO:0043491		27	4	3.8442523768366463	0.03971521742283816	0.9097334253818503	0.5488573271232209	1	1
muscle adaptation	GO:0043500		6	1	0.8542783059636992	0.1574982530792216	0.9970009612255251	0.6021604736719404	1	1
regulation of muscle adaptation	GO:0043502		19	4	2.705214635551714	0.39111310426072676	1.182848131081555	0.2813253354967498	1	1
regulation of JUN kinase activity	GO:0043506		18	6	2.562834917891098	0.8506454336391668	1.5865667097058858	0.03331065151006013	0.5204667191953091	0.5204667191953091
positive regulation of JUN kinase activity	GO:0043507		13	4	1.850936329588015	0.7706027259656304	1.5134313022296	0.10150888213493482	0.8437430951871026	0.8437430951871024
negative regulation of JUN kinase activity	GO:0043508		5	2	0.7118985883030826	1.0329669904331216	1.756382046950204	0.15090142328628167	0.9672449295933598	0.96724492959336
regulation of DNA damage response, signal transduction by p53 class mediator	GO:0043516		29	4	4.12901181215788	-0.0317437465593069	0.8591064238673326	0.6079761405250586	1	1
positive regulation of DNA damage response, signal transduction by p53 class mediator	GO:0043517		13	0	1.850936329588015	-Inf	0	1	1	1
negative regulation of DNA damage response, signal transduction by p53 class mediator	GO:0043518		12	3	1.7085566119273985	0.5629633611873859	1.3288054702420247	0.23822794909023526	1	1
regulation of neuron apoptotic process	GO:0043523		67	11	9.539441083261307	0.1424603757146812	0.9856035886804185	0.2984231182657421	1	1
negative regulation of neuron apoptotic process	GO:0043524		44	8	6.264707577067128	0.24450963006885137	1.0643462602905969	0.26272365062499353	1	1
positive regulation of neuron apoptotic process	GO:0043525		15	2	2.135695764909248	-0.06564529823498817	0.835725121529455	0.6515517098503079	1	1
blood vessel endothelial cell migration	GO:0043534		19	2	2.705214635551714	-0.3020340762992186	0.6845755406169421	0.7757179011181241	1	1
regulation of blood vessel endothelial cell migration	GO:0043535		74	10	10.536099106885624	-0.05222227790284756	0.8449330163788541	0.6214889203975266	1	1
positive regulation of blood vessel endothelial cell migration	GO:0043536		46	6	6.5494670123883605	-0.08762420495376344	0.8207899149785506	0.6556430970727063	1	1
negative regulation of blood vessel endothelial cell migration	GO:0043537		31	5	4.413771247479112	0.12470843025623068	0.9722436343341532	0.45747392624767236	1	1
endothelial cell migration	GO:0043542		45	7	6.407087294727744	0.08850538159227012	0.9453195500379219	0.4637047287860586	1	1
protein acylation	GO:0043543		57	15	8.115643906655142	0.6142566555749365	1.3736510814004799	0.011777512893188933	0.32885915310240743	0.3288591531024075
molybdopterin cofactor metabolic process	GO:0043545		6	0	0.8542783059636992	-Inf	0	1	1	1
positive regulation of GTPase activity	GO:0043547		76	9	10.820858542206857	-0.18425104064283504	0.757251615120682	0.7586618740541706	1	1
regulation of translation in response to stress	GO:0043555		16	5	2.2780754825698644	0.7861069125015957	1.527521157251529	0.06560016576854237	0.6615082771291728	0.6615082771291728
regulation of insulin-like growth factor receptor signaling pathway	GO:0043567		9	0	1.281417458945549	-Inf	0	1	1	1
maintenance of DNA repeat elements	GO:0043570		5	0	0.7118985883030826	-Inf	0	1	1	1
peroxisomal transport	GO:0043574		18	3	2.562834917891098	0.1574982530792214	0.9970009612255248	0.4831646634993946	1	1
ear development	GO:0043583		16	3	2.2780754825698644	0.2752812887356051	1.0887138899917574	0.4035880108068125	1	1
skin development	GO:0043588		64	5	9.112301930279457	-0.6001874486182949	0.5243487448785299	0.9471743856800866	1	1
skin morphogenesis	GO:0043589		7	0	0.9966580236243158	-Inf	0	1	1	1
amide biosynthetic process	GO:0043604		102	15	14.522731201382886	0.03233511012521561	0.9044217771948145	0.4566045210903804	1	1
keratinocyte proliferation	GO:0043616		6	0	0.8542783059636992	-Inf	0	1	1	1
cortical microtubule organization	GO:0043622		6	1	0.8542783059636992	0.1574982530792216	0.9970009612255251	0.6021604736719404	1	1
response to estrogen	GO:0043627		23	4	3.2747335061941802	0.2000578674980176	1.029647840225027	0.4185444726443731	1	1
inositol phosphate metabolic process	GO:0043647		19	5	2.705214635551714	0.6142566555749365	1.3736510814004799	0.12219140300801425	0.9280301749694909	0.928030174969491
dicarboxylic acid metabolic process	GO:0043648		58	1	8.25802362431576	-2.1111852882391426	0.12080033426164123	0.9998668844631029	1	1
dicarboxylic acid catabolic process	GO:0043649		17	1	2.420455200230481	-0.8839556217489396	0.4022127055642241	0.9266415165604416	1	1
dicarboxylic acid biosynthetic process	GO:0043650		7	0	0.9966580236243158	-Inf	0	1	1	1
linoleic acid metabolic process	GO:0043651		15	2	2.135695764909248	-0.06564529823498817	0.835725121529455	0.6515517098503079	1	1
mitochondrial fragmentation involved in apoptotic process	GO:0043653		6	0	0.8542783059636992	-Inf	0	1	1	1
reverse cholesterol transport	GO:0043691		15	1	2.135695764909248	-0.7587924787949335	0.4526182666060272	0.900232481476347	1	1
regulation of biological process involved in symbiotic interaction	GO:0043903		36	5	5.125669835782196	-0.02482330371473313	0.8639302334095803	0.5430423702560214	1	1
negative regulation by host of viral transcription	GO:0043922		14	0	1.9933160472486315	-Inf	0	1	1	1
positive regulation by host of viral transcription	GO:0043923		17	2	2.420455200230481	-0.19080844118899426	0.7530665813565736	0.7193796243190151	1	1
cellular component maintenance	GO:0043954		20	2	2.8475943532123305	-0.35332737068676895	0.6545884298137958	0.7757179011181241	1	1
negative regulation of gene expression via CpG island methylation	GO:0044027		10	1	1.4237971766061652	-0.35332737068676895	0.6545884298137958	0.7848390715887252	1	1
positive regulation of gene expression via CpG island demethylation	GO:0044029		9	1	1.281417458945549	-0.24796685502894292	0.7172787766977757	0.7490970444220519	1	1
glucan metabolic process	GO:0044042		20	5	2.8475943532123305	0.562963361187386	1.3288054702420249	0.14483696204410754	0.9672449295933598	0.96724492959336
regulation of digestive system process	GO:0044058		11	0	1.566176894266782	-Inf	0	1	1	1
regulation of endocrine process	GO:0044060		17	0	2.420455200230481	-Inf	0	1	1	1
regulation of monoatomic anion transport	GO:0044070		10	0	1.4237971766061652	-Inf	0	1	1	1
regulation of vacuole organization	GO:0044088		52	15	7.40374531835206	0.7060642048280592	1.4552036466363187	0.003893564490010937	0.18859010547980248	0.18859010547980248
positive regulation of vacuole organization	GO:0044090		23	4	3.2747335061941802	0.2000578674980176	1.029647840225027	0.4185444726443731	1	1
membrane biogenesis	GO:0044091		39	5	5.5528089887640455	-0.10486601138826954	0.8091977867554093	0.621673805593468	1	1
'de novo' AMP biosynthetic process	GO:0044208		5	1	0.7118985883030826	0.33981980987317634	1.1407076173540833	0.5360900744813608	1	1
lipid digestion	GO:0044241		8	1	1.1390377412849322	-0.13018381937255932	0.7923752068513801	0.7074204375900333	1	1
sulfur compound biosynthetic process	GO:0044272		100	12	14.237971766061653	-0.17100581389281447	0.7657544667455077	0.7683514380354366	1	1
sulfur compound catabolic process	GO:0044273		23	3	3.2747335061941802	-0.08762420495376344	0.8207899149785506	0.6555311086933588	1	1
protein K27-linked ubiquitination	GO:0044314		12	5	1.7085566119273985	1.0737889849533766	1.7949266490414921	0.019322146184124093	0.4134473689518601	0.41344736895186013
wound healing, spreading of cells	GO:0044319		16	4	2.2780754825698644	0.562963361187386	1.3288054702420249	0.18402066570529027	1	1
response to leptin	GO:0044321		5	1	0.7118985883030826	0.33981980987317634	1.1407076173540833	0.5360900744813608	1	1
cell-cell adhesion mediated by cadherin	GO:0044331		5	1	0.7118985883030826	0.33981980987317634	1.1407076173540833	0.5360900744813608	1	1
cellular response to fibroblast growth factor stimulus	GO:0044344		37	4	5.268049553442812	-0.27536582921705727	0.7005660408790778	0.7740391938209442	1	1
clearance of foreign intracellular DNA	GO:0044355		6	0	0.8542783059636992	-Inf	0	1	1	1
protein localization to cytoskeleton	GO:0044380		33	5	4.698530682800346	0.06218807327489656	0.9260234985551345	0.4866111143499511	1	1
negative regulation of protein kinase activity by regulation of protein phosphorylation	GO:0044387		5	2	0.7118985883030826	1.0329669904331216	1.756382046950204	0.15090142328628167	0.9672449295933598	0.96724492959336
biological process involved in symbiotic interaction	GO:0044403		102	19	14.522731201382886	0.268723888189446	1.0834977967390151	0.08971167194091502	0.8048939983039493	0.8048939983039493
adhesion of symbiont to host	GO:0044406		11	2	1.566176894266782	0.24450963006885137	1.0643462602905969	0.4783169302775343	1	1
entry into host	GO:0044409		40	5	5.695188706424661	-0.13018381937255932	0.7923752068513801	0.6916251508438572	1	1
motile cilium assembly	GO:0044458		24	0	3.417113223854797	-Inf	0	1	1	1
long-chain fatty acid import into cell	GO:0044539		7	2	0.9966580236243158	0.6964947538119086	1.446630636471521	0.2621772575015677	1	1
secondary metabolite biosynthetic process	GO:0044550		7	0	0.9966580236243158	-Inf	0	1	1	1
[2Fe-2S] cluster assembly	GO:0044571		9	0	1.281417458945549	-Inf	0	1	1	1
daunorubicin metabolic process	GO:0044597		9	0	1.281417458945549	-Inf	0	1	1	1
doxorubicin metabolic process	GO:0044598		10	0	1.4237971766061652	-Inf	0	1	1	1
adhesion of symbiont to host cell	GO:0044650		9	2	1.281417458945549	0.4451803255310024	1.2280073011830346	0.37400758293388436	1	1
multi-organism reproductive process	GO:0044703		62	2	8.827542494958225	-1.4847294821778696	0.22466878016034947	0.9991855690425437	1	1
multi-multicellular organism process	GO:0044706		60	2	8.542783059636992	-1.4519396593548788	0.23202817802607137	0.998924153528403	1	1
epigenetic programming in the zygotic pronuclei	GO:0044725		5	0	0.7118985883030826	-Inf	0	1	1	1
protein transmembrane import into intracellular organelle	GO:0044743		26	3	3.70187265917603	-0.21022652704609585	0.7407692106161782	0.7370495801541082	1	1
cell cycle phase transition	GO:0044770		94	24	13.383693460097955	0.5840167703852183	1.3471467269821749	0.002658823260292522	0.14756469094623498	0.14756469094623498
mitotic cell cycle phase transition	GO:0044772		83	22	11.817516565831172	0.6214595678689946	1.37999134846831	0.0023742140285674955	0.14036534192711791	0.14036534192711791
mitotic DNA damage checkpoint signaling	GO:0044773		46	3	6.5494670123883605	-0.7807713855137087	0.4433818566054035	0.9645520815653289	1	1
mitotic DNA integrity checkpoint signaling	GO:0044774		48	3	6.834226447709594	-0.8233309999325048	0.42596776967834077	0.971873843697959	1	1
cilium organization	GO:0044782		194	13	27.62166522615961	-0.7536510792945149	0.45480307157886285	0.9995791734258583	1	1
metaphase/anaphase transition of cell cycle	GO:0044784		5	1	0.7118985883030826	0.33981980987317634	1.1407076173540833	0.5360900744813608	1	1
cell cycle DNA replication	GO:0044786		11	3	1.566176894266782	0.6499747381770157	1.405190961529407	0.19837721332207095	1	1
modulation by host of viral process	GO:0044788		44	11	6.264707577067128	0.5629633611873859	1.3288054702420247	0.04080990311464601	0.5440719826127625	0.5440719826127625
suppression of viral release by host	GO:0044790		15	3	2.135695764909248	0.33981980987317617	1.1407076173540833	0.27924366917682547	1	1
negative regulation by host of viral process	GO:0044793		14	6	1.9933160472486315	1.101959861920073	1.8216227766169788	0.008908844669804855	0.285941713257351	0.285941713257351
positive regulation by host of viral process	GO:0044794		19	5	2.705214635551714	0.6142566555749365	1.3736510814004799	0.12219140300801425	0.9280301749694909	0.928030174969491
mitotic G2/M transition checkpoint	GO:0044818		36	3	5.125669835782196	-0.5356489274807239	0.5561697644022128	0.903640694666269	1	1
mitotic G1/S transition checkpoint signaling	GO:0044819		14	0	1.9933160472486315	-Inf	0	1	1	1
modulation by host of viral genome replication	GO:0044827		22	5	3.132353788533564	0.46765318138306106	1.2469908106856926	0.19484325861326873	1	1
negative regulation by host of viral genome replication	GO:0044828		10	4	1.4237971766061652	1.0329669904331216	1.756382046950204	0.04217374790147727	0.5440719826127625	0.5440719826127625
positive regulation by host of viral genome replication	GO:0044829		9	3	1.281417458945549	0.8506454336391668	1.5865667097058858	0.12490602485745164	0.9280301749694909	0.928030174969491
modulation by host of viral RNA genome replication	GO:0044830		5	1	0.7118985883030826	0.33981980987317634	1.1407076173540833	0.5360900744813608	1	1
cell cycle G2/M phase transition	GO:0044839		36	9	5.125669835782196	0.5629633611873859	1.3288054702420247	0.061017939516931456	0.6615082771291728	0.6615082771291728
cell cycle G1/S phase transition	GO:0044843		44	12	6.264707577067128	0.6499747381770157	1.405190961529407	0.01736661221041185	0.4134473689518601	0.41344736895186013
plasma membrane raft assembly	GO:0044854		5	2	0.7118985883030826	1.0329669904331216	1.756382046950204	0.15090142328628167	0.9672449295933598	0.96724492959336
plasma membrane raft organization	GO:0044857		6	2	0.8542783059636992	0.8506454336391669	1.586566709705886	0.205738078528463	1	1
lipoprotein localization	GO:0044872		13	3	1.850936329588015	0.4829206535138495	1.2599567155187015	0.27924366917682547	1	1
double-strand break repair via single-strand annealing	GO:0045002		6	3	0.8542783059636992	1.2561105417473313	1.968939649300815	0.04122811280191899	0.5440719826127625	0.5440719826127625
DNA-templated DNA replication maintenance of fidelity	GO:0045005		43	3	6.122327859406511	-0.71333010471817615	0.47225841798755264	0.9501324968438128	1	1
DNA deamination	GO:0045006		9	2	1.281417458945549	0.4451803255310024	1.2280073011830346	0.37400758293388436	1	1
depyrimidination	GO:0045008		8	1	1.1390377412849322	-0.13018381937255932	0.7923752068513801	0.7074204375900333	1	1
actin nucleation	GO:0045010		14	5	1.9933160472486315	0.9196383051261183	1.6503400064058957	0.027786284753525677	0.47523939698389417	0.47523939698389417
glycerolipid biosynthetic process	GO:0045017		158	23	22.495995390377413	0.022156905209459437	0.89712734476775	0.4628077442171816	1	1
negative regulation of nitric oxide biosynthetic process	GO:0045019		6	0	0.8542783059636992	-Inf	0	1	1	1
early endosome to late endosome transport	GO:0045022		21	6	2.989974070872947	0.6964947538119086	1.446630636471521	0.054254725899734894	0.6283266241711405	0.6283266241711405
plasma membrane fusion	GO:0045026		9	0	1.281417458945549	-Inf	0	1	1	1
protein insertion into mitochondrial inner membrane	GO:0045039		11	0	1.566176894266782	-Inf	0	1	1	1
protein import into peroxisome membrane	GO:0045046		5	1	0.7118985883030826	0.33981980987317634	1.1407076173540833	0.5360900744813608	1	1
protein targeting to ER	GO:0045047		14	5	1.9933160472486315	0.9196383051261183	1.6503400064058957	0.027786284753525677	0.47523939698389417	0.47523939698389417
protein insertion into ER membrane	GO:0045048		30	5	4.271391529818496	0.1574982530792216	0.9970009612255251	0.42788443289237177	1	1
protein insertion into ER membrane by stop-transfer membrane-anchor sequence	GO:0045050		11	2	1.566176894266782	0.24450963006885137	1.0643462602905969	0.4783169302775343	1	1
constitutive secretory pathway	GO:0045054		5	3	0.7118985883030826	1.438432098541286	2.145368740123665	0.023031526310023847	0.43514883751704636	0.4351488375170463
regulated exocytosis	GO:0045055		42	10	5.979948141745894	0.5141731970179539	1.286667453230158	0.05780763147093278	0.6444853879168564	0.6444853879168564
transcytosis	GO:0045056		10	4	1.4237971766061652	1.0329669904331216	1.756382046950204	0.04217374790147727	0.5440719826127625	0.5440719826127625
T cell selection	GO:0045058		12	0	1.7085566119273985	-Inf	0	1	1	1
regulation of viral genome replication	GO:0045069		67	17	9.539441083261307	0.5777784469725267	1.341702353729507	0.008134041082091212	0.27978207499130636	0.27978207499130636
positive regulation of viral genome replication	GO:0045070		28	8	3.986632094497263	0.6964947538119086	1.446630636471521	0.03006136770603324	0.4921205735071695	0.49212057350716953
negative regulation of viral genome replication	GO:0045071		42	10	5.979948141745894	0.5141731970179539	1.286667453230158	0.05780763147093278	0.6444853879168564	0.6444853879168564
regulation of single stranded viral RNA replication via double stranded DNA intermediate	GO:0045091		9	0	1.281417458945549	-Inf	0	1	1	1
intermediate filament-based process	GO:0045103		25	4	3.5594929415154133	0.11667625855896654	0.966232617868278	0.3843302830382723	1	1
intermediate filament cytoskeleton organization	GO:0045104		25	4	3.5594929415154133	0.11667625855896654	0.966232617868278	0.3843302830382723	1	1
intermediate filament organization	GO:0045109		16	2	2.2780754825698644	-0.13018381937255932	0.7923752068513801	0.6515517098503079	1	1
intermediate filament bundle assembly	GO:0045110		7	0	0.9966580236243158	-Inf	0	1	1	1
protein neddylation	GO:0045116		8	0	1.1390377412849322	-Inf	0	1	1	1
azole transmembrane transport	GO:0045117		9	0	1.281417458945549	-Inf	0	1	1	1
cellular extravasation	GO:0045123		26	4	3.70187265917603	0.0774555454056851	0.937189140297217	0.5176038125225733	1	1
regulation of bone resorption	GO:0045124		6	0	0.8542783059636992	-Inf	0	1	1	1
meiotic chromosome segregation	GO:0045132		10	1	1.4237971766061652	-0.35332737068676895	0.6545884298137958	0.7848390715887252	1	1
development of primary sexual characteristics	GO:0045137		27	2	3.8442523768366463	-0.6534319631371072	0.4992566297591072	0.9021560783706045	1	1
homologous chromosome segregation	GO:0045143		5	0	0.7118985883030826	-Inf	0	1	1	1
cell fate commitment	GO:0045165		37	2	5.268049553442812	-0.9685130097770026	0.3710725339315236	0.9642739953351394	1	1
maintenance of protein location	GO:0045185		39	8	5.5528089887640455	0.365137617857466	1.161419906462112	0.18225025536148265	1	1
regulation of isotype switching	GO:0045191		9	0	1.281417458945549	-Inf	0	1	1	1
establishment or maintenance of epithelial cell apical/basal polarity	GO:0045197		16	3	2.2780754825698644	0.2752812887356051	1.0887138899917574	0.4035880108068125	1	1
establishment of epithelial cell apical/basal polarity	GO:0045198		10	2	1.4237971766061652	0.33981980987317634	1.1407076173540833	0.4274187999219954	1	1
sarcomere organization	GO:0045214		10	0	1.4237971766061652	-Inf	0	1	1	1
cell-cell junction organization	GO:0045216		74	8	10.536099106885624	-0.27536582921705727	0.7005660408790778	0.8226833731497769	1	1
cell-cell junction maintenance	GO:0045217		14	1	1.9933160472486315	-0.689799607307982	0.48271091085741513	0.8643214016762081	1	1
external encapsulating structure organization	GO:0045229		85	12	12.102276001152406	-0.008486884395039581	0.8753852041586399	0.5600571610959615	1	1
mRNA cis splicing, via spliceosome	GO:0045292		11	0	1.566176894266782	-Inf	0	1	1	1
carnitine biosynthetic process	GO:0045329		5	1	0.7118985883030826	0.33981980987317634	1.1407076173540833	0.5360900744813608	1	1
phospholipid translocation	GO:0045332		22	3	3.132353788533564	-0.043172442382929624	0.8511778531306146	0.6246198083391434	1	1
cellular respiration	GO:0045333		68	7	9.681820800921924	-0.3243398338135168	0.6714107442661287	0.8585413733633884	1	1
regulation of MHC class I biosynthetic process	GO:0045343		6	2	0.8542783059636992	0.8506454336391669	1.586566709705886	0.205738078528463	1	1
positive regulation of MHC class I biosynthetic process	GO:0045345		5	1	0.7118985883030826	0.33981980987317634	1.1407076173540833	0.5360900744813608	1	1
regulation of MHC class II biosynthetic process	GO:0045346		8	2	1.1390377412849322	0.562963361187386	1.3288054702420249	0.3186516811391211	1	1
positive regulation of MHC class II biosynthetic process	GO:0045348		5	1	0.7118985883030826	0.33981980987317634	1.1407076173540833	0.5360900744813608	1	1
regulation of nitric oxide biosynthetic process	GO:0045428		27	2	3.8442523768366463	-0.6534319631371072	0.4992566297591072	0.9021560783706045	1	1
positive regulation of nitric oxide biosynthetic process	GO:0045429		19	2	2.705214635551714	-0.3020340762992186	0.6845755406169421	0.7489064944214678	1	1
fat cell differentiation	GO:0045444		17	2	2.420455200230481	-0.19080844118899426	0.7530665813565736	0.7193796243190151	1	1
myoblast differentiation	GO:0045445		10	2	1.4237971766061652	0.33981980987317634	1.1407076173540833	0.37400758293388436	1	1
endothelial cell differentiation	GO:0045446		36	8	5.125669835782196	0.4451803255310024	1.2280073011830346	0.1302860815278907	0.9457278506547706	0.9457278506547706
cell redox homeostasis	GO:0045454		22	3	3.132353788533564	-0.043172442382929624	0.8511778531306146	0.5918530548890248	1	1
response to ethanol	GO:0045471		13	0	1.850936329588015	-Inf	0	1	1	1
photoreceptor cell maintenance	GO:0045494		19	0	2.705214635551714	-Inf	0	1	1	1
regulation of cholesterol biosynthetic process	GO:0045540		17	3	2.420455200230481	0.21465666691917012	1.0409768694321027	0.44394112874496316	1	1
positive regulation of cholesterol biosynthetic process	GO:0045542		9	2	1.281417458945549	0.4451803255310024	1.2280073011830346	0.37400758293388436	1	1
mast cell activation	GO:0045576		9	3	1.281417458945549	0.8506454336391668	1.5865667097058858	0.0927539865889046	0.8048939983039493	0.8048939983039493
regulation of B cell differentiation	GO:0045577		12	3	1.7085566119273985	0.5629633611873859	1.3288054702420247	0.23822794909023526	1	1
positive regulation of B cell differentiation	GO:0045579		6	2	0.8542783059636992	0.8506454336391669	1.586566709705886	0.205738078528463	1	1
regulation of T cell differentiation	GO:0045580		49	7	6.97660616537021	0.00334757325196334	0.8837426586622106	0.5352902990008253	1	1
negative regulation of T cell differentiation	GO:0045581		17	1	2.420455200230481	-0.8839556217489396	0.4022127055642241	0.9266415165604416	1	1
positive regulation of T cell differentiation	GO:0045582		30	6	4.271391529818496	0.33981980987317617	1.1407076173540833	0.22367409404434133	1	1
regulation of regulatory T cell differentiation	GO:0045589		22	3	3.132353788533564	-0.043172442382929624	0.8511778531306146	0.6246198083391434	1	1
positive regulation of regulatory T cell differentiation	GO:0045591		19	3	2.705214635551714	0.10343103180894582	0.9563668945957576	0.5210095374998907	1	1
regulation of fat cell differentiation	GO:0045598		33	0	4.698530682800346	-Inf	0	1	1	1
negative regulation of fat cell differentiation	GO:0045599		12	0	1.7085566119273985	-Inf	0	1	1	1
positive regulation of fat cell differentiation	GO:0045600		17	0	2.420455200230481	-Inf	0	1	1	1
regulation of endothelial cell differentiation	GO:0045601		22	2	3.132353788533564	-0.44863755049109394	0.6015547714450307	0.8416248990801791	1	1
negative regulation of endothelial cell differentiation	GO:0045602		5	0	0.7118985883030826	-Inf	0	1	1	1
regulation of epidermal cell differentiation	GO:0045604		30	2	4.271391529818496	-0.7587924787949335	0.4526182666060272	0.9235689557099909	1	1
negative regulation of epidermal cell differentiation	GO:0045605		6	0	0.8542783059636992	-Inf	0	1	1	1
positive regulation of epidermal cell differentiation	GO:0045606		17	1	2.420455200230481	-0.8839556217489396	0.4022127055642241	0.9144496405462401	1	1
regulation of keratinocyte differentiation	GO:0045616		25	1	3.5594929415154133	-1.2696181025609241	0.2773686994511519	0.9708435974336923	1	1
negative regulation of keratinocyte differentiation	GO:0045617		5	0	0.7118985883030826	-Inf	0	1	1	1
positive regulation of keratinocyte differentiation	GO:0045618		14	1	1.9933160472486315	-0.689799607307982	0.48271091085741513	0.8643214016762081	1	1
regulation of lymphocyte differentiation	GO:0045619		61	9	8.685162777297608	0.03560843547018488	0.906775339619535	0.4885510643023132	1	1
negative regulation of lymphocyte differentiation	GO:0045620		21	2	2.989974070872947	-0.4021175348562011	0.6270041687017212	0.8218971635582669	1	1
positive regulation of lymphocyte differentiation	GO:0045621		37	8	5.268049553442812	0.417781351342888	1.205030282694324	0.1302860815278907	0.9457278506547706	0.9457278506547706
regulation of T-helper cell differentiation	GO:0045622		13	3	1.850936329588015	0.4829206535138495	1.2599567155187015	0.27924366917682547	1	1
negative regulation of T-helper cell differentiation	GO:0045623		7	1	0.9966580236243158	0.00334757325196334	0.8837426586622106	0.6588243430336695	1	1
regulation of myeloid cell differentiation	GO:0045637		102	16	14.522731201382886	0.09687363126278688	0.9515041992779714	0.378867849285783	1	1
negative regulation of myeloid cell differentiation	GO:0045638		40	3	5.695188706424661	-0.6410094431385499	0.5050180918908812	0.9376526523561777	1	1
positive regulation of myeloid cell differentiation	GO:0045639		59	12	8.400403341976375	0.35662692818955744	1.154438058513228	0.12569246165121564	0.9280301749694909	0.928030174969491
regulation of erythrocyte differentiation	GO:0045646		30	6	4.271391529818496	0.33981980987317617	1.1407076173540833	0.24848356766732096	1	1
negative regulation of erythrocyte differentiation	GO:0045647		5	0	0.7118985883030826	-Inf	0	1	1	1
positive regulation of erythrocyte differentiation	GO:0045648		22	5	3.132353788533564	0.46765318138306106	1.2469908106856926	0.19484325861326873	1	1
regulation of macrophage differentiation	GO:0045649		14	4	1.9933160472486315	0.6964947538119086	1.446630636471521	0.12680293440222737	0.9280301749694909	0.928030174969491
negative regulation of macrophage differentiation	GO:0045650		5	2	0.7118985883030826	1.0329669904331216	1.756382046950204	0.15090142328628167	0.9672449295933598	0.96724492959336
positive regulation of macrophage differentiation	GO:0045651		9	2	1.281417458945549	0.4451803255310024	1.2280073011830346	0.37400758293388436	1	1
regulation of megakaryocyte differentiation	GO:0045652		16	1	2.2780754825698644	-0.8233309999325046	0.4259677696783408	0.9144496405462401	1	1
positive regulation of megakaryocyte differentiation	GO:0045654		8	1	1.1390377412849322	-0.13018381937255932	0.7923752068513801	0.7074204375900333	1	1
regulation of monocyte differentiation	GO:0045655		13	1	1.850936329588015	-0.6156916351542602	0.5169348319376487	0.8643214016762081	1	1
positive regulation of monocyte differentiation	GO:0045657		7	1	0.9966580236243158	0.00334757325196334	0.8837426586622106	0.6588243430336695	1	1
regulation of myoblast differentiation	GO:0045661		21	1	2.989974070872947	-1.0952647154161463	0.32851034177068966	0.9603427374598169	1	1
negative regulation of myoblast differentiation	GO:0045662		13	1	1.850936329588015	-0.6156916351542602	0.5169348319376487	0.8643214016762081	1	1
positive regulation of myoblast differentiation	GO:0045663		11	0	1.566176894266782	-Inf	0	1	1	1
regulation of neuron differentiation	GO:0045664		30	6	4.271391529818496	0.33981980987317617	1.1407076173540833	0.17681212044815497	1	1
negative regulation of neuron differentiation	GO:0045665		9	1	1.281417458945549	-0.24796685502894292	0.7172787766977757	0.7490970444220519	1	1
positive regulation of neuron differentiation	GO:0045666		16	3	2.2780754825698644	0.2752812887356051	1.0887138899917574	0.32081841502444297	1	1
regulation of osteoblast differentiation	GO:0045667		63	5	8.969922212618842	-0.5844390916501557	0.531970403874539	0.9519783295003909	1	1
negative regulation of osteoblast differentiation	GO:0045668		20	1	2.8475943532123305	-1.0464745512467142	0.3443290775615407	0.9537500910835526	1	1
positive regulation of osteoblast differentiation	GO:0045669		37	4	5.268049553442812	-0.27536582921705727	0.7005660408790778	0.7740391938209442	1	1
regulation of osteoclast differentiation	GO:0045670		26	2	3.70187265917603	-0.6156916351542602	0.5169348319376487	0.9021560783706045	1	1
negative regulation of osteoclast differentiation	GO:0045671		13	0	1.850936329588015	-Inf	0	1	1	1
positive regulation of osteoclast differentiation	GO:0045672		11	2	1.566176894266782	0.24450963006885137	1.0643462602905969	0.4783169302775343	1	1
regulation of epidermis development	GO:0045682		30	2	4.271391529818496	-0.7587924787949335	0.4526182666060272	0.9235689557099909	1	1
negative regulation of epidermis development	GO:0045683		6	0	0.8542783059636992	-Inf	0	1	1	1
positive regulation of epidermis development	GO:0045684		17	1	2.420455200230481	-0.8839556217489396	0.4022127055642241	0.9144496405462401	1	1
regulation of glial cell differentiation	GO:0045685		8	1	1.1390377412849322	-0.13018381937255932	0.7923752068513801	0.7074204375900333	1	1
positive regulation of glial cell differentiation	GO:0045687		5	0	0.7118985883030826	-Inf	0	1	1	1
negative regulation of fatty acid biosynthetic process	GO:0045717		9	1	1.281417458945549	-0.24796685502894292	0.7172787766977757	0.7490970444220519	1	1
negative regulation of glycogen biosynthetic process	GO:0045719		6	0	0.8542783059636992	-Inf	0	1	1	1
negative regulation of gluconeogenesis	GO:0045721		9	2	1.281417458945549	0.4451803255310024	1.2280073011830346	0.37400758293388436	1	1
positive regulation of gluconeogenesis	GO:0045722		5	2	0.7118985883030826	1.0329669904331216	1.756382046950204	0.15090142328628167	0.9672449295933598	0.96724492959336
positive regulation of fatty acid biosynthetic process	GO:0045723		13	2	1.850936329588015	0.0774555454056851	0.937189140297217	0.571260373303752	1	1
positive regulation of cilium assembly	GO:0045724		16	0	2.2780754825698644	-Inf	0	1	1	1
positive regulation of glycogen biosynthetic process	GO:0045725		10	0	1.4237971766061652	-Inf	0	1	1	1
positive regulation of translation	GO:0045727		89	13	12.671794871794871	0.02557071003667354	0.8995698964984297	0.4715768488598304	1	1
respiratory burst	GO:0045730		10	5	1.4237971766061652	1.2561105417473313	1.968939649300815	0.00786415327730995	0.27881483221538467	0.27881483221538467
positive regulation of protein catabolic process	GO:0045732		147	23	20.92981849611063	0.09431935145768995	0.9496139406070013	0.284391376714467	1	1
negative regulation of cyclin-dependent protein serine/threonine kinase activity	GO:0045736		9	2	1.281417458945549	0.4451803255310024	1.2280073011830346	0.37400758293388436	1	1
negative regulation of DNA repair	GO:0045738		35	6	4.9832901181215785	0.185669130045918	1.0185465737829114	0.3535130898218972	1	1
positive regulation of DNA repair	GO:0045739		95	13	13.52607317775857	-0.03966981183172749	0.8536027795878485	0.5739233561061581	1	1
positive regulation of DNA replication	GO:0045740		27	3	3.8442523768366463	-0.24796685502894278	0.7172787766977758	0.7605736117829688	1	1
positive regulation of epidermal growth factor receptor signaling pathway	GO:0045742		20	3	2.8475943532123305	0.05213773742139535	0.9187167652206437	0.5572852037304756	1	1
positive regulation of fibroblast growth factor receptor signaling pathway	GO:0045743		6	0	0.8542783059636992	-Inf	0	1	1	1
negative regulation of G protein-coupled receptor signaling pathway	GO:0045744		38	7	5.410429271103428	0.2575817116362042	1.0746636674034795	0.26855272305334044	1	1
positive regulation of G protein-coupled receptor signaling pathway	GO:0045745		23	4	3.2747335061941802	0.2000578674980176	1.029647840225027	0.3843302830382723	1	1
negative regulation of Notch signaling pathway	GO:0045746		20	1	2.8475943532123305	-1.0464745512467142	0.3443290775615407	0.9460619965707682	1	1
positive regulation of Notch signaling pathway	GO:0045747		20	2	2.8475943532123305	-0.35332737068676895	0.6545884298137958	0.7757179011181241	1	1
regulation of adenylate cyclase activity	GO:0045761		27	4	3.8442523768366463	0.03971521742283816	0.9097334253818503	0.5488573271232209	1	1
positive regulation of adenylate cyclase activity	GO:0045762		17	2	2.420455200230481	-0.19080844118899426	0.7530665813565736	0.7193796243190151	1	1
regulation of angiogenesis	GO:0045765		189	18	26.909766637856524	-0.4021175348562011	0.6270041687017212	0.9772799024142744	1	1
positive regulation of angiogenesis	GO:0045766		105	10	14.949870354364736	-0.4021175348562011	0.6270041687017212	0.9432239945351464	1	1
positive regulation of axon extension	GO:0045773		6	1	0.8542783059636992	0.1574982530792216	0.9970009612255251	0.6021604736719404	1	1
negative regulation of blood pressure	GO:0045776		6	0	0.8542783059636992	-Inf	0	1	1	1
positive regulation of ossification	GO:0045778		25	2	3.5594929415154133	-0.5764709220009788	0.5358617943040874	0.889455578507797	1	1
negative regulation of cell size	GO:0045792		5	1	0.7118985883030826	0.33981980987317634	1.1407076173540833	0.5360900744813608	1	1
negative regulation of endocytosis	GO:0045806		42	8	5.979948141745894	0.29102964570374423	1.1012919593117916	0.24162566530337612	1	1
positive regulation of endocytosis	GO:0045807		86	14	12.244655718813021	0.1339677556690276	0.9791992900221381	0.321177171790471	1	1
negative regulation of gene expression, epigenetic	GO:0045814		80	12	11.390377412849322	0.05213773742139535	0.9187167652206437	0.4341022500657259	1	1
transcription initiation-coupled chromatin remodeling	GO:0045815		41	6	5.837568424085278	0.027445124831023657	0.9009127558488499	0.48739536701780906	1	1
negative regulation of glycolytic process	GO:0045820		8	0	1.1390377412849322	-Inf	0	1	1	1
positive regulation of glycolytic process	GO:0045821		13	2	1.850936329588015	0.0774555454056851	0.937189140297217	0.571260373303752	1	1
negative regulation of heart contraction	GO:0045822		5	2	0.7118985883030826	1.0329669904331216	1.756382046950204	0.15090142328628167	0.9672449295933598	0.96724492959336
positive regulation of heart contraction	GO:0045823		9	2	1.281417458945549	0.4451803255310024	1.2280073011830346	0.37400758293388436	1	1
negative regulation of innate immune response	GO:0045824		74	14	10.536099106885624	0.28424995871836545	1.095868295700066	0.16079597342324511	0.9728178948861119	0.9728178948861118
positive regulation of isotype switching	GO:0045830		8	0	1.1390377412849322	-Inf	0	1	1	1
negative regulation of lipid metabolic process	GO:0045833		57	3	8.115643906655142	-0.9951812568591639	0.36171688738970265	0.9877441672644336	1	1
positive regulation of lipid metabolic process	GO:0045834		74	9	10.536099106885624	-0.15758279356067384	0.7744388926612147	0.7293641665242642	1	1
negative regulation of membrane potential	GO:0045837		8	3	1.1390377412849322	0.9684284692955504	1.6958091564460576	0.0927539865889046	0.8048939983039493	0.8048939983039493
negative regulation of mitotic nuclear division	GO:0045839		28	2	3.986632094497263	-0.689799607307982	0.48271091085741513	0.9235689557099909	1	1
positive regulation of mitotic nuclear division	GO:0045840		27	5	3.8442523768366463	0.2628587687370479	1.078843050923153	0.3378961035688481	1	1
negative regulation of mitotic metaphase/anaphase transition	GO:0045841		22	2	3.132353788533564	-0.44863755049109394	0.6015547714450307	0.8416248990801791	1	1
positive regulation of mitotic metaphase/anaphase transition	GO:0045842		11	4	1.566176894266782	0.9376568106287967	1.667097955851661	0.05899071940642686	0.6444853879168564	0.6444853879168564
negative regulation of striated muscle tissue development	GO:0045843		5	0	0.7118985883030826	-Inf	0	1	1	1
positive regulation of protein kinase activity	GO:0045860		121	26	17.2279458369346	0.4115637147320174	1.199842315291026	0.015723915505077474	0.38785658245857774	0.38785658245857774
negative regulation of proteolysis	GO:0045861		102	16	14.522731201382886	0.09687363126278688	0.9515041992779714	0.378867849285783	1	1
positive regulation of proteolysis	GO:0045862		143	28	20.360299625468166	0.3186176022225732	1.1234972084811532	0.04392687740726117	0.5572438162521132	0.5572438162521132
negative regulation of single stranded viral RNA replication via double stranded DNA intermediate	GO:0045869		6	0	0.8542783059636992	-Inf	0	1	1	1
positive regulation of sister chromatid cohesion	GO:0045876		9	4	1.281417458945549	1.1383275060909477	1.856196779724982	0.028449910051810343	0.47523939698389417	0.47523939698389417
negative regulation of smoothened signaling pathway	GO:0045879		12	2	1.7085566119273985	0.1574982530792216	0.9970009612255251	0.5263347265149944	1	1
positive regulation of smoothened signaling pathway	GO:0045880		8	0	1.1390377412849322	-Inf	0	1	1	1
negative regulation of vasoconstriction	GO:0045906		7	4	0.9966580236243158	1.389641934371854	2.0979604894500303	0.010012088410208588	0.3065770520091457	0.30657705200914576
negative regulation of DNA recombination	GO:0045910		28	4	3.986632094497263	0.00334757325196334	0.8837426586622106	0.5488573271232209	1	1
positive regulation of DNA recombination	GO:0045911		48	6	6.834226447709594	-0.13018381937255943	0.7923752068513801	0.6556430970727063	1	1
negative regulation of carbohydrate metabolic process	GO:0045912		30	5	4.271391529818496	0.1574982530792216	0.9970009612255251	0.3979842886881966	1	1
positive regulation of carbohydrate metabolic process	GO:0045913		36	4	5.125669835782196	-0.24796685502894292	0.7172787766977757	0.7740391938209442	1	1
negative regulation of complement activation	GO:0045916		9	3	1.281417458945549	0.8506454336391668	1.5865667097058858	0.12490602485745164	0.9280301749694909	0.928030174969491
negative regulation of exocytosis	GO:0045920		18	6	2.562834917891098	0.8506454336391668	1.5865667097058858	0.03331065151006013	0.5204667191953091	0.5204667191953091
positive regulation of exocytosis	GO:0045921		47	12	6.691846730048978	0.5840167703852183	1.3471467269821749	0.02874642003246138	0.4786278935404819	0.47862789354048196
negative regulation of fatty acid metabolic process	GO:0045922		18	1	2.562834917891098	-0.9411140355888882	0.38091433799658575	0.9144496405462401	1	1
positive regulation of fatty acid metabolic process	GO:0045923		23	2	3.2747335061941802	-0.4930893130619277	0.5780097290510103	0.8593481172122572	1	1
negative regulation of growth	GO:0045926		99	12	14.095592048401036	-0.16095547803931293	0.7722504597000865	0.7434229049919272	1	1
positive regulation of growth	GO:0045927		98	14	13.95321233074042	0.00334757325196334	0.8837426586622106	0.522320714193798	1	1
negative regulation of mitotic cell cycle	GO:0045930		127	11	18.0822241428983	-0.49703409135294413	0.5759565951039237	0.9756906895458187	1	1
positive regulation of mitotic cell cycle	GO:0045931		78	13	11.105617977528091	0.1574982530792214	0.9970009612255248	0.2812249399890648	1	1
negative regulation of muscle contraction	GO:0045932		6	3	0.8542783059636992	1.2561105417473313	1.968939649300815	0.04122811280191899	0.5440719826127625	0.5440719826127625
positive regulation of muscle contraction	GO:0045933		13	4	1.850936329588015	0.7706027259656304	1.5134313022296	0.07882500601757823	0.7437657096191486	0.7437657096191486
negative regulation of phosphate metabolic process	GO:0045936		129	24	18.366983578219536	0.26749914829355	1.0825249697675892	0.0871526007479676	0.7973479119821224	0.7973479119821225
negative regulation of steroid metabolic process	GO:0045939		18	1	2.562834917891098	-0.9411140355888882	0.38091433799658575	0.9144496405462401	1	1
positive regulation of steroid metabolic process	GO:0045940		25	4	3.5594929415154133	0.11667625855896654	0.966232617868278	0.45229031950387566	1	1
positive regulation of transcription by RNA polymerase I	GO:0045943		23	1	3.2747335061941802	-1.186236493621873	0.3008111881356697	0.9708435974336923	1	1
positive regulation of transcription by RNA polymerase III	GO:0045945		17	4	2.420455200230481	0.5023387393709511	1.276526421804185	0.21527346042877812	1	1
negative regulation of translational initiation	GO:0045947		16	3	2.2780754825698644	0.2752812887356051	1.0887138899917574	0.4035880108068125	1	1
positive regulation of translational initiation	GO:0045948		19	4	2.705214635551714	0.39111310426072676	1.182848131081555	0.2813253354967498	1	1
negative regulation of natural killer cell mediated cytotoxicity	GO:0045953		23	5	3.2747335061941802	0.4232014188122272	1.209560731589093	0.22181288240929284	1	1
positive regulation of natural killer cell mediated cytotoxicity	GO:0045954		20	1	2.8475943532123305	-1.0464745512467142	0.3443290775615407	0.9537500910835526	1	1
negative regulation of nucleotide metabolic process	GO:0045980		15	1	2.135695764909248	-0.7587924787949335	0.4526182666060272	0.900232481476347	1	1
positive regulation of nucleotide metabolic process	GO:0045981		19	5	2.705214635551714	0.6142566555749365	1.3736510814004799	0.12219140300801425	0.9280301749694909	0.928030174969491
positive regulation of smooth muscle contraction	GO:0045987		8	2	1.1390377412849322	0.562963361187386	1.3288054702420249	0.2621772575015677	1	1
regulation of embryonic development	GO:0045995		7	1	0.9966580236243158	0.00334757325196334	0.8837426586622106	0.6588243430336695	1	1
regulation of activated T cell proliferation	GO:0046006		23	4	3.2747335061941802	0.2000578674980176	1.029647840225027	0.4185444726443731	1	1
negative regulation of activated T cell proliferation	GO:0046007		5	2	0.7118985883030826	1.0329669904331216	1.756382046950204	0.15090142328628167	0.9672449295933598	0.96724492959336
regulation of transcription by glucose	GO:0046015		5	1	0.7118985883030826	0.33981980987317634	1.1407076173540833	0.5360900744813608	1	1
ADP metabolic process	GO:0046031		24	5	3.417113223854797	0.38064180439343137	1.1741885603508528	0.2498152383468616	1	1
ADP catabolic process	GO:0046032		23	5	3.2747335061941802	0.4232014188122272	1.209560731589093	0.22181288240929284	1	1
AMP metabolic process	GO:0046033		12	2	1.7085566119273985	0.1574982530792216	0.9970009612255251	0.5263347265149944	1	1
ATP metabolic process	GO:0046034		62	7	8.827542494958225	-0.23196651368250165	0.7271714284275655	0.7982955402849075	1	1
CTP metabolic process	GO:0046036		5	1	0.7118985883030826	0.33981980987317634	1.1407076173540833	0.5360900744813608	1	1
GMP metabolic process	GO:0046037		10	3	1.4237971766061652	0.7452849179813407	1.4905061619474906	0.16036271498144075	0.9728178948861119	0.9728178948861118
GTP metabolic process	GO:0046039		13	4	1.850936329588015	0.7706027259656304	1.5134313022296	0.10150888213493482	0.8437430951871026	0.8437430951871024
IMP metabolic process	GO:0046040		10	2	1.4237971766061652	0.33981980987317634	1.1407076173540833	0.37400758293388436	1	1
cAMP metabolic process	GO:0046058		9	0	1.281417458945549	-Inf	0	1	1	1
cGMP metabolic process	GO:0046068		9	0	1.281417458945549	-Inf	0	1	1	1
nucleobase biosynthetic process	GO:0046112		7	1	0.9966580236243158	0.00334757325196334	0.8837426586622106	0.6588243430336695	1	1
purine ribonucleoside metabolic process	GO:0046128		8	3	1.1390377412849322	0.9684284692955504	1.6958091564460576	0.06464013109570181	0.6615082771291728	0.6615082771291728
purine ribonucleoside catabolic process	GO:0046130		5	1	0.7118985883030826	0.33981980987317634	1.1407076173540833	0.45905234424234465	1	1
pyrimidine ribonucleoside metabolic process	GO:0046131		6	3	0.8542783059636992	1.2561105417473313	1.968939649300815	0.04122811280191899	0.5440719826127625	0.5440719826127625
pyrimidine ribonucleoside catabolic process	GO:0046133		6	3	0.8542783059636992	1.2561105417473313	1.968939649300815	0.04122811280191899	0.5440719826127625	0.5440719826127625
pyrimidine nucleoside biosynthetic process	GO:0046134		5	0	0.7118985883030826	-Inf	0	1	1	1
pyrimidine nucleoside catabolic process	GO:0046135		8	4	1.1390377412849322	1.2561105417473313	1.968939649300815	0.01778370527369701	0.4134473689518601	0.41344736895186013
negative regulation of vitamin metabolic process	GO:0046137		6	0	0.8542783059636992	-Inf	0	1	1	1
tetrahydrobiopterin metabolic process	GO:0046146		6	1	0.8542783059636992	0.1574982530792216	0.9970009612255251	0.6021604736719404	1	1
pigment biosynthetic process	GO:0046148		26	1	3.70187265917603	-1.3088388157142055	0.2669515969960966	0.981621100670107	1	1
pigment catabolic process	GO:0046149		9	0	1.281417458945549	-Inf	0	1	1	1
alcohol catabolic process	GO:0046164		21	1	2.989974070872947	-1.0952647154161463	0.32851034177068966	0.9537500910835526	1	1
alcohol biosynthetic process	GO:0046165		57	9	8.115643906655142	0.10343103180894582	0.9563668945957576	0.40310603573080234	1	1
polyol biosynthetic process	GO:0046173		25	1	3.5594929415154133	-1.2696181025609241	0.2773686994511519	0.9785647536585876	1	1
aldehyde biosynthetic process	GO:0046184		8	3	1.1390377412849322	0.9684284692955504	1.6958091564460576	0.0927539865889046	0.8048939983039493	0.8048939983039493
aldehyde catabolic process	GO:0046185		7	0	0.9966580236243158	-Inf	0	1	1	1
phenol-containing compound biosynthetic process	GO:0046189		13	1	1.850936329588015	-0.6156916351542602	0.5169348319376487	0.8643214016762081	1	1
nitric oxide metabolic process	GO:0046209		17	1	2.420455200230481	-0.8839556217489396	0.4022127055642241	0.9266415165604416	1	1
aflatoxin metabolic process	GO:0046222		6	0	0.8542783059636992	-Inf	0	1	1	1
regulation of fatty acid oxidation	GO:0046320		16	0	2.2780754825698644	-Inf	0	1	1	1
positive regulation of fatty acid oxidation	GO:0046321		10	0	1.4237971766061652	-Inf	0	1	1	1
regulation of glucose import	GO:0046324		25	2	3.5594929415154133	-0.5764709220009788	0.5358617943040874	0.8752374453998263	1	1
negative regulation of glucose import	GO:0046325		7	0	0.9966580236243158	-Inf	0	1	1	1
positive regulation of glucose import	GO:0046326		17	2	2.420455200230481	-0.19080844118899426	0.7530665813565736	0.68697509542795	1	1
regulation of JNK cascade	GO:0046328		102	16	14.522731201382886	0.09687363126278688	0.9515041992779714	0.3477734740113345	1	1
negative regulation of JNK cascade	GO:0046329		26	4	3.70187265917603	0.0774555454056851	0.937189140297217	0.5176038125225733	1	1
positive regulation of JNK cascade	GO:0046330		69	13	9.824200518582542	0.2801005751715538	1.092555387056935	0.14989828924248874	0.9672449295933598	0.96724492959336
phosphatidylethanolamine metabolic process	GO:0046337		20	2	2.8475943532123305	-0.35332737068676895	0.6545884298137958	0.7999882008278627	1	1
diacylglycerol metabolic process	GO:0046339		12	1	1.7085566119273985	-0.5356489274807237	0.5561697644022129	0.8417782456475578	1	1
amino sugar catabolic process	GO:0046348		8	2	1.1390377412849322	0.562963361187386	1.3288054702420249	0.3186516811391211	1	1
amino sugar biosynthetic process	GO:0046349		11	0	1.566176894266782	-Inf	0	1	1	1
monosaccharide biosynthetic process	GO:0046364		24	3	3.417113223854797	-0.13018381937255943	0.7923752068513801	0.6845655071489992	1	1
monosaccharide catabolic process	GO:0046365		24	2	3.417113223854797	-0.5356489274807237	0.5561697644022129	0.8752374453998263	1	1
GDP-L-fucose metabolic process	GO:0046368		6	1	0.8542783059636992	0.1574982530792216	0.9970009612255251	0.6021604736719404	1	1
deoxyribose phosphate biosynthetic process	GO:0046385		9	2	1.281417458945549	0.4451803255310024	1.2280073011830346	0.37400758293388436	1	1
deoxyribose phosphate catabolic process	GO:0046386		17	1	2.420455200230481	-0.8839556217489396	0.4022127055642241	0.9144496405462401	1	1
ribose phosphate biosynthetic process	GO:0046390		53	6	7.546125036012676	-0.22927472201679033	0.7288453060112307	0.7848975012401198	1	1
carboxylic acid biosynthetic process	GO:0046394		154	16	21.926476519734944	-0.3151061578665712	0.676837221931156	0.9328921179489791	1	1
carboxylic acid catabolic process	GO:0046395		155	10	22.068856237395565	-0.7915823016179244	0.43889979909150545	0.9987026793627745	1	1
urate metabolic process	GO:0046415		11	0	1.566176894266782	-Inf	0	1	1	1
regulation of receptor signaling pathway via JAK-STAT	GO:0046425		41	7	5.837568424085278	0.18159580465828198	1.0154156788777262	0.36516104810679895	1	1
negative regulation of receptor signaling pathway via JAK-STAT	GO:0046426		15	4	2.135695764909248	0.6275018823249572	1.3853179128298705	0.15441554072110325	0.9672449295933598	0.96724492959336
positive regulation of receptor signaling pathway via JAK-STAT	GO:0046427		24	3	3.417113223854797	-0.13018381937255943	0.7923752068513801	0.6845655071489992	1	1
organophosphate catabolic process	GO:0046434		96	13	13.668452895419188	-0.05014111169902301	0.8463665025049211	0.5902372726078939	1	1
icosanoid biosynthetic process	GO:0046456		28	7	3.986632094497263	0.562963361187386	1.3288054702420249	0.09275617773247463	0.8048939983039493	0.8048939983039493
prostanoid biosynthetic process	GO:0046457		16	5	2.2780754825698644	0.7861069125015957	1.527521157251529	0.06560016576854237	0.6615082771291728	0.6615082771291728
short-chain fatty acid metabolic process	GO:0046459		6	0	0.8542783059636992	-Inf	0	1	1	1
neutral lipid biosynthetic process	GO:0046460		18	4	2.562834917891098	0.4451803255310024	1.2280073011830346	0.18402066570529027	1	1
neutral lipid catabolic process	GO:0046461		18	2	2.562834917891098	-0.24796685502894292	0.7172787766977757	0.7489064944214678	1	1
monoacylglycerol metabolic process	GO:0046462		9	3	1.281417458945549	0.8506454336391668	1.5865667097058858	0.06464013109570181	0.6615082771291728	0.6615082771291728
acylglycerol biosynthetic process	GO:0046463		18	4	2.562834917891098	0.4451803255310024	1.2280073011830346	0.18402066570529027	1	1
acylglycerol catabolic process	GO:0046464		18	2	2.562834917891098	-0.24796685502894292	0.7172787766977757	0.7489064944214678	1	1
dolichyl diphosphate metabolic process	GO:0046465		5	0	0.7118985883030826	-Inf	0	1	1	1
membrane lipid catabolic process	GO:0046466		38	5	5.410429271103428	-0.07889052498500881	0.8267035041073989	0.621673805593468	1	1
membrane lipid biosynthetic process	GO:0046467		106	15	15.092250072025353	-0.0061311707025805086	0.8770448466612824	0.5370534295839577	1	1
phosphatidylcholine metabolic process	GO:0046470		55	8	7.83088447133391	0.02136607875464152	0.8965620952196982	0.5325087511644241	1	1
phosphatidylglycerol metabolic process	GO:0046471		24	5	3.417113223854797	0.38064180439343137	1.1741885603508528	0.2498152383468616	1	1
phosphatidic acid metabolic process	GO:0046473		31	1	4.413771247479112	-1.4847294821778696	0.22466878016034947	0.991484462358629	1	1
glycerophospholipid biosynthetic process	GO:0046474		144	20	20.502679343128783	-0.02482330371473313	0.8639302334095803	0.5843996660422556	1	1
glycerophospholipid catabolic process	GO:0046475		18	2	2.562834917891098	-0.24796685502894292	0.7172787766977757	0.7489064944214678	1	1
glycosphingolipid catabolic process	GO:0046479		16	3	2.2780754825698644	0.2752812887356051	1.0887138899917574	0.362419133600277	1	1
ether lipid metabolic process	GO:0046485		11	2	1.566176894266782	0.24450963006885137	1.0643462602905969	0.4783169302775343	1	1
phosphatidylinositol metabolic process	GO:0046488		98	15	13.95321233074042	0.07234044473891463	0.9334394582076726	0.39131270186234524	1	1
nicotinamide nucleotide metabolic process	GO:0046496		67	8	9.539441083261307	-0.1759933554038535	0.76254491429362	0.7406633020493523	1	1
S-adenosylmethionine metabolic process	GO:0046500		7	0	0.9966580236243158	-Inf	0	1	1	1
protoporphyrinogen IX metabolic process	GO:0046501		7	0	0.9966580236243158	-Inf	0	1	1	1
glycerolipid catabolic process	GO:0046503		33	4	4.698530682800346	-0.16095547803931307	0.7722504597000864	0.710872877710236	1	1
glycerol ether biosynthetic process	GO:0046504		7	2	0.9966580236243158	0.6964947538119086	1.446630636471521	0.2621772575015677	1	1
sphingosine biosynthetic process	GO:0046512		14	0	1.9933160472486315	-Inf	0	1	1	1
ceramide biosynthetic process	GO:0046513		34	5	4.840910400460962	0.03233511012521561	0.9044217771948145	0.515170417251003	1	1
ceramide catabolic process	GO:0046514		15	2	2.135695764909248	-0.06564529823498817	0.835725121529455	0.6515517098503079	1	1
sphingoid metabolic process	GO:0046519		20	0	2.8475943532123305	-Inf	0	1	1	1
sphingoid biosynthetic process	GO:0046520		14	0	1.9933160472486315	-Inf	0	1	1	1
development of primary female sexual characteristics	GO:0046545		9	0	1.281417458945549	-Inf	0	1	1	1
development of primary male sexual characteristics	GO:0046546		16	2	2.2780754825698644	-0.13018381937255932	0.7923752068513801	0.6515517098503079	1	1
regulation of Ras protein signal transduction	GO:0046578		22	5	3.132353788533564	0.46765318138306106	1.2469908106856926	0.16911709020301047	1	1
positive regulation of Ras protein signal transduction	GO:0046579		12	4	1.7085566119273985	0.8506454336391669	1.586566709705886	0.05899071940642686	0.6444853879168564	0.6444853879168564
negative regulation of Ras protein signal transduction	GO:0046580		7	1	0.9966580236243158	0.00334757325196334	0.8837426586622106	0.6588243430336695	1	1
regulation of viral entry into host cell	GO:0046596		19	3	2.705214635551714	0.10343103180894582	0.9563668945957576	0.5210095374998907	1	1
negative regulation of viral entry into host cell	GO:0046597		20	5	2.8475943532123305	0.562963361187386	1.3288054702420249	0.14483696204410754	0.9672449295933598	0.96724492959336
positive regulation of viral entry into host cell	GO:0046598		14	1	1.9933160472486315	-0.689799607307982	0.48271091085741513	0.8836537633679444	1	1
regulation of centriole replication	GO:0046599		20	2	2.8475943532123305	-0.35332737068676895	0.6545884298137958	0.7999882008278627	1	1
negative regulation of centriole replication	GO:0046600		5	0	0.7118985883030826	-Inf	0	1	1	1
positive regulation of centriole replication	GO:0046601		11	2	1.566176894266782	0.24450963006885137	1.0643462602905969	0.4783169302775343	1	1
regulation of mitotic centrosome separation	GO:0046602		8	1	1.1390377412849322	-0.13018381937255932	0.7923752068513801	0.7074204375900333	1	1
regulation of centrosome cycle	GO:0046605		43	6	6.122327859406511	-0.020182924158230794	0.8671743536981672	0.5635075877470801	1	1
negative regulation of centrosome cycle	GO:0046606		9	0	1.281417458945549	-Inf	0	1	1	1
xenobiotic export from cell	GO:0046618		12	0	1.7085566119273985	-Inf	0	1	1	1
regulation of organ growth	GO:0046620		11	0	1.566176894266782	-Inf	0	1	1	1
negative regulation of organ growth	GO:0046621		5	0	0.7118985883030826	-Inf	0	1	1	1
positive regulation of organ growth	GO:0046622		6	0	0.8542783059636992	-Inf	0	1	1	1
regulation of insulin receptor signaling pathway	GO:0046626		30	3	4.271391529818496	-0.3533273706867691	0.6545884298137958	0.802482369576544	1	1
negative regulation of insulin receptor signaling pathway	GO:0046627		20	0	2.8475943532123305	-Inf	0	1	1	1
positive regulation of insulin receptor signaling pathway	GO:0046628		7	3	0.9966580236243158	1.101959861920073	1.8216227766169788	0.06464013109570181	0.6615082771291728	0.6615082771291728
alpha-beta T cell activation	GO:0046631		31	2	4.413771247479112	-0.7915823016179243	0.43889979909150556	0.9475704527405686	1	1
alpha-beta T cell differentiation	GO:0046632		21	0	2.989974070872947	-Inf	0	1	1	1
regulation of alpha-beta T cell activation	GO:0046634		47	8	6.691846730048978	0.1785516622770539	1.0130792604574355	0.3063859445199611	1	1
positive regulation of alpha-beta T cell activation	GO:0046635		30	7	4.271391529818496	0.49397048970043445	1.2693749656648907	0.09275617773247463	0.8048939983039493	0.8048939983039493
negative regulation of alpha-beta T cell activation	GO:0046636		18	2	2.562834917891098	-0.24796685502894292	0.7172787766977757	0.7489064944214678	1	1
regulation of alpha-beta T cell differentiation	GO:0046637		20	3	2.8475943532123305	0.05213773742139535	0.9187167652206437	0.5210095374998907	1	1
positive regulation of alpha-beta T cell differentiation	GO:0046638		13	3	1.850936329588015	0.4829206535138495	1.2599567155187015	0.23822794909023526	1	1
negative regulation of alpha-beta T cell differentiation	GO:0046639		8	1	1.1390377412849322	-0.13018381937255932	0.7923752068513801	0.7074204375900333	1	1
regulation of alpha-beta T cell proliferation	GO:0046640		17	4	2.420455200230481	0.5023387393709511	1.276526421804185	0.21527346042877812	1	1
positive regulation of alpha-beta T cell proliferation	GO:0046641		14	3	1.9933160472486315	0.40881268136012766	1.1975499993590397	0.32081841502444297	1	1
negative regulation of alpha-beta T cell proliferation	GO:0046642		5	1	0.7118985883030826	0.33981980987317634	1.1407076173540833	0.5360900744813608	1	1
lymphocyte activation	GO:0046649		149	16	21.214577931431865	-0.2820998613984014	0.6965024892073823	0.904792799470807	1	1
lymphocyte proliferation	GO:0046651		15	2	2.135695764909248	-0.06564529823498817	0.835725121529455	0.6515517098503079	1	1
tetrahydrofolate metabolic process	GO:0046653		13	0	1.850936329588015	-Inf	0	1	1	1
folic acid metabolic process	GO:0046655		11	0	1.566176894266782	-Inf	0	1	1	1
female sex differentiation	GO:0046660		11	0	1.566176894266782	-Inf	0	1	1	1
male sex differentiation	GO:0046661		19	2	2.705214635551714	-0.3020340762992186	0.6845755406169421	0.7489064944214678	1	1
negative regulation of insulin secretion	GO:0046676		10	1	1.4237971766061652	-0.35332737068676895	0.6545884298137958	0.7848390715887252	1	1
response to antibiotic	GO:0046677		11	0	1.566176894266782	-Inf	0	1	1	1
response to organophosphorus	GO:0046683		49	7	6.97660616537021	0.00334757325196334	0.8837426586622106	0.5583069624984354	1	1
response to arsenic-containing substance	GO:0046685		14	5	1.9933160472486315	0.9196383051261183	1.6503400064058957	0.038273751466703865	0.5440719826127625	0.5440719826127625
response to cadmium ion	GO:0046686		8	2	1.1390377412849322	0.562963361187386	1.3288054702420249	0.3186516811391211	1	1
response to copper ion	GO:0046688		11	0	1.566176894266782	-Inf	0	1	1	1
decidualization	GO:0046697		7	0	0.9966580236243158	-Inf	0	1	1	1
muscle cell cellular homeostasis	GO:0046716		7	1	0.9966580236243158	0.00334757325196334	0.8837426586622106	0.6021604736719404	1	1
viral entry into host cell	GO:0046718		40	5	5.695188706424661	-0.13018381937255932	0.7923752068513801	0.6916251508438572	1	1
regulation by virus of viral protein levels in host cell	GO:0046719		8	2	1.1390377412849322	0.562963361187386	1.3288054702420249	0.3186516811391211	1	1
non-lytic viral release	GO:0046753		14	5	1.9933160472486315	0.9196383051261183	1.6503400064058957	0.019322146184124093	0.4134473689518601	0.41344736895186013
viral budding	GO:0046755		25	6	3.5594929415154133	0.5221413666671308	1.2935132983402626	0.0977526129475821	0.8386890849995451	0.8386890849995449
viral budding from plasma membrane	GO:0046761		13	4	1.850936329588015	0.7706027259656304	1.5134313022296	0.05899071940642686	0.6444853879168564	0.6444853879168564
protein autophosphorylation	GO:0046777		111	17	15.804148660328435	0.07294086505115847	0.9338791432490824	0.3671564483465957	1	1
regulation of viral transcription	GO:0046782		19	2	2.705214635551714	-0.3020340762992186	0.6845755406169421	0.7757179011181241	1	1
microtubule polymerization	GO:0046785		22	4	3.132353788533564	0.24450963006885137	1.0643462602905969	0.3843302830382723	1	1
transport of virus	GO:0046794		5	0	0.7118985883030826	-Inf	0	1	1	1
receptor-mediated virion attachment to host cell	GO:0046813		6	1	0.8542783059636992	0.1574982530792216	0.9970009612255251	0.6021604736719404	1	1
regulation of nucleocytoplasmic transport	GO:0046822		72	11	10.251339671564391	0.07048687608959164	0.9320828710747426	0.4506651776516307	1	1
negative regulation of nucleocytoplasmic transport	GO:0046823		17	3	2.420455200230481	0.21465666691917012	1.0409768694321027	0.44394112874496316	1	1
positive regulation of nucleocytoplasmic transport	GO:0046824		39	7	5.5528089887640455	0.23160622523294339	1.0542121370591606	0.3161996539750625	1	1
regulation of protein export from nucleus	GO:0046825		23	3	3.2747335061941802	-0.08762420495376344	0.8207899149785506	0.6555311086933588	1	1
negative regulation of protein export from nucleus	GO:0046826		5	1	0.7118985883030826	0.33981980987317634	1.1407076173540833	0.5360900744813608	1	1
positive regulation of protein export from nucleus	GO:0046827		12	2	1.7085566119273985	0.1574982530792216	0.9970009612255251	0.5263347265149944	1	1
regulation of RNA export from nucleus	GO:0046831		14	4	1.9933160472486315	0.6964947538119086	1.446630636471521	0.12680293440222737	0.9280301749694909	0.928030174969491
lipid phosphorylation	GO:0046834		8	0	1.1390377412849322	-Inf	0	1	1	1
carbohydrate phosphorylation	GO:0046835		6	0	0.8542783059636992	-Inf	0	1	1	1
glycolipid transport	GO:0046836		6	1	0.8542783059636992	0.1574982530792216	0.9970009612255251	0.6021604736719404	1	1
phospholipid dephosphorylation	GO:0046839		23	5	3.2747335061941802	0.4232014188122272	1.209560731589093	0.19484325861326873	1	1
filopodium assembly	GO:0046847		9	0	1.281417458945549	-Inf	0	1	1	1
bone remodeling	GO:0046849		6	2	0.8542783059636992	0.8506454336391669	1.586566709705886	0.205738078528463	1	1
regulation of bone remodeling	GO:0046850		8	0	1.1390377412849322	-Inf	0	1	1	1
phosphatidylinositol phosphate biosynthetic process	GO:0046854		23	4	3.2747335061941802	0.2000578674980176	1.029647840225027	0.4185444726443731	1	1
phosphatidylinositol dephosphorylation	GO:0046856		15	5	2.135695764909248	0.8506454336391669	1.586566709705886	0.038273751466703865	0.5440719826127625	0.5440719826127625
regulation of saliva secretion	GO:0046877		5	0	0.7118985883030826	-Inf	0	1	1	1
hormone secretion	GO:0046879		21	2	2.989974070872947	-0.4021175348562011	0.6270041687017212	0.8218971635582669	1	1
regulation of hormone secretion	GO:0046883		101	7	14.38035148372227	-0.7199526454786696	0.4693521263387135	0.9902265768479661	1	1
regulation of hormone biosynthetic process	GO:0046885		13	2	1.850936329588015	0.0774555454056851	0.937189140297217	0.5263347265149944	1	1
positive regulation of hormone biosynthetic process	GO:0046886		5	2	0.7118985883030826	1.0329669904331216	1.756382046950204	0.15090142328628167	0.9672449295933598	0.96724492959336
positive regulation of hormone secretion	GO:0046887		46	2	6.5494670123883605	-1.186236493621873	0.3008111881356697	0.9904175406450842	1	1
negative regulation of hormone secretion	GO:0046888		20	1	2.8475943532123305	-1.0464745512467142	0.3443290775615407	0.9460619965707682	1	1
positive regulation of lipid biosynthetic process	GO:0046889		51	9	7.261365600691443	0.21465666691917032	1.0409768694321027	0.27675781408383826	1	1
regulation of lipid biosynthetic process	GO:0046890		100	13	14.237971766061653	-0.09096310621927801	0.8185365366177801	0.6525474868947021	1	1
regulation of mitochondrial membrane permeability	GO:0046902		31	3	4.413771247479112	-0.38611719350975987	0.635949320040135	0.8210156820757227	1	1
secretion	GO:0046903		159	33	22.63837510803803	0.37686108155352527	1.1710690376903972	0.011708401577600622	0.32885915310240743	0.3288591531024075
regulation of neurotransmitter secretion	GO:0046928		15	2	2.135695764909248	-0.06564529823498817	0.835725121529455	0.613000699683637	1	1
pore complex assembly	GO:0046931		19	4	2.705214635551714	0.39111310426072676	1.182848131081555	0.2813253354967498	1	1
carboxylic acid transport	GO:0046942		157	14	22.353615672716796	-0.4679307534257729	0.5912431266649397	0.9796982711161997	1	1
fatty-acyl-CoA biosynthetic process	GO:0046949		26	6	3.70187265917603	0.4829206535138495	1.2599567155187015	0.15503512948061737	0.9672449295933598	0.96724492959336
ketone body biosynthetic process	GO:0046951		5	0	0.7118985883030826	-Inf	0	1	1	1
cytosol to endoplasmic reticulum transport	GO:0046967		5	1	0.7118985883030826	0.33981980987317634	1.1407076173540833	0.5360900744813608	1	1
regulation of response to osmotic stress	GO:0047484		8	0	1.1390377412849322	-Inf	0	1	1	1
vesicle transport along microtubule	GO:0047496		9	1	1.281417458945549	-0.24796685502894292	0.7172787766977757	0.7490970444220519	1	1
mitochondrion transport along microtubule	GO:0047497		14	4	1.9933160472486315	0.6964947538119086	1.446630636471521	0.12680293440222737	0.9280301749694909	0.928030174969491
antigen processing and presentation of peptide antigen	GO:0048002		41	4	5.837568424085278	-0.37801998327714065	0.6405136533857336	0.8406965161867658	1	1
platelet-derived growth factor receptor signaling pathway	GO:0048008		14	3	1.9933160472486315	0.40881268136012766	1.1975499993590397	0.32081841502444297	1	1
insulin-like growth factor receptor signaling pathway	GO:0048009		8	0	1.1390377412849322	-Inf	0	1	1	1
vascular endothelial growth factor receptor signaling pathway	GO:0048010		26	3	3.70187265917603	-0.21022652704609585	0.7407692106161782	0.7117289146581616	1	1
hepatocyte growth factor receptor signaling pathway	GO:0048012		6	0	0.8542783059636992	-Inf	0	1	1	1
ephrin receptor signaling pathway	GO:0048013		29	2	4.12901181215788	-0.7248909271192522	0.4671950718706072	0.9325383324606165	1	1
regulation of melanin biosynthetic process	GO:0048021		9	0	1.281417458945549	-Inf	0	1	1	1
positive regulation of melanin biosynthetic process	GO:0048023		7	0	0.9966580236243158	-Inf	0	1	1	1
regulation of mRNA splicing, via spliceosome	GO:0048024		63	8	8.969922212618842	-0.11443546240442025	0.8028113508491108	0.6731403829015397	1	1
negative regulation of mRNA splicing, via spliceosome	GO:0048025		12	0	1.7085566119273985	-Inf	0	1	1	1
positive regulation of mRNA splicing, via spliceosome	GO:0048026		9	1	1.281417458945549	-0.24796685502894292	0.7172787766977757	0.7074204375900333	1	1
focal adhesion assembly	GO:0048041		15	2	2.135695764909248	-0.06564529823498817	0.835725121529455	0.6515517098503079	1	1
developmental pigmentation	GO:0048066		17	3	2.420455200230481	0.21465666691917012	1.0409768694321027	0.44394112874496316	1	1
astrocyte activation	GO:0048143		5	1	0.7118985883030826	0.33981980987317634	1.1407076173540833	0.5360900744813608	1	1
regulation of fibroblast proliferation	GO:0048145		37	6	5.268049553442812	0.13009927889110715	0.9762898570611457	0.43438912646586525	1	1
positive regulation of fibroblast proliferation	GO:0048146		25	2	3.5594929415154133	-0.5764709220009788	0.5358617943040874	0.889455578507797	1	1
negative regulation of fibroblast proliferation	GO:0048147		12	3	1.7085566119273985	0.5629633611873859	1.3288054702420247	0.23822794909023526	1	1
regulation of synaptic plasticity	GO:0048167		27	2	3.8442523768366463	-0.6534319631371072	0.4992566297591072	0.9134826756976153	1	1
regulation of neuronal synaptic plasticity	GO:0048168		5	1	0.7118985883030826	0.33981980987317634	1.1407076173540833	0.5360900744813608	1	1
Golgi vesicle transport	GO:0048193		171	38	24.346931719965426	0.44518032553100256	1.2280073011830346	0.0024672258955416543	0.14288456055919493	0.14288456055919493
Golgi vesicle budding	GO:0048194		6	1	0.8542783059636992	0.1574982530792216	0.9970009612255251	0.6021604736719404	1	1
vesicle targeting, to, from or within Golgi	GO:0048199		16	4	2.2780754825698644	0.562963361187386	1.3288054702420249	0.18402066570529027	1	1
vesicle targeting, rough ER to cis-Golgi	GO:0048207		11	3	1.566176894266782	0.6499747381770157	1.405190961529407	0.19837721332207095	1	1
COPII vesicle coating	GO:0048208		11	3	1.566176894266782	0.6499747381770157	1.405190961529407	0.19837721332207095	1	1
plasma membrane to endosome transport	GO:0048227		7	3	0.9966580236243158	1.101959861920073	1.8216227766169788	0.06464013109570181	0.6615082771291728	0.6615082771291728
male gamete generation	GO:0048232		107	7	15.23462978968597	-0.7776609630993164	0.44467883847333844	0.9902265768479661	1	1
eosinophil chemotaxis	GO:0048245		8	0	1.1390377412849322	-Inf	0	1	1	1
macrophage chemotaxis	GO:0048246		8	2	1.1390377412849322	0.562963361187386	1.3288054702420249	0.2621772575015677	1	1
lymphocyte chemotaxis	GO:0048247		17	2	2.420455200230481	-0.19080844118899426	0.7530665813565736	0.6515517098503079	1	1
elastic fiber assembly	GO:0048251		5	0	0.7118985883030826	-Inf	0	1	1	1
snoRNA localization	GO:0048254		5	0	0.7118985883030826	-Inf	0	1	1	1
mRNA stabilization	GO:0048255		42	10	5.979948141745894	0.5141731970179539	1.286667453230158	0.05780763147093278	0.6444853879168564	0.6444853879168564
regulation of receptor-mediated endocytosis	GO:0048259		72	13	10.251339671564391	0.23754096075275785	1.0588669574918628	0.2038025842247811	1	1
positive regulation of receptor-mediated endocytosis	GO:0048260		37	6	5.268049553442812	0.13009927889110715	0.9762898570611457	0.43438912646586525	1	1
negative regulation of receptor-mediated endocytosis	GO:0048261		22	5	3.132353788533564	0.46765318138306106	1.2469908106856926	0.19484325861326873	1	1
clathrin coat assembly	GO:0048268		11	5	1.566176894266782	1.1608003619430063	1.877620363860972	0.00786415327730995	0.27881483221538467	0.27881483221538467
vesicle docking	GO:0048278		10	2	1.4237971766061652	0.33981980987317634	1.1407076173540833	0.4274187999219954	1	1
organelle fusion	GO:0048284		67	18	9.539441083261307	0.6349368608124752	1.3918819697219047	0.0023521624860259015	0.14036534192711791	0.14036534192711791
organelle fission	GO:0048285		172	27	24.489311437626043	0.09760011149815263	0.9520422194638045	0.25630467360426057	1	1
organelle inheritance	GO:0048308		9	3	1.281417458945549	0.8506454336391668	1.5865667097058858	0.12490602485745164	0.9280301749694909	0.928030174969491
mitochondrion distribution	GO:0048311		9	1	1.281417458945549	-0.24796685502894292	0.7172787766977757	0.7490970444220519	1	1
intracellular distribution of mitochondria	GO:0048312		5	1	0.7118985883030826	0.33981980987317634	1.1407076173540833	0.5360900744813608	1	1
Golgi inheritance	GO:0048313		9	3	1.281417458945549	0.8506454336391668	1.5865667097058858	0.12490602485745164	0.9280301749694909	0.928030174969491
mesoderm morphogenesis	GO:0048332		7	0	0.9966580236243158	-Inf	0	1	1	1
mesodermal cell differentiation	GO:0048333		5	0	0.7118985883030826	-Inf	0	1	1	1
retinoic acid receptor signaling pathway	GO:0048384		9	0	1.281417458945549	-Inf	0	1	1	1
regulation of retinoic acid receptor signaling pathway	GO:0048385		11	1	1.566176894266782	-0.44863755049109394	0.6015547714450307	0.8154912857198441	1	1
negative regulation of retinoic acid receptor signaling pathway	GO:0048387		6	1	0.8542783059636992	0.1574982530792216	0.9970009612255251	0.6021604736719404	1	1
cell maturation	GO:0048469		21	1	2.989974070872947	-1.0952647154161463	0.32851034177068966	0.9537500910835526	1	1
synaptic vesicle endocytosis	GO:0048488		9	1	1.281417458945549	-0.24796685502894292	0.7172787766977757	0.7490970444220519	1	1
synaptic vesicle transport	GO:0048489		5	2	0.7118985883030826	1.0329669904331216	1.756382046950204	0.15090142328628167	0.9672449295933598	0.96724492959336
maintenance of animal organ identity	GO:0048496		5	0	0.7118985883030826	-Inf	0	1	1	1
rhythmic process	GO:0048511		29	4	4.12901181215788	-0.0317437465593069	0.8591064238673326	0.6079761405250586	1	1
blood vessel morphogenesis	GO:0048514		105	16	14.949870354364736	0.06788609438953445	0.9301813846903071	0.4103110125152829	1	1
spermatid differentiation	GO:0048515		38	2	5.410429271103428	-0.9951812568591639	0.36171688738970265	0.9724246232294138	1	1
positive regulation of viral process	GO:0048524		60	14	8.542783059636992	0.49397048970043445	1.2693749656648907	0.03473774286500409	0.538175434423105	0.538175434423105
negative regulation of viral process	GO:0048525		67	14	9.539441083261307	0.38362243253156925	1.1766505639940044	0.07103719209060375	0.6970279179718909	0.6970279179718909
hematopoietic or lymphoid organ development	GO:0048534		7	1	0.9966580236243158	0.00334757325196334	0.8837426586622106	0.6588243430336695	1	1
response to steroid hormone	GO:0048545		72	12	10.251339671564391	0.1574982530792214	0.9970009612255248	0.32472548420269054	1	1
digestive tract morphogenesis	GO:0048546		5	0	0.7118985883030826	-Inf	0	1	1	1
regulation of pinocytosis	GO:0048548		7	1	0.9966580236243158	0.00334757325196334	0.8837426586622106	0.6588243430336695	1	1
embryonic organ morphogenesis	GO:0048562		27	2	3.8442523768366463	-0.6534319631371072	0.4992566297591072	0.9021560783706045	1	1
digestive tract development	GO:0048565		26	1	3.70187265917603	-1.3088388157142055	0.2669515969960966	0.9785647536585876	1	1
embryonic digestive tract development	GO:0048566		8	0	1.1390377412849322	-Inf	0	1	1	1
embryonic organ development	GO:0048568		44	3	6.264707577067128	-0.7363196229428749	0.46223597956107115	0.9501324968438128	1	1
developmental cell growth	GO:0048588		17	4	2.420455200230481	0.5023387393709511	1.276526421804185	0.21527346042877812	1	1
developmental growth	GO:0048589		38	5	5.410429271103428	-0.07889052498500881	0.8267035041073989	0.6460095996210795	1	1
eye morphogenesis	GO:0048592		15	1	2.135695764909248	-0.7587924787949335	0.4526182666060272	0.900232481476347	1	1
camera-type eye morphogenesis	GO:0048593		10	1	1.4237971766061652	-0.35332737068676895	0.6545884298137958	0.7848390715887252	1	1
embryonic morphogenesis	GO:0048598		68	2	9.681820800921924	-1.5771028023088849	0.20513107416696558	0.9994644730193207	1	1
reproductive structure development	GO:0048608		39	3	5.5528089887640455	-0.6156916351542602	0.5169348319376487	0.9223354373364719	1	1
multicellular organismal reproductive process	GO:0048609		155	12	22.068856237395565	-0.6092607448239699	0.5199992459277557	0.9880240654673218	1	1
regulation of muscle organ development	GO:0048634		14	1	1.9933160472486315	-0.689799607307982	0.48271091085741513	0.8643214016762081	1	1
negative regulation of muscle organ development	GO:0048635		6	0	0.8542783059636992	-Inf	0	1	1	1
regulation of developmental growth	GO:0048638		57	2	8.115643906655142	-1.4006463649673282	0.24400900625043423	0.998128150840918	1	1
positive regulation of developmental growth	GO:0048639		39	2	5.5528089887640455	-1.0211567432624247	0.35281286514270094	0.9813801053849521	1	1
negative regulation of developmental growth	GO:0048640		14	0	1.9933160472486315	-Inf	0	1	1	1
regulation of skeletal muscle tissue development	GO:0048641		5	1	0.7118985883030826	0.33981980987317634	1.1407076173540833	0.5360900744813608	1	1
muscle organ morphogenesis	GO:0048644		19	0	2.705214635551714	-Inf	0	1	1	1
regulation of smooth muscle cell proliferation	GO:0048660		74	7	10.536099106885624	-0.4088972218415799	0.6232435846695725	0.910570824513611	1	1
positive regulation of smooth muscle cell proliferation	GO:0048661		40	4	5.695188706424661	-0.35332737068676895	0.6545884298137958	0.8406965161867658	1	1
negative regulation of smooth muscle cell proliferation	GO:0048662		32	1	4.556150965139729	-1.5164781804924499	0.21775845175340564	0.991484462358629	1	1
neuron development	GO:0048666		161	20	22.923134543359264	-0.13641436912319557	0.7882718224820067	0.7778751807218519	1	1
cell morphogenesis involved in neuron differentiation	GO:0048667		69	3	9.824200518582542	-1.1862364936218732	0.30081118813566965	0.9981025012480036	1	1
axon extension	GO:0048675		11	2	1.566176894266782	0.24450963006885137	1.0643462602905969	0.4783169302775343	1	1
response to axon injury	GO:0048678		5	0	0.7118985883030826	-Inf	0	1	1	1
embryonic cranial skeleton morphogenesis	GO:0048701		6	2	0.8542783059636992	0.8506454336391669	1.586566709705886	0.205738078528463	1	1
embryonic skeletal system morphogenesis	GO:0048704		10	2	1.4237971766061652	0.33981980987317634	1.1407076173540833	0.4274187999219954	1	1
skeletal system morphogenesis	GO:0048705		36	4	5.125669835782196	-0.24796685502894292	0.7172787766977757	0.7740391938209442	1	1
embryonic skeletal system development	GO:0048706		14	2	1.9933160472486315	0.00334757325196334	0.8837426586622106	0.613000699683637	1	1
astrocyte differentiation	GO:0048708		6	1	0.8542783059636992	0.1574982530792216	0.9970009612255251	0.6021604736719404	1	1
oligodendrocyte differentiation	GO:0048709		9	0	1.281417458945549	-Inf	0	1	1	1
regulation of astrocyte differentiation	GO:0048710		5	0	0.7118985883030826	-Inf	0	1	1	1
tissue morphogenesis	GO:0048729		113	11	16.08890809564967	-0.3802348236066936	0.639262660099113	0.9269212337923718	1	1
epidermis morphogenesis	GO:0048730		6	0	0.8542783059636992	-Inf	0	1	1	1
gland development	GO:0048732		43	2	6.122327859406511	-1.1187952128263405	0.32112544312898583	0.9874840679834666	1	1
appendage development	GO:0048736		35	0	4.9832901181215785	-Inf	0	1	1	1
cardiac muscle tissue development	GO:0048738		32	1	4.556150965139729	-1.5164781804924499	0.21775845175340564	0.9926990717739965	1	1
pigment granule organization	GO:0048753		15	4	2.135695764909248	0.6275018823249572	1.3853179128298705	0.15441554072110325	0.9672449295933598	0.96724492959336
branching morphogenesis of an epithelial tube	GO:0048754		13	0	1.850936329588015	-Inf	0	1	1	1
pigment granule maturation	GO:0048757		9	2	1.281417458945549	0.4451803255310024	1.2280073011830346	0.37400758293388436	1	1
mesenchymal cell differentiation	GO:0048762		46	7	6.5494670123883605	0.06652647487349499	0.9291882548806338	0.4637047287860586	1	1
tissue remodeling	GO:0048771		11	2	1.566176894266782	0.24450963006885137	1.0643462602905969	0.4783169302775343	1	1
animal organ maturation	GO:0048799		5	0	0.7118985883030826	-Inf	0	1	1	1
genitalia development	GO:0048806		14	1	1.9933160472486315	-0.689799607307982	0.48271091085741513	0.8836537633679444	1	1
neuron projection morphogenesis	GO:0048812		78	7	11.105617977528091	-0.4615409553270019	0.594642547355764	0.9404448095219932	1	1
dendrite morphogenesis	GO:0048813		7	0	0.9966580236243158	-Inf	0	1	1	1
regulation of dendrite morphogenesis	GO:0048814		9	1	1.281417458945549	-0.24796685502894292	0.7172787766977757	0.7074204375900333	1	1
erythrocyte development	GO:0048821		7	0	0.9966580236243158	-Inf	0	1	1	1
inner ear development	GO:0048839		10	3	1.4237971766061652	0.7452849179813407	1.4905061619474906	0.16036271498144075	0.9728178948861119	0.9728178948861118
artery morphogenesis	GO:0048844		6	3	0.8542783059636992	1.2561105417473313	1.968939649300815	0.04122811280191899	0.5440719826127625	0.5440719826127625
cell projection morphogenesis	GO:0048858		81	7	11.532757130509939	-0.4992812833098488	0.5747896412920475	0.9537847087095535	1	1
stem cell differentiation	GO:0048863		33	7	4.698530682800346	0.3986603098961096	1.1891072248422259	0.14208565192778883	0.9672449295933598	0.96724492959336
stem cell development	GO:0048864		14	4	1.9933160472486315	0.6964947538119086	1.446630636471521	0.12680293440222737	0.9280301749694909	0.928030174969491
multicellular organismal-level homeostasis	GO:0048871		141	8	20.075540190146935	-0.9200606263910559	0.3886374895241733	0.9993382787477706	1	1
homeostasis of number of cells	GO:0048872		41	1	5.837568424085278	-1.7643143443970313	0.17047725216044468	0.9978691350127498	1	1
sensory system development	GO:0048880		55	3	7.83088447133391	-0.9594631742570847	0.37429731458057974	0.9844134784270374	1	1
chromosome localization	GO:0050000		75	15	10.678478824546241	0.33981980987317617	1.1407076173540833	0.08033252624135477	0.7562044166323997	0.7562044166323997
3'-phosphoadenosine 5'-phosphosulfate metabolic process	GO:0050427		16	3	2.2780754825698644	0.2752812887356051	1.0887138899917574	0.362419133600277	1	1
regulation of catecholamine secretion	GO:0050433		10	1	1.4237971766061652	-0.35332737068676895	0.6545884298137958	0.7490970444220519	1	1
amyloid-beta metabolic process	GO:0050435		17	2	2.420455200230481	-0.19080844118899426	0.7530665813565736	0.7193796243190151	1	1
arachidonic acid secretion	GO:0050482		8	1	1.1390377412849322	-0.13018381937255932	0.7923752068513801	0.7074204375900333	1	1
chondroitin sulfate proteoglycan biosynthetic process	GO:0050650		15	3	2.135695764909248	0.33981980987317617	1.1407076173540833	0.362419133600277	1	1
dermatan sulfate proteoglycan biosynthetic process	GO:0050651		7	2	0.9966580236243158	0.6964947538119086	1.446630636471521	0.2621772575015677	1	1
chondroitin sulfate proteoglycan metabolic process	GO:0050654		15	3	2.135695764909248	0.33981980987317617	1.1407076173540833	0.362419133600277	1	1
dermatan sulfate proteoglycan metabolic process	GO:0050655		8	2	1.1390377412849322	0.562963361187386	1.3288054702420249	0.3186516811391211	1	1
nucleic acid transport	GO:0050657		64	12	9.112301930279457	0.2752812887356051	1.0887138899917574	0.19262494595750349	1	1
RNA transport	GO:0050658		64	12	9.112301930279457	0.2752812887356051	1.0887138899917574	0.19262494595750349	1	1
homocysteine metabolic process	GO:0050667		9	0	1.281417458945549	-Inf	0	1	1	1
regulation of lymphocyte proliferation	GO:0050670		114	18	16.231287813310285	0.10343103180894582	0.9563668945957576	0.3416211072685553	1	1
positive regulation of lymphocyte proliferation	GO:0050671		75	12	10.678478824546241	0.11667625855896634	0.9662326178682779	0.3607543424669445	1	1
negative regulation of lymphocyte proliferation	GO:0050672		37	5	5.268049553442812	-0.05222227790284756	0.8449330163788541	0.621673805593468	1	1
epithelial cell proliferation	GO:0050673		30	5	4.271391529818496	0.1574982530792216	0.9970009612255251	0.36793080685304924	1	1
regulation of epithelial cell proliferation	GO:0050678		192	12	27.336905790838376	-0.8233309999325048	0.42596776967834077	0.9997644979935556	1	1
positive regulation of epithelial cell proliferation	GO:0050679		112	7	15.946528377989052	-0.8233309999325046	0.4259677696783408	0.9970417235016094	1	1
negative regulation of epithelial cell proliferation	GO:0050680		65	5	9.254681647940075	-0.6156916351542602	0.5169348319376487	0.9604122790677327	1	1
regulation of mRNA processing	GO:0050684		77	10	10.963238259867472	-0.09196260655236149	0.8178627846746144	0.6560368266625951	1	1
positive regulation of mRNA processing	GO:0050685		12	2	1.7085566119273985	0.1574982530792216	0.9970009612255251	0.4783169302775343	1	1
negative regulation of mRNA processing	GO:0050686		12	0	1.7085566119273985	-Inf	0	1	1	1
negative regulation of defense response to virus	GO:0050687		14	6	1.9933160472486315	1.101959861920073	1.8216227766169788	0.008908844669804855	0.285941713257351	0.285941713257351
regulation of defense response to virus	GO:0050688		48	11	6.834226447709594	0.4759519841977561	1.254031727285224	0.062360828624216984	0.6615082771291728	0.6615082771291728
regulation of defense response to virus by host	GO:0050691		35	7	4.9832901181215785	0.33981980987317617	1.1407076173540833	0.20145335008749105	1	1
regulation of protein secretion	GO:0050708		123	10	17.512705272255836	-0.5603415400710953	0.5438112589643733	0.9851564784554616	1	1
negative regulation of protein secretion	GO:0050709		28	2	3.986632094497263	-0.689799607307982	0.48271091085741513	0.9235689557099909	1	1
positive regulation of protein secretion	GO:0050714		62	6	8.827542494958225	-0.38611719350975987	0.635949320040135	0.8833016307243876	1	1
regulation of inflammatory response	GO:0050727		190	43	27.05214635551714	0.4634337658403529	1.2434172486748398	8.34095498656557e-4	0.07796597924284449	0.07796597924284449
negative regulation of inflammatory response	GO:0050728		82	18	11.675136848170556	0.4329102329391881	1.217694410846594	0.03038856465055838	0.4921205735071695	0.49212057350716953
positive regulation of inflammatory response	GO:0050729		77	18	10.963238259867472	0.4958240583497575	1.270957621634266	0.01861864648101841	0.4134473689518601	0.41344736895186013
regulation of peptidyl-tyrosine phosphorylation	GO:0050730		72	14	10.251339671564391	0.31164893290647977	1.1178678821369712	0.12610770007593441	0.9280301749694909	0.928030174969491
positive regulation of peptidyl-tyrosine phosphorylation	GO:0050731		52	10	7.40374531835206	0.30059909671989493	1.1089698390635254	0.18152995534588176	1	1
negative regulation of peptidyl-tyrosine phosphorylation	GO:0050732		17	4	2.420455200230481	0.5023387393709511	1.276526421804185	0.21527346042877812	1	1
regulation of lipoprotein metabolic process	GO:0050746		10	0	1.4237971766061652	-Inf	0	1	1	1
regulation of phagocytosis	GO:0050764		51	11	7.261365600691443	0.41532736238132145	1.2029815153202896	0.10097346138337217	0.8437430951871026	0.8437430951871024
negative regulation of phagocytosis	GO:0050765		9	3	1.281417458945549	0.8506454336391668	1.5865667097058858	0.12490602485745164	0.9280301749694909	0.928030174969491
positive regulation of phagocytosis	GO:0050766		36	6	5.125669835782196	0.1574982530792214	0.9970009612255248	0.40749673672329323	1	1
regulation of neurogenesis	GO:0050767		58	6	8.25802362431576	-0.3194258190110878	0.6742945458589694	0.814130263244808	1	1
negative regulation of neurogenesis	GO:0050768		19	2	2.705214635551714	-0.3020340762992186	0.6845755406169421	0.7757179011181241	1	1
positive regulation of neurogenesis	GO:0050769		36	3	5.125669835782196	-0.5356489274807239	0.5561697644022128	0.8679317675061252	1	1
regulation of axonogenesis	GO:0050770		24	1	3.417113223854797	-1.228796108040669	0.2886208400712263	0.9708435974336923	1	1
negative regulation of axonogenesis	GO:0050771		8	0	1.1390377412849322	-Inf	0	1	1	1
positive regulation of axonogenesis	GO:0050772		14	1	1.9933160472486315	-0.689799607307982	0.48271091085741513	0.8643214016762081	1	1
regulation of dendrite development	GO:0050773		17	1	2.420455200230481	-0.8839556217489396	0.4022127055642241	0.9144496405462401	1	1
negative regulation of immune response	GO:0050777		124	26	17.65508498991645	0.3870726947237218	1.179503392625057	0.02577585714344566	0.4608515666452298	0.46085156664522975
RNA destabilization	GO:0050779		48	9	6.834226447709594	0.2752812887356051	1.0887138899917574	0.21833876096468605	1	1
regulation of viral process	GO:0050792		126	28	17.939844425237684	0.44518032553100256	1.2280073011830346	0.007148581227094127	0.27801197648144166	0.27801197648144166
regulation of behavior	GO:0050795		14	1	1.9933160472486315	-0.689799607307982	0.48271091085741513	0.8836537633679444	1	1
regulation of insulin secretion	GO:0050796		58	4	8.25802362431576	-0.7248909271192522	0.4671950718706072	0.97049058191845194	1	1
regulation of synapse structure or activity	GO:0050803		49	7	6.97660616537021	0.00334757325196334	0.8837426586622106	0.487922066768404	1	1
modulation of chemical synaptic transmission	GO:0050804		59	4	8.400403341976375	-0.7419853604785522	0.45979455443588496	0.9734866393406931	1	1
positive regulation of synaptic transmission	GO:0050806		15	1	2.135695764909248	-0.7587924787949335	0.4526182666060272	0.900232481476347	1	1
regulation of synapse organization	GO:0050807		49	7	6.97660616537021	0.00334757325196334	0.8837426586622106	0.487922066768404	1	1
synapse organization	GO:0050808		81	2	11.532757130509939	-1.7520442518052168	0.17256138678762833	0.9998264429612547	1	1
regulation of steroid biosynthetic process	GO:0050810		47	5	6.691846730048978	-0.29145196696868175	0.6908879728437755	0.7873288568228942	1	1
coagulation	GO:0050817		93	14	13.241313742437338	0.055715558769279125	0.9213139211463871	0.4553978174841098	1	1
regulation of coagulation	GO:0050818		50	6	7.118985883030827	-0.17100581389281447	0.7657544667455077	0.7346976061118584	1	1
negative regulation of coagulation	GO:0050819		35	2	4.9832901181215785	-0.9129431586221918	0.39128037235821883	0.9686032938647946	1	1
positive regulation of coagulation	GO:0050820		16	4	2.2780754825698644	0.562963361187386	1.3288054702420249	0.18402066570529027	1	1
protein stabilization	GO:0050821		164	28	23.350273696341112	0.18159580465828198	1.0154156788777262	0.14229313036821895	0.9672449295933598	0.96724492959336
defense response to Gram-negative bacterium	GO:0050829		73	11	10.393719389225007	0.0566935539572561	0.9220246166720022	0.18003713611064073	1	1
defense response to Gram-positive bacterium	GO:0050830		75	12	10.678478824546241	0.11667625855896634	0.9662326178682779	0.1507023978655836	0.9672449295933598	0.96724492959336
defense response to fungus	GO:0050832		34	8	4.840910400460962	0.5023387393709511	1.276526421804185	0.04492380079609755	0.5592383426205788	0.5592383426205788
progesterone receptor signaling pathway	GO:0050847		10	3	1.4237971766061652	0.7452849179813407	1.4905061619474906	0.16036271498144075	0.9728178948861119	0.9728178948861118
regulation of calcium-mediated signaling	GO:0050848		52	4	7.40374531835206	-0.6156916351542602	0.5169348319376487	0.9389150927152096	1	1
negative regulation of calcium-mediated signaling	GO:0050849		12	1	1.7085566119273985	-0.5356489274807237	0.5561697644022129	0.8417782456475578	1	1
positive regulation of calcium-mediated signaling	GO:0050850		32	1	4.556150965139729	-1.5164781804924499	0.21775845175340564	0.9900678814032076	1	1
antigen receptor-mediated signaling pathway	GO:0050851		75	18	10.678478824546241	0.5221413666671307	1.2935132983402626	0.012384906250229097	0.333266568187983	0.333266568187983
T cell receptor signaling pathway	GO:0050852		51	14	7.261365600691443	0.6564894191982095	1.4109700383557167	0.006894326793975175	0.27009539086985096	0.27009539086985096
B cell receptor signaling pathway	GO:0050853		22	3	3.132353788533564	-0.043172442382929624	0.8511778531306146	0.6246198083391434	1	1
regulation of antigen receptor-mediated signaling pathway	GO:0050854		40	7	5.695188706424661	0.20628841724865368	1.0344748512008286	0.34057003008099757	1	1
regulation of B cell receptor signaling pathway	GO:0050855		13	0	1.850936329588015	-Inf	0	1	1	1
regulation of T cell receptor signaling pathway	GO:0050856		29	7	4.12901181215788	0.5278720413761158	1.2984455979842076	0.10797557039404933	0.8877991343510722	0.8877991343510724
positive regulation of antigen receptor-mediated signaling pathway	GO:0050857		15	3	2.135695764909248	0.33981980987317617	1.1407076173540833	0.362419133600277	1	1
negative regulation of antigen receptor-mediated signaling pathway	GO:0050858		23	4	3.2747335061941802	0.2000578674980176	1.029647840225027	0.4185444726443731	1	1
negative regulation of B cell receptor signaling pathway	GO:0050859		7	0	0.9966580236243158	-Inf	0	1	1	1
negative regulation of T cell receptor signaling pathway	GO:0050860		16	4	2.2780754825698644	0.562963361187386	1.3288054702420249	0.18402066570529027	1	1
positive regulation of T cell receptor signaling pathway	GO:0050862		12	3	1.7085566119273985	0.5629633611873859	1.3288054702420247	0.23822794909023526	1	1
regulation of T cell activation	GO:0050863		170	28	24.204552002304812	0.14566379543221875	0.9880253754433038	0.19222349529153712	1	1
regulation of B cell activation	GO:0050864		47	9	6.691846730048978	0.2963346979334373	1.1055451413923871	0.21833876096468605	1	1
negative regulation of cell activation	GO:0050866		92	15	13.098934024776721	0.13551934636044632	0.9803675944894265	0.3270998695903634	1	1
positive regulation of cell activation	GO:0050867		177	33	25.201210025929125	0.26961555119992775	1.0842063328541562	0.05351199818144192	0.6283266241711405	0.6283266241711405
negative regulation of T cell activation	GO:0050868		55	8	7.83088447133391	0.02136607875464152	0.8965620952196982	0.5325087511644241	1	1
negative regulation of B cell activation	GO:0050869		11	2	1.566176894266782	0.24450963006885137	1.0643462602905969	0.4783169302775343	1	1
positive regulation of T cell activation	GO:0050870		119	22	16.943186401613367	0.2611766825540631	1.0775099608980387	0.10223502777908776	0.8484551838114947	0.8484551838114947
positive regulation of B cell activation	GO:0050871		34	6	4.840910400460962	0.21465666691917012	1.0409768694321027	0.3535130898218972	1	1
regulation of body fluid levels	GO:0050878		168	21	23.919792566983578	-0.13018381937255932	0.7923752068513801	0.7536818245630665	1	1
multicellular organismal movement	GO:0050879		15	0	2.135695764909248	-Inf	0	1	1	1
musculoskeletal movement	GO:0050881		15	0	2.135695764909248	-Inf	0	1	1	1
neuromuscular process controlling balance	GO:0050885		11	1	1.566176894266782	-0.44863755049109394	0.6015547714450307	0.8154912857198441	1	1
endocrine process	GO:0050886		20	2	2.8475943532123305	-0.35332737068676895	0.6545884298137958	0.7999882008278627	1	1
cognition	GO:0050890		85	7	12.102276001152406	-0.5474833851277265	0.5502181469912468	0.9643772183299548	1	1
multicellular organismal-level water homeostasis	GO:0050891		18	0	2.562834917891098	-Inf	0	1	1	1
intestinal absorption	GO:0050892		15	1	2.135695764909248	-0.7587924787949335	0.4526182666060272	0.900232481476347	1	1
leukocyte migration	GO:0050900		121	23	17.2279458369346	0.2889613926396852	1.0996359804050138	0.07023313948202452	0.6968383001121539	0.6968383001121539
leukocyte tethering or rolling	GO:0050901		16	3	2.2780754825698644	0.2752812887356051	1.0887138899917574	0.4035880108068125	1	1
neuromuscular process	GO:0050905		36	3	5.125669835782196	-0.5356489274807239	0.5561697644022128	0.903640694666269	1	1
detection of stimulus involved in sensory perception	GO:0050906		52	3	7.40374531835206	-0.9033737076060412	0.3948593590619378	0.9645520815653289	1	1
detection of chemical stimulus involved in sensory perception	GO:0050907		36	2	5.125669835782196	-0.9411140355888882	0.38091433799658575	0.9325383324606165	1	1
detection of light stimulus involved in visual perception	GO:0050908		10	1	1.4237971766061652	-0.35332737068676895	0.6545884298137958	0.7848390715887252	1	1
sensory perception of taste	GO:0050909		42	2	5.979948141745894	-1.0952647154161463	0.32851034177068966	0.9686032938647946	1	1
detection of chemical stimulus involved in sensory perception of taste	GO:0050912		35	2	4.9832901181215785	-0.9129431586221918	0.39128037235821883	0.9235689557099909	1	1
sensory perception of bitter taste	GO:0050913		33	2	4.698530682800346	-0.8541026585992584	0.41375792926214233	0.9134826756976153	1	1
sensory perception of sour taste	GO:0050915		5	0	0.7118985883030826	-Inf	0	1	1	1
positive chemotaxis	GO:0050918		13	1	1.850936329588015	-0.6156916351542602	0.5169348319376487	0.8417782456475578	1	1
negative chemotaxis	GO:0050919		10	1	1.4237971766061652	-0.35332737068676895	0.6545884298137958	0.7848390715887252	1	1
regulation of chemotaxis	GO:0050920		130	15	18.50936329588015	-0.2102265270460957	0.7407692106161783	0.8359047907647866	1	1
positive regulation of chemotaxis	GO:0050921		96	10	13.668452895419188	-0.3125053761665139	0.6783715780119103	0.885670546642017	1	1
negative regulation of chemotaxis	GO:0050922		23	3	3.2747335061941802	-0.08762420495376344	0.8207899149785506	0.6555311086933588	1	1
regulation of positive chemotaxis	GO:0050926		15	1	2.135695764909248	-0.7587924787949335	0.4526182666060272	0.900232481476347	1	1
positive regulation of positive chemotaxis	GO:0050927		14	1	1.9933160472486315	-0.689799607307982	0.48271091085741513	0.8836537633679444	1	1
induction of positive chemotaxis	GO:0050930		8	0	1.1390377412849322	-Inf	0	1	1	1
pigment cell differentiation	GO:0050931		14	2	1.9933160472486315	0.00334757325196334	0.8837426586622106	0.613000699683637	1	1
sensory perception of light stimulus	GO:0050953		120	3	17.085566119273984	-1.7396217318066598	0.17469685473234287	0.9999979586614042	1	1
sensory perception of mechanical stimulus	GO:0050954		77	4	10.963238259867472	-1.0082533384265164	0.3572104544896849	0.9956083756556138	1	1
equilibrioception	GO:0050957		6	0	0.8542783059636992	-Inf	0	1	1	1
detection of light stimulus involved in sensory perception	GO:0050962		10	1	1.4237971766061652	-0.35332737068676895	0.6545884298137958	0.7848390715887252	1	1
detection of mechanical stimulus	GO:0050982		11	1	1.566176894266782	-0.44863755049109394	0.6015547714450307	0.8154912857198441	1	1
regulation of lipid catabolic process	GO:0050994		31	1	4.413771247479112	-1.4847294821778696	0.22466878016034947	0.991484462358629	1	1
negative regulation of lipid catabolic process	GO:0050995		13	0	1.850936329588015	-Inf	0	1	1	1
positive regulation of lipid catabolic process	GO:0050996		15	1	2.135695764909248	-0.7587924787949335	0.4526182666060272	0.900232481476347	1	1
regulation of nitric-oxide synthase activity	GO:0050999		5	1	0.7118985883030826	0.33981980987317634	1.1407076173540833	0.5360900744813608	1	1
actin filament severing	GO:0051014		5	1	0.7118985883030826	0.33981980987317634	1.1407076173540833	0.5360900744813608	1	1
barbed-end actin filament capping	GO:0051016		5	1	0.7118985883030826	0.33981980987317634	1.1407076173540833	0.5360900744813608	1	1
actin filament bundle assembly	GO:0051017		32	4	4.556150965139729	-0.13018381937255932	0.7923752068513801	0.6871513673515413	1	1
mRNA transport	GO:0051028		47	10	6.691846730048978	0.40169521359126353	1.1916282971657985	0.12265464597460468	0.9280301749694909	0.928030174969491
regulation of membrane protein ectodomain proteolysis	GO:0051043		23	3	3.2747335061941802	-0.08762420495376344	0.8207899149785506	0.6555311086933588	1	1
positive regulation of membrane protein ectodomain proteolysis	GO:0051044		15	3	2.135695764909248	0.33981980987317617	1.1407076173540833	0.362419133600277	1	1
negative regulation of membrane protein ectodomain proteolysis	GO:0051045		5	0	0.7118985883030826	-Inf	0	1	1	1
positive regulation of secretion	GO:0051047		134	20	19.078882166522614	0.047150195910356296	0.9151036319518657	0.40480268453440965	1	1
negative regulation of secretion	GO:0051048		69	10	9.824200518582542	0.017736310704062907	0.8939704962274483	0.48873907222901203	1	1
negative regulation of DNA metabolic process	GO:0051053		101	15	14.38035148372227	0.04218740656822727	0.9115169417683314	0.40760604066169603	1	1
positive regulation of DNA metabolic process	GO:0051054		182	22	25.91310861423221	-0.16370651141120293	0.7704685629781243	0.8024990608476308	1	1
negative regulation of lipid biosynthetic process	GO:0051055		35	3	4.9832901181215785	-0.5074780505140273	0.5705493311396148	0.8809654599708342	1	1
regulation of small GTPase mediated signal transduction	GO:0051056		189	35	26.909766637856524	0.2628587687370479	1.078843050923153	0.04302881869469154	0.5497782877825336	0.5497782877825336
positive regulation of small GTPase mediated signal transduction	GO:0051057		33	9	4.698530682800346	0.6499747381770157	1.405190961529407	0.030572805899187896	0.4921205735071695	0.49212057350716953
negative regulation of small GTPase mediated signal transduction	GO:0051058		30	4	4.271391529818496	-0.06564529823498817	0.835725121529455	0.635682557083933	1	1
nuclear membrane disassembly	GO:0051081		11	2	1.566176894266782	0.24450963006885137	1.0643462602905969	0.4783169302775343	1	1
'de novo' post-translational protein folding	GO:0051084		9	5	1.281417458945549	1.3614710574051574	2.0706482556493953	0.004450949301055318	0.20443670582778217	0.2044367058277822
chaperone cofactor-dependent protein refolding	GO:0051085		7	5	0.9966580236243158	1.6127854856860635	2.3157211177901336	9.520783740687451e-4	0.08252398642594282	0.0825239864259428
regulation of DNA-binding transcription factor activity	GO:0051090		183	38	26.055488331892825	0.37735772919224153	1.1714786131115082	0.004181821312311837	0.1971747252389156	0.19717472523891563
positive regulation of DNA-binding transcription factor activity	GO:0051091		117	28	16.658426966292136	0.5192882976847243	1.291060446045668	0.0020036644290040624	0.12458971485667425	0.12458971485667425
positive regulation of NF-kappaB transcription factor activity	GO:0051092		88	22	12.529415154134256	0.5629633611873859	1.3288054702420247	0.003816491328590048	0.18655289723603463	0.18655289723603463
regulation of binding	GO:0051098		132	16	18.794122731201384	-0.16095547803931307	0.7722504597000864	0.771995666639414	1	1
positive regulation of binding	GO:0051099		64	9	9.112301930279457	-0.01240078371617586	0.8726321491302608	0.5505400032060408	1	1
negative regulation of binding	GO:0051100		65	8	9.254681647940075	-0.14568800590852463	0.782191131178084	0.7081775155746591	1	1
regulation of DNA binding	GO:0051101		47	4	6.691846730048978	-0.5145955182828914	0.5668879915659323	0.9092125508305663	1	1
RNA polymerase II preinitiation complex assembly	GO:0051123		17	2	2.420455200230481	-0.19080844118899426	0.7530665813565736	0.7193796243190151	1	1
regulation of actin nucleation	GO:0051125		15	1	2.135695764909248	-0.7587924787949335	0.4526182666060272	0.8836537633679444	1	1
negative regulation of actin nucleation	GO:0051126		5	0	0.7118985883030826	-Inf	0	1	1	1
positive regulation of actin nucleation	GO:0051127		9	1	1.281417458945549	-0.24796685502894292	0.7172787766977757	0.7490970444220519	1	1
chaperone-mediated protein complex assembly	GO:0051131		19	2	2.705214635551714	-0.3020340762992186	0.6845755406169421	0.7489064944214678	1	1
NK T cell activation	GO:0051132		5	2	0.7118985883030826	1.0329669904331216	1.756382046950204	0.15090142328628167	0.9672449295933598	0.96724492959336
regulation of NK T cell activation	GO:0051133		11	2	1.566176894266782	0.24450963006885137	1.0643462602905969	0.4783169302775343	1	1
positive regulation of NK T cell activation	GO:0051135		9	2	1.281417458945549	0.4451803255310024	1.2280073011830346	0.37400758293388436	1	1
regulation of NK T cell proliferation	GO:0051140		6	1	0.8542783059636992	0.1574982530792216	0.9970009612255251	0.6021604736719404	1	1
positive regulation of NK T cell proliferation	GO:0051142		6	1	0.8542783059636992	0.1574982530792216	0.9970009612255251	0.6021604736719404	1	1
smooth muscle cell differentiation	GO:0051145		5	1	0.7118985883030826	0.33981980987317634	1.1407076173540833	0.45905234424234465	1	1
striated muscle cell differentiation	GO:0051146		40	1	5.695188706424661	-1.7396217318066596	0.1746968547323429	0.9975144453944611	1	1
regulation of muscle cell differentiation	GO:0051147		55	6	7.83088447133391	-0.26631599369713943	0.7060544230688495	0.7848975012401198	1	1
negative regulation of muscle cell differentiation	GO:0051148		23	1	3.2747335061941802	-1.186236493621873	0.3008111881356697	0.9659959678588472	1	1
positive regulation of muscle cell differentiation	GO:0051149		28	4	3.986632094497263	0.00334757325196334	0.8837426586622106	0.5488573271232209	1	1
regulation of smooth muscle cell differentiation	GO:0051150		20	4	2.8475943532123305	0.33981980987317634	1.1407076173540833	0.2813253354967498	1	1
negative regulation of smooth muscle cell differentiation	GO:0051151		10	1	1.4237971766061652	-0.35332737068676895	0.6545884298137958	0.7848390715887252	1	1
positive regulation of smooth muscle cell differentiation	GO:0051152		9	2	1.281417458945549	0.4451803255310024	1.2280073011830346	0.3186516811391211	1	1
regulation of striated muscle cell differentiation	GO:0051153		26	1	3.70187265917603	-1.3088388157142055	0.2669515969960966	0.9750003866525561	1	1
negative regulation of striated muscle cell differentiation	GO:0051154		12	0	1.7085566119273985	-Inf	0	1	1	1
positive regulation of striated muscle cell differentiation	GO:0051155		14	1	1.9933160472486315	-0.689799607307982	0.48271091085741513	0.8643214016762081	1	1
glucose 6-phosphate metabolic process	GO:0051156		15	2	2.135695764909248	-0.06564529823498817	0.835725121529455	0.6515517098503079	1	1
nuclear export	GO:0051168		75	12	10.678478824546241	0.11667625855896634	0.9662326178682779	0.3607543424669445	1	1
nuclear transport	GO:0051169		123	24	17.512705272255836	0.31512719728280464	1.1206759379449782	0.05537236947285749	0.6330986792948169	0.6330986792948169
import into nucleus	GO:0051170		47	12	6.691846730048978	0.5840167703852183	1.3471467269821749	0.02448093897723469	0.4544651208820827	0.4544651208820827
vitamin transport	GO:0051180		39	3	5.5528089887640455	-0.6156916351542602	0.5169348319376487	0.9303809421434717	1	1
prosthetic group metabolic process	GO:0051189		6	0	0.8542783059636992	-Inf	0	1	1	1
protein insertion into mitochondrial membrane	GO:0051204		5	0	0.7118985883030826	-Inf	0	1	1	1
protein insertion into membrane	GO:0051205		40	5	5.695188706424661	-0.13018381937255932	0.7923752068513801	0.6460095996210795	1	1
release of sequestered calcium ion into cytosol	GO:0051209		28	1	3.986632094497263	-1.3829467878679274	0.248279647512412	0.986488952049299	1	1
cartilage development	GO:0051216		27	0	3.8442523768366463	-Inf	0	1	1	1
positive regulation of protein transport	GO:0051222		129	19	18.366983578219536	0.03388429711204472	0.905535198454081	0.46029193774914245	1	1
negative regulation of protein transport	GO:0051224		60	8	8.542783059636992	-0.06564529823498817	0.835725121529455	0.6356518457514875	1	1
spindle assembly	GO:0051225		63	8	8.969922212618842	-0.11443546240442025	0.8028113508491108	0.690973165402703	1	1
spindle elongation	GO:0051231		8	1	1.1390377412849322	-0.13018381937255932	0.7923752068513801	0.7074204375900333	1	1
maintenance of location	GO:0051235		51	9	7.261365600691443	0.21465666691917032	1.0409768694321027	0.2971637838134002	1	1
establishment of RNA localization	GO:0051236		66	12	9.397061365600692	0.24450963006885137	1.0643462602905969	0.2232182402660148	1	1
negative regulation of lymphocyte activation	GO:0051250		68	10	9.681820800921924	0.03233511012521561	0.9044217771948145	0.5085759624439226	1	1
positive regulation of lymphocyte activation	GO:0051251		152	28	21.641717084413713	0.2575817116362042	1.0746636674034795	0.07827772440361487	0.7437657096191486	0.7437657096191486
spindle midzone assembly	GO:0051255		8	0	1.1390377412849322	-Inf	0	1	1	1
mitotic spindle midzone assembly	GO:0051256		7	0	0.9966580236243158	-Inf	0	1	1	1
protein polymerization	GO:0051258		52	7	7.40374531835206	-0.056075847218837474	0.842282859379137	0.5352902990008253	1	1
protein complex oligomerization	GO:0051259		160	20	22.780754825698644	-0.13018381937255932	0.7923752068513801	0.7587531500473542	1	1
protein homooligomerization	GO:0051260		118	18	16.80080668395275	0.06894485573777659	0.9309551896416629	0.40014812854374404	1	1
protein depolymerization	GO:0051261		22	3	3.132353788533564	-0.043172442382929624	0.8511778531306146	0.5918530548890248	1	1
protein tetramerization	GO:0051262		71	5	10.108959953903774	-0.7039842422999385	0.47638632184147517	0.9803329327255234	1	1
regulation of release of sequestered calcium ion into cytosol	GO:0051279		50	3	7.118985883030827	-0.8641529944527597	0.40983834243349676	0.971873843697959	1	1
positive regulation of release of sequestered calcium ion into cytosol	GO:0051281		25	1	3.5594929415154133	-1.2696181025609241	0.2773686994511519	0.9708435974336923	1	1
regulation of sequestering of calcium ion	GO:0051282		78	4	11.105617977528091	-1.0211567432624247	0.35281286514270094	0.9960929265713943	1	1
negative regulation of sequestering of calcium ion	GO:0051283		28	1	3.986632094497263	-1.3829467878679274	0.248279647512412	0.986488952049299	1	1
positive regulation of sequestering of calcium ion	GO:0051284		6	1	0.8542783059636992	0.1574982530792216	0.9970009612255251	0.6021604736719404	1	1
protein homotetramerization	GO:0051289		50	4	7.118985883030827	-0.5764709220009788	0.5358617943040874	0.9389150927152096	1	1
protein heterotetramerization	GO:0051290		12	0	1.7085566119273985	-Inf	0	1	1	1
protein heterooligomerization	GO:0051291		16	1	2.2780754825698644	-0.8233309999325046	0.4259677696783408	0.9144496405462401	1	1
nuclear pore complex assembly	GO:0051292		11	4	1.566176894266782	0.9376568106287967	1.667097955851661	0.05899071940642686	0.6444853879168564	0.6444853879168564
establishment of spindle localization	GO:0051293		31	5	4.413771247479112	0.12470843025623068	0.9722436343341532	0.45747392624767236	1	1
establishment of spindle orientation	GO:0051294		26	3	3.70187265917603	-0.21022652704609585	0.7407692106161782	0.7370495801541082	1	1
centrosome duplication	GO:0051298		27	1	3.8442523768366463	-1.3465791436970524	0.2572808113493743	0.9842418093228951	1	1
cell division	GO:0051301		88	18	12.529415154134256	0.3622926657252347	1.159083854331355	0.057299818771206525	0.6444853879168564	0.6444853879168564
regulation of cell division	GO:0051302		103	14	14.665110919043503	-0.04641393630710051	0.848937658865747	0.554931179559415	1	1
establishment of chromosome localization	GO:0051303		73	15	10.393719389225007	0.3668484822610955	1.1628257758070142	0.06564867384209629	0.6615082771291728	0.6615082771291728
chromosome separation	GO:0051304		6	0	0.8542783059636992	-Inf	0	1	1	1
metaphase chromosome alignment	GO:0051310		71	15	10.108959953903774	0.39462804636817117	1.1857613288144033	0.05287945086673583	0.6283266241711405	0.6283266241711405
attachment of mitotic spindle microtubules to kinetochore	GO:0051315		13	2	1.850936329588015	0.0774555454056851	0.937189140297217	0.571260373303752	1	1
meiotic cell cycle	GO:0051321		42	3	5.979948141745894	-0.689799607307982	0.48271091085741513	0.9223354373364719	1	1
regulation of hydrolase activity	GO:0051336		178	23	25.343589743589742	-0.09703161205565886	0.8144514856007703	0.7146361806311531	1	1
regulation of oxidoreductase activity	GO:0051341		23	1	3.2747335061941802	-1.186236493621873	0.3008111881356697	0.9708435974336923	1	1
positive regulation of hydrolase activity	GO:0051345		107	14	15.23462978968597	-0.08451378253937107	0.8228927799503248	0.6615470529366423	1	1
negative regulation of hydrolase activity	GO:0051346		40	6	5.695188706424661	0.05213773742139535	0.9187167652206437	0.5133057205948932	1	1
positive regulation of transferase activity	GO:0051347		154	29	21.926476519734944	0.27960094988012163	1.0921568177418208	0.05900839005978357	0.6444853879168564	0.6444853879168564
negative regulation of transferase activity	GO:0051348		88	16	12.529415154134256	0.24450963006885137	1.0643462602905969	0.16800164797023417	1	1
positive regulation of lyase activity	GO:0051349		18	2	2.562834917891098	-0.24796685502894292	0.7172787766977757	0.7489064944214678	1	1
negative regulation of lyase activity	GO:0051350		11	2	1.566176894266782	0.24450963006885137	1.0643462602905969	0.4783169302775343	1	1
positive regulation of oxidoreductase activity	GO:0051353		10	1	1.4237971766061652	-0.35332737068676895	0.6545884298137958	0.7848390715887252	1	1
negative regulation of oxidoreductase activity	GO:0051354		7	0	0.9966580236243158	-Inf	0	1	1	1
kinetochore assembly	GO:0051382		8	1	1.1390377412849322	-0.13018381937255932	0.7923752068513801	0.7074204375900333	1	1
kinetochore organization	GO:0051383		9	1	1.281417458945549	-0.24796685502894292	0.7172787766977757	0.7490970444220519	1	1
response to glucocorticoid	GO:0051384		18	3	2.562834917891098	0.1574982530792214	0.9970009612255248	0.4831646634993946	1	1
neuron apoptotic process	GO:0051402		12	1	1.7085566119273985	-0.5356489274807237	0.5561697644022129	0.8417782456475578	1	1
stress-activated MAPK cascade	GO:0051403		15	5	2.135695764909248	0.8506454336391669	1.586566709705886	0.05086826702531845	0.6117971257582319	0.6117971257582318
detoxification of nitrogen compound	GO:0051410		5	0	0.7118985883030826	-Inf	0	1	1	1
regulation of ubiquitin-protein transferase activity	GO:0051438		27	3	3.8442523768366463	-0.24796685502894278	0.7172787766977758	0.7605736117829688	1	1
positive regulation of ubiquitin-protein transferase activity	GO:0051443		14	3	1.9933160472486315	0.40881268136012766	1.1975499993590397	0.32081841502444297	1	1
negative regulation of ubiquitin-protein transferase activity	GO:0051444		11	0	1.566176894266782	-Inf	0	1	1	1
regulation of meiotic cell cycle	GO:0051445		6	0	0.8542783059636992	-Inf	0	1	1	1
intracellular pH reduction	GO:0051452		20	7	2.8475943532123305	0.899435597808599	1.631599901620299	0.01234242661058909	0.333266568187983	0.333266568187983
regulation of intracellular pH	GO:0051453		42	10	5.979948141745894	0.5141731970179539	1.286667453230158	0.05780763147093278	0.6444853879168564	0.6444853879168564
maintenance of protein location in nucleus	GO:0051457		20	3	2.8475943532123305	0.05213773742139535	0.9187167652206437	0.5572852037304756	1	1
regulation of corticotropin secretion	GO:0051459		5	0	0.7118985883030826	-Inf	0	1	1	1
regulation of cytosolic calcium ion concentration	GO:0051480		17	1	2.420455200230481	-0.8839556217489396	0.4022127055642241	0.9266415165604416	1	1
negative regulation of cytosolic calcium ion concentration	GO:0051481		7	0	0.9966580236243158	-Inf	0	1	1	1
regulation of filopodium assembly	GO:0051489		22	4	3.132353788533564	0.24450963006885137	1.0643462602905969	0.3843302830382723	1	1
positive regulation of filopodium assembly	GO:0051491		13	3	1.850936329588015	0.4829206535138495	1.2599567155187015	0.27924366917682547	1	1
regulation of stress fiber assembly	GO:0051492		59	7	8.400403341976375	-0.18236957254312952	0.7584553986957108	0.7537145508626426	1	1
negative regulation of cytoskeleton organization	GO:0051494		72	9	10.251339671564391	-0.13018381937255943	0.7923752068513801	0.6977791044398015	1	1
positive regulation of cytoskeleton organization	GO:0051495		119	18	16.943186401613367	0.06050598709191191	0.9247981878903804	0.42980868247246357	1	1
positive regulation of stress fiber assembly	GO:0051496		34	4	4.840910400460962	-0.19080844118899426	0.7530665813565736	0.7332502787041311	1	1
negative regulation of stress fiber assembly	GO:0051497		20	2	2.8475943532123305	-0.35332737068676895	0.6545884298137958	0.7999882008278627	1	1
adenine nucleotide transport	GO:0051503		26	1	3.70187265917603	-1.3088388157142055	0.2669515969960966	0.981621100670107	1	1
regulation of keratinocyte migration	GO:0051547		7	2	0.9966580236243158	0.6964947538119086	1.446630636471521	0.2621772575015677	1	1
positive regulation of keratinocyte migration	GO:0051549		6	1	0.8542783059636992	0.1574982530792216	0.9970009612255251	0.6021604736719404	1	1
flavone metabolic process	GO:0051552		6	0	0.8542783059636992	-Inf	0	1	1	1
mitochondrial calcium ion homeostasis	GO:0051560		16	2	2.2780754825698644	-0.13018381937255932	0.7923752068513801	0.6515517098503079	1	1
positive regulation of mitochondrial calcium ion concentration	GO:0051561		7	1	0.9966580236243158	0.00334757325196334	0.8837426586622106	0.6588243430336695	1	1
regulation of neurotransmitter uptake	GO:0051580		11	4	1.566176894266782	0.9376568106287967	1.667097955851661	0.05899071940642686	0.6444853879168564	0.6444853879168564
regulation of dopamine uptake involved in synaptic transmission	GO:0051584		8	2	1.1390377412849322	0.562963361187386	1.3288054702420249	0.3186516811391211	1	1
regulation of neurotransmitter transport	GO:0051588		25	6	3.5594929415154133	0.5221413666671308	1.2935132983402626	0.11540392984653079	0.9280301749694909	0.928030174969491
negative regulation of neurotransmitter transport	GO:0051589		5	0	0.7118985883030826	-Inf	0	1	1	1
response to cAMP	GO:0051591		28	4	3.986632094497263	0.00334757325196334	0.8837426586622106	0.57901174716825	1	1
response to calcium ion	GO:0051592		68	9	9.681820800921924	-0.07302540553261073	0.8306904638051196	0.6280323939330621	1	1
detection of stimulus	GO:0051606		121	13	17.2279458369346	-0.28158346582792787	0.6968134843989722	0.8044834170231523	1	1
defense response to virus	GO:0051607		157	30	22.353615672716796	0.294209298621124	1.1038401923856767	0.04071130382070277	0.5440719826127625	0.5440719826127625
histamine transport	GO:0051608		5	1	0.7118985883030826	0.33981980987317634	1.1407076173540833	0.5360900744813608	1	1
serotonin uptake	GO:0051610		9	0	1.281417458945549	-Inf	0	1	1	1
centrosome localization	GO:0051642		15	2	2.135695764909248	-0.06564529823498817	0.835725121529455	0.6515517098503079	1	1
Golgi localization	GO:0051645		9	3	1.281417458945549	0.8506454336391668	1.5865667097058858	0.12490602485745164	0.9280301749694909	0.928030174969491
mitochondrion localization	GO:0051646		28	7	3.986632094497263	0.562963361187386	1.3288054702420249	0.09275617773247463	0.8048939983039493	0.8048939983039493
nucleus localization	GO:0051647		7	1	0.9966580236243158	0.00334757325196334	0.8837426586622106	0.6588243430336695	1	1
vesicle localization	GO:0051648		61	14	8.685162777297608	0.47744118774922406	1.2552969343393563	0.044884851592700545	0.5592383426205788	0.5592383426205788
establishment of vesicle localization	GO:0051650		58	14	8.25802362431576	0.5278720413761158	1.2984455979842076	0.03033669617314145	0.4921205735071695	0.49212057350716953
maintenance of location in cell	GO:0051651		49	9	6.97660616537021	0.2546620015328694	1.0723548206142968	0.2567736291358586	1	1
spindle localization	GO:0051653		32	6	4.556150965139729	0.2752812887356051	1.0887138899917574	0.3001331104953663	1	1
establishment of mitochondrion localization	GO:0051654		17	4	2.420455200230481	0.5023387393709511	1.276526421804185	0.21527346042877812	1	1
establishment of organelle localization	GO:0051656		193	37	27.479285508498993	0.2974854460466154	1.1064687851626924	0.025903292123542705	0.46158107168640644	0.46158107168640644
maintenance of organelle location	GO:0051657		8	1	1.1390377412849322	-0.13018381937255932	0.7923752068513801	0.7074204375900333	1	1
membrane raft localization	GO:0051665		5	0	0.7118985883030826	-Inf	0	1	1	1
establishment of Golgi localization	GO:0051683		6	2	0.8542783059636992	0.8506454336391669	1.586566709705886	0.205738078528463	1	1
actin filament capping	GO:0051693		6	1	0.8542783059636992	0.1574982530792216	0.9970009612255251	0.6021604736719404	1	1
protein delipidation	GO:0051697		5	0	0.7118985883030826	-Inf	0	1	1	1
biological process involved in interaction with host	GO:0051701		76	17	10.820858542206857	0.45173772607716156	1.2335338903292836	0.028843153217355318	0.478742430972178	0.47874243097217795
biological process involved in interaction with symbiont	GO:0051702		25	2	3.5594929415154133	-0.5764709220009788	0.5358617943040874	0.8416248990801791	1	1
biological process involved in intraspecies interaction between organisms	GO:0051703		11	0	1.566176894266782	-Inf	0	1	1	1
protein de-ADP-ribosylation	GO:0051725		5	0	0.7118985883030826	-Inf	0	1	1	1
response to redox state	GO:0051775		9	1	1.281417458945549	-0.24796685502894292	0.7172787766977757	0.7490970444220519	1	1
positive regulation of cell division	GO:0051781		44	6	6.264707577067128	-0.043172442382929624	0.8511778531306146	0.5387019501642806	1	1
negative regulation of cell division	GO:0051782		8	1	1.1390377412849322	-0.13018381937255932	0.7923752068513801	0.6588243430336695	1	1
regulation of nuclear division	GO:0051783		84	9	11.959896283491789	-0.2843344991998177	0.6951578759156496	0.8532653440811744	1	1
negative regulation of nuclear division	GO:0051784		29	2	4.12901181215788	-0.7248909271192522	0.4671950718706072	0.9325383324606165	1	1
positive regulation of nuclear division	GO:0051785		30	5	4.271391529818496	0.1574982530792216	0.9970009612255251	0.3979842886881966	1	1
response to misfolded protein	GO:0051788		15	8	2.135695764909248	1.3206490628849024	2.0311552541475084	4.208877084794423e-4	0.04876980005877758	0.04876980005877758
medium-chain fatty acid metabolic process	GO:0051791		10	0	1.4237971766061652	-Inf	0	1	1	1
regulation of hair follicle development	GO:0051797		5	1	0.7118985883030826	0.33981980987317634	1.1407076173540833	0.45905234424234465	1	1
cytolysis by host of symbiont cells	GO:0051838		11	1	1.566176894266782	-0.44863755049109394	0.6015547714450307	0.7490970444220519	1	1
modulation by host of symbiont process	GO:0051851		90	17	12.814174589455488	0.28266139603322754	1.0945993829535194	0.13370305296153256	0.9672449295933598	0.96724492959336
protein autoubiquitination	GO:0051865		57	15	8.115643906655142	0.6142566555749365	1.3736510814004799	0.009956801631595081	0.3065770520091457	0.30657705200914576
killing by host of symbiont cells	GO:0051873		20	2	2.8475943532123305	-0.35332737068676895	0.6545884298137958	0.7193796243190151	1	1
pigment granule localization	GO:0051875		7	2	0.9966580236243158	0.6964947538119086	1.446630636471521	0.2621772575015677	1	1
regulation of mitochondrial membrane potential	GO:0051881		39	8	5.5528089887640455	0.365137617857466	1.161419906462112	0.18225025536148265	1	1
regulation of focal adhesion assembly	GO:0051893		46	7	6.5494670123883605	0.06652647487349499	0.9291882548806338	0.487922066768404	1	1
positive regulation of focal adhesion assembly	GO:0051894		16	1	2.2780754825698644	-0.8233309999325046	0.4259677696783408	0.9144496405462401	1	1
negative regulation of focal adhesion assembly	GO:0051895		12	3	1.7085566119273985	0.5629633611873859	1.3288054702420247	0.23822794909023526	1	1
regulation of phosphatidylinositol 3-kinase/protein kinase B signal transduction	GO:0051896		169	22	24.062172284644195	-0.089598539257481	0.819456968964177	0.69774746089347806	1	1
positive regulation of phosphatidylinositol 3-kinase/protein kinase B signal transduction	GO:0051897		123	15	17.512705272255836	-0.15487643196293102	0.7761980579769029	0.7788038062627268	1	1
negative regulation of phosphatidylinositol 3-kinase/protein kinase B signal transduction	GO:0051898		35	6	4.9832901181215785	0.185669130045918	1.0185465737829114	0.38049647447350804	1	1
membrane depolarization	GO:0051899		28	1	3.986632094497263	-1.3829467878679274	0.248279647512412	0.986488952049299	1	1
regulation of mitochondrial depolarization	GO:0051900		10	1	1.4237971766061652	-0.35332737068676895	0.6545884298137958	0.7848390715887252	1	1
positive regulation of mitochondrial depolarization	GO:0051901		5	0	0.7118985883030826	-Inf	0	1	1	1
regulation of fibrinolysis	GO:0051917		12	2	1.7085566119273985	0.1574982530792216	0.9970009612255251	0.5263347265149944	1	1
negative regulation of fibrinolysis	GO:0051918		8	2	1.1390377412849322	0.562963361187386	1.3288054702420249	0.3186516811391211	1	1
sulfation	GO:0051923		13	1	1.850936329588015	-0.6156916351542602	0.5169348319376487	0.8643214016762081	1	1
regulation of calcium ion transport	GO:0051924		132	13	18.794122731201384	-0.36859484281755756	0.6458582932612502	0.9367295580042775	1	1
negative regulation of calcium ion transport	GO:0051926		30	4	4.271391529818496	-0.06564529823498817	0.835725121529455	0.635682557083933	1	1
positive regulation of calcium ion transport	GO:0051928		56	6	7.973264188994526	-0.2843344991998177	0.6951578759156496	0.7999270057359922	1	1
regulation of sensory perception of pain	GO:0051930		7	1	0.9966580236243158	0.00334757325196334	0.8837426586622106	0.6021604736719404	1	1
regulation of sensory perception	GO:0051931		7	1	0.9966580236243158	0.00334757325196334	0.8837426586622106	0.6021604736719404	1	1
catecholamine transport	GO:0051937		12	1	1.7085566119273985	-0.5356489274807237	0.5561697644022129	0.8417782456475578	1	1
L-glutamate import	GO:0051938		11	0	1.566176894266782	-Inf	0	1	1	1
regulation of catecholamine uptake involved in synaptic transmission	GO:0051940		8	2	1.1390377412849322	0.562963361187386	1.3288054702420249	0.3186516811391211	1	1
regulation of amine transport	GO:0051952		20	2	2.8475943532123305	-0.35332737068676895	0.6545884298137958	0.7757179011181241	1	1
negative regulation of amine transport	GO:0051953		8	0	1.1390377412849322	-Inf	0	1	1	1
positive regulation of amine transport	GO:0051954		6	1	0.8542783059636992	0.1574982530792216	0.9970009612255251	0.6021604736719404	1	1
regulation of nervous system development	GO:0051960		69	6	9.824200518582542	-0.4930893130619279	0.5780097290510102	0.9161741827814862	1	1
negative regulation of nervous system development	GO:0051961		19	2	2.705214635551714	-0.3020340762992186	0.6845755406169421	0.7757179011181241	1	1
positive regulation of nervous system development	GO:0051962		43	3	6.122327859406511	-0.71333010471817615	0.47225841798755264	0.9303809421434717	1	1
regulation of synapse assembly	GO:0051963		27	3	3.8442523768366463	-0.24796685502894278	0.7172787766977758	0.6845655071489992	1	1
positive regulation of synapse assembly	GO:0051965		8	0	1.1390377412849322	-Inf	0	1	1	1
regulation of transmission of nerve impulse	GO:0051969		6	0	0.8542783059636992	-Inf	0	1	1	1
regulation of chromosome segregation	GO:0051983		72	15	10.251339671564391	0.3806418043934312	1.1741885603508526	0.07274706713893614	0.7115580321554731	0.7115580321554731
positive regulation of chromosome segregation	GO:0051984		18	2	2.562834917891098	-0.24796685502894292	0.7172787766977757	0.7489064944214678	1	1
negative regulation of chromosome segregation	GO:0051985		24	3	3.417113223854797	-0.13018381937255943	0.7923752068513801	0.6845655071489992	1	1
positive regulation of attachment of spindle microtubules to kinetochore	GO:0051987		7	0	0.9966580236243158	-Inf	0	1	1	1
regulation of attachment of spindle microtubules to kinetochore	GO:0051988		16	3	2.2780754825698644	0.2752812887356051	1.0887138899917574	0.4035880108068125	1	1
modulation by symbiont of entry into host	GO:0052372		26	3	3.70187265917603	-0.21022652704609585	0.7407692106161782	0.7370495801541082	1	1
regulation of peptidase activity	GO:0052547		31	6	4.413771247479112	0.3070299870501854	1.1141442048502774	0.27401906744480875	1	1
regulation of endopeptidase activity	GO:0052548		19	4	2.705214635551714	0.39111310426072676	1.182848131081555	0.2813253354967498	1	1
cyclic purine nucleotide metabolic process	GO:0052652		19	0	2.705214635551714	-Inf	0	1	1	1
imidazole-containing compound metabolic process	GO:0052803		10	0	1.4237971766061652	-Inf	0	1	1	1
imidazole-containing compound catabolic process	GO:0052805		7	0	0.9966580236243158	-Inf	0	1	1	1
muscle cell development	GO:0055001		27	0	3.8442523768366463	-Inf	0	1	1	1
striated muscle cell development	GO:0055002		22	0	3.132353788533564	-Inf	0	1	1	1
cardiac cell development	GO:0055006		7	0	0.9966580236243158	-Inf	0	1	1	1
cardiac muscle cell differentiation	GO:0055007		13	0	1.850936329588015	-Inf	0	1	1	1
cardiac muscle tissue morphogenesis	GO:0055008		18	0	2.562834917891098	-Inf	0	1	1	1
ventricular cardiac muscle tissue morphogenesis	GO:0055010		14	0	1.9933160472486315	-Inf	0	1	1	1
cardiac muscle cell development	GO:0055013		7	0	0.9966580236243158	-Inf	0	1	1	1
regulation of cardiac muscle tissue growth	GO:0055021		8	0	1.1390377412849322	-Inf	0	1	1	1
positive regulation of cardiac muscle tissue growth	GO:0055023		6	0	0.8542783059636992	-Inf	0	1	1	1
phosphate ion homeostasis	GO:0055062		11	0	1.566176894266782	-Inf	0	1	1	1
copper ion homeostasis	GO:0055070		12	0	1.7085566119273985	-Inf	0	1	1	1
calcium ion homeostasis	GO:0055074		112	13	15.946528377989052	-0.2042917915262812	0.7445124674720229	0.7939893335507036	1	1
potassium ion homeostasis	GO:0055075		12	2	1.7085566119273985	0.1574982530792216	0.9970009612255251	0.5263347265149944	1	1
sodium ion homeostasis	GO:0055078		15	0	2.135695764909248	-Inf	0	1	1	1
lipid homeostasis	GO:0055088		76	8	10.820858542206857	-0.3020340762992186	0.6845755406169421	0.8553783366276484	1	1
fatty acid homeostasis	GO:0055089		5	0	0.7118985883030826	-Inf	0	1	1	1
acylglycerol homeostasis	GO:0055090		23	3	3.2747335061941802	-0.08762420495376344	0.8207899149785506	0.6555311086933588	1	1
phospholipid homeostasis	GO:0055091		9	1	1.281417458945549	-0.24796685502894292	0.7172787766977757	0.7490970444220519	1	1
sterol homeostasis	GO:0055092		42	4	5.979948141745894	-0.4021175348562011	0.6270041687017212	0.8673023370649379	1	1
response to lipoprotein particle	GO:0055094		15	5	2.135695764909248	0.8506454336391669	1.586566709705886	0.05086826702531845	0.6117971257582319	0.6117971257582318
regulation of cardiac muscle contraction	GO:0055117		50	5	7.118985883030827	-0.3533273706867691	0.6545884298137958	0.8458327368590962	1	1
relaxation of cardiac muscle	GO:0055119		8	2	1.1390377412849322	0.562963361187386	1.3288054702420249	0.3186516811391211	1	1
digestive system development	GO:0055123		26	1	3.70187265917603	-1.3088388157142055	0.2669515969960966	0.9785647536585876	1	1
roof of mouth development	GO:0060021		17	1	2.420455200230481	-0.8839556217489396	0.4022127055642241	0.9266415165604416	1	1
retina development in camera-type eye	GO:0060041		12	0	1.7085566119273985	-Inf	0	1	1	1
regulation of cardiac muscle cell proliferation	GO:0060043		6	0	0.8542783059636992	-Inf	0	1	1	1
regulation of acrosome reaction	GO:0060046		8	0	1.1390377412849322	-Inf	0	1	1	1
heart contraction	GO:0060047		50	2	7.118985883030827	-1.2696181025609241	0.2773686994511519	0.9951189620569881	1	1
cardiac muscle contraction	GO:0060048		46	2	6.5494670123883605	-1.186236493621873	0.3008111881356697	0.991620585253445	1	1
positive regulation of epithelial cell proliferation involved in wound healing	GO:0060054		6	1	0.8542783059636992	0.1574982530792216	0.9970009612255251	0.5360900744813608	1	1
angiogenesis involved in wound healing	GO:0060055		5	1	0.7118985883030826	0.33981980987317634	1.1407076173540833	0.5360900744813608	1	1
canonical Wnt signaling pathway	GO:0060070		46	4	6.5494670123883605	-0.4930893130619277	0.5780097290510103	0.9092125508305663	1	1
Wnt signaling pathway, planar cell polarity pathway	GO:0060071		8	1	1.1390377412849322	-0.13018381937255932	0.7923752068513801	0.7074204375900333	1	1
maternal process involved in female pregnancy	GO:0060135		9	1	1.281417458945549	-0.24796685502894292	0.7172787766977757	0.7490970444220519	1	1
regulation of syncytium formation by plasma membrane fusion	GO:0060142		7	2	0.9966580236243158	0.6964947538119086	1.446630636471521	0.2621772575015677	1	1
positive regulation of syncytium formation by plasma membrane fusion	GO:0060143		7	2	0.9966580236243158	0.6964947538119086	1.446630636471521	0.2621772575015677	1	1
regulation of post-transcriptional gene silencing	GO:0060147		22	3	3.132353788533564	-0.043172442382929624	0.8511778531306146	0.6246198083391434	1	1
positive regulation of post-transcriptional gene silencing	GO:0060148		11	1	1.566176894266782	-0.44863755049109394	0.6015547714450307	0.8154912857198441	1	1
negative regulation of post-transcriptional gene silencing	GO:0060149		12	2	1.7085566119273985	0.1574982530792216	0.9970009612255251	0.5263347265149944	1	1
regulation of dopamine receptor signaling pathway	GO:0060159		5	1	0.7118985883030826	0.33981980987317634	1.1407076173540833	0.5360900744813608	1	1
limb development	GO:0060173		35	0	4.9832901181215785	-Inf	0	1	1	1
positive regulation of lipase activity	GO:0060193		7	1	0.9966580236243158	0.00334757325196334	0.8837426586622106	0.6588243430336695	1	1
regulation of nuclear-transcribed mRNA poly(A) tail shortening	GO:0060211		11	2	1.566176894266782	0.24450963006885137	1.0643462602905969	0.4783169302775343	1	1
positive regulation of nuclear-transcribed mRNA poly(A) tail shortening	GO:0060213		9	2	1.281417458945549	0.4451803255310024	1.2280073011830346	0.37400758293388436	1	1
hematopoietic stem cell differentiation	GO:0060218		6	0	0.8542783059636992	-Inf	0	1	1	1
mesenchymal to epithelial transition	GO:0060231		5	1	0.7118985883030826	0.33981980987317634	1.1407076173540833	0.5360900744813608	1	1
regulation of mitotic spindle organization	GO:0060236		38	5	5.410429271103428	-0.07889052498500881	0.8267035041073989	0.5963650651708188	1	1
anatomical structure homeostasis	GO:0060249		58	3	8.25802362431576	-1.012572999571033	0.3557326904126354	0.9877441672644336	1	1
regulation of glial cell proliferation	GO:0060251		8	0	1.1390377412849322	-Inf	0	1	1	1
positive regulation of glial cell proliferation	GO:0060252		5	0	0.7118985883030826	-Inf	0	1	1	1
regulation of transcription initiation by RNA polymerase II	GO:0060260		41	5	5.837568424085278	-0.15487643196293088	0.776198057976903	0.7128644842715766	1	1
positive regulation of transcription initiation by RNA polymerase II	GO:0060261		33	5	4.698530682800346	0.06218807327489656	0.9260234985551345	0.515170417251003	1	1
regulation of respiratory burst	GO:0060263		11	1	1.566176894266782	-0.44863755049109394	0.6015547714450307	0.8154912857198441	1	1
positive regulation of respiratory burst	GO:0060267		6	0	0.8542783059636992	-Inf	0	1	1	1
cilium assembly	GO:0060271		180	13	25.628349178910977	-0.6787497711213971	0.4876876933047498	0.998627552306043	1	1
cilium-dependent cell motility	GO:0060285		40	0	5.695188706424661	-Inf	0	1	1	1
epithelial cilium movement involved in determination of left/right asymmetry	GO:0060287		7	0	0.9966580236243158	-Inf	0	1	1	1
long-term synaptic potentiation	GO:0060291		9	0	1.281417458945549	-Inf	0	1	1	1
cilium movement involved in cell motility	GO:0060294		37	0	5.268049553442812	-Inf	0	1	1	1
regulation of cilium movement involved in cell motility	GO:0060295		13	0	1.850936329588015	-Inf	0	1	1	1
regulation of membrane repolarization	GO:0060306		26	3	3.70187265917603	-0.21022652704609585	0.7407692106161782	0.7370495801541082	1	1
regulation of ventricular cardiac muscle cell membrane repolarization	GO:0060307		16	1	2.2780754825698644	-0.8233309999325046	0.4259677696783408	0.9144496405462401	1	1
regulation of ryanodine-sensitive calcium-release channel activity	GO:0060314		5	0	0.7118985883030826	-Inf	0	1	1	1
cardiac epithelial to mesenchymal transition	GO:0060317		8	0	1.1390377412849322	-Inf	0	1	1	1
head development	GO:0060322		122	10	17.370325554595215	-0.5521782294319342	0.5478716480774594	0.9793323521262189	1	1
head morphogenesis	GO:0060323		13	3	1.850936329588015	0.4829206535138495	1.2599567155187015	0.27924366917682547	1	1
face development	GO:0060324		14	2	1.9933160472486315	0.00334757325196334	0.8837426586622106	0.613000699683637	1	1
face morphogenesis	GO:0060325		12	2	1.7085566119273985	0.1574982530792216	0.9970009612255251	0.5263347265149944	1	1
cell chemotaxis	GO:0060326		113	22	16.08890809564967	0.31291235695325176	1.1188874701974179	0.05972448462288077	0.650740396872615	0.650740396872615
regulation of response to type II interferon	GO:0060330		10	2	1.4237971766061652	0.33981980987317634	1.1407076173540833	0.4274187999219954	1	1
negative regulation of response to type II interferon	GO:0060331		5	1	0.7118985883030826	0.33981980987317634	1.1407076173540833	0.5360900744813608	1	1
type II interferon-mediated signaling pathway	GO:0060333		10	2	1.4237971766061652	0.33981980987317634	1.1407076173540833	0.4274187999219954	1	1
regulation of type II interferon-mediated signaling pathway	GO:0060334		10	2	1.4237971766061652	0.33981980987317634	1.1407076173540833	0.4274187999219954	1	1
negative regulation of type II interferon-mediated signaling pathway	GO:0060336		5	1	0.7118985883030826	0.33981980987317634	1.1407076173540833	0.5360900744813608	1	1
type I interferon-mediated signaling pathway	GO:0060337		16	3	2.2780754825698644	0.2752812887356051	1.0887138899917574	0.4035880108068125	1	1
regulation of type I interferon-mediated signaling pathway	GO:0060338		34	4	4.840910400460962	-0.19080844118899426	0.7530665813565736	0.710872877710236	1	1
negative regulation of type I interferon-mediated signaling pathway	GO:0060339		18	0	2.562834917891098	-Inf	0	1	1	1
positive regulation of type I interferon-mediated signaling pathway	GO:0060340		13	2	1.850936329588015	0.0774555454056851	0.937189140297217	0.5263347265149944	1	1
bone development	GO:0060348		42	4	5.979948141745894	-0.4021175348562011	0.6270041687017212	0.8673023370649379	1	1
bone morphogenesis	GO:0060349		19	2	2.705214635551714	-0.3020340762992186	0.6845755406169421	0.7757179011181241	1	1
endochondral bone morphogenesis	GO:0060350		5	0	0.7118985883030826	-Inf	0	1	1	1
regulation of cell adhesion molecule production	GO:0060353		6	1	0.8542783059636992	0.1574982530792216	0.9970009612255251	0.6021604736719404	1	1
regulation of atrial cardiac muscle cell membrane depolarization	GO:0060371		7	0	0.9966580236243158	-Inf	0	1	1	1
regulation of atrial cardiac muscle cell membrane repolarization	GO:0060372		6	0	0.8542783059636992	-Inf	0	1	1	1
regulation of DNA strand elongation	GO:0060382		17	1	2.420455200230481	-0.8839556217489396	0.4022127055642241	0.9266415165604416	1	1
regulation of SMAD protein signal transduction	GO:0060390		54	5	7.688504753673293	-0.4302884118228974	0.6114938596728685	0.8803996769872924	1	1
positive regulation of SMAD protein signal transduction	GO:0060391		38	3	5.410429271103428	-0.5897161487509995	0.5294062490389542	0.9134465448667658	1	1
negative regulation of SMAD protein signal transduction	GO:0060392		18	2	2.562834917891098	-0.24796685502894292	0.7172787766977757	0.7193796243190151	1	1
SMAD protein signal transduction	GO:0060395		15	2	2.135695764909248	-0.06564529823498817	0.835725121529455	0.6515517098503079	1	1
growth hormone receptor signaling pathway	GO:0060396		13	4	1.850936329588015	0.7706027259656304	1.5134313022296	0.10150888213493482	0.8437430951871026	0.8437430951871024
growth hormone receptor signaling pathway via JAK-STAT	GO:0060397		7	4	0.9966580236243158	1.389641934371854	2.0979604894500303	0.010012088410208588	0.3065770520091457	0.30657705200914576
calcium ion transport into cytosol	GO:0060402		6	0	0.8542783059636992	-Inf	0	1	1	1
cardiac septum morphogenesis	GO:0060411		10	2	1.4237971766061652	0.33981980987317634	1.1407076173540833	0.37400758293388436	1	1
atrial septum morphogenesis	GO:0060413		5	1	0.7118985883030826	0.33981980987317634	1.1407076173540833	0.5360900744813608	1	1
muscle tissue morphogenesis	GO:0060415		19	0	2.705214635551714	-Inf	0	1	1	1
response to growth hormone	GO:0060416		14	4	1.9933160472486315	0.6964947538119086	1.446630636471521	0.12680293440222737	0.9280301749694909	0.928030174969491
regulation of heart growth	GO:0060420		8	0	1.1390377412849322	-Inf	0	1	1	1
positive regulation of heart growth	GO:0060421		6	0	0.8542783059636992	-Inf	0	1	1	1
lung vasculature development	GO:0060426		5	0	0.7118985883030826	-Inf	0	1	1	1
negative regulation of digestive system process	GO:0060457		6	0	0.8542783059636992	-Inf	0	1	1	1
acrosomal vesicle exocytosis	GO:0060478		5	0	0.7118985883030826	-Inf	0	1	1	1
mesenchyme development	GO:0060485		53	7	7.546125036012676	-0.07512404218953193	0.8292624187439751	0.6240295019578816	1	1
regulation of cell projection assembly	GO:0060491		141	20	20.075540190146935	-0.0037698945169008635	0.8787103829860178	0.5168000115480542	1	1
muscle tissue development	GO:0060537		53	1	7.546125036012676	-2.021034191244845	0.1321335167141619	0.9997123264448521	1	1
skeletal muscle organ development	GO:0060538		22	1	3.132353788533564	-1.1417847310510392	0.31406038381259593	0.9659959678588472	1	1
respiratory system development	GO:0060541		19	1	2.705214635551714	-0.9951812568591639	0.36171688738970265	0.9370965178627342	1	1
regulation of necroptotic process	GO:0060544		16	5	2.2780754825698644	0.7861069125015957	1.527521157251529	0.06560016576854237	0.6615082771291728	0.6615082771291728
regulation of vitamin D biosynthetic process	GO:0060556		6	0	0.8542783059636992	-Inf	0	1	1	1
developmental growth involved in morphogenesis	GO:0060560		20	4	2.8475943532123305	0.33981980987317634	1.1407076173540833	0.31544742885991045	1	1
epithelial tube morphogenesis	GO:0060562		38	3	5.410429271103428	-0.5897161487509995	0.5294062490389542	0.9134465448667658	1	1
neuroepithelial cell differentiation	GO:0060563		5	0	0.7118985883030826	-Inf	0	1	1	1
intestinal epithelial cell differentiation	GO:0060575		7	1	0.9966580236243158	0.00334757325196334	0.8837426586622106	0.6588243430336695	1	1
multicellular organismal-level iron ion homeostasis	GO:0060586		13	2	1.850936329588015	0.0774555454056851	0.937189140297217	0.571260373303752	1	1
adipose tissue development	GO:0060612		5	2	0.7118985883030826	1.0329669904331216	1.756382046950204	0.15090142328628167	0.9672449295933598	0.96724492959336
regulation of chromosome condensation	GO:0060623		7	1	0.9966580236243158	0.00334757325196334	0.8837426586622106	0.6588243430336695	1	1
regulation of ER to Golgi vesicle-mediated transport	GO:0060628		7	2	0.9966580236243158	0.6964947538119086	1.446630636471521	0.2621772575015677	1	1
regulation of microtubule-based movement	GO:0060632		30	0	4.271391529818496	-Inf	0	1	1	1
negative regulation of transcription initiation by RNA polymerase II	GO:0060633		6	0	0.8542783059636992	-Inf	0	1	1	1
regulation of morphogenesis of a branching structure	GO:0060688		12	3	1.7085566119273985	0.5629633611873859	1.3288054702420247	0.23822794909023526	1	1
regulation of ribonuclease activity	GO:0060700		6	0	0.8542783059636992	-Inf	0	1	1	1
positive regulation of inositol phosphate biosynthetic process	GO:0060732		6	0	0.8542783059636992	-Inf	0	1	1	1
regulation of mast cell chemotaxis	GO:0060753		5	0	0.7118985883030826	-Inf	0	1	1	1
regulation of response to cytokine stimulus	GO:0060759		136	30	19.36364160184385	0.43780021823337995	1.2217999402389104	0.006315099337364754	0.2549003732536319	0.2549003732536319
positive regulation of response to cytokine stimulus	GO:0060760		53	13	7.546125036012676	0.5439151662166916	1.3122923261178068	0.023696701139632854	0.4454231934604703	0.44542319346047027
negative regulation of response to cytokine stimulus	GO:0060761		63	10	8.969922212618842	0.10870808890978956	0.9602905432253827	0.38772701471371995	1	1
regulation of androgen receptor signaling pathway	GO:0060765		29	3	4.12901181215788	-0.3194258190110878	0.6742945458589694	0.802482369576544	1	1
negative regulation of androgen receptor signaling pathway	GO:0060766		15	1	2.135695764909248	-0.7587924787949335	0.4526182666060272	0.900232481476347	1	1
cell fate commitment involved in formation of primary germ layer	GO:0060795		6	0	0.8542783059636992	-Inf	0	1	1	1
regulation of canonical Wnt signaling pathway	GO:0060828		156	22	22.211235955056182	-0.009555831583944675	0.8746327614337959	0.462257232547874	1	1
artery development	GO:0060840		7	3	0.9966580236243158	1.101959861920073	1.8216227766169788	0.06464013109570181	0.6615082771291728	0.6615082771291728
cardiac cell fate commitment	GO:0060911		6	0	0.8542783059636992	-Inf	0	1	1	1
regulation of miRNA-mediated gene silencing	GO:0060964		22	3	3.132353788533564	-0.043172442382929624	0.8511778531306146	0.6246198083391434	1	1
negative regulation of miRNA-mediated gene silencing	GO:0060965		12	2	1.7085566119273985	0.1574982530792216	0.9970009612255251	0.5263347265149944	1	1
regulation of gene silencing by regulatory ncRNA	GO:0060966		22	3	3.132353788533564	-0.043172442382929624	0.8511778531306146	0.6246198083391434	1	1
negative regulation of gene silencing by regulatory ncRNA	GO:0060967		12	2	1.7085566119273985	0.1574982530792216	0.9970009612255251	0.5263347265149944	1	1
left/right pattern formation	GO:0060972		25	0	3.5594929415154133	-Inf	0	1	1	1
kidney morphogenesis	GO:0060993		11	0	1.566176894266782	-Inf	0	1	1	1
dendritic spine development	GO:0060996		8	1	1.1390377412849322	-0.13018381937255932	0.7923752068513801	0.7074204375900333	1	1
regulation of dendritic spine development	GO:0060998		8	0	1.1390377412849322	-Inf	0	1	1	1
regulation of dendritic spine morphogenesis	GO:0061001		5	1	0.7118985883030826	0.33981980987317634	1.1407076173540833	0.5360900744813608	1	1
hepaticobiliary system development	GO:0061008		11	0	1.566176894266782	-Inf	0	1	1	1
regulation of mRNA catabolic process	GO:0061013		124	27	17.65508498991645	0.4248130227065689	1.210909241001271	0.011889121875847111	0.32885915310240743	0.3288591531024075
positive regulation of mRNA catabolic process	GO:0061014		56	11	7.973264188994526	0.32180130437049786	1.1260735454858708	0.15100805243233417	0.9672449295933598	0.96724492959336
membrane fusion	GO:0061025		70	23	9.966580236243157	0.8362566961870673	1.5733493182129978	2.156617261702976e-5	0.009575380641961213	0.009575380641961213
establishment of endothelial barrier	GO:0061028		25	8	3.5594929415154133	0.8098234391189119	1.5491466635468503	0.018975770790961837	0.4134473689518601	0.41344736895186013
regulation of cartilage development	GO:0061035		16	0	2.2780754825698644	-Inf	0	1	1	1
positive regulation of cartilage development	GO:0061036		10	0	1.4237971766061652	-Inf	0	1	1	1
negative regulation of cartilage development	GO:0061037		7	0	0.9966580236243158	-Inf	0	1	1	1
regulation of wound healing	GO:0061041		90	12	12.814174589455488	-0.06564529823498817	0.835725121529455	0.642944758833691	1	1
regulation of vascular wound healing	GO:0061043		6	0	0.8542783059636992	-Inf	0	1	1	1
negative regulation of wound healing	GO:0061045		46	3	6.5494670123883605	-0.7807713855137087	0.4433818566054035	0.9684129790584518	1	1
muscle structure development	GO:0061061		130	6	18.50936329588015	-1.1265172589202508	0.3187359111983247	0.9998482157035865	1	1
chaperone-mediated protein folding	GO:0061077		30	8	4.271391529818496	0.6275018823249572	1.3853179128298705	0.053890646016538035	0.6283266241711405	0.6283266241711405
positive regulation of myeloid leukocyte cytokine production involved in immune response	GO:0061081		5	0	0.7118985883030826	-Inf	0	1	1	1
regulation of protein tyrosine kinase activity	GO:0061097		20	7	2.8475943532123305	0.899435597808599	1.631599901620299	0.01669995213846672	0.40675936758417486	0.4067593675841748
positive regulation of protein tyrosine kinase activity	GO:0061098		10	4	1.4237971766061652	1.0329669904331216	1.756382046950204	0.04217374790147727	0.5440719826127625	0.5440719826127625
negative regulation of protein tyrosine kinase activity	GO:0061099		11	3	1.566176894266782	0.6499747381770157	1.405190961529407	0.19837721332207095	1	1
regulation of proteasomal protein catabolic process	GO:0061136		134	24	19.078882166522614	0.22947175270431086	1.0525405986612255	0.12142443199750001	0.9280301749694909	0.928030174969491
morphogenesis of a branching epithelium	GO:0061138		13	0	1.850936329588015	-Inf	0	1	1	1
endothelial tube morphogenesis	GO:0061154		9	3	1.281417458945549	0.8506454336391668	1.5865667097058858	0.12490602485745164	0.9280301749694909	0.928030174969491
mRNA destabilization	GO:0061157		46	9	6.5494670123883605	0.31784090315440106	1.1228691127086756	0.1823703823828008	1	1
3'-UTR-mediated mRNA destabilization	GO:0061158		16	1	2.2780754825698644	-0.8233309999325046	0.4259677696783408	0.9144496405462401	1	1
establishment of monopolar cell polarity	GO:0061162		13	2	1.850936329588015	0.0774555454056851	0.937189140297217	0.571260373303752	1	1
regulation of insulin secretion involved in cellular response to glucose stimulus	GO:0061178		15	1	2.135695764909248	-0.7587924787949335	0.4526182666060272	0.8836537633679444	1	1
mammary gland epithelium development	GO:0061180		5	1	0.7118985883030826	0.33981980987317634	1.1407076173540833	0.5360900744813608	1	1
establishment or maintenance of bipolar cell polarity	GO:0061245		18	3	2.562834917891098	0.1574982530792214	0.9970009612255248	0.4831646634993946	1	1
renal tubule development	GO:0061326		9	0	1.281417458945549	-Inf	0	1	1	1
renal tubule morphogenesis	GO:0061333		7	0	0.9966580236243158	-Inf	0	1	1	1
cardiac conduction	GO:0061337		47	3	6.691846730048978	-0.8022775907346724	0.43450506080383755	0.9684129790584518	1	1
establishment or maintenance of monopolar cell polarity	GO:0061339		14	2	1.9933160472486315	0.00334757325196334	0.8837426586622106	0.613000699683637	1	1
neural precursor cell proliferation	GO:0061351		11	2	1.566176894266782	0.24450963006885137	1.0643462602905969	0.4783169302775343	1	1
determination of heart left/right asymmetry	GO:0061371		8	0	1.1390377412849322	-Inf	0	1	1	1
regulation of extent of cell growth	GO:0061387		19	1	2.705214635551714	-0.9951812568591639	0.36171688738970265	0.9460619965707682	1	1
establishment of skin barrier	GO:0061436		6	0	0.8542783059636992	-Inf	0	1	1	1
connective tissue development	GO:0061448		33	2	4.698530682800346	-0.8541026585992584	0.41375792926214233	0.9538315704822339	1	1
trophoblast cell migration	GO:0061450		6	1	0.8542783059636992	0.1574982530792216	0.9970009612255251	0.6021604736719404	1	1
reproductive system development	GO:0061458		40	3	5.695188706424661	-0.6410094431385499	0.5050180918908812	0.9303809421434717	1	1
protein localization to lysosome	GO:0061462		30	6	4.271391529818496	0.33981980987317617	1.1407076173540833	0.24848356766732096	1	1
protein localization to cilium	GO:0061512		29	4	4.12901181215788	-0.0317437465593069	0.8591064238673326	0.57901174716825	1	1
myeloid cell development	GO:0061515		11	1	1.566176894266782	-0.44863755049109394	0.6015547714450307	0.8154912857198441	1	1
cilium disassembly	GO:0061523		5	0	0.7118985883030826	-Inf	0	1	1	1
axon development	GO:0061564		69	3	9.824200518582542	-1.1862364936218732	0.30081118813566965	0.9981025012480036	1	1
actin filament bundle organization	GO:0061572		33	4	4.698530682800346	-0.16095547803931307	0.7722504597000864	0.710872877710236	1	1
glycolytic process through fructose-6-phosphate	GO:0061615		14	1	1.9933160472486315	-0.689799607307982	0.48271091085741513	0.8836537633679444	1	1
glycolytic process through glucose-6-phosphate	GO:0061620		13	1	1.850936329588015	-0.6156916351542602	0.5169348319376487	0.8643214016762081	1	1
canonical glycolysis	GO:0061621		12	1	1.7085566119273985	-0.5356489274807237	0.5561697644022129	0.8417782456475578	1	1
regulation of protein complex stability	GO:0061635		11	1	1.566176894266782	-0.44863755049109394	0.6015547714450307	0.8154912857198441	1	1
cytoskeleton-dependent cytokinesis	GO:0061640		67	14	9.539441083261307	0.38362243253156925	1.1766505639940044	0.07103719209060375	0.6970279179718909	0.6970279179718909
mitochondrial ribosome assembly	GO:0061668		13	0	1.850936329588015	-Inf	0	1	1	1
detoxification of inorganic compound	GO:0061687		7	1	0.9966580236243158	0.00334757325196334	0.8837426586622106	0.6588243430336695	1	1
reticulophagy	GO:0061709		9	0	1.281417458945549	-Inf	0	1	1	1
glucose catabolic process to pyruvate	GO:0061718		12	1	1.7085566119273985	-0.5356489274807237	0.5561697644022129	0.8417782456475578	1	1
leukocyte adhesion to vascular endothelial cell	GO:0061756		17	3	2.420455200230481	0.21465666691917012	1.0409768694321027	0.44394112874496316	1	1
antifungal innate immune response	GO:0061760		10	1	1.4237971766061652	-0.35332737068676895	0.6545884298137958	0.6021604736719404	1	1
telomeric D-loop disassembly	GO:0061820		8	0	1.1390377412849322	-Inf	0	1	1	1
microtubule organizing center localization	GO:0061842		15	2	2.135695764909248	-0.06564529823498817	0.835725121529455	0.6515517098503079	1	1
antimicrobial humoral immune response mediated by antimicrobial peptide	GO:0061844		97	11	13.810832613079805	-0.2275579833977358	0.7299142945614854	0.7649680639475334	1	1
glial cell activation	GO:0061900		7	1	0.9966580236243158	0.00334757325196334	0.8837426586622106	0.6588243430336695	1	1
autophagosome-lysosome fusion	GO:0061909		10	4	1.4237971766061652	1.0329669904331216	1.756382046950204	0.04217374790147727	0.5440719826127625	0.5440719826127625
process utilizing autophagic mechanism	GO:0061919		183	46	26.055488331892825	0.5684129659549506	1.33354409580467	3.5085501344904787e-5	0.01099620889209722	0.010996208892097218
regulation of protein K48-linked ubiquitination	GO:0061945		5	1	0.7118985883030826	0.33981980987317634	1.1407076173540833	0.5360900744813608	1	1
establishment of protein localization to plasma membrane	GO:0061951		26	4	3.70187265917603	0.0774555454056851	0.937189140297217	0.5176038125225733	1	1
midbody abscission	GO:0061952		22	8	3.132353788533564	0.9376568106287967	1.667097955851661	0.0042498792016735145	0.1986259332150569	0.19862593321505687
meiosis I cell cycle process	GO:0061982		24	2	3.417113223854797	-0.5356489274807237	0.5561697644022129	0.8218971635582669	1	1
secondary palate development	GO:0062009		9	0	1.281417458945549	-Inf	0	1	1	1
regulation of small molecule metabolic process	GO:0062012		176	19	25.05883030826851	-0.27678729356443477	0.6997068306326837	0.9139060523669567	1	1
positive regulation of small molecule metabolic process	GO:0062013		81	14	11.532757130509939	0.19386589725009654	1.0248626597398915	0.25792119051123114	1	1
negative regulation of small molecule metabolic process	GO:0062014		62	5	8.827542494958225	-0.5684387503037146	0.5398083653234602	0.936239879336552	1	1
positive regulation of mitotic sister chromatid segregation	GO:0062033		9	1	1.281417458945549	-0.24796685502894292	0.7172787766977757	0.7490970444220519	1	1
regulation of programmed necrotic cell death	GO:0062098		17	5	2.420455200230481	0.7254822906851609	1.472648991688023	0.08244908285395423	0.7639803712102056	0.7639803712102055
negative regulation of programmed necrotic cell death	GO:0062099		5	2	0.7118985883030826	1.0329669904331216	1.756382046950204	0.15090142328628167	0.9672449295933598	0.96724492959336
zinc ion import into organelle	GO:0062111		10	0	1.4237971766061652	-Inf	0	1	1	1
regulation of mitochondrial gene expression	GO:0062125		27	3	3.8442523768366463	-0.24796685502894278	0.7172787766977758	0.7370495801541082	1	1
R-loop processing	GO:0062176		9	1	1.281417458945549	-0.24796685502894292	0.7172787766977757	0.7490970444220519	1	1
cellular response to chemical stress	GO:0062197		157	23	22.353615672716796	0.028506132888118162	0.9016734210467151	0.4628077442171816	1	1
regulation of pattern recognition receptor signaling pathway	GO:0062207		141	36	20.075540190146935	0.5840167703852182	1.3471467269821746	1.4691253881440593e-4	0.026243268516220247	0.02624326851622025
positive regulation of pattern recognition receptor signaling pathway	GO:0062208		60	19	8.542783059636992	0.7993521392516163	1.5395879382168813	2.771504718732299e-4	0.03691644285351422	0.03691644285351422
intracellular protein transmembrane transport	GO:0065002		19	3	2.705214635551714	0.10343103180894582	0.9563668945957576	0.5210095374998907	1	1
protein-DNA complex assembly	GO:0065004		71	9	10.108959953903774	-0.11619757739781947	0.8016390530172292	0.6811451313042969	1	1
protein-lipid complex assembly	GO:0065005		20	3	2.8475943532123305	0.05213773742139535	0.9187167652206437	0.5572852037304756	1	1
neuron cellular homeostasis	GO:0070050		10	3	1.4237971766061652	0.7452849179813407	1.4905061619474906	0.16036271498144075	0.9728178948861119	0.9728178948861118
intrinsic apoptotic signaling pathway in response to endoplasmic reticulum stress	GO:0070059		21	3	2.989974070872947	0.00334757325196334	0.8837426586622106	0.5210095374998907	1	1
proton-transporting V-type ATPase complex assembly	GO:0070070		5	0	0.7118985883030826	-Inf	0	1	1	1
proton-transporting two-sector ATPase complex assembly	GO:0070071		11	1	1.566176894266782	-0.44863755049109394	0.6015547714450307	0.7848390715887252	1	1
glycosylation	GO:0070085		163	22	23.207893978680495	-0.05345002514116993	0.8440880921229662	0.5925864457925931	1	1
chemokine-mediated signaling pathway	GO:0070098		26	4	3.70187265917603	0.0774555454056851	0.937189140297217	0.5176038125225733	1	1
regulation of chemokine-mediated signaling pathway	GO:0070099		8	2	1.1390377412849322	0.562963361187386	1.3288054702420249	0.3186516811391211	1	1
negative regulation of chemokine-mediated signaling pathway	GO:0070100		5	1	0.7118985883030826	0.33981980987317634	1.1407076173540833	0.5360900744813608	1	1
interleukin-6-mediated signaling pathway	GO:0070102		11	4	1.566176894266782	0.9376568106287967	1.667097955851661	0.05899071940642686	0.6444853879168564	0.6444853879168564
regulation of interleukin-6-mediated signaling pathway	GO:0070103		5	1	0.7118985883030826	0.33981980987317634	1.1407076173540833	0.5360900744813608	1	1
ciliary neurotrophic factor-mediated signaling pathway	GO:0070120		5	2	0.7118985883030826	1.0329669904331216	1.756382046950204	0.15090142328628167	0.9672449295933598	0.96724492959336
tRNA aminoacylation for mitochondrial protein translation	GO:0070127		5	0	0.7118985883030826	-Inf	0	1	1	1
regulation of mitochondrial translation	GO:0070129		21	3	2.989974070872947	0.00334757325196334	0.8837426586622106	0.5572852037304756	1	1
positive regulation of mitochondrial translation	GO:0070131		14	2	1.9933160472486315	0.00334757325196334	0.8837426586622106	0.571260373303752	1	1
response to UV-A	GO:0070141		14	0	1.9933160472486315	-Inf	0	1	1	1
regulation of biomineral tissue development	GO:0070167		45	5	6.407087294727744	-0.24796685502894278	0.7172787766977758	0.7702663661699122	1	1
negative regulation of biomineral tissue development	GO:0070168		10	2	1.4237971766061652	0.33981980987317634	1.1407076173540833	0.4274187999219954	1	1
positive regulation of biomineral tissue development	GO:0070169		27	2	3.8442523768366463	-0.6534319631371072	0.4992566297591072	0.9021560783706045	1	1
regulation of tooth mineralization	GO:0070170		6	0	0.8542783059636992	-Inf	0	1	1	1
kynurenine metabolic process	GO:0070189		5	0	0.7118985883030826	-Inf	0	1	1	1
chromosome organization involved in meiotic cell cycle	GO:0070192		5	0	0.7118985883030826	-Inf	0	1	1	1
protein localization to chromosome, telomeric region	GO:0070198		15	2	2.135695764909248	-0.06564529823498817	0.835725121529455	0.613000699683637	1	1
establishment of protein localization to chromosome	GO:0070199		14	2	1.9933160472486315	0.00334757325196334	0.8837426586622106	0.613000699683637	1	1
establishment of protein localization to telomere	GO:0070200		6	0	0.8542783059636992	-Inf	0	1	1	1
regulation of establishment of protein localization to chromosome	GO:0070202		7	2	0.9966580236243158	0.6964947538119086	1.446630636471521	0.2621772575015677	1	1
regulation of establishment of protein localization to telomere	GO:0070203		6	2	0.8542783059636992	0.8506454336391669	1.586566709705886	0.205738078528463	1	1
protein trimerization	GO:0070206		15	4	2.135695764909248	0.6275018823249572	1.3853179128298705	0.15441554072110325	0.9672449295933598	0.96724492959336
protein homotrimerization	GO:0070207		14	3	1.9933160472486315	0.40881268136012766	1.1975499993590397	0.32081841502444297	1	1
protein poly-ADP-ribosylation	GO:0070212		10	3	1.4237971766061652	0.7452849179813407	1.4905061619474906	0.16036271498144075	0.9728178948861119	0.9728178948861118
protein auto-ADP-ribosylation	GO:0070213		11	2	1.566176894266782	0.24450963006885137	1.0643462602905969	0.4274187999219954	1	1
lymphocyte apoptotic process	GO:0070227		6	0	0.8542783059636992	-Inf	0	1	1	1
regulation of lymphocyte apoptotic process	GO:0070228		22	3	3.132353788533564	-0.043172442382929624	0.8511778531306146	0.5918530548890248	1	1
negative regulation of lymphocyte apoptotic process	GO:0070229		10	1	1.4237971766061652	-0.35332737068676895	0.6545884298137958	0.7848390715887252	1	1
positive regulation of lymphocyte apoptotic process	GO:0070230		8	2	1.1390377412849322	0.562963361187386	1.3288054702420249	0.2621772575015677	1	1
T cell apoptotic process	GO:0070231		5	0	0.7118985883030826	-Inf	0	1	1	1
regulation of T cell apoptotic process	GO:0070232		12	2	1.7085566119273985	0.1574982530792216	0.9970009612255251	0.4783169302775343	1	1
positive regulation of T cell apoptotic process	GO:0070234		7	2	0.9966580236243158	0.6964947538119086	1.446630636471521	0.205738078528463	1	1
actin-mediated cell contraction	GO:0070252		40	1	5.695188706424661	-1.7396217318066596	0.1746968547323429	0.9975144453944611	1	1
mucus secretion	GO:0070254		5	1	0.7118985883030826	0.33981980987317634	1.1407076173540833	0.5360900744813608	1	1
necroptotic process	GO:0070266		11	3	1.566176894266782	0.6499747381770157	1.405190961529407	0.19837721332207095	1	1
cornification	GO:0070268		5	0	0.7118985883030826	-Inf	0	1	1	1
pyroptosis	GO:0070269		21	4	2.989974070872947	0.29102964570374423	1.1012919593117916	0.34987809677918136	1	1
axonemal dynein complex assembly	GO:0070286		25	0	3.5594929415154133	-Inf	0	1	1	1
N-acylphosphatidylethanolamine metabolic process	GO:0070292		8	0	1.1390377412849322	-Inf	0	1	1	1
renal absorption	GO:0070293		14	2	1.9933160472486315	0.00334757325196334	0.8837426586622106	0.613000699683637	1	1
renal sodium ion absorption	GO:0070294		9	1	1.281417458945549	-0.24796685502894292	0.7172787766977757	0.7490970444220519	1	1
sarcoplasmic reticulum calcium ion transport	GO:0070296		6	1	0.8542783059636992	0.1574982530792216	0.9970009612255251	0.6021604736719404	1	1
cellular response to hydrogen peroxide	GO:0070301		29	4	4.12901181215788	-0.0317437465593069	0.8591064238673326	0.6079761405250586	1	1
regulation of stress-activated protein kinase signaling cascade	GO:0070302		26	6	3.70187265917603	0.4829206535138495	1.2599567155187015	0.15503512948061737	0.9672449295933598	0.96724492959336
negative regulation of stress-activated protein kinase signaling cascade	GO:0070303		6	0	0.8542783059636992	-Inf	0	1	1	1
positive regulation of stress-activated protein kinase signaling cascade	GO:0070304		14	4	1.9933160472486315	0.6964947538119086	1.446630636471521	0.12680293440222737	0.9280301749694909	0.928030174969491
response to cGMP	GO:0070305		6	1	0.8542783059636992	0.1574982530792216	0.9970009612255251	0.6021604736719404	1	1
G1 to G0 transition	GO:0070314		8	1	1.1390377412849322	-0.13018381937255932	0.7923752068513801	0.7074204375900333	1	1
regulation of G0 to G1 transition	GO:0070316		9	3	1.281417458945549	0.8506454336391668	1.5865667097058858	0.0927539865889046	0.8048939983039493	0.8048939983039493
negative regulation of G0 to G1 transition	GO:0070317		5	1	0.7118985883030826	0.33981980987317634	1.1407076173540833	0.45905234424234465	1	1
thyroid hormone transport	GO:0070327		8	1	1.1390377412849322	-0.13018381937255932	0.7923752068513801	0.7074204375900333	1	1
triglyceride homeostasis	GO:0070328		23	3	3.2747335061941802	-0.08762420495376344	0.8207899149785506	0.6555311086933588	1	1
response to bacterial lipopeptide	GO:0070339		5	3	0.7118985883030826	1.438432098541286	2.145368740123665	0.023031526310023847	0.43514883751704636	0.4351488375170463
ERK1 and ERK2 cascade	GO:0070371		19	4	2.705214635551714	0.39111310426072676	1.182848131081555	0.2813253354967498	1	1
regulation of ERK1 and ERK2 cascade	GO:0070372		166	21	23.635033131662343	-0.1182076283258436	0.8003032149538882	0.723369828386968	1	1
negative regulation of ERK1 and ERK2 cascade	GO:0070373		28	3	3.986632094497263	-0.2843344991998177	0.6951578759156496	0.7605736117829688	1	1
positive regulation of ERK1 and ERK2 cascade	GO:0070374		125	17	17.797464707577067	-0.045842670938808505	0.8493321845851323	0.5922256263615958	1	1
DNA cytosine deamination	GO:0070383		5	1	0.7118985883030826	0.33981980987317634	1.1407076173540833	0.5360900744813608	1	1
response to lipoteichoic acid	GO:0070391		6	2	0.8542783059636992	0.8506454336391669	1.586566709705886	0.205738078528463	1	1
regulation of nucleotide-binding oligomerization domain containing signaling pathway	GO:0070424		10	3	1.4237971766061652	0.7452849179813407	1.4905061619474906	0.12490602485745164	0.9280301749694909	0.928030174969491
nucleotide-binding oligomerization domain containing 2 signaling pathway	GO:0070431		9	3	1.281417458945549	0.8506454336391668	1.5865667097058858	0.12490602485745164	0.9280301749694909	0.928030174969491
regulation of nucleotide-binding oligomerization domain containing 2 signaling pathway	GO:0070432		6	2	0.8542783059636992	0.8506454336391669	1.586566709705886	0.15090142328628167	0.9672449295933598	0.96724492959336
cellular detoxification of nitrogen compound	GO:0070458		5	0	0.7118985883030826	-Inf	0	1	1	1
rRNA base methylation	GO:0070475		5	0	0.7118985883030826	-Inf	0	1	1	1
response to oxygen levels	GO:0070482		104	15	14.80749063670412	0.012917024268113947	0.89053673356979	0.472884844276677	1	1
leukocyte aggregation	GO:0070486		10	5	1.4237971766061652	1.2561105417473313	1.968939649300815	0.00786415327730995	0.27881483221538467	0.27881483221538467
thrombin-activated receptor signaling pathway	GO:0070493		5	1	0.7118985883030826	0.33981980987317634	1.1407076173540833	0.5360900744813608	1	1
interleukin-1-mediated signaling pathway	GO:0070498		20	8	2.8475943532123305	1.0329669904331216	1.756382046950204	0.002909102116172707	0.15579906103615665	0.15579906103615665
regulation of microtubule cytoskeleton organization	GO:0070507		104	12	14.80749063670412	-0.21022652704609585	0.7407692106161782	0.8025060296015725	1	1
cholesterol import	GO:0070508		5	1	0.7118985883030826	0.33981980987317634	1.1407076173540833	0.5360900744813608	1	1
calcium ion import	GO:0070509		17	0	2.420455200230481	-Inf	0	1	1	1
tRNA threonylcarbamoyladenosine metabolic process	GO:0070525		14	0	1.9933160472486315	-Inf	0	1	1	1
platelet aggregation	GO:0070527		15	4	2.135695764909248	0.6275018823249572	1.3853179128298705	0.15441554072110325	0.9672449295933598	0.96724492959336
protein K63-linked ubiquitination	GO:0070534		48	11	6.834226447709594	0.4759519841977561	1.254031727285224	0.04731667956995438	0.586286671508644	0.586286671508644
protein K63-linked deubiquitination	GO:0070536		22	4	3.132353788533564	0.24450963006885137	1.0643462602905969	0.3843302830382723	1	1
response to fatty acid	GO:0070542		14	2	1.9933160472486315	0.00334757325196334	0.8837426586622106	0.613000699683637	1	1
response to interleukin-1	GO:0070555		48	11	6.834226447709594	0.4759519841977561	1.254031727285224	0.062360828624216984	0.6615082771291728	0.6615082771291728
regulation of vitamin D receptor signaling pathway	GO:0070562		7	0	0.9966580236243158	-Inf	0	1	1	1
positive regulation of vitamin D receptor signaling pathway	GO:0070564		5	0	0.7118985883030826	-Inf	0	1	1	1
protein localization to mitochondrion	GO:0070585		65	7	9.254681647940075	-0.2792193985330472	0.6982385321302997	0.8244254555836685	1	1
regulation of cell-cell adhesion involved in gastrulation	GO:0070587		8	0	1.1390377412849322	-Inf	0	1	1	1
calcium ion transmembrane transport	GO:0070588		95	5	13.52607317775857	-0.9951812568591639	0.36171688738970265	0.9981938522563245	1	1
regulation of protein processing	GO:0070613		30	6	4.271391529818496	0.33981980987317617	1.1407076173540833	0.22367409404434133	1	1
transepithelial transport	GO:0070633		16	0	2.2780754825698644	-Inf	0	1	1	1
vitamin D3 metabolic process	GO:0070640		5	0	0.7118985883030826	-Inf	0	1	1	1
protein modification by small protein removal	GO:0070646		93	21	13.241313742437338	0.46118066687744363	1.2415107737122146	0.013809644645170718	0.35204682616971095	0.35204682616971095
leukocyte proliferation	GO:0070661		19	2	2.705214635551714	-0.3020340762992186	0.6845755406169421	0.7757179011181241	1	1
regulation of leukocyte proliferation	GO:0070663		129	21	18.366983578219536	0.1339677556690274	0.9791992900221379	0.2751200027700652	1	1
negative regulation of leukocyte proliferation	GO:0070664		39	5	5.5528089887640455	-0.10486601138826954	0.8091977867554093	0.6693352220627371	1	1
positive regulation of leukocyte proliferation	GO:0070665		87	15	12.387035436473639	0.19139980475490292	1.0229601810206947	0.23681676252482792	1	1
response to interleukin-2	GO:0070669		8	1	1.1390377412849322	-0.13018381937255932	0.7923752068513801	0.7074204375900333	1	1
response to interleukin-4	GO:0070670		10	1	1.4237971766061652	-0.35332737068676895	0.6545884298137958	0.7848390715887252	1	1
response to interleukin-12	GO:0070671		11	1	1.566176894266782	-0.44863755049109394	0.6015547714450307	0.7848390715887252	1	1
response to interleukin-15	GO:0070672		10	1	1.4237971766061652	-0.35332737068676895	0.6545884298137958	0.7490970444220519	1	1
response to interleukin-18	GO:0070673		6	3	0.8542783059636992	1.2561105417473313	1.968939649300815	0.04122811280191899	0.5440719826127625	0.5440719826127625
response to cholesterol	GO:0070723		12	2	1.7085566119273985	0.1574982530792216	0.9970009612255251	0.5263347265149944	1	1
cyclic nucleotide transport	GO:0070729		9	0	1.281417458945549	-Inf	0	1	1	1
response to interleukin-6	GO:0070741		21	7	2.989974070872947	0.8506454336391669	1.586566709705886	0.02204016081002861	0.43514883751704636	0.4351488375170463
heterochromatin organization	GO:0070828		6	2	0.8542783059636992	0.8506454336391669	1.586566709705886	0.15090142328628167	0.9672449295933598	0.96724492959336
bicellular tight junction assembly	GO:0070830		18	1	2.562834917891098	-0.9411140355888882	0.38091433799658575	0.9266415165604416	1	1
inclusion body assembly	GO:0070841		6	2	0.8542783059636992	0.8506454336391669	1.586566709705886	0.205738078528463	1	1
aggresome assembly	GO:0070842		5	1	0.7118985883030826	0.33981980987317634	1.1407076173540833	0.5360900744813608	1	1
response to epidermal growth factor	GO:0070849		28	4	3.986632094497263	0.00334757325196334	0.8837426586622106	0.57901174716825	1	1
regulation of bile acid biosynthetic process	GO:0070857		8	1	1.1390377412849322	-0.13018381937255932	0.7923752068513801	0.7074204375900333	1	1
regulation of protein exit from endoplasmic reticulum	GO:0070861		21	4	2.989974070872947	0.29102964570374423	1.1012919593117916	0.34987809677918136	1	1
negative regulation of protein exit from endoplasmic reticulum	GO:0070862		10	2	1.4237971766061652	0.33981980987317634	1.1407076173540833	0.4274187999219954	1	1
positive regulation of protein exit from endoplasmic reticulum	GO:0070863		9	2	1.281417458945549	0.4451803255310024	1.2280073011830346	0.37400758293388436	1	1
regulation of glycogen metabolic process	GO:0070873		20	1	2.8475943532123305	-1.0464745512467142	0.3443290775615407	0.9460619965707682	1	1
negative regulation of glycogen metabolic process	GO:0070874		8	1	1.1390377412849322	-0.13018381937255932	0.7923752068513801	0.6588243430336695	1	1
positive regulation of glycogen metabolic process	GO:0070875		12	0	1.7085566119273985	-Inf	0	1	1	1
regulation of calcineurin-NFAT signaling cascade	GO:0070884		20	0	2.8475943532123305	-Inf	0	1	1	1
negative regulation of calcineurin-NFAT signaling cascade	GO:0070885		8	0	1.1390377412849322	-Inf	0	1	1	1
positive regulation of calcineurin-NFAT signaling cascade	GO:0070886		11	0	1.566176894266782	-Inf	0	1	1	1
transcription preinitiation complex assembly	GO:0070897		18	2	2.562834917891098	-0.24796685502894292	0.7172787766977757	0.7489064944214678	1	1
mitochondrial tRNA modification	GO:0070900		9	0	1.281417458945549	-Inf	0	1	1	1
UV-damage excision repair	GO:0070914		10	1	1.4237971766061652	-0.35332737068676895	0.6545884298137958	0.7848390715887252	1	1
regulatory ncRNA processing	GO:0070918		35	6	4.9832901181215785	0.185669130045918	1.0185465737829114	0.38049647447350804	1	1
regulation of regulatory ncRNA processing	GO:0070920		11	1	1.566176894266782	-0.44863755049109394	0.6015547714450307	0.8154912857198441	1	1
RISC complex assembly	GO:0070922		10	5	1.4237971766061652	1.2561105417473313	1.968939649300815	0.00786415327730995	0.27881483221538467	0.27881483221538467
CRD-mediated mRNA stabilization	GO:0070934		11	3	1.566176894266782	0.6499747381770157	1.405190961529407	0.19837721332207095	1	1
3'-UTR-mediated mRNA stabilization	GO:0070935		14	3	1.9933160472486315	0.40881268136012766	1.1975499993590397	0.32081841502444297	1	1
protein K48-linked ubiquitination	GO:0070936		87	23	12.387035436473639	0.6188438195818425	1.3776876824197646	0.0016841957906455272	0.11267990382480621	0.11267990382480622
protein localization to endoplasmic reticulum	GO:0070972		36	13	5.125669835782196	0.9306881413127032	1.6606119778972461	6.553358759781777e-4	0.0630321812983814	0.0630321812983814
protein localization to endoplasmic reticulum exit site	GO:0070973		5	3	0.7118985883030826	1.438432098541286	2.145368740123665	0.023031526310023847	0.43514883751704636	0.4351488375170463
bone maturation	GO:0070977		5	0	0.7118985883030826	-Inf	0	1	1	1
protein K11-linked ubiquitination	GO:0070979		37	9	5.268049553442812	0.5355643869992714	1.305077745249118	0.07086882200281357	0.6970279179718909	0.6970279179718909
demethylation	GO:0070988		10	2	1.4237971766061652	0.33981980987317634	1.1407076173540833	0.4274187999219954	1	1
oxidative demethylation	GO:0070989		8	2	1.1390377412849322	0.562963361187386	1.3288054702420249	0.3186516811391211	1	1
RNA surveillance	GO:0071025		27	5	3.8442523768366463	0.2628587687370479	1.078843050923153	0.3080657363242753	1	1
nuclear RNA surveillance	GO:0071027		25	5	3.5594929415154133	0.33981980987317617	1.1407076173540833	0.2498152383468616	1	1
histone mRNA catabolic process	GO:0071044		15	7	2.135695764909248	1.1871176702603798	1.902763527018988	0.0016070975441171982	0.10977712455200553	0.10977712455200553
regulation of phospholipid biosynthetic process	GO:0071071		11	1	1.566176894266782	-0.44863755049109394	0.6015547714450307	0.8154912857198441	1	1
positive regulation of phospholipid biosynthetic process	GO:0071073		8	1	1.1390377412849322	-0.13018381937255932	0.7923752068513801	0.7074204375900333	1	1
DNA conformation change	GO:0071103		11	1	1.566176894266782	-0.44863755049109394	0.6015547714450307	0.8154912857198441	1	1
response to interleukin-9	GO:0071104		8	1	1.1390377412849322	-0.13018381937255932	0.7923752068513801	0.7074204375900333	1	1
protein K48-linked deubiquitination	GO:0071108		21	3	2.989974070872947	0.00334757325196334	0.8837426586622106	0.5918530548890248	1	1
resolution of recombination intermediates	GO:0071139		9	1	1.281417458945549	-0.24796685502894292	0.7172787766977757	0.7490970444220519	1	1
resolution of mitotic recombination intermediates	GO:0071140		5	0	0.7118985883030826	-Inf	0	1	1	1
protein localization to chromatin	GO:0071168		30	6	4.271391529818496	0.33981980987317617	1.1407076173540833	0.22367409404434133	1	1
establishment of protein localization to chromatin	GO:0071169		8	2	1.1390377412849322	0.562963361187386	1.3288054702420249	0.3186516811391211	1	1
spindle assembly checkpoint signaling	GO:0071173		20	2	2.8475943532123305	-0.35332737068676895	0.6545884298137958	0.7999882008278627	1	1
mitotic spindle checkpoint signaling	GO:0071174		20	2	2.8475943532123305	-0.35332737068676895	0.6545884298137958	0.7999882008278627	1	1
protein targeting to vacuole involved in autophagy	GO:0071211		6	2	0.8542783059636992	0.8506454336391669	1.586566709705886	0.205738078528463	1	1
cellular response to abiotic stimulus	GO:0071214		169	20	24.062172284644195	-0.18490871906180587	0.7568311409506211	0.8289598900446338	1	1
cellular response to biotic stimulus	GO:0071216		91	29	12.956554307116106	0.8056940457769005	1.5453751556293551	1.1180764149434032e-5	0.008838120127152752	0.008838120127152752
cellular response to misfolded protein	GO:0071218		12	8	1.7085566119273985	1.5437926141991123	2.2481525425780573	4.833561378164886e-5	0.012907024307355852	0.012907024307355852
cellular response to molecule of bacterial origin	GO:0071219		75	26	10.678478824546241	0.8898661467924481	1.6227418759438619	5.3947239000302764e-6	0.007185772234840329	0.007185772234840329
cellular response to bacterial lipoprotein	GO:0071220		5	3	0.7118985883030826	1.438432098541286	2.145368740123665	0.023031526310023847	0.43514883751704636	0.4351488375170463
cellular response to bacterial lipopeptide	GO:0071221		5	3	0.7118985883030826	1.438432098541286	2.145368740123665	0.023031526310023847	0.43514883751704636	0.4351488375170463
cellular response to lipopolysaccharide	GO:0071222		65	21	9.254681647940075	0.8193928901350626	1.5578966206260607	1.3138351114021856e-4	0.026243268516220247	0.02624326851622025
cellular response to lipoteichoic acid	GO:0071223		6	2	0.8542783059636992	0.8506454336391669	1.586566709705886	0.205738078528463	1	1
cellular response to muramyl dipeptide	GO:0071225		10	6	1.4237971766061652	1.438432098541286	2.145368740123665	0.0010377453248007072	0.08252398642594282	0.0825239864259428
cellular response to acid chemical	GO:0071229		32	7	4.556150965139729	0.42943196856286336	1.214777746601147	0.16085821422572533	0.9728178948861119	0.9728178948861118
cellular response to amino acid stimulus	GO:0071230		29	7	4.12901181215788	0.5278720413761158	1.2984455979842076	0.10797557039404933	0.8877991343510722	0.8877991343510724
cellular response to leucine	GO:0071233		10	4	1.4237971766061652	1.0329669904331216	1.756382046950204	0.04217374790147727	0.5440719826127625	0.5440719826127625
cellular response to arsenic-containing substance	GO:0071243		12	5	1.7085566119273985	1.0737889849533766	1.7949266490414921	0.019322146184124093	0.4134473689518601	0.41344736895186013
cellular response to metal ion	GO:0071248		67	11	9.539441083261307	0.1424603757146812	0.9856035886804185	0.33564650042084865	1	1
cellular response to mechanical stimulus	GO:0071260		11	1	1.566176894266782	-0.44863755049109394	0.6015547714450307	0.8154912857198441	1	1
L-methionine biosynthetic process	GO:0071265		5	0	0.7118985883030826	-Inf	0	1	1	1
L-methionine salvage	GO:0071267		5	0	0.7118985883030826	-Inf	0	1	1	1
cellular response to cadmium ion	GO:0071276		6	2	0.8542783059636992	0.8506454336391669	1.586566709705886	0.205738078528463	1	1
cellular response to calcium ion	GO:0071277		34	7	4.840910400460962	0.3688073467464285	1.1644363926205554	0.1806765262562436	1	1
cellular response to copper ion	GO:0071280		6	0	0.8542783059636992	-Inf	0	1	1	1
cellular response to iron ion	GO:0071281		6	1	0.8542783059636992	0.1574982530792216	0.9970009612255251	0.6021604736719404	1	1
cellular response to zinc ion	GO:0071294		6	0	0.8542783059636992	-Inf	0	1	1	1
cellular response to vitamin	GO:0071295		7	1	0.9966580236243158	0.00334757325196334	0.8837426586622106	0.6588243430336695	1	1
cellular response to retinoic acid	GO:0071300		16	3	2.2780754825698644	0.2752812887356051	1.0887138899917574	0.4035880108068125	1	1
cellular response to alkaloid	GO:0071312		12	0	1.7085566119273985	-Inf	0	1	1	1
cellular response to nicotine	GO:0071316		5	1	0.7118985883030826	0.33981980987317634	1.1407076173540833	0.5360900744813608	1	1
cellular response to ATP	GO:0071318		12	2	1.7085566119273985	0.1574982530792216	0.9970009612255251	0.5263347265149944	1	1
cellular response to cAMP	GO:0071320		24	4	3.417113223854797	0.1574982530792216	0.9970009612255251	0.45229031950387566	1	1
cellular response to cGMP	GO:0071321		5	1	0.7118985883030826	0.33981980987317634	1.1407076173540833	0.5360900744813608	1	1
cellular response to carbohydrate stimulus	GO:0071322		16	0	2.2780754825698644	-Inf	0	1	1	1
cellular response to monosaccharide stimulus	GO:0071326		13	0	1.850936329588015	-Inf	0	1	1	1
cellular response to hexose stimulus	GO:0071331		13	0	1.850936329588015	-Inf	0	1	1	1
cellular response to glucose stimulus	GO:0071333		13	0	1.850936329588015	-Inf	0	1	1	1
cellular response to type II interferon	GO:0071346		35	9	4.9832901181215785	0.5911342381540823	1.3533681993164364	0.04405481610078652	0.5575393353562722	0.5575393353562722
cellular response to interleukin-1	GO:0071347		37	11	5.268049553442812	0.7362350824614226	1.4823372098721268	0.009308536979748837	0.2969813474736635	0.2969813474736635
cellular response to interleukin-12	GO:0071349		11	1	1.566176894266782	-0.44863755049109394	0.6015547714450307	0.7848390715887252	1	1
cellular response to interleukin-15	GO:0071350		10	1	1.4237971766061652	-0.35332737068676895	0.6545884298137958	0.7490970444220519	1	1
cellular response to interleukin-18	GO:0071351		6	3	0.8542783059636992	1.2561105417473313	1.968939649300815	0.04122811280191899	0.5440719826127625	0.5440719826127625
cellular response to interleukin-2	GO:0071352		8	1	1.1390377412849322	-0.13018381937255932	0.7923752068513801	0.7074204375900333	1	1
cellular response to interleukin-4	GO:0071353		10	1	1.4237971766061652	-0.35332737068676895	0.6545884298137958	0.7848390715887252	1	1
cellular response to interleukin-6	GO:0071354		19	7	2.705214635551714	0.9507288921961495	1.679280748400047	0.01234242661058909	0.333266568187983	0.333266568187983
cellular response to interleukin-9	GO:0071355		8	1	1.1390377412849322	-0.13018381937255932	0.7923752068513801	0.7074204375900333	1	1
cellular response to tumor necrosis factor	GO:0071356		69	10	9.824200518582542	0.017736310704062907	0.8939704962274483	0.5085759624439226	1	1
cellular response to type I interferon	GO:0071357		17	3	2.420455200230481	0.21465666691917012	1.0409768694321027	0.44394112874496316	1	1
cellular response to dsRNA	GO:0071359		19	5	2.705214635551714	0.6142566555749365	1.3736510814004799	0.1013484795246827	0.8437430951871026	0.8437430951871024
cellular response to exogenous dsRNA	GO:0071360		16	4	2.2780754825698644	0.562963361187386	1.3288054702420249	0.18402066570529027	1	1
cellular response to epidermal growth factor stimulus	GO:0071364		25	3	3.5594929415154133	-0.17100581389281447	0.7657544667455077	0.7117289146581616	1	1
cellular response to gonadotropin stimulus	GO:0071371		5	1	0.7118985883030826	0.33981980987317634	1.1407076173540833	0.5360900744813608	1	1
cellular response to peptide hormone stimulus	GO:0071375		82	13	11.675136848170556	0.1074878325045601	0.9593824236735172	0.383616958191305	1	1
cellular response to growth hormone stimulus	GO:0071378		13	4	1.850936329588015	0.7706027259656304	1.5134313022296	0.10150888213493482	0.8437430951871026	0.8437430951871024
cellular response to prostaglandin stimulus	GO:0071379		11	0	1.566176894266782	-Inf	0	1	1	1
cellular response to prostaglandin E stimulus	GO:0071380		5	0	0.7118985883030826	-Inf	0	1	1	1
cellular response to steroid hormone stimulus	GO:0071383		59	11	8.400403341976375	0.26961555119992775	1.0842063328541562	0.21145275206182096	1	1
cellular response to corticosteroid stimulus	GO:0071384		13	3	1.850936329588015	0.4829206535138495	1.2599567155187015	0.27924366917682547	1	1
cellular response to glucocorticoid stimulus	GO:0071385		12	3	1.7085566119273985	0.5629633611873859	1.3288054702420247	0.23822794909023526	1	1
cellular response to estrogen stimulus	GO:0071391		11	2	1.566176894266782	0.24450963006885137	1.0643462602905969	0.4783169302775343	1	1
cellular response to estradiol stimulus	GO:0071392		14	2	1.9933160472486315	0.00334757325196334	0.8837426586622106	0.613000699683637	1	1
cellular response to lipid	GO:0071396		200	44	28.475943532123306	0.43512998967750105	1.2195573378380111	0.0015227010020425768	0.10977712455200553	0.10977712455200553
cellular response to cholesterol	GO:0071397		6	0	0.8542783059636992	-Inf	0	1	1	1
cellular response to fatty acid	GO:0071398		13	2	1.850936329588015	0.0774555454056851	0.937189140297217	0.571260373303752	1	1
cellular response to lipoprotein particle stimulus	GO:0071402		21	5	2.989974070872947	0.5141731970179539	1.286667453230158	0.16911709020301047	1	1
cellular response to low-density lipoprotein particle stimulus	GO:0071404		15	5	2.135695764909248	0.8506454336391669	1.586566709705886	0.05086826702531845	0.6117971257582319	0.6117971257582318
cellular response to purine-containing compound	GO:0071415		6	1	0.8542783059636992	0.1574982530792216	0.9970009612255251	0.6021604736719404	1	1
hematopoietic stem cell proliferation	GO:0071425		8	1	1.1390377412849322	-0.13018381937255932	0.7923752068513801	0.7074204375900333	1	1
cellular response to oxygen radical	GO:0071450		11	0	1.566176894266782	-Inf	0	1	1	1
cellular response to superoxide	GO:0071451		11	0	1.566176894266782	-Inf	0	1	1	1
cellular response to oxygen levels	GO:0071453		61	10	8.685162777297608	0.14096895112801108	0.9844772058885628	0.34742370050474275	1	1
cellular response to hypoxia	GO:0071456		51	8	7.261365600691443	0.09687363126278688	0.9515041992779714	0.42012984257351416	1	1
protein localization to chromosome, centromeric region	GO:0071459		16	2	2.2780754825698644	-0.13018381937255932	0.7923752068513801	0.68697509542795	1	1
cellular response to xenobiotic stimulus	GO:0071466		125	6	17.797464707577067	-1.0872965457669697	0.3310467717061637	0.9995724786928883	1	1
cellular response to pH	GO:0071467		20	1	2.8475943532123305	-1.0464745512467142	0.3443290775615407	0.9460619965707682	1	1
cellular response to acidic pH	GO:0071468		14	1	1.9933160472486315	-0.689799607307982	0.48271091085741513	0.8836537633679444	1	1
cellular response to osmotic stress	GO:0071470		23	5	3.2747335061941802	0.4232014188122272	1.209560731589093	0.22181288240929284	1	1
cellular hyperosmotic response	GO:0071474		10	2	1.4237971766061652	0.33981980987317634	1.1407076173540833	0.4274187999219954	1	1
cellular hypotonic response	GO:0071476		7	2	0.9966580236243158	0.6964947538119086	1.446630636471521	0.2621772575015677	1	1
cellular response to radiation	GO:0071478		118	12	16.80080668395275	-0.33652025237038785	0.6643026964462305	0.9197591322262756	1	1
cellular response to ionizing radiation	GO:0071479		51	6	7.261365600691443	-0.19080844118899412	0.7530665813565737	0.7522942694026662	1	1
cellular response to gamma radiation	GO:0071480		17	1	2.420455200230481	-0.8839556217489396	0.4022127055642241	0.9266415165604416	1	1
cellular response to light stimulus	GO:0071482		75	7	10.678478824546241	-0.42232024217372066	0.6158500955059426	0.9174150390497793	1	1
cellular response to UV-A	GO:0071492		11	0	1.566176894266782	-Inf	0	1	1	1
cellular response to UV-B	GO:0071493		11	2	1.566176894266782	0.24450963006885137	1.0643462602905969	0.4783169302775343	1	1
cellular response to external stimulus	GO:0071496		11	1	1.566176894266782	-0.44863755049109394	0.6015547714450307	0.8154912857198441	1	1
cellular response to fluid shear stress	GO:0071498		22	3	3.132353788533564	-0.043172442382929624	0.8511778531306146	0.6246198083391434	1	1
cellular response to laminar fluid shear stress	GO:0071499		16	1	2.2780754825698644	-0.8233309999325046	0.4259677696783408	0.9144496405462401	1	1
cellular response to sterol depletion	GO:0071501		9	3	1.281417458945549	0.8506454336391668	1.5865667097058858	0.12490602485745164	0.9280301749694909	0.928030174969491
genomic imprinting	GO:0071514		5	0	0.7118985883030826	-Inf	0	1	1	1
semaphorin-plexin signaling pathway	GO:0071526		8	0	1.1390377412849322	-Inf	0	1	1	1
protein localization to centrosome	GO:0071539		21	4	2.989974070872947	0.29102964570374423	1.1012919593117916	0.31544742885991045	1	1
dopaminergic neuron differentiation	GO:0071542		18	0	2.562834917891098	-Inf	0	1	1	1
response to transforming growth factor beta	GO:0071559		83	15	11.817516565831172	0.2384673156128887	1.0595944880971748	0.18313263427287083	1	1
cellular response to transforming growth factor beta stimulus	GO:0071560		80	15	11.390377412849322	0.2752812887356051	1.0887138899917574	0.14727181480896828	0.9672449295933598	0.96724492959336
protein ufmylation	GO:0071569		7	0	0.9966580236243158	-Inf	0	1	1	1
zinc ion transmembrane transport	GO:0071577		23	3	3.2747335061941802	-0.08762420495376344	0.8207899149785506	0.6555311086933588	1	1
acyl-CoA biosynthetic process	GO:0071616		36	6	5.125669835782196	0.1574982530792214	0.9970009612255248	0.38049647447350804	1	1
granulocyte chemotaxis	GO:0071621		35	11	4.9832901181215785	0.7918049336162335	1.5327088855533844	0.0073966303199898805	0.27881483221538467	0.27881483221538467
regulation of granulocyte chemotaxis	GO:0071622		33	5	4.698530682800346	0.06218807327489656	0.9260234985551345	0.4866111143499511	1	1
positive regulation of granulocyte chemotaxis	GO:0071624		15	3	2.135695764909248	0.33981980987317617	1.1407076173540833	0.32081841502444297	1	1
vocalization behavior	GO:0071625		14	0	1.9933160472486315	-Inf	0	1	1	1
regulation of transforming growth factor beta production	GO:0071634		17	5	2.420455200230481	0.7254822906851609	1.472648991688023	0.08244908285395423	0.7639803712102056	0.7639803712102055
negative regulation of transforming growth factor beta production	GO:0071635		7	2	0.9966580236243158	0.6964947538119086	1.446630636471521	0.2621772575015677	1	1
positive regulation of transforming growth factor beta production	GO:0071636		6	2	0.8542783059636992	0.8506454336391669	1.586566709705886	0.205738078528463	1	1
regulation of monocyte chemotactic protein-1 production	GO:0071637		11	1	1.566176894266782	-0.44863755049109394	0.6015547714450307	0.8154912857198441	1	1
positive regulation of monocyte chemotactic protein-1 production	GO:0071639		8	1	1.1390377412849322	-0.13018381937255932	0.7923752068513801	0.7074204375900333	1	1
regulation of chemokine (C-C motif) ligand 5 production	GO:0071649		8	1	1.1390377412849322	-0.13018381937255932	0.7923752068513801	0.6588243430336695	1	1
positive regulation of chemokine (C-C motif) ligand 5 production	GO:0071651		5	1	0.7118985883030826	0.33981980987317634	1.1407076173540833	0.45905234424234465	1	1
mononuclear cell migration	GO:0071674		60	10	8.542783059636992	0.1574982530792216	0.9970009612255251	0.28846705380937687	1	1
regulation of mononuclear cell migration	GO:0071675		84	11	11.959896283491789	-0.08366380373766652	0.82346804320204	0.632636548165374	1	1
negative regulation of mononuclear cell migration	GO:0071676		18	2	2.562834917891098	-0.24796685502894292	0.7172787766977757	0.7489064944214678	1	1
positive regulation of mononuclear cell migration	GO:0071677		60	7	8.542783059636992	-0.19917669085951087	0.7477494783349741	0.7537145508626426	1	1
response to indole-3-methanol	GO:0071680		5	1	0.7118985883030826	0.33981980987317634	1.1407076173540833	0.5360900744813608	1	1
cellular response to indole-3-methanol	GO:0071681		5	1	0.7118985883030826	0.33981980987317634	1.1407076173540833	0.5360900744813608	1	1
protein localization to extracellular region	GO:0071692		30	4	4.271391529818496	-0.06564529823498817	0.835725121529455	0.635682557083933	1	1
anatomical structure maturation	GO:0071695		32	2	4.556150965139729	-0.8233309999325046	0.4259677696783408	0.9475704527405686	1	1
membrane assembly	GO:0071709		36	5	5.125669835782196	-0.02482330371473313	0.8639302334095803	0.5430423702560214	1	1
basement membrane organization	GO:0071711		12	0	1.7085566119273985	-Inf	0	1	1	1
icosanoid transport	GO:0071715		23	1	3.2747335061941802	-1.186236493621873	0.3008111881356697	0.9708435974336923	1	1
leukotriene transport	GO:0071716		6	0	0.8542783059636992	-Inf	0	1	1	1
response to nitric oxide	GO:0071731		7	1	0.9966580236243158	0.00334757325196334	0.8837426586622106	0.6588243430336695	1	1
nuclear membrane organization	GO:0071763		36	5	5.125669835782196	-0.02482330371473313	0.8639302334095803	0.5430423702560214	1	1
response to BMP	GO:0071772		42	4	5.979948141745894	-0.4021175348562011	0.6270041687017212	0.8406965161867658	1	1
cellular response to BMP stimulus	GO:0071773		42	4	5.979948141745894	-0.4021175348562011	0.6270041687017212	0.8406965161867658	1	1
response to fibroblast growth factor	GO:0071774		37	4	5.268049553442812	-0.27536582921705727	0.7005660408790778	0.7740391938209442	1	1
endoplasmic reticulum tubular network organization	GO:0071786		14	6	1.9933160472486315	1.101959861920073	1.8216227766169788	0.008908844669804855	0.285941713257351	0.285941713257351
response to prostaglandin D	GO:0071798		6	0	0.8542783059636992	-Inf	0	1	1	1
cellular response to prostaglandin D stimulus	GO:0071799		6	0	0.8542783059636992	-Inf	0	1	1	1
regulation of podosome assembly	GO:0071801		9	2	1.281417458945549	0.4451803255310024	1.2280073011830346	0.37400758293388436	1	1
positive regulation of podosome assembly	GO:0071803		6	0	0.8542783059636992	-Inf	0	1	1	1
potassium ion transmembrane transport	GO:0071805		62	2	8.827542494958225	-1.4847294821778696	0.22466878016034947	0.9985801877262701	1	1
protein transmembrane transport	GO:0071806		33	4	4.698530682800346	-0.16095547803931307	0.7722504597000864	0.6871513673515413	1	1
tail-anchored membrane protein insertion into ER membrane	GO:0071816		17	3	2.420455200230481	0.21465666691917012	1.0409768694321027	0.44394112874496316	1	1
protein-DNA complex organization	GO:0071824		92	12	13.098934024776721	-0.08762420495376344	0.8207899149785506	0.6584974343837227	1	1
protein-lipid complex organization	GO:0071825		37	6	5.268049553442812	0.13009927889110715	0.9762898570611457	0.43438912646586525	1	1
protein-RNA complex organization	GO:0071826		121	18	17.2279458369346	0.04383893460670018	0.9127095843678548	0.40014812854374404	1	1
plasma lipoprotein particle organization	GO:0071827		35	6	4.9832901181215785	0.185669130045918	1.0185465737829114	0.38049647447350804	1	1
triglyceride-rich lipoprotein particle clearance	GO:0071830		5	0	0.7118985883030826	-Inf	0	1	1	1
response to monoamine	GO:0071867		24	1	3.417113223854797	-1.228796108040669	0.2886208400712263	0.9603427374598169	1	1
cellular response to monoamine stimulus	GO:0071868		24	1	3.417113223854797	-1.228796108040669	0.2886208400712263	0.9603427374598169	1	1
response to catecholamine	GO:0071869		24	1	3.417113223854797	-1.228796108040669	0.2886208400712263	0.9603427374598169	1	1
cellular response to catecholamine stimulus	GO:0071870		24	1	3.417113223854797	-1.228796108040669	0.2886208400712263	0.9603427374598169	1	1
response to epinephrine	GO:0071871		7	1	0.9966580236243158	0.00334757325196334	0.8837426586622106	0.6588243430336695	1	1
cellular response to epinephrine stimulus	GO:0071872		7	1	0.9966580236243158	0.00334757325196334	0.8837426586622106	0.6588243430336695	1	1
adrenergic receptor signaling pathway	GO:0071875		12	2	1.7085566119273985	0.1574982530792216	0.9970009612255251	0.5263347265149944	1	1
adenylate cyclase-activating adrenergic receptor signaling pathway	GO:0071880		8	2	1.1390377412849322	0.562963361187386	1.3288054702420249	0.3186516811391211	1	1
leukocyte apoptotic process	GO:0071887		9	0	1.281417458945549	-Inf	0	1	1	1
DNA biosynthetic process	GO:0071897		54	8	7.688504753673293	0.03971521742283816	0.9097334253818503	0.4882893917286698	1	1
regulation of protein serine/threonine kinase activity	GO:0071900		118	27	16.80080668395275	0.4744099638459409	1.2527222006796244	0.006753108596218073	0.26652268593073997	0.2665226859307399
negative regulation of protein serine/threonine kinase activity	GO:0071901		32	7	4.556150965139729	0.42943196856286336	1.214777746601147	0.14208565192778883	0.9672449295933598	0.96724492959336
positive regulation of protein serine/threonine kinase activity	GO:0071902		57	15	8.115643906655142	0.6142566555749365	1.3736510814004799	0.011777512893188933	0.32885915310240743	0.3288591531024075
determination of digestive tract left/right asymmetry	GO:0071907		6	0	0.8542783059636992	-Inf	0	1	1	1
determination of liver left/right asymmetry	GO:0071910		6	0	0.8542783059636992	-Inf	0	1	1	1
nitrogen cycle metabolic process	GO:0071941		7	0	0.9966580236243158	-Inf	0	1	1	1
multivesicular body sorting pathway	GO:0071985		28	8	3.986632094497263	0.6964947538119086	1.446630636471521	0.018975770790961837	0.4134473689518601	0.41344736895186013
renal system development	GO:0072001		51	2	7.261365600691443	-1.2894207298571037	0.2720616212146323	0.9944098585494838	1	1
nephron development	GO:0072006		17	1	2.420455200230481	-0.8839556217489396	0.4022127055642241	0.9266415165604416	1	1
nephron epithelium development	GO:0072009		9	1	1.281417458945549	-0.24796685502894292	0.7172787766977757	0.7490970444220519	1	1
nephron morphogenesis	GO:0072028		6	0	0.8542783059636992	-Inf	0	1	1	1
kidney epithelium development	GO:0072073		12	1	1.7085566119273985	-0.5356489274807237	0.5561697644022129	0.8417782456475578	1	1
nephron tubule morphogenesis	GO:0072078		6	0	0.8542783059636992	-Inf	0	1	1	1
nephron tubule development	GO:0072080		7	0	0.9966580236243158	-Inf	0	1	1	1
nephron epithelium morphogenesis	GO:0072088		6	0	0.8542783059636992	-Inf	0	1	1	1
stem cell proliferation	GO:0072089		11	1	1.566176894266782	-0.44863755049109394	0.6015547714450307	0.8154912857198441	1	1
regulation of stem cell proliferation	GO:0072091		20	2	2.8475943532123305	-0.35332737068676895	0.6545884298137958	0.7999882008278627	1	1
regulation of glomerular mesangial cell proliferation	GO:0072124		5	0	0.7118985883030826	-Inf	0	1	1	1
mesenchyme morphogenesis	GO:0072132		7	0	0.9966580236243158	-Inf	0	1	1	1
mesonephric epithelium development	GO:0072163		6	0	0.8542783059636992	-Inf	0	1	1	1
mesonephric tubule development	GO:0072164		6	0	0.8542783059636992	-Inf	0	1	1	1
epithelial tube formation	GO:0072175		5	0	0.7118985883030826	-Inf	0	1	1	1
monocarboxylic acid catabolic process	GO:0072329		67	6	9.539441083261307	-0.4636754278556345	0.593505259560524	0.9088155894970421	1	1
monocarboxylic acid biosynthetic process	GO:0072330		103	13	14.665110919043503	-0.1205219084608225	0.7987670498672385	0.7226618729303436	1	1
signal transduction by p53 class mediator	GO:0072331		59	6	8.400403341976375	-0.33652025237038785	0.6643026964462305	0.8631262224399538	1	1
intrinsic apoptotic signaling pathway by p53 class mediator	GO:0072332		30	6	4.271391529818496	0.33981980987317617	1.1407076173540833	0.24848356766732096	1	1
modified amino acid transport	GO:0072337		24	2	3.417113223854797	-0.5356489274807237	0.5561697644022129	0.8752374453998263	1	1
rescue of stalled ribosome	GO:0072344		34	4	4.840910400460962	-0.19080844118899426	0.7530665813565736	0.7332502787041311	1	1
sulfur compound transport	GO:0072348		40	2	5.695188706424661	-1.0464745512467142	0.3443290775615407	0.9813801053849521	1	1
tricarboxylic acid metabolic process	GO:0072350		7	0	0.9966580236243158	-Inf	0	1	1	1
protein activation cascade	GO:0072376		13	0	1.850936329588015	-Inf	0	1	1	1
blood coagulation, fibrin clot formation	GO:0072378		12	0	1.7085566119273985	-Inf	0	1	1	1
organelle transport along microtubule	GO:0072384		28	5	3.986632094497263	0.22649112456617296	1.0502087340437036	0.36793080685304924	1	1
plus-end-directed organelle transport along microtubule	GO:0072386		5	0	0.7118985883030826	-Inf	0	1	1	1
microtubule anchoring at microtubule organizing center	GO:0072393		7	2	0.9966580236243158	0.6964947538119086	1.446630636471521	0.2621772575015677	1	1
response to cell cycle checkpoint signaling	GO:0072396		6	0	0.8542783059636992	-Inf	0	1	1	1
response to DNA integrity checkpoint signaling	GO:0072402		6	0	0.8542783059636992	-Inf	0	1	1	1
response to DNA damage checkpoint signaling	GO:0072423		6	0	0.8542783059636992	-Inf	0	1	1	1
ammonium transmembrane transport	GO:0072488		6	0	0.8542783059636992	-Inf	0	1	1	1
purine-containing compound biosynthetic process	GO:0072522		103	12	14.665110919043503	-0.20056461613435891	0.746870170452194	0.791551260696462	1	1
purine-containing compound catabolic process	GO:0072523		52	10	7.40374531835206	0.30059909671989493	1.1089698390635254	0.16573456437284068	0.9955284768641433	0.9955284768641434
pyridine-containing compound metabolic process	GO:0072524		74	8	10.536099106885624	-0.27536582921705727	0.7005660408790778	0.8226833731497769	1	1
pyridine-containing compound biosynthetic process	GO:0072525		7	0	0.9966580236243158	-Inf	0	1	1	1
pyridine-containing compound catabolic process	GO:0072526		29	5	4.12901181215788	0.19139980475490292	1.0229601810206947	0.36793080685304924	1	1
pyrimidine-containing compound metabolic process	GO:0072527		51	6	7.261365600691443	-0.19080844118899412	0.7530665813565737	0.7522942694026662	1	1
pyrimidine-containing compound biosynthetic process	GO:0072528		16	1	2.2780754825698644	-0.8233309999325046	0.4259677696783408	0.9144496405462401	1	1
pyrimidine-containing compound catabolic process	GO:0072529		23	5	3.2747335061941802	0.4232014188122272	1.209560731589093	0.22181288240929284	1	1
purine-containing compound transmembrane transport	GO:0072530		23	0	3.2747335061941802	-Inf	0	1	1	1
pyrimidine-containing compound transmembrane transport	GO:0072531		11	0	1.566176894266782	-Inf	0	1	1	1
T-helper 17 type immune response	GO:0072538		6	1	0.8542783059636992	0.1574982530792216	0.9970009612255251	0.6021604736719404	1	1
clathrin-dependent endocytosis	GO:0072583		15	4	2.135695764909248	0.6275018823249572	1.3853179128298705	0.15441554072110325	0.9672449295933598	0.96724492959336
reactive oxygen species metabolic process	GO:0072593		57	9	8.115643906655142	0.10343103180894582	0.9563668945957576	0.40310603573080234	1	1
establishment of protein localization to organelle	GO:0072594		177	35	25.201210025929125	0.3284560512228612	1.1314678639391271	0.020367495798761348	0.42892497081344055	0.42892497081344055
maintenance of protein localization in organelle	GO:0072595		30	6	4.271391529818496	0.33981980987317617	1.1407076173540833	0.24848356766732096	1	1
establishment of protein localization to endoplasmic reticulum	GO:0072599		18	6	2.562834917891098	0.8506454336391668	1.5865667097058858	0.025162764763553752	0.4544651208820827	0.4544651208820827
establishment of protein localization to mitochondrion	GO:0072655		56	4	7.973264188994526	-0.689799607307982	0.48271091085741513	0.9671800750384151	1	1
protein localization to plasma membrane	GO:0072659		108	15	15.377009507346585	-0.024823303714733014	0.8639302334095803	0.5835307089511241	1	1
protein localization to peroxisome	GO:0072662		18	3	2.562834917891098	0.1574982530792214	0.9970009612255248	0.44394112874496316	1	1
establishment of protein localization to peroxisome	GO:0072663		18	3	2.562834917891098	0.1574982530792214	0.9970009612255248	0.44394112874496316	1	1
protein localization to vacuole	GO:0072665		35	8	4.9832901181215785	0.47335120249769885	1.251823397295558	0.11489316108101086	0.9280301749694909	0.928030174969491
establishment of protein localization to vacuole	GO:0072666		21	7	2.989974070872947	0.8506454336391669	1.586566709705886	0.02204016081002861	0.43514883751704636	0.4351488375170463
neutrophil extravasation	GO:0072672		6	1	0.8542783059636992	0.1574982530792216	0.9970009612255251	0.6021604736719404	1	1
lymphocyte migration	GO:0072676		26	3	3.70187265917603	-0.21022652704609585	0.7407692106161782	0.6845655071489992	1	1
eosinophil migration	GO:0072677		8	0	1.1390377412849322	-Inf	0	1	1	1
T cell migration	GO:0072678		16	2	2.2780754825698644	-0.13018381937255932	0.7923752068513801	0.68697509542795	1	1
protein localization to microtubule cytoskeleton	GO:0072698		31	5	4.413771247479112	0.12470843025623068	0.9722436343341532	0.42788443289237177	1	1
response to hydroxyurea	GO:0072710		9	1	1.281417458945549	-0.24796685502894292	0.7172787766977757	0.7490970444220519	1	1
cellular response to hydroxyurea	GO:0072711		8	1	1.1390377412849322	-0.13018381937255932	0.7923752068513801	0.7074204375900333	1	1
positive regulation by symbiont of entry into host	GO:0075294		14	1	1.9933160472486315	-0.689799607307982	0.48271091085741513	0.8836537633679444	1	1
endocytosis involved in viral entry into host cell	GO:0075509		9	2	1.281417458945549	0.4451803255310024	1.2280073011830346	0.37400758293388436	1	1
IRES-dependent viral translational initiation	GO:0075522		11	1	1.566176894266782	-0.44863755049109394	0.6015547714450307	0.8154912857198441	1	1
viral translational termination-reinitiation	GO:0075525		5	0	0.7118985883030826	-Inf	0	1	1	1
intracellular transport of virus	GO:0075733		5	0	0.7118985883030826	-Inf	0	1	1	1
regulation of nitric oxide metabolic process	GO:0080164		29	3	4.12901181215788	-0.3194258190110878	0.6742945458589694	0.7823610355367351	1	1
lytic vacuole organization	GO:0080171		53	18	7.546125036012676	0.8693375666513194	1.6037809449631717	1.8237312815596248e-4	0.02944497050954449	0.029444970509544487
protein K6-linked ubiquitination	GO:0085020		15	3	2.135695764909248	0.33981980987317617	1.1407076173540833	0.362419133600277	1	1
extracellular matrix assembly	GO:0085029		9	1	1.281417458945549	-0.24796685502894292	0.7172787766977757	0.7490970444220519	1	1
cardiac muscle cell action potential	GO:0086001		37	2	5.268049553442812	-0.9685130097770026	0.3710725339315236	0.9724246232294138	1	1
cardiac muscle cell action potential involved in contraction	GO:0086002		27	1	3.8442523768366463	-1.3465791436970524	0.2572808113493743	0.981621100670107	1	1
cardiac muscle cell contraction	GO:0086003		27	1	3.8442523768366463	-1.3465791436970524	0.2572808113493743	0.981621100670107	1	1
regulation of cardiac muscle cell contraction	GO:0086004		21	1	2.989974070872947	-1.0952647154161463	0.32851034177068966	0.9603427374598169	1	1
ventricular cardiac muscle cell action potential	GO:0086005		12	0	1.7085566119273985	-Inf	0	1	1	1
membrane repolarization	GO:0086009		19	2	2.705214635551714	-0.3020340762992186	0.6845755406169421	0.7757179011181241	1	1
membrane depolarization during action potential	GO:0086010		22	1	3.132353788533564	-1.1417847310510392	0.31406038381259593	0.9659959678588472	1	1
membrane repolarization during action potential	GO:0086011		15	2	2.135695764909248	-0.06564529823498817	0.835725121529455	0.6515517098503079	1	1
membrane depolarization during cardiac muscle cell action potential	GO:0086012		16	1	2.2780754825698644	-0.8233309999325046	0.4259677696783408	0.9144496405462401	1	1
membrane repolarization during cardiac muscle cell action potential	GO:0086013		14	2	1.9933160472486315	0.00334757325196334	0.8837426586622106	0.613000699683637	1	1
atrial cardiac muscle cell action potential	GO:0086014		12	0	1.7085566119273985	-Inf	0	1	1	1
SA node cell action potential	GO:0086015		5	0	0.7118985883030826	-Inf	0	1	1	1
AV node cell action potential	GO:0086016		6	0	0.8542783059636992	-Inf	0	1	1	1
SA node cell to atrial cardiac muscle cell signaling	GO:0086018		5	0	0.7118985883030826	-Inf	0	1	1	1
cell-cell signaling involved in cardiac conduction	GO:0086019		19	0	2.705214635551714	-Inf	0	1	1	1
atrial cardiac muscle cell to AV node cell signaling	GO:0086026		12	0	1.7085566119273985	-Inf	0	1	1	1
AV node cell to bundle of His cell signaling	GO:0086027		6	0	0.8542783059636992	-Inf	0	1	1	1
bundle of His cell to Purkinje myocyte signaling	GO:0086028		5	0	0.7118985883030826	-Inf	0	1	1	1
regulation of cardiac muscle cell membrane potential	GO:0086036		5	1	0.7118985883030826	0.33981980987317634	1.1407076173540833	0.5360900744813608	1	1
cardiac muscle cell-cardiac muscle cell adhesion	GO:0086042		6	0	0.8542783059636992	-Inf	0	1	1	1
bundle of His cell action potential	GO:0086043		5	0	0.7118985883030826	-Inf	0	1	1	1
cell communication by electrical coupling involved in cardiac conduction	GO:0086064		9	0	1.281417458945549	-Inf	0	1	1	1
cell communication involved in cardiac conduction	GO:0086065		34	0	4.840910400460962	-Inf	0	1	1	1
atrial cardiac muscle cell to AV node cell communication	GO:0086066		13	0	1.850936329588015	-Inf	0	1	1	1
AV node cell to bundle of His cell communication	GO:0086067		7	0	0.9966580236243158	-Inf	0	1	1	1
bundle of His cell to Purkinje myocyte communication	GO:0086069		13	0	1.850936329588015	-Inf	0	1	1	1
SA node cell to atrial cardiac muscle cell communication	GO:0086070		5	0	0.7118985883030826	-Inf	0	1	1	1
bundle of His cell-Purkinje myocyte adhesion involved in cell communication	GO:0086073		6	0	0.8542783059636992	-Inf	0	1	1	1
regulation of heart rate by cardiac conduction	GO:0086091		32	3	4.556150965139729	-0.41786589182434025	0.618295917657411	0.8536536866155897	1	1
endothelin receptor signaling pathway	GO:0086100		6	1	0.8542783059636992	0.1574982530792216	0.9970009612255251	0.6021604736719404	1	1
amino acid import across plasma membrane	GO:0089718		25	5	3.5594929415154133	0.33981980987317617	1.1407076173540833	0.2498152383468616	1	1
regulation of neutrophil chemotaxis	GO:0090022		19	4	2.705214635551714	0.39111310426072676	1.182848131081555	0.2813253354967498	1	1
positive regulation of neutrophil chemotaxis	GO:0090023		13	3	1.850936329588015	0.4829206535138495	1.2599567155187015	0.27924366917682547	1	1
regulation of monocyte chemotaxis	GO:0090025		25	5	3.5594929415154133	0.33981980987317617	1.1407076173540833	0.2498152383468616	1	1
positive regulation of monocyte chemotaxis	GO:0090026		21	4	2.989974070872947	0.29102964570374423	1.1012919593117916	0.31544742885991045	1	1
regulation of steroid hormone biosynthetic process	GO:0090030		9	0	1.281417458945549	-Inf	0	1	1	1
regulation of cell migration involved in sprouting angiogenesis	GO:0090049		28	6	3.986632094497263	0.40881268136012766	1.1975499993590397	0.1997364684615226	1	1
positive regulation of cell migration involved in sprouting angiogenesis	GO:0090050		15	1	2.135695764909248	-0.7587924787949335	0.4526182666060272	0.900232481476347	1	1
negative regulation of cell migration involved in sprouting angiogenesis	GO:0090051		13	5	1.850936329588015	0.9937462772798402	1.719515585801776	0.027786284753525677	0.47523939698389417	0.47523939698389417
positive regulation of microtubule nucleation	GO:0090063		8	0	1.1390377412849322	-Inf	0	1	1	1
regulation of anatomical structure size	GO:0090066		184	29	26.197868049553442	0.10161779468476494	0.9550208382831429	0.3060953413806879	1	1
positive regulation of cell cycle process	GO:0090068		165	25	23.492653414001726	0.06218807327489677	0.9260234985551347	0.31586925598253085	1	1
relaxation of muscle	GO:0090075		10	2	1.4237971766061652	0.33981980987317634	1.1407076173540833	0.37400758293388436	1	1
regulation of inclusion body assembly	GO:0090083		15	2	2.135695764909248	-0.06564529823498817	0.835725121529455	0.6515517098503079	1	1
negative regulation of inclusion body assembly	GO:0090084		9	2	1.281417458945549	0.4451803255310024	1.2280073011830346	0.37400758293388436	1	1
regulation of protein deubiquitination	GO:0090085		10	2	1.4237971766061652	0.33981980987317634	1.1407076173540833	0.4274187999219954	1	1
regulation of peptide transport	GO:0090087		73	4	10.393719389225007	-0.9549073577212239	0.37593037471123875	0.9944594082822436	1	1
negative regulation of canonical Wnt signaling pathway	GO:0090090		89	9	12.671794871794871	-0.3421540700886438	0.661034318592097	0.8433378763085262	1	1
positive regulation of extracellular matrix disassembly	GO:0090091		8	1	1.1390377412849322	-0.13018381937255932	0.7923752068513801	0.7074204375900333	1	1
regulation of transmembrane receptor protein serine/threonine kinase signaling pathway	GO:0090092		148	16	21.072198213771248	-0.27536582921705727	0.7005660408790778	0.8874774728564834	1	1
positive regulation of transmembrane receptor protein serine/threonine kinase signaling pathway	GO:0090100		67	8	9.539441083261307	-0.1759933554038535	0.76254491429362	0.7406633020493523	1	1
negative regulation of transmembrane receptor protein serine/threonine kinase signaling pathway	GO:0090101		78	9	11.105617977528091	-0.21022652704609585	0.7407692106161782	0.7586618740541706	1	1
cochlea development	GO:0090102		5	1	0.7118985883030826	0.33981980987317634	1.1407076173540833	0.5360900744813608	1	1
regulation of cell-substrate junction assembly	GO:0090109		46	7	6.5494670123883605	0.06652647487349499	0.9291882548806338	0.487922066768404	1	1
COPII-coated vesicle cargo loading	GO:0090110		12	5	1.7085566119273985	1.0737889849533766	1.7949266490414921	0.019322146184124093	0.4134473689518601	0.41344736895186013
COPII-coated vesicle budding	GO:0090114		23	10	3.2747335061941802	1.1163485993721725	1.8352873735958333	6.499490434922877e-4	0.0630321812983814	0.0630321812983814
tissue migration	GO:0090130		14	2	1.9933160472486315	0.00334757325196334	0.8837426586622106	0.613000699683637	1	1
epithelium migration	GO:0090132		14	2	1.9933160472486315	0.00334757325196334	0.8837426586622106	0.613000699683637	1	1
epithelial cell-cell adhesion	GO:0090136		10	1	1.4237971766061652	-0.35332737068676895	0.6545884298137958	0.7848390715887252	1	1
regulation of mitochondrial fission	GO:0090140		24	5	3.417113223854797	0.38064180439343137	1.1741885603508528	0.22181288240929284	1	1
positive regulation of mitochondrial fission	GO:0090141		16	2	2.2780754825698644	-0.13018381937255932	0.7923752068513801	0.6515517098503079	1	1
membrane fission	GO:0090148		8	2	1.1390377412849322	0.562963361187386	1.3288054702420249	0.3186516811391211	1	1
establishment of protein localization to membrane	GO:0090150		119	17	16.943186401613367	0.00334757325196334	0.8837426586622106	0.48909486882996145	1	1
establishment of protein localization to mitochondrial membrane	GO:0090151		18	0	2.562834917891098	-Inf	0	1	1	1
regulation of sphingolipid biosynthetic process	GO:0090153		9	2	1.281417458945549	0.4451803255310024	1.2280073011830346	0.37400758293388436	1	1
negative regulation of sphingolipid biosynthetic process	GO:0090155		5	0	0.7118985883030826	-Inf	0	1	1	1
endoplasmic reticulum membrane organization	GO:0090158		8	2	1.1390377412849322	0.562963361187386	1.3288054702420249	0.3186516811391211	1	1
Golgi to lysosome transport	GO:0090160		10	1	1.4237971766061652	-0.35332737068676895	0.6545884298137958	0.7848390715887252	1	1
Golgi ribbon formation	GO:0090161		10	2	1.4237971766061652	0.33981980987317634	1.1407076173540833	0.4274187999219954	1	1
establishment of epithelial cell polarity	GO:0090162		15	3	2.135695764909248	0.33981980987317617	1.1407076173540833	0.362419133600277	1	1
regulation of spindle assembly	GO:0090169		29	5	4.12901181215788	0.19139980475490292	1.0229601810206947	0.3378961035688481	1	1
organelle membrane fusion	GO:0090174		44	15	6.264707577067128	0.8731182894912255	1.6072686459053334	4.210605860930497e-4	0.04876980005877758	0.04876980005877758
regulation of cholesterol metabolic process	GO:0090181		28	4	3.986632094497263	0.00334757325196334	0.8837426586622106	0.57901174716825	1	1
regulation of release of cytochrome c from mitochondria	GO:0090199		34	5	4.840910400460962	0.03233511012521561	0.9044217771948145	0.515170417251003	1	1
positive regulation of release of cytochrome c from mitochondria	GO:0090200		18	2	2.562834917891098	-0.24796685502894292	0.7172787766977757	0.7489064944214678	1	1
negative regulation of release of cytochrome c from mitochondria	GO:0090201		15	3	2.135695764909248	0.33981980987317617	1.1407076173540833	0.362419133600277	1	1
positive regulation of cholesterol metabolic process	GO:0090205		16	3	2.2780754825698644	0.2752812887356051	1.0887138899917574	0.4035880108068125	1	1
regulation of triglyceride metabolic process	GO:0090207		20	4	2.8475943532123305	0.33981980987317634	1.1407076173540833	0.31544742885991045	1	1
positive regulation of triglyceride metabolic process	GO:0090208		11	1	1.566176894266782	-0.44863755049109394	0.6015547714450307	0.8154912857198441	1	1
negative regulation of triglyceride metabolic process	GO:0090209		5	2	0.7118985883030826	1.0329669904331216	1.756382046950204	0.15090142328628167	0.9672449295933598	0.96724492959336
regulation of spindle organization	GO:0090224		41	6	5.837568424085278	0.027445124831023657	0.9009127558488499	0.48739536701780906	1	1
regulation of spindle checkpoint	GO:0090231		17	1	2.420455200230481	-0.8839556217489396	0.4022127055642241	0.9266415165604416	1	1
positive regulation of spindle checkpoint	GO:0090232		7	1	0.9966580236243158	0.00334757325196334	0.8837426586622106	0.6588243430336695	1	1
negative regulation of spindle checkpoint	GO:0090233		5	0	0.7118985883030826	-Inf	0	1	1	1
regulation of metaphase plate congression	GO:0090235		12	3	1.7085566119273985	0.5629633611873859	1.3288054702420247	0.23822794909023526	1	1
regulation of muscle system process	GO:0090257		102	15	14.522731201382886	0.03233511012521561	0.9044217771948145	0.44027986402852315	1	1
positive regulation of canonical Wnt signaling pathway	GO:0090263		65	12	9.254681647940075	0.25977710219963984	1.0764013989554613	0.19262494595750349	1	1
regulation of mitotic cell cycle spindle assembly checkpoint	GO:0090266		17	1	2.420455200230481	-0.8839556217489396	0.4022127055642241	0.9266415165604416	1	1
positive regulation of mitotic cell cycle spindle assembly checkpoint	GO:0090267		7	1	0.9966580236243158	0.00334757325196334	0.8837426586622106	0.6588243430336695	1	1
regulation of peptide hormone secretion	GO:0090276		72	4	10.251339671564391	-0.9411140355888882	0.38091433799658575	0.9937812440860831	1	1
positive regulation of peptide hormone secretion	GO:0090277		30	1	4.271391529818496	-1.4519396593548788	0.23202817802607137	0.988415759891752	1	1
negative regulation of peptide hormone secretion	GO:0090278		11	1	1.566176894266782	-0.44863755049109394	0.6015547714450307	0.8154912857198441	1	1
regulation of calcium ion import	GO:0090279		18	1	2.562834917891098	-0.9411140355888882	0.38091433799658575	0.9370965178627342	1	1
positive regulation of calcium ion import	GO:0090280		7	0	0.9966580236243158	-Inf	0	1	1	1
regulation of cellular response to growth factor stimulus	GO:0090287		164	15	23.350273696341112	-0.44255850441471184	0.6048333061402201	0.9785773766441268	1	1
negative regulation of cellular response to growth factor stimulus	GO:0090288		57	8	8.115643906655142	-0.014352003847437603	0.8712616865552416	0.554075870403361	1	1
positive regulation of wound healing	GO:0090303		43	8	6.122327859406511	0.26749914829355015	1.0825249697675892	0.26272365062499353	1	1
mitotic spindle assembly	GO:0090307		38	4	5.410429271103428	-0.3020340762992186	0.6845755406169421	0.8097427993868607	1	1
regulation of protein deacetylation	GO:0090311		7	1	0.9966580236243158	0.00334757325196334	0.8837426586622106	0.6021604736719404	1	1
regulation of protein targeting to membrane	GO:0090313		14	0	1.9933160472486315	-Inf	0	1	1	1
positive regulation of protein targeting to membrane	GO:0090314		10	0	1.4237971766061652	-Inf	0	1	1	1
positive regulation of intracellular protein transport	GO:0090316		57	10	8.115643906655142	0.20879154746677217	1.036417488667016	0.28846705380937687	1	1
negative regulation of intracellular protein transport	GO:0090317		24	4	3.417113223854797	0.1574982530792216	0.9970009612255251	0.45229031950387566	1	1
regulation of superoxide metabolic process	GO:0090322		17	10	2.420455200230481	1.4186294712451062	2.126111466765138	2.5025977260707903e-5	0.010150612963178589	0.01015061296317859
regulation of DNA-templated DNA replication	GO:0090329		22	2	3.132353788533564	-0.44863755049109394	0.6015547714450307	0.8218971635582669	1	1
regulation of platelet aggregation	GO:0090330		18	4	2.562834917891098	0.4451803255310024	1.2280073011830346	0.24782345497280558	1	1
negative regulation of platelet aggregation	GO:0090331		5	1	0.7118985883030826	0.33981980987317634	1.1407076173540833	0.5360900744813608	1	1
phagosome maturation	GO:0090382		14	8	1.9933160472486315	1.389641934371854	2.0979604894500303	2.244219536221842e-4	0.033599579946741995	0.03359957994674199
phagosome acidification	GO:0090383		5	3	0.7118985883030826	1.438432098541286	2.145368740123665	0.023031526310023847	0.43514883751704636	0.4351488375170463
phagosome-lysosome fusion	GO:0090385		6	5	0.8542783059636992	1.766936165513322	2.467302642287654	3.084135990051888e-4	0.04007872330486941	0.04007872330486942
cellular senescence	GO:0090398		42	11	5.979948141745894	0.6094833768222788	1.3694551532101802	0.029706243185382026	0.490015057869088	0.49001505786908806
replicative senescence	GO:0090399		9	0	1.281417458945549	-Inf	0	1	1	1
stress-induced premature senescence	GO:0090400		7	2	0.9966580236243158	0.6964947538119086	1.446630636471521	0.2621772575015677	1	1
protein localization to nuclear envelope	GO:0090435		5	1	0.7118985883030826	0.33981980987317634	1.1407076173540833	0.5360900744813608	1	1
pyrimidine nucleotide-sugar transmembrane transport	GO:0090481		7	0	0.9966580236243158	-Inf	0	1	1	1
catecholamine uptake	GO:0090493		8	0	1.1390377412849322	-Inf	0	1	1	1
dopamine uptake	GO:0090494		8	0	1.1390377412849322	-Inf	0	1	1	1
epiboly	GO:0090504		17	4	2.420455200230481	0.5023387393709511	1.276526421804185	0.21527346042877812	1	1
epiboly involved in wound healing	GO:0090505		16	4	2.2780754825698644	0.562963361187386	1.3288054702420249	0.18402066570529027	1	1
sphingolipid mediated signaling pathway	GO:0090520		7	2	0.9966580236243158	0.6964947538119086	1.446630636471521	0.2621772575015677	1	1
establishment of endothelial intestinal barrier	GO:0090557		10	4	1.4237971766061652	1.0329669904331216	1.756382046950204	0.04217374790147727	0.5440719826127625	0.5440719826127625
regulation of membrane permeability	GO:0090559		43	4	6.122327859406511	-0.4256480322663952	0.6140278174278756	0.8545161953127323	1	1
inflammatory response to wounding	GO:0090594		7	0	0.9966580236243158	-Inf	0	1	1	1
sensory organ morphogenesis	GO:0090596		26	2	3.70187265917603	-0.6156916351542602	0.5169348319376487	0.9021560783706045	1	1
ubiquitin-independent protein catabolic process via the multivesicular body sorting pathway	GO:0090611		5	1	0.7118985883030826	0.33981980987317634	1.1407076173540833	0.5360900744813608	1	1
activation of GTPase activity	GO:0090630		17	2	2.420455200230481	-0.19080844118899426	0.7530665813565736	0.7193796243190151	1	1
mitochondrial tRNA processing	GO:0090646		13	0	1.850936329588015	-Inf	0	1	1	1
t-circle formation	GO:0090656		10	2	1.4237971766061652	0.33981980987317634	1.1407076173540833	0.4274187999219954	1	1
telomeric loop disassembly	GO:0090657		10	0	1.4237971766061652	-Inf	0	1	1	1
scaRNA localization to Cajal body	GO:0090666		5	1	0.7118985883030826	0.33981980987317634	1.1407076173540833	0.5360900744813608	1	1
RNA localization to Cajal body	GO:0090670		5	1	0.7118985883030826	0.33981980987317634	1.1407076173540833	0.5360900744813608	1	1
RNA localization to nucleus	GO:0090685		5	1	0.7118985883030826	0.33981980987317634	1.1407076173540833	0.5360900744813608	1	1
telomere maintenance via telomere trimming	GO:0090737		10	2	1.4237971766061652	0.33981980987317634	1.1407076173540833	0.4274187999219954	1	1
acetylcholine receptor signaling pathway	GO:0095500		13	1	1.850936329588015	-0.6156916351542602	0.5169348319376487	0.8417782456475578	1	1
regulation of plasma lipoprotein particle levels	GO:0097006		46	6	6.5494670123883605	-0.08762420495376344	0.8207899149785506	0.6556430970727063	1	1
energy homeostasis	GO:0097009		9	2	1.281417458945549	0.4451803255310024	1.2280073011830346	0.37400758293388436	1	1
cellular response to granulocyte macrophage colony-stimulating factor stimulus	GO:0097011		7	1	0.9966580236243158	0.00334757325196334	0.8837426586622106	0.6588243430336695	1	1
response to granulocyte macrophage colony-stimulating factor	GO:0097012		7	1	0.9966580236243158	0.00334757325196334	0.8837426586622106	0.6588243430336695	1	1
dendritic cell differentiation	GO:0097028		9	1	1.281417458945549	-0.24796685502894292	0.7172787766977757	0.7490970444220519	1	1
regulation of membrane lipid distribution	GO:0097035		31	6	4.413771247479112	0.3070299870501854	1.1141442048502774	0.27401906744480875	1	1
dendritic spine organization	GO:0097061		6	0	0.8542783059636992	-Inf	0	1	1	1
craniofacial suture morphogenesis	GO:0097094		8	0	1.1390377412849322	-Inf	0	1	1	1
ammonium ion metabolic process	GO:0097164		12	0	1.7085566119273985	-Inf	0	1	1	1
epoxide metabolic process	GO:0097176		5	1	0.7118985883030826	0.33981980987317634	1.1407076173540833	0.5360900744813608	1	1
amelogenesis	GO:0097186		6	1	0.8542783059636992	0.1574982530792216	0.9970009612255251	0.6021604736719404	1	1
apoptotic signaling pathway	GO:0097190		184	35	26.197868049553442	0.2896700261877047	1.1002032203920618	0.03742407855755545	0.5440719826127625	0.5440719826127625
extrinsic apoptotic signaling pathway	GO:0097191		57	13	8.115643906655142	0.4711558119342632	1.249960534909775	0.05436534792471767	0.6283266241711405	0.6283266241711405
intrinsic apoptotic signaling pathway	GO:0097193		97	20	13.810832613079805	0.3702790173578847	1.1656471008871625	0.044531630670314654	0.5592383426205788	0.5592383426205788
execution phase of apoptosis	GO:0097194		31	6	4.413771247479112	0.3070299870501854	1.1141442048502774	0.27401906744480875	1	1
renal filtration	GO:0097205		6	0	0.8542783059636992	-Inf	0	1	1	1
lysosomal membrane organization	GO:0097212		5	2	0.7118985883030826	1.0329669904331216	1.756382046950204	0.09975346449577865	0.8437430951871026	0.8437430951871024
cellular response to toxic substance	GO:0097237		44	2	6.264707577067128	-1.1417847310510392	0.31406038381259593	0.9904175406450842	1	1
amyloid-beta clearance	GO:0097242		16	5	2.2780754825698644	0.7861069125015957	1.527521157251529	0.06560016576854237	0.6615082771291728	0.6615082771291728
self proteolysis	GO:0097264		6	1	0.8542783059636992	0.1574982530792216	0.9970009612255251	0.6021604736719404	1	1
omega-hydroxylase P450 pathway	GO:0097267		12	0	1.7085566119273985	-Inf	0	1	1	1
programmed necrotic cell death	GO:0097300		14	3	1.9933160472486315	0.40881268136012766	1.1975499993590397	0.32081841502444297	1	1
response to alcohol	GO:0097305		64	5	9.112301930279457	-0.6001874486182949	0.5243487448785299	0.9563812876950225	1	1
cellular response to alcohol	GO:0097306		41	3	5.837568424085278	-0.6657020557289216	0.49362088696595224	0.9376526523561777	1	1
plasma membrane tubulation	GO:0097320		11	1	1.566176894266782	-0.44863755049109394	0.6015547714450307	0.7848390715887252	1	1
mitochondrial outer membrane permeabilization	GO:0097345		6	1	0.8542783059636992	0.1574982530792216	0.9970009612255251	0.6021604736719404	1	1
autophagosome maturation	GO:0097352		38	10	5.410429271103428	0.6142566555749365	1.3736510814004799	0.025292107730614542	0.4552579391510618	0.4552579391510617
prenylation	GO:0097354		8	0	1.1390377412849322	-Inf	0	1	1	1
synaptic vesicle localization	GO:0097479		5	2	0.7118985883030826	1.0329669904331216	1.756382046950204	0.15090142328628167	0.9672449295933598	0.96724492959336
neuron projection guidance	GO:0097485		35	0	4.9832901181215785	-Inf	0	1	1	1
regulation of vesicle size	GO:0097494		6	3	0.8542783059636992	1.2561105417473313	1.968939649300815	0.04122811280191899	0.5440719826127625	0.5440719826127625
stress response to metal ion	GO:0097501		5	1	0.7118985883030826	0.33981980987317634	1.1407076173540833	0.5360900744813608	1	1
mannosylation	GO:0097502		15	1	2.135695764909248	-0.7587924787949335	0.4526182666060272	0.900232481476347	1	1
sialylation	GO:0097503		8	3	1.1390377412849322	0.9684284692955504	1.6958091564460576	0.0927539865889046	0.8048939983039493	0.8048939983039493
necroptotic signaling pathway	GO:0097527		8	2	1.1390377412849322	0.562963361187386	1.3288054702420249	0.3186516811391211	1	1
myeloid leukocyte migration	GO:0097529		66	14	9.397061365600692	0.3986603098961096	1.1891072248422259	0.0637315318624718	0.6615082771291728	0.6615082771291728
granulocyte migration	GO:0097530		41	11	5.837568424085278	0.6335809284013393	1.3906840674157654	0.02505011199500024	0.4544651208820827	0.4544651208820827
calcium ion transmembrane import into cytosol	GO:0097553		45	1	6.407087294727744	-1.8574047674630432	0.15545033366432637	0.9988490812180932	1	1
lamellipodium organization	GO:0097581		19	1	2.705214635551714	-0.9951812568591639	0.36171688738970265	0.9460619965707682	1	1
potassium ion export across plasma membrane	GO:0097623		8	0	1.1390377412849322	-Inf	0	1	1	1
calcitonin family receptor signaling pathway	GO:0097646		10	1	1.4237971766061652	-0.35332737068676895	0.6545884298137958	0.7848390715887252	1	1
amylin receptor signaling pathway	GO:0097647		6	0	0.8542783059636992	-Inf	0	1	1	1
double-strand break repair via classical nonhomologous end joining	GO:0097680		9	2	1.281417458945549	0.4451803255310024	1.2280073011830346	0.37400758293388436	1	1
double-strand break repair via alternative nonhomologous end joining	GO:0097681		8	2	1.1390377412849322	0.562963361187386	1.3288054702420249	0.3186516811391211	1	1
receptor signaling pathway via STAT	GO:0097696		55	10	7.83088447133391	0.24450963006885137	1.0643462602905969	0.2508306887255593	1	1
vascular endothelial cell response to fluid shear stress	GO:0097699		13	3	1.850936329588015	0.4829206535138495	1.2599567155187015	0.27924366917682547	1	1
calcineurin-mediated signaling	GO:0097720		13	1	1.850936329588015	-0.6156916351542602	0.5169348319376487	0.8417782456475578	1	1
sperm motility	GO:0097722		37	0	5.268049553442812	-Inf	0	1	1	1
extracellular exosome biogenesis	GO:0097734		5	1	0.7118985883030826	0.33981980987317634	1.1407076173540833	0.5360900744813608	1	1
blood vessel diameter maintenance	GO:0097746		44	6	6.264707577067128	-0.043172442382929624	0.8511778531306146	0.6110915459913915	1	1
membrane tubulation	GO:0097749		5	1	0.7118985883030826	0.33981980987317634	1.1407076173540833	0.5360900744813608	1	1
centriole assembly	GO:0098534		26	1	3.70187265917603	-1.3088388157142055	0.2669515969960966	0.981621100670107	1	1
detection of other organism	GO:0098543		15	6	2.135695764909248	1.0329669904331216	1.7563820469502038	0.01308472034947458	0.3400750732780516	0.34007507327805153
detection of external biotic stimulus	GO:0098581		21	8	2.989974070872947	0.9841768262636895	1.710546512190131	0.006019534795342887	0.25056313585614765	0.25056313585614765
cellular response to virus	GO:0098586		27	7	3.8442523768366463	0.5993310053582609	1.3605459795141486	0.07881566109423528	0.7437657096191486	0.7437657096191486
imitative learning	GO:0098596		6	0	0.8542783059636992	-Inf	0	1	1	1
observational learning	GO:0098597		6	0	0.8542783059636992	-Inf	0	1	1	1
learned vocalization behavior or vocal learning	GO:0098598		9	0	1.281417458945549	-Inf	0	1	1	1
cell-cell adhesion	GO:0098609		169	26	24.062172284644195	0.0774555454056851	0.937189140297217	0.3076143553967978	1	1
monoatomic anion transmembrane transport	GO:0098656		38	1	5.410429271103428	-1.6883284374191092	0.18379173959706888	0.9960554234413908	1	1
inorganic cation import across plasma membrane	GO:0098659		38	3	5.410429271103428	-0.5897161487509995	0.5294062490389542	0.9134465448667658	1	1
inorganic anion transmembrane transport	GO:0098661		50	1	7.118985883030827	-1.9627652831208693	0.1400115504505944	0.9992749509668737	1	1
G protein-coupled serotonin receptor signaling pathway	GO:0098664		13	0	1.850936329588015	-Inf	0	1	1	1
calcium ion import across plasma membrane	GO:0098703		6	0	0.8542783059636992	-Inf	0	1	1	1
carbohydrate import across plasma membrane	GO:0098704		6	1	0.8542783059636992	0.1574982530792216	0.9970009612255251	0.6021604736719404	1	1
glucose import across plasma membrane	GO:0098708		5	1	0.7118985883030826	0.33981980987317634	1.1407076173540833	0.5360900744813608	1	1
sodium ion import across plasma membrane	GO:0098719		13	0	1.850936329588015	-Inf	0	1	1	1
maintenance of cell number	GO:0098727		15	1	2.135695764909248	-0.7587924787949335	0.4526182666060272	0.900232481476347	1	1
macromolecule deacylation	GO:0098732		22	4	3.132353788533564	0.24450963006885137	1.0643462602905969	0.3843302830382723	1	1
macromolecule depalmitoylation	GO:0098734		7	3	0.9966580236243158	1.101959861920073	1.8216227766169788	0.06464013109570181	0.6615082771291728	0.6615082771291728
import across plasma membrane	GO:0098739		82	10	11.675136848170556	-0.15487643196293088	0.776198057976903	0.7194560163026436	1	1
cell-cell adhesion via plasma-membrane adhesion molecules	GO:0098742		53	6	7.546125036012676	-0.22927472201679033	0.7288453060112307	0.7162300028488735	1	1
detoxification	GO:0098754		53	2	7.546125036012676	-1.3278870106849	0.26202796497077757	0.9967572416581292	1	1
response to interleukin-7	GO:0098760		8	0	1.1390377412849322	-Inf	0	1	1	1
cellular response to interleukin-7	GO:0098761		8	0	1.1390377412849322	-Inf	0	1	1	1
skin epidermis development	GO:0098773		16	0	2.2780754825698644	-Inf	0	1	1	1
regulation of renal system process	GO:0098801		5	0	0.7118985883030826	-Inf	0	1	1	1
neurotransmitter reuptake	GO:0098810		15	0	2.135695764909248	-Inf	0	1	1	1
nuclear chromosome segregation	GO:0098813		134	23	19.078882166522614	0.1869121382855149	1.0195030300821137	0.15711325368241244	0.9728178948861119	0.9728178948861118
modulation of excitatory postsynaptic potential	GO:0098815		5	1	0.7118985883030826	0.33981980987317634	1.1407076173540833	0.5360900744813608	1	1
intestinal lipid absorption	GO:0098856		8	1	1.1390377412849322	-0.13018381937255932	0.7923752068513801	0.7074204375900333	1	1
cellular oxidant detoxification	GO:0098869		16	0	2.2780754825698644	-Inf	0	1	1	1
vesicle-mediated transport to the plasma membrane	GO:0098876		71	16	10.108959953903774	0.4591665675057423	1.239807563856141	0.03914800553389326	0.5440719826127625	0.5440719826127625
regulation of action potential	GO:0098900		32	3	4.556150965139729	-0.41786589182434025	0.618295917657411	0.8380440941845854	1	1
regulation of cardiac muscle cell action potential	GO:0098901		22	0	3.132353788533564	-Inf	0	1	1	1
regulation of membrane repolarization during action potential	GO:0098903		5	1	0.7118985883030826	0.33981980987317634	1.1407076173540833	0.5360900744813608	1	1
regulation of cardiac muscle cell action potential involved in regulation of contraction	GO:0098909		6	0	0.8542783059636992	-Inf	0	1	1	1
regulation of ventricular cardiac muscle cell action potential	GO:0098911		9	0	1.281417458945549	-Inf	0	1	1	1
membrane repolarization during ventricular cardiac muscle cell action potential	GO:0098915		5	0	0.7118985883030826	-Inf	0	1	1	1
anterograde trans-synaptic signaling	GO:0098916		146	8	20.787438778450014	-0.9549073577212239	0.37593037471123875	0.9996843646802076	1	1
postsynaptic signal transduction	GO:0098926		14	1	1.9933160472486315	-0.689799607307982	0.48271091085741513	0.8643214016762081	1	1
vesicle-mediated transport between endosomal compartments	GO:0098927		24	7	3.417113223854797	0.7171140410146443	1.465122891542044	0.036018714146362145	0.5440719826127625	0.5440719826127625
axonal transport	GO:0098930		13	1	1.850936329588015	-0.6156916351542602	0.5169348319376487	0.8643214016762081	1	1
vesicle-mediated transport in synapse	GO:0099003		22	3	3.132353788533564	-0.043172442382929624	0.8511778531306146	0.6246198083391434	1	1
vesicle tethering	GO:0099022		7	3	0.9966580236243158	1.101959861920073	1.8216227766169788	0.06464013109570181	0.6615082771291728	0.6615082771291728
plasma membrane invagination	GO:0099024		20	5	2.8475943532123305	0.562963361187386	1.3288054702420249	0.14483696204410754	0.9672449295933598	0.96724492959336
vesicle tethering to Golgi	GO:0099041		5	2	0.7118985883030826	1.0329669904331216	1.756382046950204	0.15090142328628167	0.9672449295933598	0.96724492959336
clearance of foreign intracellular nucleic acids	GO:0099046		6	0	0.8542783059636992	-Inf	0	1	1	1
presynapse assembly	GO:0099054		11	0	1.566176894266782	-Inf	0	1	1	1
microtubule-based transport	GO:0099111		67	7	9.539441083261307	-0.30952474802837604	0.6801332272420415	0.8478213347602556	1	1
tRNA 5'-end processing	GO:0099116		14	0	1.9933160472486315	-Inf	0	1	1	1
regulation of postsynaptic neurotransmitter receptor internalization	GO:0099149		5	0	0.7118985883030826	-Inf	0	1	1	1
presynapse organization	GO:0099172		13	0	1.850936329588015	-Inf	0	1	1	1
postsynapse organization	GO:0099173		17	0	2.420455200230481	-Inf	0	1	1	1
regulation of presynapse organization	GO:0099174		14	1	1.9933160472486315	-0.689799607307982	0.48271091085741513	0.8417782456475578	1	1
regulation of postsynapse organization	GO:0099175		18	3	2.562834917891098	0.1574982530792214	0.9970009612255248	0.4831646634993946	1	1
regulation of trans-synaptic signaling	GO:0099177		59	4	8.400403341976375	-0.7419853604785522	0.45979455443588496	0.9734866393406931	1	1
synaptic vesicle cycle	GO:0099504		22	3	3.132353788533564	-0.043172442382929624	0.8511778531306146	0.6246198083391434	1	1
vesicle cytoskeletal trafficking	GO:0099518		13	1	1.850936329588015	-0.6156916351542602	0.5169348319376487	0.8643214016762081	1	1
synaptic signaling	GO:0099536		163	9	23.207893978680495	-0.9472679011632663	0.3786833661833612	0.9998173383210709	1	1
trans-synaptic signaling	GO:0099537		150	8	21.356957649092482	-0.9819360301091433	0.36633617734442026	0.9997947360428647	1	1
synaptic membrane adhesion	GO:0099560		9	0	1.281417458945549	-Inf	0	1	1	1
inorganic ion import across plasma membrane	GO:0099587		38	3	5.410429271103428	-0.5897161487509995	0.5294062490389542	0.9134465448667658	1	1
regulation of neurotransmitter receptor activity	GO:0099601		10	0	1.4237971766061652	-Inf	0	1	1	1
cardiac muscle cell membrane repolarization	GO:0099622		14	2	1.9933160472486315	0.00334757325196334	0.8837426586622106	0.613000699683637	1	1
regulation of cardiac muscle cell membrane repolarization	GO:0099623		19	1	2.705214635551714	-0.9951812568591639	0.36171688738970265	0.9460619965707682	1	1
ventricular cardiac muscle cell membrane repolarization	GO:0099625		8	0	1.1390377412849322	-Inf	0	1	1	1
signal release from synapse	GO:0099643		15	1	2.135695764909248	-0.7587924787949335	0.4526182666060272	0.900232481476347	1	1
mitotic nuclear membrane organization	GO:0101024		10	0	1.4237971766061652	-Inf	0	1	1	1
cellular response to environmental stimulus	GO:0104004		169	20	24.062172284644195	-0.18490871906180587	0.7568311409506211	0.8289598900446338	1	1
regulation of inflammatory response to wounding	GO:0106014		6	1	0.8542783059636992	0.1574982530792216	0.9970009612255251	0.6021604736719404	1	1
negative regulation of inflammatory response to wounding	GO:0106015		6	1	0.8542783059636992	0.1574982530792216	0.9970009612255251	0.6021604736719404	1	1
neuron projection organization	GO:0106027		11	1	1.566176894266782	-0.44863755049109394	0.6015547714450307	0.8154912857198441	1	1
regulation of cellular response to osmotic stress	GO:0106049		7	0	0.9966580236243158	-Inf	0	1	1	1
regulation of calcineurin-mediated signaling	GO:0106056		20	0	2.8475943532123305	-Inf	0	1	1	1
negative regulation of calcineurin-mediated signaling	GO:0106057		8	0	1.1390377412849322	-Inf	0	1	1	1
positive regulation of calcineurin-mediated signaling	GO:0106058		11	0	1.566176894266782	-Inf	0	1	1	1
regulation of adenylate cyclase-activating G protein-coupled receptor signaling pathway	GO:0106070		10	2	1.4237971766061652	0.33981980987317634	1.1407076173540833	0.4274187999219954	1	1
negative regulation of adenylate cyclase-activating G protein-coupled receptor signaling pathway	GO:0106072		9	2	1.281417458945549	0.4451803255310024	1.2280073011830346	0.37400758293388436	1	1
regulation of sterol biosynthetic process	GO:0106118		17	3	2.420455200230481	0.21465666691917012	1.0409768694321027	0.44394112874496316	1	1
positive regulation of sterol biosynthetic process	GO:0106120		9	2	1.281417458945549	0.4451803255310024	1.2280073011830346	0.37400758293388436	1	1
protein-DNA covalent cross-linking repair	GO:0106300		8	3	1.1390377412849322	0.9684284692955504	1.6958091564460576	0.0927539865889046	0.8048939983039493	0.8048939983039493
regulation of actomyosin structure organization	GO:0110020		62	7	8.827542494958225	-0.23196651368250165	0.7271714284275655	0.7982955402849075	1	1
DNA strand resection involved in replication fork processing	GO:0110025		6	2	0.8542783059636992	0.8506454336391669	1.586566709705886	0.205738078528463	1	1
regulation of actin filament organization	GO:0110053		134	21	19.078882166522614	0.09594036007978833	0.9508132919334095	0.3394186592323318	1	1
regulation of ferroptosis	GO:0110075		15	2	2.135695764909248	-0.06564529823498817	0.835725121529455	0.6515517098503079	1	1
negative regulation of ferroptosis	GO:0110076		11	0	1.566176894266782	-Inf	0	1	1	1
cellular detoxification of aldehyde	GO:0110095		5	0	0.7118985883030826	-Inf	0	1	1	1
cellular response to aldehyde	GO:0110096		5	0	0.7118985883030826	-Inf	0	1	1	1
regulation of calcium import into the mitochondrion	GO:0110097		6	0	0.8542783059636992	-Inf	0	1	1	1
positive regulation of animal organ morphogenesis	GO:0110110		5	1	0.7118985883030826	0.33981980987317634	1.1407076173540833	0.5360900744813608	1	1
RNA decapping	GO:0110154		9	2	1.281417458945549	0.4451803255310024	1.2280073011830346	0.37400758293388436	1	1
methylguanosine-cap decapping	GO:0110156		6	2	0.8542783059636992	0.8506454336391669	1.586566709705886	0.205738078528463	1	1
regulation of plasma membrane bounded cell projection assembly	GO:0120032		140	20	19.933160472486314	0.00334757325196334	0.8837426586622106	0.5029487403609352	1	1
negative regulation of plasma membrane bounded cell projection assembly	GO:0120033		29	3	4.12901181215788	-0.3194258190110878	0.6742945458589694	0.802482369576544	1	1
positive regulation of plasma membrane bounded cell projection assembly	GO:0120034		58	10	8.25802362431576	0.19139980475490292	1.0229601810206947	0.3078427847331842	1	1
plasma membrane bounded cell projection morphogenesis	GO:0120039		81	7	11.532757130509939	-0.4992812833098488	0.5747896412920475	0.9537847087095535	1	1
regulation of macrophage proliferation	GO:0120040		5	1	0.7118985883030826	0.33981980987317634	1.1407076173540833	0.5360900744813608	1	1
positive regulation of macrophage proliferation	GO:0120041		5	1	0.7118985883030826	0.33981980987317634	1.1407076173540833	0.5360900744813608	1	1
steroid hormone biosynthetic process	GO:0120178		26	1	3.70187265917603	-1.3088388157142055	0.2669515969960966	0.9785647536585876	1	1
negative regulation of protein localization to chromatin	GO:0120186		5	1	0.7118985883030826	0.33981980987317634	1.1407076173540833	0.5360900744813608	1	1
tight junction assembly	GO:0120192		21	2	2.989974070872947	-0.4021175348562011	0.6270041687017212	0.7999882008278627	1	1
tight junction organization	GO:0120193		21	2	2.989974070872947	-0.4021175348562011	0.6270041687017212	0.7999882008278627	1	1
hydrocarbon metabolic process	GO:0120252		5	0	0.7118985883030826	-Inf	0	1	1	1
olefinic compound metabolic process	GO:0120254		77	5	10.963238259867472	-0.7851097871123068	0.44157839363251167	0.9855752949436546	1	1
olefinic compound biosynthetic process	GO:0120255		8	0	1.1390377412849322	-Inf	0	1	1	1
sperm flagellum assembly	GO:0120316		16	0	2.2780754825698644	-Inf	0	1	1	1
meiotic nuclear division	GO:0140013		28	3	3.986632094497263	-0.2843344991998177	0.6951578759156496	0.7370495801541082	1	1
mitotic nuclear division	GO:0140014		125	21	17.797464707577067	0.1654664227283985	1.0030695772024625	0.20483131044853678	1	1
exocytic process	GO:0140029		11	3	1.566176894266782	0.6499747381770157	1.405190961529407	0.19837721332207095	1	1
lipid droplet formation	GO:0140042		13	5	1.850936329588015	0.9937462772798402	1.719515585801776	0.027786284753525677	0.47523939698389417	0.47523939698389417
cellular response to oxidised low-density lipoprotein particle stimulus	GO:0140052		8	4	1.1390377412849322	1.2561105417473313	1.968939649300815	0.01778370527369701	0.4134473689518601	0.41344736895186013
mitochondrial gene expression	GO:0140053		48	3	6.834226447709594	-0.8233309999325048	0.42596776967834077	0.971873843697959	1	1
organelle localization by membrane tethering	GO:0140056		24	6	3.417113223854797	0.5629633611873859	1.3288054702420247	0.11540392984653079	0.9280301749694909	0.928030174969491
interleukin-10-mediated signaling pathway	GO:0140105		6	1	0.8542783059636992	0.1574982530792216	0.9970009612255251	0.6021604736719404	1	1
extracellular vesicle biogenesis	GO:0140112		6	1	0.8542783059636992	0.1574982530792216	0.9970009612255251	0.6021604736719404	1	1
export across plasma membrane	GO:0140115		35	0	4.9832901181215785	-Inf	0	1	1	1
positive regulation of lymphocyte chemotaxis	GO:0140131		13	1	1.850936329588015	-0.6156916351542602	0.5169348319376487	0.8643214016762081	1	1
regulation of long-chain fatty acid import into cell	GO:0140212		5	1	0.7118985883030826	0.33981980987317634	1.1407076173540833	0.5360900744813608	1	1
presynaptic endocytosis	GO:0140238		9	1	1.281417458945549	-0.24796685502894292	0.7172787766977757	0.7490970444220519	1	1
cell-cell fusion	GO:0140253		14	0	1.9933160472486315	-Inf	0	1	1	1
hexose import across plasma membrane	GO:0140271		6	1	0.8542783059636992	0.1574982530792216	0.9970009612255251	0.6021604736719404	1	1
export from cell	GO:0140352		167	31	23.777412849322964	0.26525111437566756	1.0807404722153517	0.06224475205788584	0.6615082771291728	0.6615082771291728
lipid import into cell	GO:0140354		7	2	0.9966580236243158	0.6964947538119086	1.446630636471521	0.2621772575015677	1	1
cyclic-GMP-AMP transmembrane import across plasma membrane	GO:0140361		6	0	0.8542783059636992	-Inf	0	1	1	1
antibacterial innate immune response	GO:0140367		6	1	0.8542783059636992	0.1574982530792216	0.9970009612255251	0.5360900744813608	1	1
antiviral innate immune response	GO:0140374		52	10	7.40374531835206	0.30059909671989493	1.1089698390635254	0.16573456437284068	0.9955284768641433	0.9955284768641434
signaling receptor ligand precursor processing	GO:0140448		27	4	3.8442523768366463	0.03971521742283816	0.9097334253818503	0.5488573271232209	1	1
integrated stress response signaling	GO:0140467		15	0	2.135695764909248	-Inf	0	1	1	1
HRI-mediated signaling	GO:0140468		7	0	0.9966580236243158	-Inf	0	1	1	1
negative regulation of mitotic spindle assembly checkpoint signaling	GO:0140499		5	0	0.7118985883030826	-Inf	0	1	1	1
granzyme-mediated programmed cell death signaling pathway	GO:0140507		8	1	1.1390377412849322	-0.13018381937255932	0.7923752068513801	0.7074204375900333	1	1
reciprocal homologous recombination	GO:0140527		18	1	2.562834917891098	-0.9411140355888882	0.38091433799658575	0.9144496405462401	1	1
ubiquitin-dependent protein catabolic process via the C-end degron rule pathway	GO:0140627		12	2	1.7085566119273985	0.1574982530792216	0.9970009612255251	0.4783169302775343	1	1
canonical inflammasome complex assembly	GO:0140632		5	1	0.7118985883030826	0.33981980987317634	1.1407076173540833	0.5360900744813608	1	1
transcription elongation-coupled chromatin remodeling	GO:0140673		6	1	0.8542783059636992	0.1574982530792216	0.9970009612255251	0.6021604736719404	1	1
non-membrane-bounded organelle assembly	GO:0140694		195	29	27.764044943820224	0.043553993730003786	0.9125037484870715	0.4073298362246781	1	1
facultative heterochromatin formation	GO:0140718		5	1	0.7118985883030826	0.33981980987317634	1.1407076173540833	0.5360900744813608	1	1
constitutive heterochromatin formation	GO:0140719		19	1	2.705214635551714	-0.9951812568591639	0.36171688738970265	0.9460619965707682	1	1
DNA repair-dependent chromatin remodeling	GO:0140861		21	4	2.989974070872947	0.29102964570374423	1.1012919593117916	0.31544742885991045	1	1
interferon-mediated signaling pathway	GO:0140888		23	6	3.2747335061941802	0.6055229756061818	1.3659772460627833	0.0977526129475821	0.8386890849995451	0.8386890849995449
endolysosomal toll-like receptor signaling pathway	GO:0140894		17	6	2.420455200230481	0.9078038474791155	1.6393559048870878	0.025162764763553752	0.4544651208820827	0.4544651208820827
cell surface toll-like receptor signaling pathway	GO:0140895		27	10	3.8442523768366463	0.9560059492969932	1.6842047020869482	0.0014164816343315767	0.10481964094053667	0.10481964094053668
cGAS/STING signaling pathway	GO:0140896		5	1	0.7118985883030826	0.33981980987317634	1.1407076173540833	0.5360900744813608	1	1
multicellular organismal-level chemical homeostasis	GO:0140962		35	2	4.9832901181215785	-0.9129431586221918	0.39128037235821883	0.9642739953351394	1	1
retrotransposon silencing by heterochromatin formation	GO:0141005		5	0	0.7118985883030826	-Inf	0	1	1	1
disruption of anatomical structure in another organism	GO:0141060		86	7	12.244655718813021	-0.5591794248909177	0.5443877666728691	0.9297528181564539	1	1
disruption of cell in another organism	GO:0141061		82	6	11.675136848170556	-0.6657020557289216	0.49362088696595224	0.9546113643793585	1	1
inflammasome-mediated signaling pathway	GO:0141084		5	1	0.7118985883030826	0.33981980987317634	1.1407076173540833	0.5360900744813608	1	1
regulation of inflammasome-mediated signaling pathway	GO:0141085		38	9	5.410429271103428	0.5088961399171102	1.2821415668394236	0.07086882200281357	0.6970279179718909	0.6970279179718909
negative regulation of inflammasome-mediated signaling pathway	GO:0141086		21	2	2.989974070872947	-0.4021175348562011	0.6270041687017212	0.7999882008278627	1	1
positive regulation of inflammasome-mediated signaling pathway	GO:0141087		17	7	2.420455200230481	1.0619545273063737	1.783734935837704	0.006166185672458769	0.25078959742641466	0.25078959742641466
regulation of protein localization to lysosome	GO:0150031		5	0	0.7118985883030826	-Inf	0	1	1	1
visual system development	GO:0150063		53	3	7.546125036012676	-0.9224219025767356	0.3877642706104783	0.98022448995768	1	1
neuroinflammatory response	GO:0150076		7	1	0.9966580236243158	0.00334757325196334	0.8837426586622106	0.6588243430336695	1	1
regulation of neuroinflammatory response	GO:0150077		14	2	1.9933160472486315	0.00334757325196334	0.8837426586622106	0.613000699683637	1	1
positive regulation of neuroinflammatory response	GO:0150078		9	1	1.281417458945549	-0.24796685502894292	0.7172787766977757	0.7490970444220519	1	1
amyloid-beta clearance by transcytosis	GO:0150093		7	4	0.9966580236243158	1.389641934371854	2.0979604894500303	0.010012088410208588	0.3065770520091457	0.30657705200914576
amyloid-beta clearance by cellular catabolic process	GO:0150094		6	0	0.8542783059636992	-Inf	0	1	1	1
transport across blood-brain barrier	GO:0150104		15	1	2.135695764909248	-0.7587924787949335	0.4526182666060272	0.900232481476347	1	1
protein localization to cell-cell junction	GO:0150105		12	2	1.7085566119273985	0.1574982530792216	0.9970009612255251	0.5263347265149944	1	1
regulation of protein localization to cell-cell junction	GO:0150106		6	1	0.8542783059636992	0.1574982530792216	0.9970009612255251	0.6021604736719404	1	1
cell-substrate junction organization	GO:0150115		21	4	2.989974070872947	0.29102964570374423	1.1012919593117916	0.34987809677918136	1	1
regulation of cell-substrate junction organization	GO:0150116		47	7	6.691846730048978	0.045020269652531156	0.9135632574669978	0.5118074639432906	1	1
positive regulation of cell-substrate junction organization	GO:0150117		17	1	2.420455200230481	-0.8839556217489396	0.4022127055642241	0.9266415165604416	1	1
negative regulation of cell-substrate junction organization	GO:0150118		12	3	1.7085566119273985	0.5629633611873859	1.3288054702420247	0.23822794909023526	1	1
negative regulation of cGAS/STING signaling pathway	GO:0160049		15	3	2.135695764909248	0.33981980987317617	1.1407076173540833	0.362419133600277	1	1
multi-pass transmembrane protein insertion into ER membrane	GO:0160063		9	2	1.281417458945549	0.4451803255310024	1.2280073011830346	0.37400758293388436	1	1
lipid droplet fusion	GO:0160077		5	0	0.7118985883030826	-Inf	0	1	1	1
co-transcriptional mRNA 3'-end processing, cleavage and polyadenylation pathway	GO:0180010		8	1	1.1390377412849322	-0.13018381937255932	0.7923752068513801	0.7074204375900333	1	1
co-transcriptional RNA 3'-end processing, cleavage and polyadenylation pathway	GO:0180012		10	1	1.4237971766061652	-0.35332737068676895	0.6545884298137958	0.7848390715887252	1	1
regulation of cytokine production involved in inflammatory response	GO:1900015		33	7	4.698530682800346	0.3986603098961096	1.1891072248422259	0.1806765262562436	1	1
negative regulation of cytokine production involved in inflammatory response	GO:1900016		16	0	2.2780754825698644	-Inf	0	1	1	1
positive regulation of cytokine production involved in inflammatory response	GO:1900017		14	6	1.9933160472486315	1.101959861920073	1.8216227766169788	0.008908844669804855	0.285941713257351	0.285941713257351
regulation of substrate adhesion-dependent cell spreading	GO:1900024		42	5	5.979948141745894	-0.17897398354199137	0.7606313177584816	0.7330478486667787	1	1
negative regulation of substrate adhesion-dependent cell spreading	GO:1900025		10	1	1.4237971766061652	-0.35332737068676895	0.6545884298137958	0.7848390715887252	1	1
positive regulation of substrate adhesion-dependent cell spreading	GO:1900026		29	3	4.12901181215788	-0.3194258190110878	0.6742945458589694	0.802482369576544	1	1
regulation of ruffle assembly	GO:1900027		13	0	1.850936329588015	-Inf	0	1	1	1
positive regulation of ruffle assembly	GO:1900029		7	0	0.9966580236243158	-Inf	0	1	1	1
regulation of cellular response to heat	GO:1900034		15	6	2.135695764909248	1.0329669904331216	1.7563820469502038	0.01308472034947458	0.3400750732780516	0.34007507327805153
regulation of cellular response to hypoxia	GO:1900037		10	2	1.4237971766061652	0.33981980987317634	1.1407076173540833	0.4274187999219954	1	1
negative regulation of cellular response to hypoxia	GO:1900038		6	2	0.8542783059636992	0.8506454336391669	1.586566709705886	0.205738078528463	1	1
regulation of protein K63-linked ubiquitination	GO:1900044		11	6	1.566176894266782	1.343121918736961	2.0528837293127347	0.0020082798887031453	0.12458971485667425	0.12458971485667425
regulation of hemostasis	GO:1900046		46	6	6.5494670123883605	-0.08762420495376344	0.8207899149785506	0.6556430970727063	1	1
negative regulation of hemostasis	GO:1900047		33	2	4.698530682800346	-0.8541026585992584	0.41375792926214233	0.9593734932548861	1	1
positive regulation of hemostasis	GO:1900048		14	4	1.9933160472486315	0.6964947538119086	1.446630636471521	0.12680293440222737	0.9280301749694909	0.928030174969491
regulation of cellular response to insulin stimulus	GO:1900076		32	5	4.556150965139729	0.09295973194165044	0.9486086645812349	0.45747392624767236	1	1
negative regulation of cellular response to insulin stimulus	GO:1900077		20	0	2.8475943532123305	-Inf	0	1	1	1
positive regulation of cellular response to insulin stimulus	GO:1900078		8	3	1.1390377412849322	0.9684284692955504	1.6958091564460576	0.0927539865889046	0.8048939983039493	0.8048939983039493
positive regulation of G1/S transition of mitotic cell cycle	GO:1900087		27	3	3.8442523768366463	-0.24796685502894278	0.7172787766977758	0.7117289146581616	1	1
regulation of endoplasmic reticulum unfolded protein response	GO:1900101		28	7	3.986632094497263	0.562963361187386	1.3288054702420249	0.09275617773247463	0.8048939983039493	0.8048939983039493
negative regulation of endoplasmic reticulum unfolded protein response	GO:1900102		15	3	2.135695764909248	0.33981980987317617	1.1407076173540833	0.362419133600277	1	1
positive regulation of endoplasmic reticulum unfolded protein response	GO:1900103		11	5	1.566176894266782	1.1608003619430063	1.877620363860972	0.012744047767815613	0.3378123706812019	0.33781237068120196
extracellular regulation of signal transduction	GO:1900115		6	2	0.8542783059636992	0.8506454336391669	1.586566709705886	0.205738078528463	1	1
extracellular negative regulation of signal transduction	GO:1900116		6	2	0.8542783059636992	0.8506454336391669	1.586566709705886	0.205738078528463	1	1
regulation of execution phase of apoptosis	GO:1900117		14	2	1.9933160472486315	0.00334757325196334	0.8837426586622106	0.613000699683637	1	1
positive regulation of execution phase of apoptosis	GO:1900119		12	2	1.7085566119273985	0.1574982530792216	0.9970009612255251	0.5263347265149944	1	1
regulation of receptor binding	GO:1900120		6	0	0.8542783059636992	-Inf	0	1	1	1
regulation of hyaluronan biosynthetic process	GO:1900125		6	1	0.8542783059636992	0.1574982530792216	0.9970009612255251	0.6021604736719404	1	1
regulation of defense response to fungus	GO:1900150		5	1	0.7118985883030826	0.33981980987317634	1.1407076173540833	0.5360900744813608	1	1
regulation of nuclear-transcribed mRNA catabolic process, deadenylation-dependent decay	GO:1900151		20	4	2.8475943532123305	0.33981980987317634	1.1407076173540833	0.31544742885991045	1	1
negative regulation of nuclear-transcribed mRNA catabolic process, deadenylation-dependent decay	GO:1900152		12	2	1.7085566119273985	0.1574982530792216	0.9970009612255251	0.5263347265149944	1	1
positive regulation of nuclear-transcribed mRNA catabolic process, deadenylation-dependent decay	GO:1900153		8	1	1.1390377412849322	-0.13018381937255932	0.7923752068513801	0.7074204375900333	1	1
regulation of protein localization to nucleus	GO:1900180		83	12	11.817516565831172	0.015323764298678997	0.8922505279489853	0.5070287233883688	1	1
negative regulation of protein localization to nucleus	GO:1900181		20	4	2.8475943532123305	0.33981980987317634	1.1407076173540833	0.2813253354967498	1	1
positive regulation of protein localization to nucleus	GO:1900182		55	7	7.83088447133391	-0.11216531386988104	0.8043233293179455	0.683933736080663	1	1
regulation of amyloid-beta clearance	GO:1900221		10	4	1.4237971766061652	1.0329669904331216	1.756382046950204	0.028449910051810343	0.47523939698389417	0.47523939698389417
regulation of NLRP3 inflammasome complex assembly	GO:1900225		34	8	4.840910400460962	0.5023387393709511	1.276526421804185	0.08724734096951528	0.7973479119821224	0.7973479119821225
negative regulation of NLRP3 inflammasome complex assembly	GO:1900226		17	1	2.420455200230481	-0.8839556217489396	0.4022127055642241	0.9144496405462401	1	1
positive regulation of NLRP3 inflammasome complex assembly	GO:1900227		17	7	2.420455200230481	1.0619545273063737	1.783734935837704	0.006166185672458769	0.25078959742641466	0.25078959742641466
positive regulation of RIG-I signaling pathway	GO:1900246		10	1	1.4237971766061652	-0.35332737068676895	0.6545884298137958	0.7490970444220519	1	1
positive regulation of DNA-directed DNA polymerase activity	GO:1900264		9	0	1.281417458945549	-Inf	0	1	1	1
regulation of long-term synaptic potentiation	GO:1900271		5	1	0.7118985883030826	0.33981980987317634	1.1407076173540833	0.5360900744813608	1	1
regulation of post-transcriptional gene silencing by regulatory ncRNA	GO:1900368		22	3	3.132353788533564	-0.043172442382929624	0.8511778531306146	0.6246198083391434	1	1
negative regulation of post-transcriptional gene silencing by regulatory ncRNA	GO:1900369		12	2	1.7085566119273985	0.1574982530792216	0.9970009612255251	0.5263347265149944	1	1
positive regulation of post-transcriptional gene silencing by RNA	GO:1900370		11	1	1.566176894266782	-0.44863755049109394	0.6015547714450307	0.8154912857198441	1	1
regulation of purine nucleotide biosynthetic process	GO:1900371		10	3	1.4237971766061652	0.7452849179813407	1.4905061619474906	0.16036271498144075	0.9728178948861119	0.9728178948861118
positive regulation of purine nucleotide biosynthetic process	GO:1900373		5	3	0.7118985883030826	1.438432098541286	2.145368740123665	0.023031526310023847	0.43514883751704636	0.4351488375170463
regulation of secondary metabolite biosynthetic process	GO:1900376		9	0	1.281417458945549	-Inf	0	1	1	1
positive regulation of secondary metabolite biosynthetic process	GO:1900378		7	0	0.9966580236243158	-Inf	0	1	1	1
regulation of cellular response to oxidative stress	GO:1900407		5	2	0.7118985883030826	1.0329669904331216	1.756382046950204	0.15090142328628167	0.9672449295933598	0.96724492959336
regulation of defense response to bacterium	GO:1900424		12	2	1.7085566119273985	0.1574982530792216	0.9970009612255251	0.4783169302775343	1	1
positive regulation of defense response to bacterium	GO:1900426		10	2	1.4237971766061652	0.33981980987317634	1.1407076173540833	0.37400758293388436	1	1
regulation of purine nucleotide metabolic process	GO:1900542		46	6	6.5494670123883605	-0.08762420495376344	0.8207899149785506	0.6556430970727063	1	1
negative regulation of purine nucleotide metabolic process	GO:1900543		14	0	1.9933160472486315	-Inf	0	1	1	1
positive regulation of purine nucleotide metabolic process	GO:1900544		19	5	2.705214635551714	0.6142566555749365	1.3736510814004799	0.12219140300801425	0.9280301749694909	0.928030174969491
regulation of p38MAPK cascade	GO:1900744		28	3	3.986632094497263	-0.2843344991998177	0.6951578759156496	0.7823610355367351	1	1
positive regulation of p38MAPK cascade	GO:1900745		18	2	2.562834917891098	-0.24796685502894292	0.7172787766977757	0.7489064944214678	1	1
regulation of vascular endothelial growth factor signaling pathway	GO:1900746		22	2	3.132353788533564	-0.44863755049109394	0.6015547714450307	0.8416248990801791	1	1
negative regulation of vascular endothelial growth factor signaling pathway	GO:1900747		9	2	1.281417458945549	0.4451803255310024	1.2280073011830346	0.37400758293388436	1	1
positive regulation of vascular endothelial growth factor signaling pathway	GO:1900748		12	0	1.7085566119273985	-Inf	0	1	1	1
mitochondrial RNA modification	GO:1900864		10	0	1.4237971766061652	-Inf	0	1	1	1
regulation of potassium ion transmembrane transporter activity	GO:1901016		13	2	1.850936329588015	0.0774555454056851	0.937189140297217	0.4783169302775343	1	1
negative regulation of potassium ion transmembrane transporter activity	GO:1901017		7	2	0.9966580236243158	0.6964947538119086	1.446630636471521	0.2621772575015677	1	1
positive regulation of potassium ion transmembrane transporter activity	GO:1901018		6	0	0.8542783059636992	-Inf	0	1	1	1
regulation of calcium ion transmembrane transporter activity	GO:1901019		25	4	3.5594929415154133	0.11667625855896654	0.966232617868278	0.48536718541514257	1	1
negative regulation of calcium ion transmembrane transporter activity	GO:1901020		11	1	1.566176894266782	-0.44863755049109394	0.6015547714450307	0.8154912857198441	1	1
positive regulation of calcium ion transmembrane transporter activity	GO:1901021		9	3	1.281417458945549	0.8506454336391668	1.5865667097058858	0.12490602485745164	0.9280301749694909	0.928030174969491
regulation of mitochondrial outer membrane permeabilization involved in apoptotic signaling pathway	GO:1901028		15	2	2.135695764909248	-0.06564529823498817	0.835725121529455	0.6515517098503079	1	1
negative regulation of mitochondrial outer membrane permeabilization involved in apoptotic signaling pathway	GO:1901029		8	1	1.1390377412849322	-0.13018381937255932	0.7923752068513801	0.7074204375900333	1	1
positive regulation of mitochondrial outer membrane permeabilization involved in apoptotic signaling pathway	GO:1901030		5	1	0.7118985883030826	0.33981980987317634	1.1407076173540833	0.5360900744813608	1	1
glucosamine-containing compound metabolic process	GO:1901071		12	1	1.7085566119273985	-0.5356489274807237	0.5561697644022129	0.8417782456475578	1	1
regulation of relaxation of muscle	GO:1901077		8	1	1.1390377412849322	-0.13018381937255932	0.7923752068513801	0.7074204375900333	1	1
regulation of autophagosome maturation	GO:1901096		16	6	2.2780754825698644	0.9684284692955504	1.6958091564460576	0.01845808979022611	0.4134473689518601	0.41344736895186013
negative regulation of autophagosome maturation	GO:1901097		5	2	0.7118985883030826	1.0329669904331216	1.756382046950204	0.15090142328628167	0.9672449295933598	0.96724492959336
positive regulation of autophagosome maturation	GO:1901098		7	2	0.9966580236243158	0.6964947538119086	1.446630636471521	0.2621772575015677	1	1
negative regulation of signal transduction in absence of ligand	GO:1901099		19	1	2.705214635551714	-0.9951812568591639	0.36171688738970265	0.9460619965707682	1	1
carbohydrate derivative catabolic process	GO:1901136		124	27	17.65508498991645	0.4248130227065689	1.210909241001271	0.011889121875847111	0.32885915310240743	0.3288591531024075
insulin metabolic process	GO:1901142		9	0	1.281417458945549	-Inf	0	1	1	1
regulation of trophoblast cell migration	GO:1901163		15	4	2.135695764909248	0.6275018823249572	1.3853179128298705	0.15441554072110325	0.9672449295933598	0.96724492959336
negative regulation of trophoblast cell migration	GO:1901164		6	1	0.8542783059636992	0.1574982530792216	0.9970009612255251	0.6021604736719404	1	1
positive regulation of trophoblast cell migration	GO:1901165		7	2	0.9966580236243158	0.6964947538119086	1.446630636471521	0.2621772575015677	1	1
regulation of ERBB signaling pathway	GO:1901184		50	9	7.118985883030827	0.23445929421535003	1.0564485718482843	0.27675781408383826	1	1
negative regulation of ERBB signaling pathway	GO:1901185		23	7	3.2747335061941802	0.7596736554334403	1.5035222772603736	0.036018714146362145	0.5440719826127625	0.5440719826127625
positive regulation of ERBB signaling pathway	GO:1901186		21	3	2.989974070872947	0.00334757325196334	0.8837426586622106	0.5918530548890248	1	1
regulation of extracellular matrix assembly	GO:1901201		8	1	1.1390377412849322	-0.13018381937255932	0.7923752068513801	0.7074204375900333	1	1
positive regulation of extracellular matrix assembly	GO:1901203		6	1	0.8542783059636992	0.1574982530792216	0.9970009612255251	0.6021604736719404	1	1
regulation of non-canonical NF-kappaB signal transduction	GO:1901222		61	11	8.685162777297608	0.23627913093233605	1.0578763708562307	0.16520825520213944	0.9955284768641433	0.9955284768641434
negative regulation of non-canonical NF-kappaB signal transduction	GO:1901223		21	6	2.989974070872947	0.6964947538119086	1.446630636471521	0.03331065151006013	0.5204667191953091	0.5204667191953091
positive regulation of non-canonical NF-kappaB signal transduction	GO:1901224		40	6	5.695188706424661	0.05213773742139535	0.9187167652206437	0.48739536701780906	1	1
regulation of macrophage colony-stimulating factor production	GO:1901256		5	1	0.7118985883030826	0.33981980987317634	1.1407076173540833	0.5360900744813608	1	1
carbohydrate derivative transport	GO:1901264		60	3	8.542783059636992	-1.0464745512467144	0.3443290775615406	0.9941173623978325	1	1
nucleoside phosphate catabolic process	GO:1901292		67	11	9.539441083261307	0.1424603757146812	0.9856035886804185	0.3169084570617098	1	1
nucleoside phosphate biosynthetic process	GO:1901293		149	17	21.214577931431865	-0.22147523958196658	0.7337109721606176	0.8541446290429421	1	1
regulation of hydrogen peroxide-mediated programmed cell death	GO:1901298		6	1	0.8542783059636992	0.1574982530792216	0.9970009612255251	0.6021604736719404	1	1
negative regulation of hydrogen peroxide-mediated programmed cell death	GO:1901299		6	1	0.8542783059636992	0.1574982530792216	0.9970009612255251	0.6021604736719404	1	1
regulation of flagellated sperm motility	GO:1901317		11	0	1.566176894266782	-Inf	0	1	1	1
lactone metabolic process	GO:1901334		10	3	1.4237971766061652	0.7452849179813407	1.4905061619474906	0.16036271498144075	0.9728178948861119	0.9728178948861118
regulation of store-operated calcium channel activity	GO:1901339		7	3	0.9966580236243158	1.101959861920073	1.8216227766169788	0.06464013109570181	0.6615082771291728	0.6615082771291728
positive regulation of store-operated calcium channel activity	GO:1901341		6	2	0.8542783059636992	0.8506454336391669	1.586566709705886	0.205738078528463	1	1
regulation of vasculature development	GO:1901342		195	19	27.764044943820224	-0.37930285709002975	0.6397888265142434	0.9733217331773266	1	1
negative regulation of vasculature development	GO:1901343		80	7	11.390377412849322	-0.48685876331129163	0.5812645708821407	0.9452298308983973	1	1
regulation of potassium ion transmembrane transport	GO:1901379		42	6	5.979948141745894	0.00334757325196334	0.8837426586622106	0.5133057205948932	1	1
negative regulation of potassium ion transmembrane transport	GO:1901380		15	4	2.135695764909248	0.6275018823249572	1.3853179128298705	0.15441554072110325	0.9672449295933598	0.96724492959336
positive regulation of potassium ion transmembrane transport	GO:1901381		21	0	2.989974070872947	-Inf	0	1	1	1
regulation of voltage-gated calcium channel activity	GO:1901385		9	0	1.281417458945549	-Inf	0	1	1	1
negative regulation of voltage-gated calcium channel activity	GO:1901386		6	0	0.8542783059636992	-Inf	0	1	1	1
pyruvate transmembrane transport	GO:1901475		5	1	0.7118985883030826	0.33981980987317634	1.1407076173540833	0.5360900744813608	1	1
ether biosynthetic process	GO:1901503		8	3	1.1390377412849322	0.9684284692955504	1.6958091564460576	0.0927539865889046	0.8048939983039493	0.8048939983039493
regulation of endothelial tube morphogenesis	GO:1901509		5	0	0.7118985883030826	-Inf	0	1	1	1
icosanoid catabolic process	GO:1901523		6	2	0.8542783059636992	0.8506454336391669	1.586566709705886	0.205738078528463	1	1
regulation of mitophagy	GO:1901524		25	3	3.5594929415154133	-0.17100581389281447	0.7657544667455077	0.7117289146581616	1	1
negative regulation of mitophagy	GO:1901525		5	2	0.7118985883030826	1.0329669904331216	1.756382046950204	0.15090142328628167	0.9672449295933598	0.96724492959336
positive regulation of mitophagy	GO:1901526		16	2	2.2780754825698644	-0.13018381937255932	0.7923752068513801	0.68697509542795	1	1
regulation of hematopoietic progenitor cell differentiation	GO:1901532		13	1	1.850936329588015	-0.6156916351542602	0.5169348319376487	0.8643214016762081	1	1
negative regulation of hematopoietic progenitor cell differentiation	GO:1901533		6	0	0.8542783059636992	-Inf	0	1	1	1
regulation of endothelial cell development	GO:1901550		16	1	2.2780754825698644	-0.8233309999325046	0.4259677696783408	0.9144496405462401	1	1
positive regulation of endothelial cell development	GO:1901552		6	0	0.8542783059636992	-Inf	0	1	1	1
fatty acid derivative metabolic process	GO:1901568		56	12	7.973264188994526	0.40881268136012766	1.1975499993590397	0.06597060144267594	0.6615082771291728	0.6615082771291728
fatty acid derivative catabolic process	GO:1901569		10	2	1.4237971766061652	0.33981980987317634	1.1407076173540833	0.4274187999219954	1	1
fatty acid derivative biosynthetic process	GO:1901570		40	9	5.695188706424661	0.4576028455295598	1.2384858872570188	0.07086882200281357	0.6970279179718909	0.6970279179718909
alpha-amino acid metabolic process	GO:1901605		129	3	18.366983578219536	-1.811942393386286	0.16261887635326763	0.999998829228602	1	1
alpha-amino acid catabolic process	GO:1901606		66	1	9.397061365600692	-2.240397019719149	0.10621641299197236	0.9999384181196855	1	1
alpha-amino acid biosynthetic process	GO:1901607		30	1	4.271391529818496	-1.4519396593548788	0.23202817802607137	0.988415759891752	1	1
regulation of lymphocyte chemotaxis	GO:1901623		17	2	2.420455200230481	-0.19080844118899426	0.7530665813565736	0.7193796243190151	1	1
nucleoside transmembrane transport	GO:1901642		6	0	0.8542783059636992	-Inf	0	1	1	1
response to ketone	GO:1901654		51	7	7.261365600691443	-0.03665776136173583	0.855691604083227	0.5808009122536548	1	1
cellular response to ketone	GO:1901655		34	4	4.840910400460962	-0.19080844118899426	0.7530665813565736	0.710872877710236	1	1
glycosyl compound metabolic process	GO:1901657		49	8	6.97660616537021	0.13687896587648585	0.9813919949984321	0.37426514432058616	1	1
glycosyl compound catabolic process	GO:1901658		20	6	2.8475943532123305	0.7452849179813407	1.4905061619474906	0.042988293771354456	0.5497782877825336	0.5497782877825336
glycosyl compound biosynthetic process	GO:1901659		11	1	1.566176894266782	-0.44863755049109394	0.6015547714450307	0.8154912857198441	1	1
quinone metabolic process	GO:1901661		19	0	2.705214635551714	-Inf	0	1	1	1
quinone biosynthetic process	GO:1901663		16	0	2.2780754825698644	-Inf	0	1	1	1
regulation of mitotic spindle assembly	GO:1901673		23	4	3.2747335061941802	0.2000578674980176	1.029647840225027	0.34987809677918136	1	1
iron coordination entity transport	GO:1901678		6	0	0.8542783059636992	-Inf	0	1	1	1
nucleotide transmembrane transport	GO:1901679		17	0	2.420455200230481	-Inf	0	1	1	1
regulation of cell proliferation involved in kidney development	GO:1901722		5	0	0.7118985883030826	-Inf	0	1	1	1
positive regulation of platelet aggregation	GO:1901731		10	3	1.4237971766061652	0.7452849179813407	1.4905061619474906	0.16036271498144075	0.9728178948861119	0.9728178948861118
regulation of signal transduction by p53 class mediator	GO:1901796		90	10	12.814174589455488	-0.24796685502894278	0.7172787766977758	0.832355106049795	1	1
negative regulation of signal transduction by p53 class mediator	GO:1901797		30	4	4.271391529818496	-0.06564529823498817	0.835725121529455	0.635682557083933	1	1
positive regulation of signal transduction by p53 class mediator	GO:1901798		26	1	3.70187265917603	-1.3088388157142055	0.2669515969960966	0.981621100670107	1	1
negative regulation of proteasomal protein catabolic process	GO:1901799		41	7	5.837568424085278	0.18159580465828198	1.0154156788777262	0.36516104810679895	1	1
positive regulation of proteasomal protein catabolic process	GO:1901800		75	13	10.678478824546241	0.19671896623250285	1.0270660407063474	0.24911883237631402	1	1
regulation of transcription of nucleolar large rRNA by RNA polymerase I	GO:1901836		14	2	1.9933160472486315	0.00334757325196334	0.8837426586622106	0.613000699683637	1	1
positive regulation of transcription of nucleolar large rRNA by RNA polymerase I	GO:1901838		10	1	1.4237971766061652	-0.35332737068676895	0.6545884298137958	0.7848390715887252	1	1
regulation of cell communication by electrical coupling involved in cardiac conduction	GO:1901844		8	2	1.1390377412849322	0.562963361187386	1.3288054702420249	0.3186516811391211	1	1
positive regulation of cellular respiration	GO:1901857		12	4	1.7085566119273985	0.8506454336391669	1.586566709705886	0.07882500601757823	0.7437657096191486	0.7437657096191486
regulation of mitochondrial DNA metabolic process	GO:1901858		6	0	0.8542783059636992	-Inf	0	1	1	1
regulation of muscle tissue development	GO:1901861		10	1	1.4237971766061652	-0.35332737068676895	0.6545884298137958	0.7490970444220519	1	1
negative regulation of muscle tissue development	GO:1901862		5	0	0.7118985883030826	-Inf	0	1	1	1
regulation of post-translational protein modification	GO:1901873		171	35	24.346931719965426	0.36294222729403053	1.1596170327020008	0.014550071420322983	0.36588877389917035	0.36588877389917035
negative regulation of post-translational protein modification	GO:1901874		64	8	9.112301930279457	-0.13018381937255932	0.7923752068513801	0.7081775155746591	1	1
positive regulation of post-translational protein modification	GO:1901875		102	23	14.522731201382886	0.45977912495215517	1.2403254655920544	0.013791929917125162	0.35204682616971095	0.35204682616971095
regulation of protein depolymerization	GO:1901879		33	9	4.698530682800346	0.6499747381770157	1.405190961529407	0.0368953041045768	0.5440719826127625	0.5440719826127625
negative regulation of protein depolymerization	GO:1901880		20	4	2.8475943532123305	0.33981980987317634	1.1407076173540833	0.31544742885991045	1	1
positive regulation of protein depolymerization	GO:1901881		12	3	1.7085566119273985	0.5629633611873859	1.3288054702420247	0.23822794909023526	1	1
regulation of cell junction assembly	GO:1901888		96	13	13.668452895419188	-0.05014111169902301	0.8463665025049211	0.5739233561061581	1	1
negative regulation of cell junction assembly	GO:1901889		17	3	2.420455200230481	0.21465666691917012	1.0409768694321027	0.44394112874496316	1	1
positive regulation of cell junction assembly	GO:1901890		34	2	4.840910400460962	-0.8839556217489396	0.4022127055642241	0.9593734932548861	1	1
positive regulation of mitotic sister chromatid separation	GO:1901970		11	4	1.566176894266782	0.9376568106287967	1.667097955851661	0.05899071940642686	0.6444853879168564	0.6444853879168564
regulation of cell cycle checkpoint	GO:1901976		26	1	3.70187265917603	-1.3088388157142055	0.2669515969960966	0.981621100670107	1	1
negative regulation of cell cycle checkpoint	GO:1901977		7	0	0.9966580236243158	-Inf	0	1	1	1
positive regulation of cell cycle checkpoint	GO:1901978		10	1	1.4237971766061652	-0.35332737068676895	0.6545884298137958	0.7848390715887252	1	1
regulation of protein acetylation	GO:1901983		8	2	1.1390377412849322	0.562963361187386	1.3288054702420249	0.3186516811391211	1	1
positive regulation of protein acetylation	GO:1901985		5	1	0.7118985883030826	0.33981980987317634	1.1407076173540833	0.5360900744813608	1	1
negative regulation of cell cycle phase transition	GO:1901988		147	15	20.92981849611063	-0.33312466336924973	0.6662784984811272	0.9253524755183729	1	1
positive regulation of cell cycle phase transition	GO:1901989		73	12	10.393719389225007	0.14370493094688583	0.9865440781255366	0.2895740622736869	1	1
negative regulation of mitotic cell cycle phase transition	GO:1901991		105	9	14.949870354364736	-0.5074780505140273	0.5705493311396148	0.9691373222620789	1	1
positive regulation of mitotic cell cycle phase transition	GO:1901992		57	11	8.115643906655142	0.3041017272710969	1.1117866397077532	0.15100805243233417	0.9672449295933598	0.96724492959336
fatty acid transmembrane transport	GO:1902001		11	0	1.566176894266782	-Inf	0	1	1	1
regulation of amyloid-beta formation	GO:1902003		29	3	4.12901181215788	-0.3194258190110878	0.6742945458589694	0.802482369576544	1	1
positive regulation of amyloid-beta formation	GO:1902004		14	1	1.9933160472486315	-0.689799607307982	0.48271091085741513	0.8836537633679444	1	1
regulation of cilium assembly	GO:1902017		75	9	10.678478824546241	-0.17100581389281458	0.7657544667455077	0.7293641665242642	1	1
negative regulation of cilium assembly	GO:1902018		22	3	3.132353788533564	-0.043172442382929624	0.8511778531306146	0.6246198083391434	1	1
regulation of cilium-dependent cell motility	GO:1902019		13	0	1.850936329588015	-Inf	0	1	1	1
L-lysine transport	GO:1902022		6	0	0.8542783059636992	-Inf	0	1	1	1
regulation of NADP metabolic process	GO:1902031		5	0	0.7118985883030826	-Inf	0	1	1	1
regulation of hematopoietic stem cell proliferation	GO:1902033		5	0	0.7118985883030826	-Inf	0	1	1	1
regulation of hematopoietic stem cell differentiation	GO:1902036		7	1	0.9966580236243158	0.00334757325196334	0.8837426586622106	0.6588243430336695	1	1
regulation of extrinsic apoptotic signaling pathway via death domain receptors	GO:1902041		29	5	4.12901181215788	0.19139980475490292	1.0229601810206947	0.3979842886881966	1	1
negative regulation of extrinsic apoptotic signaling pathway via death domain receptors	GO:1902042		19	4	2.705214635551714	0.39111310426072676	1.182848131081555	0.2813253354967498	1	1
positive regulation of flagellated sperm motility	GO:1902093		8	0	1.1390377412849322	-Inf	0	1	1	1
regulation of metaphase/anaphase transition of cell cycle	GO:1902099		49	9	6.97660616537021	0.2546620015328694	1.0723548206142968	0.2567736291358586	1	1
negative regulation of metaphase/anaphase transition of cell cycle	GO:1902100		23	2	3.2747335061941802	-0.4930893130619277	0.5780097290510103	0.8593481172122572	1	1
positive regulation of metaphase/anaphase transition of cell cycle	GO:1902101		11	4	1.566176894266782	0.9376568106287967	1.667097955851661	0.05899071940642686	0.6444853879168564	0.6444853879168564
regulation of leukocyte differentiation	GO:1902105		117	19	16.658426966292136	0.13152276667596072	0.9773598758479624	0.29071593622073705	1	1
negative regulation of leukocyte differentiation	GO:1902106		46	5	6.5494670123883605	-0.2699457617477181	0.7038493349644145	0.8033880958168196	1	1
positive regulation of leukocyte differentiation	GO:1902107		70	15	9.966580236243157	0.40881268136012766	1.1975499993590397	0.05902944243682919	0.6444853879168564	0.6444853879168564
regulation of mitochondrial membrane permeability involved in apoptotic process	GO:1902108		11	1	1.566176894266782	-0.44863755049109394	0.6015547714450307	0.7848390715887252	1	1
positive regulation of mitochondrial membrane permeability involved in apoptotic process	GO:1902110		8	1	1.1390377412849322	-0.13018381937255932	0.7923752068513801	0.6588243430336695	1	1
regulation of organelle assembly	GO:1902115		191	37	27.194526073177762	0.307902206904871	1.1148469050646128	0.02059479357245533	0.432004173834811	0.43200417383481104
negative regulation of organelle assembly	GO:1902116		41	8	5.837568424085278	0.31512719728280464	1.1206759379449782	0.22112794252710471	1	1
positive regulation of organelle assembly	GO:1902117		66	10	9.397061365600692	0.06218807327489656	0.9260234985551345	0.46871657478228856	1	1
regulation of intrinsic apoptotic signaling pathway in response to DNA damage by p53 class mediator	GO:1902165		13	2	1.850936329588015	0.0774555454056851	0.937189140297217	0.571260373303752	1	1
negative regulation of intrinsic apoptotic signaling pathway in response to DNA damage by p53 class mediator	GO:1902166		12	2	1.7085566119273985	0.1574982530792216	0.9970009612255251	0.5263347265149944	1	1
regulation of keratinocyte apoptotic process	GO:1902172		5	1	0.7118985883030826	0.33981980987317634	1.1407076173540833	0.5360900744813608	1	1
regulation of oxidative stress-induced intrinsic apoptotic signaling pathway	GO:1902175		24	4	3.417113223854797	0.1574982530792216	0.9970009612255251	0.45229031950387566	1	1
negative regulation of oxidative stress-induced intrinsic apoptotic signaling pathway	GO:1902176		17	3	2.420455200230481	0.21465666691917012	1.0409768694321027	0.44394112874496316	1	1
erythrose 4-phosphate/phosphoenolpyruvate family amino acid metabolic process	GO:1902221		19	0	2.705214635551714	-Inf	0	1	1	1
erythrose 4-phosphate/phosphoenolpyruvate family amino acid catabolic process	GO:1902222		12	0	1.7085566119273985	-Inf	0	1	1	1
ketone body metabolic process	GO:1902224		7	0	0.9966580236243158	-Inf	0	1	1	1
regulation of intrinsic apoptotic signaling pathway in response to DNA damage	GO:1902229		28	3	3.986632094497263	-0.2843344991998177	0.6951578759156496	0.7823610355367351	1	1
negative regulation of intrinsic apoptotic signaling pathway in response to DNA damage	GO:1902230		24	3	3.417113223854797	-0.13018381937255943	0.7923752068513801	0.6845655071489992	1	1
regulation of endoplasmic reticulum stress-induced intrinsic apoptotic signaling pathway	GO:1902235		22	5	3.132353788533564	0.46765318138306106	1.2469908106856926	0.19484325861326873	1	1
negative regulation of endoplasmic reticulum stress-induced intrinsic apoptotic signaling pathway	GO:1902236		14	3	1.9933160472486315	0.40881268136012766	1.1975499993590397	0.32081841502444297	1	1
positive regulation of endoplasmic reticulum stress-induced intrinsic apoptotic signaling pathway	GO:1902237		6	1	0.8542783059636992	0.1574982530792216	0.9970009612255251	0.6021604736719404	1	1
regulation of intrinsic apoptotic signaling pathway by p53 class mediator	GO:1902253		23	3	3.2747335061941802	-0.08762420495376344	0.8207899149785506	0.6555311086933588	1	1
negative regulation of intrinsic apoptotic signaling pathway by p53 class mediator	GO:1902254		16	2	2.2780754825698644	-0.13018381937255932	0.7923752068513801	0.68697509542795	1	1
positive regulation of intrinsic apoptotic signaling pathway by p53 class mediator	GO:1902255		7	1	0.9966580236243158	0.00334757325196334	0.8837426586622106	0.6588243430336695	1	1
regulation of delayed rectifier potassium channel activity	GO:1902259		6	2	0.8542783059636992	0.8506454336391669	1.586566709705886	0.205738078528463	1	1
negative regulation of delayed rectifier potassium channel activity	GO:1902260		6	2	0.8542783059636992	0.8506454336391669	1.586566709705886	0.205738078528463	1	1
regulation of chromatin organization	GO:1902275		19	1	2.705214635551714	-0.9951812568591639	0.36171688738970265	0.9266415165604416	1	1
regulation of sodium ion transmembrane transport	GO:1902305		27	2	3.8442523768366463	-0.6534319631371072	0.4992566297591072	0.9021560783706045	1	1
negative regulation of sodium ion transmembrane transport	GO:1902306		8	1	1.1390377412849322	-0.13018381937255932	0.7923752068513801	0.7074204375900333	1	1
positive regulation of sodium ion transmembrane transport	GO:1902307		9	1	1.281417458945549	-0.24796685502894292	0.7172787766977757	0.7490970444220519	1	1
sulfate transmembrane transport	GO:1902358		9	0	1.281417458945549	-Inf	0	1	1	1
negative regulation of RNA catabolic process	GO:1902369		61	12	8.685162777297608	0.32329050792196573	1.127279619734965	0.13789009777575822	0.9672449295933598	0.96724492959336
negative regulation of mRNA catabolic process	GO:1902373		53	11	7.546125036012676	0.37686108155352527	1.1710690376903972	0.11243032289757318	0.920167066664009	0.920167066664009
mitotic cytokinetic process	GO:1902410		25	9	3.5594929415154133	0.9276064747752953	1.657745700152735	0.002924156550978916	0.15579906103615665	0.15579906103615665
regulation of mitotic cytokinesis	GO:1902412		10	0	1.4237971766061652	-Inf	0	1	1	1
protein localization to cell junction	GO:1902414		21	2	2.989974070872947	-0.4021175348562011	0.6270041687017212	0.8218971635582669	1	1
regulation of attachment of mitotic spindle microtubules to kinetochore	GO:1902423		7	2	0.9966580236243158	0.6964947538119086	1.446630636471521	0.2621772575015677	1	1
positive regulation of attachment of mitotic spindle microtubules to kinetochore	GO:1902425		5	0	0.7118985883030826	-Inf	0	1	1	1
negative regulation of amyloid-beta formation	GO:1902430		14	2	1.9933160472486315	0.00334757325196334	0.8837426586622106	0.613000699683637	1	1
regulation of mesenchymal stem cell proliferation	GO:1902460		6	1	0.8542783059636992	0.1574982530792216	0.9970009612255251	0.6021604736719404	1	1
positive regulation of mesenchymal stem cell proliferation	GO:1902462		6	1	0.8542783059636992	0.1574982530792216	0.9970009612255251	0.6021604736719404	1	1
regulation of protein localization to synapse	GO:1902473		9	1	1.281417458945549	-0.24796685502894292	0.7172787766977757	0.7490970444220519	1	1
positive regulation of protein localization to synapse	GO:1902474		5	0	0.7118985883030826	-Inf	0	1	1	1
L-alpha-amino acid transmembrane transport	GO:1902475		32	2	4.556150965139729	-0.8233309999325046	0.4259677696783408	0.9475704527405686	1	1
chloride transmembrane transport	GO:1902476		32	1	4.556150965139729	-1.5164781804924499	0.21775845175340564	0.9900678814032076	1	1
regulation of protein autoubiquitination	GO:1902498		6	2	0.8542783059636992	0.8506454336391669	1.586566709705886	0.205738078528463	1	1
regulation of calcium ion transmembrane transport via high voltage-gated calcium channel	GO:1902514		6	2	0.8542783059636992	0.8506454336391669	1.586566709705886	0.205738078528463	1	1
positive regulation of protein K63-linked ubiquitination	GO:1902523		8	6	1.1390377412849322	1.6615756498554957	2.3636132188518615	1.7904247047788844e-4	0.02944497050954449	0.029444970509544487
regulation of protein monoubiquitination	GO:1902525		5	2	0.7118985883030826	1.0329669904331216	1.756382046950204	0.15090142328628167	0.9672449295933598	0.96724492959336
positive regulation of protein monoubiquitination	GO:1902527		5	2	0.7118985883030826	1.0329669904331216	1.756382046950204	0.15090142328628167	0.9672449295933598	0.96724492959336
regulation of cellular response to vascular endothelial growth factor stimulus	GO:1902547		24	2	3.417113223854797	-0.5356489274807237	0.5561697644022129	0.8752374453998263	1	1
negative regulation of cellular response to vascular endothelial growth factor stimulus	GO:1902548		11	2	1.566176894266782	0.24450963006885137	1.0643462602905969	0.4783169302775343	1	1
regulation of neutrophil activation	GO:1902563		9	2	1.281417458945549	0.4451803255310024	1.2280073011830346	0.37400758293388436	1	1
negative regulation of neutrophil activation	GO:1902564		7	2	0.9966580236243158	0.6964947538119086	1.446630636471521	0.2621772575015677	1	1
protein localization to nucleolus	GO:1902570		10	0	1.4237971766061652	-Inf	0	1	1	1
proton transmembrane transport	GO:1902600		27	4	3.8442523768366463	0.03971521742283816	0.9097334253818503	0.48536718541514257	1	1
carnitine transmembrane transport	GO:1902603		5	0	0.7118985883030826	-Inf	0	1	1	1
regulation of neutrophil migration	GO:1902622		21	5	2.989974070872947	0.5141731970179539	1.286667453230158	0.16911709020301047	1	1
positive regulation of neutrophil migration	GO:1902624		15	4	2.135695764909248	0.6275018823249572	1.3853179128298705	0.15441554072110325	0.9672449295933598	0.96724492959336
tertiary alcohol metabolic process	GO:1902644		14	0	1.9933160472486315	-Inf	0	1	1	1
secondary alcohol metabolic process	GO:1902652		63	10	8.969922212618842	0.10870808890978956	0.9602905432253827	0.3275142199722376	1	1
secondary alcohol biosynthetic process	GO:1902653		24	8	3.417113223854797	0.8506454336391669	1.586566709705886	0.011162272418537046	0.32147344565386693	0.32147344565386693
calcium ion import into cytosol	GO:1902656		8	0	1.1390377412849322	-Inf	0	1	1	1
mitochondrial outer membrane permeabilization involved in programmed cell death	GO:1902686		10	1	1.4237971766061652	-0.35332737068676895	0.6545884298137958	0.7490970444220519	1	1
regulation of lamellipodium organization	GO:1902743		35	7	4.9832901181215785	0.33981980987317617	1.1407076173540833	0.20145335008749105	1	1
positive regulation of lamellipodium organization	GO:1902745		25	6	3.5594929415154133	0.5221413666671308	1.2935132983402626	0.13452909785540595	0.9672449295933598	0.96724492959336
regulation of cell cycle G2/M phase transition	GO:1902749		81	8	11.532757130509939	-0.36574989068532626	0.6474782731445089	0.906166813663995	1	1
negative regulation of cell cycle G2/M phase transition	GO:1902750		48	4	6.834226447709594	-0.5356489274807237	0.5561697644022129	0.9253850549150552	1	1
positive regulation of cell cycle G2/M phase transition	GO:1902751		22	5	3.132353788533564	0.46765318138306106	1.2469908106856926	0.19484325861326873	1	1
late endosome to lysosome transport	GO:1902774		15	4	2.135695764909248	0.6275018823249572	1.3853179128298705	0.10150888213493482	0.8437430951871026	0.8437430951871024
mitochondrial large ribosomal subunit assembly	GO:1902775		8	0	1.1390377412849322	-Inf	0	1	1	1
regulation of cell cycle G1/S phase transition	GO:1902806		111	11	15.804148660328435	-0.362377206206687	0.6494027904548825	0.9043900562702808	1	1
negative regulation of cell cycle G1/S phase transition	GO:1902807		45	4	6.407087294727744	-0.4711104063431525	0.589557328509197	0.8791099287205876	1	1
positive regulation of cell cycle G1/S phase transition	GO:1902808		38	4	5.410429271103428	-0.3020340762992186	0.6845755406169421	0.7542976239709301	1	1
microtubule cytoskeleton organization involved in mitosis	GO:1902850		91	16	12.956554307116106	0.21098693803020768	1.0381228849068174	0.21766280426025278	1	1
regulation of non-motile cilium assembly	GO:1902855		5	0	0.7118985883030826	-Inf	0	1	1	1
regulation of response to oxidative stress	GO:1902882		12	3	1.7085566119273985	0.5629633611873859	1.3288054702420247	0.23822794909023526	1	1
negative regulation of response to oxidative stress	GO:1902883		5	1	0.7118985883030826	0.33981980987317634	1.1407076173540833	0.5360900744813608	1	1
regulation of miRNA transcription	GO:1902893		63	7	8.969922212618842	-0.24796685502894278	0.7172787766977758	0.7982955402849075	1	1
negative regulation of miRNA transcription	GO:1902894		22	2	3.132353788533564	-0.44863755049109394	0.6015547714450307	0.8416248990801791	1	1
positive regulation of miRNA transcription	GO:1902895		46	6	6.5494670123883605	-0.08762420495376344	0.8207899149785506	0.6337664409460583	1	1
negative regulation of autophagosome assembly	GO:1902902		10	5	1.4237971766061652	1.2561105417473313	1.968939649300815	0.00786415327730995	0.27881483221538467	0.27881483221538467
negative regulation of supramolecular fiber organization	GO:1902904		74	9	10.536099106885624	-0.15758279356067384	0.7744388926612147	0.7293641665242642	1	1
positive regulation of supramolecular fiber organization	GO:1902905		110	16	15.66176894266782	0.02136607875464152	0.8965620952196982	0.5046946070668914	1	1
regulation of protein polyubiquitination	GO:1902914		21	7	2.989974070872947	0.8506454336391669	1.586566709705886	0.02204016081002861	0.43514883751704636	0.4351488375170463
positive regulation of protein polyubiquitination	GO:1902916		14	7	1.9933160472486315	1.2561105417473313	1.968939649300815	0.0016070975441171982	0.10977712455200553	0.10977712455200553
regulation of alcohol biosynthetic process	GO:1902930		33	4	4.698530682800346	-0.16095547803931307	0.7722504597000864	0.6871513673515413	1	1
negative regulation of alcohol biosynthetic process	GO:1902931		9	2	1.281417458945549	0.4451803255310024	1.2280073011830346	0.3186516811391211	1	1
positive regulation of alcohol biosynthetic process	GO:1902932		17	2	2.420455200230481	-0.19080844118899426	0.7530665813565736	0.7193796243190151	1	1
regulation of dendritic spine maintenance	GO:1902950		5	1	0.7118985883030826	0.33981980987317634	1.1407076173540833	0.5360900744813608	1	1
regulation of protein localization to early endosome	GO:1902965		8	2	1.1390377412849322	0.562963361187386	1.3288054702420249	0.3186516811391211	1	1
positive regulation of protein localization to early endosome	GO:1902966		8	2	1.1390377412849322	0.562963361187386	1.3288054702420249	0.3186516811391211	1	1
regulation of amyloid precursor protein catabolic process	GO:1902991		36	6	5.125669835782196	0.1574982530792214	0.9970009612255248	0.40749673672329323	1	1
negative regulation of amyloid precursor protein catabolic process	GO:1902992		15	3	2.135695764909248	0.33981980987317617	1.1407076173540833	0.362419133600277	1	1
positive regulation of amyloid precursor protein catabolic process	GO:1902993		18	3	2.562834917891098	0.1574982530792214	0.9970009612255248	0.4831646634993946	1	1
positive regulation of protein deubiquitination	GO:1903003		5	1	0.7118985883030826	0.33981980987317634	1.1407076173540833	0.5360900744813608	1	1
organelle disassembly	GO:1903008		63	9	8.969922212618842	0.00334757325196334	0.8837426586622106	0.5505400032060408	1	1
regulation of glycoprotein metabolic process	GO:1903018		22	6	3.132353788533564	0.6499747381770157	1.405190961529407	0.0816481176081333	0.7639803712102056	0.7639803712102055
negative regulation of glycoprotein metabolic process	GO:1903019		7	2	0.9966580236243158	0.6964947538119086	1.446630636471521	0.2621772575015677	1	1
positive regulation of glycoprotein metabolic process	GO:1903020		11	3	1.566176894266782	0.6499747381770157	1.405190961529407	0.19837721332207095	1	1
regulation of opsonization	GO:1903027		9	1	1.281417458945549	-0.24796685502894292	0.7172787766977757	0.7490970444220519	1	1
positive regulation of opsonization	GO:1903028		7	1	0.9966580236243158	0.00334757325196334	0.8837426586622106	0.6588243430336695	1	1
regulation of response to wounding	GO:1903034		98	14	13.95321233074042	0.00334757325196334	0.8837426586622106	0.5387178622116122	1	1
negative regulation of response to wounding	GO:1903035		53	4	7.546125036012676	-0.6347398301249546	0.5079472484677297	0.9550575368585563	1	1
positive regulation of response to wounding	GO:1903036		43	8	6.122327859406511	0.26749914829355015	1.0825249697675892	0.26272365062499353	1	1
regulation of leukocyte cell-cell adhesion	GO:1903037		182	34	25.91310861423221	0.2716115598466426	1.0857932510645771	0.04963776168969271	0.6105339985471042	0.6105339985471043
negative regulation of leukocyte cell-cell adhesion	GO:1903038		66	9	9.397061365600692	-0.043172442382929624	0.8511778531306146	0.6093213507190851	1	1
positive regulation of leukocyte cell-cell adhesion	GO:1903039		133	28	18.936502448862	0.3911131042607266	1.182848131081555	0.01671927580723241	0.40675936758417486	0.4067593675841748
protein localization to membrane raft	GO:1903044		5	2	0.7118985883030826	1.0329669904331216	1.756382046950204	0.15090142328628167	0.9672449295933598	0.96724492959336
meiotic cell cycle process	GO:1903046		34	3	4.840910400460962	-0.47849051364077516	0.5856593654496636	0.8380440941845854	1	1
regulation of proteolysis involved in protein catabolic process	GO:1903050		161	30	22.923134543359264	0.26905073898496884	1.0837574929293246	0.0627873904014749	0.6615082771291728	0.6615082771291728
negative regulation of proteolysis involved in protein catabolic process	GO:1903051		54	9	7.688504753673293	0.1574982530792216	0.9970009612255251	0.36022202614193655	1	1
positive regulation of proteolysis involved in protein catabolic process	GO:1903052		88	16	12.529415154134256	0.24450963006885137	1.0643462602905969	0.16800164797023417	1	1
regulation of extracellular matrix organization	GO:1903053		35	3	4.9832901181215785	-0.5074780505140273	0.5705493311396148	0.8928405695958253	1	1
negative regulation of extracellular matrix organization	GO:1903054		8	0	1.1390377412849322	-Inf	0	1	1	1
positive regulation of extracellular matrix organization	GO:1903055		17	2	2.420455200230481	-0.19080844118899426	0.7530665813565736	0.7193796243190151	1	1
regulation of protein lipidation	GO:1903059		6	0	0.8542783059636992	-Inf	0	1	1	1
regulation of protein localization to plasma membrane	GO:1903076		72	12	10.251339671564391	0.1574982530792214	0.9970009612255248	0.32472548420269054	1	1
negative regulation of protein localization to plasma membrane	GO:1903077		21	7	2.989974070872947	0.8506454336391669	1.586566709705886	0.02204016081002861	0.43514883751704636	0.4351488375170463
positive regulation of protein localization to plasma membrane	GO:1903078		38	4	5.410429271103428	-0.3020340762992186	0.6845755406169421	0.8097427993868607	1	1
protein localization to condensed chromosome	GO:1903083		11	1	1.566176894266782	-0.44863755049109394	0.6015547714450307	0.8154912857198441	1	1
regulation of mitochondrial transcription	GO:1903108		6	0	0.8542783059636992	-Inf	0	1	1	1
regulation of actin filament-based movement	GO:1903115		22	1	3.132353788533564	-1.1417847310510392	0.31406038381259593	0.9659959678588472	1	1
mononuclear cell differentiation	GO:1903131		83	6	11.817516565831172	-0.6778234162612663	0.48810691142577417	0.9839439653463808	1	1
regulation of establishment of endothelial barrier	GO:1903140		16	1	2.2780754825698644	-0.8233309999325046	0.4259677696783408	0.9144496405462401	1	1
positive regulation of establishment of endothelial barrier	GO:1903142		6	0	0.8542783059636992	-Inf	0	1	1	1
regulation of autophagy of mitochondrion	GO:1903146		30	4	4.271391529818496	-0.06564529823498817	0.835725121529455	0.635682557083933	1	1
negative regulation of autophagy of mitochondrion	GO:1903147		5	2	0.7118985883030826	1.0329669904331216	1.756382046950204	0.15090142328628167	0.9672449295933598	0.96724492959336
regulation of calcium ion transmembrane transport	GO:1903169		88	9	12.529415154134256	-0.33085451483471057	0.6676019119582227	0.8716134525239368	1	1
negative regulation of calcium ion transmembrane transport	GO:1903170		22	4	3.132353788533564	0.24450963006885137	1.0643462602905969	0.3843302830382723	1	1
regulation of protein targeting to mitochondrion	GO:1903214		13	3	1.850936329588015	0.4829206535138495	1.2599567155187015	0.27924366917682547	1	1
melanosome assembly	GO:1903232		5	1	0.7118985883030826	0.33981980987317634	1.1407076173540833	0.5360900744813608	1	1
regulation of leukocyte tethering or rolling	GO:1903236		7	1	0.9966580236243158	0.00334757325196334	0.8837426586622106	0.6588243430336695	1	1
U2-type prespliceosome assembly	GO:1903241		6	1	0.8542783059636992	0.1574982530792216	0.9970009612255251	0.6021604736719404	1	1
positive regulation of tumor necrosis factor-mediated signaling pathway	GO:1903265		11	2	1.566176894266782	0.24450963006885137	1.0643462602905969	0.4783169302775343	1	1
regulation of regulated secretory pathway	GO:1903305		40	12	5.695188706424661	0.7452849179813407	1.4905061619474906	0.00790184678388196	0.27881483221538467	0.27881483221538467
negative regulation of regulated secretory pathway	GO:1903306		9	2	1.281417458945549	0.4451803255310024	1.2280073011830346	0.37400758293388436	1	1
positive regulation of regulated secretory pathway	GO:1903307		21	6	2.989974070872947	0.6964947538119086	1.446630636471521	0.06714055193561742	0.6686445994634946	0.6686445994634946
regulation of mRNA metabolic process	GO:1903311		189	34	26.909766637856524	0.23387123186379566	1.0559874062686183	0.07278512153241982	0.7115580321554731	0.7115580321554731
negative regulation of mRNA metabolic process	GO:1903312		65	11	9.254681647940075	0.17276572521001002	1.0086465510527411	0.2984231182657421	1	1
positive regulation of mRNA metabolic process	GO:1903313		67	13	9.539441083261307	0.30951446037784736	1.1161463760983241	0.12614543973293565	0.9280301749694909	0.928030174969491
regulation of protein maturation	GO:1903317		32	6	4.556150965139729	0.2752812887356051	1.0887138899917574	0.27401906744480875	1	1
negative regulation of protein maturation	GO:1903318		16	3	2.2780754825698644	0.2752812887356051	1.0887138899917574	0.4035880108068125	1	1
positive regulation of protein maturation	GO:1903319		13	2	1.850936329588015	0.0774555454056851	0.937189140297217	0.571260373303752	1	1
regulation of protein modification by small protein conjugation or removal	GO:1903320		167	35	23.777412849322964	0.38661197137993497	1.1791222662410328	0.010156457540137956	0.30746366916963086	0.30746366916963086
negative regulation of protein modification by small protein conjugation or removal	GO:1903321		62	8	8.827542494958225	-0.09843512105797897	0.8135086363960995	0.6731403829015397	1	1
positive regulation of protein modification by small protein conjugation or removal	GO:1903322		101	23	14.38035148372227	0.4696314213951668	1.2486677127813057	0.012258070410934591	0.333266568187983	0.333266568187983
regulation of protein folding	GO:1903332		8	2	1.1390377412849322	0.562963361187386	1.3288054702420249	0.3186516811391211	1	1
positive regulation of bicellular tight junction assembly	GO:1903348		7	0	0.9966580236243158	-Inf	0	1	1	1
response to dopamine	GO:1903350		23	1	3.2747335061941802	-1.186236493621873	0.3008111881356697	0.9537500910835526	1	1
cellular response to dopamine	GO:1903351		23	1	3.2747335061941802	-1.186236493621873	0.3008111881356697	0.9537500910835526	1	1
regulation of Golgi organization	GO:1903358		16	2	2.2780754825698644	-0.13018381937255932	0.7923752068513801	0.68697509542795	1	1
regulation of endoplasmic reticulum tubular network organization	GO:1903371		5	3	0.7118985883030826	1.438432098541286	2.145368740123665	0.023031526310023847	0.43514883751704636	0.4351488375170463
regulation of oxidative stress-induced neuron intrinsic apoptotic signaling pathway	GO:1903376		12	2	1.7085566119273985	0.1574982530792216	0.9970009612255251	0.5263347265149944	1	1
negative regulation of oxidative stress-induced neuron intrinsic apoptotic signaling pathway	GO:1903377		9	2	1.281417458945549	0.4451803255310024	1.2280073011830346	0.37400758293388436	1	1
regulation of adherens junction organization	GO:1903391		5	0	0.7118985883030826	-Inf	0	1	1	1
L-lysine transmembrane transport	GO:1903401		5	0	0.7118985883030826	-Inf	0	1	1	1
reactive oxygen species biosynthetic process	GO:1903409		6	1	0.8542783059636992	0.1574982530792216	0.9970009612255251	0.6021604736719404	1	1
response to bile acid	GO:1903412		7	1	0.9966580236243158	0.00334757325196334	0.8837426586622106	0.6588243430336695	1	1
regulation of reactive oxygen species biosynthetic process	GO:1903426		18	3	2.562834917891098	0.1574982530792214	0.9970009612255248	0.44394112874496316	1	1
negative regulation of reactive oxygen species biosynthetic process	GO:1903427		5	0	0.7118985883030826	-Inf	0	1	1	1
positive regulation of reactive oxygen species biosynthetic process	GO:1903428		7	1	0.9966580236243158	0.00334757325196334	0.8837426586622106	0.6021604736719404	1	1
regulation of cell maturation	GO:1903429		5	1	0.7118985883030826	0.33981980987317634	1.1407076173540833	0.5360900744813608	1	1
regulation of TORC1 signaling	GO:1903432		93	21	13.241313742437338	0.46118066687744363	1.2415107737122146	0.019763423581208913	0.42119808336272435	0.42119808336272435
regulation of mitotic cytokinetic process	GO:1903436		6	0	0.8542783059636992	-Inf	0	1	1	1
positive regulation of mitotic cytokinetic process	GO:1903438		6	0	0.8542783059636992	-Inf	0	1	1	1
positive regulation of mitotic cytokinesis	GO:1903490		7	0	0.9966580236243158	-Inf	0	1	1	1
regulation of mitotic spindle checkpoint	GO:1903504		17	1	2.420455200230481	-0.8839556217489396	0.4022127055642241	0.9266415165604416	1	1
liposaccharide metabolic process	GO:1903509		81	11	11.532757130509939	-0.047296159566791646	0.8483286119006271	0.5985644861308711	1	1
endoplasmic reticulum to cytosol transport	GO:1903513		15	5	2.135695764909248	0.8506454336391669	1.586566709705886	0.05086826702531845	0.6117971257582319	0.6117971257582318
release of sequestered calcium ion into cytosol by endoplasmic reticulum	GO:1903514		6	0	0.8542783059636992	-Inf	0	1	1	1
regulation of blood circulation	GO:1903522		133	14	18.936502448862	-0.30203407629921875	0.684575540616942	0.906156578373214	1	1
negative regulation of blood circulation	GO:1903523		6	3	0.8542783059636992	1.2561105417473313	1.968939649300815	0.04122811280191899	0.5440719826127625	0.5440719826127625
positive regulation of blood circulation	GO:1903524		9	2	1.281417458945549	0.4451803255310024	1.2280073011830346	0.37400758293388436	1	1
negative regulation of secretion by cell	GO:1903531		61	10	8.685162777297608	0.14096895112801108	0.9844772058885628	0.3275142199722376	1	1
positive regulation of secretion by cell	GO:1903532		124	19	17.65508498991645	0.07341513586868029	0.9342265361257946	0.37392855163131106	1	1
regulation of protein targeting	GO:1903533		27	3	3.8442523768366463	-0.24796685502894278	0.7172787766977758	0.7370495801541082	1	1
regulation of exosomal secretion	GO:1903541		17	6	2.420455200230481	0.9078038474791155	1.6393559048870878	0.01845808979022611	0.4134473689518601	0.41344736895186013
positive regulation of exosomal secretion	GO:1903543		13	5	1.850936329588015	0.9937462772798402	1.719515585801776	0.027786284753525677	0.47523939698389417	0.47523939698389417
regulation of extracellular exosome assembly	GO:1903551		6	3	0.8542783059636992	1.2561105417473313	1.968939649300815	0.04122811280191899	0.5440719826127625	0.5440719826127625
regulation of tumor necrosis factor superfamily cytokine production	GO:1903555		100	22	14.237971766061653	0.43512998967750105	1.2195573378380111	0.020687658695078118	0.43225037461716165	0.4322503746171616
negative regulation of tumor necrosis factor superfamily cytokine production	GO:1903556		42	8	5.979948141745894	0.29102964570374423	1.1012919593117916	0.22112794252710471	1	1
positive regulation of tumor necrosis factor superfamily cytokine production	GO:1903557		56	13	7.973264188994526	0.4888553890336641	1.2650116077161853	0.047977421701158804	0.591721534314292	0.5917215343142919
regulation of protein localization to cilium	GO:1903564		6	1	0.8542783059636992	0.1574982530792216	0.9970009612255251	0.6021604736719404	1	1
negative regulation of response to endoplasmic reticulum stress	GO:1903573		34	6	4.840910400460962	0.21465666691917012	1.0409768694321027	0.3535130898218972	1	1
regulation of ATP metabolic process	GO:1903578		39	6	5.5528089887640455	0.0774555454056851	0.937189140297217	0.48739536701780906	1	1
negative regulation of ATP metabolic process	GO:1903579		11	0	1.566176894266782	-Inf	0	1	1	1
positive regulation of ATP metabolic process	GO:1903580		19	5	2.705214635551714	0.6142566555749365	1.3736510814004799	0.12219140300801425	0.9280301749694909	0.928030174969491
regulation of blood vessel endothelial cell proliferation involved in sprouting angiogenesis	GO:1903587		15	2	2.135695764909248	-0.06564529823498817	0.835725121529455	0.6515517098503079	1	1
negative regulation of blood vessel endothelial cell proliferation involved in sprouting angiogenesis	GO:1903588		7	2	0.9966580236243158	0.6964947538119086	1.446630636471521	0.2621772575015677	1	1
positive regulation of blood vessel endothelial cell proliferation involved in sprouting angiogenesis	GO:1903589		8	0	1.1390377412849322	-Inf	0	1	1	1
regulation of histamine secretion by mast cell	GO:1903593		7	2	0.9966580236243158	0.6964947538119086	1.446630636471521	0.2621772575015677	1	1
positive regulation of autophagy of mitochondrion	GO:1903599		17	3	2.420455200230481	0.21465666691917012	1.0409768694321027	0.44394112874496316	1	1
protein localization to cytoplasmic stress granule	GO:1903608		8	2	1.1390377412849322	0.562963361187386	1.3288054702420249	0.3186516811391211	1	1
regulation of chaperone-mediated protein folding	GO:1903644		5	1	0.7118985883030826	0.33981980987317634	1.1407076173540833	0.5360900744813608	1	1
regulation of complement-dependent cytotoxicity	GO:1903659		10	4	1.4237971766061652	1.0329669904331216	1.756382046950204	0.04217374790147727	0.5440719826127625	0.5440719826127625
regulation of sprouting angiogenesis	GO:1903670		33	4	4.698530682800346	-0.16095547803931307	0.7722504597000864	0.710872877710236	1	1
negative regulation of sprouting angiogenesis	GO:1903671		10	2	1.4237971766061652	0.33981980987317634	1.1407076173540833	0.4274187999219954	1	1
positive regulation of sprouting angiogenesis	GO:1903672		18	1	2.562834917891098	-0.9411140355888882	0.38091433799658575	0.9370965178627342	1	1
regulation of wound healing, spreading of epidermal cells	GO:1903689		9	1	1.281417458945549	-0.24796685502894292	0.7172787766977757	0.7490970444220519	1	1
positive regulation of wound healing, spreading of epidermal cells	GO:1903691		5	0	0.7118985883030826	-Inf	0	1	1	1
regulation of hemopoiesis	GO:1903706		162	26	23.065514261019878	0.11975792509637452	0.9685363250862338	0.2738413632415717	1	1
negative regulation of hemopoiesis	GO:1903707		47	5	6.691846730048978	-0.29145196696868175	0.6908879728437755	0.8184709388764367	1	1
positive regulation of hemopoiesis	GO:1903708		70	15	9.966580236243157	0.40881268136012766	1.1975499993590397	0.05902944243682919	0.6444853879168564	0.6444853879168564
regulation of aerobic respiration	GO:1903715		18	2	2.562834917891098	-0.24796685502894292	0.7172787766977757	0.7193796243190151	1	1
regulation of centriole elongation	GO:1903722		9	1	1.281417458945549	-0.24796685502894292	0.7172787766977757	0.7490970444220519	1	1
positive regulation of centriole elongation	GO:1903724		7	1	0.9966580236243158	0.00334757325196334	0.8837426586622106	0.6588243430336695	1	1
regulation of phospholipid metabolic process	GO:1903725		22	3	3.132353788533564	-0.043172442382929624	0.8511778531306146	0.6246198083391434	1	1
positive regulation of phospholipid metabolic process	GO:1903727		11	2	1.566176894266782	0.24450963006885137	1.0643462602905969	0.4783169302775343	1	1
regulation of plasma membrane organization	GO:1903729		10	3	1.4237971766061652	0.7452849179813407	1.4905061619474906	0.16036271498144075	0.9728178948861119	0.9728178948861118
regulation of establishment of protein localization to mitochondrion	GO:1903747		18	4	2.562834917891098	0.4451803255310024	1.2280073011830346	0.24782345497280558	1	1
negative regulation of establishment of protein localization to mitochondrion	GO:1903748		5	3	0.7118985883030826	1.438432098541286	2.145368740123665	0.023031526310023847	0.43514883751704636	0.4351488375170463
positive regulation of establishment of protein localization to mitochondrion	GO:1903749		7	0	0.9966580236243158	-Inf	0	1	1	1
negative regulation of p38MAPK cascade	GO:1903753		7	1	0.9966580236243158	0.00334757325196334	0.8837426586622106	0.6588243430336695	1	1
regulation of potassium ion export across plasma membrane	GO:1903764		8	2	1.1390377412849322	0.562963361187386	1.3288054702420249	0.3186516811391211	1	1
negative regulation of potassium ion export across plasma membrane	GO:1903765		6	2	0.8542783059636992	0.8506454336391669	1.586566709705886	0.205738078528463	1	1
regulation of cardiac conduction	GO:1903779		19	1	2.705214635551714	-0.9951812568591639	0.36171688738970265	0.9370965178627342	1	1
guanine nucleotide transmembrane transport	GO:1903790		7	0	0.9966580236243158	-Inf	0	1	1	1
regulation of miRNA processing	GO:1903798		11	1	1.566176894266782	-0.44863755049109394	0.6015547714450307	0.8154912857198441	1	1
negative regulation of miRNA processing	GO:1903799		6	1	0.8542783059636992	0.1574982530792216	0.9970009612255251	0.6021604736719404	1	1
positive regulation of miRNA processing	GO:1903800		5	0	0.7118985883030826	-Inf	0	1	1	1
negative regulation of voltage-gated potassium channel activity	GO:1903817		7	2	0.9966580236243158	0.6964947538119086	1.446630636471521	0.2621772575015677	1	1
organic acid transmembrane transport	GO:1903825		77	6	10.963238259867472	-0.6027882303183523	0.5230988904947889	0.9685890889240828	1	1
L-arginine transmembrane transport	GO:1903826		10	0	1.4237971766061652	-Inf	0	1	1	1
negative regulation of protein localization	GO:1903828		126	26	17.939844425237684	0.37107235337728056	1.1662999982512698	0.02827794601206533	0.47523939698389417	0.47523939698389417
magnesium ion transmembrane transport	GO:1903830		5	0	0.7118985883030826	-Inf	0	1	1	1
regulation of cellular response to transforming growth factor beta stimulus	GO:1903844		79	9	11.247997695188706	-0.22296555282352556	0.7327794568552518	0.8103824545624239	1	1
positive regulation of cellular response to transforming growth factor beta stimulus	GO:1903846		21	4	2.989974070872947	0.29102964570374423	1.1012919593117916	0.34987809677918136	1	1
regulation of cristae formation	GO:1903850		5	1	0.7118985883030826	0.33981980987317634	1.1407076173540833	0.5360900744813608	1	1
regulation of dendrite extension	GO:1903859		16	1	2.2780754825698644	-0.8233309999325046	0.4259677696783408	0.900232481476347	1	1
positive regulation of dendrite extension	GO:1903861		15	1	2.135695764909248	-0.7587924787949335	0.4526182666060272	0.900232481476347	1	1
regulation of IRE1-mediated unfolded protein response	GO:1903894		15	5	2.135695764909248	0.8506454336391669	1.586566709705886	0.05086826702531845	0.6117971257582319	0.6117971257582318
positive regulation of IRE1-mediated unfolded protein response	GO:1903896		8	4	1.1390377412849322	1.2561105417473313	1.968939649300815	0.01778370527369701	0.4134473689518601	0.41344736895186013
regulation of PERK-mediated unfolded protein response	GO:1903897		8	4	1.1390377412849322	1.2561105417473313	1.968939649300815	0.01778370527369701	0.4134473689518601	0.41344736895186013
negative regulation of PERK-mediated unfolded protein response	GO:1903898		6	3	0.8542783059636992	1.2561105417473313	1.968939649300815	0.04122811280191899	0.5440719826127625	0.5440719826127625
regulation of viral life cycle	GO:1903900		101	22	14.38035148372227	0.425179658824333	1.2112161146881995	0.018504592496190565	0.4134473689518601	0.41344736895186013
negative regulation of viral life cycle	GO:1903901		6	1	0.8542783059636992	0.1574982530792216	0.9970009612255251	0.5360900744813608	1	1
positive regulation of viral life cycle	GO:1903902		24	2	3.417113223854797	-0.5356489274807237	0.5561697644022129	0.8752374453998263	1	1
regulation of TORC2 signaling	GO:1903939		10	3	1.4237971766061652	0.7452849179813407	1.4905061619474906	0.16036271498144075	0.9728178948861119	0.9728178948861118
arachidonate transport	GO:1903963		8	1	1.1390377412849322	-0.13018381937255932	0.7923752068513801	0.7074204375900333	1	1
regulation of glial cell migration	GO:1903975		10	1	1.4237971766061652	-0.35332737068676895	0.6545884298137958	0.7848390715887252	1	1
positive regulation of glial cell migration	GO:1903977		8	1	1.1390377412849322	-0.13018381937255932	0.7923752068513801	0.7074204375900333	1	1
regulation of microglial cell activation	GO:1903978		5	1	0.7118985883030826	0.33981980987317634	1.1407076173540833	0.5360900744813608	1	1
positive regulation of vasculature development	GO:1904018		109	11	15.519389225007203	-0.34419488712349655	0.6598533822960595	0.9217607037084241	1	1
epithelial cell apoptotic process	GO:1904019		5	1	0.7118985883030826	0.33981980987317634	1.1407076173540833	0.5360900744813608	1	1
regulation of G protein-coupled receptor internalization	GO:1904020		6	1	0.8542783059636992	0.1574982530792216	0.9970009612255251	0.6021604736719404	1	1
negative regulation of cyclin-dependent protein kinase activity	GO:1904030		11	2	1.566176894266782	0.24450963006885137	1.0643462602905969	0.4783169302775343	1	1
regulation of epithelial cell apoptotic process	GO:1904035		17	2	2.420455200230481	-0.19080844118899426	0.7530665813565736	0.68697509542795	1	1
negative regulation of epithelial cell apoptotic process	GO:1904036		7	1	0.9966580236243158	0.00334757325196334	0.8837426586622106	0.6588243430336695	1	1
positive regulation of epithelial cell apoptotic process	GO:1904037		7	1	0.9966580236243158	0.00334757325196334	0.8837426586622106	0.6021604736719404	1	1
regulation of monoatomic cation transmembrane transport	GO:1904062		161	16	22.923134543359264	-0.3595579204374053	0.6510148870492392	0.9405424614016674	1	1
negative regulation of cation transmembrane transport	GO:1904063		46	9	6.5494670123883605	0.31784090315440106	1.1228691127086756	0.20001627086020232	1	1
positive regulation of cation transmembrane transport	GO:1904064		69	5	9.824200518582542	-0.6754108698558824	0.48920014941971807	0.9640987870915867	1	1
regulation of microglial cell migration	GO:1904139		7	0	0.9966580236243158	-Inf	0	1	1	1
positive regulation of microglial cell migration	GO:1904141		6	0	0.8542783059636992	-Inf	0	1	1	1
regulation of retrograde protein transport, ER to cytosol	GO:1904152		13	2	1.850936329588015	0.0774555454056851	0.937189140297217	0.571260373303752	1	1
negative regulation of retrograde protein transport, ER to cytosol	GO:1904153		9	2	1.281417458945549	0.4451803255310024	1.2280073011830346	0.37400758293388436	1	1
positive regulation of membrane depolarization	GO:1904181		6	0	0.8542783059636992	-Inf	0	1	1	1
regulation of bile acid metabolic process	GO:1904251		9	1	1.281417458945549	-0.24796685502894292	0.7172787766977757	0.7490970444220519	1	1
negative regulation of TORC1 signaling	GO:1904262		42	8	5.979948141745894	0.29102964570374423	1.1012919593117916	0.24162566530337612	1	1
positive regulation of TORC1 signaling	GO:1904263		50	11	7.118985883030827	0.43512998967750105	1.2195573378380111	0.09023666035554391	0.8048939983039493	0.8048939983039493
regulation of ERAD pathway	GO:1904292		21	5	2.989974070872947	0.5141731970179539	1.286667453230158	0.16911709020301047	1	1
negative regulation of ERAD pathway	GO:1904293		6	0	0.8542783059636992	-Inf	0	1	1	1
positive regulation of ERAD pathway	GO:1904294		15	5	2.135695764909248	0.8506454336391669	1.586566709705886	0.05086826702531845	0.6117971257582319	0.6117971257582318
response to forskolin	GO:1904321		6	1	0.8542783059636992	0.1574982530792216	0.9970009612255251	0.6021604736719404	1	1
cellular response to forskolin	GO:1904322		6	1	0.8542783059636992	0.1574982530792216	0.9970009612255251	0.6021604736719404	1	1
regulation of protein catabolic process in the vacuole	GO:1904350		9	0	1.281417458945549	-Inf	0	1	1	1
positive regulation of protein catabolic process in the vacuole	GO:1904352		5	0	0.7118985883030826	-Inf	0	1	1	1
regulation of telomere capping	GO:1904353		12	2	1.7085566119273985	0.1574982530792216	0.9970009612255251	0.5263347265149944	1	1
negative regulation of telomere capping	GO:1904354		7	0	0.9966580236243158	-Inf	0	1	1	1
regulation of telomere maintenance via telomere lengthening	GO:1904356		48	8	6.834226447709594	0.1574982530792216	0.9970009612255251	0.3287795600272785	1	1
negative regulation of telomere maintenance via telomere lengthening	GO:1904357		28	4	3.986632094497263	0.00334757325196334	0.8837426586622106	0.5176038125225733	1	1
positive regulation of telomere maintenance via telomere lengthening	GO:1904358		22	4	3.132353788533564	0.24450963006885137	1.0643462602905969	0.3843302830382723	1	1
regulation of protein localization to cell periphery	GO:1904375		87	13	12.387035436473639	0.04829896111422955	0.9159350746645523	0.4715768488598304	1	1
negative regulation of protein localization to cell periphery	GO:1904376		23	7	3.2747335061941802	0.7596736554334403	1.5035222772603736	0.036018714146362145	0.5440719826127625	0.5440719826127625
positive regulation of protein localization to cell periphery	GO:1904377		46	4	6.5494670123883605	-0.4930893130619277	0.5780097290510103	0.9092125508305663	1	1
endoplasmic reticulum mannose trimming	GO:1904380		12	3	1.7085566119273985	0.5629633611873859	1.3288054702420247	0.23822794909023526	1	1
cellular response to angiotensin	GO:1904385		13	1	1.850936329588015	-0.6156916351542602	0.5169348319376487	0.8643214016762081	1	1
negative regulation of nitric oxide metabolic process	GO:1904406		6	0	0.8542783059636992	-Inf	0	1	1	1
positive regulation of nitric oxide metabolic process	GO:1904407		20	3	2.8475943532123305	0.05213773742139535	0.9187167652206437	0.5210095374998907	1	1
positive regulation of calcium ion transmembrane transport	GO:1904427		36	4	5.125669835782196	-0.24796685502894292	0.7172787766977757	0.7332502787041311	1	1
positive regulation of TORC2 signaling	GO:1904515		6	3	0.8542783059636992	1.2561105417473313	1.968939649300815	0.04122811280191899	0.5440719826127625	0.5440719826127625
L-alanine transmembrane transport	GO:1904557		5	1	0.7118985883030826	0.33981980987317634	1.1407076173540833	0.5360900744813608	1	1
regulation of termination of RNA polymerase II transcription	GO:1904594		6	1	0.8542783059636992	0.1574982530792216	0.9970009612255251	0.6021604736719404	1	1
response to amyloid-beta	GO:1904645		35	9	4.9832901181215785	0.5911342381540823	1.3533681993164364	0.052086481570352144	0.6208428944224524	0.6208428944224524
cellular response to amyloid-beta	GO:1904646		28	8	3.986632094497263	0.6964947538119086	1.446630636471521	0.03699411117951721	0.5440719826127625	0.5440719826127625
glucose transmembrane transport	GO:1904659		19	2	2.705214635551714	-0.3020340762992186	0.6845755406169421	0.68697509542795	1	1
regulation of ubiquitin protein ligase activity	GO:1904666		17	1	2.420455200230481	-0.8839556217489396	0.4022127055642241	0.9266415165604416	1	1
negative regulation of ubiquitin protein ligase activity	GO:1904667		9	0	1.281417458945549	-Inf	0	1	1	1
positive regulation of ubiquitin protein ligase activity	GO:1904668		8	1	1.1390377412849322	-0.13018381937255932	0.7923752068513801	0.7074204375900333	1	1
ATP export	GO:1904669		6	1	0.8542783059636992	0.1574982530792216	0.9970009612255251	0.6021604736719404	1	1
regulation of cytoplasmic translational initiation	GO:1904688		9	1	1.281417458945549	-0.24796685502894292	0.7172787766977757	0.7490970444220519	1	1
positive regulation of cytoplasmic translational initiation	GO:1904690		7	1	0.9966580236243158	0.00334757325196334	0.8837426586622106	0.6588243430336695	1	1
regulation of vascular associated smooth muscle cell proliferation	GO:1904705		38	2	5.410429271103428	-0.9951812568591639	0.36171688738970265	0.9757947991358509	1	1
negative regulation of vascular associated smooth muscle cell proliferation	GO:1904706		16	1	2.2780754825698644	-0.8233309999325046	0.4259677696783408	0.900232481476347	1	1
positive regulation of vascular associated smooth muscle cell proliferation	GO:1904707		22	1	3.132353788533564	-1.1417847310510392	0.31406038381259593	0.9659959678588472	1	1
regulation of chaperone-mediated autophagy	GO:1904714		6	1	0.8542783059636992	0.1574982530792216	0.9970009612255251	0.6021604736719404	1	1
regulation of protein localization to nucleolus	GO:1904749		7	1	0.9966580236243158	0.00334757325196334	0.8837426586622106	0.6588243430336695	1	1
regulation of vascular associated smooth muscle cell migration	GO:1904752		13	2	1.850936329588015	0.0774555454056851	0.937189140297217	0.571260373303752	1	1
negative regulation of vascular associated smooth muscle cell migration	GO:1904753		5	0	0.7118985883030826	-Inf	0	1	1	1
positive regulation of vascular associated smooth muscle cell migration	GO:1904754		8	2	1.1390377412849322	0.562963361187386	1.3288054702420249	0.3186516811391211	1	1
regulation of protein localization to cell cortex	GO:1904776		8	0	1.1390377412849322	-Inf	0	1	1	1
positive regulation of protein localization to cell cortex	GO:1904778		5	0	0.7118985883030826	-Inf	0	1	1	1
regulation of protein localization to centrosome	GO:1904779		12	1	1.7085566119273985	-0.5356489274807237	0.5561697644022129	0.8417782456475578	1	1
positive regulation of protein localization to centrosome	GO:1904781		7	0	0.9966580236243158	-Inf	0	1	1	1
regulation of protein localization to chromosome, telomeric region	GO:1904814		10	4	1.4237971766061652	1.0329669904331216	1.756382046950204	0.04217374790147727	0.5440719826127625	0.5440719826127625
positive regulation of protein localization to chromosome, telomeric region	GO:1904816		6	2	0.8542783059636992	0.8506454336391669	1.586566709705886	0.205738078528463	1	1
regulation of cell chemotaxis to fibroblast growth factor	GO:1904847		6	0	0.8542783059636992	-Inf	0	1	1	1
excitatory synapse assembly	GO:1904861		6	0	0.8542783059636992	-Inf	0	1	1	1
inhibitory synapse assembly	GO:1904862		7	0	0.9966580236243158	-Inf	0	1	1	1
regulation of telomerase RNA localization to Cajal body	GO:1904872		7	2	0.9966580236243158	0.6964947538119086	1.446630636471521	0.2621772575015677	1	1
cranial skeletal system development	GO:1904888		16	4	2.2780754825698644	0.562963361187386	1.3288054702420249	0.18402066570529027	1	1
regulation of receptor signaling pathway via STAT	GO:1904892		51	8	7.261365600691443	0.09687363126278688	0.9515041992779714	0.4430072488544661	1	1
negative regulation of receptor signaling pathway via STAT	GO:1904893		18	5	2.562834917891098	0.6683238768452122	1.4214885928985646	0.1013484795246827	0.8437430951871026	0.8437430951871024
positive regulation of receptor signaling pathway via STAT	GO:1904894		31	3	4.413771247479112	-0.38611719350975987	0.635949320040135	0.8380440941845854	1	1
regulation of endothelial cell-matrix adhesion via fibronectin	GO:1904904		8	2	1.1390377412849322	0.562963361187386	1.3288054702420249	0.3186516811391211	1	1
positive regulation of endothelial cell-matrix adhesion via fibronectin	GO:1904906		7	1	0.9966580236243158	0.00334757325196334	0.8837426586622106	0.6588243430336695	1	1
midbrain dopaminergic neuron differentiation	GO:1904948		9	0	1.281417458945549	-Inf	0	1	1	1
negative regulation of establishment of protein localization	GO:1904950		71	11	10.108959953903774	0.08447311806433161	0.942347859615033	0.43142439115248654	1	1
positive regulation of establishment of protein localization	GO:1904951		155	20	22.068856237395565	-0.0984351210579791	0.8135086363960995	0.6952223962553574	1	1
brush border assembly	GO:1904970		6	0	0.8542783059636992	-Inf	0	1	1	1
regulation of endosome organization	GO:1904978		5	2	0.7118985883030826	1.0329669904331216	1.756382046950204	0.15090142328628167	0.9672449295933598	0.96724492959336
regulation of leukocyte adhesion to vascular endothelial cell	GO:1904994		16	5	2.2780754825698644	0.7861069125015957	1.527521157251529	0.06560016576854237	0.6615082771291728	0.6615082771291728
negative regulation of leukocyte adhesion to vascular endothelial cell	GO:1904995		5	0	0.7118985883030826	-Inf	0	1	1	1
positive regulation of leukocyte adhesion to vascular endothelial cell	GO:1904996		10	5	1.4237971766061652	1.2561105417473313	1.968939649300815	0.00786415327730995	0.27881483221538467	0.27881483221538467
autophagosome organization	GO:1905037		56	14	7.973264188994526	0.562963361187386	1.3288054702420249	0.022775883485202143	0.43514883751704636	0.4351488375170463
regulation of membrane lipid metabolic process	GO:1905038		10	2	1.4237971766061652	0.33981980987317634	1.1407076173540833	0.4274187999219954	1	1
carboxylic acid transmembrane transport	GO:1905039		74	4	10.536099106885624	-0.9685130097770026	0.3710725339315236	0.9950660469684809	1	1
regulation of metallopeptidase activity	GO:1905048		5	1	0.7118985883030826	0.33981980987317634	1.1407076173540833	0.5360900744813608	1	1
regulation of vascular associated smooth muscle cell differentiation	GO:1905063		10	0	1.4237971766061652	-Inf	0	1	1	1
negative regulation of vascular associated smooth muscle cell differentiation	GO:1905064		6	0	0.8542783059636992	-Inf	0	1	1	1
regulation of parkin-mediated stimulation of mitophagy in response to mitochondrial depolarization	GO:1905089		8	1	1.1390377412849322	-0.13018381937255932	0.7923752068513801	0.7074204375900333	1	1
positive regulation of parkin-mediated stimulation of mitophagy in response to mitochondrial depolarization	GO:1905091		7	1	0.9966580236243158	0.00334757325196334	0.8837426586622106	0.6588243430336695	1	1
regulation of guanyl-nucleotide exchange factor activity	GO:1905097		7	0	0.9966580236243158	-Inf	0	1	1	1
negative regulation of guanyl-nucleotide exchange factor activity	GO:1905098		5	0	0.7118985883030826	-Inf	0	1	1	1
response to acetylcholine	GO:1905144		13	1	1.850936329588015	-0.6156916351542602	0.5169348319376487	0.8417782456475578	1	1
cellular response to acetylcholine	GO:1905145		13	1	1.850936329588015	-0.6156916351542602	0.5169348319376487	0.8417782456475578	1	1
lysosomal protein catabolic process	GO:1905146		5	2	0.7118985883030826	1.0329669904331216	1.756382046950204	0.15090142328628167	0.9672449295933598	0.96724492959336
regulation of lysosomal protein catabolic process	GO:1905165		7	0	0.9966580236243158	-Inf	0	1	1	1
positive regulation of double-strand break repair via homologous recombination	GO:1905168		39	6	5.5528089887640455	0.0774555454056851	0.937189140297217	0.4610575650112322	1	1
regulation of cardiocyte differentiation	GO:1905207		15	0	2.135695764909248	-Inf	0	1	1	1
negative regulation of cardiocyte differentiation	GO:1905208		7	0	0.9966580236243158	-Inf	0	1	1	1
positive regulation of cardiocyte differentiation	GO:1905209		8	0	1.1390377412849322	-Inf	0	1	1	1
negative regulation of chromatin organization	GO:1905268		7	0	0.9966580236243158	-Inf	0	1	1	1
regulation of epithelial tube formation	GO:1905276		6	1	0.8542783059636992	0.1574982530792216	0.9970009612255251	0.6021604736719404	1	1
positive regulation of epithelial tube formation	GO:1905278		6	1	0.8542783059636992	0.1574982530792216	0.9970009612255251	0.6021604736719404	1	1
regulation of retrograde transport, endosome to Golgi	GO:1905279		5	3	0.7118985883030826	1.438432098541286	2.145368740123665	0.023031526310023847	0.43514883751704636	0.4351488375170463
semi-lunar valve development	GO:1905314		23	5	3.2747335061941802	0.4232014188122272	1.209560731589093	0.19484325861326873	1	1
telomerase holoenzyme complex assembly	GO:1905323		5	2	0.7118985883030826	1.0329669904331216	1.756382046950204	0.15090142328628167	0.9672449295933598	0.96724492959336
regulation of morphogenesis of an epithelium	GO:1905330		21	2	2.989974070872947	-0.4021175348562011	0.6270041687017212	0.8218971635582669	1	1
positive regulation of morphogenesis of an epithelium	GO:1905332		13	2	1.850936329588015	0.0774555454056851	0.937189140297217	0.571260373303752	1	1
regulation of aggrephagy	GO:1905335		8	3	1.1390377412849322	0.9684284692955504	1.6958091564460576	0.0927539865889046	0.8048939983039493	0.8048939983039493
positive regulation of aggrephagy	GO:1905337		6	2	0.8542783059636992	0.8506454336391669	1.586566709705886	0.205738078528463	1	1
regulation of vascular associated smooth muscle cell apoptotic process	GO:1905459		7	2	0.9966580236243158	0.6964947538119086	1.446630636471521	0.2621772575015677	1	1
positive regulation of vascular associated smooth muscle cell apoptotic process	GO:1905461		5	2	0.7118985883030826	1.0329669904331216	1.756382046950204	0.15090142328628167	0.9672449295933598	0.96724492959336
regulation of protein localization to membrane	GO:1905475		98	15	13.95321233074042	0.07234044473891463	0.9334394582076726	0.40760604066169603	1	1
negative regulation of protein localization to membrane	GO:1905476		26	7	3.70187265917603	0.6370713333411079	1.3937683969761434	0.06617565910470141	0.6615082771291728	0.6615082771291728
positive regulation of protein localization to membrane	GO:1905477		56	5	7.973264188994526	-0.46665605599377236	0.5919200319077913	0.9081188511027197	1	1
protein localization to microtubule organizing center	GO:1905508		21	4	2.989974070872947	0.29102964570374423	1.1012919593117916	0.31544742885991045	1	1
non-motile cilium assembly	GO:1905515		15	2	2.135695764909248	-0.06564529823498817	0.835725121529455	0.6515517098503079	1	1
macrophage migration	GO:1905517		8	2	1.1390377412849322	0.562963361187386	1.3288054702420249	0.2621772575015677	1	1
regulation of macrophage migration	GO:1905521		20	1	2.8475943532123305	-1.0464745512467142	0.3443290775615407	0.9537500910835526	1	1
positive regulation of macrophage migration	GO:1905523		16	1	2.2780754825698644	-0.8233309999325046	0.4259677696783408	0.9144496405462401	1	1
regulation of blood vessel branching	GO:1905553		6	1	0.8542783059636992	0.1574982530792216	0.9970009612255251	0.6021604736719404	1	1
positive regulation of blood vessel branching	GO:1905555		5	1	0.7118985883030826	0.33981980987317634	1.1407076173540833	0.5360900744813608	1	1
regulation of vascular endothelial cell proliferation	GO:1905562		17	0	2.420455200230481	-Inf	0	1	1	1
negative regulation of vascular endothelial cell proliferation	GO:1905563		5	0	0.7118985883030826	-Inf	0	1	1	1
positive regulation of vascular endothelial cell proliferation	GO:1905564		11	0	1.566176894266782	-Inf	0	1	1	1
regulation of blood-brain barrier permeability	GO:1905603		6	0	0.8542783059636992	-Inf	0	1	1	1
regulation of presynapse assembly	GO:1905606		13	1	1.850936329588015	-0.6156916351542602	0.5169348319376487	0.8154912857198441	1	1
regulation of protein localization to chromatin	GO:1905634		8	3	1.1390377412849322	0.9684284692955504	1.6958091564460576	0.0927539865889046	0.8048939983039493	0.8048939983039493
regulation of protein localization to endosome	GO:1905666		9	3	1.281417458945549	0.8506454336391668	1.5865667097058858	0.12490602485745164	0.9280301749694909	0.928030174969491
positive regulation of protein localization to endosome	GO:1905668		8	2	1.1390377412849322	0.562963361187386	1.3288054702420249	0.3186516811391211	1	1
regulation of lysosome organization	GO:1905671		10	0	1.4237971766061652	-Inf	0	1	1	1
lipid droplet disassembly	GO:1905691		7	3	0.9966580236243158	1.101959861920073	1.8216227766169788	0.06464013109570181	0.6615082771291728	0.6615082771291728
negative regulation of membrane permeability	GO:1905709		11	1	1.566176894266782	-0.44863755049109394	0.6015547714450307	0.8154912857198441	1	1
positive regulation of membrane permeability	GO:1905710		19	3	2.705214635551714	0.10343103180894582	0.9563668945957576	0.4831646634993946	1	1
protein localization to perinuclear region of cytoplasm	GO:1905719		9	2	1.281417458945549	0.4451803255310024	1.2280073011830346	0.37400758293388436	1	1
regulation of chromosome separation	GO:1905818		47	9	6.691846730048978	0.2963346979334373	1.1055451413923871	0.21833876096468605	1	1
negative regulation of chromosome separation	GO:1905819		23	2	3.2747335061941802	-0.4930893130619277	0.5780097290510103	0.8593481172122572	1	1
positive regulation of chromosome separation	GO:1905820		13	5	1.850936329588015	0.9937462772798402	1.719515585801776	0.027786284753525677	0.47523939698389417	0.47523939698389417
positive regulation of chromosome condensation	GO:1905821		5	0	0.7118985883030826	-Inf	0	1	1	1
regulation of 3'-UTR-mediated mRNA stabilization	GO:1905868		8	0	1.1390377412849322	-Inf	0	1	1	1
positive regulation of 3'-UTR-mediated mRNA stabilization	GO:1905870		6	0	0.8542783059636992	-Inf	0	1	1	1
regulation of response to endoplasmic reticulum stress	GO:1905897		67	15	9.539441083261307	0.4526153040185206	1.234274309872211	0.04718687844222442	0.5860412315621718	0.5860412315621718
positive regulation of response to endoplasmic reticulum stress	GO:1905898		31	11	4.413771247479112	0.913165790620501	1.6443303375883052	0.0025791376529394157	0.14464889910380216	0.1446488991038022
regulation of amyloid fibril formation	GO:1905906		14	1	1.9933160472486315	-0.689799607307982	0.48271091085741513	0.8836537633679444	1	1
negative regulation of amyloid fibril formation	GO:1905907		10	0	1.4237971766061652	-Inf	0	1	1	1
positive regulation of amyloid fibril formation	GO:1905908		5	1	0.7118985883030826	0.33981980987317634	1.1407076173540833	0.5360900744813608	1	1
regulation of gonad development	GO:1905939		6	0	0.8542783059636992	-Inf	0	1	1	1
regulation of lipid localization	GO:1905952		89	10	12.671794871794871	-0.23679355443081748	0.7241766797137215	0.8108281364371324	1	1
negative regulation of lipid localization	GO:1905953		29	4	4.12901181215788	-0.0317437465593069	0.8591064238673326	0.6079761405250586	1	1
positive regulation of lipid localization	GO:1905954		54	7	7.688504753673293	-0.09381617520168446	0.8166142876446327	0.6240295019578816	1	1
amyloid fibril formation	GO:1990000		26	7	3.70187265917603	0.6370713333411079	1.3937683969761434	0.06617565910470141	0.6615082771291728	0.6615082771291728
response to nerve growth factor	GO:1990089		6	0	0.8542783059636992	-Inf	0	1	1	1
cellular response to nerve growth factor stimulus	GO:1990090		6	0	0.8542783059636992	-Inf	0	1	1	1
ribosome-associated ubiquitin-dependent protein catabolic process	GO:1990116		7	2	0.9966580236243158	0.6964947538119086	1.446630636471521	0.2621772575015677	1	1
neuron projection extension	GO:1990138		15	4	2.135695764909248	0.6275018823249572	1.3853179128298705	0.15441554072110325	0.9672449295933598	0.96724492959336
protein localization to site of double-strand break	GO:1990166		15	2	2.135695764909248	-0.06564529823498817	0.835725121529455	0.6515517098503079	1	1
cellular response to leucine starvation	GO:1990253		10	1	1.4237971766061652	-0.35332737068676895	0.6545884298137958	0.7490970444220519	1	1
neutrophil migration	GO:1990266		31	9	4.413771247479112	0.7124950951583497	1.4609739569761504	0.025045353015198734	0.4544651208820827	0.4544651208820827
gap junction-mediated intercellular transport	GO:1990349		5	1	0.7118985883030826	0.33981980987317634	1.1407076173540833	0.5360900744813608	1	1
lipid transport across blood-brain barrier	GO:1990379		5	0	0.7118985883030826	-Inf	0	1	1	1
calcitonin gene-related peptide receptor signaling pathway	GO:1990408		5	0	0.7118985883030826	-Inf	0	1	1	1
adrenomedullin receptor signaling pathway	GO:1990410		5	1	0.7118985883030826	0.33981980987317634	1.1407076173540833	0.5360900744813608	1	1
mitochondrion-endoplasmic reticulum membrane tethering	GO:1990456		7	3	0.9966580236243158	1.101959861920073	1.8216227766169788	0.06464013109570181	0.6615082771291728	0.6615082771291728
mRNA pseudouridine synthesis	GO:1990481		8	0	1.1390377412849322	-Inf	0	1	1	1
neuron projection maintenance	GO:1990535		5	1	0.7118985883030826	0.33981980987317634	1.1407076173540833	0.5360900744813608	1	1
mitochondrial transmembrane transport	GO:1990542		64	4	9.112301930279457	-0.8233309999325046	0.4259677696783408	0.9862507104582708	1	1
protein polyufmylation	GO:1990564		5	0	0.7118985883030826	-Inf	0	1	1	1
potassium ion import across plasma membrane	GO:1990573		16	2	2.2780754825698644	-0.13018381937255932	0.7923752068513801	0.68697509542795	1	1
protein K69-linked ufmylation	GO:1990592		5	0	0.7118985883030826	-Inf	0	1	1	1
nucleolar chromatin organization	GO:1990700		5	1	0.7118985883030826	0.33981980987317634	1.1407076173540833	0.5360900744813608	1	1
cellular detoxification	GO:1990748		39	1	5.5528089887640455	-1.7143039238223698	0.17912952823117806	0.9975144453944611	1	1
response to angiotensin	GO:1990776		14	1	1.9933160472486315	-0.689799607307982	0.48271091085741513	0.8836537633679444	1	1
protein localization to cell periphery	GO:1990778		111	15	15.804148660328435	-0.05222227790284745	0.8449330163788541	0.6279960832002891	1	1
ligand-gated ion channel signaling pathway	GO:1990806		11	2	1.566176894266782	0.24450963006885137	1.0643462602905969	0.3186516811391211	1	1
endoplasmic reticulum tubular network membrane organization	GO:1990809		5	2	0.7118985883030826	1.0329669904331216	1.756382046950204	0.15090142328628167	0.9672449295933598	0.96724492959336
basic amino acid transmembrane transport	GO:1990822		10	0	1.4237971766061652	-Inf	0	1	1	1
response to lectin	GO:1990840		16	5	2.2780754825698644	0.7861069125015957	1.527521157251529	0.06560016576854237	0.6615082771291728	0.6615082771291728
vacuolar localization	GO:1990849		35	3	4.9832901181215785	-0.5074780505140273	0.5705493311396148	0.8679317675061252	1	1
cellular response to lectin	GO:1990858		16	5	2.2780754825698644	0.7861069125015957	1.527521157251529	0.06560016576854237	0.6615082771291728	0.6615082771291728
response to chemokine	GO:1990868		35	5	4.9832901181215785	0.00334757325196334	0.8837426586622106	0.5701333528864403	1	1
cellular response to chemokine	GO:1990869		35	5	4.9832901181215785	0.00334757325196334	0.8837426586622106	0.5701333528864403	1	1
response to amino acid starvation	GO:1990928		46	7	6.5494670123883605	0.06652647487349499	0.9291882548806338	0.4637047287860586	1	1
xenobiotic detoxification by transmembrane export across the plasma membrane	GO:1990961		9	0	1.281417458945549	-Inf	0	1	1	1
regulation of DNA damage checkpoint	GO:2000001		9	0	1.281417458945549	-Inf	0	1	1	1
regulation of protein localization to cell surface	GO:2000008		26	3	3.70187265917603	-0.21022652704609585	0.7407692106161782	0.7117289146581616	1	1
negative regulation of protein localization to cell surface	GO:2000009		8	1	1.1390377412849322	-0.13018381937255932	0.7923752068513801	0.7074204375900333	1	1
positive regulation of protein localization to cell surface	GO:2000010		11	0	1.566176894266782	-Inf	0	1	1	1
regulation of male gonad development	GO:2000018		5	0	0.7118985883030826	-Inf	0	1	1	1
regulation of animal organ morphogenesis	GO:2000027		10	1	1.4237971766061652	-0.35332737068676895	0.6545884298137958	0.7490970444220519	1	1
regulation of stem cell population maintenance	GO:2000036		8	1	1.1390377412849322	-0.13018381937255932	0.7923752068513801	0.7074204375900333	1	1
negative regulation of double-strand break repair via homologous recombination	GO:2000042		23	4	3.2747335061941802	0.2000578674980176	1.029647840225027	0.3843302830382723	1	1
regulation of G1/S transition of mitotic cell cycle	GO:2000045		90	11	12.814174589455488	-0.15265667522461798	0.7776429763386313	0.7106737420891835	1	1
regulation of cell-cell adhesion mediated by cadherin	GO:2000047		20	2	2.8475943532123305	-0.35332737068676895	0.6545884298137958	0.7999882008278627	1	1
negative regulation of cell-cell adhesion mediated by cadherin	GO:2000048		10	1	1.4237971766061652	-0.35332737068676895	0.6545884298137958	0.7848390715887252	1	1
positive regulation of cell-cell adhesion mediated by cadherin	GO:2000049		10	1	1.4237971766061652	-0.35332737068676895	0.6545884298137958	0.7848390715887252	1	1
regulation of non-canonical Wnt signaling pathway	GO:2000050		12	0	1.7085566119273985	-Inf	0	1	1	1
positive regulation of non-canonical Wnt signaling pathway	GO:2000052		7	0	0.9966580236243158	-Inf	0	1	1	1
regulation of ubiquitin-dependent protein catabolic process	GO:2000058		116	20	16.51604724863152	0.19139980475490292	1.0229601810206947	0.18755321829791743	1	1
negative regulation of ubiquitin-dependent protein catabolic process	GO:2000059		41	7	5.837568424085278	0.18159580465828198	1.0154156788777262	0.36516104810679895	1	1
positive regulation of ubiquitin-dependent protein catabolic process	GO:2000060		66	11	9.397061365600692	0.1574982530792216	0.9970009612255251	0.3169084570617098	1	1
regulation of cortisol biosynthetic process	GO:2000064		7	0	0.9966580236243158	-Inf	0	1	1	1
regulation of Wnt signaling pathway, planar cell polarity pathway	GO:2000095		6	0	0.8542783059636992	-Inf	0	1	1	1
positive regulation of Wnt signaling pathway, planar cell polarity pathway	GO:2000096		5	0	0.7118985883030826	-Inf	0	1	1	1
negative regulation of DNA-templated DNA replication	GO:2000104		6	1	0.8542783059636992	0.1574982530792216	0.9970009612255251	0.6021604736719404	1	1
positive regulation of DNA-templated DNA replication	GO:2000105		8	0	1.1390377412849322	-Inf	0	1	1	1
regulation of leukocyte apoptotic process	GO:2000106		38	7	5.410429271103428	0.2575817116362042	1.0746636674034795	0.26855272305334044	1	1
negative regulation of leukocyte apoptotic process	GO:2000107		21	2	2.989974070872947	-0.4021175348562011	0.6270041687017212	0.8218971635582669	1	1
positive regulation of leukocyte apoptotic process	GO:2000108		13	5	1.850936329588015	0.9937462772798402	1.719515585801776	0.019322146184124093	0.4134473689518601	0.41344736895186013
regulation of establishment of cell polarity	GO:2000114		13	4	1.850936329588015	0.7706027259656304	1.5134313022296	0.10150888213493482	0.8437430951871026	0.8437430951871024
negative regulation of G1/S transition of mitotic cell cycle	GO:2000134		42	4	5.979948141745894	-0.4021175348562011	0.6270041687017212	0.8545161953127323	1	1
regulation of DNA-templated transcription initiation	GO:2000142		48	7	6.834226447709594	0.02396686045469899	0.8984218473089112	0.5352902990008253	1	1
negative regulation of DNA-templated transcription initiation	GO:2000143		6	0	0.8542783059636992	-Inf	0	1	1	1
positive regulation of DNA-templated transcription initiation	GO:2000144		40	7	5.695188706424661	0.20628841724865368	1.0344748512008286	0.34057003008099757	1	1
positive regulation of cilium-dependent cell motility	GO:2000155		8	0	1.1390377412849322	-Inf	0	1	1	1
regulation of neural precursor cell proliferation	GO:2000177		8	3	1.1390377412849322	0.9684284692955504	1.6958091564460576	0.0927539865889046	0.8048939983039493	0.8048939983039493
positive regulation of neural precursor cell proliferation	GO:2000179		5	2	0.7118985883030826	1.0329669904331216	1.756382046950204	0.15090142328628167	0.9672449295933598	0.96724492959336
negative regulation of blood vessel morphogenesis	GO:2000181		79	7	11.247997695188706	-0.47427998110443165	0.5878807078739959	0.9404448095219932	1	1
regulation of fatty acid transport	GO:2000191		12	2	1.7085566119273985	0.1574982530792216	0.9970009612255251	0.5263347265149944	1	1
negative regulation of fatty acid transport	GO:2000192		7	2	0.9966580236243158	0.6964947538119086	1.446630636471521	0.2621772575015677	1	1
regulation of ribonucleoprotein complex localization	GO:2000197		10	1	1.4237971766061652	-0.35332737068676895	0.6545884298137958	0.7848390715887252	1	1
regulation of anoikis	GO:2000209		22	4	3.132353788533564	0.24450963006885137	1.0643462602905969	0.31544742885991045	1	1
positive regulation of anoikis	GO:2000210		5	0	0.7118985883030826	-Inf	0	1	1	1
regulation of rRNA processing	GO:2000232		14	0	1.9933160472486315	-Inf	0	1	1	1
positive regulation of rRNA processing	GO:2000234		10	0	1.4237971766061652	-Inf	0	1	1	1
regulation of reproductive process	GO:2000241		50	3	7.118985883030827	-0.8641529944527597	0.40983834243349676	0.9749730962834859	1	1
negative regulation of reproductive process	GO:2000242		16	1	2.2780754825698644	-0.8233309999325046	0.4259677696783408	0.9144496405462401	1	1
positive regulation of reproductive process	GO:2000243		28	2	3.986632094497263	-0.689799607307982	0.48271091085741513	0.9021560783706045	1	1
regulation of fibroblast apoptotic process	GO:2000269		9	2	1.281417458945549	0.4451803255310024	1.2280073011830346	0.37400758293388436	1	1
positive regulation of fibroblast apoptotic process	GO:2000271		7	2	0.9966580236243158	0.6964947538119086	1.446630636471521	0.2621772575015677	1	1
negative regulation of signaling receptor activity	GO:2000272		12	4	1.7085566119273985	0.8506454336391669	1.586566709705886	0.07882500601757823	0.7437657096191486	0.7437657096191486
regulation of DNA biosynthetic process	GO:2000278		72	10	10.251339671564391	-0.02482330371473313	0.8639302334095803	0.5475229826154974	1	1
negative regulation of DNA biosynthetic process	GO:2000279		27	4	3.8442523768366463	0.03971521742283816	0.9097334253818503	0.48536718541514257	1	1
regulation of myoblast proliferation	GO:2000291		5	0	0.7118985883030826	-Inf	0	1	1	1
regulation of synaptic vesicle exocytosis	GO:2000300		6	2	0.8542783059636992	0.8506454336391669	1.586566709705886	0.205738078528463	1	1
regulation of ceramide biosynthetic process	GO:2000303		8	2	1.1390377412849322	0.562963361187386	1.3288054702420249	0.3186516811391211	1	1
regulation of AMPA receptor activity	GO:2000311		5	0	0.7118985883030826	-Inf	0	1	1	1
regulation of T-helper 17 type immune response	GO:2000316		9	2	1.281417458945549	0.4451803255310024	1.2280073011830346	0.37400758293388436	1	1
negative regulation of T-helper 17 type immune response	GO:2000317		6	0	0.8542783059636992	-Inf	0	1	1	1
regulation of T-helper 17 cell differentiation	GO:2000319		8	2	1.1390377412849322	0.562963361187386	1.3288054702420249	0.3186516811391211	1	1
negative regulation of T-helper 17 cell differentiation	GO:2000320		6	0	0.8542783059636992	-Inf	0	1	1	1
regulation of T-helper 17 cell lineage commitment	GO:2000328		7	2	0.9966580236243158	0.6964947538119086	1.446630636471521	0.2621772575015677	1	1
negative regulation of T-helper 17 cell lineage commitment	GO:2000329		5	0	0.7118985883030826	-Inf	0	1	1	1
regulation of chemokine (C-X-C motif) ligand 2 production	GO:2000341		11	2	1.566176894266782	0.24450963006885137	1.0643462602905969	0.4783169302775343	1	1
positive regulation of chemokine (C-X-C motif) ligand 2 production	GO:2000343		6	1	0.8542783059636992	0.1574982530792216	0.9970009612255251	0.6021604736719404	1	1
positive regulation of acrosome reaction	GO:2000344		5	0	0.7118985883030826	-Inf	0	1	1	1
regulation of endothelial cell apoptotic process	GO:2000351		46	2	6.5494670123883605	-1.186236493621873	0.3008111881356697	0.9926754764441265	1	1
negative regulation of endothelial cell apoptotic process	GO:2000352		25	1	3.5594929415154133	-1.2696181025609241	0.2773686994511519	0.9785647536585876	1	1
positive regulation of endothelial cell apoptotic process	GO:2000353		19	1	2.705214635551714	-0.9951812568591639	0.36171688738970265	0.9460619965707682	1	1
regulation of clathrin-dependent endocytosis	GO:2000369		11	1	1.566176894266782	-0.44863755049109394	0.6015547714450307	0.8154912857198441	1	1
regulation of reactive oxygen species metabolic process	GO:2000377		80	22	11.390377412849322	0.6582735409917109	1.4125541024357653	9.88056530828819e-4	0.08252398642594282	0.0825239864259428
negative regulation of reactive oxygen species metabolic process	GO:2000378		14	1	1.9933160472486315	-0.689799607307982	0.48271091085741513	0.8836537633679444	1	1
positive regulation of reactive oxygen species metabolic process	GO:2000379		46	13	6.5494670123883605	0.6855656832797183	1.436859537163834	0.00668832895111041	0.2660090473431417	0.2660090473431416
regulation of lamellipodium morphogenesis	GO:2000392		10	2	1.4237971766061652	0.33981980987317634	1.1407076173540833	0.37400758293388436	1	1
positive regulation of lamellipodium morphogenesis	GO:2000394		6	1	0.8542783059636992	0.1574982530792216	0.9970009612255251	0.6021604736719404	1	1
regulation of lymphocyte migration	GO:2000401		40	6	5.695188706424661	0.05213773742139535	0.9187167652206437	0.48739536701780906	1	1
negative regulation of lymphocyte migration	GO:2000402		12	2	1.7085566119273985	0.1574982530792216	0.9970009612255251	0.5263347265149944	1	1
positive regulation of lymphocyte migration	GO:2000403		25	3	3.5594929415154133	-0.17100581389281447	0.7657544667455077	0.7117289146581616	1	1
regulation of T cell migration	GO:2000404		26	3	3.70187265917603	-0.21022652704609585	0.7407692106161782	0.7117289146581616	1	1
positive regulation of T cell migration	GO:2000406		21	3	2.989974070872947	0.00334757325196334	0.8837426586622106	0.5918530548890248	1	1
regulation of apoptotic cell clearance	GO:2000425		7	0	0.9966580236243158	-Inf	0	1	1	1
positive regulation of apoptotic cell clearance	GO:2000427		5	0	0.7118985883030826	-Inf	0	1	1	1
regulation of protein neddylation	GO:2000434		11	3	1.566176894266782	0.6499747381770157	1.405190961529407	0.19837721332207095	1	1
negative regulation of protein neddylation	GO:2000435		5	0	0.7118985883030826	-Inf	0	1	1	1
positive regulation of protein neddylation	GO:2000436		5	1	0.7118985883030826	0.33981980987317634	1.1407076173540833	0.5360900744813608	1	1
regulation of cAMP-dependent protein kinase activity	GO:2000479		5	2	0.7118985883030826	1.0329669904331216	1.756382046950204	0.15090142328628167	0.9672449295933598	0.96724492959336
regulation of natural killer cell chemotaxis	GO:2000501		7	0	0.9966580236243158	-Inf	0	1	1	1
positive regulation of natural killer cell chemotaxis	GO:2000503		5	0	0.7118985883030826	-Inf	0	1	1	1
regulation of dendritic cell chemotaxis	GO:2000508		6	0	0.8542783059636992	-Inf	0	1	1	1
positive regulation of dendritic cell chemotaxis	GO:2000510		6	0	0.8542783059636992	-Inf	0	1	1	1
regulation of CD4-positive, alpha-beta T cell activation	GO:2000514		28	6	3.986632094497263	0.40881268136012766	1.1975499993590397	0.17681212044815497	1	1
negative regulation of CD4-positive, alpha-beta T cell activation	GO:2000515		14	2	1.9933160472486315	0.00334757325196334	0.8837426586622106	0.613000699683637	1	1
positive regulation of CD4-positive, alpha-beta T cell activation	GO:2000516		14	5	1.9933160472486315	0.9196383051261183	1.6503400064058957	0.027786284753525677	0.47523939698389417	0.47523939698389417
regulation of entry of bacterium into host cell	GO:2000535		7	0	0.9966580236243158	-Inf	0	1	1	1
regulation of endothelial cell chemotaxis to fibroblast growth factor	GO:2000544		6	0	0.8542783059636992	-Inf	0	1	1	1
regulation of T-helper 2 cell cytokine production	GO:2000551		5	1	0.7118985883030826	0.33981980987317634	1.1407076173540833	0.5360900744813608	1	1
regulation of CD4-positive, alpha-beta T cell proliferation	GO:2000561		8	3	1.1390377412849322	0.9684284692955504	1.6958091564460576	0.0927539865889046	0.8048939983039493	0.8048939983039493
negative regulation of CD4-positive, alpha-beta T cell proliferation	GO:2000562		5	1	0.7118985883030826	0.33981980987317634	1.1407076173540833	0.5360900744813608	1	1
positive regulation of DNA biosynthetic process	GO:2000573		35	5	4.9832901181215785	0.00334757325196334	0.8837426586622106	0.5701333528864403	1	1
positive regulation of Arp2/3 complex-mediated actin nucleation	GO:2000601		6	0	0.8542783059636992	-Inf	0	1	1	1
regulation of nuclear-transcribed mRNA catabolic process, nonsense-mediated decay	GO:2000622		11	2	1.566176894266782	0.24450963006885137	1.0643462602905969	0.4783169302775343	1	1
negative regulation of nuclear-transcribed mRNA catabolic process, nonsense-mediated decay	GO:2000623		7	0	0.9966580236243158	-Inf	0	1	1	1
regulation of miRNA catabolic process	GO:2000625		6	3	0.8542783059636992	1.2561105417473313	1.968939649300815	0.04122811280191899	0.5440719826127625	0.5440719826127625
regulation of miRNA metabolic process	GO:2000628		71	10	10.108959953903774	-0.010837061739993213	0.8737314254104087	0.5475229826154974	1	1
negative regulation of miRNA metabolic process	GO:2000629		24	4	3.417113223854797	0.1574982530792216	0.9970009612255251	0.45229031950387566	1	1
positive regulation of miRNA metabolic process	GO:2000630		52	7	7.40374531835206	-0.056075847218837474	0.842282859379137	0.6027226314307983	1	1
regulation of pre-miRNA processing	GO:2000631		5	0	0.7118985883030826	-Inf	0	1	1	1
regulation of primary miRNA processing	GO:2000634		5	1	0.7118985883030826	0.33981980987317634	1.1407076173540833	0.5360900744813608	1	1
positive regulation of miRNA-mediated gene silencing	GO:2000637		11	1	1.566176894266782	-0.44863755049109394	0.6015547714450307	0.8154912857198441	1	1
regulation of early endosome to late endosome transport	GO:2000641		17	4	2.420455200230481	0.5023387393709511	1.276526421804185	0.18402066570529027	1	1
positive regulation of early endosome to late endosome transport	GO:2000643		7	1	0.9966580236243158	0.00334757325196334	0.8837426586622106	0.6588243430336695	1	1
regulation of receptor catabolic process	GO:2000644		9	3	1.281417458945549	0.8506454336391668	1.5865667097058858	0.12490602485745164	0.9280301749694909	0.928030174969491
positive regulation of receptor catabolic process	GO:2000646		7	2	0.9966580236243158	0.6964947538119086	1.446630636471521	0.2621772575015677	1	1
positive regulation of stem cell proliferation	GO:2000648		16	2	2.2780754825698644	-0.13018381937255932	0.7923752068513801	0.68697509542795	1	1
regulation of sodium ion transmembrane transporter activity	GO:2000649		9	1	1.281417458945549	-0.24796685502894292	0.7172787766977757	0.7490970444220519	1	1
positive regulation of sodium ion transmembrane transporter activity	GO:2000651		6	1	0.8542783059636992	0.1574982530792216	0.9970009612255251	0.6021604736719404	1	1
regulation of interleukin-1-mediated signaling pathway	GO:2000659		6	2	0.8542783059636992	0.8506454336391669	1.586566709705886	0.205738078528463	1	1
negative regulation of interleukin-1-mediated signaling pathway	GO:2000660		5	1	0.7118985883030826	0.33981980987317634	1.1407076173540833	0.5360900744813608	1	1
regulation of dendritic cell apoptotic process	GO:2000668		9	1	1.281417458945549	-0.24796685502894292	0.7172787766977757	0.7490970444220519	1	1
negative regulation of dendritic cell apoptotic process	GO:2000669		7	0	0.9966580236243158	-Inf	0	1	1	1
regulation of transcription regulatory region DNA binding	GO:2000677		20	2	2.8475943532123305	-0.35332737068676895	0.6545884298137958	0.7757179011181241	1	1
positive regulation of transcription regulatory region DNA binding	GO:2000679		11	2	1.566176894266782	0.24450963006885137	1.0643462602905969	0.4274187999219954	1	1
regulation of cardiac muscle cell differentiation	GO:2000725		10	0	1.4237971766061652	-Inf	0	1	1	1
negative regulation of cardiac muscle cell differentiation	GO:2000726		5	0	0.7118985883030826	-Inf	0	1	1	1
positive regulation of cardiac muscle cell differentiation	GO:2000727		5	0	0.7118985883030826	-Inf	0	1	1	1
regulation of stem cell differentiation	GO:2000736		33	5	4.698530682800346	0.06218807327489656	0.9260234985551345	0.515170417251003	1	1
negative regulation of stem cell differentiation	GO:2000737		11	2	1.566176894266782	0.24450963006885137	1.0643462602905969	0.4783169302775343	1	1
positive regulation of stem cell differentiation	GO:2000738		11	0	1.566176894266782	-Inf	0	1	1	1
regulation of mesenchymal stem cell differentiation	GO:2000739		10	0	1.4237971766061652	-Inf	0	1	1	1
positive regulation of mesenchymal stem cell differentiation	GO:2000741		5	0	0.7118985883030826	-Inf	0	1	1	1
regulation of cytoplasmic translation	GO:2000765		27	5	3.8442523768366463	0.2628587687370479	1.078843050923153	0.3080657363242753	1	1
negative regulation of cytoplasmic translation	GO:2000766		7	2	0.9966580236243158	0.6964947538119086	1.446630636471521	0.205738078528463	1	1
positive regulation of cytoplasmic translation	GO:2000767		11	2	1.566176894266782	0.24450963006885137	1.0643462602905969	0.4783169302775343	1	1
regulation of cellular senescence	GO:2000772		29	4	4.12901181215788	-0.0317437465593069	0.8591064238673326	0.6079761405250586	1	1
negative regulation of cellular senescence	GO:2000773		14	1	1.9933160472486315	-0.689799607307982	0.48271091085741513	0.8836537633679444	1	1
positive regulation of cellular senescence	GO:2000774		10	3	1.4237971766061652	0.7452849179813407	1.4905061619474906	0.16036271498144075	0.9728178948861119	0.9728178948861118
regulation of double-strand break repair	GO:2000779		110	20	15.66176894266782	0.24450963006885137	1.0643462602905969	0.12882589779691106	0.9402525800848522	0.9402525800848521
negative regulation of double-strand break repair	GO:2000780		34	6	4.840910400460962	0.21465666691917012	1.0409768694321027	0.32667901810406075	1	1
positive regulation of double-strand break repair	GO:2000781		70	10	9.966580236243157	0.00334757325196334	0.8837426586622106	0.5085759624439226	1	1
regulation of autophagosome assembly	GO:2000785		41	15	5.837568424085278	0.9437358567051788	1.6727608424119644	2.2702418882933779e-4	0.033599579946741995	0.03359957994674199
positive regulation of autophagosome assembly	GO:2000786		18	4	2.562834917891098	0.4451803255310024	1.2280073011830346	0.24782345497280558	1	1
regulation of termination of RNA polymerase II transcription, poly(A)-coupled	GO:2000804		5	1	0.7118985883030826	0.33981980987317634	1.1407076173540833	0.5360900744813608	1	1
regulation of bicellular tight junction assembly	GO:2000810		18	0	2.562834917891098	-Inf	0	1	1	1
negative regulation of anoikis	GO:2000811		17	4	2.420455200230481	0.5023387393709511	1.276526421804185	0.21527346042877812	1	1
negative regulation of mitotic sister chromatid separation	GO:2000816		22	2	3.132353788533564	-0.44863755049109394	0.6015547714450307	0.8416248990801791	1	1
regulation of steroid hormone secretion	GO:2000831		10	0	1.4237971766061652	-Inf	0	1	1	1
positive regulation of steroid hormone secretion	GO:2000833		9	0	1.281417458945549	-Inf	0	1	1	1
regulation of corticosteroid hormone secretion	GO:2000846		6	0	0.8542783059636992	-Inf	0	1	1	1
positive regulation of corticosteroid hormone secretion	GO:2000848		6	0	0.8542783059636992	-Inf	0	1	1	1
regulation of glucocorticoid secretion	GO:2000849		5	0	0.7118985883030826	-Inf	0	1	1	1
positive regulation of glucocorticoid secretion	GO:2000851		5	0	0.7118985883030826	-Inf	0	1	1	1
regulation of endothelial cell chemotaxis	GO:2001026		20	2	2.8475943532123305	-0.35332737068676895	0.6545884298137958	0.7999882008278627	1	1
positive regulation of endothelial cell chemotaxis	GO:2001028		14	0	1.9933160472486315	-Inf	0	1	1	1
regulation of double-strand break repair via nonhomologous end joining	GO:2001032		27	4	3.8442523768366463	0.03971521742283816	0.9097334253818503	0.5176038125225733	1	1
negative regulation of double-strand break repair via nonhomologous end joining	GO:2001033		7	1	0.9966580236243158	0.00334757325196334	0.8837426586622106	0.6588243430336695	1	1
positive regulation of double-strand break repair via nonhomologous end joining	GO:2001034		15	2	2.135695764909248	-0.06564529823498817	0.835725121529455	0.613000699683637	1	1
regulation of integrin-mediated signaling pathway	GO:2001044		11	1	1.566176894266782	-0.44863755049109394	0.6015547714450307	0.8154912857198441	1	1
reactive nitrogen species metabolic process	GO:2001057		19	1	2.705214635551714	-0.9951812568591639	0.36171688738970265	0.9460619965707682	1	1
regulation of endocytic recycling	GO:2001135		12	2	1.7085566119273985	0.1574982530792216	0.9970009612255251	0.5263347265149944	1	1
positive regulation of endocytic recycling	GO:2001137		5	1	0.7118985883030826	0.33981980987317634	1.1407076173540833	0.5360900744813608	1	1
regulation of phospholipid transport	GO:2001138		11	3	1.566176894266782	0.6499747381770157	1.405190961529407	0.19837721332207095	1	1
positive regulation of phospholipid transport	GO:2001140		11	3	1.566176894266782	0.6499747381770157	1.405190961529407	0.19837721332207095	1	1
regulation of ATP biosynthetic process	GO:2001169		8	3	1.1390377412849322	0.9684284692955504	1.6958091564460576	0.0927539865889046	0.8048939983039493	0.8048939983039493
positive regulation of ATP biosynthetic process	GO:2001171		5	3	0.7118985883030826	1.438432098541286	2.145368740123665	0.023031526310023847	0.43514883751704636	0.4351488375170463
regulation of CD8-positive, alpha-beta T cell activation	GO:2001185		8	1	1.1390377412849322	-0.13018381937255932	0.7923752068513801	0.7074204375900333	1	1
regulation of T cell activation via T cell receptor contact with antigen bound to MHC molecule on antigen presenting cell	GO:2001188		5	1	0.7118985883030826	0.33981980987317634	1.1407076173540833	0.5360900744813608	1	1
regulation of dendritic cell differentiation	GO:2001198		11	1	1.566176894266782	-0.44863755049109394	0.6015547714450307	0.8154912857198441	1	1
positive regulation of dendritic cell differentiation	GO:2001200		5	0	0.7118985883030826	-Inf	0	1	1	1
regulation of neuron migration	GO:2001222		11	0	1.566176894266782	-Inf	0	1	1	1
negative regulation of apoptotic signaling pathway	GO:2001234		139	25	19.790780754825697	0.23365961404478564	1.0558214785768631	0.12697710164278508	0.9280301749694909	0.928030174969491
positive regulation of apoptotic signaling pathway	GO:2001235		75	12	10.678478824546241	0.11667625855896634	0.9662326178682779	0.378992501420084	1	1
regulation of extrinsic apoptotic signaling pathway	GO:2001236		93	16	13.241313742437338	0.18924695139380177	1.0213009063757035	0.24467424371326305	1	1
negative regulation of extrinsic apoptotic signaling pathway	GO:2001237		59	10	8.400403341976375	0.17430537139560282	1.0098250665967625	0.3275142199722376	1	1
positive regulation of extrinsic apoptotic signaling pathway	GO:2001238		28	7	3.986632094497263	0.562963361187386	1.3288054702420249	0.09275617773247463	0.8048939983039493	0.8048939983039493
regulation of extrinsic apoptotic signaling pathway in absence of ligand	GO:2001239		23	1	3.2747335061941802	-1.186236493621873	0.3008111881356697	0.9708435974336923	1	1
negative regulation of extrinsic apoptotic signaling pathway in absence of ligand	GO:2001240		19	1	2.705214635551714	-0.9951812568591639	0.36171688738970265	0.9460619965707682	1	1
regulation of intrinsic apoptotic signaling pathway	GO:2001242		117	19	16.658426966292136	0.13152276667596072	0.9773598758479624	0.30418671803948627	1	1
negative regulation of intrinsic apoptotic signaling pathway	GO:2001243		68	12	9.681820800921924	0.21465666691917012	1.0409768694321027	0.255632351167415	1	1
positive regulation of intrinsic apoptotic signaling pathway	GO:2001244		41	4	5.837568424085278	-0.37801998327714065	0.6405136533857336	0.8545161953127323	1	1
negative regulation of chromosome organization	GO:2001251		62	8	8.827542494958225	-0.09843512105797897	0.8135086363960995	0.61603840822493106	1	1
positive regulation of chromosome organization	GO:2001252		72	12	10.251339671564391	0.1574982530792214	0.9970009612255248	0.32472548420269054	1	1
regulation of store-operated calcium entry	GO:2001256		8	0	1.1390377412849322	-Inf	0	1	1	1
regulation of cation channel activity	GO:2001257		44	5	6.264707577067128	-0.22549399917688423	0.7312009952392668	0.7330478486667787	1	1
negative regulation of cation channel activity	GO:2001258		16	3	2.2780754825698644	0.2752812887356051	1.0887138899917574	0.4035880108068125	1	1
positive regulation of cation channel activity	GO:2001259		22	2	3.132353788533564	-0.44863755049109394	0.6015547714450307	0.7999882008278627	1	1
