Description	ID	pathway_genes	pathway_size	observed_val	expected_val	log_observed_expected	asinh_observed_expected	pvalue	p.adjust	qvalue
mitochondrial genome maintenance	GO:0000002		21	5	4.360853113175095	0.13677020605424967	0.9813100281419231	0.44906746990504853	1	1
single strand break repair	GO:0000012		11	3	2.284256392615526	0.27257174721331123	1.0865570588453881	0.40803498456474274	1	1
regulation of DNA recombination	GO:0000018		89	12	18.48171081298016	-0.4318749886005672	0.6106293754175496	0.960375248553708	1	1
mitotic spindle elongation	GO:0000022		8	2	1.661277376447655	0.18556037022368177	1.0184629095493067	0.4442785093143923	1	1
ribosomal large subunit assembly	GO:0000027		15	7	3.114895080839353	0.8097146792966756	1.5490472966174191	0.008661552865203377	1	1
ribosomal small subunit assembly	GO:0000028		8	4	1.661277376447655	0.8787075507836271	1.6124283013649319	0.06353591170080096	1	1
very long-chain fatty acid metabolic process	GO:0000038		24	6	4.983832129342965	0.1855603702236816	1.0184629095493065	0.3800260173993231	1	1
transition metal ion transport	GO:0000041		55	9	11.421281963077629	-0.2382538765526793	0.7232724321764719	0.8344554982076047	1	1
autophagosome assembly	GO:0000045		52	5	10.798302946909757	-0.7699510748037547	0.4479080925004649	0.9902171853136016	1	1
urea cycle	GO:0000050		6	1	1.2459580323357413	-0.21990473788448278	0.7346935242489594	0.7526154025838886	1	1
citrulline metabolic process	GO:0000052		5	2	1.0382983602797844	0.6555639994694172	1.4101486239250423	0.2784677966097898	1	1
mitotic sister chromatid segregation	GO:0000070		110	17	22.842563926155258	-0.29541229039262795	0.6885205252856659	0.8944766563583104	1	1
cell cycle checkpoint signaling	GO:0000075		106	22	22.011925237931433	-5.419094101792068e-4	0.8809904511187748	0.4798142399960047	1	1
DNA replication checkpoint signaling	GO:0000076		12	0	2.4919160646714826	-Inf	0	1	1	1
DNA damage checkpoint signaling	GO:0000077		72	16	14.951496388028895	0.0677773345672982	0.9301019182460473	0.35445236411968745	1	1
regulation of cyclin-dependent protein serine/threonine kinase activity	GO:0000079		32	6	6.64510950579062	-0.10212170222809921	0.8110355253935493	0.6790944125885722	1	1
G1/S transition of mitotic cell cycle	GO:0000082		41	5	8.514046554294232	-0.5322794229266352	0.5578739387447885	0.9392270832939187	1	1
G2/M transition of mitotic cell cycle	GO:0000086		33	6	6.852769177846577	-0.1328933608948529	0.7905889481542714	0.7092283950000058	1	1
sulfur amino acid metabolic process	GO:0000096		25	6	5.1914918013989215	0.14473837570342668	0.9873254163355113	0.42096753918330476	1	1
sulfur amino acid biosynthetic process	GO:0000097		11	2	2.284256392615526	-0.13289336089485304	0.7905889481542714	0.7000405632278557	1	1
sulfur amino acid catabolic process	GO:0000098		7	1	1.4536177043916982	-0.37405541771174117	0.6427576439377599	0.8040048847954714	1	1
sulfur amino acid transport	GO:0000101		10	0	2.076596720559569	-Inf	0	1	1	1
establishment of mitotic spindle orientation	GO:0000132		23	3	4.776172457287008	-0.4650271959174678	0.5927859106230471	0.8846910864089581	1	1
rRNA modification	GO:0000154		18	7	3.7378740970072237	0.6273931225027208	1.3852219729765114	0.06114614100470825	1	1
MAPK cascade	GO:0000165		89	15	18.48171081298016	-0.2087314372863574	0.741710958290418	0.8523550268645124	1	1
nuclear-transcribed mRNA catabolic process, nonsense-mediated decay	GO:0000184		25	3	5.1914918013989215	-0.5484088048565187	0.549754965062503	0.9165140359719977	1	1
protein polyubiquitination	GO:0000209		193	33	40.07831670679968	-0.19432789609483314	0.7508271219689276	0.8757984645870611	1	1
spliceosomal tri-snRNP complex assembly	GO:0000244		11	2	2.284256392615526	-0.13289336089485304	0.7905889481542714	0.6469486398345623	1	1
spliceosomal complex assembly	GO:0000245		39	7	8.09872721018232	-0.14579676573076106	0.7821200085399691	0.7280912537836687	1	1
mitochondrial fission	GO:0000266		9	2	1.8689370485036119	0.0677773345672982	0.9301019182460473	0.5189885297111225	1	1
polysaccharide biosynthetic process	GO:0000271		10	1	2.076596720559569	-0.7307303616504734	0.46465550092064367	0.9025405781366582	1	1
polysaccharide catabolic process	GO:0000272		5	1	1.0382983602797844	-0.03758318109052809	0.8550494879642134	0.687756407879498	1	1
nuclear division	GO:0000280		153	26	31.7719298245614	-0.20048665202738108	0.7469195445608531	0.8279867787984356	1	1
mitotic cytokinesis	GO:0000281		63	11	13.082559339525284	-0.17338472224958992	0.7642224362232729	0.6829641193809155	1	1
nuclear-transcribed mRNA catabolic process, deadenylation-dependent decay	GO:0000288		12	2	2.4919160646714826	-0.21990473788448278	0.7346935242489594	0.6469486398345623	1	1
nuclear-transcribed mRNA poly(A) tail shortening	GO:0000289		6	0	1.2459580323357413	-Inf	0	1	1	1
retrograde transport, vesicle recycling within Golgi	GO:0000301		8	2	1.661277376447655	0.18556037022368177	1.0184629095493067	0.5189885297111225	1	1
response to reactive oxygen species	GO:0000302		82	15	17.028093108588465	-0.12681431481847077	0.79460036016631	0.7503315387140819	1	1
response to superoxide	GO:0000303		11	1	2.284256392615526	-0.8260405414547983	0.4248799167694929	0.9227905796275384	1	1
response to oxygen radical	GO:0000305		12	1	2.4919160646714826	-0.9130519184444281	0.39123986519130494	0.9388339804989202	1	1
protein deneddylation	GO:0000338		10	1	2.076596720559569	-0.7307303616504734	0.46465550092064367	0.8769813843064487	1	1
RNA splicing, via transesterification reactions	GO:0000375		186	27	38.624699002407986	-0.3580550763653001	0.6518754786505592	0.9753414107296645	1	1
RNA splicing, via transesterification reactions with bulged adenosine as nucleophile	GO:0000377		181	27	37.5864006421282	-0.3308054339179244	0.6676305462389595	0.965686951793026	1	1
alternative mRNA splicing, via spliceosome	GO:0000380		12	2	2.4919160646714826	-0.21990473788448278	0.7346935242489594	0.7463131700423387	1	1
regulation of alternative mRNA splicing, via spliceosome	GO:0000381		38	6	7.891067538126363	-0.2739719591547587	0.7014093242688044	0.8302501961935482	1	1
spliceosomal snRNP assembly	GO:0000387		32	6	6.64510950579062	-0.10212170222809921	0.8110355253935493	0.6130339725169629	1	1
mRNA 3'-splice site recognition	GO:0000389		5	0	1.0382983602797844	-Inf	0	1	1	1
RNA splicing, via endonucleolytic cleavage and ligation	GO:0000394		8	1	1.661277376447655	-0.5075868103362635	0.5704932391303862	0.8447215069503783	1	1
mRNA splicing, via spliceosome	GO:0000398		181	27	37.5864006421282	-0.3308054339179244	0.6676305462389595	0.965686951793026	1	1
autophagy of mitochondrion	GO:0000422		31	5	6.4374498337346635	-0.2526945607074737	0.7143744674522063	0.8014772670963013	1	1
mitophagy	GO:0000423		25	4	5.1914918013989215	-0.2607267324047378	0.709459778017518	0.7935739204522448	1	1
pexophagy	GO:0000425		6	3	1.2459580323357413	0.878707550783627	1.6124283013649316	0.1084805211142787	1	1
maturation of 5.8S rRNA	GO:0000460		10	2	2.076596720559569	-0.03758318109052809	0.8550494879642134	0.5866424881018152	1	1
small nucleolar ribonucleoprotein complex assembly	GO:0000491		6	0	1.2459580323357413	-Inf	0	1	1	1
box C/D snoRNP assembly	GO:0000492		5	0	1.0382983602797844	-Inf	0	1	1	1
embryonic axis specification	GO:0000578		9	1	1.8689370485036119	-0.6253698459926471	0.5123516935775311	0.8769813843064487	1	1
telomere maintenance via recombination	GO:0000722		8	1	1.661277376447655	-0.5075868103362635	0.5704932391303862	0.8447215069503783	1	1
telomere maintenance	GO:0000723		65	10	13.497878683637197	-0.29994744555801905	0.6858168500062106	0.8420270943814117	1	1
double-strand break repair via homologous recombination	GO:0000724		76	13	15.782135076252725	-0.19392925148122228	0.7510805473846401	0.8230297991530621	1	1
recombinational repair	GO:0000725		78	13	16.19745442036464	-0.21990473788448292	0.7346935242489593	0.8502692071257494	1	1
DNA double-strand break processing	GO:0000729		17	3	3.530214424951267	-0.16274632404453418	0.771090171362034	0.7172018988421163	1	1
DNA synthesis involved in DNA repair	GO:0000731		31	9	6.4374498337346635	0.33509210419464536	1.1368592482814794	0.1780585903149542	1	1
syncytium formation by plasma membrane fusion	GO:0000768		13	2	2.6995757367274393	-0.29994744555801905	0.6858168500062106	0.7000405632278557	1	1
sister chromatid segregation	GO:0000819		112	18	23.257883270267172	-0.2562723820553576	0.712182235853394	0.8619210445420278	1	1
cell morphogenesis	GO:0000902		114	10	23.673202614379086	-0.8617586240568776	0.4107691069507472	0.9998426524717743	1	1
cytokinesis	GO:0000910		69	11	14.328517371861025	-0.2643565004553166	0.7072469160566756	0.8033813397472354	1	1
nuclear-transcribed mRNA catabolic process	GO:0000956		62	10	12.874899667469327	-0.2526945607074737	0.7143744674522063	0.8100762711215267	1	1
mitochondrial RNA catabolic process	GO:0000957		6	0	1.2459580323357413	-Inf	0	1	1	1
mitochondrial RNA metabolic process	GO:0000959		35	6	7.26808852195849	-0.19173386091778638	0.7524772743438592	0.7373666622349946	1	1
mitochondrial RNA processing	GO:0000963		18	5	3.7378740970072237	0.290920885881508	1.1012048484582468	0.3128420019394392	1	1
mitochondrial RNA 3'-end processing	GO:0000965		7	1	1.4536177043916982	-0.37405541771174117	0.6427576439377599	0.8040048847954714	1	1
RNA 5'-end processing	GO:0000966		22	4	4.568512785231052	-0.13289336089485304	0.7905889481542714	0.6214281163137048	1	1
response to acid chemical	GO:0001101		38	6	7.891067538126363	-0.2739719591547587	0.7014093242688044	0.809889536653198	1	1
promoter clearance during DNA-templated transcription	GO:0001109		7	0	1.4536177043916982	-Inf	0	1	1	1
RNA polymerase II promoter clearance	GO:0001111		7	0	1.4536177043916982	-Inf	0	1	1	1
formation of extrachromosomal circular DNA	GO:0001325		10	1	2.076596720559569	-0.7307303616504734	0.46465550092064367	0.9025405781366582	1	1
guanine nucleotide transport	GO:0001408		8	4	1.661277376447655	0.8787075507836271	1.6124283013649319	0.06353591170080096	1	1
skeletal system development	GO:0001501		141	16	29.280013759889922	-0.6043164367948148	0.5223656479207889	0.9987658906783872	1	1
ossification	GO:0001503		48	9	9.96766425868593	-0.10212170222809934	0.8110355253935492	0.6901827122704636	1	1
neurotransmitter uptake	GO:0001504		19	2	3.9455337690631813	-0.6794370672629231	0.4873768597596791	0.9283279489376746	1	1
action potential	GO:0001508		54	7	11.213622291021672	-0.4712191661653889	0.5894997340452318	0.9436488440484747	1	1
RNA methylation	GO:0001510		47	10	9.760004586629973	0.024292222627559264	0.8986546717213224	0.462927949737976	1	1
prostaglandin biosynthetic process	GO:0001516		13	2	2.6995757367274393	-0.29994744555801905	0.6858168500062106	0.7863084571716146	1	1
pseudouridine synthesis	GO:0001522		12	7	2.4919160646714826	1.032858230610885	1.7562795852152806	0.00486351444318453	1	1
retinoid metabolic process	GO:0001523		55	5	11.421281963077629	-0.8260405414547983	0.4248799167694929	0.988514161539393	1	1
angiogenesis	GO:0001525		88	14	18.274051140924207	-0.2664247535193757	0.7059882779701845	0.8896517374384163	1	1
cilium or flagellum-dependent cell motility	GO:0001539		40	8	8.306386882238275	-0.03758318109052809	0.8550494879642134	0.5788220891434956	1	1
ovarian follicle development	GO:0001541		6	0	1.2459580323357413	-Inf	0	1	1	1
fatty acid alpha-oxidation	GO:0001561		6	2	1.2459580323357413	0.4732424426754625	1.2517310839972888	0.2784677966097898	1	1
response to protozoan	GO:0001562		5	0	1.0382983602797844	-Inf	0	1	1	1
blood vessel development	GO:0001568		113	17	23.46554294232313	-0.3223197433125523	0.6725951147060337	0.9473718154797471	1	1
vasculogenesis	GO:0001570		10	0	2.076596720559569	-Inf	0	1	1	1
ganglioside metabolic process	GO:0001573		15	6	3.114895080839353	0.6555639994694172	1.4101486239250423	0.07136976970076461	1	1
ganglioside biosynthetic process	GO:0001574		8	1	1.661277376447655	-0.5075868103362635	0.5704932391303862	0.8447215069503783	1	1
microtubule bundle formation	GO:0001578		60	9	12.459580323357413	-0.32526525354230906	0.6708686990356654	0.8896430926886778	1	1
detection of chemical stimulus involved in sensory perception of bitter taste	GO:0001580		33	0	6.852769177846577	-Inf	0	1	1	1
osteoblast differentiation	GO:0001649		22	6	4.568512785231052	0.27257174721331123	1.0865570588453881	0.2987245826673827	1	1
eye development	GO:0001654		53	4	11.005962618965716	-1.0121428210886592	0.3558796026599307	0.9967002550875584	1	1
metanephros development	GO:0001656		5	0	1.0382983602797844	-Inf	0	1	1	1
ureteric bud development	GO:0001657		6	0	1.2459580323357413	-Inf	0	1	1	1
response to hypoxia	GO:0001666		94	13	19.520009173259947	-0.4064906934648948	0.6245764268091292	0.9608670803115926	1	1
ameboidal-type cell migration	GO:0001667		30	11	6.229790161678706	0.5685526224797874	1.3336656148047565	0.032995799326347226	1	1
long-chain fatty acid metabolic process	GO:0001676		76	15	15.782135076252725	-0.050828407840548886	0.8458929265164153	0.5879208215338972	1	1
intracellular glucose homeostasis	GO:0001678		19	4	3.9455337690631813	0.013710113297022255	0.8911012527496509	0.5316813120771371	1	1
tRNA 5'-leader removal	GO:0001682		11	4	2.284256392615526	0.5602538196650922	1.3264517770645412	0.1346905284137217	1	1
histamine metabolic process	GO:0001692		5	0	1.0382983602797844	-Inf	0	1	1	1
in utero embryonic development	GO:0001701		7	0	1.4536177043916982	-Inf	0	1	1	1
formation of primary germ layer	GO:0001704		18	3	3.7378740970072237	-0.21990473788448264	0.7346935242489595	0.7543060161951124	1	1
endoderm formation	GO:0001706		13	2	2.6995757367274393	-0.29994744555801905	0.6858168500062106	0.7863084571716146	1	1
mesoderm formation	GO:0001707		6	1	1.2459580323357413	-0.21990473788448278	0.7346935242489594	0.7526154025838886	1	1
cell fate specification	GO:0001708		6	1	1.2459580323357413	-0.21990473788448278	0.7346935242489594	0.7526154025838886	1	1
cell fate determination	GO:0001709		8	1	1.661277376447655	-0.5075868103362635	0.5704932391303862	0.8447215069503783	1	1
morphogenesis of a polarized epithelium	GO:0001738		16	4	3.32255475289531	0.18556037022368177	1.0184629095493067	0.43250684412533813	1	1
morphogenesis of a branching structure	GO:0001763		15	0	3.114895080839353	-Inf	0	1	1	1
neuron migration	GO:0001764		17	2	3.530214424951267	-0.5682114321526985	0.5399204070993384	0.8958039001890645	1	1
membrane raft assembly	GO:0001765		8	0	1.661277376447655	-Inf	0	1	1	1
immunological synapse formation	GO:0001771		5	2	1.0382983602797844	0.6555639994694172	1.4101486239250423	0.2784677966097898	1	1
myeloid dendritic cell activation	GO:0001773		6	1	1.2459580323357413	-0.21990473788448278	0.7346935242489594	0.7526154025838886	1	1
microglial cell activation	GO:0001774		6	1	1.2459580323357413	-0.21990473788448278	0.7346935242489594	0.7526154025838886	1	1
leukocyte homeostasis	GO:0001776		10	2	2.076596720559569	-0.03758318109052809	0.8550494879642134	0.5866424881018152	1	1
plasma membrane repair	GO:0001778		17	0	3.530214424951267	-Inf	0	1	1	1
cytokine production	GO:0001816		10	0	2.076596720559569	-Inf	0	1	1	1
negative regulation of cytokine production	GO:0001818		183	22	38.00171998624011	-0.546588968139533	0.5506661170650772	0.9988040157161955	1	1
kidney development	GO:0001822		46	7	9.552344914574016	-0.3108765160902095	0.6793338644888768	0.8537224740103584	1	1
mesonephros development	GO:0001823		6	0	1.2459580323357413	-Inf	0	1	1	1
release of cytochrome c from mitochondria	GO:0001836		10	3	2.076596720559569	0.3678819270176362	1.1636753669944517	0.3454178811708285	1	1
epithelial to mesenchymal transition	GO:0001837		39	9	8.09872721018232	0.10551766255014502	0.9579172596729196	0.42228919185602753	1	1
phagolysosome assembly	GO:0001845		7	1	1.4536177043916982	-0.37405541771174117	0.6427576439377599	0.8040048847954714	1	1
complement activation, lectin pathway	GO:0001867		9	2	1.8689370485036119	0.0677773345672982	0.9301019182460473	0.5866424881018152	1	1
response to yeast	GO:0001878		8	1	1.661277376447655	-0.5075868103362635	0.5704932391303862	0.8447215069503783	1	1
receptor recycling	GO:0001881		14	2	2.9072354087833965	-0.37405541771174117	0.6427576439377599	0.8206374202006002	1	1
endothelial cell development	GO:0001885		28	4	5.814470817566793	-0.37405541771174117	0.6427576439377599	0.8623881774173159	1	1
liver development	GO:0001889		10	0	2.076596720559569	-Inf	0	1	1	1
placenta development	GO:0001890		14	2	2.9072354087833965	-0.37405541771174117	0.6427576439377599	0.8206374202006002	1	1
maternal placenta development	GO:0001893		7	1	1.4536177043916982	-0.37405541771174117	0.6427576439377599	0.8040048847954714	1	1
tissue homeostasis	GO:0001894		58	6	12.0442609792455	-0.6968288099747922	0.47956777382318216	0.9822234826202383	1	1
retina homeostasis	GO:0001895		26	2	5.399151473454879	-0.9930946261179644	0.3624410396831095	0.9776356206684261	1	1
cell killing	GO:0001906		119	14	24.71150097465887	-0.5682114321526985	0.5399204070993384	0.9796772126994028	1	1
leukocyte mediated cytotoxicity	GO:0001909		38	6	7.891067538126363	-0.2739719591547587	0.7014093242688044	0.7373666622349946	1	1
regulation of leukocyte mediated cytotoxicity	GO:0001910		55	7	11.421281963077629	-0.48956830483358543	0.5798472933205446	0.9504156139725669	1	1
negative regulation of leukocyte mediated cytotoxicity	GO:0001911		25	2	5.1914918013989215	-0.9538739129646832	0.37630172211245844	0.9776356206684261	1	1
positive regulation of leukocyte mediated cytotoxicity	GO:0001912		32	5	6.64510950579062	-0.28444325902205386	0.6950924825045942	0.8014772670963013	1	1
T cell mediated cytotoxicity	GO:0001913		6	1	1.2459580323357413	-0.21990473788448278	0.7346935242489594	0.6058986856255562	1	1
regulation of T cell mediated cytotoxicity	GO:0001914		21	4	4.360853113175095	-0.08637334525996013	0.8216351574574108	0.6214281163137048	1	1
negative regulation of T cell mediated cytotoxicity	GO:0001915		7	1	1.4536177043916982	-0.37405541771174117	0.6427576439377599	0.8040048847954714	1	1
positive regulation of T cell mediated cytotoxicity	GO:0001916		13	3	2.6995757367274393	0.10551766255014523	0.9579172596729197	0.4686775291554418	1	1
regulation of receptor recycling	GO:0001919		15	2	3.114895080839353	-0.4430482891986925	0.6045686331939815	0.8499280422811566	1	1
negative regulation of receptor recycling	GO:0001920		5	0	1.0382983602797844	-Inf	0	1	1	1
positive regulation of receptor recycling	GO:0001921		8	1	1.661277376447655	-0.5075868103362635	0.5704932391303862	0.8447215069503783	1	1
negative regulation of protein phosphorylation	GO:0001933		93	18	19.312349501203993	-0.07037300391351914	0.8324976266966551	0.6329240546789363	1	1
endothelial cell proliferation	GO:0001935		17	2	3.530214424951267	-0.5682114321526985	0.5399204070993384	0.8747919000306	1	1
regulation of endothelial cell proliferation	GO:0001936		103	19	21.38894622176356	-0.11843527771962321	0.8001520184219821	0.739736969669146	1	1
negative regulation of endothelial cell proliferation	GO:0001937		34	10	7.060428849902534	0.3480792997214565	1.1474455497580873	0.15088744152414232	1	1
positive regulation of endothelial cell proliferation	GO:0001938		65	9	13.497878683637197	-0.40530796121584545	0.6252322914041959	0.9362785607288326	1	1
postsynaptic membrane organization	GO:0001941		5	1	1.0382983602797844	-0.03758318109052809	0.8550494879642134	0.687756407879498	1	1
hair follicle development	GO:0001942		9	1	1.8689370485036119	-0.6253698459926471	0.5123516935775311	0.8447215069503783	1	1
vasculature development	GO:0001944		128	18	26.58043802316248	-0.38980377467988014	0.6338795757610991	0.9783324968776634	1	1
lymph vessel development	GO:0001945		9	0	1.8689370485036119	-Inf	0	1	1	1
lymphangiogenesis	GO:0001946		6	0	1.2459580323357413	-Inf	0	1	1	1
heart looping	GO:0001947		7	0	1.4536177043916982	-Inf	0	1	1	1
regulation of cell-matrix adhesion	GO:0001952		85	16	17.651072124756336	-0.09820780290696297	0.8136612948910159	0.7117915585494419	1	1
negative regulation of cell-matrix adhesion	GO:0001953		24	1	4.983832129342965	-1.6061990990043733	0.19932628392479618	0.9962668165603152	1	1
positive regulation of cell-matrix adhesion	GO:0001954		40	13	8.306386882238275	0.4479246346911728	1.230318932282037	0.056130104268282674	1	1
regulation of cytokine-mediated signaling pathway	GO:0001959		125	20	25.95745900699461	-0.2607267324047379	0.7094597780175179	0.8998987937020829	1	1
negative regulation of cytokine-mediated signaling pathway	GO:0001960		59	8	12.251920651301456	-0.4262411708823112	0.6137034640323809	0.9278356827699249	1	1
positive regulation of cytokine-mediated signaling pathway	GO:0001961		46	8	9.552344914574016	-0.17734512346568673	0.7616766486395636	0.7207078205493371	1	1
regulation of systemic arterial blood pressure by hormone	GO:0001990		17	1	3.530214424951267	-1.2613586127126437	0.2796111962732416	0.9809185311126569	1	1
regulation of systemic arterial blood pressure by circulatory renin-angiotensin	GO:0001991		7	1	1.4536177043916982	-0.37405541771174117	0.6427576439377599	0.8040048847954714	1	1
regulation of angiotensin levels in blood	GO:0002002		7	1	1.4536177043916982	-0.37405541771174117	0.6427576439377599	0.8040048847954714	1	1
angiotensin maturation	GO:0002003		7	1	1.4536177043916982	-0.37405541771174117	0.6427576439377599	0.8040048847954714	1	1
morphogenesis of an epithelium	GO:0002009		80	9	16.61277376447655	-0.61294732599409	0.5182406726404424	0.9888751483655107	1	1
morphogenesis of an epithelial sheet	GO:0002011		20	1	4.153193441119138	-1.4238775422104186	0.23851075901735286	0.9905159401782357	1	1
regulation of the force of heart contraction	GO:0002026		12	3	2.4919160646714826	0.1855603702236816	1.0184629095493065	0.4686775291554418	1	1
regulation of heart rate	GO:0002027		58	10	12.0442609792455	-0.18600318620880152	0.7561317767125373	0.7534662541433266	1	1
regulation of sodium ion transport	GO:0002028		34	6	7.060428849902534	-0.16274632404453418	0.771090171362034	0.7092283950000058	1	1
desensitization of G protein-coupled receptor signaling pathway	GO:0002029		7	2	1.4536177043916982	0.3190917628482042	1.123880732467684	0.4442785093143923	1	1
G protein-coupled receptor internalization	GO:0002031		6	1	1.2459580323357413	-0.21990473788448278	0.7346935242489594	0.7526154025838886	1	1
sprouting angiogenesis	GO:0002040		31	4	6.4374498337346635	-0.47583811202168336	0.5870579010261421	0.9105414052447596	1	1
cell migration involved in sprouting angiogenesis	GO:0002042		15	3	3.114895080839353	-0.03758318109052809	0.8550494879642134	0.6302483766769817	1	1
chondrocyte differentiation	GO:0002062		9	1	1.8689370485036119	-0.6253698459926471	0.5123516935775311	0.8769813843064487	1	1
epithelial cell development	GO:0002064		42	6	8.72170622635019	-0.37405541771174117	0.6427576439377599	0.880985340421104	1	1
columnar/cuboidal epithelial cell differentiation	GO:0002065		14	1	2.9072354087833965	-1.0672025982716864	0.3375241858610443	0.961614211589703	1	1
regulation of oxidative phosphorylation	GO:0002082		12	4	2.4919160646714826	0.4732424426754625	1.2517310839972888	0.17843893878705638	1	1
protein depalmitoylation	GO:0002084		7	3	1.4536177043916982	0.7245568709563687	1.4718161116467272	0.1614187469654273	1	1
regulation of receptor internalization	GO:0002090		41	7	8.514046554294232	-0.1958071863054222	0.7498872372956741	0.7531772502670526	1	1
negative regulation of receptor internalization	GO:0002091		12	2	2.4919160646714826	-0.21990473788448278	0.7346935242489594	0.7463131700423387	1	1
positive regulation of receptor internalization	GO:0002092		21	4	4.360853113175095	-0.08637334525996013	0.8216351574574108	0.661983562527506	1	1
tRNA wobble base modification	GO:0002097		8	2	1.661277376447655	0.18556037022368177	1.0184629095493067	0.5189885297111225	1	1
tRNA wobble uridine modification	GO:0002098		6	2	1.2459580323357413	0.4732424426754625	1.2517310839972888	0.36346143435754485	1	1
store-operated calcium entry	GO:0002115		8	2	1.661277376447655	0.18556037022368177	1.0184629095493067	0.5189885297111225	1	1
desmosome assembly	GO:0002159		6	1	1.2459580323357413	-0.21990473788448278	0.7346935242489594	0.7526154025838886	1	1
cytoplasmic translation	GO:0002181		100	74	20.765967205595686	1.2707496385596508	1.9830267002765083	3.373952861161493e-30	1.7976420844268437e-26	1.7976420844268437e-26
cytoplasmic translational initiation	GO:0002183		18	4	3.7378740970072237	0.0677773345672982	0.9301019182460473	0.5316813120771371	1	1
somatic diversification of immune receptors	GO:0002200		12	1	2.4919160646714826	-0.9130519184444281	0.39123986519130494	0.9388339804989202	1	1
activation of innate immune response	GO:0002218		128	20	26.58043802316248	-0.28444325902205386	0.6950924825045942	0.9210382215488926	1	1
innate immune response activating cell surface receptor signaling pathway	GO:0002220		48	6	9.96766425868593	-0.5075868103362637	0.5704932391303862	0.9282179984336585	1	1
pattern recognition receptor signaling pathway	GO:0002221		94	17	19.520009173259947	-0.13822670687021552	0.7870809523872809	0.7274591597228338	1	1
stimulatory C-type lectin receptor signaling pathway	GO:0002223		16	3	3.32255475289531	-0.10212170222809921	0.8110355253935493	0.6758810380350535	1	1
toll-like receptor signaling pathway	GO:0002224		29	4	6.02213048962275	-0.40914673752301123	0.623105519043334	0.8623881774173159	1	1
innate immune response in mucosa	GO:0002227		16	2	3.32255475289531	-0.5075868103362635	0.5704932391303862	0.8747919000306	1	1
natural killer cell mediated immunity	GO:0002228		31	5	6.4374498337346635	-0.2526945607074737	0.7143744674522063	0.7493074800281739	1	1
positive regulation of defense response to virus by host	GO:0002230		28	3	5.814470817566793	-0.661737490163522	0.4954358756915953	0.9401202764318235	1	1
response to molecule of bacterial origin	GO:0002237		103	11	21.38894622176356	-0.6649789840876931	0.4939514871010568	0.9966793104856622	1	1
hematopoietic progenitor cell differentiation	GO:0002244		15	2	3.114895080839353	-0.4430482891986925	0.6045686331939815	0.8499280422811566	1	1
adaptive immune response	GO:0002250		58	12	12.0442609792455	-0.0036816294148469112	0.8787726794625421	0.5040500098084068	1	1
organ or tissue specific immune response	GO:0002251		19	2	3.9455337690631813	-0.6794370672629231	0.4873768597596791	0.9283279489376746	1	1
immune effector process	GO:0002252		160	21	33.2255475289531	-0.45879664616683163	0.5961073225415894	0.9897058854619417	1	1
lymphocyte homeostasis	GO:0002260		6	2	1.2459580323357413	0.4732424426754625	1.2517310839972888	0.2784677966097898	1	1
myeloid cell homeostasis	GO:0002262		31	11	6.4374498337346635	0.5357627996567965	1.3052489845948603	0.041824396244160664	1	1
cell activation involved in immune response	GO:0002263		59	8	12.251920651301456	-0.4262411708823112	0.6137034640323809	0.9189180325990167	1	1
leukocyte activation involved in inflammatory response	GO:0002269		6	1	1.2459580323357413	-0.21990473788448278	0.7346935242489594	0.7526154025838886	1	1
myeloid leukocyte activation	GO:0002274		59	8	12.251920651301456	-0.4262411708823112	0.6137034640323809	0.9358884670652412	1	1
myeloid cell activation involved in immune response	GO:0002275		22	2	4.568512785231052	-0.8260405414547983	0.4248799167694929	0.9510815874352324	1	1
eosinophil activation involved in immune response	GO:0002278		5	2	1.0382983602797844	0.6555639994694172	1.4101486239250423	0.2784677966097898	1	1
mast cell activation involved in immune response	GO:0002279		8	1	1.661277376447655	-0.5075868103362635	0.5704932391303862	0.8040048847954714	1	1
macrophage activation involved in immune response	GO:0002281		6	0	1.2459580323357413	-Inf	0	1	1	1
neutrophil activation involved in immune response	GO:0002283		5	1	1.0382983602797844	-0.03758318109052809	0.8550494879642134	0.687756407879498	1	1
lymphocyte activation involved in immune response	GO:0002285		34	6	7.060428849902534	-0.16274632404453418	0.771090171362034	0.7092283950000058	1	1
T cell activation involved in immune response	GO:0002286		24	3	4.983832129342965	-0.5075868103362637	0.5704932391303862	0.9017612221096273	1	1
alpha-beta T cell activation involved in immune response	GO:0002287		19	3	3.9455337690631813	-0.2739719591547587	0.7014093242688044	0.7873782230686989	1	1
T cell differentiation involved in immune response	GO:0002292		19	3	3.9455337690631813	-0.2739719591547587	0.7014093242688044	0.7873782230686989	1	1
alpha-beta T cell differentiation involved in immune response	GO:0002293		19	3	3.9455337690631813	-0.2739719591547587	0.7014093242688044	0.7873782230686989	1	1
CD4-positive, alpha-beta T cell differentiation involved in immune response	GO:0002294		18	3	3.7378740970072237	-0.21990473788448264	0.7346935242489595	0.7543060161951124	1	1
T-helper cell lineage commitment	GO:0002295		6	1	1.2459580323357413	-0.21990473788448278	0.7346935242489594	0.7526154025838886	1	1
natural killer cell activation involved in immune response	GO:0002323		6	2	1.2459580323357413	0.4732424426754625	1.2517310839972888	0.2784677966097898	1	1
response to tumor cell	GO:0002347		20	8	4.153193441119138	0.6555639994694172	1.4101486239250423	0.020237802909750687	1	1
defense response to tumor cell	GO:0002357		11	6	2.284256392615526	0.9657189277732565	1.6932764848429893	0.014017249190942915	1	1
T cell lineage commitment	GO:0002360		8	1	1.661277376447655	-0.5075868103362635	0.5704932391303862	0.8447215069503783	1	1
alpha-beta T cell lineage commitment	GO:0002363		7	1	1.4536177043916982	-0.37405541771174117	0.6427576439377599	0.8040048847954714	1	1
leukocyte activation involved in immune response	GO:0002366		55	8	11.421281963077629	-0.3560369122090627	0.6530325315921796	0.8862906119354687	1	1
immunoglobulin production	GO:0002377		7	1	1.4536177043916982	-0.37405541771174117	0.6427576439377599	0.8040048847954714	1	1
mucosal immune response	GO:0002385		17	2	3.530214424951267	-0.5682114321526985	0.5399204070993384	0.8958039001890645	1	1
MHC protein complex assembly	GO:0002396		10	5	2.076596720559569	0.878707550783627	1.6124283013649316	0.03807919159245748	1	1
MHC class I protein complex assembly	GO:0002397		6	1	1.2459580323357413	-0.21990473788448278	0.7346935242489594	0.7526154025838886	1	1
dendritic cell chemotaxis	GO:0002407		12	1	2.4919160646714826	-0.9130519184444281	0.39123986519130494	0.9388339804989202	1	1
immune response to tumor cell	GO:0002418		5	0	1.0382983602797844	-Inf	0	1	1	1
immune response-activating cell surface receptor signaling pathway	GO:0002429		141	22	29.280013759889922	-0.2858627056762802	0.6942394361324995	0.927286384330541	1	1
complement receptor mediated signaling pathway	GO:0002430		6	1	1.2459580323357413	-0.21990473788448278	0.7346935242489594	0.7526154025838886	1	1
Fc receptor mediated stimulatory signaling pathway	GO:0002431		22	2	4.568512785231052	-0.8260405414547983	0.4248799167694929	0.9596879464758464	1	1
immune response-regulating cell surface receptor signaling pathway involved in phagocytosis	GO:0002433		22	2	4.568512785231052	-0.8260405414547983	0.4248799167694929	0.9596879464758464	1	1
inflammatory response to antigenic stimulus	GO:0002437		6	2	1.2459580323357413	0.4732424426754625	1.2517310839972888	0.36346143435754485	1	1
production of molecular mediator of immune response	GO:0002440		8	1	1.661277376447655	-0.5075868103362635	0.5704932391303862	0.8447215069503783	1	1
leukocyte mediated immunity	GO:0002443		75	14	15.574475404196766	-0.10657605257747957	0.80805405740434455	0.6099605459866015	1	1
myeloid leukocyte mediated immunity	GO:0002444		24	4	4.983832129342965	-0.21990473788448278	0.7346935242489594	0.733864067829993	1	1
neutrophil mediated immunity	GO:0002446		13	3	2.6995757367274393	0.10551766255014523	0.9579172596729197	0.5263390908313202	1	1
eosinophil mediated immunity	GO:0002447		5	2	1.0382983602797844	0.6555639994694172	1.4101486239250423	0.2784677966097898	1	1
mast cell mediated immunity	GO:0002448		8	1	1.661277376447655	-0.5075868103362635	0.5704932391303862	0.8040048847954714	1	1
lymphocyte mediated immunity	GO:0002449		56	12	11.628941635133586	0.03140969039642335	0.9037570637243312	0.393071817276464	1	1
humoral immune response mediated by circulating immunoglobulin	GO:0002455		6	1	1.2459580323357413	-0.21990473788448278	0.7346935242489594	0.7526154025838886	1	1
T cell mediated immunity	GO:0002456		11	3	2.284256392615526	0.27257174721331123	1.0865570588453881	0.2821996753436965	1	1
adaptive immune response based on somatic recombination of immune receptors built from immunoglobulin superfamily domains	GO:0002460		45	11	9.344685242518059	0.16308751437162317	1.0012556577857077	0.26941622012476485	1	1
antigen processing and presentation of peptide antigen via MHC class I	GO:0002474		19	4	3.9455337690631813	0.013710113297022255	0.8911012527496509	0.5779209128693176	1	1
antigen processing and presentation via MHC class Ib	GO:0002475		5	0	1.0382983602797844	-Inf	0	1	1	1
antigen processing and presentation of exogenous peptide antigen	GO:0002478		23	12	4.776172457287008	0.9212671652024228	1.6518532303205657	4.987662154800644e-4	0.20441741508290642	0.20441741508290642
antigen processing and presentation of endogenous peptide antigen	GO:0002483		14	3	2.9072354087833965	0.03140969039642335	0.9037570637243312	0.580334678997702	1	1
antigen processing and presentation of peptide antigen via MHC class II	GO:0002495		19	12	3.9455337690631813	1.1123224019651319	1.831461861857007	3.3104907023225286e-5	0.02519756351710633	0.025197563517106333
peptide antigen assembly with MHC protein complex	GO:0002501		10	5	2.076596720559569	0.878707550783627	1.6124283013649316	0.03807919159245748	1	1
peptide antigen assembly with MHC class I protein complex	GO:0002502		6	1	1.2459580323357413	-0.21990473788448278	0.7346935242489594	0.7526154025838886	1	1
antigen processing and presentation of peptide or polysaccharide antigen via MHC class II	GO:0002504		19	12	3.9455337690631813	1.1123224019651319	1.831461861857007	3.3104907023225286e-5	0.02519756351710633	0.025197563517106333
tolerance induction	GO:0002507		10	2	2.076596720559569	-0.03758318109052809	0.8550494879642134	0.6469486398345623	1	1
immune system development	GO:0002520		30	5	6.229790161678706	-0.21990473788448278	0.7346935242489594	0.7765621815304163	1	1
leukocyte differentiation	GO:0002521		110	19	22.842563926155258	-0.1841866552824035	0.7572927874610997	0.847538528391417	1	1
leukocyte migration involved in inflammatory response	GO:0002523		7	0	1.4536177043916982	-Inf	0	1	1	1
acute inflammatory response	GO:0002526		22	2	4.568512785231052	-0.8260405414547983	0.4248799167694929	0.9510815874352324	1	1
monocyte chemotaxis	GO:0002548		23	1	4.776172457287008	-1.5636394845855774	0.20787237682516796	0.9940495488315544	1	1
somatic diversification of immune receptors via germline recombination within a single locus	GO:0002562		8	1	1.661277376447655	-0.5075868103362635	0.5704932391303862	0.8447215069503783	1	1
myeloid leukocyte differentiation	GO:0002573		55	12	11.421281963077629	0.049428195899101635	0.9167528249457887	0.4765727527304131	1	1
regulation of antigen processing and presentation	GO:0002577		11	3	2.284256392615526	0.27257174721331123	1.0865570588453881	0.40803498456474274	1	1
negative regulation of antigen processing and presentation	GO:0002578		7	1	1.4536177043916982	-0.37405541771174117	0.6427576439377599	0.8040048847954714	1	1
regulation of antigen processing and presentation of peptide antigen	GO:0002583		5	2	1.0382983602797844	0.6555639994694172	1.4101486239250423	0.2784677966097898	1	1
regulation of immunoglobulin production	GO:0002637		23	2	4.776172457287008	-0.870492304025632	0.40738318263698703	0.9668305045774548	1	1
positive regulation of immunoglobulin production	GO:0002639		20	2	4.153193441119138	-0.7307303616504734	0.46465550092064367	0.9407351059279203	1	1
regulation of tolerance induction	GO:0002643		7	0	1.4536177043916982	-Inf	0	1	1	1
regulation of T cell tolerance induction	GO:0002664		6	0	1.2459580323357413	-Inf	0	1	1	1
regulation of acute inflammatory response	GO:0002673		14	0	2.9072354087833965	-Inf	0	1	1	1
negative regulation of acute inflammatory response	GO:0002674		5	0	1.0382983602797844	-Inf	0	1	1	1
positive regulation of acute inflammatory response	GO:0002675		7	0	1.4536177043916982	-Inf	0	1	1	1
regulation of leukocyte migration	GO:0002685		128	22	26.58043802316248	-0.18913307921772893	0.7541342760014264	0.8485613651566863	1	1
negative regulation of leukocyte migration	GO:0002686		30	10	6.229790161678706	0.4732424426754625	1.2517310839972888	0.07555491602982693	1	1
positive regulation of leukocyte migration	GO:0002687		90	12	18.689370485036118	-0.4430482891986925	0.6045686331939815	0.9715665671395739	1	1
regulation of leukocyte chemotaxis	GO:0002688		86	15	17.858731796812293	-0.17444236380772543	0.763541994127848	0.7987702053286083	1	1
negative regulation of leukocyte chemotaxis	GO:0002689		13	4	2.6995757367274393	0.39319973500192623	1.1845771521468593	0.27647232356917906	1	1
positive regulation of leukocyte chemotaxis	GO:0002690		68	10	14.120857699805068	-0.34506788083848877	0.6593487065289834	0.9131310142538445	1	1
regulation of cellular extravasation	GO:0002691		16	2	3.32255475289531	-0.5075868103362635	0.5704932391303862	0.8747919000306	1	1
negative regulation of cellular extravasation	GO:0002692		5	2	1.0382983602797844	0.6555639994694172	1.4101486239250423	0.2784677966097898	1	1
positive regulation of cellular extravasation	GO:0002693		7	0	1.4536177043916982	-Inf	0	1	1	1
negative regulation of leukocyte activation	GO:0002695		81	13	16.820433436532507	-0.25764506586732977	0.7113424543846055	0.8741455807945094	1	1
positive regulation of leukocyte activation	GO:0002696		167	31	34.6791652333448	-0.1121518765880366	0.8043322845850897	0.7751087625756523	1	1
regulation of immune effector process	GO:0002697		192	30	39.87065703474372	-0.28444325902205386	0.6950924825045942	0.9580840403649464	1	1
negative regulation of immune effector process	GO:0002698		70	10	14.53617704391698	-0.374055417711741	0.6427576439377599	0.9370785824935827	1	1
positive regulation of immune effector process	GO:0002699		122	20	25.33447999082674	-0.23643403983569333	0.7243994199978583	0.8648821457746056	1	1
regulation of production of molecular mediator of immune response	GO:0002700		78	7	16.19745442036464	-0.8389439462907063	0.41973317262062315	0.9979336724557291	1	1
negative regulation of production of molecular mediator of immune response	GO:0002701		19	0	3.9455337690631813	-Inf	0	1	1	1
positive regulation of production of molecular mediator of immune response	GO:0002702		60	7	12.459580323357413	-0.5765796818232151	0.5358085206035741	0.9707727276640392	1	1
regulation of leukocyte mediated immunity	GO:0002703		121	17	25.126820318770786	-0.39072247019695294	0.6333646090380427	0.970276232827133	1	1
negative regulation of leukocyte mediated immunity	GO:0002704		46	5	9.552344914574016	-0.6473487527114224	0.5020709535360993	0.974905484112176	1	1
positive regulation of leukocyte mediated immunity	GO:0002705		70	10	14.53617704391698	-0.374055417711741	0.6427576439377599	0.9218565862946582	1	1
regulation of lymphocyte mediated immunity	GO:0002706		101	13	20.973626877651647	-0.4783164280361505	0.5857510736988714	0.9818745210390045	1	1
negative regulation of lymphocyte mediated immunity	GO:0002707		43	3	8.929365898406147	-1.0907330956818806	0.32995062045095813	0.9966845504837967	1	1
positive regulation of lymphocyte mediated immunity	GO:0002708		61	10	12.66723999541337	-0.23643403983569333	0.7243994199978583	0.8100762711215267	1	1
regulation of T cell mediated immunity	GO:0002709		59	9	12.251920651301456	-0.3084581352259278	0.6807644605134716	0.8642974253022048	1	1
negative regulation of T cell mediated immunity	GO:0002710		22	2	4.568512785231052	-0.8260405414547983	0.4248799167694929	0.9596879464758464	1	1
positive regulation of T cell mediated immunity	GO:0002711		35	7	7.26808852195849	-0.03758318109052809	0.8550494879642134	0.5434914917371221	1	1
regulation of B cell mediated immunity	GO:0002712		18	1	3.7378740970072237	-1.3185170265525925	0.26443900870457454	0.9848848484905597	1	1
negative regulation of B cell mediated immunity	GO:0002713		5	0	1.0382983602797844	-Inf	0	1	1	1
positive regulation of B cell mediated immunity	GO:0002714		11	1	2.284256392615526	-0.8260405414547983	0.4248799167694929	0.9227905796275384	1	1
regulation of natural killer cell mediated immunity	GO:0002715		42	3	8.72170622635019	-1.0672025982716864	0.3375241858610443	0.9959909047199781	1	1
negative regulation of natural killer cell mediated immunity	GO:0002716		23	1	4.776172457287008	-1.5636394845855774	0.20787237682516796	0.9952867781158317	1	1
positive regulation of natural killer cell mediated immunity	GO:0002717		23	2	4.776172457287008	-0.870492304025632	0.40738318263698703	0.9668305045774548	1	1
regulation of cytokine production involved in immune response	GO:0002718		54	4	11.213622291021672	-1.0308349541008115	0.34954724972226403	0.997694561388514	1	1
negative regulation of cytokine production involved in immune response	GO:0002719		17	0	3.530214424951267	-Inf	0	1	1	1
positive regulation of cytokine production involved in immune response	GO:0002720		35	4	7.26808852195849	-0.5971989690259507	0.5257880027464992	0.943075672709452	1	1
regulation of T cell cytokine production	GO:0002724		26	3	5.399151473454879	-0.5876295180098001	0.5304189204269063	0.9292177241273096	1	1
negative regulation of T cell cytokine production	GO:0002725		7	0	1.4536177043916982	-Inf	0	1	1	1
positive regulation of T cell cytokine production	GO:0002726		17	3	3.530214424951267	-0.16274632404453418	0.771090171362034	0.7172018988421163	1	1
regulation of natural killer cell cytokine production	GO:0002727		6	0	1.2459580323357413	-Inf	0	1	1	1
positive regulation of natural killer cell cytokine production	GO:0002729		6	0	1.2459580323357413	-Inf	0	1	1	1
cell surface pattern recognition receptor signaling pathway	GO:0002752		33	4	6.852769177846577	-0.5383584690030173	0.5548024744357416	0.9105414052447596	1	1
cytosolic pattern recognition receptor signaling pathway	GO:0002753		60	11	12.459580323357413	-0.12459455808015783	0.7960685521882461	0.7273877460331879	1	1
MyD88-dependent toll-like receptor signaling pathway	GO:0002755		12	3	2.4919160646714826	0.1855603702236816	1.0184629095493065	0.4686775291554418	1	1
MyD88-independent toll-like receptor signaling pathway	GO:0002756		11	1	2.284256392615526	-0.8260405414547983	0.4248799167694929	0.9025405781366582	1	1
immune response-activating signaling pathway	GO:0002757		199	34	41.324274739135426	-0.19508956876475891	0.7503430806114681	0.8812716678290337	1	1
innate immune response-activating signaling pathway	GO:0002758		109	18	22.6349042540993	-0.22912139298940676	0.7289407361032646	0.8511784938108917	1	1
regulation of antimicrobial humoral response	GO:0002759		6	1	1.2459580323357413	-0.21990473788448278	0.7346935242489594	0.687756407879498	1	1
positive regulation of antimicrobial humoral response	GO:0002760		5	1	1.0382983602797844	-0.03758318109052809	0.8550494879642134	0.6058986856255562	1	1
regulation of myeloid leukocyte differentiation	GO:0002761		58	12	12.0442609792455	-0.0036816294148469112	0.8787726794625421	0.5311439613100746	1	1
negative regulation of myeloid leukocyte differentiation	GO:0002762		25	4	5.1914918013989215	-0.2607267324047378	0.709459778017518	0.7652001365042725	1	1
positive regulation of myeloid leukocyte differentiation	GO:0002763		31	6	6.4374498337346635	-0.07037300391351901	0.8324976266966551	0.6470037365878143	1	1
immune response-inhibiting signal transduction	GO:0002765		9	0	1.8689370485036119	-Inf	0	1	1	1
immune response-inhibiting cell surface receptor signaling pathway	GO:0002767		8	0	1.661277376447655	-Inf	0	1	1	1
immune response-regulating cell surface receptor signaling pathway	GO:0002768		168	25	34.88682490540076	-0.3332334231914859	0.6662151452727125	0.9688348165101877	1	1
peptide secretion	GO:0002790		17	2	3.530214424951267	-0.5682114321526985	0.5399204070993384	0.8958039001890645	1	1
regulation of peptide secretion	GO:0002791		73	9	15.159156060084852	-0.5213801324685994	0.5634157045061399	0.9785905011373854	1	1
negative regulation of peptide secretion	GO:0002792		12	4	2.4919160646714826	0.4732424426754625	1.2517310839972888	0.22610735079264685	1	1
positive regulation of peptide secretion	GO:0002793		30	4	6.229790161678706	-0.4430482891986925	0.6045686331939815	0.8964686132256037	1	1
regulation of adaptive immune response	GO:0002819		98	16	20.350647861483775	-0.2405240250872185	0.721868348092815	0.8701104847683178	1	1
negative regulation of adaptive immune response	GO:0002820		36	6	7.4757481940144475	-0.21990473788448264	0.7346935242489595	0.7876625109245161	1	1
positive regulation of adaptive immune response	GO:0002821		55	10	11.421281963077629	-0.13289336089485304	0.7905889481542714	0.6862067540609718	1	1
regulation of adaptive immune response based on somatic recombination of immune receptors built from immunoglobulin superfamily domains	GO:0002822		89	14	18.48171081298016	-0.27772430877330895	0.6991408716500668	0.8896517374384163	1	1
negative regulation of adaptive immune response based on somatic recombination of immune receptors built from immunoglobulin superfamily domains	GO:0002823		33	5	6.852769177846577	-0.31521491768880766	0.6767731147053067	0.8446608236131994	1	1
positive regulation of adaptive immune response based on somatic recombination of immune receptors built from immunoglobulin superfamily domains	GO:0002824		51	9	10.5906432748538	-0.16274632404453407	0.7710901713620341	0.7147205920038684	1	1
regulation of T-helper 1 type immune response	GO:0002825		13	2	2.6995757367274393	-0.29994744555801905	0.6858168500062106	0.7863084571716146	1	1
positive regulation of T-helper 1 type immune response	GO:0002827		8	1	1.661277376447655	-0.5075868103362635	0.5704932391303862	0.8447215069503783	1	1
regulation of type 2 immune response	GO:0002828		9	1	1.8689370485036119	-0.6253698459926471	0.5123516935775311	0.8769813843064487	1	1
positive regulation of type 2 immune response	GO:0002830		5	1	1.0382983602797844	-0.03758318109052809	0.8550494879642134	0.687756407879498	1	1
negative regulation of response to biotic stimulus	GO:0002832		107	13	22.219584909987386	-0.5360247456567973	0.5559799539253167	0.989895575233922	1	1
regulation of response to tumor cell	GO:0002834		27	4	5.606811145510836	-0.33768777354086615	0.6636243724392131	0.7935739204522448	1	1
negative regulation of response to tumor cell	GO:0002835		9	1	1.8689370485036119	-0.6253698459926471	0.5123516935775311	0.8769813843064487	1	1
positive regulation of response to tumor cell	GO:0002836		17	2	3.530214424951267	-0.5682114321526985	0.5399204070993384	0.8499280422811566	1	1
regulation of immune response to tumor cell	GO:0002837		26	3	5.399151473454879	-0.5876295180098001	0.5304189204269063	0.9017612221096273	1	1
negative regulation of immune response to tumor cell	GO:0002838		9	1	1.8689370485036119	-0.6253698459926471	0.5123516935775311	0.8769813843064487	1	1
positive regulation of immune response to tumor cell	GO:0002839		17	2	3.530214424951267	-0.5682114321526985	0.5399204070993384	0.8499280422811566	1	1
regulation of T cell mediated immune response to tumor cell	GO:0002840		16	3	3.32255475289531	-0.10212170222809921	0.8110355253935493	0.580334678997702	1	1
negative regulation of T cell mediated immune response to tumor cell	GO:0002841		7	1	1.4536177043916982	-0.37405541771174117	0.6427576439377599	0.8040048847954714	1	1
positive regulation of T cell mediated immune response to tumor cell	GO:0002842		9	2	1.8689370485036119	0.0677773345672982	0.9301019182460473	0.4442785093143923	1	1
regulation of natural killer cell mediated immune response to tumor cell	GO:0002855		8	0	1.661277376447655	-Inf	0	1	1	1
positive regulation of natural killer cell mediated immune response to tumor cell	GO:0002857		6	0	1.2459580323357413	-Inf	0	1	1	1
regulation of natural killer cell mediated cytotoxicity directed against tumor cell target	GO:0002858		8	0	1.661277376447655	-Inf	0	1	1	1
positive regulation of natural killer cell mediated cytotoxicity directed against tumor cell target	GO:0002860		6	0	1.2459580323357413	-Inf	0	1	1	1
regulation of inflammatory response to antigenic stimulus	GO:0002861		18	4	3.7378740970072237	0.0677773345672982	0.9301019182460473	0.5316813120771371	1	1
negative regulation of inflammatory response to antigenic stimulus	GO:0002862		16	4	3.32255475289531	0.18556037022368177	1.0184629095493067	0.43250684412533813	1	1
regulation of myeloid leukocyte mediated immunity	GO:0002886		20	4	4.153193441119138	-0.03758318109052809	0.8550494879642134	0.5779209128693176	1	1
positive regulation of myeloid leukocyte mediated immunity	GO:0002888		9	0	1.8689370485036119	-Inf	0	1	1	1
regulation of immunoglobulin mediated immune response	GO:0002889		17	1	3.530214424951267	-1.2613586127126437	0.2796111962732416	0.9809185311126569	1	1
negative regulation of immunoglobulin mediated immune response	GO:0002890		5	0	1.0382983602797844	-Inf	0	1	1	1
positive regulation of immunoglobulin mediated immune response	GO:0002891		11	1	2.284256392615526	-0.8260405414547983	0.4248799167694929	0.9227905796275384	1	1
regulation of B cell apoptotic process	GO:0002902		8	2	1.661277376447655	0.18556037022368177	1.0184629095493067	0.5189885297111225	1	1
negative regulation of B cell apoptotic process	GO:0002903		6	2	1.2459580323357413	0.4732424426754625	1.2517310839972888	0.36346143435754485	1	1
regulation of humoral immune response	GO:0002920		25	3	5.1914918013989215	-0.5484088048565187	0.549754965062503	0.9017612221096273	1	1
negative regulation of humoral immune response	GO:0002921		9	0	1.8689370485036119	-Inf	0	1	1	1
positive regulation of humoral immune response	GO:0002922		11	2	2.284256392615526	-0.13289336089485304	0.7905889481542714	0.6469486398345623	1	1
lipid hydroxylation	GO:0002933		7	0	1.4536177043916982	-Inf	0	1	1	1
desmosome organization	GO:0002934		8	1	1.661277376447655	-0.5075868103362635	0.5704932391303862	0.8447215069503783	1	1
tRNA threonylcarbamoyladenosine modification	GO:0002949		5	2	1.0382983602797844	0.6555639994694172	1.4101486239250423	0.19265848567933533	1	1
regionalization	GO:0003002		48	6	9.96766425868593	-0.5075868103362637	0.5704932391303862	0.9449365846347619	1	1
developmental process involved in reproduction	GO:0003006		172	16	35.717463593624586	-0.8030510232300997	0.4341887673951878	0.9999015330835543	1	1
heart morphogenesis	GO:0003007		63	4	13.082559339525284	-1.18498563392807	0.3011767167528204	0.9995603004279054	1	1
skeletal muscle contraction	GO:0003009		13	4	2.6995757367274393	0.39319973500192623	1.1845771521468593	0.27647232356917906	1	1
muscle system process	GO:0003012		142	20	29.48767343194588	-0.38824005270369755	0.6347568525572271	0.9810609575831	1	1
circulatory system process	GO:0003013		197	31	40.908955395023504	-0.27736179290926993	0.6993597919762766	0.9596878643514842	1	1
renal system process	GO:0003014		48	8	9.96766425868593	-0.21990473788448278	0.7346935242489594	0.8082822917067798	1	1
heart process	GO:0003015		53	7	11.005962618965716	-0.45252703315323645	0.5994645181972742	0.9360732284863795	1	1
vascular process in circulatory system	GO:0003018		88	16	18.274051140924207	-0.13289336089485304	0.7905889481542714	0.729866800753305	1	1
regulation of systemic arterial blood pressure mediated by a chemical signal	GO:0003044		17	1	3.530214424951267	-1.2613586127126437	0.2796111962732416	0.9809185311126569	1	1
regulation of systemic arterial blood pressure	GO:0003073		25	2	5.1914918013989215	-0.9538739129646832	0.37630172211245844	0.9776356206684261	1	1
regulation of systemic arterial blood pressure by renin-angiotensin	GO:0003081		10	1	2.076596720559569	-0.7307303616504734	0.46465550092064367	0.9025405781366582	1	1
renal water homeostasis	GO:0003091		12	2	2.4919160646714826	-0.21990473788448278	0.7346935242489594	0.7463131700423387	1	1
glomerular filtration	GO:0003094		5	1	1.0382983602797844	-0.03758318109052809	0.8550494879642134	0.687756407879498	1	1
renal sodium ion transport	GO:0003096		9	1	1.8689370485036119	-0.6253698459926471	0.5123516935775311	0.8769813843064487	1	1
regulation of systemic arterial blood pressure by endothelin	GO:0003100		5	0	1.0382983602797844	-Inf	0	1	1	1
embryonic heart tube morphogenesis	GO:0003143		8	0	1.661277376447655	-Inf	0	1	1	1
outflow tract morphogenesis	GO:0003151		14	2	2.9072354087833965	-0.37405541771174117	0.6427576439377599	0.8206374202006002	1	1
endothelium development	GO:0003158		44	5	9.137025570462104	-0.6028969901405886	0.5230466783723091	0.9606331411534976	1	1
morphogenesis of an endothelium	GO:0003159		9	1	1.8689370485036119	-0.6253698459926471	0.5123516935775311	0.8769813843064487	1	1
cardiac conduction system development	GO:0003161		5	0	1.0382983602797844	-Inf	0	1	1	1
heart valve development	GO:0003170		25	5	5.1914918013989215	-0.03758318109052798	0.8550494879642135	0.616237770777419	1	1
atrioventricular valve development	GO:0003171		5	1	1.0382983602797844	-0.03758318109052809	0.8550494879642134	0.687756407879498	1	1
mitral valve development	GO:0003174		5	1	1.0382983602797844	-0.03758318109052809	0.8550494879642134	0.687756407879498	1	1
aortic valve development	GO:0003176		19	4	3.9455337690631813	0.013710113297022255	0.8911012527496509	0.5779209128693176	1	1
pulmonary valve development	GO:0003177		6	2	1.2459580323357413	0.4732424426754625	1.2517310839972888	0.36346143435754485	1	1
heart valve morphogenesis	GO:0003179		25	5	5.1914918013989215	-0.03758318109052798	0.8550494879642135	0.616237770777419	1	1
aortic valve morphogenesis	GO:0003180		19	4	3.9455337690631813	0.013710113297022255	0.8911012527496509	0.5779209128693176	1	1
pulmonary valve morphogenesis	GO:0003184		6	2	1.2459580323357413	0.4732424426754625	1.2517310839972888	0.36346143435754485	1	1
endocardial cushion development	GO:0003197		11	1	2.284256392615526	-0.8260405414547983	0.4248799167694929	0.9227905796275384	1	1
endocardial cushion morphogenesis	GO:0003203		7	1	1.4536177043916982	-0.37405541771174117	0.6427576439377599	0.8040048847954714	1	1
cardiac chamber development	GO:0003205		33	2	6.852769177846577	-1.2315056495629626	0.28786077386830095	0.9945635056454347	1	1
cardiac chamber morphogenesis	GO:0003206		27	2	5.606811145510836	-1.0308349541008115	0.34954724972226403	0.9849944588960549	1	1
cardiac ventricle morphogenesis	GO:0003208		21	0	4.360853113175095	-Inf	0	1	1	1
cardiac atrium morphogenesis	GO:0003209		7	1	1.4536177043916982	-0.37405541771174117	0.6427576439377599	0.8040048847954714	1	1
cardiac left ventricle morphogenesis	GO:0003214		6	0	1.2459580323357413	-Inf	0	1	1	1
ventricular cardiac muscle tissue development	GO:0003229		15	0	3.114895080839353	-Inf	0	1	1	1
cardiac atrium development	GO:0003230		10	1	2.076596720559569	-0.7307303616504734	0.46465550092064367	0.8769813843064487	1	1
cardiac ventricle development	GO:0003231		25	1	5.1914918013989215	-1.6470210935246283	0.19145115443050073	0.9970431163891439	1	1
regulation of membrane depolarization	GO:0003254		28	3	5.814470817566793	-0.661737490163522	0.4954358756915953	0.9494481283135643	1	1
endocardial cushion formation	GO:0003272		7	1	1.4536177043916982	-0.37405541771174117	0.6427576439377599	0.8040048847954714	1	1
cardiac septum development	GO:0003279		16	2	3.32255475289531	-0.5075868103362635	0.5704932391303862	0.8499280422811566	1	1
ventricular septum development	GO:0003281		6	1	1.2459580323357413	-0.21990473788448278	0.7346935242489594	0.7526154025838886	1	1
atrial septum development	GO:0003283		8	1	1.661277376447655	-0.5075868103362635	0.5704932391303862	0.8040048847954714	1	1
cardiac muscle hypertrophy	GO:0003300		5	0	1.0382983602797844	-Inf	0	1	1	1
type B pancreatic cell differentiation	GO:0003309		5	1	1.0382983602797844	-0.03758318109052809	0.8550494879642134	0.687756407879498	1	1
amino acid transmembrane transport	GO:0003333		49	8	10.175323930741888	-0.2405240250872185	0.721868348092815	0.8265382331122262	1	1
cilium movement	GO:0003341		55	8	11.421281963077629	-0.3560369122090627	0.6530325315921796	0.8862906119354687	1	1
epithelial cilium movement involved in extracellular fluid movement	GO:0003351		10	1	2.076596720559569	-0.7307303616504734	0.46465550092064367	0.8769813843064487	1	1
regulation of cilium movement	GO:0003352		19	0	3.9455337690631813	-Inf	0	1	1	1
positive regulation of cilium movement	GO:0003353		8	0	1.661277376447655	-Inf	0	1	1	1
regulation of cilium beat frequency	GO:0003356		7	0	1.4536177043916982	-Inf	0	1	1	1
sphingosine-1-phosphate receptor signaling pathway	GO:0003376		7	2	1.4536177043916982	0.3190917628482042	1.123880732467684	0.4442785093143923	1	1
epithelial cell morphogenesis	GO:0003382		6	1	1.2459580323357413	-0.21990473788448278	0.7346935242489594	0.7526154025838886	1	1
detection of calcium ion	GO:0005513		13	3	2.6995757367274393	0.10551766255014523	0.9579172596729197	0.5263390908313202	1	1
carbohydrate metabolic process	GO:0005975		187	47	38.83235867446393	0.1908937161990444	1.022569991618311	0.07282867481750363	1	1
polysaccharide metabolic process	GO:0005976		24	4	4.983832129342965	-0.21990473788448278	0.7346935242489594	0.733864067829993	1	1
glycogen metabolic process	GO:0005977		19	4	3.9455337690631813	0.013710113297022255	0.8911012527496509	0.5779209128693176	1	1
glycogen biosynthetic process	GO:0005978		8	1	1.661277376447655	-0.5075868103362635	0.5704932391303862	0.8447215069503783	1	1
regulation of glycogen biosynthetic process	GO:0005979		17	3	3.530214424951267	-0.16274632404453418	0.771090171362034	0.6758810380350535	1	1
disaccharide metabolic process	GO:0005984		8	2	1.661277376447655	0.18556037022368177	1.0184629095493067	0.5189885297111225	1	1
monosaccharide metabolic process	GO:0005996		75	20	15.574475404196766	0.25009889136125285	1.0687514739090234	0.13245559952402544	1	1
fructose metabolic process	GO:0006000		10	4	2.076596720559569	0.6555639994694172	1.4101486239250423	0.1346905284137217	1	1
fructose 6-phosphate metabolic process	GO:0006002		6	1	1.2459580323357413	-0.21990473788448278	0.7346935242489594	0.7526154025838886	1	1
glucose metabolic process	GO:0006006		44	11	9.137025570462104	0.1855603702236816	1.0184629095493065	0.2968337079924216	1	1
glucose catabolic process	GO:0006007		14	2	2.9072354087833965	-0.37405541771174117	0.6427576439377599	0.8206374202006002	1	1
galactose metabolic process	GO:0006012		7	4	1.4536177043916982	1.0122389434081496	1.7368772268176493	0.03789621997941405	1	1
aminoglycan metabolic process	GO:0006022		53	13	11.005962618965716	0.16651217525298703	1.0038675355163633	0.22525969980029006	1	1
aminoglycan biosynthetic process	GO:0006023		36	8	7.4757481940144475	0.0677773345672982	0.9301019182460473	0.4107093893815096	1	1
glycosaminoglycan biosynthetic process	GO:0006024		31	6	6.4374498337346635	-0.07037300391351901	0.8324976266966551	0.5773061328048694	1	1
aminoglycan catabolic process	GO:0006026		15	3	3.114895080839353	-0.03758318109052809	0.8550494879642134	0.580334678997702	1	1
glycosaminoglycan catabolic process	GO:0006027		13	3	2.6995757367274393	0.10551766255014523	0.9579172596729197	0.5263390908313202	1	1
proteoglycan metabolic process	GO:0006029		61	12	12.66723999541337	-0.05411248304173874	0.8436324215910431	0.6090873838944072	1	1
amino sugar metabolic process	GO:0006040		28	8	5.814470817566793	0.3190917628482042	1.123880732467684	0.15424688492966396	1	1
N-acetylglucosamine metabolic process	GO:0006044		9	2	1.8689370485036119	0.0677773345672982	0.9301019182460473	0.5189885297111225	1	1
UDP-N-acetylglucosamine metabolic process	GO:0006047		9	3	1.8689370485036119	0.47324244267546267	1.2517310839972888	0.2821996753436965	1	1
UDP-N-acetylglucosamine biosynthetic process	GO:0006048		8	2	1.661277376447655	0.18556037022368177	1.0184629095493067	0.5189885297111225	1	1
N-acetylneuraminate metabolic process	GO:0006054		8	5	1.661277376447655	1.1018511020978368	1.8215195641063857	0.012256528258027094	1	1
alcohol metabolic process	GO:0006066		169	43	35.09448457745672	0.20315613211406103	1.0320466643944386	0.05893200937098487	1	1
ethanol metabolic process	GO:0006067		9	2	1.8689370485036119	0.0677773345672982	0.9301019182460473	0.5866424881018152	1	1
ethanol catabolic process	GO:0006068		9	2	1.8689370485036119	0.0677773345672982	0.9301019182460473	0.5866424881018152	1	1
glycerol metabolic process	GO:0006071		5	0	1.0382983602797844	-Inf	0	1	1	1
cellular aldehyde metabolic process	GO:0006081		37	8	7.683407866070404	0.0403783603791838	0.9102116304041197	0.4454321396719856	1	1
acetyl-CoA metabolic process	GO:0006084		14	3	2.9072354087833965	0.03140969039642335	0.9037570637243312	0.580334678997702	1	1
acetyl-CoA biosynthetic process	GO:0006085		11	1	2.284256392615526	-0.8260405414547983	0.4248799167694929	0.9227905796275384	1	1
acetyl-CoA biosynthetic process from pyruvate	GO:0006086		6	0	1.2459580323357413	-Inf	0	1	1	1
lactate metabolic process	GO:0006089		5	1	1.0382983602797844	-0.03758318109052809	0.8550494879642134	0.687756407879498	1	1
pyruvate metabolic process	GO:0006090		38	5	7.891067538126363	-0.4562935159487132	0.597445875675129	0.9196248277918873	1	1
generation of precursor metabolites and energy	GO:0006091		175	35	36.340442609792454	-0.03758318109052809	0.8550494879642134	0.5992795521336658	1	1
gluconeogenesis	GO:0006094		20	3	4.153193441119138	-0.32526525354230906	0.6708686990356654	0.8166635360254624	1	1
glycolytic process	GO:0006096		23	4	4.776172457287008	-0.17734512346568673	0.7616766486395636	0.733864067829993	1	1
pentose-phosphate shunt	GO:0006098		11	0	2.284256392615526	-Inf	0	1	1	1
tricarboxylic acid cycle	GO:0006099		14	2	2.9072354087833965	-0.37405541771174117	0.6427576439377599	0.8206374202006002	1	1
2-oxoglutarate metabolic process	GO:0006103		9	3	1.8689370485036119	0.47324244267546267	1.2517310839972888	0.2821996753436965	1	1
oxaloacetate metabolic process	GO:0006107		6	1	1.2459580323357413	-0.21990473788448278	0.7346935242489594	0.7526154025838886	1	1
malate metabolic process	GO:0006108		5	1	1.0382983602797844	-0.03758318109052809	0.8550494879642134	0.687756407879498	1	1
regulation of carbohydrate metabolic process	GO:0006109		85	17	17.651072124756336	-0.03758318109052821	0.8550494879642134	0.5907282525363033	1	1
regulation of glycolytic process	GO:0006110		29	4	6.02213048962275	-0.40914673752301123	0.623105519043334	0.8804810889995786	1	1
regulation of gluconeogenesis	GO:0006111		18	2	3.7378740970072237	-0.6253698459926471	0.5123516935775311	0.9134911356883086	1	1
energy reserve metabolic process	GO:0006112		25	4	5.1914918013989215	-0.2607267324047378	0.709459778017518	0.7935739204522448	1	1
oxidative phosphorylation	GO:0006119		37	11	7.683407866070404	0.35883209149771844	1.1562452247429356	0.10968215047076005	1	1
mitochondrial electron transport, NADH to ubiquinone	GO:0006120		13	5	2.6995757367274393	0.616343286316136	1.3754867514069333	0.11278616204544985	1	1
regulation of nucleotide metabolic process	GO:0006140		47	10	9.760004586629973	0.024292222627559264	0.8986546717213224	0.5232144380282379	1	1
purine nucleobase metabolic process	GO:0006144		8	3	1.661277376447655	0.591025478331846	1.353273052440545	0.22014844812420312	1	1
purine nucleoside catabolic process	GO:0006152		6	2	1.2459580323357413	0.4732424426754625	1.2517310839972888	0.36346143435754485	1	1
purine nucleotide metabolic process	GO:0006163		183	29	38.00171998624011	-0.27033559151137465	0.7036128132815609	0.9596298134428543	1	1
purine nucleotide biosynthetic process	GO:0006164		57	12	11.836601307189543	0.013710113297022255	0.8911012527496509	0.5311439613100746	1	1
AMP biosynthetic process	GO:0006167		7	4	1.4536177043916982	1.0122389434081496	1.7368772268176493	0.03789621997941405	1	1
cAMP biosynthetic process	GO:0006171		5	2	1.0382983602797844	0.6555639994694172	1.4101486239250423	0.2784677966097898	1	1
GMP biosynthetic process	GO:0006177		7	4	1.4536177043916982	1.0122389434081496	1.7368772268176493	0.03789621997941405	1	1
cGMP biosynthetic process	GO:0006182		7	0	1.4536177043916982	-Inf	0	1	1	1
IMP biosynthetic process	GO:0006188		5	3	1.0382983602797844	1.0610291075775815	1.782860369115461	0.06394451928365348	1	1
purine nucleotide catabolic process	GO:0006195		42	6	8.72170622635019	-0.37405541771174117	0.6427576439377599	0.880985340421104	1	1
pyrimidine nucleobase metabolic process	GO:0006206		5	1	1.0382983602797844	-0.03758318109052809	0.8550494879642134	0.687756407879498	1	1
pyrimidine nucleoside metabolic process	GO:0006213		15	4	3.114895080839353	0.25009889136125285	1.0687514739090234	0.38067988828058175	1	1
pyrimidine nucleotide metabolic process	GO:0006220		30	12	6.229790161678706	0.6555639994694172	1.4101486239250423	0.012743837408835475	1	1
pyrimidine nucleotide biosynthetic process	GO:0006221		11	4	2.284256392615526	0.5602538196650922	1.3264517770645412	0.17843893878705638	1	1
pyrimidine nucleotide catabolic process	GO:0006244		14	5	2.9072354087833965	0.542235314162414	1.3108398066206473	0.14676496360565727	1	1
DNA replication	GO:0006260		117	26	24.296181630546954	0.0677773345672982	0.9301019182460473	0.36552627820032785	1	1
DNA-templated DNA replication	GO:0006261		94	17	19.520009173259947	-0.13822670687021552	0.7870809523872809	0.7607149652623565	1	1
mitochondrial DNA replication	GO:0006264		10	2	2.076596720559569	-0.03758318109052809	0.8550494879642134	0.6469486398345623	1	1
DNA topological change	GO:0006265		5	1	1.0382983602797844	-0.03758318109052809	0.8550494879642134	0.687756407879498	1	1
DNA replication, synthesis of RNA primer	GO:0006269		5	1	1.0382983602797844	-0.03758318109052809	0.8550494879642134	0.687756407879498	1	1
DNA replication initiation	GO:0006270		17	3	3.530214424951267	-0.16274632404453418	0.771090171362034	0.7172018988421163	1	1
regulation of DNA replication	GO:0006275		87	13	18.066391468868247	-0.3291040298494747	0.66862373486831606	0.9347279865779295	1	1
RNA-templated DNA biosynthetic process	GO:0006278		20	3	4.153193441119138	-0.32526525354230906	0.6708686990356654	0.7873782230686989	1	1
regulation of DNA repair	GO:0006282		144	25	29.90299277605779	-0.1790827433642276	0.7605615561479995	0.8405794822301131	1	1
transcription-coupled nucleotide-excision repair	GO:0006283		10	4	2.076596720559569	0.6555639994694172	1.4101486239250423	0.1346905284137217	1	1
base-excision repair	GO:0006284		40	9	8.306386882238275	0.08019985456585538	0.9392045403159717	0.4547956499837591	1	1
base-excision repair, AP site formation	GO:0006285		12	6	2.4919160646714826	0.878707550783627	1.6124283013649316	0.023170983938701286	1	1
base-excision repair, gap-filling	GO:0006287		13	2	2.6995757367274393	-0.29994744555801905	0.6858168500062106	0.7863084571716146	1	1
nucleotide-excision repair	GO:0006289		46	11	9.552344914574016	0.14110860765284775	0.984582649384831	0.35359796753566225	1	1
nucleotide-excision repair, DNA gap filling	GO:0006297		6	1	1.2459580323357413	-0.21990473788448278	0.7346935242489594	0.7526154025838886	1	1
mismatch repair	GO:0006298		20	4	4.153193441119138	-0.03758318109052809	0.8550494879642134	0.6214281163137048	1	1
postreplication repair	GO:0006301		28	10	5.814470817566793	0.542235314162414	1.3108398066206473	0.04902424591990575	1	1
double-strand break repair	GO:0006302		147	23	30.525971792225665	-0.2830836395060144	0.6959102997721339	0.9450067605286677	1	1
double-strand break repair via nonhomologous end joining	GO:0006303		42	6	8.72170622635019	-0.37405541771174117	0.6427576439377599	0.880985340421104	1	1
DNA modification	GO:0006304		23	7	4.776172457287008	0.38227066446973584	1.1755337124879146	0.1842643366948414	1	1
DNA dealkylation involved in DNA repair	GO:0006307		8	2	1.661277376447655	0.18556037022368177	1.0184629095493067	0.5189885297111225	1	1
DNA catabolic process	GO:0006308		11	1	2.284256392615526	-0.8260405414547983	0.4248799167694929	0.9227905796275384	1	1
DNA recombination	GO:0006310		114	16	23.673202614379086	-0.39175499481114207	0.6327862236384462	0.9696920436470833	1	1
mitotic recombination	GO:0006312		14	1	2.9072354087833965	-1.0672025982716864	0.3375241858610443	0.961614211589703	1	1
nucleosome assembly	GO:0006334		39	6	8.09872721018232	-0.29994744555801933	0.6858168500062104	0.8302501961935482	1	1
nucleosome disassembly	GO:0006337		18	3	3.7378740970072237	-0.21990473788448264	0.7346935242489595	0.7543060161951124	1	1
DNA methylation-dependent heterochromatin formation	GO:0006346		9	2	1.8689370485036119	0.0677773345672982	0.9301019182460473	0.5866424881018152	1	1
DNA-templated transcription initiation	GO:0006352		115	14	23.88086228643504	-0.5340200674044191	0.5569930497246033	0.9927684599296316	1	1
DNA-templated transcription termination	GO:0006353		10	3	2.076596720559569	0.3678819270176362	1.1636753669944517	0.3454178811708285	1	1
DNA-templated transcription elongation	GO:0006354		25	3	5.1914918013989215	-0.5484088048565187	0.549754965062503	0.9165140359719977	1	1
regulation of transcription by RNA polymerase I	GO:0006356		33	6	6.852769177846577	-0.1328933608948529	0.7905889481542714	0.6790944125885722	1	1
regulation of transcription by RNA polymerase III	GO:0006359		26	6	5.399151473454879	0.10551766255014523	0.9579172596729197	0.42096753918330476	1	1
transcription by RNA polymerase I	GO:0006360		12	5	2.4919160646714826	0.6963859939896723	1.4465332948059375	0.08310211477587548	1	1
transcription initiation at RNA polymerase I promoter	GO:0006361		7	2	1.4536177043916982	0.3190917628482042	1.123880732467684	0.4442785093143923	1	1
rRNA processing	GO:0006364		78	34	16.19745442036464	0.7415064292701419	1.4870937955838932	2.171957214765969e-6	0.0028930470100682706	0.0028930470100682706
transcription initiation at RNA polymerase II promoter	GO:0006367		101	12	20.973626877651647	-0.558359135709687	0.5447950038144951	0.9913081913197359	1	1
transcription elongation by RNA polymerase II	GO:0006368		25	3	5.1914918013989215	-0.5484088048565187	0.549754965062503	0.9165140359719977	1	1
7-methylguanosine mRNA capping	GO:0006370		6	0	1.2459580323357413	-Inf	0	1	1	1
mRNA splice site recognition	GO:0006376		18	3	3.7378740970072237	-0.21990473788448264	0.7346935242489595	0.7543060161951124	1	1
transcription by RNA polymerase III	GO:0006383		28	5	5.814470817566793	-0.15091186639753132	0.7787800313694351	0.7196520753345008	1	1
tRNA splicing, via endonucleolytic cleavage and ligation	GO:0006388		7	1	1.4536177043916982	-0.37405541771174117	0.6427576439377599	0.8040048847954714	1	1
mitochondrial transcription	GO:0006390		8	0	1.661277376447655	-Inf	0	1	1	1
tRNA metabolic process	GO:0006399		132	32	27.411076711386308	0.15478871155692794	0.9949419890634519	0.14149983595045024	1	1
tRNA modification	GO:0006400		61	18	12.66723999541337	0.3513526250664258	1.1501210034086484	0.050342632931017546	1	1
RNA catabolic process	GO:0006401		146	23	30.318312120169704	-0.27625767443561444	0.7000268705990775	0.9054927591523811	1	1
mRNA catabolic process	GO:0006402		80	13	16.61277376447655	-0.24522254586877254	0.7189685726548809	0.8080917653785411	1	1
RNA localization	GO:0006403		77	10	15.98979474830868	-0.469365597516066	0.5904819194995611	0.9719124237148344	1	1
RNA export from nucleus	GO:0006405		50	4	10.382983602797843	-0.9538739129646832	0.37630172211245844	0.9960582085347611	1	1
mRNA export from nucleus	GO:0006406		43	3	8.929365898406147	-1.0907330956818806	0.32995062045095813	0.9966845504837967	1	1
translational initiation	GO:0006413		40	13	8.306386882238275	0.4479246346911728	1.230318932282037	0.056130104268282674	1	1
translational elongation	GO:0006414		46	9	9.552344914574016	-0.05956208780930329	0.8398899606625511	0.6373430523286289	1	1
translational termination	GO:0006415		9	2	1.8689370485036119	0.0677773345672982	0.9301019182460473	0.5866424881018152	1	1
tRNA aminoacylation for protein translation	GO:0006418		33	5	6.852769177846577	-0.31521491768880766	0.6767731147053067	0.8241407586718066	1	1
regulation of translational initiation	GO:0006446		58	12	12.0442609792455	-0.0036816294148469112	0.8787726794625421	0.5311439613100746	1	1
regulation of translational elongation	GO:0006448		5	1	1.0382983602797844	-0.03758318109052809	0.8550494879642134	0.687756407879498	1	1
regulation of translational termination	GO:0006449		6	0	1.2459580323357413	-Inf	0	1	1	1
protein folding	GO:0006457		107	16	22.219584909987386	-0.3283853808785526	0.6690435783099261	0.9457110232154177	1	1
'de novo' protein folding	GO:0006458		13	0	2.6995757367274393	-Inf	0	1	1	1
signal peptide processing	GO:0006465		8	0	1.661277376447655	-Inf	0	1	1	1
negative regulation of protein kinase activity	GO:0006469		68	14	14.120857699805068	-0.008595644217275787	0.875308628479267	0.5379977332382995	1	1
protein dephosphorylation	GO:0006470		78	7	16.19745442036464	-0.8389439462907063	0.41973317262062315	0.9967023537427027	1	1
protein acetylation	GO:0006473		30	8	6.229790161678706	0.25009889136125285	1.0687514739090234	0.27387308489498124	1	1
N-terminal protein amino acid acetylation	GO:0006474		12	3	2.4919160646714826	0.1855603702236816	1.0184629095493065	0.4686775291554418	1	1
internal protein amino acid acetylation	GO:0006475		9	2	1.8689370485036119	0.0677773345672982	0.9301019182460473	0.5866424881018152	1	1
protein deacetylation	GO:0006476		13	4	2.6995757367274393	0.39319973500192623	1.1845771521468593	0.27647232356917906	1	1
protein methylation	GO:0006479		40	6	8.306386882238275	-0.32526525354230906	0.6708686990356654	0.8302501961935482	1	1
protein glycosylation	GO:0006486		148	23	30.733631464281615	-0.28986332649139296	0.6918393416996993	0.9404043543963707	1	1
protein N-linked glycosylation	GO:0006487		54	6	11.213622291021672	-0.6253698459926471	0.5123516935775311	0.9794113447344823	1	1
dolichol-linked oligosaccharide biosynthetic process	GO:0006488		20	3	4.153193441119138	-0.32526525354230906	0.6708686990356654	0.8166635360254624	1	1
dolichyl diphosphate biosynthetic process	GO:0006489		5	2	1.0382983602797844	0.6555639994694172	1.4101486239250423	0.2784677966097898	1	1
N-glycan processing	GO:0006491		12	4	2.4919160646714826	0.4732424426754625	1.2517310839972888	0.22610735079264685	1	1
protein O-linked glycosylation	GO:0006493		80	16	16.61277376447655	-0.03758318109052809	0.8550494879642134	0.544085004231522	1	1
protein lipidation	GO:0006497		30	5	6.229790161678706	-0.21990473788448278	0.7346935242489594	0.7765621815304163	1	1
GPI anchor metabolic process	GO:0006505		24	7	4.983832129342965	0.3397110500509399	1.1406190175427178	0.2164112139622073	1	1
GPI anchor biosynthetic process	GO:0006506		24	7	4.983832129342965	0.3397110500509399	1.1406190175427178	0.2164112139622073	1	1
membrane protein ectodomain proteolysis	GO:0006509		21	6	4.360853113175095	0.3190917628482042	1.123880732467684	0.22145493915053768	1	1
protein monoubiquitination	GO:0006513		38	2	7.891067538126363	-1.3725842478228683	0.25081318682877285	0.9984336511259794	1	1
protein quality control for misfolded or incompletely synthesized proteins	GO:0006515		22	6	4.568512785231052	0.27257174721331123	1.0865570588453881	0.2987245826673827	1	1
glycoprotein catabolic process	GO:0006516		20	6	4.153193441119138	0.3678819270176362	1.1636753669944517	0.22145493915053768	1	1
protein deglycosylation	GO:0006517		18	3	3.7378740970072237	-0.21990473788448264	0.7346935242489595	0.7543060161951124	1	1
peptide metabolic process	GO:0006518		24	6	4.983832129342965	0.1855603702236816	1.0184629095493065	0.3800260173993231	1	1
amino acid metabolic process	GO:0006520		192	37	39.87065703474372	-0.07472272803998486	0.8295353738089019	0.6584567399405105	1	1
regulation of cellular amino acid metabolic process	GO:0006521		5	1	1.0382983602797844	-0.03758318109052809	0.8550494879642134	0.687756407879498	1	1
arginine metabolic process	GO:0006525		7	0	1.4536177043916982	-Inf	0	1	1	1
arginine catabolic process	GO:0006527		5	0	1.0382983602797844	-Inf	0	1	1	1
cysteine metabolic process	GO:0006534		5	1	1.0382983602797844	-0.03758318109052809	0.8550494879642134	0.687756407879498	1	1
glutamate metabolic process	GO:0006536		16	4	3.32255475289531	0.18556037022368177	1.0184629095493067	0.43250684412533813	1	1
glutamate catabolic process	GO:0006538		6	2	1.2459580323357413	0.4732424426754625	1.2517310839972888	0.36346143435754485	1	1
glutamine metabolic process	GO:0006541		6	0	1.2459580323357413	-Inf	0	1	1	1
glycine metabolic process	GO:0006544		10	3	2.076596720559569	0.3678819270176362	1.1636753669944517	0.2821996753436965	1	1
histidine metabolic process	GO:0006547		7	2	1.4536177043916982	0.3190917628482042	1.123880732467684	0.4442785093143923	1	1
histidine catabolic process	GO:0006548		7	2	1.4536177043916982	0.3190917628482042	1.123880732467684	0.4442785093143923	1	1
lysine metabolic process	GO:0006553		5	1	1.0382983602797844	-0.03758318109052809	0.8550494879642134	0.687756407879498	1	1
lysine catabolic process	GO:0006554		5	1	1.0382983602797844	-0.03758318109052809	0.8550494879642134	0.687756407879498	1	1
methionine metabolic process	GO:0006555		12	3	2.4919160646714826	0.1855603702236816	1.0184629095493065	0.4686775291554418	1	1
proline metabolic process	GO:0006560		8	2	1.661277376447655	0.18556037022368177	1.0184629095493067	0.4442785093143923	1	1
L-serine metabolic process	GO:0006563		10	1	2.076596720559569	-0.7307303616504734	0.46465550092064367	0.9025405781366582	1	1
tryptophan metabolic process	GO:0006568		8	1	1.661277376447655	-0.5075868103362635	0.5704932391303862	0.8447215069503783	1	1
tryptophan catabolic process	GO:0006569		7	0	1.4536177043916982	-Inf	0	1	1	1
tyrosine metabolic process	GO:0006570		11	1	2.284256392615526	-0.8260405414547983	0.4248799167694929	0.9227905796275384	1	1
tyrosine catabolic process	GO:0006572		5	1	1.0382983602797844	-0.03758318109052809	0.8550494879642134	0.687756407879498	1	1
cellular modified amino acid metabolic process	GO:0006575		104	24	21.596605893819515	0.10551766255014523	0.9579172596729197	0.2624240117794803	1	1
biogenic amine metabolic process	GO:0006576		52	8	10.798302946909757	-0.29994744555801905	0.6858168500062106	0.8589542211265623	1	1
amino-acid betaine metabolic process	GO:0006577		10	3	2.076596720559569	0.3678819270176362	1.1636753669944517	0.3454178811708285	1	1
amino-acid betaine biosynthetic process	GO:0006578		5	2	1.0382983602797844	0.6555639994694172	1.4101486239250423	0.2784677966097898	1	1
melanin metabolic process	GO:0006582		6	0	1.2459580323357413	-Inf	0	1	1	1
catecholamine metabolic process	GO:0006584		19	2	3.9455337690631813	-0.6794370672629231	0.4873768597596791	0.9134911356883086	1	1
indolalkylamine metabolic process	GO:0006586		10	1	2.076596720559569	-0.7307303616504734	0.46465550092064367	0.9025405781366582	1	1
thyroid hormone generation	GO:0006590		8	1	1.661277376447655	-0.5075868103362635	0.5704932391303862	0.8447215069503783	1	1
polyamine metabolic process	GO:0006595		14	3	2.9072354087833965	0.03140969039642335	0.9037570637243312	0.580334678997702	1	1
polyamine biosynthetic process	GO:0006596		6	0	1.2459580323357413	-Inf	0	1	1	1
protein targeting	GO:0006605		119	26	24.71150097465887	0.05082777625352498	0.9177669587816428	0.36552627820032785	1	1
protein import into nucleus	GO:0006606		43	10	8.929365898406147	0.11323970864405548	0.9636673145909258	0.40148622882059964	1	1
NLS-bearing protein import into nucleus	GO:0006607		10	1	2.076596720559569	-0.7307303616504734	0.46465550092064367	0.9025405781366582	1	1
protein export from nucleus	GO:0006611		18	3	3.7378740970072237	-0.21990473788448264	0.7346935242489595	0.7172018988421163	1	1
protein targeting to membrane	GO:0006612		27	2	5.606811145510836	-1.0308349541008115	0.34954724972226403	0.9776356206684261	1	1
cotranslational protein targeting to membrane	GO:0006613		11	1	2.284256392615526	-0.8260405414547983	0.4248799167694929	0.9227905796275384	1	1
post-translational protein targeting to endoplasmic reticulum membrane	GO:0006620		9	0	1.8689370485036119	-Inf	0	1	1	1
protein targeting to lysosome	GO:0006622		18	6	3.7378740970072237	0.47324244267546267	1.2517310839972888	0.15227636513065004	1	1
protein targeting to vacuole	GO:0006623		21	6	4.360853113175095	0.3190917628482042	1.123880732467684	0.25933091248927237	1	1
protein targeting to peroxisome	GO:0006625		7	1	1.4536177043916982	-0.37405541771174117	0.6427576439377599	0.7526154025838886	1	1
protein targeting to mitochondrion	GO:0006626		46	12	9.552344914574016	0.2281199846424775	1.0514827223147898	0.23380111850424543	1	1
fatty acid metabolic process	GO:0006631		189	54	39.247678018575854	0.3190917628482042	1.123880732467684	0.004500267234980598	1	1
fatty acid biosynthetic process	GO:0006633		68	14	14.120857699805068	-0.008595644217275787	0.875308628479267	0.5625085481229501	1	1
fatty acid beta-oxidation	GO:0006635		40	15	8.306386882238275	0.5910254783318459	1.353273052440545	0.011149085552759045	1	1
unsaturated fatty acid biosynthetic process	GO:0006636		24	5	4.983832129342965	0.003238813429726966	0.8836656273277367	0.5771837244585964	1	1
acyl-CoA metabolic process	GO:0006637		60	12	12.459580323357413	-0.03758318109052809	0.8550494879642134	0.583755856427477	1	1
neutral lipid metabolic process	GO:0006638		46	11	9.552344914574016	0.14110860765284775	0.984582649384831	0.26941622012476485	1	1
acylglycerol metabolic process	GO:0006639		46	11	9.552344914574016	0.14110860765284775	0.984582649384831	0.26941622012476485	1	1
monoacylglycerol biosynthetic process	GO:0006640		7	1	1.4536177043916982	-0.37405541771174117	0.6427576439377599	0.7526154025838886	1	1
triglyceride metabolic process	GO:0006641		27	7	5.606811145510836	0.22192801439455642	1.046644062980932	0.25037786508338206	1	1
membrane lipid metabolic process	GO:0006643		154	32	31.97958949661736	6.38031729669493e-4	0.8818248155375995	0.49743919337343334	1	1
phosphatidylethanolamine biosynthetic process	GO:0006646		7	1	1.4536177043916982	-0.37405541771174117	0.6427576439377599	0.8040048847954714	1	1
phosphatidic acid biosynthetic process	GO:0006654		26	9	5.399151473454879	0.5109827706583097	1.283930417894171	0.05758387258112652	1	1
phosphatidylglycerol biosynthetic process	GO:0006655		6	1	1.2459580323357413	-0.21990473788448278	0.7346935242489594	0.7526154025838886	1	1
phosphatidylcholine biosynthetic process	GO:0006656		18	1	3.7378740970072237	-1.3185170265525925	0.26443900870457454	0.9809185311126569	1	1
phosphatidylserine metabolic process	GO:0006658		15	4	3.114895080839353	0.25009889136125285	1.0687514739090234	0.3283552675545878	1	1
phosphatidylinositol biosynthetic process	GO:0006661		86	18	17.858731796812293	0.007879192986229145	0.886955977922381	0.5278056915083642	1	1
glycerol ether metabolic process	GO:0006662		11	1	2.284256392615526	-0.8260405414547983	0.4248799167694929	0.9227905796275384	1	1
glycolipid metabolic process	GO:0006664		80	15	16.61277376447655	-0.10212170222809934	0.8110355253935492	0.6947954302606048	1	1
sphingolipid metabolic process	GO:0006665		122	24	25.33447999082674	-0.05411248304173874	0.8436324215910431	0.6181234227033268	1	1
sphingosine metabolic process	GO:0006670		19	5	3.9455337690631813	0.23685366461123208	1.058327343188305	0.3582828091064613	1	1
ceramide metabolic process	GO:0006672		66	15	13.705538355693154	0.0902501904193569	0.9466071317499708	0.3693512017454356	1	1
glycosylceramide metabolic process	GO:0006677		10	1	2.076596720559569	-0.7307303616504734	0.46465550092064367	0.9025405781366582	1	1
galactosylceramide metabolic process	GO:0006681		5	1	1.0382983602797844	-0.03758318109052809	0.8550494879642134	0.687756407879498	1	1
sphingomyelin metabolic process	GO:0006684		11	1	2.284256392615526	-0.8260405414547983	0.4248799167694929	0.9227905796275384	1	1
sphingomyelin catabolic process	GO:0006685		5	1	1.0382983602797844	-0.03758318109052809	0.8550494879642134	0.687756407879498	1	1
sphingomyelin biosynthetic process	GO:0006686		5	0	1.0382983602797844	-Inf	0	1	1	1
glycosphingolipid metabolic process	GO:0006687		50	8	10.382983602797843	-0.2607267324047378	0.709459778017518	0.8265382331122262	1	1
glycosphingolipid biosynthetic process	GO:0006688		32	2	6.64510950579062	-1.200733990896209	0.296605097562714	0.9945635056454347	1	1
ganglioside catabolic process	GO:0006689		6	4	1.2459580323357413	1.1663896232354078	1.8829554115277662	0.019408517453028042	1	1
icosanoid metabolic process	GO:0006690		75	14	15.574475404196766	-0.10657605257747957	0.80805405740434455	0.7167098759524592	1	1
leukotriene metabolic process	GO:0006691		20	3	4.153193441119138	-0.32526525354230906	0.6708686990356654	0.8166635360254624	1	1
prostanoid metabolic process	GO:0006692		29	5	6.02213048962275	-0.18600318620880152	0.7561317767125373	0.7493074800281739	1	1
prostaglandin metabolic process	GO:0006693		26	5	5.399151473454879	-0.07680389424380936	0.828120501226785	0.653075468975933	1	1
steroid biosynthetic process	GO:0006694		60	18	12.459580323357413	0.3678819270176362	1.1636753669944517	0.050342632931017546	1	1
cholesterol biosynthetic process	GO:0006695		24	13	4.983832129342965	0.9587502584571634	1.6867667060288805	1.7992587228504101e-4	0.08714954977588169	0.08714954977588169
bile acid biosynthetic process	GO:0006699		25	4	5.1914918013989215	-0.2607267324047378	0.709459778017518	0.7652001365042725	1	1
C21-steroid hormone biosynthetic process	GO:0006700		9	0	1.8689370485036119	-Inf	0	1	1	1
androgen biosynthetic process	GO:0006702		8	1	1.661277376447655	-0.5075868103362635	0.5704932391303862	0.8447215069503783	1	1
estrogen biosynthetic process	GO:0006703		8	1	1.661277376447655	-0.5075868103362635	0.5704932391303862	0.8040048847954714	1	1
glucocorticoid biosynthetic process	GO:0006704		6	0	1.2459580323357413	-Inf	0	1	1	1
steroid catabolic process	GO:0006706		16	2	3.32255475289531	-0.5075868103362635	0.5704932391303862	0.8747919000306	1	1
cholesterol catabolic process	GO:0006707		5	1	1.0382983602797844	-0.03758318109052809	0.8550494879642134	0.687756407879498	1	1
isoprenoid metabolic process	GO:0006720		78	15	16.19745442036464	-0.0768038942438096	0.8281205012267848	0.5879208215338972	1	1
terpenoid metabolic process	GO:0006721		61	8	12.66723999541337	-0.45957759114990304	0.5956902004806642	0.9278356827699249	1	1
one-carbon metabolic process	GO:0006730		8	3	1.661277376447655	0.591025478331846	1.353273052440545	0.22014844812420312	1	1
NADH metabolic process	GO:0006734		25	1	5.1914918013989215	-1.6470210935246283	0.19145115443050073	0.9970431163891439	1	1
NADP metabolic process	GO:0006739		21	0	4.360853113175095	-Inf	0	1	1	1
NADPH regeneration	GO:0006740		13	0	2.6995757367274393	-Inf	0	1	1	1
ubiquinone metabolic process	GO:0006743		18	4	3.7378740970072237	0.0677773345672982	0.9301019182460473	0.5316813120771371	1	1
ubiquinone biosynthetic process	GO:0006744		16	4	3.32255475289531	0.18556037022368177	1.0184629095493067	0.43250684412533813	1	1
glutathione metabolic process	GO:0006749		25	5	5.1914918013989215	-0.03758318109052798	0.8550494879642135	0.5771837244585964	1	1
glutathione biosynthetic process	GO:0006750		6	2	1.2459580323357413	0.4732424426754625	1.2517310839972888	0.36346143435754485	1	1
ATP biosynthetic process	GO:0006754		19	1	3.9455337690631813	-1.3725842478228683	0.25081318682877285	0.9880268984657199	1	1
folic acid-containing compound metabolic process	GO:0006760		20	7	4.153193441119138	0.5220326068448946	1.2934197614423821	0.10196428155466769	1	1
vitamin metabolic process	GO:0006766		79	12	16.405114092420593	-0.31268647133544886	0.6782646549138196	0.8906293158096681	1	1
water-soluble vitamin metabolic process	GO:0006767		49	10	10.175323930741888	-0.01738047377300876	0.869137290010595	0.5525336527495937	1	1
riboflavin metabolic process	GO:0006771		5	0	1.0382983602797844	-Inf	0	1	1	1
fat-soluble vitamin metabolic process	GO:0006775		30	2	6.229790161678706	-1.1361954697586378	0.3157645429162462	0.9877287920177849	1	1
porphyrin-containing compound metabolic process	GO:0006778		29	11	6.02213048962275	0.6024541741554688	1.36328448749854	0.014453977923637241	1	1
porphyrin-containing compound biosynthetic process	GO:0006779		18	7	3.7378740970072237	0.6273931225027208	1.3852219729765114	0.06114614100470825	1	1
protoporphyrinogen IX biosynthetic process	GO:0006782		6	3	1.2459580323357413	0.878707550783627	1.6124283013649316	0.1084805211142787	1	1
heme biosynthetic process	GO:0006783		18	7	3.7378740970072237	0.6273931225027208	1.3852219729765114	0.06114614100470825	1	1
porphyrin-containing compound catabolic process	GO:0006787		11	4	2.284256392615526	0.5602538196650922	1.3264517770645412	0.09604599368521607	1	1
sulfur compound metabolic process	GO:0006790		193	38	40.07831670679968	-0.0532492978349276	0.844226193450174	0.6316903337989526	1	1
superoxide metabolic process	GO:0006801		27	4	5.606811145510836	-0.33768777354086615	0.6636243724392131	0.8191190934479378	1	1
xenobiotic metabolic process	GO:0006805		107	17	22.219584909987386	-0.26776075906211777	0.7051761215192828	0.8550940563357283	1	1
nitric oxide biosynthetic process	GO:0006809		10	3	2.076596720559569	0.3678819270176362	1.1636753669944517	0.3454178811708285	1	1
potassium ion transport	GO:0006813		98	13	20.350647861483775	-0.448163389865463	0.6018099863256373	0.9648122893891007	1	1
sodium ion transport	GO:0006814		59	7	12.251920651301456	-0.5597725635068339	0.5440934564962407	0.9707727276640392	1	1
calcium ion transport	GO:0006816		131	11	27.203417039330354	-0.9054473190592088	0.3940813244023095	0.9999599931903393	1	1
phosphate ion transport	GO:0006817		14	2	2.9072354087833965	-0.37405541771174117	0.6427576439377599	0.8206374202006002	1	1
monoatomic anion transport	GO:0006820		68	4	14.120857699805068	-1.2613586127126437	0.2796111962732416	0.9998293547186394	1	1
chloride transport	GO:0006821		55	4	11.421281963077629	-1.049184092769008	0.3434323890496411	0.9980757157391937	1	1
copper ion transport	GO:0006825		7	1	1.4536177043916982	-0.37405541771174117	0.6427576439377599	0.8040048847954714	1	1
iron ion transport	GO:0006826		25	4	5.1914918013989215	-0.2607267324047378	0.709459778017518	0.7935739204522448	1	1
manganese ion transport	GO:0006828		7	0	1.4536177043916982	-Inf	0	1	1	1
zinc ion transport	GO:0006829		24	4	4.983832129342965	-0.21990473788448278	0.7346935242489594	0.7652001365042725	1	1
water transport	GO:0006833		15	0	3.114895080839353	-Inf	0	1	1	1
dicarboxylic acid transport	GO:0006835		33	5	6.852769177846577	-0.31521491768880766	0.6767731147053067	0.8446608236131994	1	1
neurotransmitter transport	GO:0006836		43	3	8.929365898406147	-1.0907330956818806	0.32995062045095813	0.9951568069600917	1	1
serotonin transport	GO:0006837		10	2	2.076596720559569	-0.03758318109052809	0.8550494879642134	0.6469486398345623	1	1
mitochondrial transport	GO:0006839		113	29	23.46554294232313	0.2117627426177057	1.0387258907327503	0.12207752001577662	1	1
pyruvate transport	GO:0006848		6	1	1.2459580323357413	-0.21990473788448278	0.7346935242489594	0.7526154025838886	1	1
mitochondrial calcium ion transmembrane transport	GO:0006851		13	0	2.6995757367274393	-Inf	0	1	1	1
xenobiotic transmembrane transport	GO:0006855		15	7	3.114895080839353	0.8097146792966756	1.5490472966174191	0.02200614354154452	1	1
oligopeptide transport	GO:0006857		8	3	1.661277376447655	0.591025478331846	1.353273052440545	0.22014844812420312	1	1
extracellular transport	GO:0006858		13	2	2.6995757367274393	-0.29994744555801905	0.6858168500062106	0.7463131700423387	1	1
nucleotide transport	GO:0006862		33	10	6.852769177846577	0.3779322628711377	1.1719525007568925	0.12933384741590329	1	1
purine nucleobase transport	GO:0006863		7	2	1.4536177043916982	0.3190917628482042	1.123880732467684	0.4442785093143923	1	1
amino acid transport	GO:0006865		69	10	14.328517371861025	-0.3596666802596415	0.6509526403382632	0.9218565862946582	1	1
glutamine transport	GO:0006868		6	1	1.2459580323357413	-0.21990473788448278	0.7346935242489594	0.7526154025838886	1	1
lipid transport	GO:0006869		160	30	33.2255475289531	-0.10212170222809934	0.8110355253935492	0.6986559143860036	1	1
intracellular calcium ion homeostasis	GO:0006874		101	13	20.973626877651647	-0.4783164280361505	0.5857510736988714	0.9772807061756593	1	1
intracellular copper ion homeostasis	GO:0006878		10	2	2.076596720559569	-0.03758318109052809	0.8550494879642134	0.6469486398345623	1	1
intracellular iron ion homeostasis	GO:0006879		46	11	9.552344914574016	0.14110860765284775	0.984582649384831	0.32495089494119306	1	1
intracellular zinc ion homeostasis	GO:0006882		14	2	2.9072354087833965	-0.37405541771174117	0.6427576439377599	0.8206374202006002	1	1
intracellular sodium ion homeostasis	GO:0006883		13	0	2.6995757367274393	-Inf	0	1	1	1
cell volume homeostasis	GO:0006884		22	4	4.568512785231052	-0.13289336089485304	0.7905889481542714	0.6994719172777473	1	1
regulation of pH	GO:0006885		47	13	9.760004586629973	0.2866564870950505	1.0977919718932019	0.14227998133105238	1	1
intracellular protein transport	GO:0006886		180	38	37.378740970072236	0.016484040179747618	0.8930774646898969	0.4686932215770213	1	1
exocytosis	GO:0006887		75	11	15.574475404196766	-0.3477381093943676	0.6578068740206809	0.9155402653487694	1	1
endoplasmic reticulum to Golgi vesicle-mediated transport	GO:0006888		60	3	12.459580323357413	-1.4238775422104186	0.23851075901735286	0.9998832380145155	1	1
retrograde vesicle-mediated transport, Golgi to endoplasmic reticulum	GO:0006890		27	1	5.606811145510836	-1.723982134660757	0.17742219927851477	0.9981450833961732	1	1
intra-Golgi vesicle-mediated transport	GO:0006891		17	3	3.530214424951267	-0.16274632404453418	0.771090171362034	0.7172018988421163	1	1
post-Golgi vesicle-mediated transport	GO:0006892		61	10	12.66723999541337	-0.23643403983569333	0.7243994199978583	0.8266139761391943	1	1
Golgi to plasma membrane transport	GO:0006893		32	4	6.64510950579062	-0.5075868103362635	0.5704932391303862	0.9228843547551815	1	1
Golgi to endosome transport	GO:0006895		10	1	2.076596720559569	-0.7307303616504734	0.46465550092064367	0.8769813843064487	1	1
Golgi to vacuole transport	GO:0006896		10	1	2.076596720559569	-0.7307303616504734	0.46465550092064367	0.9025405781366582	1	1
receptor-mediated endocytosis	GO:0006898		102	22	21.1812865497076	0.03792437141761706	0.9084427730703822	0.45957223106419554	1	1
vesicle budding from membrane	GO:0006900		36	0	7.4757481940144475	-Inf	0	1	1	1
vesicle coating	GO:0006901		13	0	2.6995757367274393	-Inf	0	1	1	1
vesicle targeting	GO:0006903		31	4	6.4374498337346635	-0.47583811202168336	0.5870579010261421	0.9105414052447596	1	1
vesicle docking involved in exocytosis	GO:0006904		8	1	1.661277376447655	-0.5075868103362635	0.5704932391303862	0.8447215069503783	1	1
vesicle fusion	GO:0006906		39	5	8.09872721018232	-0.482269002351974	0.583671700115388	0.9078650078447374	1	1
pinocytosis	GO:0006907		6	3	1.2459580323357413	0.878707550783627	1.6124283013649316	0.1084805211142787	1	1
phagocytosis	GO:0006909		79	14	16.405114092420593	-0.1585357915081906	0.7738200879968781	0.77114725490071	1	1
phagocytosis, recognition	GO:0006910		7	3	1.4536177043916982	0.7245568709563687	1.4718161116467272	0.1614187469654273	1	1
phagocytosis, engulfment	GO:0006911		14	2	2.9072354087833965	-0.37405541771174117	0.6427576439377599	0.8206374202006002	1	1
nucleocytoplasmic transport	GO:0006913		122	23	25.33447999082674	-0.09667209746053464	0.8146931171018144	0.7177763821442585	1	1
autophagy	GO:0006914		183	25	38.00171998624011	-0.41875559662964795	0.6178067848385894	0.9911960398874926	1	1
cellular component disassembly involved in execution phase of apoptosis	GO:0006921		12	2	2.4919160646714826	-0.21990473788448278	0.7346935242489594	0.7463131700423387	1	1
substrate-dependent cell migration	GO:0006929		9	2	1.8689370485036119	0.0677773345672982	0.9301019182460473	0.5866424881018152	1	1
chemotaxis	GO:0006935		181	16	37.5864006421282	-0.8540535776824724	0.41377715263597753	0.9999926681877855	1	1
muscle contraction	GO:0006936		130	16	26.995757367274393	-0.5230909968722289	0.5625428480150176	0.9946900761679605	1	1
regulation of muscle contraction	GO:0006937		85	9	17.651072124756336	-0.6735719478105249	0.4900348594839363	0.9951245596336364	1	1
smooth muscle contraction	GO:0006939		17	3	3.530214424951267	-0.16274632404453418	0.771090171362034	0.7172018988421163	1	1
regulation of smooth muscle contraction	GO:0006940		13	0	2.6995757367274393	-Inf	0	1	1	1
striated muscle contraction	GO:0006941		64	11	13.29021901158124	-0.18913307921772893	0.7541342760014264	0.7675456679404571	1	1
regulation of striated muscle contraction	GO:0006942		63	8	13.082559339525284	-0.49183845336812465	0.578661995840572	0.9607388956427212	1	1
syncytium formation	GO:0006949		15	2	3.114895080839353	-0.4430482891986925	0.6045686331939815	0.7863084571716146	1	1
acute-phase response	GO:0006953		11	0	2.284256392615526	-Inf	0	1	1	1
inflammatory response	GO:0006954		194	25	40.285976378855636	-0.4771276028515552	0.5863776548436531	0.9970672575809607	1	1
complement activation	GO:0006956		28	2	5.814470817566793	-1.0672025982716864	0.3375241858610443	0.9877287920177849	1	1
complement activation, classical pathway	GO:0006958		5	0	1.0382983602797844	-Inf	0	1	1	1
humoral immune response	GO:0006959		168	21	34.88682490540076	-0.5075868103362637	0.5704932391303862	0.9944634200408837	1	1
cellular defense response	GO:0006968		46	5	9.552344914574016	-0.6473487527114224	0.5020709535360993	0.9707929012015946	1	1
response to osmotic stress	GO:0006970		33	3	6.852769177846577	-0.8260405414547982	0.424879916769493	0.9789009624665828	1	1
hypotonic response	GO:0006971		8	1	1.661277376447655	-0.5075868103362635	0.5704932391303862	0.8447215069503783	1	1
hyperosmotic response	GO:0006972		10	1	2.076596720559569	-0.7307303616504734	0.46465550092064367	0.9025405781366582	1	1
response to oxidative stress	GO:0006979		187	39	38.83235867446393	0.004307760618632097	0.8844229118132237	0.5171133991960296	1	1
ER overload response	GO:0006983		7	1	1.4536177043916982	-0.37405541771174117	0.6427576439377599	0.8040048847954714	1	1
ER-nucleus signaling pathway	GO:0006984		26	3	5.399151473454879	-0.5876295180098001	0.5304189204269063	0.9292177241273096	1	1
response to unfolded protein	GO:0006986		66	9	13.705538355693154	-0.42057543334663394	0.6168072392922693	0.9494558744152437	1	1
response to sterol depletion	GO:0006991		10	2	2.076596720559569	-0.03758318109052809	0.8550494879642134	0.6469486398345623	1	1
nucleus organization	GO:0006997		88	15	18.274051140924207	-0.19743188203242423	0.7488559229940783	0.7834210323675788	1	1
nuclear envelope organization	GO:0006998		44	6	9.137025570462104	-0.4205754333466341	0.6168072392922693	0.8657034844928508	1	1
nuclear pore organization	GO:0006999		13	1	2.6995757367274393	-0.9930946261179644	0.3624410396831095	0.9515444407761957	1	1
nucleolus organization	GO:0007000		7	4	1.4536177043916982	1.0122389434081496	1.7368772268176493	0.03789621997941405	1	1
telomere maintenance via telomerase	GO:0007004		20	3	4.153193441119138	-0.32526525354230906	0.6708686990356654	0.7873782230686989	1	1
mitochondrial membrane organization	GO:0007006		72	19	14.951496388028895	0.23962759149395743	1.0605060972171243	0.13629463406674844	1	1
inner mitochondrial membrane organization	GO:0007007		34	10	7.060428849902534	0.3480792997214565	1.1474455497580873	0.15088744152414232	1	1
plasma membrane organization	GO:0007009		65	6	13.497878683637197	-0.8107730693240097	0.4310420102975003	0.9868042050504346	1	1
actin filament organization	GO:0007015		104	14	21.596605893819515	-0.43347883818254174	0.6097564597498618	0.9747338266956971	1	1
microtubule-based movement	GO:0007018		118	22	24.50384130260291	-0.10778743976377658	0.8072444977668513	0.7030347807858457	1	1
microtubule depolymerization	GO:0007019		10	6	2.076596720559569	1.0610291075775815	1.782860369115461	0.003743103488222975	0.9496788278691434	0.9496788278691433
microtubule nucleation	GO:0007020		17	3	3.530214424951267	-0.16274632404453418	0.771090171362034	0.7172018988421163	1	1
post-chaperonin tubulin folding pathway	GO:0007023		5	1	1.0382983602797844	-0.03758318109052809	0.8550494879642134	0.687756407879498	1	1
negative regulation of microtubule depolymerization	GO:0007026		13	2	2.6995757367274393	-0.29994744555801905	0.6858168500062106	0.7863084571716146	1	1
endoplasmic reticulum organization	GO:0007029		60	7	12.459580323357413	-0.5765796818232151	0.5358085206035741	0.9777715981889069	1	1
Golgi organization	GO:0007030		77	8	15.98979474830868	-0.6925091488302758	0.48149723435115205	0.9949178910966417	1	1
peroxisome organization	GO:0007031		29	7	6.02213048962275	0.15046905041241138	0.9916643736520799	0.3594512356156642	1	1
endosome organization	GO:0007032		51	3	10.5906432748538	-1.2613586127126437	0.2796111962732416	0.9981349707927349	1	1
vacuole organization	GO:0007033		107	22	22.219584909987386	-0.009931649760018004	0.874368315649666	0.539775223459454	1	1
vacuolar transport	GO:0007034		100	16	20.765967205595686	-0.2607267324047378	0.709459778017518	0.8478357519887176	1	1
vacuolar acidification	GO:0007035		11	7	2.284256392615526	1.119869607600515	1.8386341006110918	0.0024675748957437536	0.6919599497117221	0.691959949711722
protein catabolic process in the vacuole	GO:0007039		6	2	1.2459580323357413	0.4732424426754625	1.2517310839972888	0.36346143435754485	1	1
lysosome organization	GO:0007040		53	17	11.005962618965716	0.43477616184766643	1.2192603065574483	0.030043831640208563	1	1
lysosomal transport	GO:0007041		97	16	20.142988189427818	-0.2302675249200294	0.728227614699236	0.8091421045069641	1	1
lysosomal lumen acidification	GO:0007042		10	6	2.076596720559569	1.0610291075775815	1.782860369115461	0.00771742684810701	1	1
cell-cell junction assembly	GO:0007043		55	5	11.421281963077629	-0.8260405414547983	0.4248799167694929	0.9929301320050167	1	1
cell-substrate junction assembly	GO:0007044		21	4	4.360853113175095	-0.08637334525996013	0.8216351574574108	0.661983562527506	1	1
spindle organization	GO:0007051		110	23	22.842563926155258	0.006868581480305778	0.8862387378402418	0.5035892830263387	1	1
mitotic spindle organization	GO:0007052		70	12	14.53617704391698	-0.19173386091778638	0.7524772743438592	0.7974818695086621	1	1
chromosome segregation	GO:0007059		183	41	38.00171998624011	0.07594064520645907	0.9360777010638633	0.22777174113247878	1	1
sister chromatid cohesion	GO:0007062		28	7	5.814470817566793	0.1855603702236816	1.0184629095493065	0.3594512356156642	1	1
regulation of sister chromatid cohesion	GO:0007063		15	5	3.114895080839353	0.4732424426754625	1.2517310839972888	0.18446256055810342	1	1
mitotic sister chromatid cohesion	GO:0007064		14	4	2.9072354087833965	0.3190917628482042	1.123880732467684	0.3283552675545878	1	1
mitotic chromosome condensation	GO:0007076		13	3	2.6995757367274393	0.10551766255014523	0.9579172596729197	0.4686775291554418	1	1
mitotic nuclear membrane disassembly	GO:0007077		8	2	1.661277376447655	0.18556037022368177	1.0184629095493067	0.5189885297111225	1	1
mitotic metaphase chromosome alignment	GO:0007080		53	7	11.005962618965716	-0.45252703315323645	0.5994645181972742	0.9077203592708015	1	1
mitotic nuclear membrane reassembly	GO:0007084		10	3	2.076596720559569	0.3678819270176362	1.1636753669944517	0.3454178811708285	1	1
regulation of mitotic nuclear division	GO:0007088		80	24	16.61277376447655	0.3678819270176362	1.1636753669944517	0.028082224977199585	1	1
mitotic cell cycle checkpoint signaling	GO:0007093		77	19	15.98979474830868	0.17248828865632884	1.0084342683534842	0.21725695647948026	1	1
mitotic spindle assembly checkpoint signaling	GO:0007094		20	7	4.153193441119138	0.5220326068448946	1.2934197614423821	0.10196428155466769	1	1
mitotic G2 DNA damage checkpoint signaling	GO:0007095		27	7	5.606811145510836	0.22192801439455642	1.046644062980932	0.2857945419821196	1	1
regulation of exit from mitosis	GO:0007096		8	2	1.661277376447655	0.18556037022368177	1.0184629095493067	0.5189885297111225	1	1
centrosome cycle	GO:0007098		69	19	14.328517371861025	0.2821872059127533	1.0942207506299373	0.0976476054102145	1	1
centriole replication	GO:0007099		21	5	4.360853113175095	0.13677020605424967	0.9813100281419231	0.44906746990504853	1	1
meiosis I	GO:0007127		22	4	4.568512785231052	-0.13289336089485304	0.7905889481542714	0.6214281163137048	1	1
homologous chromosome pairing at meiosis	GO:0007129		5	2	1.0382983602797844	0.6555639994694172	1.4101486239250423	0.2784677966097898	1	1
reciprocal meiotic recombination	GO:0007131		18	2	3.7378740970072237	-0.6253698459926471	0.5123516935775311	0.8747919000306	1	1
homophilic cell adhesion via plasma membrane adhesion molecules	GO:0007156		21	3	4.360853113175095	-0.37405541771174117	0.6427576439377599	0.8424435316084549	1	1
heterophilic cell-cell adhesion via plasma membrane cell adhesion molecules	GO:0007157		17	2	3.530214424951267	-0.5682114321526985	0.5399204070993384	0.8747919000306	1	1
neuron cell-cell adhesion	GO:0007158		10	1	2.076596720559569	-0.7307303616504734	0.46465550092064367	0.9025405781366582	1	1
leukocyte cell-cell adhesion	GO:0007159		42	7	8.72170622635019	-0.21990473788448278	0.7346935242489594	0.7982594842173442	1	1
cell-matrix adhesion	GO:0007160		74	13	15.366815732140807	-0.1672610043990606	0.7681704652893319	0.7922522378780203	1	1
negative regulation of cell adhesion	GO:0007162		159	20	33.01788785689715	-0.5013171973226683	0.573734056134064	0.9964250796606646	1	1
establishment or maintenance of cell polarity	GO:0007163		85	9	17.651072124756336	-0.6735719478105249	0.4900348594839363	0.9957670861769359	1	1
receptor guanylyl cyclase signaling pathway	GO:0007168		10	0	2.076596720559569	-Inf	0	1	1	1
signal complex assembly	GO:0007172		5	1	1.0382983602797844	-0.03758318109052809	0.8550494879642134	0.687756407879498	1	1
epidermal growth factor receptor signaling pathway	GO:0007173		43	7	8.929365898406147	-0.24343523529467692	0.7200706489963238	0.8183165423804628	1	1
negative regulation of epidermal growth factor-activated receptor activity	GO:0007175		8	0	1.661277376447655	-Inf	0	1	1	1
regulation of epidermal growth factor-activated receptor activity	GO:0007176		9	0	1.8689370485036119	-Inf	0	1	1	1
transmembrane receptor protein serine/threonine kinase signaling pathway	GO:0007178		109	21	22.6349042540993	-0.07497071316214843	0.8293666990090802	0.6522484825831276	1	1
transforming growth factor beta receptor signaling pathway	GO:0007179		66	14	13.705538355693154	0.02125731893240536	0.8964843753688214	0.5130654410432237	1	1
transmembrane receptor protein tyrosine phosphatase signaling pathway	GO:0007185		5	0	1.0382983602797844	-Inf	0	1	1	1
G protein-coupled receptor signaling pathway, coupled to cyclic nucleotide second messenger	GO:0007187		43	2	8.929365898406147	-1.496198203790045	0.2221483892346155	0.9993250031427527	1	1
adenylate cyclase-modulating G protein-coupled receptor signaling pathway	GO:0007188		136	16	28.241715399610136	-0.5682114321526985	0.5399204070993384	0.9970670621118127	1	1
adenylate cyclase-activating G protein-coupled receptor signaling pathway	GO:0007189		83	9	17.23575278064442	-0.6497612991168062	0.5009532079469601	0.991511424999332	1	1
activation of adenylate cyclase activity	GO:0007190		15	5	3.114895080839353	0.4732424426754625	1.2517310839972888	0.14676496360565727	1	1
adenylate cyclase-inhibiting G protein-coupled receptor signaling pathway	GO:0007193		44	4	9.137025570462104	-0.8260405414547983	0.4248799167694929	0.9867422945357298	1	1
negative regulation of adenylate cyclase activity	GO:0007194		10	1	2.076596720559569	-0.7307303616504734	0.46465550092064367	0.9025405781366582	1	1
adenylate cyclase-inhibiting serotonin receptor signaling pathway	GO:0007198		8	0	1.661277376447655	-Inf	0	1	1	1
phospholipase C-activating G protein-coupled receptor signaling pathway	GO:0007200		72	7	14.951496388028895	-0.7589012386171697	0.45257214918610666	0.9939390310130956	1	1
positive regulation of cytosolic calcium ion concentration	GO:0007204		67	4	13.913198027749111	-1.2465435269275031	0.28367677137536185	0.9998293547186394	1	1
phospholipase C-activating serotonin receptor signaling pathway	GO:0007208		5	0	1.0382983602797844	-Inf	0	1	1	1
serotonin receptor signaling pathway	GO:0007210		11	2	2.284256392615526	-0.13289336089485304	0.7905889481542714	0.6469486398345623	1	1
dopamine receptor signaling pathway	GO:0007212		8	1	1.661277376447655	-0.5075868103362635	0.5704932391303862	0.8447215069503783	1	1
G protein-coupled acetylcholine receptor signaling pathway	GO:0007213		8	1	1.661277376447655	-0.5075868103362635	0.5704932391303862	0.8447215069503783	1	1
gamma-aminobutyric acid signaling pathway	GO:0007214		12	1	2.4919160646714826	-0.9130519184444281	0.39123986519130494	0.9388339804989202	1	1
glutamate receptor signaling pathway	GO:0007215		29	2	6.02213048962275	-1.1022939180829565	0.3262878439592867	0.9899749348621376	1	1
G protein-coupled glutamate receptor signaling pathway	GO:0007216		15	1	3.114895080839353	-1.1361954697586378	0.3157645429162462	0.969591795111742	1	1
tachykinin receptor signaling pathway	GO:0007217		8	2	1.661277376447655	0.18556037022368177	1.0184629095493067	0.5189885297111225	1	1
neuropeptide signaling pathway	GO:0007218		31	1	6.4374498337346635	-1.862132473141574	0.15472295328199728	0.9988364411480148	1	1
Notch signaling pathway	GO:0007219		20	4	4.153193441119138	-0.03758318109052809	0.8550494879642134	0.6214281163137048	1	1
Notch receptor processing	GO:0007220		7	2	1.4536177043916982	0.3190917628482042	1.123880732467684	0.4442785093143923	1	1
smoothened signaling pathway	GO:0007224		12	2	2.4919160646714826	-0.21990473788448278	0.7346935242489594	0.7463131700423387	1	1
integrin-mediated signaling pathway	GO:0007229		56	9	11.628941635133586	-0.2562723820553576	0.712182235853394	0.8344554982076047	1	1
canonical NF-kappaB signal transduction	GO:0007249		29	4	6.02213048962275	-0.40914673752301123	0.623105519043334	0.8804810889995786	1	1
JNK cascade	GO:0007254		25	4	5.1914918013989215	-0.2607267324047378	0.709459778017518	0.7935739204522448	1	1
receptor signaling pathway via JAK-STAT	GO:0007259		39	3	8.09872721018232	-0.9930946261179646	0.36244103968310937	0.9929535149965234	1	1
tyrosine phosphorylation of STAT protein	GO:0007260		6	0	1.2459580323357413	-Inf	0	1	1	1
nitric oxide mediated signal transduction	GO:0007263		12	3	2.4919160646714826	0.1855603702236816	1.0184629095493065	0.4686775291554418	1	1
small GTPase mediated signal transduction	GO:0007264		104	15	21.596605893819515	-0.3644859666955903	0.6481989791537445	0.9582486031832923	1	1
Ras protein signal transduction	GO:0007265		26	5	5.399151473454879	-0.07680389424380936	0.828120501226785	0.616237770777419	1	1
Rho protein signal transduction	GO:0007266		36	3	7.4757481940144475	-0.913051918444428	0.39123986519130505	0.9877370538049524	1	1
chemical synaptic transmission	GO:0007268		146	13	30.318312120169704	-0.8468025329032274	0.4166259347839461	0.9999633989847997	1	1
neurotransmitter secretion	GO:0007269		15	1	3.114895080839353	-1.1361954697586378	0.3157645429162462	0.961614211589703	1	1
synaptic transmission, cholinergic	GO:0007271		11	2	2.284256392615526	-0.13289336089485304	0.7905889481542714	0.7000405632278557	1	1
ensheathment of neurons	GO:0007272		17	4	3.530214424951267	0.1249357484072468	0.9724140606384994	0.4830503542687592	1	1
neuromuscular synaptic transmission	GO:0007274		6	2	1.2459580323357413	0.4732424426754625	1.2517310839972888	0.36346143435754485	1	1
gamete generation	GO:0007276		130	14	26.995757367274393	-0.6566223894967514	0.49778599269931284	0.9960663430400545	1	1
germ cell development	GO:0007281		49	9	10.175323930741888	-0.12274098943083506	0.7972959441410944	0.6091602052023222	1	1
spermatogenesis	GO:0007283		107	14	22.219584909987386	-0.4619167735030753	0.5944421781469569	0.9528079490683128	1	1
spermatid development	GO:0007286		38	9	7.891067538126363	0.13149314895340566	0.9773376058113544	0.29352010715115495	1	1
sperm axoneme assembly	GO:0007288		11	5	2.284256392615526	0.783397370979302	1.5250560509825304	0.03807919159245748	1	1
female gamete generation	GO:0007292		19	0	3.9455337690631813	-Inf	0	1	1	1
single fertilization	GO:0007338		42	4	8.72170622635019	-0.7795205258199055	0.4439030386300918	0.9644376076734115	1	1
binding of sperm to zona pellucida	GO:0007339		7	0	1.4536177043916982	-Inf	0	1	1	1
acrosome reaction	GO:0007340		8	2	1.661277376447655	0.18556037022368177	1.0184629095493067	0.5189885297111225	1	1
fusion of sperm to egg plasma membrane involved in single fertilization	GO:0007342		8	1	1.661277376447655	-0.5075868103362635	0.5704932391303862	0.687756407879498	1	1
blastoderm segmentation	GO:0007350		6	0	1.2459580323357413	-Inf	0	1	1	1
tripartite regional subdivision	GO:0007351		6	0	1.2459580323357413	-Inf	0	1	1	1
determination of left/right symmetry	GO:0007368		25	2	5.1914918013989215	-0.9538739129646832	0.37630172211245844	0.9727458938927118	1	1
gastrulation	GO:0007369		21	4	4.360853113175095	-0.08637334525996013	0.8216351574574108	0.6214281163137048	1	1
pattern specification process	GO:0007389		57	8	11.836601307189543	-0.39175499481114207	0.6327862236384462	0.9189180325990167	1	1
ectoderm development	GO:0007398		6	1	1.2459580323357413	-0.21990473788448278	0.7346935242489594	0.7526154025838886	1	1
neuroblast proliferation	GO:0007405		5	0	1.0382983602797844	-Inf	0	1	1	1
axonogenesis	GO:0007409		61	7	12.66723999541337	-0.5931089837744258	0.5277631054430757	0.9806575975576033	1	1
axon guidance	GO:0007411		35	5	7.26808852195849	-0.374055417711741	0.6427576439377599	0.8797691670302257	1	1
synapse assembly	GO:0007416		41	4	8.514046554294232	-0.7554229742408449	0.45404907650663934	0.9781345064202898	1	1
central nervous system development	GO:0007417		192	24	39.87065703474372	-0.5075868103362637	0.5704932391303862	0.9970642811081738	1	1
brain development	GO:0007420		109	15	22.6349042540993	-0.41144294978336143	0.621836067678748	0.9582486031832923	1	1
peripheral nervous system development	GO:0007422		16	3	3.32255475289531	-0.10212170222809921	0.8110355253935493	0.6302483766769817	1	1
sensory organ development	GO:0007423		72	7	14.951496388028895	-0.7589012386171697	0.45257214918610666	0.9947860052928199	1	1
endoderm development	GO:0007492		16	2	3.32255475289531	-0.5075868103362635	0.5704932391303862	0.8747919000306	1	1
mesoderm development	GO:0007498		23	3	4.776172457287008	-0.4650271959174678	0.5927859106230471	0.8846910864089581	1	1
heart development	GO:0007507		118	9	24.50384130260291	-1.001605315785873	0.3594957885806784	0.9999653674664781	1	1
muscle organ development	GO:0007517		78	11	16.19745442036464	-0.38695882254764913	0.6354763469257532	0.9381711747174468	1	1
skeletal muscle tissue development	GO:0007519		19	0	3.9455337690631813	-Inf	0	1	1	1
myoblast fusion	GO:0007520		9	0	1.8689370485036119	-Inf	0	1	1	1
neuromuscular junction development	GO:0007528		6	0	1.2459580323357413	-Inf	0	1	1	1
sex determination	GO:0007530		5	0	1.0382983602797844	-Inf	0	1	1	1
sex differentiation	GO:0007548		48	1	9.96766425868593	-2.2993462795643187	0.10015687014776407	0.9999825504494495	1	1
dosage compensation	GO:0007549		12	3	2.4919160646714826	0.1855603702236816	1.0184629095493065	0.40803498456474274	1	1
female pregnancy	GO:0007565		53	10	11.005962618965716	-0.09585208921450403	0.8152444268045659	0.6862067540609718	1	1
embryo implantation	GO:0007566		16	6	3.32255475289531	0.591025478331846	1.353273052440545	0.09484234814404188	1	1
parturition	GO:0007567		5	1	1.0382983602797844	-0.03758318109052809	0.8550494879642134	0.6058986856255562	1	1
response to nutrient	GO:0007584		32	4	6.64510950579062	-0.5075868103362635	0.5704932391303862	0.9228843547551815	1	1
respiratory gaseous exchange by respiratory system	GO:0007585		12	2	2.4919160646714826	-0.21990473788448278	0.7346935242489594	0.7463131700423387	1	1
digestion	GO:0007586		42	4	8.72170622635019	-0.7795205258199055	0.4439030386300918	0.9781345064202898	1	1
excretion	GO:0007588		7	1	1.4536177043916982	-0.37405541771174117	0.6427576439377599	0.8040048847954714	1	1
body fluid secretion	GO:0007589		20	3	4.153193441119138	-0.32526525354230906	0.6708686990356654	0.7873782230686989	1	1
lactation	GO:0007595		6	2	1.2459580323357413	0.4732424426754625	1.2517310839972888	0.36346143435754485	1	1
blood coagulation	GO:0007596		91	13	18.89703015709208	-0.37405541771174117	0.6427576439377599	0.9565354306629836	1	1
blood coagulation, intrinsic pathway	GO:0007597		6	0	1.2459580323357413	-Inf	0	1	1	1
hemostasis	GO:0007599		96	16	19.93532851737186	-0.21990473788448278	0.7346935242489594	0.8701104847683178	1	1
visual perception	GO:0007601		112	14	23.257883270267172	-0.5075868103362637	0.5704932391303862	0.9908359253933263	1	1
phototransduction	GO:0007602		15	1	3.114895080839353	-1.1361954697586378	0.3157645429162462	0.9515444407761957	1	1
phototransduction, visible light	GO:0007603		7	1	1.4536177043916982	-0.37405541771174117	0.6427576439377599	0.8040048847954714	1	1
sensory perception of sound	GO:0007605		76	11	15.782135076252725	-0.3609833361443884	0.6501994373744518	0.9237610696443501	1	1
sensory perception of chemical stimulus	GO:0007606		56	3	11.628941635133586	-1.3548846707234672	0.25519800590500885	0.997738761277215	1	1
sensory perception of smell	GO:0007608		7	1	1.4536177043916982	-0.37405541771174117	0.6427576439377599	0.7526154025838886	1	1
behavior	GO:0007610		86	5	17.858731796812293	-1.273054652475835	0.2764407015843505	0.999965369778985	1	1
learning or memory	GO:0007611		45	4	9.344685242518059	-0.8485133973068568	0.41595219725234595	0.9905680822119277	1	1
learning	GO:0007612		19	0	3.9455337690631813	-Inf	0	1	1	1
memory	GO:0007613		15	2	3.114895080839353	-0.4430482891986925	0.6045686331939815	0.8499280422811566	1	1
long-term memory	GO:0007616		7	1	1.4536177043916982	-0.37405541771174117	0.6427576439377599	0.8040048847954714	1	1
mating behavior	GO:0007617		5	0	1.0382983602797844	-Inf	0	1	1	1
circadian rhythm	GO:0007623		24	3	4.983832129342965	-0.5075868103362637	0.5704932391303862	0.9017612221096273	1	1
locomotory behavior	GO:0007626		5	2	1.0382983602797844	0.6555639994694172	1.4101486239250423	0.2784677966097898	1	1
feeding behavior	GO:0007631		18	0	3.7378740970072237	-Inf	0	1	1	1
mechanosensory behavior	GO:0007638		9	0	1.8689370485036119	-Inf	0	1	1	1
blood circulation	GO:0008015		179	28	37.17108129801628	-0.2833265643219788	0.6957641273334617	0.958054977236951	1	1
regulation of heart contraction	GO:0008016		117	16	24.296181630546954	-0.41773048121440265	0.618370388943992	0.9776976538655646	1	1
tRNA processing	GO:0008033		87	24	18.066391468868247	0.2840004430369342	1.0956689391716294	0.055100402979021995	1	1
cell recognition	GO:0008037		36	7	7.4757481940144475	-0.06575405805722445	0.8356507821944621	0.6110375666279098	1	1
mitochondrial fusion	GO:0008053		16	2	3.32255475289531	-0.5075868103362635	0.5704932391303862	0.8206374202006002	1	1
regulation of actin polymerization or depolymerization	GO:0008064		60	10	12.459580323357413	-0.21990473788448278	0.7346935242489594	0.7923852669158011	1	1
axo-dendritic transport	GO:0008088		15	2	3.114895080839353	-0.4430482891986925	0.6045686331939815	0.8499280422811566	1	1
anterograde axonal transport	GO:0008089		6	0	1.2459580323357413	-Inf	0	1	1	1
actin polymerization or depolymerization	GO:0008154		21	6	4.360853113175095	0.3190917628482042	1.123880732467684	0.22145493915053768	1	1
negative regulation of DNA replication	GO:0008156		17	2	3.530214424951267	-0.5682114321526985	0.5399204070993384	0.8958039001890645	1	1
steroid metabolic process	GO:0008202		165	33	34.26384588923288	-0.03758318109052809	0.8550494879642134	0.5168314857745824	1	1
cholesterol metabolic process	GO:0008203		57	18	11.836601307189543	0.41917522140518676	1.2061946638881593	0.030834585387803818	1	1
bile acid metabolic process	GO:0008206		31	4	6.4374498337346635	-0.47583811202168336	0.5870579010261421	0.8804810889995786	1	1
C21-steroid hormone metabolic process	GO:0008207		17	1	3.530214424951267	-1.2613586127126437	0.2796111962732416	0.9809185311126569	1	1
androgen metabolic process	GO:0008209		22	3	4.568512785231052	-0.4205754333466341	0.6168072392922693	0.8424435316084549	1	1
estrogen metabolic process	GO:0008210		30	3	6.229790161678706	-0.7307303616504734	0.46465550092064367	0.9494481283135643	1	1
glucocorticoid metabolic process	GO:0008211		9	0	1.8689370485036119	-Inf	0	1	1	1
protein alkylation	GO:0008213		40	6	8.306386882238275	-0.32526525354230906	0.6708686990356654	0.8302501961935482	1	1
spermidine metabolic process	GO:0008216		7	2	1.4536177043916982	0.3190917628482042	1.123880732467684	0.4442785093143923	1	1
regulation of blood pressure	GO:0008217		50	6	10.382983602797843	-0.5484088048565187	0.549754965062503	0.9580759580275541	1	1
opsonization	GO:0008228		6	0	1.2459580323357413	-Inf	0	1	1	1
regulation of G protein-coupled receptor signaling pathway	GO:0008277		101	19	20.973626877651647	-0.09882680633124687	0.8132456396957707	0.670974898722359	1	1
cell population proliferation	GO:0008283		145	24	30.110652448113747	-0.22682518072905644	0.730370942433104	0.8955634053819332	1	1
insulin receptor signaling pathway	GO:0008286		27	8	5.606811145510836	0.35545940701907913	1.153481786705676	0.1815519366203292	1	1
isoprenoid biosynthetic process	GO:0008299		14	7	2.9072354087833965	0.878707550783627	1.6124283013649316	0.01425206568786339	1	1
isoprenoid catabolic process	GO:0008300		10	2	2.076596720559569	-0.03758318109052809	0.8550494879642134	0.5866424881018152	1	1
endosome to lysosome transport	GO:0008333		42	4	8.72170622635019	-0.7795205258199055	0.4439030386300918	0.9742437641076527	1	1
histone mRNA metabolic process	GO:0008334		22	2	4.568512785231052	-0.8260405414547983	0.4248799167694929	0.9407351059279203	1	1
glial cell migration	GO:0008347		8	3	1.661277376447655	0.591025478331846	1.353273052440545	0.22014844812420312	1	1
asymmetric cell division	GO:0008356		5	0	1.0382983602797844	-Inf	0	1	1	1
regulation of cell shape	GO:0008360		61	8	12.66723999541337	-0.45957759114990304	0.5956902004806642	0.9431426434380353	1	1
regulation of cell size	GO:0008361		65	8	13.497878683637197	-0.5230909968722289	0.5625428480150176	0.9732716201325731	1	1
axon ensheathment	GO:0008366		17	4	3.530214424951267	0.1249357484072468	0.9724140606384994	0.4830503542687592	1	1
gonad development	GO:0008406		26	1	5.399151473454879	-1.6862418066779097	0.18417136729631256	0.9970431163891439	1	1
respiratory chain complex IV assembly	GO:0008535		24	9	4.983832129342965	0.5910254783318459	1.353273052440545	0.04485751442824838	1	1
fibroblast growth factor receptor signaling pathway	GO:0008543		24	1	4.983832129342965	-1.6061990990043733	0.19932628392479618	0.9962668165603152	1	1
epidermis development	GO:0008544		102	8	21.1812865497076	-0.9736765402608628	0.3692439757703117	0.9997302625223043	1	1
male gonad development	GO:0008584		16	1	3.32255475289531	-1.200733990896209	0.296605097562714	0.969591795111742	1	1
female gonad development	GO:0008585		9	0	1.8689370485036119	-Inf	0	1	1	1
regulation of smoothened signaling pathway	GO:0008589		24	5	4.983832129342965	0.003238813429726966	0.8836656273277367	0.5361092021545812	1	1
regulation of Notch signaling pathway	GO:0008593		45	10	9.344685242518059	0.0677773345672982	0.9301019182460473	0.37077227330994034	1	1
anterior/posterior axis specification, embryo	GO:0008595		6	0	1.2459580323357413	-Inf	0	1	1	1
attachment of spindle microtubules to kinetochore	GO:0008608		24	4	4.983832129342965	-0.21990473788448278	0.7346935242489594	0.7652001365042725	1	1
ether lipid biosynthetic process	GO:0008611		7	1	1.4536177043916982	-0.37405541771174117	0.6427576439377599	0.8040048847954714	1	1
extrinsic apoptotic signaling pathway via death domain receptors	GO:0008625		31	4	6.4374498337346635	-0.47583811202168336	0.5870579010261421	0.9105414052447596	1	1
intrinsic apoptotic signaling pathway in response to DNA damage	GO:0008630		35	10	7.26808852195849	0.31909176284820434	1.123880732467684	0.17411817467392898	1	1
intrinsic apoptotic signaling pathway in response to oxidative stress	GO:0008631		10	0	2.076596720559569	-Inf	0	1	1	1
apoptotic mitochondrial changes	GO:0008637		29	6	6.02213048962275	-0.0036816294148469112	0.8787726794625421	0.5773061328048694	1	1
carbohydrate transport	GO:0008643		33	7	6.852769177846577	0.02125731893240536	0.8964843753688214	0.5079441405845302	1	1
hexose transmembrane transport	GO:0008645		24	6	4.983832129342965	0.1855603702236816	1.0184629095493065	0.33912231654004465	1	1
amino acid biosynthetic process	GO:0008652		34	5	7.060428849902534	-0.34506788083848877	0.6593487065289834	0.8446608236131994	1	1
phospholipid biosynthetic process	GO:0008654		157	32	32.602568512785226	-0.018655171205009115	0.868244099007472	0.5468888220292961	1	1
dosage compensation by inactivation of X chromosome	GO:0009048		10	1	2.076596720559569	-0.7307303616504734	0.46465550092064367	0.8769813843064487	1	1
aerobic respiration	GO:0009060		58	16	12.0442609792455	0.28400044303693406	1.0956689391716294	0.11744662693729037	1	1
fatty acid catabolic process	GO:0009062		57	22	11.836601307189543	0.6198459168673378	1.378570060713859	0.0011757240774916847	0.4474469917768354	0.44744699177683545
amino acid catabolic process	GO:0009063		78	16	16.19745442036464	-0.012265373106238426	0.8727273066444295	0.520877192001312	1	1
glutamine family amino acid metabolic process	GO:0009064		37	6	7.683407866070404	-0.24730371207259713	0.7176868401648805	0.7876625109245161	1	1
glutamine family amino acid catabolic process	GO:0009065		18	3	3.7378740970072237	-0.21990473788448264	0.7346935242489595	0.7172018988421163	1	1
aspartate family amino acid metabolic process	GO:0009066		25	6	5.1914918013989215	0.14473837570342668	0.9873254163355113	0.42096753918330476	1	1
aspartate family amino acid biosynthetic process	GO:0009067		10	2	2.076596720559569	-0.03758318109052809	0.8550494879642134	0.6469486398345623	1	1
aspartate family amino acid catabolic process	GO:0009068		7	2	1.4536177043916982	0.3190917628482042	1.123880732467684	0.4442785093143923	1	1
serine family amino acid metabolic process	GO:0009069		19	3	3.9455337690631813	-0.2739719591547587	0.7014093242688044	0.7543060161951124	1	1
serine family amino acid biosynthetic process	GO:0009070		8	0	1.661277376447655	-Inf	0	1	1	1
serine family amino acid catabolic process	GO:0009071		7	2	1.4536177043916982	0.3190917628482042	1.123880732467684	0.4442785093143923	1	1
aromatic amino acid metabolic process	GO:0009072		26	4	5.399151473454879	-0.29994744555801905	0.6858168500062106	0.8191190934479378	1	1
aromatic amino acid family catabolic process	GO:0009074		19	3	3.9455337690631813	-0.2739719591547587	0.7014093242688044	0.7873782230686989	1	1
pyruvate family amino acid metabolic process	GO:0009078		6	2	1.2459580323357413	0.4732424426754625	1.2517310839972888	0.2784677966097898	1	1
pyruvate family amino acid catabolic process	GO:0009080		5	2	1.0382983602797844	0.6555639994694172	1.4101486239250423	0.19265848567933533	1	1
branched-chain amino acid metabolic process	GO:0009081		19	7	3.9455337690631813	0.573325901232445	1.3378214494053917	0.0800583821915428	1	1
branched-chain amino acid catabolic process	GO:0009083		17	6	3.530214424951267	0.5304008565154111	1.300624433429669	0.12189962375533625	1	1
glutamine family amino acid biosynthetic process	GO:0009084		10	3	2.076596720559569	0.3678819270176362	1.1636753669944517	0.3454178811708285	1	1
methionine biosynthetic process	GO:0009086		8	2	1.661277376447655	0.18556037022368177	1.0184629095493067	0.5189885297111225	1	1
glycoprotein biosynthetic process	GO:0009101		189	28	39.247678018575854	-0.3376877735408663	0.663624372439213	0.9780479456122357	1	1
vitamin biosynthetic process	GO:0009110		7	1	1.4536177043916982	-0.37405541771174117	0.6427576439377599	0.8040048847954714	1	1
vitamin catabolic process	GO:0009111		11	1	2.284256392615526	-0.8260405414547983	0.4248799167694929	0.9227905796275384	1	1
nucleobase metabolic process	GO:0009112		12	4	2.4919160646714826	0.4732424426754625	1.2517310839972888	0.22610735079264685	1	1
purine nucleobase biosynthetic process	GO:0009113		6	3	1.2459580323357413	0.878707550783627	1.6124283013649316	0.1084805211142787	1	1
nucleoside metabolic process	GO:0009116		34	10	7.060428849902534	0.3480792997214565	1.1474455497580873	0.12933384741590329	1	1
ribonucleoside metabolic process	GO:0009119		14	2	2.9072354087833965	-0.37405541771174117	0.6427576439377599	0.8206374202006002	1	1
deoxyribonucleoside metabolic process	GO:0009120		8	1	1.661277376447655	-0.5075868103362635	0.5704932391303862	0.8447215069503783	1	1
nucleoside monophosphate metabolic process	GO:0009123		30	10	6.229790161678706	0.4732424426754625	1.2517310839972888	0.07555491602982693	1	1
nucleoside monophosphate biosynthetic process	GO:0009124		19	8	3.9455337690631813	0.7068572938569676	1.4559148783005362	0.0287251561129917	1	1
nucleoside monophosphate catabolic process	GO:0009125		9	1	1.8689370485036119	-0.6253698459926471	0.5123516935775311	0.8769813843064487	1	1
purine nucleoside monophosphate metabolic process	GO:0009126		21	6	4.360853113175095	0.3190917628482042	1.123880732467684	0.25933091248927237	1	1
purine nucleoside monophosphate biosynthetic process	GO:0009127		12	5	2.4919160646714826	0.6963859939896723	1.4465332948059375	0.08310211477587548	1	1
purine nucleoside monophosphate catabolic process	GO:0009128		7	0	1.4536177043916982	-Inf	0	1	1	1
pyrimidine nucleoside monophosphate metabolic process	GO:0009129		7	3	1.4536177043916982	0.7245568709563687	1.4718161116467272	0.1614187469654273	1	1
pyrimidine nucleoside monophosphate biosynthetic process	GO:0009130		6	3	1.2459580323357413	0.878707550783627	1.6124283013649316	0.1084805211142787	1	1
nucleoside diphosphate metabolic process	GO:0009132		35	5	7.26808852195849	-0.374055417711741	0.6427576439377599	0.8797691670302257	1	1
nucleoside diphosphate biosynthetic process	GO:0009133		6	0	1.2459580323357413	-Inf	0	1	1	1
nucleoside diphosphate catabolic process	GO:0009134		26	4	5.399151473454879	-0.29994744555801905	0.6858168500062106	0.8191190934479378	1	1
purine nucleoside diphosphate metabolic process	GO:0009135		27	4	5.606811145510836	-0.33768777354086615	0.6636243724392131	0.8419973056911996	1	1
purine nucleoside diphosphate catabolic process	GO:0009137		25	4	5.1914918013989215	-0.2607267324047378	0.709459778017518	0.7935739204522448	1	1
nucleoside triphosphate metabolic process	GO:0009141		84	12	17.44341245270038	-0.37405541771174117	0.6427576439377599	0.9508899197258778	1	1
nucleoside triphosphate biosynthetic process	GO:0009142		25	4	5.1914918013989215	-0.2607267324047378	0.709459778017518	0.7935739204522448	1	1
nucleoside triphosphate catabolic process	GO:0009143		7	0	1.4536177043916982	-Inf	0	1	1	1
purine nucleoside triphosphate metabolic process	GO:0009144		76	10	15.782135076252725	-0.4562935159487132	0.597445875675129	0.9683455134622095	1	1
purine nucleoside triphosphate biosynthetic process	GO:0009145		20	2	4.153193441119138	-0.7307303616504734	0.46465550092064367	0.9407351059279203	1	1
pyrimidine nucleoside triphosphate metabolic process	GO:0009147		7	1	1.4536177043916982	-0.37405541771174117	0.6427576439377599	0.8040048847954714	1	1
purine ribonucleotide metabolic process	GO:0009150		129	20	26.78809769521844	-0.2922253994641089	0.6904251480528427	0.9479967516460239	1	1
purine deoxyribonucleotide metabolic process	GO:0009151		9	0	1.8689370485036119	-Inf	0	1	1	1
purine ribonucleotide biosynthetic process	GO:0009152		46	9	9.552344914574016	-0.05956208780930329	0.8398899606625511	0.6373430523286289	1	1
purine ribonucleotide catabolic process	GO:0009154		36	4	7.4757481940144475	-0.6253698459926471	0.5123516935775311	0.9583216509351764	1	1
purine deoxyribonucleotide catabolic process	GO:0009155		5	0	1.0382983602797844	-Inf	0	1	1	1
ribonucleoside monophosphate biosynthetic process	GO:0009156		16	6	3.32255475289531	0.591025478331846	1.353273052440545	0.09484234814404188	1	1
ribonucleoside monophosphate catabolic process	GO:0009158		7	0	1.4536177043916982	-Inf	0	1	1	1
ribonucleoside monophosphate metabolic process	GO:0009161		25	7	5.1914918013989215	0.29888905553068484	1.1075958987652887	0.25037786508338206	1	1
deoxyribonucleoside monophosphate metabolic process	GO:0009162		8	3	1.661277376447655	0.591025478331846	1.353273052440545	0.22014844812420312	1	1
nucleoside biosynthetic process	GO:0009163		10	4	2.076596720559569	0.6555639994694172	1.4101486239250423	0.1346905284137217	1	1
nucleoside catabolic process	GO:0009164		16	4	3.32255475289531	0.18556037022368177	1.0184629095493067	0.43250684412533813	1	1
nucleotide biosynthetic process	GO:0009165		77	16	15.98979474830868	6.38031729669493e-4	0.8818248155375995	0.544085004231522	1	1
nucleotide catabolic process	GO:0009166		58	13	12.0442609792455	0.07636107825868967	0.936386082904015	0.4024476916771511	1	1
purine ribonucleoside monophosphate metabolic process	GO:0009167		20	6	4.153193441119138	0.3678819270176362	1.1636753669944517	0.22145493915053768	1	1
purine ribonucleoside monophosphate biosynthetic process	GO:0009168		11	5	2.284256392615526	0.783397370979302	1.5250560509825304	0.05813081026038624	1	1
purine ribonucleoside monophosphate catabolic process	GO:0009169		7	0	1.4536177043916982	-Inf	0	1	1	1
purine ribonucleoside diphosphate metabolic process	GO:0009179		26	4	5.399151473454879	-0.29994744555801905	0.6858168500062106	0.8191190934479378	1	1
purine ribonucleoside diphosphate catabolic process	GO:0009181		25	4	5.1914918013989215	-0.2607267324047378	0.709459778017518	0.7935739204522448	1	1
ribonucleoside diphosphate metabolic process	GO:0009185		33	5	6.852769177846577	-0.31521491768880766	0.6767731147053067	0.8446608236131994	1	1
cyclic nucleotide metabolic process	GO:0009187		19	2	3.9455337690631813	-0.6794370672629231	0.4873768597596791	0.9283279489376746	1	1
cyclic nucleotide biosynthetic process	GO:0009190		12	2	2.4919160646714826	-0.21990473788448278	0.7346935242489594	0.7463131700423387	1	1
ribonucleoside diphosphate catabolic process	GO:0009191		26	4	5.399151473454879	-0.29994744555801905	0.6858168500062106	0.8191190934479378	1	1
ribonucleoside triphosphate metabolic process	GO:0009199		78	10	16.19745442036464	-0.482269002351974	0.583671700115388	0.9751112941491387	1	1
ribonucleoside triphosphate biosynthetic process	GO:0009201		23	2	4.776172457287008	-0.870492304025632	0.40738318263698703	0.9668305045774548	1	1
purine ribonucleoside triphosphate metabolic process	GO:0009205		74	10	15.366815732140807	-0.42962526886655167	0.6118554747443877	0.9599638604604601	1	1
purine ribonucleoside triphosphate biosynthetic process	GO:0009206		20	2	4.153193441119138	-0.7307303616504734	0.46465550092064367	0.9407351059279203	1	1
pyrimidine ribonucleoside triphosphate metabolic process	GO:0009208		6	1	1.2459580323357413	-0.21990473788448278	0.7346935242489594	0.7526154025838886	1	1
pyrimidine ribonucleotide metabolic process	GO:0009218		10	2	2.076596720559569	-0.03758318109052809	0.8550494879642134	0.6469486398345623	1	1
pyrimidine deoxyribonucleotide metabolic process	GO:0009219		15	7	3.114895080839353	0.8097146792966756	1.5490472966174191	0.02200614354154452	1	1
pyrimidine ribonucleotide biosynthetic process	GO:0009220		7	1	1.4536177043916982	-0.37405541771174117	0.6427576439377599	0.8040048847954714	1	1
pyrimidine deoxyribonucleotide catabolic process	GO:0009223		12	5	2.4919160646714826	0.6963859939896723	1.4465332948059375	0.08310211477587548	1	1
nucleotide-sugar metabolic process	GO:0009225		32	8	6.64510950579062	0.18556037022368177	1.0184629095493067	0.34131167568801507	1	1
nucleotide-sugar biosynthetic process	GO:0009226		24	5	4.983832129342965	0.003238813429726966	0.8836656273277367	0.5771837244585964	1	1
cobalamin metabolic process	GO:0009235		9	3	1.8689370485036119	0.47324244267546267	1.2517310839972888	0.22014844812420312	1	1
glycolipid biosynthetic process	GO:0009247		59	9	12.251920651301456	-0.3084581352259278	0.6807644605134716	0.8896430926886778	1	1
glucan biosynthetic process	GO:0009250		8	1	1.661277376447655	-0.5075868103362635	0.5704932391303862	0.8447215069503783	1	1
glucan catabolic process	GO:0009251		5	1	1.0382983602797844	-0.03758318109052809	0.8550494879642134	0.687756407879498	1	1
10-formyltetrahydrofolate metabolic process	GO:0009256		5	1	1.0382983602797844	-0.03758318109052809	0.8550494879642134	0.687756407879498	1	1
ribonucleotide metabolic process	GO:0009259		135	21	28.03405572755418	-0.28889760937143416	0.6924181421030614	0.9498116922608353	1	1
ribonucleotide biosynthetic process	GO:0009260		52	10	10.798302946909757	-0.07680389424380936	0.828120501226785	0.6614892038870344	1	1
ribonucleotide catabolic process	GO:0009261		37	4	7.683407866070404	-0.6527688201807615	0.49956277154694617	0.9644376076734115	1	1
deoxyribonucleotide metabolic process	GO:0009262		27	8	5.606811145510836	0.35545940701907913	1.153481786705676	0.1815519366203292	1	1
deoxyribonucleotide biosynthetic process	GO:0009263		9	3	1.8689370485036119	0.47324244267546267	1.2517310839972888	0.2821996753436965	1	1
deoxyribonucleotide catabolic process	GO:0009264		17	5	3.530214424951267	0.3480792997214565	1.1474455497580873	0.2682404361592198	1	1
2'-deoxyribonucleotide biosynthetic process	GO:0009265		9	3	1.8689370485036119	0.47324244267546267	1.2517310839972888	0.2821996753436965	1	1
response to temperature stimulus	GO:0009266		55	12	11.421281963077629	0.049428195899101635	0.9167528249457887	0.4209523992396724	1	1
cellular response to starvation	GO:0009267		101	22	20.973626877651647	0.04777666786062851	0.915556997676735	0.4392860256063349	1	1
response to pH	GO:0009268		25	5	5.1914918013989215	-0.03758318109052798	0.8550494879642135	0.5771837244585964	1	1
GDP-mannose biosynthetic process	GO:0009298		5	0	1.0382983602797844	-Inf	0	1	1	1
mRNA transcription	GO:0009299		35	4	7.26808852195849	-0.5971989690259507	0.5257880027464992	0.9512442540874169	1	1
snRNA transcription	GO:0009301		14	3	2.9072354087833965	0.03140969039642335	0.9037570637243312	0.580334678997702	1	1
rRNA transcription	GO:0009303		14	3	2.9072354087833965	0.03140969039642335	0.9037570637243312	0.580334678997702	1	1
tRNA transcription	GO:0009304		8	1	1.661277376447655	-0.5075868103362635	0.5704932391303862	0.8447215069503783	1	1
protein secretion	GO:0009306		26	3	5.399151473454879	-0.5876295180098001	0.5304189204269063	0.9292177241273096	1	1
amine metabolic process	GO:0009308		61	10	12.66723999541337	-0.23643403983569333	0.7243994199978583	0.8266139761391943	1	1
amine biosynthetic process	GO:0009309		18	1	3.7378740970072237	-1.3185170265525925	0.26443900870457454	0.9848848484905597	1	1
amine catabolic process	GO:0009310		14	2	2.9072354087833965	-0.37405541771174117	0.6427576439377599	0.7863084571716146	1	1
oligosaccharide metabolic process	GO:0009311		43	6	8.929365898406147	-0.3975859151219353	0.6295276298791912	0.907171324863558	1	1
oligosaccharide biosynthetic process	GO:0009312		22	0	4.568512785231052	-Inf	0	1	1	1
oligosaccharide catabolic process	GO:0009313		10	2	2.076596720559569	-0.03758318109052809	0.8550494879642134	0.6469486398345623	1	1
2'-deoxyribonucleotide metabolic process	GO:0009394		27	8	5.606811145510836	0.35545940701907913	1.153481786705676	0.1815519366203292	1	1
phospholipid catabolic process	GO:0009395		25	4	5.1914918013989215	-0.2607267324047378	0.709459778017518	0.7935739204522448	1	1
toxin metabolic process	GO:0009404		13	0	2.6995757367274393	-Inf	0	1	1	1
response to heat	GO:0009408		43	10	8.929365898406147	0.11323970864405548	0.9636673145909258	0.34031799067939145	1	1
response to cold	GO:0009409		6	2	1.2459580323357413	0.4732424426754625	1.2517310839972888	0.36346143435754485	1	1
response to xenobiotic stimulus	GO:0009410		154	27	31.97958949661736	-0.16926100506572783	0.7668794891831716	0.7683040462504576	1	1
response to UV	GO:0009411		115	27	23.88086228643504	0.12275946898465126	0.9707831441955018	0.252249646292751	1	1
response to light stimulus	GO:0009416		146	30	30.318312120169704	-0.010554508702608793	0.8739301492644336	0.5252454694611481	1	1
carnitine metabolic process	GO:0009437		8	3	1.661277376447655	0.591025478331846	1.353273052440545	0.22014844812420312	1	1
RNA modification	GO:0009451		105	28	21.804265565875472	0.25009889136125285	1.0687514739090234	0.06433956453227943	1	1
7-methylguanosine RNA capping	GO:0009452		6	0	1.2459580323357413	-Inf	0	1	1	1
fertilization	GO:0009566		44	4	9.137025570462104	-0.8260405414547983	0.4248799167694929	0.9742437641076527	1	1
detection of external stimulus	GO:0009581		38	4	7.891067538126363	-0.6794370672629231	0.4873768597596791	0.9583216509351764	1	1
detection of abiotic stimulus	GO:0009582		41	5	8.514046554294232	-0.5322794229266352	0.5578739387447885	0.9300366334437853	1	1
detection of light stimulus	GO:0009583		24	2	4.983832129342965	-0.9130519184444281	0.39123986519130494	0.9596879464758464	1	1
detection of visible light	GO:0009584		8	1	1.661277376447655	-0.5075868103362635	0.5704932391303862	0.8447215069503783	1	1
detection of chemical stimulus	GO:0009593		62	5	12.874899667469327	-0.945841741267419	0.3791993332687206	0.9929301320050167	1	1
detection of biotic stimulus	GO:0009595		28	3	5.814470817566793	-0.661737490163522	0.4954358756915953	0.9292177241273096	1	1
response to symbiont	GO:0009608		5	0	1.0382983602797844	-Inf	0	1	1	1
response to wounding	GO:0009611		189	28	39.247678018575854	-0.3376877735408663	0.663624372439213	0.9761302278055858	1	1
response to mechanical stimulus	GO:0009612		35	2	7.26808852195849	-1.290346149585896	0.2718159889476777	0.9970729230352838	1	1
response to fungus	GO:0009620		35	3	7.26808852195849	-0.8848810414777317	0.4018594823385352	0.9574058636190244	1	1
response to toxic substance	GO:0009636		80	16	16.61277376447655	-0.03758318109052809	0.8550494879642134	0.5893252680001688	1	1
UV protection	GO:0009650		7	2	1.4536177043916982	0.3190917628482042	1.123880732467684	0.4442785093143923	1	1
response to salt stress	GO:0009651		5	0	1.0382983602797844	-Inf	0	1	1	1
phenylpropanoid metabolic process	GO:0009698		5	0	1.0382983602797844	-Inf	0	1	1	1
catechol-containing compound metabolic process	GO:0009712		19	2	3.9455337690631813	-0.6794370672629231	0.4873768597596791	0.9134911356883086	1	1
catechol-containing compound biosynthetic process	GO:0009713		7	1	1.4536177043916982	-0.37405541771174117	0.6427576439377599	0.8040048847954714	1	1
response to carbohydrate	GO:0009743		28	5	5.814470817566793	-0.15091186639753132	0.7787800313694351	0.7196520753345008	1	1
response to hexose	GO:0009746		22	4	4.568512785231052	-0.13289336089485304	0.7905889481542714	0.6994719172777473	1	1
response to glucose	GO:0009749		22	4	4.568512785231052	-0.13289336089485304	0.7905889481542714	0.6994719172777473	1	1
hormone-mediated signaling pathway	GO:0009755		68	14	14.120857699805068	-0.008595644217275787	0.875308628479267	0.5130654410432237	1	1
embryo development	GO:0009790		114	14	23.673202614379086	-0.5252863874356646	0.5614244116277287	0.9918553125935533	1	1
embryo development ending in birth or egg hatching	GO:0009792		45	5	9.344685242518059	-0.6253698459926471	0.5123516935775311	0.9707929012015946	1	1
axis specification	GO:0009798		13	1	2.6995757367274393	-0.9930946261179644	0.3624410396831095	0.9515444407761957	1	1
specification of symmetry	GO:0009799		27	2	5.606811145510836	-1.0308349541008115	0.34954724972226403	0.9816704453801859	1	1
coumarin metabolic process	GO:0009804		5	0	1.0382983602797844	-Inf	0	1	1	1
flavonoid metabolic process	GO:0009812		11	1	2.284256392615526	-0.8260405414547983	0.4248799167694929	0.8040048847954714	1	1
alkaloid metabolic process	GO:0009820		6	0	1.2459580323357413	-Inf	0	1	1	1
determination of bilateral symmetry	GO:0009855		27	2	5.606811145510836	-1.0308349541008115	0.34954724972226403	0.9816704453801859	1	1
embryonic pattern specification	GO:0009880		11	2	2.284256392615526	-0.13289336089485304	0.7905889481542714	0.7000405632278557	1	1
epidermal cell differentiation	GO:0009913		45	2	9.344685242518059	-1.5416605778668022	0.2124242185460678	0.999166236551192	1	1
hormone transport	GO:0009914		30	2	6.229790161678706	-1.1361954697586378	0.3157645429162462	0.9899749348621376	1	1
anterior/posterior axis specification	GO:0009948		6	0	1.2459580323357413	-Inf	0	1	1	1
anterior/posterior pattern specification	GO:0009952		12	2	2.4919160646714826	-0.21990473788448278	0.7346935242489594	0.7463131700423387	1	1
dorsal/ventral pattern formation	GO:0009953		9	2	1.8689370485036119	0.0677773345672982	0.9301019182460473	0.5866424881018152	1	1
cell-cell recognition	GO:0009988		19	2	3.9455337690631813	-0.6794370672629231	0.4873768597596791	0.9134911356883086	1	1
glial cell differentiation	GO:0010001		16	2	3.32255475289531	-0.5075868103362635	0.5704932391303862	0.8747919000306	1	1
cardioblast differentiation	GO:0010002		5	0	1.0382983602797844	-Inf	0	1	1	1
response to metal ion	GO:0010038		123	24	25.542139662882697	-0.06227579368089961	0.8380303728671173	0.6526607289029648	1	1
response to iron ion	GO:0010039		11	4	2.284256392615526	0.5602538196650922	1.3264517770645412	0.17843893878705638	1	1
response to zinc ion	GO:0010043		11	3	2.284256392615526	0.27257174721331123	1.0865570588453881	0.40803498456474274	1	1
response to X-ray	GO:0010165		9	3	1.8689370485036119	0.47324244267546267	1.2517310839972888	0.2821996753436965	1	1
body morphogenesis	GO:0010171		13	1	2.6995757367274393	-0.9930946261179644	0.3624410396831095	0.9515444407761957	1	1
response to ionizing radiation	GO:0010212		82	14	17.028093108588465	-0.1958071863054222	0.7498872372956741	0.8179362910265934	1	1
response to UV-B	GO:0010224		15	1	3.114895080839353	-1.1361954697586378	0.3157645429162462	0.969591795111742	1	1
response to UV-C	GO:0010225		7	2	1.4536177043916982	0.3190917628482042	1.123880732467684	0.4442785093143923	1	1
response to lithium ion	GO:0010226		5	1	1.0382983602797844	-0.03758318109052809	0.8550494879642134	0.687756407879498	1	1
vascular transport	GO:0010232		15	3	3.114895080839353	-0.03758318109052809	0.8550494879642134	0.580334678997702	1	1
NADH dehydrogenase complex assembly	GO:0010257		32	10	6.64510950579062	0.4087039215378914	1.197459414183245	0.09161706830871552	1	1
regulation of hydrogen peroxide metabolic process	GO:0010310		11	4	2.284256392615526	0.5602538196650922	1.3264517770645412	0.17843893878705638	1	1
membrane invagination	GO:0010324		26	4	5.399151473454879	-0.29994744555801905	0.6858168500062106	0.7935739204522448	1	1
response to gamma radiation	GO:0010332		20	5	4.153193441119138	0.1855603702236816	1.0184629095493065	0.4038920990917684	1	1
regulation of G2/M transition of mitotic cell cycle	GO:0010389		69	16	14.328517371861025	0.11033694898609407	0.9615035172887657	0.33113310923404365	1	1
fatty acid omega-oxidation	GO:0010430		6	2	1.2459580323357413	0.4732424426754625	1.2517310839972888	0.36346143435754485	1	1
response to acidic pH	GO:0010447		18	3	3.7378740970072237	-0.21990473788448264	0.7346935242489595	0.7543060161951124	1	1
regulation of cell fate commitment	GO:0010453		13	2	2.6995757367274393	-0.29994744555801905	0.6858168500062106	0.7463131700423387	1	1
negative regulation of cell fate commitment	GO:0010454		7	2	1.4536177043916982	0.3190917628482042	1.123880732467684	0.36346143435754485	1	1
centriole-centriole cohesion	GO:0010457		11	2	2.284256392615526	-0.13289336089485304	0.7905889481542714	0.6469486398345623	1	1
exit from mitosis	GO:0010458		9	1	1.8689370485036119	-0.6253698459926471	0.5123516935775311	0.8447215069503783	1	1
positive regulation of heart rate	GO:0010460		8	1	1.661277376447655	-0.5075868103362635	0.5704932391303862	0.8447215069503783	1	1
regulation of mesenchymal cell proliferation	GO:0010464		5	3	1.0382983602797844	1.0610291075775815	1.782860369115461	0.06394451928365348	1	1
negative regulation of peptidase activity	GO:0010466		17	1	3.530214424951267	-1.2613586127126437	0.2796111962732416	0.9809185311126569	1	1
regulation of signaling receptor activity	GO:0010469		28	3	5.814470817566793	-0.661737490163522	0.4954358756915953	0.9292177241273096	1	1
intercellular transport	GO:0010496		6	0	1.2459580323357413	-Inf	0	1	1	1
negative regulation of autophagy	GO:0010507		67	14	13.913198027749111	0.006219441567864921	0.885778227191315	0.5130654410432237	1	1
positive regulation of autophagy	GO:0010508		123	28	25.542139662882697	0.0918748861463586	0.9478069954448504	0.3080927520162319	1	1
regulation of phosphatidylinositol biosynthetic process	GO:0010511		5	0	1.0382983602797844	-Inf	0	1	1	1
regulation of calcium ion transport into cytosol	GO:0010522		8	0	1.661277376447655	-Inf	0	1	1	1
retrotransposon silencing	GO:0010526		17	5	3.530214424951267	0.3480792997214565	1.1474455497580873	0.2682404361592198	1	1
regulation of platelet activation	GO:0010543		32	2	6.64510950579062	-1.200733990896209	0.296605097562714	0.9945635056454347	1	1
negative regulation of platelet activation	GO:0010544		11	2	2.284256392615526	-0.13289336089485304	0.7905889481542714	0.7000405632278557	1	1
regulation of glycoprotein biosynthetic process	GO:0010559		17	3	3.530214424951267	-0.16274632404453418	0.771090171362034	0.7172018988421163	1	1
positive regulation of glycoprotein biosynthetic process	GO:0010560		9	2	1.8689370485036119	0.0677773345672982	0.9301019182460473	0.5866424881018152	1	1
negative regulation of phosphorus metabolic process	GO:0010563		129	27	26.78809769521844	0.007879192986229145	0.886955977922381	0.48042619536839026	1	1
regulation of cellular ketone metabolic process	GO:0010565		71	12	14.74383671597294	-0.20591849590974295	0.7434851142227024	0.7232740823518053	1	1
regulation of ketone biosynthetic process	GO:0010566		13	1	2.6995757367274393	-0.9930946261179644	0.3624410396831095	0.9388339804989202	1	1
regulation of double-strand break repair via homologous recombination	GO:0010569		74	10	15.366815732140807	-0.42962526886655167	0.6118554747443877	0.9436740013214017	1	1
positive regulation of platelet activation	GO:0010572		8	0	1.661277376447655	-Inf	0	1	1	1
vascular endothelial growth factor production	GO:0010573		6	0	1.2459580323357413	-Inf	0	1	1	1
regulation of vascular endothelial growth factor production	GO:0010574		21	2	4.360853113175095	-0.7795205258199055	0.4439030386300918	0.9510815874352324	1	1
positive regulation of vascular endothelial growth factor production	GO:0010575		20	2	4.153193441119138	-0.7307303616504734	0.46465550092064367	0.9407351059279203	1	1
miRNA metabolic process	GO:0010586		17	3	3.530214424951267	-0.16274632404453418	0.771090171362034	0.7172018988421163	1	1
miRNA catabolic process	GO:0010587		11	2	2.284256392615526	-0.13289336089485304	0.7905889481542714	0.7000405632278557	1	1
regulation of lamellipodium assembly	GO:0010591		24	1	4.983832129342965	-1.6061990990043733	0.19932628392479618	0.9962668165603152	1	1
positive regulation of lamellipodium assembly	GO:0010592		18	1	3.7378740970072237	-1.3185170265525925	0.26443900870457454	0.9848848484905597	1	1
regulation of endothelial cell migration	GO:0010594		140	30	29.07235408783396	0.03140969039642335	0.9037570637243312	0.45645473924363866	1	1
positive regulation of endothelial cell migration	GO:0010595		92	18	19.104689829148032	-0.05956208780930329	0.8398899606625511	0.6525655193601223	1	1
negative regulation of endothelial cell migration	GO:0010596		47	11	9.760004586629973	0.11960240243188412	0.9684199887268611	0.3826043087170306	1	1
regulation of cytoplasmic mRNA processing body assembly	GO:0010603		5	0	1.0382983602797844	-Inf	0	1	1	1
regulation of cardiac muscle hypertrophy	GO:0010611		17	5	3.530214424951267	0.3480792997214565	1.1474455497580873	0.2682404361592198	1	1
positive regulation of cardiac muscle hypertrophy	GO:0010613		13	4	2.6995757367274393	0.39319973500192623	1.1845771521468593	0.27647232356917906	1	1
epithelial cell migration	GO:0010631		14	3	2.9072354087833965	0.03140969039642335	0.9037570637243312	0.580334678997702	1	1
regulation of epithelial cell migration	GO:0010632		44	6	9.137025570462104	-0.4205754333466341	0.6168072392922693	0.9182852618438853	1	1
negative regulation of epithelial cell migration	GO:0010633		12	2	2.4919160646714826	-0.21990473788448278	0.7346935242489594	0.7463131700423387	1	1
positive regulation of epithelial cell migration	GO:0010634		30	4	6.229790161678706	-0.4430482891986925	0.6045686331939815	0.8964686132256037	1	1
regulation of mitochondrial fusion	GO:0010635		14	3	2.9072354087833965	0.03140969039642335	0.9037570637243312	0.5263390908313202	1	1
positive regulation of mitochondrial fusion	GO:0010636		6	0	1.2459580323357413	-Inf	0	1	1	1
negative regulation of mitochondrial fusion	GO:0010637		7	3	1.4536177043916982	0.7245568709563687	1.4718161116467272	0.1614187469654273	1	1
regulation of platelet-derived growth factor receptor signaling pathway	GO:0010640		13	2	2.6995757367274393	-0.29994744555801905	0.6858168500062106	0.7863084571716146	1	1
positive regulation of platelet-derived growth factor receptor signaling pathway	GO:0010641		6	1	1.2459580323357413	-0.21990473788448278	0.7346935242489594	0.7526154025838886	1	1
negative regulation of platelet-derived growth factor receptor signaling pathway	GO:0010642		7	1	1.4536177043916982	-0.37405541771174117	0.6427576439377599	0.8040048847954714	1	1
cell communication by electrical coupling	GO:0010644		11	0	2.284256392615526	-Inf	0	1	1	1
regulation of cell communication by electrical coupling	GO:0010649		12	3	2.4919160646714826	0.1855603702236816	1.0184629095493065	0.4686775291554418	1	1
negative regulation of muscle cell apoptotic process	GO:0010656		15	3	3.114895080839353	-0.03758318109052809	0.8550494879642134	0.6302483766769817	1	1
regulation of muscle cell apoptotic process	GO:0010660		24	4	4.983832129342965	-0.21990473788448278	0.7346935242489594	0.7652001365042725	1	1
positive regulation of muscle cell apoptotic process	GO:0010661		9	1	1.8689370485036119	-0.6253698459926471	0.5123516935775311	0.8769813843064487	1	1
regulation of striated muscle cell apoptotic process	GO:0010662		7	1	1.4536177043916982	-0.37405541771174117	0.6427576439377599	0.8040048847954714	1	1
negative regulation of striated muscle cell apoptotic process	GO:0010664		6	1	1.2459580323357413	-0.21990473788448278	0.7346935242489594	0.7526154025838886	1	1
regulation of cardiac muscle cell apoptotic process	GO:0010665		6	1	1.2459580323357413	-0.21990473788448278	0.7346935242489594	0.7526154025838886	1	1
negative regulation of cardiac muscle cell apoptotic process	GO:0010667		5	1	1.0382983602797844	-0.03758318109052809	0.8550494879642134	0.687756407879498	1	1
epithelial structure maintenance	GO:0010669		11	1	2.284256392615526	-0.8260405414547983	0.4248799167694929	0.9025405781366582	1	1
regulation of collagen metabolic process	GO:0010712		20	3	4.153193441119138	-0.32526525354230906	0.6708686990356654	0.8166635360254624	1	1
positive regulation of collagen metabolic process	GO:0010714		13	1	2.6995757367274393	-0.9930946261179644	0.3624410396831095	0.9515444407761957	1	1
regulation of extracellular matrix disassembly	GO:0010715		16	2	3.32255475289531	-0.5075868103362635	0.5704932391303862	0.8747919000306	1	1
regulation of epithelial to mesenchymal transition	GO:0010717		67	8	13.913198027749111	-0.5533963463675579	0.5472641790721018	0.9765565505763427	1	1
positive regulation of epithelial to mesenchymal transition	GO:0010718		36	4	7.4757481940144475	-0.6253698459926471	0.5123516935775311	0.9583216509351764	1	1
negative regulation of epithelial to mesenchymal transition	GO:0010719		27	3	5.606811145510836	-0.6253698459926471	0.5123516935775311	0.9292177241273096	1	1
positive regulation of cell development	GO:0010720		114	19	23.673202614379086	-0.21990473788448278	0.7346935242489594	0.8683524936318161	1	1
negative regulation of cell development	GO:0010721		75	8	15.574475404196766	-0.6661918405129024	0.49339705678455337	0.9921754328442935	1	1
protein kinase A signaling	GO:0010737		7	1	1.4536177043916982	-0.37405541771174117	0.6427576439377599	0.7526154025838886	1	1
regulation of protein kinase A signaling	GO:0010738		5	0	1.0382983602797844	-Inf	0	1	1	1
regulation of macrophage derived foam cell differentiation	GO:0010743		28	2	5.814470817566793	-1.0672025982716864	0.3375241858610443	0.9816704453801859	1	1
positive regulation of macrophage derived foam cell differentiation	GO:0010744		16	2	3.32255475289531	-0.5075868103362635	0.5704932391303862	0.8499280422811566	1	1
negative regulation of macrophage derived foam cell differentiation	GO:0010745		12	0	2.4919160646714826	-Inf	0	1	1	1
regulation of nitric oxide mediated signal transduction	GO:0010749		5	1	1.0382983602797844	-0.03758318109052809	0.8550494879642134	0.687756407879498	1	1
regulation of plasminogen activation	GO:0010755		11	2	2.284256392615526	-0.13289336089485304	0.7905889481542714	0.7000405632278557	1	1
positive regulation of plasminogen activation	GO:0010756		6	1	1.2459580323357413	-0.21990473788448278	0.7346935242489594	0.7526154025838886	1	1
negative regulation of plasminogen activation	GO:0010757		5	1	1.0382983602797844	-0.03758318109052809	0.8550494879642134	0.687756407879498	1	1
regulation of macrophage chemotaxis	GO:0010758		14	2	2.9072354087833965	-0.37405541771174117	0.6427576439377599	0.8206374202006002	1	1
positive regulation of macrophage chemotaxis	GO:0010759		11	2	2.284256392615526	-0.13289336089485304	0.7905889481542714	0.7000405632278557	1	1
regulation of fibroblast migration	GO:0010762		11	2	2.284256392615526	-0.13289336089485304	0.7905889481542714	0.6469486398345623	1	1
positive regulation of fibroblast migration	GO:0010763		5	0	1.0382983602797844	-Inf	0	1	1	1
positive regulation of sodium ion transport	GO:0010765		15	2	3.114895080839353	-0.4430482891986925	0.6045686331939815	0.8499280422811566	1	1
negative regulation of sodium ion transport	GO:0010766		9	2	1.8689370485036119	0.0677773345672982	0.9301019182460473	0.5866424881018152	1	1
DNA double-strand break processing involved in repair via single-strand annealing	GO:0010792		6	0	1.2459580323357413	-Inf	0	1	1	1
regulation of mRNA export from nucleus	GO:0010793		8	1	1.661277376447655	-0.5075868103362635	0.5704932391303862	0.8447215069503783	1	1
regulation of peptidyl-threonine phosphorylation	GO:0010799		11	0	2.284256392615526	-Inf	0	1	1	1
positive regulation of peptidyl-threonine phosphorylation	GO:0010800		10	0	2.076596720559569	-Inf	0	1	1	1
regulation of tumor necrosis factor-mediated signaling pathway	GO:0010803		51	11	10.5906432748538	0.03792437141761706	0.9084427730703822	0.47012008078029877	1	1
negative regulation of tumor necrosis factor-mediated signaling pathway	GO:0010804		23	4	4.776172457287008	-0.17734512346568673	0.7616766486395636	0.6994719172777473	1	1
regulation of cell-substrate adhesion	GO:0010810		133	26	27.618736383442265	-0.06039785885669945	0.8393169569103625	0.6692601635414024	1	1
positive regulation of cell-substrate adhesion	GO:0010811		70	19	14.53617704391698	0.2677984684606537	1.0827626830990564	0.12254736171495959	1	1
negative regulation of cell-substrate adhesion	GO:0010812		40	4	8.306386882238275	-0.7307303616504734	0.46465550092064367	0.9781345064202898	1	1
bradykinin catabolic process	GO:0010815		6	0	1.2459580323357413	-Inf	0	1	1	1
T cell chemotaxis	GO:0010818		10	2	2.076596720559569	-0.03758318109052809	0.8550494879642134	0.6469486398345623	1	1
regulation of T cell chemotaxis	GO:0010819		11	1	2.284256392615526	-0.8260405414547983	0.4248799167694929	0.9227905796275384	1	1
positive regulation of T cell chemotaxis	GO:0010820		10	1	2.076596720559569	-0.7307303616504734	0.46465550092064367	0.9025405781366582	1	1
regulation of mitochondrion organization	GO:0010821		90	20	18.689370485036118	0.0677773345672982	0.9301019182460473	0.36485133601787434	1	1
regulation of centrosome duplication	GO:0010824		40	6	8.306386882238275	-0.32526525354230906	0.6708686990356654	0.809889536653198	1	1
negative regulation of centrosome duplication	GO:0010826		9	2	1.8689370485036119	0.0677773345672982	0.9301019182460473	0.5866424881018152	1	1
regulation of glucose transmembrane transport	GO:0010827		35	7	7.26808852195849	-0.03758318109052809	0.8550494879642134	0.5779164812367251	1	1
positive regulation of glucose transmembrane transport	GO:0010828		23	6	4.776172457287008	0.2281199846424775	1.0514827223147898	0.2987245826673827	1	1
negative regulation of glucose transmembrane transport	GO:0010829		10	1	2.076596720559569	-0.7307303616504734	0.46465550092064367	0.9025405781366582	1	1
regulation of myotube differentiation	GO:0010830		13	4	2.6995757367274393	0.39319973500192623	1.1845771521468593	0.22610735079264685	1	1
positive regulation of myotube differentiation	GO:0010831		5	1	1.0382983602797844	-0.03758318109052809	0.8550494879642134	0.6058986856255562	1	1
negative regulation of myotube differentiation	GO:0010832		7	3	1.4536177043916982	0.7245568709563687	1.4718161116467272	0.1614187469654273	1	1
telomere maintenance via telomere lengthening	GO:0010833		24	3	4.983832129342965	-0.5075868103362637	0.5704932391303862	0.8650179970290931	1	1
regulation of protein ADP-ribosylation	GO:0010835		5	0	1.0382983602797844	-Inf	0	1	1	1
regulation of keratinocyte proliferation	GO:0010837		25	2	5.1914918013989215	-0.9538739129646832	0.37630172211245844	0.9596879464758464	1	1
positive regulation of keratinocyte proliferation	GO:0010838		12	1	2.4919160646714826	-0.9130519184444281	0.39123986519130494	0.9227905796275384	1	1
negative regulation of keratinocyte proliferation	GO:0010839		7	0	1.4536177043916982	-Inf	0	1	1	1
regulation of triglyceride biosynthetic process	GO:0010866		8	0	1.661277376447655	-Inf	0	1	1	1
positive regulation of triglyceride biosynthetic process	GO:0010867		5	0	1.0382983602797844	-Inf	0	1	1	1
regulation of cholesterol efflux	GO:0010874		25	8	5.1914918013989215	0.4324204481552075	1.2172835245624984	0.12906839679347426	1	1
positive regulation of cholesterol efflux	GO:0010875		19	5	3.9455337690631813	0.23685366461123208	1.058327343188305	0.3582828091064613	1	1
lipid localization	GO:0010876		160	30	33.2255475289531	-0.10212170222809934	0.8110355253935492	0.6986559143860036	1	1
regulation of release of sequestered calcium ion into cytosol by sarcoplasmic reticulum	GO:0010880		24	4	4.983832129342965	-0.21990473788448278	0.7346935242489594	0.7652001365042725	1	1
regulation of cardiac muscle contraction by regulation of the release of sequestered calcium ion	GO:0010881		18	4	3.7378740970072237	0.0677773345672982	0.9301019182460473	0.5316813120771371	1	1
regulation of cardiac muscle contraction by calcium ion signaling	GO:0010882		26	4	5.399151473454879	-0.29994744555801905	0.6858168500062106	0.8191190934479378	1	1
regulation of lipid storage	GO:0010883		24	3	4.983832129342965	-0.5075868103362637	0.5704932391303862	0.8846910864089581	1	1
positive regulation of lipid storage	GO:0010884		10	2	2.076596720559569	-0.03758318109052809	0.8550494879642134	0.6469486398345623	1	1
regulation of cholesterol storage	GO:0010885		11	2	2.284256392615526	-0.13289336089485304	0.7905889481542714	0.7000405632278557	1	1
negative regulation of cholesterol storage	GO:0010887		7	0	1.4536177043916982	-Inf	0	1	1	1
negative regulation of lipid storage	GO:0010888		13	0	2.6995757367274393	-Inf	0	1	1	1
positive regulation of steroid biosynthetic process	GO:0010893		18	4	3.7378740970072237	0.0677773345672982	0.9301019182460473	0.5316813120771371	1	1
negative regulation of steroid biosynthetic process	GO:0010894		16	1	3.32255475289531	-1.200733990896209	0.296605097562714	0.969591795111742	1	1
regulation of triglyceride catabolic process	GO:0010896		7	2	1.4536177043916982	0.3190917628482042	1.123880732467684	0.36346143435754485	1	1
positive regulation of triglyceride catabolic process	GO:0010898		5	1	1.0382983602797844	-0.03758318109052809	0.8550494879642134	0.6058986856255562	1	1
regulation of very-low-density lipoprotein particle remodeling	GO:0010901		8	1	1.661277376447655	-0.5075868103362635	0.5704932391303862	0.8040048847954714	1	1
negative regulation of very-low-density lipoprotein particle remodeling	GO:0010903		6	0	1.2459580323357413	-Inf	0	1	1	1
regulation of glucose metabolic process	GO:0010906		39	9	8.09872721018232	0.10551766255014502	0.9579172596729196	0.42228919185602753	1	1
positive regulation of glucose metabolic process	GO:0010907		18	5	3.7378740970072237	0.290920885881508	1.1012048484582468	0.3128420019394392	1	1
negative regulation of mitochondrial membrane potential	GO:0010917		6	1	1.2459580323357413	-0.21990473788448278	0.7346935242489594	0.7526154025838886	1	1
regulation of inositol phosphate biosynthetic process	GO:0010919		7	2	1.4536177043916982	0.3190917628482042	1.123880732467684	0.4442785093143923	1	1
regulation of phosphatase activity	GO:0010921		7	2	1.4536177043916982	0.3190917628482042	1.123880732467684	0.4442785093143923	1	1
cellular component assembly involved in morphogenesis	GO:0010927		20	2	4.153193441119138	-0.7307303616504734	0.46465550092064367	0.9407351059279203	1	1
regulation of macrophage cytokine production	GO:0010935		7	0	1.4536177043916982	-Inf	0	1	1	1
negative regulation of transcription by competitive promoter binding	GO:0010944		12	2	2.4919160646714826	-0.21990473788448278	0.7346935242489594	0.7000405632278557	1	1
negative regulation of cell cycle process	GO:0010948		183	39	38.00171998624011	0.025930224631797734	0.8998273632684688	0.3666930205280489	1	1
positive regulation of endopeptidase activity	GO:0010950		8	0	1.661277376447655	-Inf	0	1	1	1
negative regulation of endopeptidase activity	GO:0010951		12	0	2.4919160646714826	-Inf	0	1	1	1
positive regulation of peptidase activity	GO:0010952		13	2	2.6995757367274393	-0.29994744555801905	0.6858168500062106	0.7863084571716146	1	1
positive regulation of protein processing	GO:0010954		12	1	2.4919160646714826	-0.9130519184444281	0.39123986519130494	0.9388339804989202	1	1
negative regulation of protein processing	GO:0010955		15	1	3.114895080839353	-1.1361954697586378	0.3157645429162462	0.969591795111742	1	1
regulation of glucan biosynthetic process	GO:0010962		17	3	3.530214424951267	-0.16274632404453418	0.771090171362034	0.6758810380350535	1	1
regulation of mitotic sister chromatid separation	GO:0010965		42	13	8.72170622635019	0.3991344705217406	1.189500950238897	0.06713176137531804	1	1
regulation of phosphate transport	GO:0010966		5	0	1.0382983602797844	-Inf	0	1	1	1
regulation of microtubule nucleation	GO:0010968		11	1	2.284256392615526	-0.8260405414547983	0.4248799167694929	0.9227905796275384	1	1
transport along microtubule	GO:0010970		56	12	11.628941635133586	0.03140969039642335	0.9037570637243312	0.5040500098084068	1	1
positive regulation of G2/M transition of mitotic cell cycle	GO:0010971		19	6	3.9455337690631813	0.41917522140518665	1.2061946638881593	0.18560774187177675	1	1
negative regulation of G2/M transition of mitotic cell cycle	GO:0010972		46	9	9.552344914574016	-0.05956208780930329	0.8398899606625511	0.6091602052023222	1	1
regulation of neuron projection development	GO:0010975		104	13	21.596605893819515	-0.5075868103362637	0.5704932391303862	0.987193167917771	1	1
positive regulation of neuron projection development	GO:0010976		44	4	9.137025570462104	-0.8260405414547983	0.4248799167694929	0.9867422945357298	1	1
negative regulation of neuron projection development	GO:0010977		28	5	5.814470817566793	-0.15091186639753132	0.7787800313694351	0.7196520753345008	1	1
regulation of lipoprotein particle clearance	GO:0010984		14	3	2.9072354087833965	0.03140969039642335	0.9037570637243312	0.580334678997702	1	1
negative regulation of lipoprotein particle clearance	GO:0010985		9	3	1.8689370485036119	0.47324244267546267	1.2517310839972888	0.2821996753436965	1	1
regulation of low-density lipoprotein particle clearance	GO:0010988		10	0	2.076596720559569	-Inf	0	1	1	1
negative regulation of low-density lipoprotein particle clearance	GO:0010989		6	0	1.2459580323357413	-Inf	0	1	1	1
ubiquitin recycling	GO:0010992		8	3	1.661277376447655	0.591025478331846	1.353273052440545	0.1614187469654273	1	1
free ubiquitin chain polymerization	GO:0010994		7	3	1.4536177043916982	0.7245568709563687	1.4718161116467272	0.1084805211142787	1	1
response to auditory stimulus	GO:0010996		10	0	2.076596720559569	-Inf	0	1	1	1
astrocyte development	GO:0014002		6	0	1.2459580323357413	-Inf	0	1	1	1
oligodendrocyte development	GO:0014003		8	1	1.661277376447655	-0.5075868103362635	0.5704932391303862	0.8447215069503783	1	1
regulation of gliogenesis	GO:0014013		13	2	2.6995757367274393	-0.29994744555801905	0.6858168500062106	0.7863084571716146	1	1
positive regulation of gliogenesis	GO:0014015		10	1	2.076596720559569	-0.7307303616504734	0.46465550092064367	0.9025405781366582	1	1
neural crest formation	GO:0014029		8	1	1.661277376447655	-0.5075868103362635	0.5704932391303862	0.8447215069503783	1	1
neural crest cell development	GO:0014032		12	2	2.4919160646714826	-0.21990473788448278	0.7346935242489594	0.7463131700423387	1	1
neural crest cell differentiation	GO:0014033		15	2	3.114895080839353	-0.4430482891986925	0.6045686331939815	0.8499280422811566	1	1
response to purine-containing compound	GO:0014074		59	11	12.251920651301456	-0.10778743976377658	0.8072444977668513	0.6829641193809155	1	1
striated muscle tissue development	GO:0014706		50	1	10.382983602797843	-2.3401682740845735	0.09616315252167722	0.9999890607912993	1	1
positive regulation of muscle hypertrophy	GO:0014742		13	4	2.6995757367274393	0.39319973500192623	1.1845771521468593	0.27647232356917906	1	1
regulation of muscle hypertrophy	GO:0014743		17	5	3.530214424951267	0.3480792997214565	1.1474455497580873	0.2682404361592198	1	1
muscle cell migration	GO:0014812		5	1	1.0382983602797844	-0.03758318109052809	0.8550494879642134	0.687756407879498	1	1
regulation of skeletal muscle contraction	GO:0014819		11	2	2.284256392615526	-0.13289336089485304	0.7905889481542714	0.7000405632278557	1	1
phasic smooth muscle contraction	GO:0014821		9	1	1.8689370485036119	-0.6253698459926471	0.5123516935775311	0.8769813843064487	1	1
vascular associated smooth muscle contraction	GO:0014829		6	2	1.2459580323357413	0.4732424426754625	1.2517310839972888	0.36346143435754485	1	1
muscle hypertrophy	GO:0014896		6	1	1.2459580323357413	-0.21990473788448278	0.7346935242489594	0.7526154025838886	1	1
striated muscle hypertrophy	GO:0014897		5	0	1.0382983602797844	-Inf	0	1	1	1
myotube differentiation	GO:0014902		15	3	3.114895080839353	-0.03758318109052809	0.8550494879642134	0.580334678997702	1	1
regulation of smooth muscle cell migration	GO:0014910		31	4	6.4374498337346635	-0.47583811202168336	0.5870579010261421	0.9105414052447596	1	1
positive regulation of smooth muscle cell migration	GO:0014911		16	2	3.32255475289531	-0.5075868103362635	0.5704932391303862	0.8747919000306	1	1
negative regulation of smooth muscle cell migration	GO:0014912		14	2	2.9072354087833965	-0.37405541771174117	0.6427576439377599	0.8206374202006002	1	1
heparan sulfate proteoglycan biosynthetic process	GO:0015012		14	1	2.9072354087833965	-1.0672025982716864	0.3375241858610443	0.961614211589703	1	1
gas transport	GO:0015669		11	0	2.284256392615526	-Inf	0	1	1	1
oxygen transport	GO:0015671		8	0	1.661277376447655	-Inf	0	1	1	1
magnesium ion transport	GO:0015693		10	2	2.076596720559569	-0.03758318109052809	0.8550494879642134	0.5866424881018152	1	1
organic cation transport	GO:0015695		66	10	13.705538355693154	-0.31521491768880766	0.6767731147053067	0.8931984930623503	1	1
quaternary ammonium group transport	GO:0015697		11	0	2.284256392615526	-Inf	0	1	1	1
inorganic anion transport	GO:0015698		84	9	17.44341245270038	-0.661737490163522	0.4954358756915953	0.994390417212901	1	1
bicarbonate transport	GO:0015701		18	2	3.7378740970072237	-0.6253698459926471	0.5123516935775311	0.9134911356883086	1	1
iodide transport	GO:0015705		6	0	1.2459580323357413	-Inf	0	1	1	1
hexose phosphate transport	GO:0015712		5	2	1.0382983602797844	0.6555639994694172	1.4101486239250423	0.2784677966097898	1	1
monocarboxylic acid transport	GO:0015718		77	9	15.98979474830868	-0.5747261131738923	0.5367170541731754	0.9785905011373854	1	1
bile acid and bile salt transport	GO:0015721		14	1	2.9072354087833965	-1.0672025982716864	0.3375241858610443	0.9515444407761957	1	1
lactate transport	GO:0015727		5	1	1.0382983602797844	-0.03758318109052809	0.8550494879642134	0.687756407879498	1	1
prostaglandin transport	GO:0015732		10	1	2.076596720559569	-0.7307303616504734	0.46465550092064367	0.9025405781366582	1	1
C4-dicarboxylate transport	GO:0015740		13	1	2.6995757367274393	-0.9930946261179644	0.3624410396831095	0.9515444407761957	1	1
alpha-ketoglutarate transport	GO:0015742		5	0	1.0382983602797844	-Inf	0	1	1	1
urate transport	GO:0015747		6	2	1.2459580323357413	0.4732424426754625	1.2517310839972888	0.2784677966097898	1	1
organophosphate ester transport	GO:0015748		99	26	20.558307533539733	0.23483141923046436	1.0567404506988687	0.10151198827448742	1	1
monosaccharide transmembrane transport	GO:0015749		26	7	5.399151473454879	0.2596683423774036	1.0763152780629115	0.25037786508338206	1	1
fructose transmembrane transport	GO:0015755		6	3	1.2459580323357413	0.878707550783627	1.6124283013649316	0.1084805211142787	1	1
glucose-6-phosphate transport	GO:0015760		5	2	1.0382983602797844	0.6555639994694172	1.4101486239250423	0.2784677966097898	1	1
nucleotide-sugar transmembrane transport	GO:0015780		8	2	1.661277376447655	0.18556037022368177	1.0184629095493067	0.5189885297111225	1	1
polyol transmembrane transport	GO:0015791		7	0	1.4536177043916982	-Inf	0	1	1	1
glycerol transmembrane transport	GO:0015793		7	0	1.4536177043916982	-Inf	0	1	1	1
acidic amino acid transport	GO:0015800		12	0	2.4919160646714826	-Inf	0	1	1	1
aromatic amino acid transport	GO:0015801		8	0	1.661277376447655	-Inf	0	1	1	1
basic amino acid transport	GO:0015802		14	3	2.9072354087833965	0.03140969039642335	0.9037570637243312	0.580334678997702	1	1
branched-chain amino acid transport	GO:0015803		8	2	1.661277376447655	0.18556037022368177	1.0184629095493067	0.5189885297111225	1	1
neutral amino acid transport	GO:0015804		35	6	7.26808852195849	-0.19173386091778638	0.7524772743438592	0.7635037164985294	1	1
L-amino acid transport	GO:0015807		40	6	8.306386882238275	-0.32526525354230906	0.6708686990356654	0.8657034844928508	1	1
L-alanine transport	GO:0015808		8	0	1.661277376447655	-Inf	0	1	1	1
aspartate transmembrane transport	GO:0015810		8	0	1.661277376447655	-Inf	0	1	1	1
L-cystine transport	GO:0015811		5	0	1.0382983602797844	-Inf	0	1	1	1
L-glutamate transmembrane transport	GO:0015813		10	0	2.076596720559569	-Inf	0	1	1	1
glycine transport	GO:0015816		5	2	1.0382983602797844	0.6555639994694172	1.4101486239250423	0.2784677966097898	1	1
leucine transport	GO:0015820		8	2	1.661277376447655	0.18556037022368177	1.0184629095493067	0.5189885297111225	1	1
ornithine transport	GO:0015822		6	2	1.2459580323357413	0.4732424426754625	1.2517310839972888	0.36346143435754485	1	1
proline transport	GO:0015824		6	1	1.2459580323357413	-0.21990473788448278	0.7346935242489594	0.7526154025838886	1	1
peptide transport	GO:0015833		29	7	6.02213048962275	0.15046905041241138	0.9916643736520799	0.3969397131754743	1	1
amine transport	GO:0015837		5	0	1.0382983602797844	-Inf	0	1	1	1
amino-acid betaine transport	GO:0015838		7	0	1.4536177043916982	-Inf	0	1	1	1
monoamine transport	GO:0015844		17	3	3.530214424951267	-0.16274632404453418	0.771090171362034	0.7172018988421163	1	1
polyamine transport	GO:0015846		6	2	1.2459580323357413	0.4732424426754625	1.2517310839972888	0.36346143435754485	1	1
organic acid transport	GO:0015849		158	24	32.810228184841186	-0.31268647133544886	0.6782646549138196	0.9585435140560604	1	1
organic hydroxy compound transport	GO:0015850		100	20	20.765967205595686	-0.03758318109052798	0.8550494879642135	0.574950652613533	1	1
nucleobase transport	GO:0015851		8	3	1.661277376447655	0.591025478331846	1.353273052440545	0.22014844812420312	1	1
nucleoside transport	GO:0015858		7	2	1.4536177043916982	0.3190917628482042	1.123880732467684	0.4442785093143923	1	1
uridine transport	GO:0015862		6	2	1.2459580323357413	0.4732424426754625	1.2517310839972888	0.36346143435754485	1	1
pyrimidine nucleoside transport	GO:0015864		6	2	1.2459580323357413	0.4732424426754625	1.2517310839972888	0.36346143435754485	1	1
purine nucleotide transport	GO:0015865		27	9	5.606811145510836	0.4732424426754625	1.2517310839972888	0.08939738716433354	1	1
ATP transport	GO:0015867		13	3	2.6995757367274393	0.10551766255014523	0.9579172596729197	0.5263390908313202	1	1
purine ribonucleotide transport	GO:0015868		23	7	4.776172457287008	0.38227066446973584	1.1755337124879146	0.1842643366948414	1	1
choline transport	GO:0015871		9	0	1.8689370485036119	-Inf	0	1	1	1
dopamine transport	GO:0015872		12	2	2.4919160646714826	-0.21990473788448278	0.7346935242489594	0.7463131700423387	1	1
norepinephrine transport	GO:0015874		6	1	1.2459580323357413	-0.21990473788448278	0.7346935242489594	0.7526154025838886	1	1
carnitine transport	GO:0015879		7	0	1.4536177043916982	-Inf	0	1	1	1
folic acid transport	GO:0015884		6	3	1.2459580323357413	0.878707550783627	1.6124283013649316	0.1084805211142787	1	1
heme transport	GO:0015886		5	1	1.0382983602797844	-0.03758318109052809	0.8550494879642134	0.687756407879498	1	1
thiamine transport	GO:0015888		7	0	1.4536177043916982	-Inf	0	1	1	1
cobalamin transport	GO:0015889		9	3	1.8689370485036119	0.47324244267546267	1.2517310839972888	0.2821996753436965	1	1
fatty acid transport	GO:0015908		41	6	8.514046554294232	-0.3499578661326806	0.6565272400780798	0.8488245493589812	1	1
long-chain fatty acid transport	GO:0015909		24	5	4.983832129342965	0.003238813429726966	0.8836656273277367	0.5361092021545812	1	1
phospholipid transport	GO:0015914		52	12	10.798302946909757	0.10551766255014523	0.9579172596729197	0.3653301401887838	1	1
sterol transport	GO:0015918		48	14	9.96766425868593	0.3397110500509399	1.1406190175427178	0.0926076235094589	1	1
peroxisomal membrane transport	GO:0015919		18	3	3.7378740970072237	-0.21990473788448264	0.7346935242489595	0.7543060161951124	1	1
nucleobase-containing compound transport	GO:0015931		113	21	23.46554294232313	-0.11101064964534543	0.8050930985291045	0.7510839737875207	1	1
coenzyme A metabolic process	GO:0015936		10	1	2.076596720559569	-0.7307303616504734	0.46465550092064367	0.9025405781366582	1	1
coenzyme A biosynthetic process	GO:0015937		9	1	1.8689370485036119	-0.6253698459926471	0.5123516935775311	0.8769813843064487	1	1
pantothenate metabolic process	GO:0015939		6	1	1.2459580323357413	-0.21990473788448278	0.7346935242489594	0.7526154025838886	1	1
nucleobase-containing small molecule interconversion	GO:0015949		8	1	1.661277376447655	-0.5075868103362635	0.5704932391303862	0.8447215069503783	1	1
energy derivation by oxidation of organic compounds	GO:0015980		95	21	19.727668845315904	0.06250027746645441	0.9262510291835904	0.3925253724414512	1	1
proton motive force-driven ATP synthesis	GO:0015986		14	1	2.9072354087833965	-1.0672025982716864	0.3375241858610443	0.961614211589703	1	1
viral process	GO:0016032		164	25	34.05618621717693	-0.3091358716124255	0.6803633179392997	0.9566169610511867	1	1
lipid catabolic process	GO:0016042		162	44	33.640866873065015	0.2684480300294493	1.0832786406187345	0.01617444218675418	1	1
detection of bacterium	GO:0016045		14	1	2.9072354087833965	-1.0672025982716864	0.3375241858610443	0.961614211589703	1	1
cell growth	GO:0016049		18	1	3.7378740970072237	-1.3185170265525925	0.26443900870457454	0.9848848484905597	1	1
vesicle organization	GO:0016050		147	14	30.525971792225665	-0.7795205258199056	0.44390303863009173	0.999817089700828	1	1
carbohydrate biosynthetic process	GO:0016051		57	5	11.836601307189543	-0.8617586240568776	0.4107691069507472	0.995695144238111	1	1
carbohydrate catabolic process	GO:0016052		52	15	10.798302946909757	0.328661213864355	1.1316343635698232	0.10528160452880604	1	1
organic acid biosynthetic process	GO:0016053		156	33	32.39490884072928	0.018506285560515316	0.8945198610934636	0.45115998372088806	1	1
organic acid catabolic process	GO:0016054		155	45	32.18724916867332	0.33509210419464536	1.1368592482814794	0.006093349706702226	1	1
Wnt signaling pathway	GO:0016055		70	7	14.53617704391698	-0.7307303616504734	0.46465550092064367	0.9939390310130956	1	1
immunoglobulin mediated immune response	GO:0016064		13	4	2.6995757367274393	0.39319973500192623	1.1845771521468593	0.27647232356917906	1	1
rRNA metabolic process	GO:0016072		102	39	21.1812865497076	0.6104435641889477	1.3702988354188266	2.2640391039618082e-5	0.024125600691817028	0.024125600691817028
snRNA metabolic process	GO:0016073		37	5	7.683407866070404	-0.42962526886655167	0.6118554747443877	0.9078650078447374	1	1
rRNA catabolic process	GO:0016075		8	1	1.661277376447655	-0.5075868103362635	0.5704932391303862	0.8447215069503783	1	1
tRNA catabolic process	GO:0016078		6	2	1.2459580323357413	0.4732424426754625	1.2517310839972888	0.2784677966097898	1	1
synaptic vesicle exocytosis	GO:0016079		10	1	2.076596720559569	-0.7307303616504734	0.46465550092064367	0.9025405781366582	1	1
polyprenol metabolic process	GO:0016093		10	3	2.076596720559569	0.3678819270176362	1.1636753669944517	0.3454178811708285	1	1
monoterpenoid metabolic process	GO:0016098		6	0	1.2459580323357413	-Inf	0	1	1	1
diterpenoid metabolic process	GO:0016101		57	7	11.836601307189543	-0.5252863874356646	0.5614244116277287	0.9436488440484747	1	1
terpenoid catabolic process	GO:0016115		7	1	1.4536177043916982	-0.37405541771174117	0.6427576439377599	0.8040048847954714	1	1
sterol metabolic process	GO:0016125		69	20	14.328517371861025	0.3334805003003038	1.135548801810886	0.05023563725234948	1	1
sterol biosynthetic process	GO:0016126		26	14	5.399151473454879	0.952815522937349	1.6812273546790608	1.1586901832870803e-4	0.06859445885059515	0.06859445885059516
sterol catabolic process	GO:0016127		5	1	1.0382983602797844	-0.03758318109052809	0.8550494879642134	0.687756407879498	1	1
glycoside metabolic process	GO:0016137		14	2	2.9072354087833965	-0.37405541771174117	0.6427576439377599	0.8206374202006002	1	1
snRNA processing	GO:0016180		22	2	4.568512785231052	-0.8260405414547983	0.4248799167694929	0.9596879464758464	1	1
endosomal transport	GO:0016197		157	27	32.602568512785226	-0.18855420800040656	0.7545034328537963	0.8258486447183445	1	1
regulation of striated muscle tissue development	GO:0016202		10	3	2.076596720559569	0.3678819270176362	1.1636753669944517	0.3454178811708285	1	1
iron-sulfur cluster assembly	GO:0016226		15	3	3.114895080839353	-0.03758318109052809	0.8550494879642134	0.6302483766769817	1	1
telomere capping	GO:0016233		15	2	3.114895080839353	-0.4430482891986925	0.6045686331939815	0.7463131700423387	1	1
macroautophagy	GO:0016236		154	20	31.97958949661736	-0.469365597516066	0.5904819194995611	0.9931481990270788	1	1
positive regulation of macroautophagy	GO:0016239		74	13	15.366815732140807	-0.1672610043990606	0.7681704652893319	0.7755002969911703	1	1
autophagosome membrane docking	GO:0016240		7	1	1.4536177043916982	-0.37405541771174117	0.6427576439377599	0.8040048847954714	1	1
regulation of macroautophagy	GO:0016241		131	20	27.203417039330354	-0.3076103183035883	0.6812665200187092	0.9479967516460239	1	1
negative regulation of macroautophagy	GO:0016242		24	4	4.983832129342965	-0.21990473788448278	0.7346935242489594	0.7652001365042725	1	1
attachment of GPI anchor to protein	GO:0016255		6	4	1.2459580323357413	1.1663896232354078	1.8829554115277662	0.019408517453028042	1	1
gap junction assembly	GO:0016264		6	0	1.2459580323357413	-Inf	0	1	1	1
O-glycan processing	GO:0016266		39	9	8.09872721018232	0.10551766255014502	0.9579172596729196	0.35719341405834426	1	1
dephosphorylation	GO:0016311		109	9	22.6349042540993	-0.9222685735493521	0.3878209188911103	0.9996114993621235	1	1
dendrite development	GO:0016358		16	2	3.32255475289531	-0.5075868103362635	0.5704932391303862	0.8499280422811566	1	1
post-transcriptional gene silencing	GO:0016441		34	4	7.060428849902534	-0.5682114321526985	0.5399204070993384	0.943075672709452	1	1
somatic cell DNA recombination	GO:0016444		8	1	1.661277376447655	-0.5075868103362635	0.5704932391303862	0.8447215069503783	1	1
somatic diversification of immunoglobulins	GO:0016445		7	1	1.4536177043916982	-0.37405541771174117	0.6427576439377599	0.8040048847954714	1	1
negative regulation of transcription by RNA polymerase I	GO:0016479		7	3	1.4536177043916982	0.7245568709563687	1.4718161116467272	0.1084805211142787	1	1
cytosolic transport	GO:0016482		88	18	18.274051140924207	-0.015110325238469651	0.8707294362558359	0.4834640470400564	1	1
protein processing	GO:0016485		100	20	20.765967205595686	-0.03758318109052798	0.8550494879642135	0.5948984938687281	1	1
peptide hormone processing	GO:0016486		24	1	4.983832129342965	-1.6061990990043733	0.19932628392479618	0.9962668165603152	1	1
negative regulation of angiogenesis	GO:0016525		78	15	16.19745442036464	-0.0768038942438096	0.8281205012267848	0.6540296200440114	1	1
protein autoprocessing	GO:0016540		13	3	2.6995757367274393	0.10551766255014523	0.9579172596729197	0.5263390908313202	1	1
base conversion or substitution editing	GO:0016553		8	0	1.661277376447655	-Inf	0	1	1	1
mRNA modification	GO:0016556		14	6	2.9072354087833965	0.7245568709563687	1.4718161116467272	0.05162431923707651	1	1
protein import into peroxisome matrix	GO:0016558		13	1	2.6995757367274393	-0.9930946261179644	0.3624410396831095	0.9515444407761957	1	1
peroxisome fission	GO:0016559		10	3	2.076596720559569	0.3678819270176362	1.1636753669944517	0.3454178811708285	1	1
protein import into peroxisome matrix, receptor recycling	GO:0016562		7	1	1.4536177043916982	-0.37405541771174117	0.6427576439377599	0.8040048847954714	1	1
protein deubiquitination	GO:0016579		77	11	15.98979474830868	-0.37405541771174117	0.6427576439377599	0.931290116191321	1	1
Rac protein signal transduction	GO:0016601		13	2	2.6995757367274393	-0.29994744555801905	0.6858168500062106	0.7863084571716146	1	1
protein sumoylation	GO:0016925		33	4	6.852769177846577	-0.5383584690030173	0.5548024744357416	0.9336738073264894	1	1
protein desumoylation	GO:0016926		6	1	1.2459580323357413	-0.21990473788448278	0.7346935242489594	0.7526154025838886	1	1
poly(A)+ mRNA export from nucleus	GO:0016973		7	0	1.4536177043916982	-Inf	0	1	1	1
cytochrome complex assembly	GO:0017004		35	12	7.26808852195849	0.501413319642159	1.2757347710000482	0.0444298315338456	1	1
regulation of transforming growth factor beta receptor signaling pathway	GO:0017015		77	12	15.98979474830868	-0.28704404072211137	0.6935300777566353	0.8906293158096681	1	1
protein import	GO:0017038		5	3	1.0382983602797844	1.0610291075775815	1.782860369115461	0.06394451928365348	1	1
respiratory chain complex III assembly	GO:0017062		10	4	2.076596720559569	0.6555639994694172	1.4101486239250423	0.1346905284137217	1	1
plasma membrane phospholipid scrambling	GO:0017121		10	0	2.076596720559569	-Inf	0	1	1	1
negative regulation of translation	GO:0017148		84	21	17.44341245270038	0.1855603702236816	1.0184629095493065	0.20249115039082635	1	1
calcium-ion regulated exocytosis	GO:0017156		7	2	1.4536177043916982	0.3190917628482042	1.123880732467684	0.4442785093143923	1	1
regulation of exocytosis	GO:0017157		79	13	16.405114092420593	-0.23264376366191253	0.7267507189589383	0.8370822150882428	1	1
regulation of calcium ion-dependent exocytosis	GO:0017158		7	2	1.4536177043916982	0.3190917628482042	1.123880732467684	0.4442785093143923	1	1
peptidyl-lysine hydroxylation	GO:0017185		6	0	1.2459580323357413	-Inf	0	1	1	1
peptidyl-lysine methylation	GO:0018022		18	2	3.7378740970072237	-0.6253698459926471	0.5123516935775311	0.8958039001890645	1	1
peptidyl-lysine trimethylation	GO:0018023		7	0	1.4536177043916982	-Inf	0	1	1	1
peptidyl-lysine monomethylation	GO:0018026		6	2	1.2459580323357413	0.4732424426754625	1.2517310839972888	0.2784677966097898	1	1
peptidyl-serine phosphorylation	GO:0018105		48	12	9.96766425868593	0.1855603702236816	1.0184629095493065	0.25866812366936576	1	1
peptidyl-threonine phosphorylation	GO:0018107		22	5	4.568512785231052	0.0902501904193567	0.9466071317499707	0.49328596615142095	1	1
peptidyl-tyrosine phosphorylation	GO:0018108		52	8	10.798302946909757	-0.29994744555801905	0.6858168500062106	0.8732260631999664	1	1
protein hydroxylation	GO:0018126		14	0	2.9072354087833965	-Inf	0	1	1	1
keratan sulfate biosynthetic process	GO:0018146		16	2	3.32255475289531	-0.5075868103362635	0.5704932391303862	0.8747919000306	1	1
peptide cross-linking	GO:0018149		21	2	4.360853113175095	-0.7795205258199055	0.4439030386300918	0.9510815874352324	1	1
protein oxidation	GO:0018158		6	1	1.2459580323357413	-0.21990473788448278	0.7346935242489594	0.687756407879498	1	1
peptidyl-arginine modification	GO:0018195		5	1	1.0382983602797844	-0.03758318109052809	0.8550494879642134	0.687756407879498	1	1
peptidyl-cysteine modification	GO:0018198		16	4	3.32255475289531	0.18556037022368177	1.0184629095493067	0.43250684412533813	1	1
peptidyl-glutamic acid modification	GO:0018200		12	2	2.4919160646714826	-0.21990473788448278	0.7346935242489594	0.7463131700423387	1	1
peptidyl-histidine modification	GO:0018202		5	3	1.0382983602797844	1.0610291075775815	1.782860369115461	0.06394451928365348	1	1
peptidyl-lysine modification	GO:0018205		87	11	18.066391468868247	-0.4961581145126408	0.5764120036779653	0.9800987103693429	1	1
peptidyl-proline modification	GO:0018208		8	0	1.661277376447655	-Inf	0	1	1	1
peptidyl-serine modification	GO:0018209		60	14	12.459580323357413	0.11656749873673027	0.9661513714410117	0.2857078263491089	1	1
peptidyl-threonine modification	GO:0018210		31	8	6.4374498337346635	0.21730906853826196	1.0430422420580645	0.2416303061419751	1	1
peptidyl-tyrosine modification	GO:0018212		53	9	11.005962618965716	-0.20121260487233028	0.7464598930595452	0.7997379765627661	1	1
peptidyl-arginine methylation	GO:0018216		5	1	1.0382983602797844	-0.03758318109052809	0.8550494879642134	0.687756407879498	1	1
peptidyl-L-cysteine S-palmitoylation	GO:0018230		12	4	2.4919160646714826	0.4732424426754625	1.2517310839972888	0.22610735079264685	1	1
peptidyl-S-diacylglycerol-L-cysteine biosynthetic process from peptidyl-cysteine	GO:0018231		12	4	2.4919160646714826	0.4732424426754625	1.2517310839972888	0.22610735079264685	1	1
protein O-linked glycosylation via serine	GO:0018242		10	2	2.076596720559569	-0.03758318109052809	0.8550494879642134	0.5189885297111225	1	1
protein O-linked glycosylation via threonine	GO:0018243		9	3	1.8689370485036119	0.47324244267546267	1.2517310839972888	0.1614187469654273	1	1
protein N-linked glycosylation via asparagine	GO:0018279		40	5	8.306386882238275	-0.5075868103362637	0.5704932391303862	0.9392270832939187	1	1
protein prenylation	GO:0018342		8	1	1.661277376447655	-0.5075868103362635	0.5704932391303862	0.8447215069503783	1	1
protein palmitoylation	GO:0018345		24	5	4.983832129342965	0.003238813429726966	0.8836656273277367	0.5771837244585964	1	1
internal peptidyl-lysine acetylation	GO:0018393		7	1	1.4536177043916982	-0.37405541771174117	0.6427576439377599	0.8040048847954714	1	1
peptidyl-lysine acetylation	GO:0018394		12	1	2.4919160646714826	-0.9130519184444281	0.39123986519130494	0.9388339804989202	1	1
C-terminal protein amino acid modification	GO:0018410		6	1	1.2459580323357413	-0.21990473788448278	0.7346935242489594	0.7526154025838886	1	1
ether metabolic process	GO:0018904		16	2	3.32255475289531	-0.5075868103362635	0.5704932391303862	0.8747919000306	1	1
phenol-containing compound metabolic process	GO:0018958		40	3	8.306386882238275	-1.0184124341022545	0.3537439532702085	0.9929535149965234	1	1
viral life cycle	GO:0019058		103	10	21.38894622176356	-0.760289163892018	0.4519839884760707	0.9984993628083215	1	1
virion attachment to host cell	GO:0019062		9	1	1.8689370485036119	-0.6253698459926471	0.5123516935775311	0.8769813843064487	1	1
receptor-mediated endocytosis of virus by host cell	GO:0019065		7	0	1.4536177043916982	-Inf	0	1	1	1
virion assembly	GO:0019068		34	1	7.060428849902534	-1.954505793272589	0.14116514171553457	0.9990784678040701	1	1
viral release from host cell	GO:0019076		28	0	5.814470817566793	-Inf	0	1	1	1
viral genome replication	GO:0019079		12	4	2.4919160646714826	0.4732424426754625	1.2517310839972888	0.22610735079264685	1	1
viral gene expression	GO:0019080		53	14	11.005962618965716	0.24062014740670887	1.0612862527035518	0.17596365273227818	1	1
viral translation	GO:0019081		17	6	3.530214424951267	0.5304008565154111	1.300624433429669	0.12189962375533625	1	1
viral protein processing	GO:0019082		31	7	6.4374498337346635	0.08377767591373922	0.9418358877123467	0.43439477395649384	1	1
viral transcription	GO:0019083		6	1	1.2459580323357413	-0.21990473788448278	0.7346935242489594	0.7526154025838886	1	1
reproductive behavior	GO:0019098		5	0	1.0382983602797844	-Inf	0	1	1	1
nonribosomal peptide biosynthetic process	GO:0019184		6	2	1.2459580323357413	0.4732424426754625	1.2517310839972888	0.36346143435754485	1	1
regulation of lipid metabolic process	GO:0019216		167	28	34.6791652333448	-0.21393457089797882	0.7384372035456719	0.8616764690194356	1	1
regulation of fatty acid metabolic process	GO:0019217		48	10	9.96766425868593	0.003238813429726966	0.8836656273277367	0.40148622882059964	1	1
regulation of steroid metabolic process	GO:0019218		59	8	12.251920651301456	-0.4262411708823112	0.6137034640323809	0.9278356827699249	1	1
transmission of nerve impulse	GO:0019226		8	1	1.661277376447655	-0.5075868103362635	0.5704932391303862	0.8447215069503783	1	1
neuronal action potential	GO:0019228		8	1	1.661277376447655	-0.5075868103362635	0.5704932391303862	0.8447215069503783	1	1
regulation of vasoconstriction	GO:0019229		17	3	3.530214424951267	-0.16274632404453418	0.771090171362034	0.7172018988421163	1	1
sensory perception of pain	GO:0019233		8	0	1.661277376447655	-Inf	0	1	1	1
hexose metabolic process	GO:0019318		65	18	13.497878683637197	0.2878392193440999	1.0987380097378945	0.11227811076745073	1	1
hexose biosynthetic process	GO:0019319		23	4	4.776172457287008	-0.17734512346568673	0.7616766486395636	0.733864067829993	1	1
hexose catabolic process	GO:0019320		22	7	4.568512785231052	0.4267224270405696	1.212507777465068	0.15428112534764418	1	1
phenol-containing compound catabolic process	GO:0019336		10	1	2.076596720559569	-0.7307303616504734	0.46465550092064367	0.8769813843064487	1	1
dolichol metabolic process	GO:0019348		8	3	1.661277376447655	0.591025478331846	1.353273052440545	0.22014844812420312	1	1
pyridine nucleotide metabolic process	GO:0019362		67	11	13.913198027749111	-0.23494261524902324	0.7253239714731519	0.8492409087235814	1	1
pyridine nucleotide catabolic process	GO:0019364		25	5	5.1914918013989215	-0.03758318109052798	0.8550494879642135	0.616237770777419	1	1
fatty acid elongation, saturated fatty acid	GO:0019367		6	0	1.2459580323357413	-Inf	0	1	1	1
fatty acid elongation, unsaturated fatty acid	GO:0019368		5	0	1.0382983602797844	-Inf	0	1	1	1
arachidonic acid metabolic process	GO:0019369		34	6	7.060428849902534	-0.16274632404453418	0.771090171362034	0.7373666622349946	1	1
leukotriene biosynthetic process	GO:0019370		10	2	2.076596720559569	-0.03758318109052809	0.8550494879642134	0.6469486398345623	1	1
lipoxygenase pathway	GO:0019372		9	2	1.8689370485036119	0.0677773345672982	0.9301019182460473	0.5866424881018152	1	1
epoxygenase P450 pathway	GO:0019373		9	0	1.8689370485036119	-Inf	0	1	1	1
galactolipid metabolic process	GO:0019374		6	1	1.2459580323357413	-0.21990473788448278	0.7346935242489594	0.7526154025838886	1	1
glycolipid catabolic process	GO:0019377		18	5	3.7378740970072237	0.290920885881508	1.1012048484582468	0.2682404361592198	1	1
galactose catabolic process	GO:0019388		5	4	1.0382983602797844	1.3487111800293625	2.0582927446325066	0.007744326497388082	1	1
fatty acid oxidation	GO:0019395		53	19	11.005962618965716	0.5460017969578908	1.3140974317671699	0.006341824732826454	1	1
alditol metabolic process	GO:0019400		6	1	1.2459580323357413	-0.21990473788448278	0.7346935242489594	0.7526154025838886	1	1
removal of superoxide radicals	GO:0019430		10	1	2.076596720559569	-0.7307303616504734	0.46465550092064367	0.9025405781366582	1	1
triglyceride biosynthetic process	GO:0019432		14	5	2.9072354087833965	0.542235314162414	1.3108398066206473	0.14676496360565727	1	1
triglyceride catabolic process	GO:0019433		10	1	2.076596720559569	-0.7307303616504734	0.46465550092064367	0.8447215069503783	1	1
4-hydroxyproline metabolic process	GO:0019471		6	0	1.2459580323357413	-Inf	0	1	1	1
taurine metabolic process	GO:0019530		5	0	1.0382983602797844	-Inf	0	1	1	1
catechol-containing compound catabolic process	GO:0019614		7	1	1.4536177043916982	-0.37405541771174117	0.6427576439377599	0.7526154025838886	1	1
urea metabolic process	GO:0019627		7	1	1.4536177043916982	-0.37405541771174117	0.6427576439377599	0.8040048847954714	1	1
aerobic electron transport chain	GO:0019646		17	6	3.530214424951267	0.5304008565154111	1.300624433429669	0.09484234814404188	1	1
GDP-mannose metabolic process	GO:0019673		8	2	1.661277376447655	0.18556037022368177	1.0184629095493067	0.5189885297111225	1	1
NAD metabolic process	GO:0019674		23	6	4.776172457287008	0.2281199846424775	1.0514827223147898	0.33912231654004465	1	1
deoxyribose phosphate metabolic process	GO:0019692		27	8	5.606811145510836	0.35545940701907913	1.153481786705676	0.1815519366203292	1	1
ribose phosphate metabolic process	GO:0019693		136	21	28.241715399610136	-0.29627771666905683	0.6880039831002294	0.9539250093611497	1	1
alkanesulfonate metabolic process	GO:0019694		5	0	1.0382983602797844	-Inf	0	1	1	1
choline metabolic process	GO:0019695		5	1	1.0382983602797844	-0.03758318109052809	0.8550494879642134	0.687756407879498	1	1
calcium-mediated signaling	GO:0019722		77	12	15.98979474830868	-0.28704404072211137	0.6935300777566353	0.8684574771104434	1	1
B cell mediated immunity	GO:0019724		17	4	3.530214424951267	0.1249357484072468	0.9724140606384994	0.4830503542687592	1	1
antimicrobial humoral response	GO:0019730		120	15	24.919160646714825	-0.5075868103362637	0.5704932391303862	0.9797537583189995	1	1
antibacterial humoral response	GO:0019731		42	6	8.72170622635019	-0.37405541771174117	0.6427576439377599	0.880985340421104	1	1
antifungal humoral response	GO:0019732		13	1	2.6995757367274393	-0.9930946261179644	0.3624410396831095	0.9388339804989202	1	1
secondary metabolic process	GO:0019748		32	1	6.64510950579062	-1.893881171456154	0.1499243289223491	0.9990784678040701	1	1
polyol metabolic process	GO:0019751		55	12	11.421281963077629	0.049428195899101635	0.9167528249457887	0.4488310342828524	1	1
one-carbon compound transport	GO:0019755		8	0	1.661277376447655	-Inf	0	1	1	1
stem cell population maintenance	GO:0019827		14	2	2.9072354087833965	-0.37405541771174117	0.6427576439377599	0.8206374202006002	1	1
cytolysis	GO:0019835		7	2	1.4536177043916982	0.3190917628482042	1.123880732467684	0.4442785093143923	1	1
L-ascorbic acid metabolic process	GO:0019852		7	1	1.4536177043916982	-0.37405541771174117	0.6427576439377599	0.8040048847954714	1	1
antigen processing and presentation	GO:0019882		59	18	12.251920651301456	0.38468904533401754	1.1775321538331824	0.03657855930932905	1	1
antigen processing and presentation of endogenous antigen	GO:0019883		15	3	3.114895080839353	-0.03758318109052809	0.8550494879642134	0.6302483766769817	1	1
antigen processing and presentation of exogenous antigen	GO:0019884		24	12	4.983832129342965	0.878707550783627	1.6124283013649316	4.987662154800644e-4	0.20441741508290642	0.20441741508290642
antigen processing and presentation of endogenous peptide antigen via MHC class I	GO:0019885		9	1	1.8689370485036119	-0.6253698459926471	0.5123516935775311	0.8769813843064487	1	1
antigen processing and presentation of exogenous peptide antigen via MHC class II	GO:0019886		17	11	3.530214424951267	1.1365366600857267	1.854491452546706	4.68051852973665e-5	0.031172253408046087	0.031172253408046087
axonal transport of mitochondrion	GO:0019896		6	1	1.2459580323357413	-0.21990473788448278	0.7346935242489594	0.7526154025838886	1	1
lipid storage	GO:0019915		22	7	4.568512785231052	0.4267224270405696	1.212507777465068	0.15428112534764418	1	1
cGMP-mediated signaling	GO:0019934		15	4	3.114895080839353	0.25009889136125285	1.0687514739090234	0.38067988828058175	1	1
translesion synthesis	GO:0019985		24	8	4.983832129342965	0.4732424426754625	1.2517310839972888	0.10619334904552293	1	1
diencephalon development	GO:0021536		5	0	1.0382983602797844	-Inf	0	1	1	1
telencephalon development	GO:0021537		29	4	6.02213048962275	-0.40914673752301123	0.623105519043334	0.8623881774173159	1	1
pallium development	GO:0021543		18	4	3.7378740970072237	0.0677773345672982	0.9301019182460473	0.4830503542687592	1	1
cranial nerve development	GO:0021545		8	0	1.661277376447655	-Inf	0	1	1	1
nerve development	GO:0021675		9	0	1.8689370485036119	-Inf	0	1	1	1
developmental maturation	GO:0021700		41	6	8.514046554294232	-0.3499578661326806	0.6565272400780798	0.8488245493589812	1	1
olfactory bulb development	GO:0021772		7	0	1.4536177043916982	-Inf	0	1	1	1
glial cell development	GO:0021782		14	1	2.9072354087833965	-1.0672025982716864	0.3375241858610443	0.961614211589703	1	1
cerebral cortex cell migration	GO:0021795		6	2	1.2459580323357413	0.4732424426754625	1.2517310839972888	0.36346143435754485	1	1
forebrain generation of neurons	GO:0021872		8	2	1.661277376447655	0.18556037022368177	1.0184629095493067	0.5189885297111225	1	1
forebrain neuron differentiation	GO:0021879		8	2	1.661277376447655	0.18556037022368177	1.0184629095493067	0.5189885297111225	1	1
forebrain neuron development	GO:0021884		6	1	1.2459580323357413	-0.21990473788448278	0.7346935242489594	0.7526154025838886	1	1
forebrain cell migration	GO:0021885		9	2	1.8689370485036119	0.0677773345672982	0.9301019182460473	0.5866424881018152	1	1
neural tube development	GO:0021915		9	4	1.8689370485036119	0.7609245151272435	1.5046554115250335	0.09604599368521607	1	1
central nervous system neuron differentiation	GO:0021953		24	2	4.983832129342965	-0.9130519184444281	0.39123986519130494	0.9668305045774548	1	1
central nervous system neuron development	GO:0021954		12	1	2.4919160646714826	-0.9130519184444281	0.39123986519130494	0.9388339804989202	1	1
cerebral cortex development	GO:0021987		18	4	3.7378740970072237	0.0677773345672982	0.9301019182460473	0.4830503542687592	1	1
olfactory lobe development	GO:0021988		7	0	1.4536177043916982	-Inf	0	1	1	1
tangential migration from the subventricular zone to the olfactory bulb	GO:0022028		5	0	1.0382983602797844	-Inf	0	1	1	1
telencephalon cell migration	GO:0022029		9	2	1.8689370485036119	0.0677773345672982	0.9301019182460473	0.5866424881018152	1	1
regulation of rhodopsin mediated signaling pathway	GO:0022400		9	0	1.8689370485036119	-Inf	0	1	1	1
negative adaptation of signaling pathway	GO:0022401		8	2	1.661277376447655	0.18556037022368177	1.0184629095493067	0.5189885297111225	1	1
molting cycle process	GO:0022404		11	1	2.284256392615526	-0.8260405414547983	0.4248799167694929	0.9025405781366582	1	1
hair cycle process	GO:0022405		11	1	2.284256392615526	-0.8260405414547983	0.4248799167694929	0.9025405781366582	1	1
membrane docking	GO:0022406		29	4	6.02213048962275	-0.40914673752301123	0.623105519043334	0.8804810889995786	1	1
negative regulation of cell-cell adhesion	GO:0022408		100	16	20.765967205595686	-0.2607267324047378	0.709459778017518	0.88974390189401	1	1
positive regulation of cell-cell adhesion	GO:0022409		172	25	35.717463593624586	-0.35676392060168005	0.652615542840122	0.9845675828889613	1	1
cellular process involved in reproduction in multicellular organism	GO:0022412		58	10	12.0442609792455	-0.18600318620880152	0.7561317767125373	0.6356913286601336	1	1
digestive system process	GO:0022600		28	4	5.814470817566793	-0.37405541771174117	0.6427576439377599	0.8623881774173159	1	1
regulation of cell morphogenesis	GO:0022604		112	17	23.257883270267172	-0.3134307958953063	0.6778253196165382	0.9247391501175799	1	1
gland morphogenesis	GO:0022612		5	0	1.0382983602797844	-Inf	0	1	1	1
DNA strand elongation	GO:0022616		8	1	1.661277376447655	-0.5075868103362635	0.5704932391303862	0.8447215069503783	1	1
extracellular matrix disassembly	GO:0022617		43	6	8.929365898406147	-0.3975859151219353	0.6295276298791912	0.907171324863558	1	1
protein-RNA complex assembly	GO:0022618		115	27	23.88086228643504	0.12275946898465126	0.9707831441955018	0.20675705752730678	1	1
regulation of transmembrane transporter activity	GO:0022898		70	10	14.53617704391698	-0.374055417711741	0.6427576439377599	0.9035951776075365	1	1
electron transport chain	GO:0022900		30	9	6.229790161678706	0.3678819270176362	1.1636753669944517	0.12974034000879334	1	1
respiratory electron transport chain	GO:0022904		25	7	5.1914918013989215	0.29888905553068484	1.1075958987652887	0.2164112139622073	1	1
signal transduction involved in regulation of gene expression	GO:0023019		8	1	1.661277376447655	-0.5075868103362635	0.5704932391303862	0.8447215069503783	1	1
CD40 signaling pathway	GO:0023035		7	0	1.4536177043916982	-Inf	0	1	1	1
adaptation of signaling pathway	GO:0023058		8	2	1.661277376447655	0.18556037022368177	1.0184629095493067	0.5189885297111225	1	1
signal release	GO:0023061		46	5	9.552344914574016	-0.6473487527114224	0.5020709535360993	0.9707929012015946	1	1
intracellular potassium ion homeostasis	GO:0030007		10	1	2.076596720559569	-0.7307303616504734	0.46465550092064367	0.9025405781366582	1	1
establishment of cell polarity	GO:0030010		58	6	12.0442609792455	-0.6968288099747922	0.47956777382318216	0.988653990902711	1	1
maintenance of cell polarity	GO:0030011		8	2	1.661277376447655	0.18556037022368177	1.0184629095493067	0.5189885297111225	1	1
lamellipodium assembly	GO:0030032		15	1	3.114895080839353	-1.1361954697586378	0.3157645429162462	0.969591795111742	1	1
microvillus assembly	GO:0030033		14	2	2.9072354087833965	-0.37405541771174117	0.6427576439377599	0.8206374202006002	1	1
contractile actin filament bundle assembly	GO:0030038		15	3	3.114895080839353	-0.03758318109052809	0.8550494879642134	0.6302483766769817	1	1
actin filament polymerization	GO:0030041		12	2	2.4919160646714826	-0.21990473788448278	0.7346935242489594	0.7000405632278557	1	1
actin filament depolymerization	GO:0030042		8	2	1.661277376447655	0.18556037022368177	1.0184629095493067	0.5189885297111225	1	1
parallel actin filament bundle assembly	GO:0030046		5	1	1.0382983602797844	-0.03758318109052809	0.8550494879642134	0.687756407879498	1	1
actin filament-based movement	GO:0030048		48	9	9.96766425868593	-0.10212170222809934	0.8110355253935492	0.6643735136103004	1	1
muscle filament sliding	GO:0030049		7	0	1.4536177043916982	-Inf	0	1	1	1
insulin processing	GO:0030070		6	0	1.2459580323357413	-Inf	0	1	1	1
regulation of mitotic metaphase/anaphase transition	GO:0030071		48	14	9.96766425868593	0.3397110500509399	1.1406190175427178	0.0926076235094589	1	1
peptide hormone secretion	GO:0030072		17	2	3.530214424951267	-0.5682114321526985	0.5399204070993384	0.8958039001890645	1	1
insulin secretion	GO:0030073		9	0	1.8689370485036119	-Inf	0	1	1	1
protein repair	GO:0030091		7	2	1.4536177043916982	0.3190917628482042	1.123880732467684	0.4442785093143923	1	1
hemopoiesis	GO:0030097		178	35	36.96342162596032	-0.054580757459099107	0.8433104157909982	0.6711884031500375	1	1
lymphocyte differentiation	GO:0030098		56	8	11.628941635133586	-0.37405541771174117	0.6427576439377599	0.9189180325990167	1	1
myeloid cell differentiation	GO:0030099		96	24	19.93532851737186	0.1855603702236816	1.0184629095493065	0.18286482954095448	1	1
regulation of endocytosis	GO:0030100		161	33	33.433207201009054	-0.013042072174410405	0.872181583115697	0.5330537666818809	1	1
natural killer cell activation	GO:0030101		25	3	5.1914918013989215	-0.5484088048565187	0.549754965062503	0.9017612221096273	1	1
sphingolipid biosynthetic process	GO:0030148		79	10	16.405114092420593	-0.4950080281294036	0.5770103601544239	0.9751112941491387	1	1
sphingolipid catabolic process	GO:0030149		35	10	7.26808852195849	0.31909176284820434	1.123880732467684	0.15088744152414232	1	1
protein import into mitochondrial matrix	GO:0030150		10	3	2.076596720559569	0.3678819270176362	1.1636753669944517	0.3454178811708285	1	1
proteoglycan biosynthetic process	GO:0030166		48	6	9.96766425868593	-0.5075868103362637	0.5704932391303862	0.9449365846347619	1	1
proteoglycan catabolic process	GO:0030167		9	5	1.8689370485036119	0.9840680664414533	1.7104446359600238	0.022898309220282242	1	1
platelet activation	GO:0030168		49	7	10.175323930741888	-0.37405541771174117	0.6427576439377599	0.9077203592708015	1	1
regulation of DNA-templated DNA replication initiation	GO:0030174		7	0	1.4536177043916982	-Inf	0	1	1	1
positive regulation of Wnt signaling pathway	GO:0030177		91	15	18.89703015709208	-0.23095457407106784	0.7278003739999913	0.8401051532811408	1	1
negative regulation of Wnt signaling pathway	GO:0030178		106	13	22.011925237931433	-0.5266350053069583	0.5607382628483591	0.9818745210390045	1	1
neuron differentiation	GO:0030182		199	24	41.324274739135426	-0.5433962630329746	0.5522676369451828	0.9994392581541918	1	1
B cell differentiation	GO:0030183		18	3	3.7378740970072237	-0.21990473788448264	0.7346935242489595	0.7543060161951124	1	1
regulation of blood coagulation	GO:0030193		46	6	9.552344914574016	-0.4650271959174678	0.5927859106230471	0.9370697213348268	1	1
positive regulation of blood coagulation	GO:0030194		14	2	2.9072354087833965	-0.37405541771174117	0.6427576439377599	0.8206374202006002	1	1
negative regulation of blood coagulation	GO:0030195		33	4	6.852769177846577	-0.5383584690030173	0.5548024744357416	0.9336738073264894	1	1
extracellular matrix organization	GO:0030198		83	8	17.23575278064442	-0.7675443347731897	0.4489203540146533	0.9979166978663454	1	1
collagen fibril organization	GO:0030199		20	1	4.153193441119138	-1.4238775422104186	0.23851075901735286	0.9905159401782357	1	1
heparan sulfate proteoglycan catabolic process	GO:0030200		7	5	1.4536177043916982	1.2353824947223593	1.9490198039530366	0.005542740558238572	1	1
heparan sulfate proteoglycan metabolic process	GO:0030201		23	7	4.776172457287008	0.38227066446973584	1.1755337124879146	0.1842643366948414	1	1
glycosaminoglycan metabolic process	GO:0030203		46	11	9.552344914574016	0.14110860765284775	0.984582649384831	0.2968337079924216	1	1
hyaluronan metabolic process	GO:0030212		13	1	2.6995757367274393	-0.9930946261179644	0.3624410396831095	0.9388339804989202	1	1
hyaluronan biosynthetic process	GO:0030213		6	1	1.2459580323357413	-0.21990473788448278	0.7346935242489594	0.687756407879498	1	1
hyaluronan catabolic process	GO:0030214		7	0	1.4536177043916982	-Inf	0	1	1	1
keratinocyte differentiation	GO:0030216		36	1	7.4757481940144475	-2.011664207112538	0.13337013446734683	0.9994219902334351	1	1
T cell differentiation	GO:0030217		36	4	7.4757481940144475	-0.6253698459926471	0.5123516935775311	0.9583216509351764	1	1
erythrocyte differentiation	GO:0030218		24	8	4.983832129342965	0.4732424426754625	1.2517310839972888	0.10619334904552293	1	1
megakaryocyte differentiation	GO:0030219		5	2	1.0382983602797844	0.6555639994694172	1.4101486239250423	0.2784677966097898	1	1
platelet formation	GO:0030220		9	0	1.8689370485036119	-Inf	0	1	1	1
monocyte differentiation	GO:0030224		7	0	1.4536177043916982	-Inf	0	1	1	1
macrophage differentiation	GO:0030225		18	4	3.7378740970072237	0.0677773345672982	0.9301019182460473	0.5316813120771371	1	1
myofibril assembly	GO:0030239		15	2	3.114895080839353	-0.4430482891986925	0.6045686331939815	0.8499280422811566	1	1
autophagy of peroxisome	GO:0030242		6	3	1.2459580323357413	0.878707550783627	1.6124283013649316	0.1084805211142787	1	1
lipid modification	GO:0030258		97	22	20.142988189427818	0.08818620619850535	0.9450841252786222	0.31963028916498665	1	1
chromosome condensation	GO:0030261		17	4	3.530214424951267	0.1249357484072468	0.9724140606384994	0.43250684412533813	1	1
apoptotic nuclear changes	GO:0030262		11	2	2.284256392615526	-0.13289336089485304	0.7905889481542714	0.7000405632278557	1	1
maintenance of gastrointestinal epithelium	GO:0030277		8	1	1.661277376447655	-0.5075868103362635	0.5704932391303862	0.8447215069503783	1	1
regulation of ossification	GO:0030278		51	7	10.5906432748538	-0.4140607523254402	0.6203912952753385	0.9276130331593624	1	1
negative regulation of ossification	GO:0030279		18	2	3.7378740970072237	-0.6253698459926471	0.5123516935775311	0.9134911356883086	1	1
bone mineralization	GO:0030282		7	2	1.4536177043916982	0.3190917628482042	1.123880732467684	0.4442785093143923	1	1
intestinal cholesterol absorption	GO:0030299		7	1	1.4536177043916982	-0.37405541771174117	0.6427576439377599	0.8040048847954714	1	1
cholesterol transport	GO:0030301		47	14	9.760004586629973	0.3607644592487724	1.1578299054454035	0.0926076235094589	1	1
positive regulation of cell growth	GO:0030307		83	7	17.23575278064442	-0.9010757273977125	0.3957231989255523	0.9992090034226877	1	1
negative regulation of cell growth	GO:0030308		88	16	18.274051140924207	-0.13289336089485304	0.7905889481542714	0.729866800753305	1	1
poly-N-acetyllactosamine metabolic process	GO:0030309		5	2	1.0382983602797844	0.6555639994694172	1.4101486239250423	0.2784677966097898	1	1
poly-N-acetyllactosamine biosynthetic process	GO:0030311		5	2	1.0382983602797844	0.6555639994694172	1.4101486239250423	0.2784677966097898	1	1
osteoclast differentiation	GO:0030316		14	5	2.9072354087833965	0.542235314162414	1.3108398066206473	0.14676496360565727	1	1
flagellated sperm motility	GO:0030317		37	8	7.683407866070404	0.0403783603791838	0.9102116304041197	0.4798242588450581	1	1
melanocyte differentiation	GO:0030318		5	1	1.0382983602797844	-0.03758318109052809	0.8550494879642134	0.687756407879498	1	1
transepithelial chloride transport	GO:0030321		7	1	1.4536177043916982	-0.37405541771174117	0.6427576439377599	0.8040048847954714	1	1
respiratory tube development	GO:0030323		15	1	3.114895080839353	-1.1361954697586378	0.3157645429162462	0.961614211589703	1	1
lung development	GO:0030324		15	1	3.114895080839353	-1.1361954697586378	0.3157645429162462	0.961614211589703	1	1
embryonic limb morphogenesis	GO:0030326		19	2	3.9455337690631813	-0.6794370672629231	0.4873768597596791	0.9283279489376746	1	1
DNA damage response, signal transduction by p53 class mediator	GO:0030330		33	10	6.852769177846577	0.3779322628711377	1.1719525007568925	0.12933384741590329	1	1
negative regulation of cell migration	GO:0030336		193	36	40.07831670679968	-0.10731651910520347	0.8075591455127076	0.758867033176734	1	1
membrane disassembly	GO:0030397		11	2	2.284256392615526	-0.13289336089485304	0.7905889481542714	0.7000405632278557	1	1
siRNA processing	GO:0030422		7	2	1.4536177043916982	0.3190917628482042	1.123880732467684	0.36346143435754485	1	1
regulation of complement activation	GO:0030449		16	2	3.32255475289531	-0.5075868103362635	0.5704932391303862	0.8747919000306	1	1
tRNA methylation	GO:0030488		26	4	5.399151473454879	-0.29994744555801905	0.6858168500062106	0.7935739204522448	1	1
maturation of SSU-rRNA	GO:0030490		7	2	1.4536177043916982	0.3190917628482042	1.123880732467684	0.4442785093143923	1	1
fatty acid elongation	GO:0030497		13	3	2.6995757367274393	0.10551766255014523	0.9579172596729197	0.5263390908313202	1	1
regulation of bone mineralization	GO:0030500		35	4	7.26808852195849	-0.5971989690259507	0.5257880027464992	0.9512442540874169	1	1
positive regulation of bone mineralization	GO:0030501		21	3	4.360853113175095	-0.37405541771174117	0.6427576439377599	0.8424435316084549	1	1
negative regulation of bone mineralization	GO:0030502		7	0	1.4536177043916982	-Inf	0	1	1	1
BMP signaling pathway	GO:0030509		39	8	8.09872721018232	-0.012265373106238426	0.8727273066444295	0.5467127768793997	1	1
regulation of BMP signaling pathway	GO:0030510		44	6	9.137025570462104	-0.4205754333466341	0.6168072392922693	0.907171324863558	1	1
positive regulation of transforming growth factor beta receptor signaling pathway	GO:0030511		21	2	4.360853113175095	-0.7795205258199055	0.4439030386300918	0.9510815874352324	1	1
negative regulation of transforming growth factor beta receptor signaling pathway	GO:0030512		50	7	10.382983602797843	-0.39425812502926044	0.631385755551394	0.9181892746450566	1	1
positive regulation of BMP signaling pathway	GO:0030513		10	0	2.076596720559569	-Inf	0	1	1	1
negative regulation of BMP signaling pathway	GO:0030514		30	5	6.229790161678706	-0.21990473788448278	0.7346935242489594	0.7493074800281739	1	1
regulation of axon extension	GO:0030516		15	2	3.114895080839353	-0.4430482891986925	0.6045686331939815	0.8499280422811566	1	1
negative regulation of axon extension	GO:0030517		5	0	1.0382983602797844	-Inf	0	1	1	1
intracellular steroid hormone receptor signaling pathway	GO:0030518		38	8	7.891067538126363	0.013710113297022255	0.8911012527496509	0.51365345740691	1	1
intracellular estrogen receptor signaling pathway	GO:0030520		16	3	3.32255475289531	-0.10212170222809921	0.8110355253935493	0.6758810380350535	1	1
androgen receptor signaling pathway	GO:0030521		12	3	2.4919160646714826	0.1855603702236816	1.0184629095493065	0.4686775291554418	1	1
intracellular receptor signaling pathway	GO:0030522		113	20	23.46554294232313	-0.15980081381477731	0.7729992053091383	0.8087272609665398	1	1
adult behavior	GO:0030534		20	1	4.153193441119138	-1.4238775422104186	0.23851075901735286	0.9905159401782357	1	1
collagen catabolic process	GO:0030574		20	5	4.153193441119138	0.1855603702236816	1.0184629095493065	0.4038920990917684	1	1
nuclear body organization	GO:0030575		12	3	2.4919160646714826	0.1855603702236816	1.0184629095493065	0.4686775291554418	1	1
PML body organization	GO:0030578		5	1	1.0382983602797844	-0.03758318109052809	0.8550494879642134	0.687756407879498	1	1
neutrophil chemotaxis	GO:0030593		26	3	5.399151473454879	-0.5876295180098001	0.5304189204269063	0.9165140359719977	1	1
leukocyte chemotaxis	GO:0030595		81	9	16.820433436532507	-0.6253698459926471	0.5123516935775311	0.9872870113405448	1	1
polyketide metabolic process	GO:0030638		10	1	2.076596720559569	-0.7307303616504734	0.46465550092064367	0.9025405781366582	1	1
regulation of cellular pH	GO:0030641		44	13	9.137025570462104	0.3526144548868477	1.1511531360118221	0.0931394275060675	1	1
intracellular phosphate ion homeostasis	GO:0030643		5	0	1.0382983602797844	-Inf	0	1	1	1
aminoglycoside antibiotic metabolic process	GO:0030647		9	1	1.8689370485036119	-0.6253698459926471	0.5123516935775311	0.8769813843064487	1	1
regulation of vitamin metabolic process	GO:0030656		9	1	1.8689370485036119	-0.6253698459926471	0.5123516935775311	0.8769813843064487	1	1
cytoskeleton-dependent intracellular transport	GO:0030705		65	13	13.497878683637197	-0.03758318109052809	0.8550494879642134	0.6094610093053401	1	1
regulation of nucleotide biosynthetic process	GO:0030808		10	2	2.076596720559569	-0.03758318109052809	0.8550494879642134	0.6469486398345623	1	1
positive regulation of nucleotide biosynthetic process	GO:0030810		5	1	1.0382983602797844	-0.03758318109052809	0.8550494879642134	0.687756407879498	1	1
regulation of actin filament length	GO:0030832		60	10	12.459580323357413	-0.21990473788448278	0.7346935242489594	0.7923852669158011	1	1
regulation of actin filament polymerization	GO:0030833		48	6	9.96766425868593	-0.5075868103362637	0.5704932391303862	0.9370697213348268	1	1
regulation of actin filament depolymerization	GO:0030834		18	3	3.7378740970072237	-0.21990473788448264	0.7346935242489595	0.7543060161951124	1	1
negative regulation of actin filament depolymerization	GO:0030835		7	0	1.4536177043916982	-Inf	0	1	1	1
positive regulation of actin filament depolymerization	GO:0030836		9	3	1.8689370485036119	0.47324244267546267	1.2517310839972888	0.2821996753436965	1	1
negative regulation of actin filament polymerization	GO:0030837		15	2	3.114895080839353	-0.4430482891986925	0.6045686331939815	0.8499280422811566	1	1
positive regulation of actin filament polymerization	GO:0030838		25	4	5.1914918013989215	-0.2607267324047378	0.709459778017518	0.733864067829993	1	1
granulocyte differentiation	GO:0030851		10	2	2.076596720559569	-0.03758318109052809	0.8550494879642134	0.6469486398345623	1	1
regulation of granulocyte differentiation	GO:0030852		10	1	2.076596720559569	-0.7307303616504734	0.46465550092064367	0.9025405781366582	1	1
negative regulation of granulocyte differentiation	GO:0030853		5	0	1.0382983602797844	-Inf	0	1	1	1
positive regulation of granulocyte differentiation	GO:0030854		6	1	1.2459580323357413	-0.21990473788448278	0.7346935242489594	0.7526154025838886	1	1
epithelial cell differentiation	GO:0030855		139	17	28.86469441577801	-0.5294058577309037	0.5593306621664734	0.993947036925003	1	1
regulation of epithelial cell differentiation	GO:0030856		63	10	13.082559339525284	-0.26869490205391483	0.7046086633138013	0.8266139761391943	1	1
negative regulation of epithelial cell differentiation	GO:0030857		11	1	2.284256392615526	-0.8260405414547983	0.4248799167694929	0.9025405781366582	1	1
positive regulation of epithelial cell differentiation	GO:0030858		30	4	6.229790161678706	-0.4430482891986925	0.6045686331939815	0.8623881774173159	1	1
polarized epithelial cell differentiation	GO:0030859		13	3	2.6995757367274393	0.10551766255014523	0.9579172596729197	0.5263390908313202	1	1
cortical cytoskeleton organization	GO:0030865		18	3	3.7378740970072237	-0.21990473788448264	0.7346935242489595	0.7543060161951124	1	1
cortical actin cytoskeleton organization	GO:0030866		12	3	2.4919160646714826	0.1855603702236816	1.0184629095493065	0.4686775291554418	1	1
mammary gland development	GO:0030879		15	4	3.114895080839353	0.25009889136125285	1.0687514739090234	0.38067988828058175	1	1
regulation of B cell proliferation	GO:0030888		26	9	5.399151473454879	0.5109827706583097	1.283930417894171	0.0724167984870475	1	1
negative regulation of B cell proliferation	GO:0030889		6	3	1.2459580323357413	0.878707550783627	1.6124283013649316	0.1084805211142787	1	1
positive regulation of B cell proliferation	GO:0030890		19	6	3.9455337690631813	0.41917522140518665	1.2061946638881593	0.18560774187177675	1	1
forebrain development	GO:0030900		38	5	7.891067538126363	-0.4562935159487132	0.597445875675129	0.9078650078447374	1	1
midbrain development	GO:0030901		13	1	2.6995757367274393	-0.9930946261179644	0.3624410396831095	0.9388339804989202	1	1
hindbrain development	GO:0030902		5	1	1.0382983602797844	-0.03758318109052809	0.8550494879642134	0.6058986856255562	1	1
regulation of vascular endothelial growth factor receptor signaling pathway	GO:0030947		16	3	3.32255475289531	-0.10212170222809921	0.8110355253935493	0.6758810380350535	1	1
negative regulation of vascular endothelial growth factor receptor signaling pathway	GO:0030948		5	2	1.0382983602797844	0.6555639994694172	1.4101486239250423	0.2784677966097898	1	1
positive regulation of vascular endothelial growth factor receptor signaling pathway	GO:0030949		11	1	2.284256392615526	-0.8260405414547983	0.4248799167694929	0.9227905796275384	1	1
astral microtubule organization	GO:0030953		10	1	2.076596720559569	-0.7307303616504734	0.46465550092064367	0.9025405781366582	1	1
endoplasmic reticulum unfolded protein response	GO:0030968		32	3	6.64510950579062	-0.7952688827880445	0.4373805543266655	0.9747894029083924	1	1
retrograde protein transport, ER to cytosol	GO:0030970		15	2	3.114895080839353	-0.4430482891986925	0.6045686331939815	0.8499280422811566	1	1
pancreas development	GO:0031016		20	1	4.153193441119138	-1.4238775422104186	0.23851075901735286	0.9848848484905597	1	1
endocrine pancreas development	GO:0031018		11	1	2.284256392615526	-0.8260405414547983	0.4248799167694929	0.9227905796275384	1	1
microtubule organizing center organization	GO:0031023		79	20	16.405114092420593	0.19813915243054175	1.0281637735443905	0.17655354128021264	1	1
actomyosin structure organization	GO:0031032		42	6	8.72170622635019	-0.37405541771174117	0.6427576439377599	0.8947729831217307	1	1
regulatory ncRNA-mediated gene silencing	GO:0031047		62	8	12.874899667469327	-0.47583811202168336	0.5870579010261421	0.949662145818946	1	1
regulatory ncRNA-mediated heterochromatin formation	GO:0031048		5	1	1.0382983602797844	-0.03758318109052809	0.8550494879642134	0.6058986856255562	1	1
primary miRNA processing	GO:0031053		11	2	2.284256392615526	-0.13289336089485304	0.7905889481542714	0.7000405632278557	1	1
pre-miRNA processing	GO:0031054		13	4	2.6995757367274393	0.39319973500192623	1.1845771521468593	0.27647232356917906	1	1
stress-activated protein kinase signaling cascade	GO:0031098		17	2	3.530214424951267	-0.5682114321526985	0.5399204070993384	0.8958039001890645	1	1
regeneration	GO:0031099		7	2	1.4536177043916982	0.3190917628482042	1.123880732467684	0.4442785093143923	1	1
microtubule polymerization or depolymerization	GO:0031109		31	10	6.4374498337346635	0.44045261985247164	1.2240293148036765	0.07555491602982693	1	1
regulation of microtubule polymerization or depolymerization	GO:0031110		57	10	11.836601307189543	-0.16861144349693227	0.7672986081207689	0.7735195518235796	1	1
negative regulation of microtubule polymerization or depolymerization	GO:0031111		22	5	4.568512785231052	0.0902501904193567	0.9466071317499707	0.49328596615142095	1	1
positive regulation of microtubule polymerization or depolymerization	GO:0031112		27	4	5.606811145510836	-0.33768777354086615	0.6636243724392131	0.8419973056911996	1	1
regulation of microtubule polymerization	GO:0031113		43	8	8.929365898406147	-0.10990384267015436	0.8058314266313114	0.695108899378449	1	1
regulation of microtubule depolymerization	GO:0031114		15	2	3.114895080839353	-0.4430482891986925	0.6045686331939815	0.8499280422811566	1	1
negative regulation of microtubule polymerization	GO:0031115		10	3	2.076596720559569	0.3678819270176362	1.1636753669944517	0.3454178811708285	1	1
positive regulation of microtubule polymerization	GO:0031116		24	4	4.983832129342965	-0.21990473788448278	0.7346935242489594	0.7652001365042725	1	1
tRNA pseudouridine synthesis	GO:0031119		5	3	1.0382983602797844	1.0610291075775815	1.782860369115461	0.06394451928365348	1	1
cytoplasmic microtubule organization	GO:0031122		29	2	6.02213048962275	-1.1022939180829565	0.3262878439592867	0.9899749348621376	1	1
RNA 3'-end processing	GO:0031123		41	4	8.514046554294232	-0.7554229742408449	0.45404907650663934	0.9781345064202898	1	1
mRNA 3'-end processing	GO:0031124		20	1	4.153193441119138	-1.4238775422104186	0.23851075901735286	0.9880268984657199	1	1
anaphase-promoting complex-dependent catabolic process	GO:0031145		20	9	4.153193441119138	0.7733470351258007	1.5159224911554763	0.012748893792441646	1	1
SCF-dependent proteasomal ubiquitin-dependent protein catabolic process	GO:0031146		22	2	4.568512785231052	-0.8260405414547983	0.4248799167694929	0.9510815874352324	1	1
metallo-sulfur cluster assembly	GO:0031163		15	3	3.114895080839353	-0.03758318109052809	0.8550494879642134	0.6302483766769817	1	1
rRNA methylation	GO:0031167		14	4	2.9072354087833965	0.3190917628482042	1.123880732467684	0.3283552675545878	1	1
neuron projection development	GO:0031175		128	15	26.58043802316248	-0.5721253314738348	0.537993994758846	0.9971742026584662	1	1
biomineral tissue development	GO:0031214		16	3	3.32255475289531	-0.10212170222809921	0.8110355253935493	0.6758810380350535	1	1
auditory behavior	GO:0031223		9	0	1.8689370485036119	-Inf	0	1	1	1
regulation of pseudopodium assembly	GO:0031272		9	0	1.8689370485036119	-Inf	0	1	1	1
positive regulation of pseudopodium assembly	GO:0031274		9	0	1.8689370485036119	-Inf	0	1	1	1
positive regulation of cyclase activity	GO:0031281		20	6	4.153193441119138	0.3678819270176362	1.1636753669944517	0.18560774187177675	1	1
membrane protein intracellular domain proteolysis	GO:0031293		11	1	2.284256392615526	-0.8260405414547983	0.4248799167694929	0.9025405781366582	1	1
lymphocyte costimulation	GO:0031294		29	6	6.02213048962275	-0.0036816294148469112	0.8787726794625421	0.5773061328048694	1	1
T cell costimulation	GO:0031295		28	5	5.814470817566793	-0.15091186639753132	0.7787800313694351	0.7196520753345008	1	1
replication fork processing	GO:0031297		40	8	8.306386882238275	-0.03758318109052809	0.8550494879642134	0.5788220891434956	1	1
negative regulation of protein-containing complex assembly	GO:0031333		83	20	17.23575278064442	0.1487463971009653	0.9903589585303327	0.22727359713997813	1	1
positive regulation of protein-containing complex assembly	GO:0031334		135	23	28.03405572755418	-0.19792583116570747	0.7485425753492843	0.855689661820928	1	1
regulation of vesicle fusion	GO:0031338		8	2	1.661277376447655	0.18556037022368177	1.0184629095493067	0.5189885297111225	1	1
positive regulation of vesicle fusion	GO:0031340		6	2	1.2459580323357413	0.4732424426754625	1.2517310839972888	0.36346143435754485	1	1
regulation of cell killing	GO:0031341		67	8	13.913198027749111	-0.5533963463675579	0.5472641790721018	0.9765565505763427	1	1
negative regulation of cell killing	GO:0031342		28	2	5.814470817566793	-1.0672025982716864	0.3375241858610443	0.9877287920177849	1	1
positive regulation of cell killing	GO:0031343		34	5	7.060428849902534	-0.34506788083848877	0.6593487065289834	0.8446608236131994	1	1
negative regulation of cell projection organization	GO:0031345		59	11	12.251920651301456	-0.10778743976377658	0.8072444977668513	0.6829641193809155	1	1
positive regulation of cell projection organization	GO:0031346		124	11	25.749799334938654	-0.850531561463094	0.41515869662043164	0.9998387713756791	1	1
negative regulation of defense response	GO:0031348		165	24	34.26384588923288	-0.3560369122090627	0.6530325315921796	0.9810157453154338	1	1
N-terminal protein amino acid modification	GO:0031365		17	3	3.530214424951267	-0.16274632404453418	0.771090171362034	0.7172018988421163	1	1
regulation of protein ubiquitination	GO:0031396		142	27	29.48767343194588	-0.08813546025335948	0.820444610239669	0.6846899598895082	1	1
negative regulation of protein ubiquitination	GO:0031397		54	15	11.213622291021672	0.290920885881508	1.1012048484582468	0.13574159643778322	1	1
positive regulation of protein ubiquitination	GO:0031398		81	11	16.820433436532507	-0.42469915053049606	0.6145469867209361	0.9501601047615664	1	1
negative regulation of protein modification process	GO:0031400		161	37	33.433207201009054	0.10136827900333382	0.9548356961361946	0.24389359346994463	1	1
keratinization	GO:0031424		7	0	1.4536177043916982	-Inf	0	1	1	1
regulation of mRNA 3'-end processing	GO:0031440		8	0	1.661277376447655	-Inf	0	1	1	1
regulation of heterochromatin formation	GO:0031445		7	2	1.4536177043916982	0.3190917628482042	1.123880732467684	0.4442785093143923	1	1
nuclear membrane reassembly	GO:0031468		21	3	4.360853113175095	-0.37405541771174117	0.6427576439377599	0.7172018988421163	1	1
protein-containing complex localization	GO:0031503		47	15	9.760004586629973	0.4297573307357238	1.2150504480956634	0.0489558690058782	1	1
heterochromatin formation	GO:0031507		44	8	9.137025570462104	-0.13289336089485304	0.7905889481542714	0.695108899378449	1	1
ruffle organization	GO:0031529		12	0	2.4919160646714826	-Inf	0	1	1	1
regulation of termination of DNA-templated transcription	GO:0031554		6	0	1.2459580323357413	-Inf	0	1	1	1
DNA integrity checkpoint signaling	GO:0031570		78	16	16.19745442036464	-0.012265373106238426	0.8727273066444295	0.4973683191255285	1	1
mitotic G1 DNA damage checkpoint signaling	GO:0031571		14	6	2.9072354087833965	0.7245568709563687	1.4718161116467272	0.05162431923707651	1	1
mitotic intra-S DNA damage checkpoint signaling	GO:0031573		6	0	1.2459580323357413	-Inf	0	1	1	1
spindle checkpoint signaling	GO:0031577		21	7	4.360853113175095	0.4732424426754625	1.2517310839972888	0.12676500580370131	1	1
membrane raft organization	GO:0031579		16	3	3.32255475289531	-0.10212170222809921	0.8110355253935493	0.6302483766769817	1	1
hemidesmosome assembly	GO:0031581		5	1	1.0382983602797844	-0.03758318109052809	0.8550494879642134	0.687756407879498	1	1
cell-substrate adhesion	GO:0031589		98	22	20.350647861483775	0.0779297060313161	0.9375371781814232	0.37869137438225897	1	1
receptor internalization	GO:0031623		40	5	8.306386882238275	-0.5075868103362637	0.5704932391303862	0.9392270832939187	1	1
zymogen activation	GO:0031638		19	0	3.9455337690631813	-Inf	0	1	1	1
plasminogen activation	GO:0031639		9	0	1.8689370485036119	-Inf	0	1	1	1
killing of cells of another organism	GO:0031640		82	9	17.028093108588465	-0.6376399385844614	0.5065905363549843	0.9724365884989292	1	1
regulation of myelination	GO:0031641		5	1	1.0382983602797844	-0.03758318109052809	0.8550494879642134	0.687756407879498	1	1
regulation of nervous system process	GO:0031644		20	1	4.153193441119138	-1.4238775422104186	0.23851075901735286	0.9848848484905597	1	1
positive regulation of nervous system process	GO:0031646		6	0	1.2459580323357413	-Inf	0	1	1	1
protein destabilization	GO:0031648		38	7	7.891067538126363	-0.11982127932750031	0.799231901207264	0.7012993524379967	1	1
lipopolysaccharide-mediated signaling pathway	GO:0031663		10	2	2.076596720559569	-0.03758318109052809	0.8550494879642134	0.6469486398345623	1	1
regulation of lipopolysaccharide-mediated signaling pathway	GO:0031664		21	5	4.360853113175095	0.13677020605424967	0.9813100281419231	0.3128420019394392	1	1
negative regulation of lipopolysaccharide-mediated signaling pathway	GO:0031665		13	2	2.6995757367274393	-0.29994744555801905	0.6858168500062106	0.6469486398345623	1	1
response to nutrient levels	GO:0031667		162	35	33.640866873065015	0.039606457600601906	0.9096550111318388	0.41059913500370837	1	1
cellular response to nutrient levels	GO:0031669		130	28	26.995757367274393	0.03652479106319383	0.9074348772757529	0.44827775590404517	1	1
cellular response to nutrient	GO:0031670		18	4	3.7378740970072237	0.0677773345672982	0.9301019182460473	0.5316813120771371	1	1
protection from non-homologous end joining at telomere	GO:0031848		5	0	1.0382983602797844	-Inf	0	1	1	1
TOR signaling	GO:0031929		16	5	3.32255475289531	0.4087039215378914	1.197459414183245	0.22519902074631304	1	1
regulation of glucocorticoid metabolic process	GO:0031943		8	0	1.661277376447655	-Inf	0	1	1	1
regulation of glucocorticoid biosynthetic process	GO:0031946		7	0	1.4536177043916982	-Inf	0	1	1	1
regulation of protein autophosphorylation	GO:0031952		12	1	2.4919160646714826	-0.9130519184444281	0.39123986519130494	0.9388339804989202	1	1
positive regulation of protein autophosphorylation	GO:0031954		8	1	1.661277376447655	-0.5075868103362635	0.5704932391303862	0.8447215069503783	1	1
response to corticosteroid	GO:0031960		19	2	3.9455337690631813	-0.6794370672629231	0.4873768597596791	0.9283279489376746	1	1
regulation of fatty acid beta-oxidation	GO:0031998		11	3	2.284256392615526	0.27257174721331123	1.0865570588453881	0.40803498456474274	1	1
positive regulation of fatty acid beta-oxidation	GO:0032000		7	0	1.4536177043916982	-Inf	0	1	1	1
regulation of TOR signaling	GO:0032006		130	24	26.995757367274393	-0.11762588876406445	0.8006896728100366	0.7732706006320413	1	1
negative regulation of TOR signaling	GO:0032007		55	11	11.421281963077629	-0.03758318109052809	0.8550494879642134	0.6088760118871749	1	1
positive regulation of TOR signaling	GO:0032008		66	12	13.705538355693154	-0.1328933608948529	0.7905889481542714	0.743311610586838	1	1
ISG15-protein conjugation	GO:0032020		6	0	1.2459580323357413	-Inf	0	1	1	1
positive regulation of insulin secretion	GO:0032024		19	3	3.9455337690631813	-0.2739719591547587	0.7014093242688044	0.7873782230686989	1	1
mitochondrial DNA metabolic process	GO:0032042		14	3	2.9072354087833965	0.03140969039642335	0.9037570637243312	0.580334678997702	1	1
cardiolipin metabolic process	GO:0032048		9	2	1.8689370485036119	0.0677773345672982	0.9301019182460473	0.5866424881018152	1	1
negative regulation of translation in response to stress	GO:0032055		6	1	1.2459580323357413	-0.21990473788448278	0.7346935242489594	0.7526154025838886	1	1
positive regulation of translation in response to stress	GO:0032056		5	1	1.0382983602797844	-0.03758318109052809	0.8550494879642134	0.687756407879498	1	1
bleb assembly	GO:0032060		7	1	1.4536177043916982	-0.37405541771174117	0.6427576439377599	0.8040048847954714	1	1
regulation of endodeoxyribonuclease activity	GO:0032071		7	3	1.4536177043916982	0.7245568709563687	1.4718161116467272	0.1614187469654273	1	1
positive regulation of nuclease activity	GO:0032075		5	4	1.0382983602797844	1.3487111800293625	2.0582927446325066	0.007744326497388082	1	1
negative regulation of NF-kappaB transcription factor activity	GO:0032088		46	12	9.552344914574016	0.2281199846424775	1.0514827223147898	0.16562229684161542	1	1
negative regulation of protein binding	GO:0032091		42	10	8.72170622635019	0.13677020605424967	0.9813100281419231	0.34031799067939145	1	1
positive regulation of protein binding	GO:0032092		23	4	4.776172457287008	-0.17734512346568673	0.7616766486395636	0.733864067829993	1	1
regulation of response to nutrient levels	GO:0032107		9	2	1.8689370485036119	0.0677773345672982	0.9301019182460473	0.5189885297111225	1	1
activation of protein kinase activity	GO:0032147		31	5	6.4374498337346635	-0.2526945607074737	0.7143744674522063	0.7765621815304163	1	1
activation of protein kinase B activity	GO:0032148		7	1	1.4536177043916982	-0.37405541771174117	0.6427576439377599	0.8040048847954714	1	1
telomere organization	GO:0032200		69	10	14.328517371861025	-0.3596666802596415	0.6509526403382632	0.8931984930623503	1	1
telomere maintenance via semi-conservative replication	GO:0032201		5	1	1.0382983602797844	-0.03758318109052809	0.8550494879642134	0.687756407879498	1	1
regulation of telomere maintenance	GO:0032204		79	6	16.405114092420593	-1.005833651895394	0.3580406990693511	0.999382014797596	1	1
negative regulation of telomere maintenance	GO:0032205		35	4	7.26808852195849	-0.5971989690259507	0.5257880027464992	0.9228843547551815	1	1
positive regulation of telomere maintenance	GO:0032206		46	3	9.552344914574016	-1.158174376477413	0.30911278187914815	0.9981349707927349	1	1
regulation of telomere maintenance via telomerase	GO:0032210		42	5	8.72170622635019	-0.5563769745056957	0.5457800980530012	0.9392270832939187	1	1
negative regulation of telomere maintenance via telomerase	GO:0032211		22	3	4.568512785231052	-0.4205754333466341	0.6168072392922693	0.8166635360254624	1	1
positive regulation of telomere maintenance via telomerase	GO:0032212		19	1	3.9455337690631813	-1.3725842478228683	0.25081318682877285	0.9880268984657199	1	1
regulation of actin filament bundle assembly	GO:0032231		66	9	13.705538355693154	-0.42057543334663394	0.6168072392922693	0.9494558744152437	1	1
negative regulation of actin filament bundle assembly	GO:0032232		21	1	4.360853113175095	-1.4726677063798508	0.2273493330185462	0.9924876578153858	1	1
positive regulation of actin filament bundle assembly	GO:0032233		39	6	8.09872721018232	-0.29994744555801933	0.6858168500062104	0.8488245493589812	1	1
activation of store-operated calcium channel activity	GO:0032237		5	0	1.0382983602797844	-Inf	0	1	1	1
adenosine transport	GO:0032238		5	2	1.0382983602797844	0.6555639994694172	1.4101486239250423	0.2784677966097898	1	1
regulation of nucleobase-containing compound transport	GO:0032239		15	2	3.114895080839353	-0.4430482891986925	0.6045686331939815	0.8499280422811566	1	1
methylation	GO:0032259		96	17	19.93532851737186	-0.15928011606804787	0.7733370172763974	0.7444350515383819	1	1
purine nucleotide salvage	GO:0032261		5	0	1.0382983602797844	-Inf	0	1	1	1
regulation of protein polymerization	GO:0032271		95	14	19.727668845315904	-0.34296483064171	0.6605649731130122	0.9365888706038505	1	1
negative regulation of protein polymerization	GO:0032272		25	5	5.1914918013989215	-0.03758318109052798	0.8550494879642135	0.616237770777419	1	1
positive regulation of protein polymerization	GO:0032273		53	8	11.005962618965716	-0.3189956405287139	0.6745474393912501	0.8589542211265623	1	1
regulation of gonadotropin secretion	GO:0032276		5	0	1.0382983602797844	-Inf	0	1	1	1
regulation of icosanoid secretion	GO:0032303		5	0	1.0382983602797844	-Inf	0	1	1	1
icosanoid secretion	GO:0032309		11	1	2.284256392615526	-0.8260405414547983	0.4248799167694929	0.9025405781366582	1	1
molybdopterin cofactor biosynthetic process	GO:0032324		5	1	1.0382983602797844	-0.03758318109052809	0.8550494879642134	0.687756407879498	1	1
alanine transport	GO:0032328		12	1	2.4919160646714826	-0.9130519184444281	0.39123986519130494	0.9388339804989202	1	1
regulation of chondrocyte differentiation	GO:0032330		13	0	2.6995757367274393	-Inf	0	1	1	1
negative regulation of chondrocyte differentiation	GO:0032331		7	0	1.4536177043916982	-Inf	0	1	1	1
positive regulation of chondrocyte differentiation	GO:0032332		7	0	1.4536177043916982	-Inf	0	1	1	1
regulation of aldosterone metabolic process	GO:0032344		7	0	1.4536177043916982	-Inf	0	1	1	1
regulation of aldosterone biosynthetic process	GO:0032347		7	0	1.4536177043916982	-Inf	0	1	1	1
regulation of hormone metabolic process	GO:0032350		21	0	4.360853113175095	-Inf	0	1	1	1
negative regulation of hormone metabolic process	GO:0032351		7	0	1.4536177043916982	-Inf	0	1	1	1
positive regulation of hormone metabolic process	GO:0032352		8	0	1.661277376447655	-Inf	0	1	1	1
negative regulation of hormone biosynthetic process	GO:0032353		5	0	1.0382983602797844	-Inf	0	1	1	1
response to estradiol	GO:0032355		22	3	4.568512785231052	-0.4205754333466341	0.6168072392922693	0.8650179970290931	1	1
intracellular lipid transport	GO:0032365		26	6	5.399151473454879	0.10551766255014523	0.9579172596729197	0.4615194383436598	1	1
intracellular sterol transport	GO:0032366		16	4	3.32255475289531	0.18556037022368177	1.0184629095493067	0.43250684412533813	1	1
intracellular cholesterol transport	GO:0032367		16	4	3.32255475289531	0.18556037022368177	1.0184629095493067	0.43250684412533813	1	1
regulation of lipid transport	GO:0032368		77	18	15.98979474830868	0.11842106738605297	0.9675365692807969	0.3059330792085656	1	1
negative regulation of lipid transport	GO:0032369		21	7	4.360853113175095	0.4732424426754625	1.2517310839972888	0.12676500580370131	1	1
positive regulation of lipid transport	GO:0032370		46	9	9.552344914574016	-0.05956208780930329	0.8398899606625511	0.6091602052023222	1	1
regulation of sterol transport	GO:0032371		43	12	8.929365898406147	0.29556126543801003	1.1049245611937843	0.16562229684161542	1	1
negative regulation of sterol transport	GO:0032372		10	5	2.076596720559569	0.878707550783627	1.6124283013649316	0.03807919159245748	1	1
positive regulation of sterol transport	GO:0032373		26	5	5.399151473454879	-0.07680389424380936	0.828120501226785	0.653075468975933	1	1
regulation of cholesterol transport	GO:0032374		43	12	8.929365898406147	0.29556126543801003	1.1049245611937843	0.16562229684161542	1	1
negative regulation of cholesterol transport	GO:0032375		10	5	2.076596720559569	0.878707550783627	1.6124283013649316	0.03807919159245748	1	1
positive regulation of cholesterol transport	GO:0032376		26	5	5.399151473454879	-0.07680389424380936	0.828120501226785	0.653075468975933	1	1
regulation of intracellular lipid transport	GO:0032377		8	3	1.661277376447655	0.591025478331846	1.353273052440545	0.22014844812420312	1	1
regulation of intracellular sterol transport	GO:0032380		8	3	1.661277376447655	0.591025478331846	1.353273052440545	0.22014844812420312	1	1
regulation of intracellular cholesterol transport	GO:0032383		8	3	1.661277376447655	0.591025478331846	1.353273052440545	0.22014844812420312	1	1
regulation of intracellular transport	GO:0032386		175	31	36.340442609792454	-0.1589440380947956	0.7735551079543261	0.8378185506382625	1	1
negative regulation of intracellular transport	GO:0032387		40	4	8.306386882238275	-0.7307303616504734	0.46465550092064367	0.9781345064202898	1	1
positive regulation of intracellular transport	GO:0032388		86	22	17.858731796812293	0.20854988844838038	1.036229856832743	0.151215869427296	1	1
melanosome localization	GO:0032400		7	0	1.4536177043916982	-Inf	0	1	1	1
regulation of transporter activity	GO:0032409		77	10	15.98979474830868	-0.469365597516066	0.5904819194995611	0.9550715914312562	1	1
negative regulation of transporter activity	GO:0032410		27	6	5.606811145510836	0.0677773345672982	0.9301019182460473	0.5013022910536353	1	1
positive regulation of transporter activity	GO:0032411		34	3	7.060428849902534	-0.8558935046044795	0.4130570601487032	0.969923304644029	1	1
regulation of monoatomic ion transmembrane transporter activity	GO:0032412		69	10	14.328517371861025	-0.3596666802596415	0.6509526403382632	0.8931984930623503	1	1
negative regulation of ion transmembrane transporter activity	GO:0032413		23	6	4.776172457287008	0.2281199846424775	1.0514827223147898	0.33912231654004465	1	1
positive regulation of ion transmembrane transporter activity	GO:0032414		31	3	6.4374498337346635	-0.7635201844734644	0.4506173724985261	0.9494481283135643	1	1
lysosome localization	GO:0032418		34	3	7.060428849902534	-0.8558935046044795	0.4130570601487032	0.9747894029083924	1	1
regulation of proteasomal ubiquitin-dependent protein catabolic process	GO:0032434		86	15	17.858731796812293	-0.17444236380772543	0.763541994127848	0.7834210323675788	1	1
negative regulation of proteasomal ubiquitin-dependent protein catabolic process	GO:0032435		29	5	6.02213048962275	-0.18600318620880152	0.7561317767125373	0.7493074800281739	1	1
positive regulation of proteasomal ubiquitin-dependent protein catabolic process	GO:0032436		49	12	10.175323930741888	0.16494108302094587	1.0026688499049448	0.28439583647230476	1	1
melanosome organization	GO:0032438		15	4	3.114895080839353	0.25009889136125285	1.0687514739090234	0.38067988828058175	1	1
endocytic recycling	GO:0032456		43	9	8.929365898406147	0.007879192986229145	0.886955977922381	0.5497131552699791	1	1
regulation of protein oligomerization	GO:0032459		5	2	1.0382983602797844	0.6555639994694172	1.4101486239250423	0.2784677966097898	1	1
regulation of cytokinesis	GO:0032465		79	14	16.405114092420593	-0.1585357915081906	0.7738200879968781	0.735699755548171	1	1
positive regulation of cytokinesis	GO:0032467		39	5	8.09872721018232	-0.482269002351974	0.583671700115388	0.8946250793053402	1	1
endoplasmic reticulum calcium ion homeostasis	GO:0032469		18	5	3.7378740970072237	0.290920885881508	1.1012048484582468	0.2682404361592198	1	1
regulation of type I interferon production	GO:0032479		97	14	20.142988189427818	-0.36379891754455196	0.6485910014828588	0.947856381532161	1	1
negative regulation of type I interferon production	GO:0032480		35	6	7.26808852195849	-0.19173386091778638	0.7524772743438592	0.7373666622349946	1	1
positive regulation of type I interferon production	GO:0032481		57	6	11.836601307189543	-0.6794370672629231	0.4873768597596791	0.9846735053905389	1	1
Rap protein signal transduction	GO:0032486		5	1	1.0382983602797844	-0.03758318109052809	0.8550494879642134	0.687756407879498	1	1
regulation of Cdc42 protein signal transduction	GO:0032489		8	2	1.661277376447655	0.18556037022368177	1.0184629095493067	0.5189885297111225	1	1
detection of molecule of bacterial origin	GO:0032490		10	2	2.076596720559569	-0.03758318109052809	0.8550494879642134	0.6469486398345623	1	1
response to bacterial lipoprotein	GO:0032493		5	1	1.0382983602797844	-0.03758318109052809	0.8550494879642134	0.687756407879498	1	1
response to peptidoglycan	GO:0032494		5	0	1.0382983602797844	-Inf	0	1	1	1
response to muramyl dipeptide	GO:0032495		13	2	2.6995757367274393	-0.29994744555801905	0.6858168500062106	0.7463131700423387	1	1
response to lipopolysaccharide	GO:0032496		89	10	18.48171081298016	-0.6141965453945218	0.5176459055045429	0.9909619469827329	1	1
cytokinetic process	GO:0032506		35	4	7.26808852195849	-0.5971989690259507	0.5257880027464992	0.9105414052447596	1	1
maintenance of protein location in cell	GO:0032507		37	4	7.683407866070404	-0.6527688201807615	0.49956277154694617	0.9644376076734115	1	1
endosome transport via multivesicular body sorting pathway	GO:0032509		10	0	2.076596720559569	-Inf	0	1	1	1
endosome to lysosome transport via multivesicular body sorting pathway	GO:0032510		6	0	1.2459580323357413	-Inf	0	1	1	1
response to retinoic acid	GO:0032526		29	3	6.02213048962275	-0.6968288099747922	0.47956777382318216	0.9574058636190244	1	1
protein exit from endoplasmic reticulum	GO:0032527		23	2	4.776172457287008	-0.870492304025632	0.40738318263698703	0.9668305045774548	1	1
microvillus organization	GO:0032528		14	2	2.9072354087833965	-0.37405541771174117	0.6427576439377599	0.8206374202006002	1	1
regulation of microvillus organization	GO:0032530		7	1	1.4536177043916982	-0.37405541771174117	0.6427576439377599	0.8040048847954714	1	1
regulation of cellular component size	GO:0032535		137	21	28.449375071666093	-0.3036037567611296	0.683642861232132	0.9498116922608353	1	1
mitochondrial translation	GO:0032543		22	5	4.568512785231052	0.0902501904193567	0.9466071317499707	0.44906746990504853	1	1
response to progesterone	GO:0032570		11	2	2.284256392615526	-0.13289336089485304	0.7905889481542714	0.6469486398345623	1	1
regulation of chemokine production	GO:0032642		59	11	12.251920651301456	-0.10778743976377658	0.8072444977668513	0.6345001457286512	1	1
regulation of granulocyte macrophage colony-stimulating factor production	GO:0032645		13	2	2.6995757367274393	-0.29994744555801905	0.6858168500062106	0.7463131700423387	1	1
regulation of interferon-alpha production	GO:0032647		22	4	4.568512785231052	-0.13289336089485304	0.7905889481542714	0.6994719172777473	1	1
regulation of interferon-beta production	GO:0032648		43	5	8.929365898406147	-0.5799074719158899	0.5341806011287427	0.9606331411534976	1	1
regulation of type II interferon production	GO:0032649		67	11	13.913198027749111	-0.23494261524902324	0.7253239714731519	0.8349770596093091	1	1
regulation of interleukin-1 beta production	GO:0032651		59	9	12.251920651301456	-0.3084581352259278	0.6807644605134716	0.8775057809241973	1	1
regulation of interleukin-1 production	GO:0032652		69	11	14.328517371861025	-0.2643565004553166	0.7072469160566756	0.8625226964171244	1	1
regulation of interleukin-10 production	GO:0032653		37	5	7.683407866070404	-0.42962526886655167	0.6118554747443877	0.9078650078447374	1	1
regulation of interleukin-12 production	GO:0032655		34	5	7.060428849902534	-0.34506788083848877	0.6593487065289834	0.8631598169542691	1	1
regulation of interleukin-13 production	GO:0032656		12	0	2.4919160646714826	-Inf	0	1	1	1
regulation of interleukin-17 production	GO:0032660		24	3	4.983832129342965	-0.5075868103362637	0.5704932391303862	0.8846910864089581	1	1
regulation of interleukin-2 production	GO:0032663		37	5	7.683407866070404	-0.42962526886655167	0.6118554747443877	0.8946250793053402	1	1
regulation of interleukin-23 production	GO:0032667		5	0	1.0382983602797844	-Inf	0	1	1	1
regulation of interleukin-4 production	GO:0032673		14	2	2.9072354087833965	-0.37405541771174117	0.6427576439377599	0.8206374202006002	1	1
regulation of interleukin-5 production	GO:0032674		10	0	2.076596720559569	-Inf	0	1	1	1
regulation of interleukin-6 production	GO:0032675		81	15	16.820433436532507	-0.11454422222665642	0.8027389619017541	0.7140784443452128	1	1
regulation of interleukin-8 production	GO:0032677		79	12	16.405114092420593	-0.31268647133544886	0.6782646549138196	0.9005149344043927	1	1
regulation of tumor necrosis factor production	GO:0032680		96	13	19.93532851737186	-0.4275441026627272	0.6129914390341019	0.9716565594345232	1	1
negative regulation of chemokine production	GO:0032682		14	1	2.9072354087833965	-1.0672025982716864	0.3375241858610443	0.9515444407761957	1	1
negative regulation of interferon-beta production	GO:0032688		9	1	1.8689370485036119	-0.6253698459926471	0.5123516935775311	0.8769813843064487	1	1
negative regulation of type II interferon production	GO:0032689		22	4	4.568512785231052	-0.13289336089485304	0.7905889481542714	0.661983562527506	1	1
negative regulation of interleukin-1 beta production	GO:0032691		23	4	4.776172457287008	-0.17734512346568673	0.7616766486395636	0.6994719172777473	1	1
negative regulation of interleukin-1 production	GO:0032692		26	5	5.399151473454879	-0.07680389424380936	0.828120501226785	0.616237770777419	1	1
negative regulation of interleukin-10 production	GO:0032693		13	0	2.6995757367274393	-Inf	0	1	1	1
negative regulation of interleukin-12 production	GO:0032695		11	0	2.284256392615526	-Inf	0	1	1	1
negative regulation of interleukin-17 production	GO:0032700		8	0	1.661277376447655	-Inf	0	1	1	1
negative regulation of interleukin-2 production	GO:0032703		17	2	3.530214424951267	-0.5682114321526985	0.5399204070993384	0.8958039001890645	1	1
negative regulation of interleukin-6 production	GO:0032715		22	4	4.568512785231052	-0.13289336089485304	0.7905889481542714	0.6994719172777473	1	1
negative regulation of interleukin-8 production	GO:0032717		14	2	2.9072354087833965	-0.37405541771174117	0.6427576439377599	0.8206374202006002	1	1
negative regulation of tumor necrosis factor production	GO:0032720		41	6	8.514046554294232	-0.3499578661326806	0.6565272400780798	0.8657034844928508	1	1
positive regulation of chemokine production	GO:0032722		48	9	9.96766425868593	-0.10212170222809934	0.8110355253935492	0.6091602052023222	1	1
positive regulation of granulocyte macrophage colony-stimulating factor production	GO:0032725		11	1	2.284256392615526	-0.8260405414547983	0.4248799167694929	0.9227905796275384	1	1
positive regulation of interferon-alpha production	GO:0032727		19	3	3.9455337690631813	-0.2739719591547587	0.7014093242688044	0.7873782230686989	1	1
positive regulation of interferon-beta production	GO:0032728		33	4	6.852769177846577	-0.5383584690030173	0.5548024744357416	0.9336738073264894	1	1
positive regulation of type II interferon production	GO:0032729		45	7	9.344685242518059	-0.28889760937143416	0.6924181421030614	0.8537224740103584	1	1
positive regulation of interleukin-1 beta production	GO:0032731		39	4	8.09872721018232	-0.7054125536661837	0.47575345058804924	0.9742437641076527	1	1
positive regulation of interleukin-1 production	GO:0032732		46	5	9.552344914574016	-0.6473487527114224	0.5020709535360993	0.974905484112176	1	1
positive regulation of interleukin-10 production	GO:0032733		25	4	5.1914918013989215	-0.2607267324047378	0.709459778017518	0.7935739204522448	1	1
positive regulation of interleukin-12 production	GO:0032735		20	4	4.153193441119138	-0.03758318109052809	0.8550494879642134	0.6214281163137048	1	1
positive regulation of interleukin-13 production	GO:0032736		8	0	1.661277376447655	-Inf	0	1	1	1
positive regulation of interleukin-17 production	GO:0032740		17	3	3.530214424951267	-0.16274632404453418	0.771090171362034	0.7172018988421163	1	1
positive regulation of interleukin-2 production	GO:0032743		19	3	3.9455337690631813	-0.2739719591547587	0.7014093242688044	0.7873782230686989	1	1
positive regulation of interleukin-4 production	GO:0032753		9	1	1.8689370485036119	-0.6253698459926471	0.5123516935775311	0.8769813843064487	1	1
positive regulation of interleukin-5 production	GO:0032754		5	0	1.0382983602797844	-Inf	0	1	1	1
positive regulation of interleukin-6 production	GO:0032755		56	11	11.628941635133586	-0.055601686593206495	0.8426086562442177	0.6088760118871749	1	1
positive regulation of interleukin-8 production	GO:0032757		62	10	12.874899667469327	-0.2526945607074737	0.7143744674522063	0.8563504456200566	1	1
positive regulation of tumor necrosis factor production	GO:0032760		54	7	11.213622291021672	-0.4712191661653889	0.5894997340452318	0.9504156139725669	1	1
negative regulation of ATP-dependent activity	GO:0032780		12	3	2.4919160646714826	0.1855603702236816	1.0184629095493065	0.4686775291554418	1	1
positive regulation of ATP-dependent activity	GO:0032781		18	1	3.7378740970072237	-1.3185170265525925	0.26443900870457454	0.9848848484905597	1	1
regulation of DNA-templated transcription elongation	GO:0032784		41	3	8.514046554294232	-1.043105046692626	0.3454471938413426	0.9929535149965234	1	1
negative regulation of DNA-templated transcription, elongation	GO:0032785		20	1	4.153193441119138	-1.4238775422104186	0.23851075901735286	0.9880268984657199	1	1
positive regulation of DNA-templated transcription, elongation	GO:0032786		23	3	4.776172457287008	-0.4650271959174678	0.5927859106230471	0.8650179970290931	1	1
ribosome disassembly	GO:0032790		40	8	8.306386882238275	-0.03758318109052809	0.8550494879642134	0.6098286989334303	1	1
receptor catabolic process	GO:0032801		14	0	2.9072354087833965	-Inf	0	1	1	1
regulation of low-density lipoprotein particle receptor catabolic process	GO:0032803		5	2	1.0382983602797844	0.6555639994694172	1.4101486239250423	0.2784677966097898	1	1
regulation of natural killer cell activation	GO:0032814		17	3	3.530214424951267	-0.16274632404453418	0.771090171362034	0.7172018988421163	1	1
positive regulation of natural killer cell activation	GO:0032816		11	2	2.284256392615526	-0.13289336089485304	0.7905889481542714	0.7000405632278557	1	1
regulation of natural killer cell proliferation	GO:0032817		10	1	2.076596720559569	-0.7307303616504734	0.46465550092064367	0.9025405781366582	1	1
positive regulation of natural killer cell proliferation	GO:0032819		8	0	1.661277376447655	-Inf	0	1	1	1
regulation of CD4-positive, CD25-positive, alpha-beta regulatory T cell differentiation	GO:0032829		6	2	1.2459580323357413	0.4732424426754625	1.2517310839972888	0.36346143435754485	1	1
positive regulation of CD4-positive, CD25-positive, alpha-beta regulatory T cell differentiation	GO:0032831		6	2	1.2459580323357413	0.4732424426754625	1.2517310839972888	0.36346143435754485	1	1
glomerulus development	GO:0032835		6	0	1.2459580323357413	-Inf	0	1	1	1
response to insulin	GO:0032868		58	15	12.0442609792455	0.21946192189936287	1.0447202103818956	0.20954272649031458	1	1
cellular response to insulin stimulus	GO:0032869		51	13	10.5906432748538	0.20497845608078322	1.0334589836337227	0.2486343256054561	1	1
cellular response to hormone stimulus	GO:0032870		194	36	40.285976378855636	-0.11248448926364597	0.8041106347627877	0.7808980285054905	1	1
regulation of stress-activated MAPK cascade	GO:0032872		25	7	5.1914918013989215	0.29888905553068484	1.1075958987652887	0.25037786508338206	1	1
negative regulation of stress-activated MAPK cascade	GO:0032873		5	4	1.0382983602797844	1.3487111800293625	2.0582927446325066	0.007744326497388082	1	1
positive regulation of stress-activated MAPK cascade	GO:0032874		14	2	2.9072354087833965	-0.37405541771174117	0.6427576439377599	0.8206374202006002	1	1
regulation of establishment or maintenance of cell polarity	GO:0032878		15	0	3.114895080839353	-Inf	0	1	1	1
regulation of polysaccharide metabolic process	GO:0032881		26	4	5.399151473454879	-0.29994744555801905	0.6858168500062106	0.7935739204522448	1	1
regulation of polysaccharide biosynthetic process	GO:0032885		23	3	4.776172457287008	-0.4650271959174678	0.5927859106230471	0.8650179970290931	1	1
regulation of microtubule-based process	GO:0032886		171	22	35.509803921568626	-0.4787663718007718	0.5855140670658332	0.9955221996467966	1	1
regulation of organic acid transport	GO:0032890		17	3	3.530214424951267	-0.16274632404453418	0.771090171362034	0.7172018988421163	1	1
negative regulation of organic acid transport	GO:0032891		9	3	1.8689370485036119	0.47324244267546267	1.2517310839972888	0.2821996753436965	1	1
positive regulation of organic acid transport	GO:0032892		6	0	1.2459580323357413	-Inf	0	1	1	1
negative regulation of viral transcription	GO:0032897		15	1	3.114895080839353	-1.1361954697586378	0.3157645429162462	0.969591795111742	1	1
regulation of transforming growth factor beta2 production	GO:0032909		5	1	1.0382983602797844	-0.03758318109052809	0.8550494879642134	0.687756407879498	1	1
circadian regulation of gene expression	GO:0032922		12	1	2.4919160646714826	-0.9130519184444281	0.39123986519130494	0.9388339804989202	1	1
activin receptor signaling pathway	GO:0032924		18	2	3.7378740970072237	-0.6253698459926471	0.5123516935775311	0.8958039001890645	1	1
regulation of activin receptor signaling pathway	GO:0032925		16	5	3.32255475289531	0.4087039215378914	1.197459414183245	0.22519902074631304	1	1
negative regulation of activin receptor signaling pathway	GO:0032926		11	3	2.284256392615526	0.27257174721331123	1.0865570588453881	0.40803498456474274	1	1
regulation of superoxide anion generation	GO:0032928		14	1	2.9072354087833965	-1.0672025982716864	0.3375241858610443	0.9515444407761957	1	1
positive regulation of superoxide anion generation	GO:0032930		14	1	2.9072354087833965	-1.0672025982716864	0.3375241858610443	0.9515444407761957	1	1
SREBP signaling pathway	GO:0032933		8	2	1.661277376447655	0.18556037022368177	1.0184629095493067	0.5189885297111225	1	1
secretion by cell	GO:0032940		128	16	26.58043802316248	-0.5075868103362635	0.5704932391303862	0.9924982480352251	1	1
secretion by tissue	GO:0032941		9	1	1.8689370485036119	-0.6253698459926471	0.5123516935775311	0.8447215069503783	1	1
mononuclear cell proliferation	GO:0032943		16	2	3.32255475289531	-0.5075868103362635	0.5704932391303862	0.8747919000306	1	1
regulation of mononuclear cell proliferation	GO:0032944		116	24	24.088521958491	-0.0036816294148469112	0.8787726794625421	0.5070584221177075	1	1
negative regulation of mononuclear cell proliferation	GO:0032945		38	6	7.891067538126363	-0.2739719591547587	0.7014093242688044	0.7876625109245161	1	1
positive regulation of mononuclear cell proliferation	GO:0032946		76	16	15.782135076252725	0.013710113297022255	0.8911012527496509	0.520877192001312	1	1
regulation of cytokinetic process	GO:0032954		6	0	1.2459580323357413	-Inf	0	1	1	1
regulation of actin cytoskeleton organization	GO:0032956		174	29	36.13278293773649	-0.21990473788448264	0.7346935242489595	0.9043184599153663	1	1
collagen metabolic process	GO:0032963		32	7	6.64510950579062	0.052028977599159025	0.9186378848656271	0.5079441405845302	1	1
collagen biosynthetic process	GO:0032964		8	2	1.661277376447655	0.18556037022368177	1.0184629095493067	0.5189885297111225	1	1
regulation of collagen biosynthetic process	GO:0032965		15	2	3.114895080839353	-0.4430482891986925	0.6045686331939815	0.8499280422811566	1	1
positive regulation of collagen biosynthetic process	GO:0032967		12	1	2.4919160646714826	-0.9130519184444281	0.39123986519130494	0.9388339804989202	1	1
positive regulation of transcription elongation by RNA polymerase II	GO:0032968		16	0	3.32255475289531	-Inf	0	1	1	1
regulation of actin filament-based process	GO:0032970		198	31	41.116615067079465	-0.2824250948658168	0.6963066724270269	0.9626126317967616	1	1
mitochondrial respiratory chain complex I assembly	GO:0032981		32	10	6.64510950579062	0.4087039215378914	1.197459414183245	0.09161706830871552	1	1
protein-containing complex disassembly	GO:0032984		100	17	20.765967205595686	-0.200102110588303	0.74716310561988	0.7911632185238965	1	1
protein-DNA complex disassembly	GO:0032986		20	4	4.153193441119138	-0.03758318109052809	0.8550494879642134	0.6214281163137048	1	1
protein-RNA complex disassembly	GO:0032988		6	1	1.2459580323357413	-0.21990473788448278	0.7346935242489594	0.7526154025838886	1	1
cellular component morphogenesis	GO:0032989		20	2	4.153193441119138	-0.7307303616504734	0.46465550092064367	0.9407351059279203	1	1
regulation of mast cell activation	GO:0033003		7	2	1.4536177043916982	0.3190917628482042	1.123880732467684	0.4442785093143923	1	1
tetrapyrrole metabolic process	GO:0033013		38	14	7.891067538126363	0.573325901232445	1.3378214494053917	0.0073825267877161305	1	1
tetrapyrrole biosynthetic process	GO:0033014		18	7	3.7378740970072237	0.6273931225027208	1.3852219729765114	0.06114614100470825	1	1
tetrapyrrole catabolic process	GO:0033015		11	4	2.284256392615526	0.5602538196650922	1.3264517770645412	0.09604599368521607	1	1
regulation of myeloid cell apoptotic process	GO:0033032		10	1	2.076596720559569	-0.7307303616504734	0.46465550092064367	0.9025405781366582	1	1
negative regulation of myeloid cell apoptotic process	GO:0033033		5	1	1.0382983602797844	-0.03758318109052809	0.8550494879642134	0.687756407879498	1	1
positive regulation of myeloid cell apoptotic process	GO:0033034		5	0	1.0382983602797844	-Inf	0	1	1	1
regulation of chromosome organization	GO:0033044		178	28	36.96342162596032	-0.27772430877330895	0.6991408716500668	0.951089758656199	1	1
regulation of sister chromatid segregation	GO:0033045		60	17	12.459580323357413	0.31072351317768776	1.117121350041668	0.08940802208625717	1	1
negative regulation of sister chromatid segregation	GO:0033046		22	8	4.568512785231052	0.5602538196650922	1.3264517770645412	0.06780189249525295	1	1
regulation of mitotic sister chromatid segregation	GO:0033047		44	12	9.137025570462104	0.27257174721331123	1.0865570588453881	0.16562229684161542	1	1
negative regulation of mitotic sister chromatid segregation	GO:0033048		22	8	4.568512785231052	0.5602538196650922	1.3264517770645412	0.06780189249525295	1	1
cellular pigmentation	GO:0033059		23	4	4.776172457287008	-0.17734512346568673	0.7616766486395636	0.733864067829993	1	1
mitochondrial respiratory chain complex assembly	GO:0033108		69	21	14.328517371861025	0.38227066446973584	1.1755337124879146	0.027466640717079195	1	1
negative regulation of RNA splicing	GO:0033119		17	3	3.530214424951267	-0.16274632404453418	0.771090171362034	0.7172018988421163	1	1
positive regulation of RNA splicing	GO:0033120		22	3	4.568512785231052	-0.4205754333466341	0.6168072392922693	0.8424435316084549	1	1
regulation of peptidyl-serine phosphorylation	GO:0033135		26	4	5.399151473454879	-0.29994744555801905	0.6858168500062106	0.7935739204522448	1	1
negative regulation of peptidyl-serine phosphorylation	GO:0033137		5	2	1.0382983602797844	0.6555639994694172	1.4101486239250423	0.2784677966097898	1	1
positive regulation of peptidyl-serine phosphorylation	GO:0033138		20	2	4.153193441119138	-0.7307303616504734	0.46465550092064367	0.9283279489376746	1	1
regulation of intracellular steroid hormone receptor signaling pathway	GO:0033143		55	14	11.421281963077629	0.20357887572635988	1.0323742033337653	0.21718819389128852	1	1
negative regulation of intracellular steroid hormone receptor signaling pathway	GO:0033144		26	8	5.399151473454879	0.39319973500192623	1.1845771521468593	0.15424688492966396	1	1
positive regulation of intracellular steroid hormone receptor signaling pathway	GO:0033145		11	3	2.284256392615526	0.27257174721331123	1.0865570588453881	0.3454178811708285	1	1
regulation of intracellular estrogen receptor signaling pathway	GO:0033146		25	5	5.1914918013989215	-0.03758318109052798	0.8550494879642135	0.5771837244585964	1	1
negative regulation of intracellular estrogen receptor signaling pathway	GO:0033147		9	2	1.8689370485036119	0.0677773345672982	0.9301019182460473	0.5866424881018152	1	1
positive regulation of intracellular estrogen receptor signaling pathway	GO:0033148		9	2	1.8689370485036119	0.0677773345672982	0.9301019182460473	0.5189885297111225	1	1
V(D)J recombination	GO:0033151		7	0	1.4536177043916982	-Inf	0	1	1	1
regulation of intracellular protein transport	GO:0033157		93	21	19.312349501203993	0.08377767591373922	0.9418358877123467	0.371974457659052	1	1
calcineurin-NFAT signaling cascade	GO:0033173		10	2	2.076596720559569	-0.03758318109052809	0.8550494879642134	0.5866424881018152	1	1
response to hydroperoxide	GO:0033194		7	2	1.4536177043916982	0.3190917628482042	1.123880732467684	0.4442785093143923	1	1
response to ATP	GO:0033198		18	3	3.7378740970072237	-0.21990473788448264	0.7346935242489595	0.7172018988421163	1	1
tumor necrosis factor-mediated signaling pathway	GO:0033209		38	9	7.891067538126363	0.13149314895340566	0.9773376058113544	0.3896810093850732	1	1
adiponectin-activated signaling pathway	GO:0033211		5	1	1.0382983602797844	-0.03758318109052809	0.8550494879642134	0.687756407879498	1	1
iron import into cell	GO:0033212		5	1	1.0382983602797844	-0.03758318109052809	0.8550494879642134	0.687756407879498	1	1
regulation of protein sumoylation	GO:0033233		16	2	3.32255475289531	-0.5075868103362635	0.5704932391303862	0.8747919000306	1	1
negative regulation of protein sumoylation	GO:0033234		6	1	1.2459580323357413	-0.21990473788448278	0.7346935242489594	0.7526154025838886	1	1
positive regulation of protein sumoylation	GO:0033235		10	1	2.076596720559569	-0.7307303616504734	0.46465550092064367	0.9025405781366582	1	1
regulation of amine metabolic process	GO:0033238		6	1	1.2459580323357413	-0.21990473788448278	0.7346935242489594	0.7526154025838886	1	1
nuclear DNA replication	GO:0033260		11	2	2.284256392615526	-0.13289336089485304	0.7905889481542714	0.7000405632278557	1	1
regulation of nuclear cell cycle DNA replication	GO:0033262		7	0	1.4536177043916982	-Inf	0	1	1	1
response to vitamin	GO:0033273		14	2	2.9072354087833965	-0.37405541771174117	0.6427576439377599	0.8206374202006002	1	1
actin-myosin filament sliding	GO:0033275		8	0	1.661277376447655	-Inf	0	1	1	1
response to vitamin D	GO:0033280		9	1	1.8689370485036119	-0.6253698459926471	0.5123516935775311	0.8769813843064487	1	1
cholesterol efflux	GO:0033344		21	8	4.360853113175095	0.6067738352999852	1.3670753734018888	0.052362833056600236	1	1
secretory granule organization	GO:0033363		9	1	1.8689370485036119	-0.6253698459926471	0.5123516935775311	0.8769813843064487	1	1
carbohydrate homeostasis	GO:0033500		48	8	9.96766425868593	-0.21990473788448278	0.7346935242489594	0.7885990284673942	1	1
fatty acid beta-oxidation using acyl-CoA dehydrogenase	GO:0033539		9	4	1.8689370485036119	0.7609245151272435	1.5046554115250335	0.09604599368521607	1	1
fatty acid beta-oxidation using acyl-CoA oxidase	GO:0033540		11	3	2.284256392615526	0.27257174721331123	1.0865570588453881	0.40803498456474274	1	1
unsaturated fatty acid metabolic process	GO:0033559		74	15	15.366815732140807	-0.024160160758387346	0.8643933696100836	0.5879208215338972	1	1
transferrin transport	GO:0033572		10	0	2.076596720559569	-Inf	0	1	1	1
regulation of mammary gland epithelial cell proliferation	GO:0033599		8	3	1.661277376447655	0.591025478331846	1.353273052440545	0.22014844812420312	1	1
negative regulation of catecholamine secretion	GO:0033604		5	1	1.0382983602797844	-0.03758318109052809	0.8550494879642134	0.687756407879498	1	1
mitochondrial proton-transporting ATP synthase complex assembly	GO:0033615		6	2	1.2459580323357413	0.4732424426754625	1.2517310839972888	0.2784677966097898	1	1
mitochondrial cytochrome c oxidase assembly	GO:0033617		21	7	4.360853113175095	0.4732424426754625	1.2517310839972888	0.12676500580370131	1	1
membrane protein proteolysis	GO:0033619		31	7	6.4374498337346635	0.08377767591373922	0.9418358877123467	0.43439477395649384	1	1
integrin activation	GO:0033622		8	2	1.661277376447655	0.18556037022368177	1.0184629095493067	0.5189885297111225	1	1
regulation of integrin activation	GO:0033623		13	2	2.6995757367274393	-0.29994744555801905	0.6858168500062106	0.7863084571716146	1	1
positive regulation of integrin activation	GO:0033625		8	1	1.661277376447655	-0.5075868103362635	0.5704932391303862	0.8447215069503783	1	1
cell adhesion mediated by integrin	GO:0033627		18	4	3.7378740970072237	0.0677773345672982	0.9301019182460473	0.5316813120771371	1	1
regulation of cell adhesion mediated by integrin	GO:0033628		30	3	6.229790161678706	-0.7307303616504734	0.46465550092064367	0.9641766692182933	1	1
negative regulation of cell adhesion mediated by integrin	GO:0033629		8	0	1.661277376447655	-Inf	0	1	1	1
positive regulation of cell adhesion mediated by integrin	GO:0033630		11	2	2.284256392615526	-0.13289336089485304	0.7905889481542714	0.7000405632278557	1	1
regulation of cell-cell adhesion mediated by integrin	GO:0033632		8	2	1.661277376447655	0.18556037022368177	1.0184629095493067	0.5189885297111225	1	1
negative regulation of kinase activity	GO:0033673		73	14	15.159156060084852	-0.07954738018956027	0.8262577741630222	0.6548901400849231	1	1
positive regulation of kinase activity	GO:0033674		129	19	26.78809769521844	-0.3435186938516595	0.6602444897554922	0.9587881143184538	1	1
regulation of osteoblast proliferation	GO:0033688		11	3	2.284256392615526	0.27257174721331123	1.0865570588453881	0.40803498456474274	1	1
negative regulation of osteoblast proliferation	GO:0033689		6	1	1.2459580323357413	-0.21990473788448278	0.7346935242489594	0.7526154025838886	1	1
phospholipid efflux	GO:0033700		11	4	2.284256392615526	0.5602538196650922	1.3264517770645412	0.17843893878705638	1	1
nucleoside bisphosphate metabolic process	GO:0033865		16	3	3.32255475289531	-0.10212170222809921	0.8110355253935493	0.6758810380350535	1	1
ribonucleoside bisphosphate metabolic process	GO:0033875		16	3	3.32255475289531	-0.10212170222809921	0.8110355253935493	0.6758810380350535	1	1
P-body assembly	GO:0033962		8	1	1.661277376447655	-0.5075868103362635	0.5704932391303862	0.8040048847954714	1	1
purine nucleoside bisphosphate metabolic process	GO:0034032		16	3	3.32255475289531	-0.10212170222809921	0.8110355253935493	0.6758810380350535	1	1
purine ribonucleoside bisphosphate metabolic process	GO:0034035		16	3	3.32255475289531	-0.10212170222809921	0.8110355253935493	0.6758810380350535	1	1
endosomal vesicle fusion	GO:0034058		11	2	2.284256392615526	-0.13289336089485304	0.7905889481542714	0.6469486398345623	1	1
stress granule assembly	GO:0034063		18	3	3.7378740970072237	-0.21990473788448264	0.7346935242489595	0.7543060161951124	1	1
protein localization to Golgi apparatus	GO:0034067		25	7	5.1914918013989215	0.29888905553068484	1.1075958987652887	0.2164112139622073	1	1
regulation of maintenance of sister chromatid cohesion	GO:0034091		9	4	1.8689370485036119	0.7609245151272435	1.5046554115250335	0.09604599368521607	1	1
positive regulation of maintenance of sister chromatid cohesion	GO:0034093		6	3	1.2459580323357413	0.878707550783627	1.6124283013649316	0.1084805211142787	1	1
erythrocyte homeostasis	GO:0034101		27	11	5.606811145510836	0.6739131381376137	1.4264654118483726	0.014453977923637241	1	1
regulation of tissue remodeling	GO:0034103		21	2	4.360853113175095	-0.7795205258199055	0.4439030386300918	0.9407351059279203	1	1
negative regulation of tissue remodeling	GO:0034104		5	1	1.0382983602797844	-0.03758318109052809	0.8550494879642134	0.6058986856255562	1	1
positive regulation of tissue remodeling	GO:0034105		8	0	1.661277376447655	-Inf	0	1	1	1
homotypic cell-cell adhesion	GO:0034109		28	3	5.814470817566793	-0.661737490163522	0.4954358756915953	0.9494481283135643	1	1
regulation of homotypic cell-cell adhesion	GO:0034110		25	1	5.1914918013989215	-1.6470210935246283	0.19145115443050073	0.9970431163891439	1	1
negative regulation of homotypic cell-cell adhesion	GO:0034111		6	1	1.2459580323357413	-0.21990473788448278	0.7346935242489594	0.7526154025838886	1	1
positive regulation of homotypic cell-cell adhesion	GO:0034112		16	0	3.32255475289531	-Inf	0	1	1	1
heterotypic cell-cell adhesion	GO:0034113		25	4	5.1914918013989215	-0.2607267324047378	0.709459778017518	0.7935739204522448	1	1
regulation of heterotypic cell-cell adhesion	GO:0034114		22	1	4.568512785231052	-1.5191877220147436	0.2171783289133837	0.9940495488315544	1	1
negative regulation of heterotypic cell-cell adhesion	GO:0034115		8	1	1.661277376447655	-0.5075868103362635	0.5704932391303862	0.8447215069503783	1	1
positive regulation of heterotypic cell-cell adhesion	GO:0034116		13	0	2.6995757367274393	-Inf	0	1	1	1
regulation of toll-like receptor signaling pathway	GO:0034121		18	3	3.7378740970072237	-0.21990473788448264	0.7346935242489595	0.7543060161951124	1	1
negative regulation of toll-like receptor signaling pathway	GO:0034122		9	1	1.8689370485036119	-0.6253698459926471	0.5123516935775311	0.8769813843064487	1	1
regulation of toll-like receptor 2 signaling pathway	GO:0034135		7	0	1.4536177043916982	-Inf	0	1	1	1
positive regulation of toll-like receptor 2 signaling pathway	GO:0034137		6	0	1.2459580323357413	-Inf	0	1	1	1
toll-like receptor 3 signaling pathway	GO:0034138		10	1	2.076596720559569	-0.7307303616504734	0.46465550092064367	0.9025405781366582	1	1
regulation of toll-like receptor 3 signaling pathway	GO:0034139		9	2	1.8689370485036119	0.0677773345672982	0.9301019182460473	0.5866424881018152	1	1
positive regulation of toll-like receptor 3 signaling pathway	GO:0034141		6	2	1.2459580323357413	0.4732424426754625	1.2517310839972888	0.36346143435754485	1	1
toll-like receptor 4 signaling pathway	GO:0034142		23	1	4.776172457287008	-1.5636394845855774	0.20787237682516796	0.9924876578153858	1	1
regulation of toll-like receptor 4 signaling pathway	GO:0034143		20	4	4.153193441119138	-0.03758318109052809	0.8550494879642134	0.5779209128693176	1	1
negative regulation of toll-like receptor 4 signaling pathway	GO:0034144		9	2	1.8689370485036119	0.0677773345672982	0.9301019182460473	0.5189885297111225	1	1
positive regulation of toll-like receptor 4 signaling pathway	GO:0034145		10	1	2.076596720559569	-0.7307303616504734	0.46465550092064367	0.8769813843064487	1	1
regulation of toll-like receptor 7 signaling pathway	GO:0034155		5	0	1.0382983602797844	-Inf	0	1	1	1
toll-like receptor 9 signaling pathway	GO:0034162		5	0	1.0382983602797844	-Inf	0	1	1	1
regulation of toll-like receptor 9 signaling pathway	GO:0034163		6	1	1.2459580323357413	-0.21990473788448278	0.7346935242489594	0.7526154025838886	1	1
regulation of maintenance of mitotic sister chromatid cohesion	GO:0034182		9	4	1.8689370485036119	0.7609245151272435	1.5046554115250335	0.09604599368521607	1	1
positive regulation of maintenance of mitotic sister chromatid cohesion	GO:0034184		6	3	1.2459580323357413	0.878707550783627	1.6124283013649316	0.1084805211142787	1	1
cellular response to amino acid starvation	GO:0034198		44	11	9.137025570462104	0.1855603702236816	1.0184629095493065	0.2968337079924216	1	1
lipid translocation	GO:0034204		24	5	4.983832129342965	0.003238813429726966	0.8836656273277367	0.5361092021545812	1	1
amyloid-beta formation	GO:0034205		9	4	1.8689370485036119	0.7609245151272435	1.5046554115250335	0.09604599368521607	1	1
protein hexamerization	GO:0034214		7	1	1.4536177043916982	-0.37405541771174117	0.6427576439377599	0.8040048847954714	1	1
carbohydrate transmembrane transport	GO:0034219		33	7	6.852769177846577	0.02125731893240536	0.8964843753688214	0.5079441405845302	1	1
regulation of transcription elongation by RNA polymerase II	GO:0034243		31	1	6.4374498337346635	-1.862132473141574	0.15472295328199728	0.9988364411480148	1	1
negative regulation of transcription elongation by RNA polymerase II	GO:0034244		16	1	3.32255475289531	-1.200733990896209	0.296605097562714	0.9759117881171515	1	1
regulation of amide metabolic process	GO:0034248		45	15	9.344685242518059	0.47324244267546267	1.2517310839972888	0.027779841626101243	1	1
negative regulation of amide metabolic process	GO:0034249		19	7	3.9455337690631813	0.573325901232445	1.3378214494053917	0.0800583821915428	1	1
positive regulation of amide metabolic process	GO:0034250		16	3	3.32255475289531	-0.10212170222809921	0.8110355253935493	0.6302483766769817	1	1
negative regulation of GTPase activity	GO:0034260		14	4	2.9072354087833965	0.3190917628482042	1.123880732467684	0.3283552675545878	1	1
response to monosaccharide	GO:0034284		22	4	4.568512785231052	-0.13289336089485304	0.7905889481542714	0.6994719172777473	1	1
primary alcohol metabolic process	GO:0034308		45	9	9.344685242518059	-0.03758318109052809	0.8550494879642134	0.6091602052023222	1	1
primary alcohol catabolic process	GO:0034310		12	2	2.4919160646714826	-0.21990473788448278	0.7346935242489594	0.7463131700423387	1	1
diol metabolic process	GO:0034311		25	6	5.1914918013989215	0.14473837570342668	0.9873254163355113	0.42096753918330476	1	1
diol biosynthetic process	GO:0034312		18	5	3.7378740970072237	0.290920885881508	1.1012048484582468	0.3128420019394392	1	1
Arp2/3 complex-mediated actin nucleation	GO:0034314		11	1	2.284256392615526	-0.8260405414547983	0.4248799167694929	0.9025405781366582	1	1
regulation of Arp2/3 complex-mediated actin nucleation	GO:0034315		9	2	1.8689370485036119	0.0677773345672982	0.9301019182460473	0.5866424881018152	1	1
cell junction assembly	GO:0034329		124	15	25.749799334938654	-0.5403766331592547	0.5537858614724787	0.9948125385459401	1	1
cell junction organization	GO:0034330		181	21	37.5864006421282	-0.5821198621988306	0.533100603093225	0.99926934732806	1	1
cell junction maintenance	GO:0034331		17	3	3.530214424951267	-0.16274632404453418	0.771090171362034	0.7172018988421163	1	1
adherens junction organization	GO:0034332		18	1	3.7378740970072237	-1.3185170265525925	0.26443900870457454	0.9848848484905597	1	1
adherens junction assembly	GO:0034333		10	1	2.076596720559569	-0.7307303616504734	0.46465550092064367	0.9025405781366582	1	1
adherens junction maintenance	GO:0034334		6	0	1.2459580323357413	-Inf	0	1	1	1
response to type I interferon	GO:0034340		24	0	4.983832129342965	-Inf	0	1	1	1
response to type II interferon	GO:0034341		51	8	10.5906432748538	-0.28052935970091747	0.6974486292487293	0.8434113076860921	1	1
regulation of glial cell apoptotic process	GO:0034350		6	1	1.2459580323357413	-0.21990473788448278	0.7346935242489594	0.7526154025838886	1	1
negative regulation of glial cell apoptotic process	GO:0034351		6	1	1.2459580323357413	-0.21990473788448278	0.7346935242489594	0.7526154025838886	1	1
protein-containing complex remodeling	GO:0034367		25	4	5.1914918013989215	-0.2607267324047378	0.709459778017518	0.7652001365042725	1	1
protein-lipid complex remodeling	GO:0034368		24	4	4.983832129342965	-0.21990473788448278	0.7346935242489594	0.733864067829993	1	1
plasma lipoprotein particle remodeling	GO:0034369		24	4	4.983832129342965	-0.21990473788448278	0.7346935242489594	0.733864067829993	1	1
triglyceride-rich lipoprotein particle remodeling	GO:0034370		9	2	1.8689370485036119	0.0677773345672982	0.9301019182460473	0.5866424881018152	1	1
very-low-density lipoprotein particle remodeling	GO:0034372		8	2	1.661277376447655	0.18556037022368177	1.0184629095493067	0.5189885297111225	1	1
low-density lipoprotein particle remodeling	GO:0034374		9	1	1.8689370485036119	-0.6253698459926471	0.5123516935775311	0.8447215069503783	1	1
high-density lipoprotein particle remodeling	GO:0034375		13	2	2.6995757367274393	-0.29994744555801905	0.6858168500062106	0.7463131700423387	1	1
plasma lipoprotein particle assembly	GO:0034377		18	7	3.7378740970072237	0.6273931225027208	1.3852219729765114	0.06114614100470825	1	1
very-low-density lipoprotein particle assembly	GO:0034379		8	3	1.661277376447655	0.591025478331846	1.353273052440545	0.22014844812420312	1	1
high-density lipoprotein particle assembly	GO:0034380		9	4	1.8689370485036119	0.7609245151272435	1.5046554115250335	0.09604599368521607	1	1
plasma lipoprotein particle clearance	GO:0034381		21	8	4.360853113175095	0.6067738352999852	1.3670753734018888	0.03937599766002508	1	1
chylomicron remnant clearance	GO:0034382		5	3	1.0382983602797844	1.0610291075775815	1.782860369115461	0.06394451928365348	1	1
low-density lipoprotein particle clearance	GO:0034383		11	4	2.284256392615526	0.5602538196650922	1.3264517770645412	0.17843893878705638	1	1
high-density lipoprotein particle clearance	GO:0034384		5	3	1.0382983602797844	1.0610291075775815	1.782860369115461	0.06394451928365348	1	1
lipid droplet organization	GO:0034389		30	6	6.229790161678706	-0.03758318109052809	0.8550494879642134	0.6130339725169629	1	1
regulation of smooth muscle cell apoptotic process	GO:0034391		16	3	3.32255475289531	-0.10212170222809921	0.8110355253935493	0.6758810380350535	1	1
negative regulation of smooth muscle cell apoptotic process	GO:0034392		8	2	1.661277376447655	0.18556037022368177	1.0184629095493067	0.5189885297111225	1	1
positive regulation of smooth muscle cell apoptotic process	GO:0034393		8	1	1.661277376447655	-0.5075868103362635	0.5704932391303862	0.8447215069503783	1	1
protein localization to cell surface	GO:0034394		16	5	3.32255475289531	0.4087039215378914	1.197459414183245	0.22519902074631304	1	1
nucleobase-containing small molecule biosynthetic process	GO:0034404		10	4	2.076596720559569	0.6555639994694172	1.4101486239250423	0.1346905284137217	1	1
response to fluid shear stress	GO:0034405		25	5	5.1914918013989215	-0.03758318109052798	0.8550494879642135	0.616237770777419	1	1
lipid oxidation	GO:0034440		54	19	11.213622291021672	0.5273096639457384	1.2979612448334716	0.007997583720852533	1	1
substrate adhesion-dependent cell spreading	GO:0034446		24	6	4.983832129342965	0.1855603702236816	1.0184629095493065	0.3800260173993231	1	1
microtubule anchoring	GO:0034453		14	1	2.9072354087833965	-1.0672025982716864	0.3375241858610443	0.961614211589703	1	1
microtubule anchoring at centrosome	GO:0034454		7	1	1.4536177043916982	-0.37405541771174117	0.6427576439377599	0.8040048847954714	1	1
snRNA 3'-end processing	GO:0034472		5	0	1.0382983602797844	-Inf	0	1	1	1
vacuolar transmembrane transport	GO:0034486		6	2	1.2459580323357413	0.4732424426754625	1.2517310839972888	0.36346143435754485	1	1
protein localization to phagophore assembly site	GO:0034497		10	3	2.076596720559569	0.3678819270176362	1.1636753669944517	0.3454178811708285	1	1
early endosome to Golgi transport	GO:0034498		15	2	3.114895080839353	-0.4430482891986925	0.6045686331939815	0.8206374202006002	1	1
protein localization to kinetochore	GO:0034501		11	2	2.284256392615526	-0.13289336089485304	0.7905889481542714	0.7000405632278557	1	1
protein localization to chromosome	GO:0034502		77	12	15.98979474830868	-0.28704404072211137	0.6935300777566353	0.8684574771104434	1	1
protein localization to nucleus	GO:0034504		100	20	20.765967205595686	-0.03758318109052798	0.8550494879642135	0.6144569795560915	1	1
tooth mineralization	GO:0034505		7	1	1.4536177043916982	-0.37405541771174117	0.6427576439377599	0.8040048847954714	1	1
centromere complex assembly	GO:0034508		10	2	2.076596720559569	-0.03758318109052809	0.8550494879642134	0.6469486398345623	1	1
mitochondrial respiratory chain complex III assembly	GO:0034551		10	4	2.076596720559569	0.6555639994694172	1.4101486239250423	0.1346905284137217	1	1
cellular response to oxidative stress	GO:0034599		130	29	26.995757367274393	0.0716161108744639	0.9329091948067165	0.36508612237869187	1	1
cellular response to heat	GO:0034605		29	6	6.02213048962275	-0.0036816294148469112	0.8787726794625421	0.5399889425367187	1	1
response to tumor necrosis factor	GO:0034612		85	16	17.651072124756336	-0.09820780290696297	0.8136612948910159	0.7117915585494419	1	1
cellular response to reactive oxygen species	GO:0034614		67	14	13.913198027749111	0.006219441567864921	0.885778227191315	0.5379977332382995	1	1
response to laminar fluid shear stress	GO:0034616		17	3	3.530214424951267	-0.16274632404453418	0.771090171362034	0.7172018988421163	1	1
cellular response to unfolded protein	GO:0034620		46	8	9.552344914574016	-0.17734512346568673	0.7616766486395636	0.7674542599810802	1	1
phosphatidylcholine catabolic process	GO:0034638		9	0	1.8689370485036119	-Inf	0	1	1	1
establishment of mitochondrion localization, microtubule-mediated	GO:0034643		14	2	2.9072354087833965	-0.37405541771174117	0.6427576439377599	0.8206374202006002	1	1
cellular response to UV	GO:0034644		71	15	14.74383671597294	0.01722505540446693	0.8936058384083265	0.49275601929140045	1	1
nucleobase-containing small molecule catabolic process	GO:0034656		18	4	3.7378740970072237	0.0677773345672982	0.9301019182460473	0.5316813120771371	1	1
response to prostaglandin	GO:0034694		17	2	3.530214424951267	-0.5682114321526985	0.5399204070993384	0.8958039001890645	1	1
response to prostaglandin E	GO:0034695		11	2	2.284256392615526	-0.13289336089485304	0.7905889481542714	0.7000405632278557	1	1
response to gonadotropin	GO:0034698		6	1	1.2459580323357413	-0.21990473788448278	0.7346935242489594	0.7526154025838886	1	1
nucleosome organization	GO:0034728		58	9	12.0442609792455	-0.29136370186662774	0.6909408056063614	0.8642974253022048	1	1
iron ion transmembrane transport	GO:0034755		9	2	1.8689370485036119	0.0677773345672982	0.9301019182460473	0.5866424881018152	1	1
negative regulation of transmembrane transport	GO:0034763		66	11	13.705538355693154	-0.21990473788448278	0.7346935242489594	0.8196994847722302	1	1
positive regulation of transmembrane transport	GO:0034764		100	15	20.765967205595686	-0.3252652535423089	0.6708686990356655	0.9030395286422831	1	1
regulation of monoatomic ion transmembrane transport	GO:0034765		169	21	35.09448457745672	-0.5135215458560785	0.5674392327667976	0.9963964964044699	1	1
negative regulation of monoatomic ion transmembrane transport	GO:0034766		48	8	9.96766425868593	-0.21990473788448278	0.7346935242489594	0.7885990284673942	1	1
positive regulation of monoatomic ion transmembrane transport	GO:0034767		74	9	15.366815732140807	-0.534985784524378	0.5565048205554277	0.9647133639118308	1	1
response to histamine	GO:0034776		7	0	1.4536177043916982	-Inf	0	1	1	1
protein folding in endoplasmic reticulum	GO:0034975		10	2	2.076596720559569	-0.03758318109052809	0.8550494879642134	0.6469486398345623	1	1
response to endoplasmic reticulum stress	GO:0034976		146	18	30.318312120169704	-0.5213801324685994	0.5634157045061399	0.9961029970123412	1	1
mitochondrial protein processing	GO:0034982		5	3	1.0382983602797844	1.0610291075775815	1.782860369115461	0.06394451928365348	1	1
regulation of Rac protein signal transduction	GO:0035020		10	2	2.076596720559569	-0.03758318109052809	0.8550494879642134	0.6469486398345623	1	1
regulation of Rho protein signal transduction	GO:0035023		49	13	10.175323930741888	0.24498379069448228	1.064719610851695	0.20284339464737594	1	1
negative regulation of Rho protein signal transduction	GO:0035024		15	3	3.114895080839353	-0.03758318109052809	0.8550494879642134	0.6302483766769817	1	1
positive regulation of Rho protein signal transduction	GO:0035025		16	3	3.32255475289531	-0.10212170222809921	0.8110355253935493	0.6758810380350535	1	1
sperm-egg recognition	GO:0035036		10	0	2.076596720559569	-Inf	0	1	1	1
embryonic heart tube development	GO:0035050		9	0	1.8689370485036119	-Inf	0	1	1	1
cardiocyte differentiation	GO:0035051		21	0	4.360853113175095	-Inf	0	1	1	1
axoneme assembly	GO:0035082		44	6	9.137025570462104	-0.4205754333466341	0.6168072392922693	0.907171324863558	1	1
establishment or maintenance of apical/basal cell polarity	GO:0035088		18	2	3.7378740970072237	-0.6253698459926471	0.5123516935775311	0.9134911356883086	1	1
establishment of apical/basal cell polarity	GO:0035089		12	2	2.4919160646714826	-0.21990473788448278	0.7346935242489594	0.7463131700423387	1	1
response to nicotine	GO:0035094		13	1	2.6995757367274393	-0.9930946261179644	0.3624410396831095	0.9515444407761957	1	1
behavioral response to nicotine	GO:0035095		5	0	1.0382983602797844	-Inf	0	1	1	1
appendage morphogenesis	GO:0035107		25	4	5.1914918013989215	-0.2607267324047378	0.709459778017518	0.7935739204522448	1	1
limb morphogenesis	GO:0035108		25	4	5.1914918013989215	-0.2607267324047378	0.709459778017518	0.7935739204522448	1	1
embryonic appendage morphogenesis	GO:0035113		19	2	3.9455337690631813	-0.6794370672629231	0.4873768597596791	0.9283279489376746	1	1
embryonic forelimb morphogenesis	GO:0035115		5	0	1.0382983602797844	-Inf	0	1	1	1
forelimb morphogenesis	GO:0035136		5	0	1.0382983602797844	-Inf	0	1	1	1
tube formation	GO:0035148		11	4	2.284256392615526	0.5602538196650922	1.3264517770645412	0.17843893878705638	1	1
regulation of tube size	GO:0035150		44	9	9.137025570462104	-0.015110325238469651	0.8707294362558359	0.5497131552699791	1	1
embryonic hemopoiesis	GO:0035162		5	1	1.0382983602797844	-0.03758318109052809	0.8550494879642134	0.687756407879498	1	1
social behavior	GO:0035176		11	1	2.284256392615526	-0.8260405414547983	0.4248799167694929	0.9227905796275384	1	1
regulatory ncRNA-mediated post-transcriptional gene silencing	GO:0035194		25	2	5.1914918013989215	-0.9538739129646832	0.37630172211245844	0.9776356206684261	1	1
miRNA-mediated post-transcriptional gene silencing	GO:0035195		24	2	4.983832129342965	-0.9130519184444281	0.39123986519130494	0.9727458938927118	1	1
miRNA processing	GO:0035196		31	6	6.4374498337346635	-0.07037300391351901	0.8324976266966551	0.6470037365878143	1	1
ionotropic glutamate receptor signaling pathway	GO:0035235		5	1	1.0382983602797844	-0.03758318109052809	0.8550494879642134	0.687756407879498	1	1
tube morphogenesis	GO:0035239		139	21	28.86469441577801	-0.31809676406369664	0.6750761011111824	0.9577440602967102	1	1
organ growth	GO:0035265		7	1	1.4536177043916982	-0.37405541771174117	0.6427576439377599	0.8040048847954714	1	1
protein mannosylation	GO:0035268		15	3	3.114895080839353	-0.03758318109052809	0.8550494879642134	0.6302483766769817	1	1
protein O-linked mannosylation	GO:0035269		14	3	2.9072354087833965	0.03140969039642335	0.9037570637243312	0.580334678997702	1	1
endocrine system development	GO:0035270		22	1	4.568512785231052	-1.5191877220147436	0.2171783289133837	0.9940495488315544	1	1
miRNA-mediated gene silencing by inhibition of translation	GO:0035278		16	2	3.32255475289531	-0.5075868103362635	0.5704932391303862	0.8747919000306	1	1
miRNA-mediated gene silencing by mRNA destabilization	GO:0035279		8	1	1.661277376447655	-0.5075868103362635	0.5704932391303862	0.8447215069503783	1	1
segmentation	GO:0035282		8	0	1.661277376447655	-Inf	0	1	1	1
tube development	GO:0035295		172	26	35.717463593624586	-0.3175432074483988	0.6754018224003737	0.9698602059081327	1	1
regulation of tube diameter	GO:0035296		44	9	9.137025570462104	-0.015110325238469651	0.8707294362558359	0.5497131552699791	1	1
regulation of dephosphorylation	GO:0035303		14	3	2.9072354087833965	0.03140969039642335	0.9037570637243312	0.580334678997702	1	1
wound healing, spreading of epidermal cells	GO:0035313		5	0	1.0382983602797844	-Inf	0	1	1	1
hair cell differentiation	GO:0035315		6	1	1.2459580323357413	-0.21990473788448278	0.7346935242489594	0.7526154025838886	1	1
hippo signaling	GO:0035329		17	1	3.530214424951267	-1.2613586127126437	0.2796111962732416	0.9809185311126569	1	1
regulation of hippo signaling	GO:0035330		37	4	7.683407866070404	-0.6527688201807615	0.49956277154694617	0.9583216509351764	1	1
negative regulation of hippo signaling	GO:0035331		24	2	4.983832129342965	-0.9130519184444281	0.39123986519130494	0.9727458938927118	1	1
positive regulation of hippo signaling	GO:0035332		10	1	2.076596720559569	-0.7307303616504734	0.46465550092064367	0.8769813843064487	1	1
peptidyl-tyrosine dephosphorylation	GO:0035335		20	2	4.153193441119138	-0.7307303616504734	0.46465550092064367	0.9283279489376746	1	1
long-chain fatty-acyl-CoA metabolic process	GO:0035336		23	2	4.776172457287008	-0.870492304025632	0.40738318263698703	0.9596879464758464	1	1
fatty-acyl-CoA metabolic process	GO:0035337		35	6	7.26808852195849	-0.19173386091778638	0.7524772743438592	0.7373666622349946	1	1
long-chain fatty-acyl-CoA biosynthetic process	GO:0035338		18	2	3.7378740970072237	-0.6253698459926471	0.5123516935775311	0.8958039001890645	1	1
intracellular triglyceride homeostasis	GO:0035356		5	0	1.0382983602797844	-Inf	0	1	1	1
peroxisome proliferator activated receptor signaling pathway	GO:0035357		5	2	1.0382983602797844	0.6555639994694172	1.4101486239250423	0.2784677966097898	1	1
regulation of peroxisome proliferator activated receptor signaling pathway	GO:0035358		5	0	1.0382983602797844	-Inf	0	1	1	1
positive regulation of peroxisome proliferator activated receptor signaling pathway	GO:0035360		5	0	1.0382983602797844	-Inf	0	1	1	1
protein localization to microtubule	GO:0035372		9	1	1.8689370485036119	-0.6253698459926471	0.5123516935775311	0.8769813843064487	1	1
thioester metabolic process	GO:0035383		60	12	12.459580323357413	-0.03758318109052809	0.8550494879642134	0.583755856427477	1	1
thioester biosynthetic process	GO:0035384		36	5	7.4757481940144475	-0.4022262946784373	0.6269437020453897	0.8797691670302257	1	1
Roundabout signaling pathway	GO:0035385		5	1	1.0382983602797844	-0.03758318109052809	0.8550494879642134	0.687756407879498	1	1
phosphate ion transmembrane transport	GO:0035435		6	2	1.2459580323357413	0.4732424426754625	1.2517310839972888	0.36346143435754485	1	1
maintenance of protein localization in endoplasmic reticulum	GO:0035437		6	1	1.2459580323357413	-0.21990473788448278	0.7346935242489594	0.7526154025838886	1	1
response to interferon-alpha	GO:0035455		16	3	3.32255475289531	-0.10212170222809921	0.8110355253935493	0.6302483766769817	1	1
response to interferon-beta	GO:0035456		23	1	4.776172457287008	-1.5636394845855774	0.20787237682516796	0.9940495488315544	1	1
cellular response to interferon-alpha	GO:0035457		7	3	1.4536177043916982	0.7245568709563687	1.4718161116467272	0.1084805211142787	1	1
cellular response to interferon-beta	GO:0035458		17	1	3.530214424951267	-1.2613586127126437	0.2796111962732416	0.9759117881171515	1	1
vesicle cargo loading	GO:0035459		17	0	3.530214424951267	-Inf	0	1	1	1
vitamin transmembrane transport	GO:0035461		12	6	2.4919160646714826	0.878707550783627	1.6124283013649316	0.023170983938701286	1	1
determination of pancreatic left/right asymmetry	GO:0035469		5	0	1.0382983602797844	-Inf	0	1	1	1
SNARE complex assembly	GO:0035493		5	1	1.0382983602797844	-0.03758318109052809	0.8550494879642134	0.687756407879498	1	1
protein K29-linked ubiquitination	GO:0035519		11	1	2.284256392615526	-0.8260405414547983	0.4248799167694929	0.9025405781366582	1	1
monoubiquitinated protein deubiquitination	GO:0035520		8	0	1.661277376447655	-Inf	0	1	1	1
positive regulation of chromatin binding	GO:0035563		7	1	1.4536177043916982	-0.37405541771174117	0.6427576439377599	0.8040048847954714	1	1
non-canonical Wnt signaling pathway	GO:0035567		19	3	3.9455337690631813	-0.2739719591547587	0.7014093242688044	0.7873782230686989	1	1
establishment of protein localization to extracellular region	GO:0035592		29	3	6.02213048962275	-0.6968288099747922	0.47956777382318216	0.9574058636190244	1	1
protein deacylation	GO:0035601		21	7	4.360853113175095	0.4732424426754625	1.2517310839972888	0.12676500580370131	1	1
stress granule disassembly	GO:0035617		5	1	1.0382983602797844	-0.03758318109052809	0.8550494879642134	0.687756407879498	1	1
ceramide transport	GO:0035627		14	2	2.9072354087833965	-0.37405541771174117	0.6427576439377599	0.8206374202006002	1	1
maintenance of blood-brain barrier	GO:0035633		10	1	2.076596720559569	-0.7307303616504734	0.46465550092064367	0.9025405781366582	1	1
endosome to melanosome transport	GO:0035646		9	1	1.8689370485036119	-0.6253698459926471	0.5123516935775311	0.8769813843064487	1	1
interleukin-18-mediated signaling pathway	GO:0035655		6	2	1.2459580323357413	0.4732424426754625	1.2517310839972888	0.36346143435754485	1	1
TRIF-dependent toll-like receptor signaling pathway	GO:0035666		8	1	1.661277376447655	-0.5075868103362635	0.5704932391303862	0.8447215069503783	1	1
oligopeptide transmembrane transport	GO:0035672		7	3	1.4536177043916982	0.7245568709563687	1.4718161116467272	0.1614187469654273	1	1
mitochondrial protein catabolic process	GO:0035694		10	0	2.076596720559569	-Inf	0	1	1	1
hematopoietic stem cell migration	GO:0035701		5	1	1.0382983602797844	-0.03758318109052809	0.8550494879642134	0.687756407879498	1	1
CD4-positive, alpha-beta T cell activation	GO:0035710		20	3	4.153193441119138	-0.32526525354230906	0.6708686990356654	0.8166635360254624	1	1
intraciliary retrograde transport	GO:0035721		7	1	1.4536177043916982	-0.37405541771174117	0.6427576439377599	0.8040048847954714	1	1
interleukin-12-mediated signaling pathway	GO:0035722		9	0	1.8689370485036119	-Inf	0	1	1	1
interleukin-15-mediated signaling pathway	GO:0035723		10	2	2.076596720559569	-0.03758318109052809	0.8550494879642134	0.5866424881018152	1	1
sodium ion transmembrane transport	GO:0035725		44	5	9.137025570462104	-0.6028969901405886	0.5230466783723091	0.9606331411534976	1	1
response to hepatocyte growth factor	GO:0035728		5	1	1.0382983602797844	-0.03758318109052809	0.8550494879642134	0.687756407879498	1	1
cellular response to hepatocyte growth factor stimulus	GO:0035729		5	1	1.0382983602797844	-0.03758318109052809	0.8550494879642134	0.687756407879498	1	1
intraciliary transport involved in cilium assembly	GO:0035735		6	4	1.2459580323357413	1.1663896232354078	1.8829554115277662	0.019408517453028042	1	1
regulation of lysosomal lumen pH	GO:0035751		17	7	3.530214424951267	0.6845515363426695	1.435953932300053	0.04523734285666908	1	1
endothelial cell chemotaxis	GO:0035767		8	1	1.661277376447655	-0.5075868103362635	0.5704932391303862	0.8447215069503783	1	1
interleukin-4-mediated signaling pathway	GO:0035771		6	1	1.2459580323357413	-0.21990473788448278	0.7346935242489594	0.7526154025838886	1	1
positive regulation of insulin secretion involved in cellular response to glucose stimulus	GO:0035774		8	1	1.661277376447655	-0.5075868103362635	0.5704932391303862	0.8447215069503783	1	1
platelet-derived growth factor receptor-beta signaling pathway	GO:0035791		6	1	1.2459580323357413	-0.21990473788448278	0.7346935242489594	0.7526154025838886	1	1
positive regulation of mitochondrial membrane permeability	GO:0035794		15	3	3.114895080839353	-0.03758318109052809	0.8550494879642134	0.6302483766769817	1	1
negative regulation of mitochondrial membrane permeability	GO:0035795		9	4	1.8689370485036119	0.7609245151272435	1.5046554115250335	0.09604599368521607	1	1
modulation of process of another organism	GO:0035821		96	14	19.93532851737186	-0.3534361305090054	0.6545259222992135	0.947856381532161	1	1
homologous recombination	GO:0035825		21	3	4.360853113175095	-0.37405541771174117	0.6427576439377599	0.7873782230686989	1	1
glial cell-derived neurotrophic factor receptor signaling pathway	GO:0035860		11	0	2.284256392615526	-Inf	0	1	1	1
protein K11-linked deubiquitination	GO:0035871		11	3	2.284256392615526	0.27257174721331123	1.0865570588453881	0.40803498456474274	1	1
nucleotide-binding domain, leucine rich repeat containing receptor signaling pathway	GO:0035872		16	2	3.32255475289531	-0.5075868103362635	0.5704932391303862	0.8747919000306	1	1
enteroendocrine cell differentiation	GO:0035883		6	1	1.2459580323357413	-0.21990473788448278	0.7346935242489594	0.7526154025838886	1	1
exit from host cell	GO:0035891		28	0	5.814470817566793	-Inf	0	1	1	1
cellular response to vascular endothelial growth factor stimulus	GO:0035924		31	2	6.4374498337346635	-1.1689852925816286	0.30588940562865713	0.9933276242243696	1	1
response to topologically incorrect protein	GO:0035966		79	10	16.405114092420593	-0.4950080281294036	0.5770103601544239	0.9779751967800849	1	1
cellular response to topologically incorrect protein	GO:0035967		57	9	11.836601307189543	-0.2739719591547585	0.7014093242688045	0.8642974253022048	1	1
peptidyl-threonine dephosphorylation	GO:0035970		9	0	1.8689370485036119	-Inf	0	1	1	1
aggrephagy	GO:0035973		6	1	1.2459580323357413	-0.21990473788448278	0.7346935242489594	0.7526154025838886	1	1
endodermal cell differentiation	GO:0035987		11	2	2.284256392615526	-0.13289336089485304	0.7905889481542714	0.7000405632278557	1	1
response to muscle stretch	GO:0035994		11	0	2.284256392615526	-Inf	0	1	1	1
detection of muscle stretch	GO:0035995		6	0	1.2459580323357413	-Inf	0	1	1	1
tetrahydrofolate interconversion	GO:0035999		5	3	1.0382983602797844	1.0610291075775815	1.782860369115461	0.06394451928365348	1	1
protein localization to endosome	GO:0036010		10	4	2.076596720559569	0.6555639994694172	1.4101486239250423	0.1346905284137217	1	1
response to erythropoietin	GO:0036017		5	1	1.0382983602797844	-0.03758318109052809	0.8550494879642134	0.687756407879498	1	1
cellular response to erythropoietin	GO:0036018		5	1	1.0382983602797844	-0.03758318109052809	0.8550494879642134	0.687756407879498	1	1
fucosylation	GO:0036065		6	1	1.2459580323357413	-0.21990473788448278	0.7346935242489594	0.7526154025838886	1	1
cleavage furrow formation	GO:0036089		5	2	1.0382983602797844	0.6555639994694172	1.4101486239250423	0.2784677966097898	1	1
phosphatidylinositol-3-phosphate biosynthetic process	GO:0036092		5	0	1.0382983602797844	-Inf	0	1	1	1
alpha-linolenic acid metabolic process	GO:0036109		10	1	2.076596720559569	-0.7307303616504734	0.46465550092064367	0.9025405781366582	1	1
response to platelet-derived growth factor	GO:0036119		7	1	1.4536177043916982	-0.37405541771174117	0.6427576439377599	0.7526154025838886	1	1
cellular response to platelet-derived growth factor stimulus	GO:0036120		7	1	1.4536177043916982	-0.37405541771174117	0.6427576439377599	0.7526154025838886	1	1
phosphatidylglycerol acyl-chain remodeling	GO:0036148		9	1	1.8689370485036119	-0.6253698459926471	0.5123516935775311	0.8769813843064487	1	1
phosphatidylserine acyl-chain remodeling	GO:0036150		9	2	1.8689370485036119	0.0677773345672982	0.9301019182460473	0.5866424881018152	1	1
phosphatidylcholine acyl-chain remodeling	GO:0036151		13	3	2.6995757367274393	0.10551766255014523	0.9579172596729197	0.5263390908313202	1	1
phosphatidylethanolamine acyl-chain remodeling	GO:0036152		11	1	2.284256392615526	-0.8260405414547983	0.4248799167694929	0.9227905796275384	1	1
outer dynein arm assembly	GO:0036158		16	1	3.32255475289531	-1.200733990896209	0.296605097562714	0.9759117881171515	1	1
inner dynein arm assembly	GO:0036159		12	2	2.4919160646714826	-0.21990473788448278	0.7346935242489594	0.7463131700423387	1	1
granulocyte activation	GO:0036230		21	2	4.360853113175095	-0.7795205258199055	0.4439030386300918	0.9510815874352324	1	1
multivesicular body organization	GO:0036257		22	0	4.568512785231052	-Inf	0	1	1	1
multivesicular body assembly	GO:0036258		21	0	4.360853113175095	-Inf	0	1	1	1
RNA capping	GO:0036260		7	0	1.4536177043916982	-Inf	0	1	1	1
peptidyl-serine autophosphorylation	GO:0036289		5	1	1.0382983602797844	-0.03758318109052809	0.8550494879642134	0.6058986856255562	1	1
response to decreased oxygen levels	GO:0036293		94	13	19.520009173259947	-0.4064906934648948	0.6245764268091292	0.9608670803115926	1	1
cellular response to decreased oxygen levels	GO:0036294		51	8	10.5906432748538	-0.28052935970091747	0.6974486292487293	0.8434113076860921	1	1
cellular response to increased oxygen levels	GO:0036295		9	1	1.8689370485036119	-0.6253698459926471	0.5123516935775311	0.8769813843064487	1	1
response to increased oxygen levels	GO:0036296		9	1	1.8689370485036119	-0.6253698459926471	0.5123516935775311	0.8769813843064487	1	1
interstrand cross-link repair	GO:0036297		25	3	5.1914918013989215	-0.5484088048565187	0.549754965062503	0.9017612221096273	1	1
lymph vessel morphogenesis	GO:0036303		7	0	1.4536177043916982	-Inf	0	1	1	1
response to sterol	GO:0036314		17	4	3.530214424951267	0.1249357484072468	0.9724140606384994	0.4830503542687592	1	1
cellular response to sterol	GO:0036315		11	2	2.284256392615526	-0.13289336089485304	0.7905889481542714	0.7000405632278557	1	1
vascular endothelial growth factor receptor-2 signaling pathway	GO:0036324		5	0	1.0382983602797844	-Inf	0	1	1	1
dendritic cell migration	GO:0036336		12	1	2.4919160646714826	-0.9130519184444281	0.39123986519130494	0.9388339804989202	1	1
platelet morphogenesis	GO:0036344		9	0	1.8689370485036119	-Inf	0	1	1	1
sodium ion export across plasma membrane	GO:0036376		7	0	1.4536177043916982	-Inf	0	1	1	1
calcium import into the mitochondrion	GO:0036444		9	0	1.8689370485036119	-Inf	0	1	1	1
TRAIL-activated apoptotic signaling pathway	GO:0036462		8	1	1.661277376447655	-0.5075868103362635	0.5704932391303862	0.8447215069503783	1	1
synaptic vesicle recycling	GO:0036465		13	0	2.6995757367274393	-Inf	0	1	1	1
regulation of translation in response to endoplasmic reticulum stress	GO:0036490		8	1	1.661277376447655	-0.5075868103362635	0.5704932391303862	0.8040048847954714	1	1
PERK-mediated unfolded protein response	GO:0036499		7	0	1.4536177043916982	-Inf	0	1	1	1
ATF6-mediated unfolded protein response	GO:0036500		6	0	1.2459580323357413	-Inf	0	1	1	1
ERAD pathway	GO:0036503		62	6	12.874899667469327	-0.7635201844734644	0.4506173724985261	0.9938770485067772	1	1
protein demannosylation	GO:0036507		15	2	3.114895080839353	-0.4430482891986925	0.6045686331939815	0.8499280422811566	1	1
protein alpha-1,2-demannosylation	GO:0036508		15	2	3.114895080839353	-0.4430482891986925	0.6045686331939815	0.8499280422811566	1	1
signal transduction in absence of ligand	GO:0038034		5	0	1.0382983602797844	-Inf	0	1	1	1
interleukin-5-mediated signaling pathway	GO:0038043		6	1	1.2459580323357413	-0.21990473788448278	0.7346935242489594	0.7526154025838886	1	1
nitric oxide-cGMP-mediated signaling pathway	GO:0038060		9	3	1.8689370485036119	0.47324244267546267	1.2517310839972888	0.2821996753436965	1	1
non-canonical NF-kappaB signal transduction	GO:0038061		18	2	3.7378740970072237	-0.6253698459926471	0.5123516935775311	0.8958039001890645	1	1
collagen-activated signaling pathway	GO:0038065		6	1	1.2459580323357413	-0.21990473788448278	0.7346935242489594	0.7526154025838886	1	1
p38MAPK cascade	GO:0038066		7	0	1.4536177043916982	-Inf	0	1	1	1
peptidyl-tyrosine autophosphorylation	GO:0038083		10	5	2.076596720559569	0.878707550783627	1.6124283013649316	0.03807919159245748	1	1
vascular endothelial growth factor signaling pathway	GO:0038084		12	0	2.4919160646714826	-Inf	0	1	1	1
nodal signaling pathway	GO:0038092		7	1	1.4536177043916982	-0.37405541771174117	0.6427576439377599	0.7526154025838886	1	1
Fc receptor signaling pathway	GO:0038093		47	7	9.760004586629973	-0.33238272131117297	0.6667108053585193	0.8833128221186032	1	1
Fc-gamma receptor signaling pathway	GO:0038094		28	2	5.814470817566793	-1.0672025982716864	0.3375241858610443	0.9877287920177849	1	1
Fc-epsilon receptor signaling pathway	GO:0038095		21	6	4.360853113175095	0.3190917628482042	1.123880732467684	0.25933091248927237	1	1
Fc-gamma receptor signaling pathway involved in phagocytosis	GO:0038096		22	2	4.568512785231052	-0.8260405414547983	0.4248799167694929	0.9596879464758464	1	1
interleukin-2-mediated signaling pathway	GO:0038110		8	1	1.661277376447655	-0.5075868103362635	0.5704932391303862	0.8447215069503783	1	1
interleukin-7-mediated signaling pathway	GO:0038111		8	1	1.661277376447655	-0.5075868103362635	0.5704932391303862	0.8447215069503783	1	1
interleukin-9-mediated signaling pathway	GO:0038113		8	2	1.661277376447655	0.18556037022368177	1.0184629095493067	0.5189885297111225	1	1
ERBB signaling pathway	GO:0038127		52	8	10.798302946909757	-0.29994744555801905	0.6858168500062106	0.8732260631999664	1	1
ERBB2 signaling pathway	GO:0038128		13	1	2.6995757367274393	-0.9930946261179644	0.3624410396831095	0.9515444407761957	1	1
ERBB4 signaling pathway	GO:0038130		5	0	1.0382983602797844	-Inf	0	1	1	1
ERBB2-EGFR signaling pathway	GO:0038134		6	0	1.2459580323357413	-Inf	0	1	1	1
chemokine (C-X-C motif) ligand 12 signaling pathway	GO:0038146		6	4	1.2459580323357413	1.1663896232354078	1.8829554115277662	0.019408517453028042	1	1
interleukin-11-mediated signaling pathway	GO:0038154		5	1	1.0382983602797844	-0.03758318109052809	0.8550494879642134	0.687756407879498	1	1
interleukin-23-mediated signaling pathway	GO:0038155		6	0	1.2459580323357413	-Inf	0	1	1	1
interleukin-3-mediated signaling pathway	GO:0038156		5	1	1.0382983602797844	-0.03758318109052809	0.8550494879642134	0.687756407879498	1	1
C-X-C chemokine receptor CXCR4 signaling pathway	GO:0038159		5	3	1.0382983602797844	1.0610291075775815	1.782860369115461	0.06394451928365348	1	1
erythropoietin-mediated signaling pathway	GO:0038162		5	1	1.0382983602797844	-0.03758318109052809	0.8550494879642134	0.687756407879498	1	1
thrombopoietin-mediated signaling pathway	GO:0038163		5	2	1.0382983602797844	0.6555639994694172	1.4101486239250423	0.2784677966097898	1	1
angiotensin-activated signaling pathway	GO:0038166		9	0	1.8689370485036119	-Inf	0	1	1	1
interleukin-33-mediated signaling pathway	GO:0038172		7	0	1.4536177043916982	-Inf	0	1	1	1
interleukin-17A-mediated signaling pathway	GO:0038173		6	0	1.2459580323357413	-Inf	0	1	1	1
neurotrophin signaling pathway	GO:0038179		5	0	1.0382983602797844	-Inf	0	1	1	1
TORC1 signaling	GO:0038202		5	2	1.0382983602797844	0.6555639994694172	1.4101486239250423	0.2784677966097898	1	1
TORC2 signaling	GO:0038203		7	2	1.4536177043916982	0.3190917628482042	1.123880732467684	0.4442785093143923	1	1
RIG-I signaling pathway	GO:0039529		7	2	1.4536177043916982	0.3190917628482042	1.123880732467684	0.4442785093143923	1	1
regulation of viral-induced cytoplasmic pattern recognition receptor signaling pathway	GO:0039531		107	23	22.219584909987386	0.03452011281081585	0.905992408935341	0.42449653927956565	1	1
negative regulation of viral-induced cytoplasmic pattern recognition receptor signaling pathway	GO:0039532		58	15	12.0442609792455	0.21946192189936287	1.0447202103818956	0.17060944966441663	1	1
regulation of MDA-5 signaling pathway	GO:0039533		7	1	1.4536177043916982	-0.37405541771174117	0.6427576439377599	0.8040048847954714	1	1
regulation of RIG-I signaling pathway	GO:0039535		20	2	4.153193441119138	-0.7307303616504734	0.46465550092064367	0.9407351059279203	1	1
negative regulation of RIG-I signaling pathway	GO:0039536		7	1	1.4536177043916982	-0.37405541771174117	0.6427576439377599	0.8040048847954714	1	1
viral budding via host ESCRT complex	GO:0039702		22	0	4.568512785231052	-Inf	0	1	1	1
establishment of mitotic spindle localization	GO:0040001		26	4	5.399151473454879	-0.29994744555801905	0.6858168500062106	0.8191190934479378	1	1
growth	GO:0040007		38	5	7.891067538126363	-0.4562935159487132	0.597445875675129	0.9196248277918873	1	1
locomotion	GO:0040011		182	16	37.79406031418416	-0.8595632334934421	0.4116241855248028	0.9999926681877855	1	1
regulation of multicellular organism growth	GO:0040014		7	2	1.4536177043916982	0.3190917628482042	1.123880732467684	0.4442785093143923	1	1
positive regulation of multicellular organism growth	GO:0040018		7	2	1.4536177043916982	0.3190917628482042	1.123880732467684	0.4442785093143923	1	1
epigenetic regulation of gene expression	GO:0040029		139	27	28.86469441577801	-0.06678233578279054	0.8349481484219701	0.637447137943452	1	1
regulation of fibroblast growth factor receptor signaling pathway	GO:0040036		14	1	2.9072354087833965	-1.0672025982716864	0.3375241858610443	0.961614211589703	1	1
negative regulation of fibroblast growth factor receptor signaling pathway	GO:0040037		5	1	1.0382983602797844	-0.03758318109052809	0.8550494879642134	0.687756407879498	1	1
protein refolding	GO:0042026		15	2	3.114895080839353	-0.4430482891986925	0.6045686331939815	0.8499280422811566	1	1
fluid transport	GO:0042044		15	0	3.114895080839353	-Inf	0	1	1	1
regulation of epidermal growth factor receptor signaling pathway	GO:0042058		47	1	9.760004586629973	-2.2782928703664864	0.1022805435363778	0.9999779619296227	1	1
negative regulation of epidermal growth factor receptor signaling pathway	GO:0042059		20	0	4.153193441119138	-Inf	0	1	1	1
wound healing	GO:0042060		157	19	32.602568512785226	-0.5399520948382951	0.5539995876632499	0.99684571646452	1	1
gliogenesis	GO:0042063		27	7	5.606811145510836	0.22192801439455642	1.046644062980932	0.3222794538587466	1	1
intraciliary transport	GO:0042073		19	8	3.9455337690631813	0.7068572938569676	1.4559148783005362	0.0287251561129917	1	1
T-helper 1 type immune response	GO:0042088		9	2	1.8689370485036119	0.0677773345672982	0.9301019182460473	0.5866424881018152	1	1
type 2 immune response	GO:0042092		8	2	1.661277376447655	0.18556037022368177	1.0184629095493067	0.5189885297111225	1	1
T-helper cell differentiation	GO:0042093		18	3	3.7378740970072237	-0.21990473788448264	0.7346935242489595	0.7543060161951124	1	1
T cell proliferation	GO:0042098		9	1	1.8689370485036119	-0.6253698459926471	0.5123516935775311	0.8769813843064487	1	1
B cell proliferation	GO:0042100		8	1	1.661277376447655	-0.5075868103362635	0.5704932391303862	0.8447215069503783	1	1
positive regulation of T cell proliferation	GO:0042102		57	12	11.836601307189543	0.013710113297022255	0.8911012527496509	0.5311439613100746	1	1
positive regulation of activated T cell proliferation	GO:0042104		16	2	3.32255475289531	-0.5075868103362635	0.5704932391303862	0.8747919000306	1	1
T cell activation	GO:0042110		96	9	19.93532851737186	-0.7952688827880446	0.43738055432666545	0.9990234711069332	1	1
B cell activation	GO:0042113		39	6	8.09872721018232	-0.29994744555801933	0.6858168500062104	0.8488245493589812	1	1
macrophage activation	GO:0042116		19	3	3.9455337690631813	-0.2739719591547587	0.7014093242688044	0.7873782230686989	1	1
monocyte activation	GO:0042117		7	2	1.4536177043916982	0.3190917628482042	1.123880732467684	0.4442785093143923	1	1
endothelial cell activation	GO:0042118		8	1	1.661277376447655	-0.5075868103362635	0.5704932391303862	0.8040048847954714	1	1
neutrophil activation	GO:0042119		18	1	3.7378740970072237	-1.3185170265525925	0.26443900870457454	0.9848848484905597	1	1
regulation of T cell proliferation	GO:0042129		86	16	17.858731796812293	-0.10990384267015436	0.8058314266313114	0.7117915585494419	1	1
negative regulation of T cell proliferation	GO:0042130		29	3	6.02213048962275	-0.6968288099747922	0.47956777382318216	0.9494481283135643	1	1
retrograde transport, endosome to Golgi	GO:0042147		72	15	14.951496388028895	0.003238813429726966	0.8836656273277367	0.46817925606197675	1	1
cellular response to glucose starvation	GO:0042149		32	6	6.64510950579062	-0.10212170222809921	0.8110355253935493	0.6790944125885722	1	1
lipoprotein metabolic process	GO:0042157		42	10	8.72170622635019	0.13677020605424967	0.9813100281419231	0.37077227330994034	1	1
lipoprotein biosynthetic process	GO:0042158		31	6	6.4374498337346635	-0.07037300391351901	0.8324976266966551	0.6470037365878143	1	1
lipoprotein catabolic process	GO:0042159		9	4	1.8689370485036119	0.7609245151272435	1.5046554115250335	0.09604599368521607	1	1
heme catabolic process	GO:0042167		9	3	1.8689370485036119	0.47324244267546267	1.2517310839972888	0.1614187469654273	1	1
heme metabolic process	GO:0042168		28	11	5.814470817566793	0.6375454939667388	1.3941875753629398	0.010499684214901515	1	1
negative regulation of protein catabolic process	GO:0042177		82	18	17.028093108588465	0.05550724197548382	0.9211625826056762	0.41602353989533303	1	1
xenobiotic catabolic process	GO:0042178		22	2	4.568512785231052	-0.8260405414547983	0.4248799167694929	0.9407351059279203	1	1
cellular ketone metabolic process	GO:0042180		58	7	12.0442609792455	-0.542678130147534	0.5526283929270284	0.9707727276640392	1	1
ketone biosynthetic process	GO:0042181		24	4	4.983832129342965	-0.21990473788448278	0.7346935242489594	0.7652001365042725	1	1
ketone catabolic process	GO:0042182		5	0	1.0382983602797844	-Inf	0	1	1	1
cellular modified amino acid catabolic process	GO:0042219		16	2	3.32255475289531	-0.5075868103362635	0.5704932391303862	0.8747919000306	1	1
ribosome biogenesis	GO:0042254		172	65	35.717463593624586	0.5987475244257562	1.3600345815996562	5.5679904615352776e-8	9.888751059686654e-5	9.888751059686652e-5
ribosome assembly	GO:0042255		37	12	7.683407866070404	0.4458434684873482	1.2285657216540877	0.0444298315338456	1	1
cytosolic ribosome assembly	GO:0042256		7	1	1.4536177043916982	-0.37405541771174117	0.6427576439377599	0.8040048847954714	1	1
natural killer cell mediated cytotoxicity	GO:0042267		28	4	5.814470817566793	-0.37405541771174117	0.6427576439377599	0.8191190934479378	1	1
regulation of natural killer cell mediated cytotoxicity	GO:0042269		41	3	8.514046554294232	-1.043105046692626	0.3454471938413426	0.9951568069600917	1	1
protection from natural killer cell mediated cytotoxicity	GO:0042270		6	0	1.2459580323357413	-Inf	0	1	1	1
ribosomal large subunit biogenesis	GO:0042273		36	13	7.4757481940144475	0.553285150348999	1.3204055282922242	0.01119677434423807	1	1
ribosomal small subunit biogenesis	GO:0042274		75	40	15.574475404196766	0.9432460719211981	1.6723044189580034	2.847047416450679e-10	7.584534317424609e-7	7.584534317424609e-7
error-prone translesion synthesis	GO:0042276		9	5	1.8689370485036119	0.9840680664414533	1.7104446359600238	0.022898309220282242	1	1
purine nucleoside metabolic process	GO:0042278		12	3	2.4919160646714826	0.1855603702236816	1.0184629095493065	0.4686775291554418	1	1
vocal learning	GO:0042297		6	0	1.2459580323357413	-Inf	0	1	1	1
molting cycle	GO:0042303		21	1	4.360853113175095	-1.4726677063798508	0.2273493330185462	0.961614211589703	1	1
regulation of fatty acid biosynthetic process	GO:0042304		23	6	4.776172457287008	0.2281199846424775	1.0514827223147898	0.22145493915053768	1	1
regulation of protein import into nucleus	GO:0042306		32	4	6.64510950579062	-0.5075868103362635	0.5704932391303862	0.9228843547551815	1	1
positive regulation of protein import into nucleus	GO:0042307		23	4	4.776172457287008	-0.17734512346568673	0.7616766486395636	0.733864067829993	1	1
negative regulation of protein import into nucleus	GO:0042308		8	0	1.661277376447655	-Inf	0	1	1	1
vasoconstriction	GO:0042310		9	2	1.8689370485036119	0.0677773345672982	0.9301019182460473	0.5189885297111225	1	1
vasodilation	GO:0042311		14	2	2.9072354087833965	-0.37405541771174117	0.6427576439377599	0.8206374202006002	1	1
negative regulation of phosphorylation	GO:0042326		103	18	21.38894622176356	-0.17250249898989892	0.7647903441808145	0.8018479150552513	1	1
taxis	GO:0042330		181	16	37.5864006421282	-0.8540535776824724	0.41377715263597753	0.9999926681877855	1	1
keratan sulfate metabolic process	GO:0042339		18	3	3.7378740970072237	-0.21990473788448264	0.7346935242489595	0.7543060161951124	1	1
GDP-L-fucose biosynthetic process	GO:0042350		5	2	1.0382983602797844	0.6555639994694172	1.4101486239250423	0.2784677966097898	1	1
vitamin D metabolic process	GO:0042359		12	1	2.4919160646714826	-0.9130519184444281	0.39123986519130494	0.9025405781366582	1	1
fat-soluble vitamin catabolic process	GO:0042363		9	0	1.8689370485036119	-Inf	0	1	1	1
vitamin K metabolic process	GO:0042373		9	0	1.8689370485036119	-Inf	0	1	1	1
regulation of membrane potential	GO:0042391		166	19	34.47150556128884	-0.5956940778465305	0.526514012422352	0.9993240254711613	1	1
cellular modified amino acid biosynthetic process	GO:0042398		21	8	4.360853113175095	0.6067738352999852	1.3670753734018888	0.052362833056600236	1	1
biogenic amine biosynthetic process	GO:0042401		17	1	3.530214424951267	-1.2613586127126437	0.2796111962732416	0.9809185311126569	1	1
cellular biogenic amine catabolic process	GO:0042402		14	2	2.9072354087833965	-0.37405541771174117	0.6427576439377599	0.7863084571716146	1	1
thyroid hormone metabolic process	GO:0042403		16	2	3.32255475289531	-0.5075868103362635	0.5704932391303862	0.8747919000306	1	1
cristae formation	GO:0042407		13	4	2.6995757367274393	0.39319973500192623	1.1845771521468593	0.27647232356917906	1	1
dopamine biosynthetic process	GO:0042416		5	1	1.0382983602797844	-0.03758318109052809	0.8550494879642134	0.687756407879498	1	1
dopamine metabolic process	GO:0042417		18	2	3.7378740970072237	-0.6253698459926471	0.5123516935775311	0.8958039001890645	1	1
dopamine catabolic process	GO:0042420		7	1	1.4536177043916982	-0.37405541771174117	0.6427576439377599	0.7526154025838886	1	1
catecholamine biosynthetic process	GO:0042423		7	1	1.4536177043916982	-0.37405541771174117	0.6427576439377599	0.8040048847954714	1	1
catecholamine catabolic process	GO:0042424		7	1	1.4536177043916982	-0.37405541771174117	0.6427576439377599	0.7526154025838886	1	1
indole-containing compound metabolic process	GO:0042430		12	1	2.4919160646714826	-0.9130519184444281	0.39123986519130494	0.9388339804989202	1	1
indole-containing compound catabolic process	GO:0042436		7	0	1.4536177043916982	-Inf	0	1	1	1
melanin biosynthetic process	GO:0042438		6	0	1.2459580323357413	-Inf	0	1	1	1
pigment metabolic process	GO:0042440		43	11	8.929365898406147	0.20854988844838038	1.036229856832743	0.14830404925164373	1	1
hormone metabolic process	GO:0042445		123	8	25.542139662882697	-1.1608880823490093	0.3083006784305902	0.9999945613051968	1	1
hormone biosynthetic process	GO:0042446		28	2	5.814470817566793	-1.0672025982716864	0.3375241858610443	0.9849944588960549	1	1
hormone catabolic process	GO:0042447		13	0	2.6995757367274393	-Inf	0	1	1	1
progesterone metabolic process	GO:0042448		9	1	1.8689370485036119	-0.6253698459926471	0.5123516935775311	0.8769813843064487	1	1
ribonucleoside catabolic process	GO:0042454		11	2	2.284256392615526	-0.13289336089485304	0.7905889481542714	0.7000405632278557	1	1
ear morphogenesis	GO:0042471		10	0	2.076596720559569	-Inf	0	1	1	1
inner ear morphogenesis	GO:0042472		7	0	1.4536177043916982	-Inf	0	1	1	1
odontogenesis of dentin-containing tooth	GO:0042475		14	2	2.9072354087833965	-0.37405541771174117	0.6427576439377599	0.8206374202006002	1	1
odontogenesis	GO:0042476		28	3	5.814470817566793	-0.661737490163522	0.4954358756915953	0.9494481283135643	1	1
regulation of tyrosine phosphorylation of STAT protein	GO:0042509		22	0	4.568512785231052	-Inf	0	1	1	1
positive regulation of tyrosine phosphorylation of STAT protein	GO:0042531		19	0	3.9455337690631813	-Inf	0	1	1	1
benzene-containing compound metabolic process	GO:0042537		11	1	2.284256392615526	-0.8260405414547983	0.4248799167694929	0.9227905796275384	1	1
response to hydrogen peroxide	GO:0042542		35	7	7.26808852195849	-0.03758318109052809	0.8550494879642134	0.6110375666279098	1	1
neuron maturation	GO:0042551		9	0	1.8689370485036119	-Inf	0	1	1	1
myelination	GO:0042552		14	3	2.9072354087833965	0.03140969039642335	0.9037570637243312	0.580334678997702	1	1
superoxide anion generation	GO:0042554		11	1	2.284256392615526	-0.8260405414547983	0.4248799167694929	0.9025405781366582	1	1
pteridine-containing compound metabolic process	GO:0042558		26	8	5.399151473454879	0.39319973500192623	1.1845771521468593	0.15424688492966396	1	1
pteridine-containing compound biosynthetic process	GO:0042559		7	2	1.4536177043916982	0.3190917628482042	1.123880732467684	0.4442785093143923	1	1
retinol metabolic process	GO:0042572		13	1	2.6995757367274393	-0.9930946261179644	0.3624410396831095	0.9515444407761957	1	1
retinoic acid metabolic process	GO:0042573		20	1	4.153193441119138	-1.4238775422104186	0.23851075901735286	0.9809185311126569	1	1
retinal metabolic process	GO:0042574		12	1	2.4919160646714826	-0.9130519184444281	0.39123986519130494	0.9227905796275384	1	1
glucose homeostasis	GO:0042593		47	8	9.760004586629973	-0.19885132868665037	0.7479557143835662	0.7674542599810802	1	1
response to starvation	GO:0042594		111	28	23.050223598211215	0.19452904020644193	1.025374568410994	0.14836629615157393	1	1
cholesterol homeostasis	GO:0042632		42	7	8.72170622635019	-0.21990473788448278	0.7346935242489594	0.776559324911374	1	1
hair cycle	GO:0042633		21	1	4.360853113175095	-1.4726677063798508	0.2273493330185462	0.961614211589703	1	1
regulation of hair cycle	GO:0042634		11	1	2.284256392615526	-0.8260405414547983	0.4248799167694929	0.9025405781366582	1	1
muscle cell differentiation	GO:0042692		55	8	11.421281963077629	-0.3560369122090627	0.6530325315921796	0.8862906119354687	1	1
thiamine-containing compound metabolic process	GO:0042723		6	0	1.2459580323357413	-Inf	0	1	1	1
flavin-containing compound metabolic process	GO:0042726		6	0	1.2459580323357413	-Inf	0	1	1	1
fibrinolysis	GO:0042730		11	1	2.284256392615526	-0.8260405414547983	0.4248799167694929	0.9227905796275384	1	1
embryonic digit morphogenesis	GO:0042733		13	2	2.6995757367274393	-0.29994744555801905	0.6858168500062106	0.7863084571716146	1	1
defense response to bacterium	GO:0042742		164	20	34.05618621717693	-0.5322794229266352	0.5578739387447885	0.9844352461691511	1	1
hydrogen peroxide metabolic process	GO:0042743		19	4	3.9455337690631813	0.013710113297022255	0.8911012527496509	0.5779209128693176	1	1
hydrogen peroxide catabolic process	GO:0042744		12	4	2.4919160646714826	0.4732424426754625	1.2517310839972888	0.22610735079264685	1	1
regulation of circadian rhythm	GO:0042752		30	6	6.229790161678706	-0.03758318109052809	0.8550494879642134	0.5773061328048694	1	1
positive regulation of circadian rhythm	GO:0042753		6	2	1.2459580323357413	0.4732424426754625	1.2517310839972888	0.36346143435754485	1	1
long-chain fatty acid catabolic process	GO:0042758		6	1	1.2459580323357413	-0.21990473788448278	0.7346935242489594	0.7526154025838886	1	1
long-chain fatty acid biosynthetic process	GO:0042759		22	3	4.568512785231052	-0.4205754333466341	0.6168072392922693	0.8650179970290931	1	1
very long-chain fatty acid biosynthetic process	GO:0042761		11	3	2.284256392615526	0.27257174721331123	1.0865570588453881	0.40803498456474274	1	1
regulation of sulfur metabolic process	GO:0042762		9	2	1.8689370485036119	0.0677773345672982	0.9301019182460473	0.5866424881018152	1	1
signal transduction in response to DNA damage	GO:0042770		108	25	22.427244582043343	0.1085993290875533	0.9602095836766764	0.2534178657964361	1	1
intrinsic apoptotic signaling pathway in response to DNA damage by p53 class mediator	GO:0042771		17	5	3.530214424951267	0.3480792997214565	1.1474455497580873	0.2682404361592198	1	1
ATP synthesis coupled electron transport	GO:0042773		17	5	3.530214424951267	0.3480792997214565	1.1474455497580873	0.22519902074631304	1	1
mitochondrial ATP synthesis coupled electron transport	GO:0042775		17	5	3.530214424951267	0.3480792997214565	1.1474455497580873	0.22519902074631304	1	1
proton motive force-driven mitochondrial ATP synthesis	GO:0042776		12	1	2.4919160646714826	-0.9130519184444281	0.39123986519130494	0.9388339804989202	1	1
tRNA 3'-end processing	GO:0042780		7	1	1.4536177043916982	-0.37405541771174117	0.6427576439377599	0.8040048847954714	1	1
mRNA transcription by RNA polymerase II	GO:0042789		30	3	6.229790161678706	-0.7307303616504734	0.46465550092064367	0.9641766692182933	1	1
5S class rRNA transcription by RNA polymerase III	GO:0042791		6	0	1.2459580323357413	-Inf	0	1	1	1
snRNA transcription by RNA polymerase II	GO:0042795		9	2	1.8689370485036119	0.0677773345672982	0.9301019182460473	0.5866424881018152	1	1
snRNA transcription by RNA polymerase III	GO:0042796		7	2	1.4536177043916982	0.3190917628482042	1.123880732467684	0.4442785093143923	1	1
tRNA transcription by RNA polymerase III	GO:0042797		7	0	1.4536177043916982	-Inf	0	1	1	1
defense response to protozoan	GO:0042832		5	0	1.0382983602797844	-Inf	0	1	1	1
amide transport	GO:0042886		57	12	11.836601307189543	0.013710113297022255	0.8911012527496509	0.5311439613100746	1	1
xenobiotic transport	GO:0042908		34	8	7.060428849902534	0.1249357484072468	0.9724140606384994	0.4107093893815096	1	1
lipoprotein transport	GO:0042953		12	1	2.4919160646714826	-0.9130519184444281	0.39123986519130494	0.9388339804989202	1	1
amyloid precursor protein metabolic process	GO:0042982		19	6	3.9455337690631813	0.41917522140518665	1.2061946638881593	0.18560774187177675	1	1
regulation of amyloid precursor protein biosynthetic process	GO:0042984		5	2	1.0382983602797844	0.6555639994694172	1.4101486239250423	0.2784677966097898	1	1
amyloid precursor protein catabolic process	GO:0042987		15	5	3.114895080839353	0.4732424426754625	1.2517310839972888	0.18446256055810342	1	1
regulation of Golgi to plasma membrane protein transport	GO:0042996		6	1	1.2459580323357413	-0.21990473788448278	0.7346935242489594	0.7526154025838886	1	1
Golgi to plasma membrane protein transport	GO:0043001		22	4	4.568512785231052	-0.13289336089485304	0.7905889481542714	0.6994719172777473	1	1
chordate embryonic development	GO:0043009		41	5	8.514046554294232	-0.5322794229266352	0.5578739387447885	0.9473162142484761	1	1
camera-type eye development	GO:0043010		28	2	5.814470817566793	-1.0672025982716864	0.3375241858610443	0.9816704453801859	1	1
T cell homeostasis	GO:0043029		6	2	1.2459580323357413	0.4732424426754625	1.2517310839972888	0.2784677966097898	1	1
regulation of macrophage activation	GO:0043030		21	2	4.360853113175095	-0.7795205258199055	0.4439030386300918	0.9510815874352324	1	1
negative regulation of macrophage activation	GO:0043031		5	0	1.0382983602797844	-Inf	0	1	1	1
positive regulation of macrophage activation	GO:0043032		11	2	2.284256392615526	-0.13289336089485304	0.7905889481542714	0.7000405632278557	1	1
amino acid activation	GO:0043038		36	5	7.4757481940144475	-0.4022262946784373	0.6269437020453897	0.8797691670302257	1	1
tRNA aminoacylation	GO:0043039		36	5	7.4757481940144475	-0.4022262946784373	0.6269437020453897	0.8797691670302257	1	1
peptide biosynthetic process	GO:0043043		10	2	2.076596720559569	-0.03758318109052809	0.8550494879642134	0.6469486398345623	1	1
post-fertilization epigenetic regulation of gene expression	GO:0043045		10	2	2.076596720559569	-0.03758318109052809	0.8550494879642134	0.6469486398345623	1	1
extracellular structure organization	GO:0043062		84	9	17.44341245270038	-0.661737490163522	0.4954358756915953	0.9951245596336364	1	1
negative regulation of catalytic activity	GO:0043086		150	34	31.148950808393533	0.08757996186347786	0.9446370519324704	0.29701895409403134	1	1
regulation of GTPase activity	GO:0043087		113	21	23.46554294232313	-0.11101064964534543	0.8050930985291045	0.7359593292348672	1	1
cellular metabolic compound salvage	GO:0043094		21	4	4.360853113175095	-0.08637334525996013	0.8216351574574108	0.661983562527506	1	1
purine-containing compound salvage	GO:0043101		7	0	1.4536177043916982	-Inf	0	1	1	1
amino acid salvage	GO:0043102		5	1	1.0382983602797844	-0.03758318109052809	0.8550494879642134	0.687756407879498	1	1
receptor metabolic process	GO:0043112		28	2	5.814470817566793	-1.0672025982716864	0.3375241858610443	0.9849944588960549	1	1
receptor clustering	GO:0043113		14	2	2.9072354087833965	-0.37405541771174117	0.6427576439377599	0.8206374202006002	1	1
regulation of vascular permeability	GO:0043114		31	4	6.4374498337346635	-0.47583811202168336	0.5870579010261421	0.9105414052447596	1	1
negative regulation of vascular permeability	GO:0043116		13	2	2.6995757367274393	-0.29994744555801905	0.6858168500062106	0.7863084571716146	1	1
positive regulation of vascular permeability	GO:0043117		13	3	2.6995757367274393	0.10551766255014523	0.9579172596729197	0.5263390908313202	1	1
regulation of canonical NF-kappaB signal transduction	GO:0043122		181	30	37.5864006421282	-0.22544491826009821	0.7312316123523517	0.9302918805237617	1	1
positive regulation of canonical NF-kappaB signal transduction	GO:0043123		122	22	25.33447999082674	-0.14112386003136843	0.7851798084512193	0.8032473018651705	1	1
negative regulation of canonical NF-kappaB signal transduction	GO:0043124		56	8	11.628941635133586	-0.37405541771174117	0.6427576439377599	0.9189180325990167	1	1
surfactant homeostasis	GO:0043129		5	0	1.0382983602797844	-Inf	0	1	1	1
stress fiber assembly	GO:0043149		15	3	3.114895080839353	-0.03758318109052809	0.8550494879642134	0.6302483766769817	1	1
induction of bacterial agglutination	GO:0043152		5	0	1.0382983602797844	-Inf	0	1	1	1
proteasome-mediated ubiquitin-dependent protein catabolic process	GO:0043161		170	25	35.30214424951267	-0.34506788083848877	0.6593487065289834	0.9688348165101877	1	1
ubiquitin-dependent protein catabolic process via the multivesicular body sorting pathway	GO:0043162		23	0	4.776172457287008	-Inf	0	1	1	1
peptide catabolic process	GO:0043171		11	2	2.284256392615526	-0.13289336089485304	0.7905889481542714	0.7000405632278557	1	1
nucleotide salvage	GO:0043173		7	0	1.4536177043916982	-Inf	0	1	1	1
nucleoside salvage	GO:0043174		6	3	1.2459580323357413	0.878707550783627	1.6124283013649316	0.1084805211142787	1	1
response to amino acid	GO:0043200		34	5	7.060428849902534	-0.34506788083848877	0.6593487065289834	0.8446608236131994	1	1
response to leucine	GO:0043201		10	1	2.076596720559569	-0.7307303616504734	0.46465550092064367	0.9025405781366582	1	1
negative regulation of protein-containing complex disassembly	GO:0043242		30	3	6.229790161678706	-0.7307303616504734	0.46465550092064367	0.9641766692182933	1	1
positive regulation of protein-containing complex disassembly	GO:0043243		26	4	5.399151473454879	-0.29994744555801905	0.6858168500062106	0.8191190934479378	1	1
regulation of protein-containing complex disassembly	GO:0043244		65	7	13.497878683637197	-0.6566223894967514	0.49778599269931284	0.9890620036239657	1	1
telomere maintenance in response to DNA damage	GO:0043247		9	1	1.8689370485036119	-0.6253698459926471	0.5123516935775311	0.8040048847954714	1	1
proteasome assembly	GO:0043248		8	0	1.661277376447655	-Inf	0	1	1	1
sodium-independent organic anion transport	GO:0043252		10	2	2.076596720559569	-0.03758318109052809	0.8550494879642134	0.5866424881018152	1	1
regulation of carbohydrate biosynthetic process	GO:0043255		45	7	9.344685242518059	-0.28889760937143416	0.6924181421030614	0.8367830573214864	1	1
regulation of potassium ion transport	GO:0043266		46	7	9.552344914574016	-0.3108765160902095	0.6793338644888768	0.7982594842173442	1	1
negative regulation of potassium ion transport	GO:0043267		17	5	3.530214424951267	0.3480792997214565	1.1474455497580873	0.22519902074631304	1	1
positive regulation of potassium ion transport	GO:0043268		24	2	4.983832129342965	-0.9130519184444281	0.39123986519130494	0.9407351059279203	1	1
positive regulation of monoatomic ion transport	GO:0043270		101	11	20.973626877651647	-0.6453705126993168	0.5029890634896105	0.9943421725756649	1	1
negative regulation of monoatomic ion transport	GO:0043271		60	9	12.459580323357413	-0.32526525354230906	0.6708686990356654	0.8896430926886778	1	1
apoptotic cell clearance	GO:0043277		15	3	3.114895080839353	-0.03758318109052809	0.8550494879642134	0.6302483766769817	1	1
response to alkaloid	GO:0043279		12	4	2.4919160646714826	0.4732424426754625	1.2517310839972888	0.22610735079264685	1	1
apical junction assembly	GO:0043297		25	3	5.1914918013989215	-0.5484088048565187	0.549754965062503	0.9017612221096273	1	1
leukocyte degranulation	GO:0043299		17	3	3.530214424951267	-0.16274632404453418	0.771090171362034	0.6302483766769817	1	1
regulation of leukocyte degranulation	GO:0043300		23	5	4.776172457287008	0.045798427848522894	0.9141258443564794	0.49328596615142095	1	1
negative regulation of leukocyte degranulation	GO:0043301		7	3	1.4536177043916982	0.7245568709563687	1.4718161116467272	0.1614187469654273	1	1
positive regulation of leukocyte degranulation	GO:0043302		14	1	2.9072354087833965	-1.0672025982716864	0.3375241858610443	0.9515444407761957	1	1
mast cell degranulation	GO:0043303		8	1	1.661277376447655	-0.5075868103362635	0.5704932391303862	0.8040048847954714	1	1
regulation of mast cell degranulation	GO:0043304		10	4	2.076596720559569	0.6555639994694172	1.4101486239250423	0.09604599368521607	1	1
eosinophil activation	GO:0043307		5	2	1.0382983602797844	0.6555639994694172	1.4101486239250423	0.2784677966097898	1	1
eosinophil degranulation	GO:0043308		5	2	1.0382983602797844	0.6555639994694172	1.4101486239250423	0.2784677966097898	1	1
natural killer cell degranulation	GO:0043320		5	1	1.0382983602797844	-0.03758318109052809	0.8550494879642134	0.6058986856255562	1	1
regulation of natural killer cell degranulation	GO:0043321		5	0	1.0382983602797844	-Inf	0	1	1	1
positive regulation of natural killer cell degranulation	GO:0043323		5	0	1.0382983602797844	-Inf	0	1	1	1
response to exogenous dsRNA	GO:0043330		20	1	4.153193441119138	-1.4238775422104186	0.23851075901735286	0.9905159401782357	1	1
response to dsRNA	GO:0043331		24	2	4.983832129342965	-0.9130519184444281	0.39123986519130494	0.9668305045774548	1	1
CD4-positive, alpha-beta T cell differentiation	GO:0043367		19	3	3.9455337690631813	-0.2739719591547587	0.7014093242688044	0.7873782230686989	1	1
positive T cell selection	GO:0043368		9	1	1.8689370485036119	-0.6253698459926471	0.5123516935775311	0.8769813843064487	1	1
CD4-positive or CD8-positive, alpha-beta T cell lineage commitment	GO:0043369		8	1	1.661277376447655	-0.5075868103362635	0.5704932391303862	0.8447215069503783	1	1
regulation of CD4-positive, alpha-beta T cell differentiation	GO:0043370		17	4	3.530214424951267	0.1249357484072468	0.9724140606384994	0.4830503542687592	1	1
negative regulation of CD4-positive, alpha-beta T cell differentiation	GO:0043371		8	2	1.661277376447655	0.18556037022368177	1.0184629095493067	0.5189885297111225	1	1
positive regulation of CD4-positive, alpha-beta T cell differentiation	GO:0043372		10	2	2.076596720559569	-0.03758318109052809	0.8550494879642134	0.6469486398345623	1	1
CD4-positive, alpha-beta T cell lineage commitment	GO:0043373		7	1	1.4536177043916982	-0.37405541771174117	0.6427576439377599	0.8040048847954714	1	1
mycotoxin metabolic process	GO:0043385		6	0	1.2459580323357413	-Inf	0	1	1	1
positive regulation of DNA binding	GO:0043388		23	4	4.776172457287008	-0.17734512346568673	0.7616766486395636	0.6994719172777473	1	1
negative regulation of DNA binding	GO:0043392		19	2	3.9455337690631813	-0.6794370672629231	0.4873768597596791	0.9283279489376746	1	1
regulation of protein binding	GO:0043393		63	13	13.082559339525284	-0.006330637586423799	0.8769042423731053	0.5346822386483421	1	1
steroid hormone mediated signaling pathway	GO:0043401		40	9	8.306386882238275	0.08019985456585538	0.9392045403159717	0.42228919185602753	1	1
regulation of MAP kinase activity	GO:0043405		56	7	11.628941635133586	-0.5075868103362637	0.5704932391303862	0.9564455520008097	1	1
positive regulation of MAP kinase activity	GO:0043406		33	1	6.852769177846577	-1.924652830122908	0.14541340475505887	0.9995422401687882	1	1
negative regulation of MAP kinase activity	GO:0043407		16	6	3.32255475289531	0.591025478331846	1.353273052440545	0.07136976970076461	1	1
negative regulation of MAPK cascade	GO:0043409		91	17	18.89703015709208	-0.10579143111706185	0.8085787027245196	0.6724942965463575	1	1
macromolecule glycosylation	GO:0043413		148	23	30.733631464281615	-0.28986332649139296	0.6918393416996993	0.9404043543963707	1	1
macromolecule methylation	GO:0043414		87	16	18.066391468868247	-0.1214646650712301	0.7981418402639773	0.6735217399423064	1	1
negative regulation of DNA-binding transcription factor activity	GO:0043433		66	17	13.705538355693154	0.21541333337336288	1.0415658507331587	0.1290955595411371	1	1
response to peptide hormone	GO:0043434		93	18	19.312349501203993	-0.07037300391351914	0.8324976266966551	0.6716542607723768	1	1
regulation of secondary metabolic process	GO:0043455		9	2	1.8689370485036119	0.0677773345672982	0.9301019182460473	0.5866424881018152	1	1
regulation of cellular respiration	GO:0043457		26	6	5.399151473454879	0.10551766255014523	0.9579172596729197	0.42096753918330476	1	1
proton-transporting ATP synthase complex assembly	GO:0043461		6	2	1.2459580323357413	0.4732424426754625	1.2517310839972888	0.2784677966097898	1	1
regulation of ATP-dependent activity	GO:0043462		32	6	6.64510950579062	-0.10212170222809921	0.8110355253935493	0.6790944125885722	1	1
regulation of generation of precursor metabolites and energy	GO:0043467		76	15	15.782135076252725	-0.050828407840548886	0.8458929265164153	0.5879208215338972	1	1
regulation of carbohydrate catabolic process	GO:0043470		37	8	7.683407866070404	0.0403783603791838	0.9102116304041197	0.51365345740691	1	1
pigmentation	GO:0043473		35	6	7.26808852195849	-0.19173386091778638	0.7524772743438592	0.7635037164985294	1	1
pigment accumulation	GO:0043476		9	1	1.8689370485036119	-0.6253698459926471	0.5123516935775311	0.8769813843064487	1	1
cellular pigment accumulation	GO:0043482		9	1	1.8689370485036119	-0.6253698459926471	0.5123516935775311	0.8769813843064487	1	1
regulation of RNA splicing	GO:0043484		106	19	22.011925237931433	-0.14714538360205454	0.7812384582656922	0.7704606053838581	1	1
endosome to pigment granule transport	GO:0043485		9	1	1.8689370485036119	-0.6253698459926471	0.5123516935775311	0.8769813843064487	1	1
regulation of RNA stability	GO:0043487		117	22	24.296181630546954	-0.09927675009586795	0.812943595209174	0.7030347807858457	1	1
regulation of mRNA stability	GO:0043488		108	21	22.427244582043343	-0.06575405805722445	0.8356507821944621	0.6340162231017068	1	1
RNA stabilization	GO:0043489		49	11	10.175323930741888	0.0779297060313161	0.9375371781814232	0.4410255693305576	1	1
malate-aspartate shuttle	GO:0043490		9	0	1.8689370485036119	-Inf	0	1	1	1
phosphatidylinositol 3-kinase/protein kinase B signal transduction	GO:0043491		27	3	5.606811145510836	-0.6253698459926471	0.5123516935775311	0.9401202764318235	1	1
muscle adaptation	GO:0043500		6	2	1.2459580323357413	0.4732424426754625	1.2517310839972888	0.36346143435754485	1	1
regulation of muscle adaptation	GO:0043502		19	7	3.9455337690631813	0.573325901232445	1.3378214494053917	0.0800583821915428	1	1
regulation of JUN kinase activity	GO:0043506		18	1	3.7378740970072237	-1.3185170265525925	0.26443900870457454	0.9848848484905597	1	1
positive regulation of JUN kinase activity	GO:0043507		13	0	2.6995757367274393	-Inf	0	1	1	1
negative regulation of JUN kinase activity	GO:0043508		5	1	1.0382983602797844	-0.03758318109052809	0.8550494879642134	0.687756407879498	1	1
regulation of DNA damage response, signal transduction by p53 class mediator	GO:0043516		29	7	6.02213048962275	0.15046905041241138	0.9916643736520799	0.3969397131754743	1	1
positive regulation of DNA damage response, signal transduction by p53 class mediator	GO:0043517		13	4	2.6995757367274393	0.39319973500192623	1.1845771521468593	0.27647232356917906	1	1
negative regulation of DNA damage response, signal transduction by p53 class mediator	GO:0043518		12	2	2.4919160646714826	-0.21990473788448278	0.7346935242489594	0.7463131700423387	1	1
regulation of neuron apoptotic process	GO:0043523		67	13	13.913198027749111	-0.06788853058585703	0.8341927031631421	0.5851282697688671	1	1
negative regulation of neuron apoptotic process	GO:0043524		44	9	9.137025570462104	-0.015110325238469651	0.8707294362558359	0.5497131552699791	1	1
positive regulation of neuron apoptotic process	GO:0043525		15	3	3.114895080839353	-0.03758318109052809	0.8550494879642134	0.6302483766769817	1	1
blood vessel endothelial cell migration	GO:0043534		19	4	3.9455337690631813	0.013710113297022255	0.8911012527496509	0.5779209128693176	1	1
regulation of blood vessel endothelial cell migration	GO:0043535		74	15	15.366815732140807	-0.024160160758387346	0.8643933696100836	0.5879208215338972	1	1
positive regulation of blood vessel endothelial cell migration	GO:0043536		46	7	9.552344914574016	-0.3108765160902095	0.6793338644888768	0.86920651242587	1	1
negative regulation of blood vessel endothelial cell migration	GO:0043537		31	8	6.4374498337346635	0.21730906853826196	1.0430422420580645	0.3071998656184688	1	1
endothelial cell migration	GO:0043542		45	9	9.344685242518059	-0.03758318109052809	0.8550494879642134	0.6091602052023222	1	1
protein acylation	GO:0043543		57	13	11.836601307189543	0.09375282097055884	0.9491949837706734	0.4024476916771511	1	1
molybdopterin cofactor metabolic process	GO:0043545		6	2	1.2459580323357413	0.4732424426754625	1.2517310839972888	0.36346143435754485	1	1
positive regulation of GTPase activity	GO:0043547		76	13	15.782135076252725	-0.19392925148122228	0.7510805473846401	0.8080917653785411	1	1
regulation of translation in response to stress	GO:0043555		16	3	3.32255475289531	-0.10212170222809921	0.8110355253935493	0.6302483766769817	1	1
regulation of insulin-like growth factor receptor signaling pathway	GO:0043567		9	1	1.8689370485036119	-0.6253698459926471	0.5123516935775311	0.8769813843064487	1	1
maintenance of DNA repeat elements	GO:0043570		5	1	1.0382983602797844	-0.03758318109052809	0.8550494879642134	0.687756407879498	1	1
peroxisomal transport	GO:0043574		18	3	3.7378740970072237	-0.21990473788448264	0.7346935242489595	0.7543060161951124	1	1
ear development	GO:0043583		16	0	3.32255475289531	-Inf	0	1	1	1
skin development	GO:0043588		64	5	13.29021901158124	-0.9775904395819992	0.3678634432234473	0.996924421318165	1	1
skin morphogenesis	GO:0043589		7	1	1.4536177043916982	-0.37405541771174117	0.6427576439377599	0.7526154025838886	1	1
amide biosynthetic process	GO:0043604		102	15	21.1812865497076	-0.3450678808384886	0.6593487065289835	0.9440670331236753	1	1
keratinocyte proliferation	GO:0043616		6	0	1.2459580323357413	-Inf	0	1	1	1
cortical microtubule organization	GO:0043622		6	0	1.2459580323357413	-Inf	0	1	1	1
response to estrogen	GO:0043627		23	5	4.776172457287008	0.045798427848522894	0.9141258443564794	0.49328596615142095	1	1
inositol phosphate metabolic process	GO:0043647		19	5	3.9455337690631813	0.23685366461123208	1.058327343188305	0.3128420019394392	1	1
dicarboxylic acid metabolic process	GO:0043648		58	16	12.0442609792455	0.28400044303693406	1.0956689391716294	0.13241604938668472	1	1
dicarboxylic acid catabolic process	GO:0043649		17	4	3.530214424951267	0.1249357484072468	0.9724140606384994	0.4830503542687592	1	1
dicarboxylic acid biosynthetic process	GO:0043650		7	3	1.4536177043916982	0.7245568709563687	1.4718161116467272	0.1614187469654273	1	1
linoleic acid metabolic process	GO:0043651		15	3	3.114895080839353	-0.03758318109052809	0.8550494879642134	0.6302483766769817	1	1
mitochondrial fragmentation involved in apoptotic process	GO:0043653		6	2	1.2459580323357413	0.4732424426754625	1.2517310839972888	0.36346143435754485	1	1
reverse cholesterol transport	GO:0043691		15	3	3.114895080839353	-0.03758318109052809	0.8550494879642134	0.6302483766769817	1	1
regulation of biological process involved in symbiotic interaction	GO:0043903		36	3	7.4757481940144475	-0.913051918444428	0.39123986519130505	0.985285770232471	1	1
negative regulation by host of viral transcription	GO:0043922		14	1	2.9072354087833965	-1.0672025982716864	0.3375241858610443	0.9515444407761957	1	1
positive regulation by host of viral transcription	GO:0043923		17	3	3.530214424951267	-0.16274632404453418	0.771090171362034	0.7172018988421163	1	1
cellular component maintenance	GO:0043954		20	3	4.153193441119138	-0.32526525354230906	0.6708686990356654	0.8166635360254624	1	1
negative regulation of gene expression via CpG island methylation	GO:0044027		10	3	2.076596720559569	0.3678819270176362	1.1636753669944517	0.3454178811708285	1	1
positive regulation of gene expression via CpG island demethylation	GO:0044029		9	3	1.8689370485036119	0.47324244267546267	1.2517310839972888	0.2821996753436965	1	1
glucan metabolic process	GO:0044042		20	4	4.153193441119138	-0.03758318109052809	0.8550494879642134	0.6214281163137048	1	1
regulation of digestive system process	GO:0044058		11	1	2.284256392615526	-0.8260405414547983	0.4248799167694929	0.9227905796275384	1	1
regulation of endocrine process	GO:0044060		17	2	3.530214424951267	-0.5682114321526985	0.5399204070993384	0.8499280422811566	1	1
regulation of monoatomic anion transport	GO:0044070		10	1	2.076596720559569	-0.7307303616504734	0.46465550092064367	0.9025405781366582	1	1
regulation of vacuole organization	GO:0044088		52	12	10.798302946909757	0.10551766255014523	0.9579172596729197	0.3653301401887838	1	1
positive regulation of vacuole organization	GO:0044090		23	5	4.776172457287008	0.045798427848522894	0.9141258443564794	0.5361092021545812	1	1
membrane biogenesis	GO:0044091		39	5	8.09872721018232	-0.482269002351974	0.583671700115388	0.8797691670302257	1	1
'de novo' AMP biosynthetic process	GO:0044208		5	3	1.0382983602797844	1.0610291075775815	1.782860369115461	0.06394451928365348	1	1
lipid digestion	GO:0044241		8	1	1.661277376447655	-0.5075868103362635	0.5704932391303862	0.8447215069503783	1	1
sulfur compound biosynthetic process	GO:0044272		100	15	20.765967205595686	-0.3252652535423089	0.6708686990356655	0.9324540185352851	1	1
sulfur compound catabolic process	GO:0044273		23	7	4.776172457287008	0.38227066446973584	1.1755337124879146	0.1842643366948414	1	1
protein K27-linked ubiquitination	GO:0044314		12	1	2.4919160646714826	-0.9130519184444281	0.39123986519130494	0.9388339804989202	1	1
wound healing, spreading of cells	GO:0044319		16	0	3.32255475289531	-Inf	0	1	1	1
response to leptin	GO:0044321		5	0	1.0382983602797844	-Inf	0	1	1	1
cell-cell adhesion mediated by cadherin	GO:0044331		5	0	1.0382983602797844	-Inf	0	1	1	1
cellular response to fibroblast growth factor stimulus	GO:0044344		37	2	7.683407866070404	-1.3459160007407067	0.25744780972949644	0.9980694749293324	1	1
clearance of foreign intracellular DNA	GO:0044355		6	1	1.2459580323357413	-0.21990473788448278	0.7346935242489594	0.7526154025838886	1	1
protein localization to cytoskeleton	GO:0044380		33	6	6.852769177846577	-0.1328933608948529	0.7905889481542714	0.7092283950000058	1	1
negative regulation of protein kinase activity by regulation of protein phosphorylation	GO:0044387		5	2	1.0382983602797844	0.6555639994694172	1.4101486239250423	0.2784677966097898	1	1
biological process involved in symbiotic interaction	GO:0044403		102	12	21.1812865497076	-0.5682114321526985	0.5399204070993384	0.9858426188154079	1	1
adhesion of symbiont to host	GO:0044406		11	3	2.284256392615526	0.27257174721331123	1.0865570588453881	0.40803498456474274	1	1
entry into host	GO:0044409		40	7	8.306386882238275	-0.17111457371505073	0.7656843782754985	0.7531772502670526	1	1
motile cilium assembly	GO:0044458		24	7	4.983832129342965	0.3397110500509399	1.1406190175427178	0.1842643366948414	1	1
long-chain fatty acid import into cell	GO:0044539		7	2	1.4536177043916982	0.3190917628482042	1.123880732467684	0.4442785093143923	1	1
secondary metabolite biosynthetic process	GO:0044550		7	0	1.4536177043916982	-Inf	0	1	1	1
[2Fe-2S] cluster assembly	GO:0044571		9	3	1.8689370485036119	0.47324244267546267	1.2517310839972888	0.2821996753436965	1	1
daunorubicin metabolic process	GO:0044597		9	1	1.8689370485036119	-0.6253698459926471	0.5123516935775311	0.8769813843064487	1	1
doxorubicin metabolic process	GO:0044598		10	1	2.076596720559569	-0.7307303616504734	0.46465550092064367	0.9025405781366582	1	1
adhesion of symbiont to host cell	GO:0044650		9	1	1.8689370485036119	-0.6253698459926471	0.5123516935775311	0.8769813843064487	1	1
multi-organism reproductive process	GO:0044703		62	10	12.874899667469327	-0.2526945607074737	0.7143744674522063	0.8420270943814117	1	1
multi-multicellular organism process	GO:0044706		60	10	12.459580323357413	-0.21990473788448278	0.7346935242489594	0.8100762711215267	1	1
epigenetic programming in the zygotic pronuclei	GO:0044725		5	2	1.0382983602797844	0.6555639994694172	1.4101486239250423	0.2784677966097898	1	1
protein transmembrane import into intracellular organelle	GO:0044743		26	5	5.399151473454879	-0.07680389424380936	0.828120501226785	0.653075468975933	1	1
cell cycle phase transition	GO:0044770		94	14	19.520009173259947	-0.33238272131117297	0.6667108053585193	0.9302123289522067	1	1
mitotic cell cycle phase transition	GO:0044772		83	12	17.23575278064442	-0.36207922666502534	0.6495730336546841	0.9329463135109642	1	1
mitotic DNA damage checkpoint signaling	GO:0044773		46	13	9.552344914574016	0.30816269231601395	1.1150568057285526	0.12456747904213206	1	1
mitotic DNA integrity checkpoint signaling	GO:0044774		48	13	9.96766425868593	0.2656030778972181	1.081019764155047	0.1612723534393082	1	1
cilium organization	GO:0044782		194	34	40.285976378855636	-0.16964290310359456	0.7666331499235348	0.8665048040427867	1	1
metaphase/anaphase transition of cell cycle	GO:0044784		5	2	1.0382983602797844	0.6555639994694172	1.4101486239250423	0.2784677966097898	1	1
cell cycle DNA replication	GO:0044786		11	2	2.284256392615526	-0.13289336089485304	0.7905889481542714	0.7000405632278557	1	1
modulation by host of viral process	GO:0044788		44	7	9.137025570462104	-0.2664247535193757	0.7059882779701845	0.8183165423804628	1	1
suppression of viral release by host	GO:0044790		15	1	3.114895080839353	-1.1361954697586378	0.3157645429162462	0.961614211589703	1	1
negative regulation by host of viral process	GO:0044793		14	1	2.9072354087833965	-1.0672025982716864	0.3375241858610443	0.9515444407761957	1	1
positive regulation by host of viral process	GO:0044794		19	6	3.9455337690631813	0.41917522140518665	1.2061946638881593	0.18560774187177675	1	1
mitotic G2/M transition checkpoint	GO:0044818		36	7	7.4757481940144475	-0.06575405805722445	0.8356507821944621	0.6110375666279098	1	1
mitotic G1/S transition checkpoint signaling	GO:0044819		14	6	2.9072354087833965	0.7245568709563687	1.4718161116467272	0.05162431923707651	1	1
modulation by host of viral genome replication	GO:0044827		22	5	4.568512785231052	0.0902501904193567	0.9466071317499707	0.49328596615142095	1	1
negative regulation by host of viral genome replication	GO:0044828		10	1	2.076596720559569	-0.7307303616504734	0.46465550092064367	0.9025405781366582	1	1
positive regulation by host of viral genome replication	GO:0044829		9	4	1.8689370485036119	0.7609245151272435	1.5046554115250335	0.09604599368521607	1	1
modulation by host of viral RNA genome replication	GO:0044830		5	0	1.0382983602797844	-Inf	0	1	1	1
cell cycle G2/M phase transition	GO:0044839		36	6	7.4757481940144475	-0.21990473788448264	0.7346935242489595	0.7876625109245161	1	1
cell cycle G1/S phase transition	GO:0044843		44	6	9.137025570462104	-0.4205754333466341	0.6168072392922693	0.907171324863558	1	1
plasma membrane raft assembly	GO:0044854		5	0	1.0382983602797844	-Inf	0	1	1	1
plasma membrane raft organization	GO:0044857		6	0	1.2459580323357413	-Inf	0	1	1	1
lipoprotein localization	GO:0044872		13	1	2.6995757367274393	-0.9930946261179644	0.3624410396831095	0.9515444407761957	1	1
double-strand break repair via single-strand annealing	GO:0045002		6	0	1.2459580323357413	-Inf	0	1	1	1
DNA-templated DNA replication maintenance of fidelity	GO:0045005		43	9	8.929365898406147	0.007879192986229145	0.886955977922381	0.5186889148503415	1	1
DNA deamination	GO:0045006		9	0	1.8689370485036119	-Inf	0	1	1	1
depyrimidination	GO:0045008		8	4	1.661277376447655	0.8787075507836271	1.6124283013649319	0.06353591170080096	1	1
actin nucleation	GO:0045010		14	1	2.9072354087833965	-1.0672025982716864	0.3375241858610443	0.9515444407761957	1	1
glycerolipid biosynthetic process	GO:0045017		158	32	32.810228184841186	-0.025004398883667924	0.8638037846690175	0.5468888220292961	1	1
negative regulation of nitric oxide biosynthetic process	GO:0045019		6	1	1.2459580323357413	-0.21990473788448278	0.7346935242489594	0.7526154025838886	1	1
early endosome to late endosome transport	GO:0045022		21	2	4.360853113175095	-0.7795205258199055	0.4439030386300918	0.9407351059279203	1	1
plasma membrane fusion	GO:0045026		9	1	1.8689370485036119	-0.6253698459926471	0.5123516935775311	0.7526154025838886	1	1
protein insertion into mitochondrial inner membrane	GO:0045039		11	4	2.284256392615526	0.5602538196650922	1.3264517770645412	0.17843893878705638	1	1
protein import into peroxisome membrane	GO:0045046		5	1	1.0382983602797844	-0.03758318109052809	0.8550494879642134	0.687756407879498	1	1
protein targeting to ER	GO:0045047		14	0	2.9072354087833965	-Inf	0	1	1	1
protein insertion into ER membrane	GO:0045048		30	4	6.229790161678706	-0.4430482891986925	0.6045686331939815	0.8964686132256037	1	1
protein insertion into ER membrane by stop-transfer membrane-anchor sequence	GO:0045050		11	0	2.284256392615526	-Inf	0	1	1	1
constitutive secretory pathway	GO:0045054		5	0	1.0382983602797844	-Inf	0	1	1	1
regulated exocytosis	GO:0045055		42	8	8.72170622635019	-0.08637334525996013	0.8216351574574108	0.6098286989334303	1	1
transcytosis	GO:0045056		10	2	2.076596720559569	-0.03758318109052809	0.8550494879642134	0.6469486398345623	1	1
T cell selection	GO:0045058		12	2	2.4919160646714826	-0.21990473788448278	0.7346935242489594	0.7463131700423387	1	1
regulation of viral genome replication	GO:0045069		67	12	13.913198027749111	-0.14793123825939353	0.7807250831222212	0.7022624380970732	1	1
positive regulation of viral genome replication	GO:0045070		28	8	5.814470817566793	0.3190917628482042	1.123880732467684	0.15424688492966396	1	1
negative regulation of viral genome replication	GO:0045071		42	5	8.72170622635019	-0.5563769745056957	0.5457800980530012	0.9473162142484761	1	1
regulation of single stranded viral RNA replication via double stranded DNA intermediate	GO:0045091		9	1	1.8689370485036119	-0.6253698459926471	0.5123516935775311	0.8769813843064487	1	1
intermediate filament-based process	GO:0045103		25	2	5.1914918013989215	-0.9538739129646832	0.37630172211245844	0.9596879464758464	1	1
intermediate filament cytoskeleton organization	GO:0045104		25	2	5.1914918013989215	-0.9538739129646832	0.37630172211245844	0.9596879464758464	1	1
intermediate filament organization	GO:0045109		16	2	3.32255475289531	-0.5075868103362635	0.5704932391303862	0.8206374202006002	1	1
intermediate filament bundle assembly	GO:0045110		7	1	1.4536177043916982	-0.37405541771174117	0.6427576439377599	0.8040048847954714	1	1
protein neddylation	GO:0045116		8	0	1.661277376447655	-Inf	0	1	1	1
azole transmembrane transport	GO:0045117		9	0	1.8689370485036119	-Inf	0	1	1	1
cellular extravasation	GO:0045123		26	9	5.399151473454879	0.5109827706583097	1.283930417894171	0.0724167984870475	1	1
regulation of bone resorption	GO:0045124		6	0	1.2459580323357413	-Inf	0	1	1	1
meiotic chromosome segregation	GO:0045132		10	2	2.076596720559569	-0.03758318109052809	0.8550494879642134	0.6469486398345623	1	1
development of primary sexual characteristics	GO:0045137		27	1	5.606811145510836	-1.723982134660757	0.17742219927851477	0.9976580232295023	1	1
homologous chromosome segregation	GO:0045143		5	2	1.0382983602797844	0.6555639994694172	1.4101486239250423	0.2784677966097898	1	1
cell fate commitment	GO:0045165		37	3	7.683407866070404	-0.9404508926325424	0.38115546066805905	0.9897928872871471	1	1
maintenance of protein location	GO:0045185		39	4	8.09872721018232	-0.7054125536661837	0.47575345058804924	0.9742437641076527	1	1
regulation of isotype switching	GO:0045191		9	1	1.8689370485036119	-0.6253698459926471	0.5123516935775311	0.8769813843064487	1	1
establishment or maintenance of epithelial cell apical/basal polarity	GO:0045197		16	2	3.32255475289531	-0.5075868103362635	0.5704932391303862	0.8747919000306	1	1
establishment of epithelial cell apical/basal polarity	GO:0045198		10	2	2.076596720559569	-0.03758318109052809	0.8550494879642134	0.6469486398345623	1	1
sarcomere organization	GO:0045214		10	1	2.076596720559569	-0.7307303616504734	0.46465550092064367	0.9025405781366582	1	1
cell-cell junction organization	GO:0045216		74	8	15.366815732140807	-0.6527688201807615	0.49956277154694617	0.9909856103164654	1	1
cell-cell junction maintenance	GO:0045217		14	2	2.9072354087833965	-0.37405541771174117	0.6427576439377599	0.8206374202006002	1	1
external encapsulating structure organization	GO:0045229		85	8	17.651072124756336	-0.7913549834669082	0.43899362943059883	0.9984644794633042	1	1
mRNA cis splicing, via spliceosome	GO:0045292		11	3	2.284256392615526	0.27257174721331123	1.0865570588453881	0.40803498456474274	1	1
carnitine biosynthetic process	GO:0045329		5	2	1.0382983602797844	0.6555639994694172	1.4101486239250423	0.2784677966097898	1	1
phospholipid translocation	GO:0045332		22	4	4.568512785231052	-0.13289336089485304	0.7905889481542714	0.661983562527506	1	1
cellular respiration	GO:0045333		68	16	14.120857699805068	0.1249357484072468	0.9724140606384994	0.3081974838684174	1	1
regulation of MHC class I biosynthetic process	GO:0045343		6	1	1.2459580323357413	-0.21990473788448278	0.7346935242489594	0.7526154025838886	1	1
positive regulation of MHC class I biosynthetic process	GO:0045345		5	1	1.0382983602797844	-0.03758318109052809	0.8550494879642134	0.687756407879498	1	1
regulation of MHC class II biosynthetic process	GO:0045346		8	2	1.661277376447655	0.18556037022368177	1.0184629095493067	0.5189885297111225	1	1
positive regulation of MHC class II biosynthetic process	GO:0045348		5	2	1.0382983602797844	0.6555639994694172	1.4101486239250423	0.2784677966097898	1	1
regulation of nitric oxide biosynthetic process	GO:0045428		27	5	5.606811145510836	-0.11454422222665642	0.8027389619017541	0.653075468975933	1	1
positive regulation of nitric oxide biosynthetic process	GO:0045429		19	3	3.9455337690631813	-0.2739719591547587	0.7014093242688044	0.7543060161951124	1	1
fat cell differentiation	GO:0045444		17	2	3.530214424951267	-0.5682114321526985	0.5399204070993384	0.8958039001890645	1	1
myoblast differentiation	GO:0045445		10	3	2.076596720559569	0.3678819270176362	1.1636753669944517	0.3454178811708285	1	1
endothelial cell differentiation	GO:0045446		36	4	7.4757481940144475	-0.6253698459926471	0.5123516935775311	0.9512442540874169	1	1
cell redox homeostasis	GO:0045454		22	3	4.568512785231052	-0.4205754333466341	0.6168072392922693	0.8424435316084549	1	1
response to ethanol	GO:0045471		13	3	2.6995757367274393	0.10551766255014523	0.9579172596729197	0.5263390908313202	1	1
photoreceptor cell maintenance	GO:0045494		19	2	3.9455337690631813	-0.6794370672629231	0.4873768597596791	0.9134911356883086	1	1
regulation of cholesterol biosynthetic process	GO:0045540		17	5	3.530214424951267	0.3480792997214565	1.1474455497580873	0.2682404361592198	1	1
positive regulation of cholesterol biosynthetic process	GO:0045542		9	3	1.8689370485036119	0.47324244267546267	1.2517310839972888	0.2821996753436965	1	1
mast cell activation	GO:0045576		9	1	1.8689370485036119	-0.6253698459926471	0.5123516935775311	0.8447215069503783	1	1
regulation of B cell differentiation	GO:0045577		12	1	2.4919160646714826	-0.9130519184444281	0.39123986519130494	0.9388339804989202	1	1
positive regulation of B cell differentiation	GO:0045579		6	1	1.2459580323357413	-0.21990473788448278	0.7346935242489594	0.7526154025838886	1	1
regulation of T cell differentiation	GO:0045580		49	5	10.175323930741888	-0.7105276543329541	0.4734929524557986	0.9842308233380241	1	1
negative regulation of T cell differentiation	GO:0045581		17	2	3.530214424951267	-0.5682114321526985	0.5399204070993384	0.8958039001890645	1	1
positive regulation of T cell differentiation	GO:0045582		30	3	6.229790161678706	-0.7307303616504734	0.46465550092064367	0.9641766692182933	1	1
regulation of regulatory T cell differentiation	GO:0045589		22	3	4.568512785231052	-0.4205754333466341	0.6168072392922693	0.8650179970290931	1	1
positive regulation of regulatory T cell differentiation	GO:0045591		19	3	3.9455337690631813	-0.2739719591547587	0.7014093242688044	0.7873782230686989	1	1
regulation of fat cell differentiation	GO:0045598		33	6	6.852769177846577	-0.1328933608948529	0.7905889481542714	0.7092283950000058	1	1
negative regulation of fat cell differentiation	GO:0045599		12	2	2.4919160646714826	-0.21990473788448278	0.7346935242489594	0.7463131700423387	1	1
positive regulation of fat cell differentiation	GO:0045600		17	3	3.530214424951267	-0.16274632404453418	0.771090171362034	0.7172018988421163	1	1
regulation of endothelial cell differentiation	GO:0045601		22	4	4.568512785231052	-0.13289336089485304	0.7905889481542714	0.6994719172777473	1	1
negative regulation of endothelial cell differentiation	GO:0045602		5	0	1.0382983602797844	-Inf	0	1	1	1
regulation of epidermal cell differentiation	GO:0045604		30	5	6.229790161678706	-0.21990473788448278	0.7346935242489594	0.6875693730491826	1	1
negative regulation of epidermal cell differentiation	GO:0045605		6	1	1.2459580323357413	-0.21990473788448278	0.7346935242489594	0.687756407879498	1	1
positive regulation of epidermal cell differentiation	GO:0045606		17	3	3.530214424951267	-0.16274632404453418	0.771090171362034	0.6302483766769817	1	1
regulation of keratinocyte differentiation	GO:0045616		25	4	5.1914918013989215	-0.2607267324047378	0.709459778017518	0.6994719172777473	1	1
negative regulation of keratinocyte differentiation	GO:0045617		5	1	1.0382983602797844	-0.03758318109052809	0.8550494879642134	0.6058986856255562	1	1
positive regulation of keratinocyte differentiation	GO:0045618		14	3	2.9072354087833965	0.03140969039642335	0.9037570637243312	0.4686775291554418	1	1
regulation of lymphocyte differentiation	GO:0045619		61	8	12.66723999541337	-0.45957759114990304	0.5956902004806642	0.9555081744875347	1	1
negative regulation of lymphocyte differentiation	GO:0045620		21	2	4.360853113175095	-0.7795205258199055	0.4439030386300918	0.9510815874352324	1	1
positive regulation of lymphocyte differentiation	GO:0045621		37	6	7.683407866070404	-0.24730371207259713	0.7176868401648805	0.809889536653198	1	1
regulation of T-helper cell differentiation	GO:0045622		13	4	2.6995757367274393	0.39319973500192623	1.1845771521468593	0.27647232356917906	1	1
negative regulation of T-helper cell differentiation	GO:0045623		7	2	1.4536177043916982	0.3190917628482042	1.123880732467684	0.4442785093143923	1	1
regulation of myeloid cell differentiation	GO:0045637		102	24	21.1812865497076	0.1249357484072468	0.9724140606384994	0.2624240117794803	1	1
negative regulation of myeloid cell differentiation	GO:0045638		40	8	8.306386882238275	-0.03758318109052809	0.8550494879642134	0.5788220891434956	1	1
positive regulation of myeloid cell differentiation	GO:0045639		59	13	12.251920651301456	0.059266644899389515	0.923896011982736	0.4558714617545231	1	1
regulation of erythrocyte differentiation	GO:0045646		30	5	6.229790161678706	-0.21990473788448278	0.7346935242489594	0.7765621815304163	1	1
negative regulation of erythrocyte differentiation	GO:0045647		5	1	1.0382983602797844	-0.03758318109052809	0.8550494879642134	0.687756407879498	1	1
positive regulation of erythrocyte differentiation	GO:0045648		22	3	4.568512785231052	-0.4205754333466341	0.6168072392922693	0.8650179970290931	1	1
regulation of macrophage differentiation	GO:0045649		14	1	2.9072354087833965	-1.0672025982716864	0.3375241858610443	0.961614211589703	1	1
negative regulation of macrophage differentiation	GO:0045650		5	1	1.0382983602797844	-0.03758318109052809	0.8550494879642134	0.687756407879498	1	1
positive regulation of macrophage differentiation	GO:0045651		9	0	1.8689370485036119	-Inf	0	1	1	1
regulation of megakaryocyte differentiation	GO:0045652		16	6	3.32255475289531	0.591025478331846	1.353273052440545	0.09484234814404188	1	1
positive regulation of megakaryocyte differentiation	GO:0045654		8	5	1.661277376447655	1.1018511020978368	1.8215195641063857	0.012256528258027094	1	1
regulation of monocyte differentiation	GO:0045655		13	7	2.6995757367274393	0.952815522937349	1.6812273546790608	0.008661552865203377	1	1
positive regulation of monocyte differentiation	GO:0045657		7	5	1.4536177043916982	1.2353824947223593	1.9490198039530366	0.005542740558238572	1	1
regulation of myoblast differentiation	GO:0045661		21	3	4.360853113175095	-0.37405541771174117	0.6427576439377599	0.7873782230686989	1	1
negative regulation of myoblast differentiation	GO:0045662		13	2	2.6995757367274393	-0.29994744555801905	0.6858168500062106	0.7463131700423387	1	1
positive regulation of myoblast differentiation	GO:0045663		11	2	2.284256392615526	-0.13289336089485304	0.7905889481542714	0.6469486398345623	1	1
regulation of neuron differentiation	GO:0045664		30	4	6.229790161678706	-0.4430482891986925	0.6045686331939815	0.8623881774173159	1	1
negative regulation of neuron differentiation	GO:0045665		9	1	1.8689370485036119	-0.6253698459926471	0.5123516935775311	0.8769813843064487	1	1
positive regulation of neuron differentiation	GO:0045666		16	2	3.32255475289531	-0.5075868103362635	0.5704932391303862	0.8499280422811566	1	1
regulation of osteoblast differentiation	GO:0045667		63	15	13.082559339525284	0.13677020605424967	0.9813100281419231	0.2974314463890321	1	1
negative regulation of osteoblast differentiation	GO:0045668		20	5	4.153193441119138	0.1855603702236816	1.0184629095493065	0.3582828091064613	1	1
positive regulation of osteoblast differentiation	GO:0045669		37	10	7.683407866070404	0.2635219116933936	1.079368835290675	0.22508823792411342	1	1
regulation of osteoclast differentiation	GO:0045670		26	3	5.399151473454879	-0.5876295180098001	0.5304189204269063	0.9165140359719977	1	1
negative regulation of osteoclast differentiation	GO:0045671		13	2	2.6995757367274393	-0.29994744555801905	0.6858168500062106	0.7463131700423387	1	1
positive regulation of osteoclast differentiation	GO:0045672		11	0	2.284256392615526	-Inf	0	1	1	1
regulation of epidermis development	GO:0045682		30	5	6.229790161678706	-0.21990473788448278	0.7346935242489594	0.6875693730491826	1	1
negative regulation of epidermis development	GO:0045683		6	1	1.2459580323357413	-0.21990473788448278	0.7346935242489594	0.687756407879498	1	1
positive regulation of epidermis development	GO:0045684		17	3	3.530214424951267	-0.16274632404453418	0.771090171362034	0.6302483766769817	1	1
regulation of glial cell differentiation	GO:0045685		8	2	1.661277376447655	0.18556037022368177	1.0184629095493067	0.5189885297111225	1	1
positive regulation of glial cell differentiation	GO:0045687		5	1	1.0382983602797844	-0.03758318109052809	0.8550494879642134	0.687756407879498	1	1
negative regulation of fatty acid biosynthetic process	GO:0045717		9	2	1.8689370485036119	0.0677773345672982	0.9301019182460473	0.5866424881018152	1	1
negative regulation of glycogen biosynthetic process	GO:0045719		6	0	1.2459580323357413	-Inf	0	1	1	1
negative regulation of gluconeogenesis	GO:0045721		9	1	1.8689370485036119	-0.6253698459926471	0.5123516935775311	0.8769813843064487	1	1
positive regulation of gluconeogenesis	GO:0045722		5	1	1.0382983602797844	-0.03758318109052809	0.8550494879642134	0.687756407879498	1	1
positive regulation of fatty acid biosynthetic process	GO:0045723		13	3	2.6995757367274393	0.10551766255014523	0.9579172596729197	0.3454178811708285	1	1
positive regulation of cilium assembly	GO:0045724		16	2	3.32255475289531	-0.5075868103362635	0.5704932391303862	0.8747919000306	1	1
positive regulation of glycogen biosynthetic process	GO:0045725		10	3	2.076596720559569	0.3678819270176362	1.1636753669944517	0.3454178811708285	1	1
positive regulation of translation	GO:0045727		89	20	18.48171081298016	0.07895063516542351	0.9382868070557504	0.32351725395847614	1	1
respiratory burst	GO:0045730		10	0	2.076596720559569	-Inf	0	1	1	1
positive regulation of protein catabolic process	GO:0045732		147	29	30.525971792225665	-0.05128202544869007	0.8455804585382903	0.5568097787015536	1	1
negative regulation of cyclin-dependent protein serine/threonine kinase activity	GO:0045736		9	1	1.8689370485036119	-0.6253698459926471	0.5123516935775311	0.8769813843064487	1	1
negative regulation of DNA repair	GO:0045738		35	6	7.26808852195849	-0.19173386091778638	0.7524772743438592	0.7373666622349946	1	1
positive regulation of DNA repair	GO:0045739		95	19	19.727668845315904	-0.03758318109052809	0.8550494879642134	0.5521758109896187	1	1
positive regulation of DNA replication	GO:0045740		27	3	5.606811145510836	-0.6253698459926471	0.5123516935775311	0.9401202764318235	1	1
positive regulation of epidermal growth factor receptor signaling pathway	GO:0045742		20	1	4.153193441119138	-1.4238775422104186	0.23851075901735286	0.9905159401782357	1	1
positive regulation of fibroblast growth factor receptor signaling pathway	GO:0045743		6	0	1.2459580323357413	-Inf	0	1	1	1
negative regulation of G protein-coupled receptor signaling pathway	GO:0045744		38	9	7.891067538126363	0.13149314895340566	0.9773376058113544	0.35719341405834426	1	1
positive regulation of G protein-coupled receptor signaling pathway	GO:0045745		23	3	4.776172457287008	-0.4650271959174678	0.5927859106230471	0.8650179970290931	1	1
negative regulation of Notch signaling pathway	GO:0045746		20	5	4.153193441119138	0.1855603702236816	1.0184629095493065	0.3128420019394392	1	1
positive regulation of Notch signaling pathway	GO:0045747		20	3	4.153193441119138	-0.32526525354230906	0.6708686990356654	0.7873782230686989	1	1
regulation of adenylate cyclase activity	GO:0045761		27	6	5.606811145510836	0.0677773345672982	0.9301019182460473	0.4615194383436598	1	1
positive regulation of adenylate cyclase activity	GO:0045762		17	5	3.530214424951267	0.3480792997214565	1.1474455497580873	0.22519902074631304	1	1
regulation of angiogenesis	GO:0045765		189	25	39.247678018575854	-0.45101645884786956	0.6002756316990997	0.9967474335341704	1	1
positive regulation of angiogenesis	GO:0045766		105	9	21.804265565875472	-0.8848810414777317	0.4018594823385352	0.9997930419724167	1	1
positive regulation of axon extension	GO:0045773		6	0	1.2459580323357413	-Inf	0	1	1	1
negative regulation of blood pressure	GO:0045776		6	1	1.2459580323357413	-0.21990473788448278	0.7346935242489594	0.7526154025838886	1	1
positive regulation of ossification	GO:0045778		25	4	5.1914918013989215	-0.2607267324047378	0.709459778017518	0.7935739204522448	1	1
negative regulation of cell size	GO:0045792		5	1	1.0382983602797844	-0.03758318109052809	0.8550494879642134	0.687756407879498	1	1
negative regulation of endocytosis	GO:0045806		42	11	8.72170622635019	0.23208038585857438	1.0545836467882352	0.24286428626163398	1	1
positive regulation of endocytosis	GO:0045807		86	15	17.858731796812293	-0.17444236380772543	0.763541994127848	0.7987702053286083	1	1
negative regulation of gene expression, epigenetic	GO:0045814		80	18	16.61277376447655	0.08019985456585538	0.9392045403159717	0.37126878770944166	1	1
transcription initiation-coupled chromatin remodeling	GO:0045815		41	8	8.514046554294232	-0.06227579368089961	0.8380303728671173	0.5788220891434956	1	1
negative regulation of glycolytic process	GO:0045820		8	2	1.661277376447655	0.18556037022368177	1.0184629095493067	0.5189885297111225	1	1
positive regulation of glycolytic process	GO:0045821		13	1	2.6995757367274393	-0.9930946261179644	0.3624410396831095	0.9515444407761957	1	1
negative regulation of heart contraction	GO:0045822		5	2	1.0382983602797844	0.6555639994694172	1.4101486239250423	0.2784677966097898	1	1
positive regulation of heart contraction	GO:0045823		9	1	1.8689370485036119	-0.6253698459926471	0.5123516935775311	0.8769813843064487	1	1
negative regulation of innate immune response	GO:0045824		74	6	15.366815732140807	-0.9404508926325424	0.38115546066805905	0.9991328886504212	1	1
positive regulation of isotype switching	GO:0045830		8	1	1.661277376447655	-0.5075868103362635	0.5704932391303862	0.8447215069503783	1	1
negative regulation of lipid metabolic process	GO:0045833		57	7	11.836601307189543	-0.5252863874356646	0.5614244116277287	0.9504156139725669	1	1
positive regulation of lipid metabolic process	GO:0045834		74	10	15.366815732140807	-0.42962526886655167	0.6118554747443877	0.9436740013214017	1	1
negative regulation of membrane potential	GO:0045837		8	1	1.661277376447655	-0.5075868103362635	0.5704932391303862	0.8447215069503783	1	1
negative regulation of mitotic nuclear division	GO:0045839		28	9	5.814470817566793	0.4368747985045877	1.2210225229323595	0.10852150670116782	1	1
positive regulation of mitotic nuclear division	GO:0045840		27	7	5.606811145510836	0.22192801439455642	1.046644062980932	0.3222794538587466	1	1
negative regulation of mitotic metaphase/anaphase transition	GO:0045841		22	8	4.568512785231052	0.5602538196650922	1.3264517770645412	0.06780189249525295	1	1
positive regulation of mitotic metaphase/anaphase transition	GO:0045842		11	4	2.284256392615526	0.5602538196650922	1.3264517770645412	0.17843893878705638	1	1
negative regulation of striated muscle tissue development	GO:0045843		5	1	1.0382983602797844	-0.03758318109052809	0.8550494879642134	0.687756407879498	1	1
positive regulation of protein kinase activity	GO:0045860		121	16	25.126820318770786	-0.45134709201338774	0.600098021351382	0.9837455369906113	1	1
negative regulation of proteolysis	GO:0045861		102	19	21.1812865497076	-0.1086791027742583	0.8066489538535803	0.739736969669146	1	1
positive regulation of proteolysis	GO:0045862		143	27	29.695333104001836	-0.09515303291200601	0.8157146134267479	0.7142563861991063	1	1
negative regulation of single stranded viral RNA replication via double stranded DNA intermediate	GO:0045869		6	0	1.2459580323357413	-Inf	0	1	1	1
positive regulation of sister chromatid cohesion	GO:0045876		9	4	1.8689370485036119	0.7609245151272435	1.5046554115250335	0.09604599368521607	1	1
negative regulation of smoothened signaling pathway	GO:0045879		12	4	2.4919160646714826	0.4732424426754625	1.2517310839972888	0.22610735079264685	1	1
positive regulation of smoothened signaling pathway	GO:0045880		8	1	1.661277376447655	-0.5075868103362635	0.5704932391303862	0.8447215069503783	1	1
negative regulation of vasoconstriction	GO:0045906		7	2	1.4536177043916982	0.3190917628482042	1.123880732467684	0.4442785093143923	1	1
negative regulation of DNA recombination	GO:0045910		28	5	5.814470817566793	-0.15091186639753132	0.7787800313694351	0.6875693730491826	1	1
positive regulation of DNA recombination	GO:0045911		48	5	9.96766425868593	-0.6899083671302183	0.4826621437602806	0.974905484112176	1	1
negative regulation of carbohydrate metabolic process	GO:0045912		30	3	6.229790161678706	-0.7307303616504734	0.46465550092064367	0.9574058636190244	1	1
positive regulation of carbohydrate metabolic process	GO:0045913		36	7	7.4757481940144475	-0.06575405805722445	0.8356507821944621	0.6427097443685982	1	1
negative regulation of complement activation	GO:0045916		9	0	1.8689370485036119	-Inf	0	1	1	1
negative regulation of exocytosis	GO:0045920		18	6	3.7378740970072237	0.47324244267546267	1.2517310839972888	0.15227636513065004	1	1
positive regulation of exocytosis	GO:0045921		47	5	9.760004586629973	-0.668854957932386	0.49218153744509513	0.974905484112176	1	1
negative regulation of fatty acid metabolic process	GO:0045922		18	3	3.7378740970072237	-0.21990473788448264	0.7346935242489595	0.6758810380350535	1	1
positive regulation of fatty acid metabolic process	GO:0045923		23	3	4.776172457287008	-0.4650271959174678	0.5927859106230471	0.8166635360254624	1	1
negative regulation of growth	GO:0045926		99	19	20.558307533539733	-0.07882613962457727	0.8267472033372242	0.6523579530481991	1	1
positive regulation of growth	GO:0045927		98	11	20.350647861483775	-0.6152174745286292	0.5171602564719714	0.9950404691472972	1	1
negative regulation of mitotic cell cycle	GO:0045930		127	30	26.372778351106525	0.12886502654713636	0.9753626208032137	0.21411854223353868	1	1
positive regulation of mitotic cell cycle	GO:0045931		78	16	16.19745442036464	-0.012265373106238426	0.8727273066444295	0.520877192001312	1	1
negative regulation of muscle contraction	GO:0045932		6	1	1.2459580323357413	-0.21990473788448278	0.7346935242489594	0.7526154025838886	1	1
positive regulation of muscle contraction	GO:0045933		13	1	2.6995757367274393	-0.9930946261179644	0.3624410396831095	0.9515444407761957	1	1
negative regulation of phosphate metabolic process	GO:0045936		129	27	26.78809769521844	0.007879192986229145	0.886955977922381	0.48042619536839026	1	1
negative regulation of steroid metabolic process	GO:0045939		18	1	3.7378740970072237	-1.3185170265525925	0.26443900870457454	0.9759117881171515	1	1
positive regulation of steroid metabolic process	GO:0045940		25	5	5.1914918013989215	-0.03758318109052798	0.8550494879642135	0.616237770777419	1	1
positive regulation of transcription by RNA polymerase I	GO:0045943		23	3	4.776172457287008	-0.4650271959174678	0.5927859106230471	0.8846910864089581	1	1
positive regulation of transcription by RNA polymerase III	GO:0045945		17	4	3.530214424951267	0.1249357484072468	0.9724140606384994	0.4830503542687592	1	1
negative regulation of translational initiation	GO:0045947		16	5	3.32255475289531	0.4087039215378914	1.197459414183245	0.22519902074631304	1	1
positive regulation of translational initiation	GO:0045948		19	3	3.9455337690631813	-0.2739719591547587	0.7014093242688044	0.7543060161951124	1	1
negative regulation of natural killer cell mediated cytotoxicity	GO:0045953		23	1	4.776172457287008	-1.5636394845855774	0.20787237682516796	0.9952867781158317	1	1
positive regulation of natural killer cell mediated cytotoxicity	GO:0045954		20	2	4.153193441119138	-0.7307303616504734	0.46465550092064367	0.9407351059279203	1	1
negative regulation of nucleotide metabolic process	GO:0045980		15	5	3.114895080839353	0.4732424426754625	1.2517310839972888	0.18446256055810342	1	1
positive regulation of nucleotide metabolic process	GO:0045981		19	2	3.9455337690631813	-0.6794370672629231	0.4873768597596791	0.9283279489376746	1	1
positive regulation of smooth muscle contraction	GO:0045987		8	0	1.661277376447655	-Inf	0	1	1	1
regulation of embryonic development	GO:0045995		7	1	1.4536177043916982	-0.37405541771174117	0.6427576439377599	0.8040048847954714	1	1
regulation of activated T cell proliferation	GO:0046006		23	2	4.776172457287008	-0.870492304025632	0.40738318263698703	0.9668305045774548	1	1
negative regulation of activated T cell proliferation	GO:0046007		5	0	1.0382983602797844	-Inf	0	1	1	1
regulation of transcription by glucose	GO:0046015		5	3	1.0382983602797844	1.0610291075775815	1.782860369115461	0.06394451928365348	1	1
ADP metabolic process	GO:0046031		24	4	4.983832129342965	-0.21990473788448278	0.7346935242489594	0.7652001365042725	1	1
ADP catabolic process	GO:0046032		23	4	4.776172457287008	-0.17734512346568673	0.7616766486395636	0.733864067829993	1	1
AMP metabolic process	GO:0046033		12	5	2.4919160646714826	0.6963859939896723	1.4465332948059375	0.08310211477587548	1	1
ATP metabolic process	GO:0046034		62	7	12.874899667469327	-0.6093695046462061	0.5199472936031841	0.9831927050740428	1	1
CTP metabolic process	GO:0046036		5	0	1.0382983602797844	-Inf	0	1	1	1
GMP metabolic process	GO:0046037		10	4	2.076596720559569	0.6555639994694172	1.4101486239250423	0.1346905284137217	1	1
GTP metabolic process	GO:0046039		13	3	2.6995757367274393	0.10551766255014523	0.9579172596729197	0.5263390908313202	1	1
IMP metabolic process	GO:0046040		10	3	2.076596720559569	0.3678819270176362	1.1636753669944517	0.3454178811708285	1	1
cAMP metabolic process	GO:0046058		9	2	1.8689370485036119	0.0677773345672982	0.9301019182460473	0.5866424881018152	1	1
cGMP metabolic process	GO:0046068		9	0	1.8689370485036119	-Inf	0	1	1	1
nucleobase biosynthetic process	GO:0046112		7	3	1.4536177043916982	0.7245568709563687	1.4718161116467272	0.1614187469654273	1	1
purine ribonucleoside metabolic process	GO:0046128		8	1	1.661277376447655	-0.5075868103362635	0.5704932391303862	0.8447215069503783	1	1
purine ribonucleoside catabolic process	GO:0046130		5	1	1.0382983602797844	-0.03758318109052809	0.8550494879642134	0.687756407879498	1	1
pyrimidine ribonucleoside metabolic process	GO:0046131		6	1	1.2459580323357413	-0.21990473788448278	0.7346935242489594	0.7526154025838886	1	1
pyrimidine ribonucleoside catabolic process	GO:0046133		6	1	1.2459580323357413	-0.21990473788448278	0.7346935242489594	0.7526154025838886	1	1
pyrimidine nucleoside biosynthetic process	GO:0046134		5	3	1.0382983602797844	1.0610291075775815	1.782860369115461	0.06394451928365348	1	1
pyrimidine nucleoside catabolic process	GO:0046135		8	1	1.661277376447655	-0.5075868103362635	0.5704932391303862	0.8447215069503783	1	1
negative regulation of vitamin metabolic process	GO:0046137		6	0	1.2459580323357413	-Inf	0	1	1	1
tetrahydrobiopterin metabolic process	GO:0046146		6	1	1.2459580323357413	-0.21990473788448278	0.7346935242489594	0.7526154025838886	1	1
pigment biosynthetic process	GO:0046148		26	7	5.399151473454879	0.2596683423774036	1.0763152780629115	0.2857945419821196	1	1
pigment catabolic process	GO:0046149		9	3	1.8689370485036119	0.47324244267546267	1.2517310839972888	0.1614187469654273	1	1
alcohol catabolic process	GO:0046164		21	6	4.360853113175095	0.3190917628482042	1.123880732467684	0.25933091248927237	1	1
alcohol biosynthetic process	GO:0046165		57	21	11.836601307189543	0.573325901232445	1.3378214494053917	0.002287261017845078	0.6919599497117221	0.691959949711722
polyol biosynthetic process	GO:0046173		25	5	5.1914918013989215	-0.03758318109052798	0.8550494879642135	0.5771837244585964	1	1
aldehyde biosynthetic process	GO:0046184		8	1	1.661277376447655	-0.5075868103362635	0.5704932391303862	0.8447215069503783	1	1
aldehyde catabolic process	GO:0046185		7	3	1.4536177043916982	0.7245568709563687	1.4718161116467272	0.1084805211142787	1	1
phenol-containing compound biosynthetic process	GO:0046189		13	1	2.6995757367274393	-0.9930946261179644	0.3624410396831095	0.9515444407761957	1	1
nitric oxide metabolic process	GO:0046209		17	3	3.530214424951267	-0.16274632404453418	0.771090171362034	0.7172018988421163	1	1
aflatoxin metabolic process	GO:0046222		6	0	1.2459580323357413	-Inf	0	1	1	1
regulation of fatty acid oxidation	GO:0046320		16	3	3.32255475289531	-0.10212170222809921	0.8110355253935493	0.6758810380350535	1	1
positive regulation of fatty acid oxidation	GO:0046321		10	0	2.076596720559569	-Inf	0	1	1	1
regulation of glucose import	GO:0046324		25	5	5.1914918013989215	-0.03758318109052798	0.8550494879642135	0.5771837244585964	1	1
negative regulation of glucose import	GO:0046325		7	1	1.4536177043916982	-0.37405541771174117	0.6427576439377599	0.8040048847954714	1	1
positive regulation of glucose import	GO:0046326		17	4	3.530214424951267	0.1249357484072468	0.9724140606384994	0.43250684412533813	1	1
regulation of JNK cascade	GO:0046328		102	19	21.1812865497076	-0.1086791027742583	0.8066489538535803	0.7065385416783199	1	1
negative regulation of JNK cascade	GO:0046329		26	5	5.399151473454879	-0.07680389424380936	0.828120501226785	0.653075468975933	1	1
positive regulation of JNK cascade	GO:0046330		69	13	14.328517371861025	-0.09730241579215043	0.8142695085492099	0.6560014485668682	1	1
phosphatidylethanolamine metabolic process	GO:0046337		20	3	4.153193441119138	-0.32526525354230906	0.6708686990356654	0.7873782230686989	1	1
diacylglycerol metabolic process	GO:0046339		12	2	2.4919160646714826	-0.21990473788448278	0.7346935242489594	0.7463131700423387	1	1
amino sugar catabolic process	GO:0046348		8	5	1.661277376447655	1.1018511020978368	1.8215195641063857	0.005542740558238572	1	1
amino sugar biosynthetic process	GO:0046349		11	3	2.284256392615526	0.27257174721331123	1.0865570588453881	0.40803498456474274	1	1
monosaccharide biosynthetic process	GO:0046364		24	4	4.983832129342965	-0.21990473788448278	0.7346935242489594	0.7652001365042725	1	1
monosaccharide catabolic process	GO:0046365		24	8	4.983832129342965	0.4732424426754625	1.2517310839972888	0.10619334904552293	1	1
GDP-L-fucose metabolic process	GO:0046368		6	2	1.2459580323357413	0.4732424426754625	1.2517310839972888	0.36346143435754485	1	1
deoxyribose phosphate biosynthetic process	GO:0046385		9	3	1.8689370485036119	0.47324244267546267	1.2517310839972888	0.2821996753436965	1	1
deoxyribose phosphate catabolic process	GO:0046386		17	5	3.530214424951267	0.3480792997214565	1.1474455497580873	0.2682404361592198	1	1
ribose phosphate biosynthetic process	GO:0046390		53	10	11.005962618965716	-0.09585208921450403	0.8152444268045659	0.6862067540609718	1	1
carboxylic acid biosynthetic process	GO:0046394		154	33	31.97958949661736	0.03140969039642335	0.9037570637243312	0.4182375110984667	1	1
carboxylic acid catabolic process	GO:0046395		155	45	32.18724916867332	0.33509210419464536	1.1368592482814794	0.006093349706702226	1	1
urate metabolic process	GO:0046415		11	1	2.284256392615526	-0.8260405414547983	0.4248799167694929	0.9025405781366582	1	1
regulation of receptor signaling pathway via JAK-STAT	GO:0046425		41	4	8.514046554294232	-0.7554229742408449	0.45404907650663934	0.9781345064202898	1	1
negative regulation of receptor signaling pathway via JAK-STAT	GO:0046426		15	2	3.114895080839353	-0.4430482891986925	0.6045686331939815	0.8206374202006002	1	1
positive regulation of receptor signaling pathway via JAK-STAT	GO:0046427		24	2	4.983832129342965	-0.9130519184444281	0.39123986519130494	0.9727458938927118	1	1
organophosphate catabolic process	GO:0046434		96	22	19.93532851737186	0.09854899323405193	0.9527452125356903	0.31963028916498665	1	1
icosanoid biosynthetic process	GO:0046456		28	4	5.814470817566793	-0.37405541771174117	0.6427576439377599	0.8623881774173159	1	1
prostanoid biosynthetic process	GO:0046457		16	2	3.32255475289531	-0.5075868103362635	0.5704932391303862	0.8747919000306	1	1
short-chain fatty acid metabolic process	GO:0046459		6	2	1.2459580323357413	0.4732424426754625	1.2517310839972888	0.36346143435754485	1	1
neutral lipid biosynthetic process	GO:0046460		18	5	3.7378740970072237	0.290920885881508	1.1012048484582468	0.2682404361592198	1	1
neutral lipid catabolic process	GO:0046461		18	4	3.7378740970072237	0.0677773345672982	0.9301019182460473	0.43250684412533813	1	1
monoacylglycerol metabolic process	GO:0046462		9	2	1.8689370485036119	0.0677773345672982	0.9301019182460473	0.5189885297111225	1	1
acylglycerol biosynthetic process	GO:0046463		18	5	3.7378740970072237	0.290920885881508	1.1012048484582468	0.2682404361592198	1	1
acylglycerol catabolic process	GO:0046464		18	4	3.7378740970072237	0.0677773345672982	0.9301019182460473	0.43250684412533813	1	1
dolichyl diphosphate metabolic process	GO:0046465		5	2	1.0382983602797844	0.6555639994694172	1.4101486239250423	0.2784677966097898	1	1
membrane lipid catabolic process	GO:0046466		38	11	7.891067538126363	0.3321638444155569	1.134478718434563	0.12819642295678702	1	1
membrane lipid biosynthetic process	GO:0046467		106	17	22.011925237931433	-0.25837101871227885	0.7108986220635632	0.9028410741231526	1	1
phosphatidylcholine metabolic process	GO:0046470		55	8	11.421281963077629	-0.3560369122090627	0.6530325315921796	0.8862906119354687	1	1
phosphatidylglycerol metabolic process	GO:0046471		24	5	4.983832129342965	0.003238813429726966	0.8836656273277367	0.5361092021545812	1	1
phosphatidic acid metabolic process	GO:0046473		31	9	6.4374498337346635	0.33509210419464536	1.1368592482814794	0.12974034000879334	1	1
glycerophospholipid biosynthetic process	GO:0046474		144	30	29.90299277605779	0.003238813429726966	0.8836656273277367	0.49099726509777664	1	1
glycerophospholipid catabolic process	GO:0046475		18	2	3.7378740970072237	-0.6253698459926471	0.5123516935775311	0.9134911356883086	1	1
glycosphingolipid catabolic process	GO:0046479		16	5	3.32255475289531	0.4087039215378914	1.197459414183245	0.18446256055810342	1	1
ether lipid metabolic process	GO:0046485		11	1	2.284256392615526	-0.8260405414547983	0.4248799167694929	0.9227905796275384	1	1
phosphatidylinositol metabolic process	GO:0046488		98	19	20.350647861483775	-0.0686737681605593	0.8336567174692282	0.5935170264259703	1	1
nicotinamide nucleotide metabolic process	GO:0046496		67	11	13.913198027749111	-0.23494261524902324	0.7253239714731519	0.8492409087235814	1	1
S-adenosylmethionine metabolic process	GO:0046500		7	1	1.4536177043916982	-0.37405541771174117	0.6427576439377599	0.8040048847954714	1	1
protoporphyrinogen IX metabolic process	GO:0046501		7	4	1.4536177043916982	1.0122389434081496	1.7368772268176493	0.03789621997941405	1	1
glycerolipid catabolic process	GO:0046503		33	5	6.852769177846577	-0.31521491768880766	0.6767731147053067	0.8014772670963013	1	1
glycerol ether biosynthetic process	GO:0046504		7	1	1.4536177043916982	-0.37405541771174117	0.6427576439377599	0.8040048847954714	1	1
sphingosine biosynthetic process	GO:0046512		14	4	2.9072354087833965	0.3190917628482042	1.123880732467684	0.3283552675545878	1	1
ceramide biosynthetic process	GO:0046513		34	5	7.060428849902534	-0.34506788083848877	0.6593487065289834	0.8446608236131994	1	1
ceramide catabolic process	GO:0046514		15	6	3.114895080839353	0.6555639994694172	1.4101486239250423	0.07136976970076461	1	1
sphingoid metabolic process	GO:0046519		20	6	4.153193441119138	0.3678819270176362	1.1636753669944517	0.22145493915053768	1	1
sphingoid biosynthetic process	GO:0046520		14	4	2.9072354087833965	0.3190917628482042	1.123880732467684	0.3283552675545878	1	1
development of primary female sexual characteristics	GO:0046545		9	0	1.8689370485036119	-Inf	0	1	1	1
development of primary male sexual characteristics	GO:0046546		16	1	3.32255475289531	-1.200733990896209	0.296605097562714	0.969591795111742	1	1
regulation of Ras protein signal transduction	GO:0046578		22	6	4.568512785231052	0.27257174721331123	1.0865570588453881	0.25933091248927237	1	1
positive regulation of Ras protein signal transduction	GO:0046579		12	3	2.4919160646714826	0.1855603702236816	1.0184629095493065	0.40803498456474274	1	1
negative regulation of Ras protein signal transduction	GO:0046580		7	2	1.4536177043916982	0.3190917628482042	1.123880732467684	0.4442785093143923	1	1
regulation of viral entry into host cell	GO:0046596		19	3	3.9455337690631813	-0.2739719591547587	0.7014093242688044	0.7873782230686989	1	1
negative regulation of viral entry into host cell	GO:0046597		20	3	4.153193441119138	-0.32526525354230906	0.6708686990356654	0.8166635360254624	1	1
positive regulation of viral entry into host cell	GO:0046598		14	3	2.9072354087833965	0.03140969039642335	0.9037570637243312	0.580334678997702	1	1
regulation of centriole replication	GO:0046599		20	4	4.153193441119138	-0.03758318109052809	0.8550494879642134	0.6214281163137048	1	1
negative regulation of centriole replication	GO:0046600		5	1	1.0382983602797844	-0.03758318109052809	0.8550494879642134	0.687756407879498	1	1
positive regulation of centriole replication	GO:0046601		11	2	2.284256392615526	-0.13289336089485304	0.7905889481542714	0.7000405632278557	1	1
regulation of mitotic centrosome separation	GO:0046602		8	1	1.661277376447655	-0.5075868103362635	0.5704932391303862	0.8447215069503783	1	1
regulation of centrosome cycle	GO:0046605		43	6	8.929365898406147	-0.3975859151219353	0.6295276298791912	0.8657034844928508	1	1
negative regulation of centrosome cycle	GO:0046606		9	2	1.8689370485036119	0.0677773345672982	0.9301019182460473	0.5866424881018152	1	1
xenobiotic export from cell	GO:0046618		12	3	2.4919160646714826	0.1855603702236816	1.0184629095493065	0.4686775291554418	1	1
regulation of organ growth	GO:0046620		11	2	2.284256392615526	-0.13289336089485304	0.7905889481542714	0.7000405632278557	1	1
negative regulation of organ growth	GO:0046621		5	1	1.0382983602797844	-0.03758318109052809	0.8550494879642134	0.687756407879498	1	1
positive regulation of organ growth	GO:0046622		6	1	1.2459580323357413	-0.21990473788448278	0.7346935242489594	0.7526154025838886	1	1
regulation of insulin receptor signaling pathway	GO:0046626		30	7	6.229790161678706	0.11656749873673027	0.9661513714410117	0.43439477395649384	1	1
negative regulation of insulin receptor signaling pathway	GO:0046627		20	5	4.153193441119138	0.1855603702236816	1.0184629095493065	0.4038920990917684	1	1
positive regulation of insulin receptor signaling pathway	GO:0046628		7	2	1.4536177043916982	0.3190917628482042	1.123880732467684	0.4442785093143923	1	1
alpha-beta T cell activation	GO:0046631		31	3	6.4374498337346635	-0.7635201844734644	0.4506173724985261	0.969923304644029	1	1
alpha-beta T cell differentiation	GO:0046632		21	3	4.360853113175095	-0.37405541771174117	0.6427576439377599	0.8424435316084549	1	1
regulation of alpha-beta T cell activation	GO:0046634		47	7	9.760004586629973	-0.33238272131117297	0.6667108053585193	0.86920651242587	1	1
positive regulation of alpha-beta T cell activation	GO:0046635		30	4	6.229790161678706	-0.4430482891986925	0.6045686331939815	0.8804810889995786	1	1
negative regulation of alpha-beta T cell activation	GO:0046636		18	3	3.7378740970072237	-0.21990473788448264	0.7346935242489595	0.7543060161951124	1	1
regulation of alpha-beta T cell differentiation	GO:0046637		20	4	4.153193441119138	-0.03758318109052809	0.8550494879642134	0.6214281163137048	1	1
positive regulation of alpha-beta T cell differentiation	GO:0046638		13	2	2.6995757367274393	-0.29994744555801905	0.6858168500062106	0.7863084571716146	1	1
negative regulation of alpha-beta T cell differentiation	GO:0046639		8	2	1.661277376447655	0.18556037022368177	1.0184629095493067	0.5189885297111225	1	1
regulation of alpha-beta T cell proliferation	GO:0046640		17	2	3.530214424951267	-0.5682114321526985	0.5399204070993384	0.8958039001890645	1	1
positive regulation of alpha-beta T cell proliferation	GO:0046641		14	2	2.9072354087833965	-0.37405541771174117	0.6427576439377599	0.8206374202006002	1	1
negative regulation of alpha-beta T cell proliferation	GO:0046642		5	0	1.0382983602797844	-Inf	0	1	1	1
lymphocyte activation	GO:0046649		149	19	30.941291136337576	-0.48765259543544637	0.5808490528738565	0.9950620226862357	1	1
lymphocyte proliferation	GO:0046651		15	2	3.114895080839353	-0.4430482891986925	0.6045686331939815	0.8499280422811566	1	1
tetrahydrofolate metabolic process	GO:0046653		13	5	2.6995757367274393	0.616343286316136	1.3754867514069333	0.11278616204544985	1	1
folic acid metabolic process	GO:0046655		11	3	2.284256392615526	0.27257174721331123	1.0865570588453881	0.40803498456474274	1	1
female sex differentiation	GO:0046660		11	0	2.284256392615526	-Inf	0	1	1	1
male sex differentiation	GO:0046661		19	1	3.9455337690631813	-1.3725842478228683	0.25081318682877285	0.9848848484905597	1	1
negative regulation of insulin secretion	GO:0046676		10	2	2.076596720559569	-0.03758318109052809	0.8550494879642134	0.6469486398345623	1	1
response to antibiotic	GO:0046677		11	3	2.284256392615526	0.27257174721331123	1.0865570588453881	0.40803498456474274	1	1
response to organophosphorus	GO:0046683		49	9	10.175323930741888	-0.12274098943083506	0.7972959441410944	0.6901827122704636	1	1
response to arsenic-containing substance	GO:0046685		14	1	2.9072354087833965	-1.0672025982716864	0.3375241858610443	0.961614211589703	1	1
response to cadmium ion	GO:0046686		8	1	1.661277376447655	-0.5075868103362635	0.5704932391303862	0.8447215069503783	1	1
response to copper ion	GO:0046688		11	1	2.284256392615526	-0.8260405414547983	0.4248799167694929	0.9227905796275384	1	1
decidualization	GO:0046697		7	1	1.4536177043916982	-0.37405541771174117	0.6427576439377599	0.8040048847954714	1	1
muscle cell cellular homeostasis	GO:0046716		7	2	1.4536177043916982	0.3190917628482042	1.123880732467684	0.36346143435754485	1	1
viral entry into host cell	GO:0046718		40	7	8.306386882238275	-0.17111457371505073	0.7656843782754985	0.7531772502670526	1	1
regulation by virus of viral protein levels in host cell	GO:0046719		8	1	1.661277376447655	-0.5075868103362635	0.5704932391303862	0.8447215069503783	1	1
non-lytic viral release	GO:0046753		14	0	2.9072354087833965	-Inf	0	1	1	1
viral budding	GO:0046755		25	0	5.1914918013989215	-Inf	0	1	1	1
viral budding from plasma membrane	GO:0046761		13	0	2.6995757367274393	-Inf	0	1	1	1
protein autophosphorylation	GO:0046777		111	23	23.050223598211215	-0.0021812540396121856	0.8798320488823851	0.4839145415439098	1	1
regulation of viral transcription	GO:0046782		19	3	3.9455337690631813	-0.2739719591547587	0.7014093242688044	0.7873782230686989	1	1
microtubule polymerization	GO:0046785		22	4	4.568512785231052	-0.13289336089485304	0.7905889481542714	0.6994719172777473	1	1
transport of virus	GO:0046794		5	0	1.0382983602797844	-Inf	0	1	1	1
receptor-mediated virion attachment to host cell	GO:0046813		6	1	1.2459580323357413	-0.21990473788448278	0.7346935242489594	0.7526154025838886	1	1
regulation of nucleocytoplasmic transport	GO:0046822		72	9	14.951496388028895	-0.5075868103362637	0.5704932391303862	0.9756909095297805	1	1
negative regulation of nucleocytoplasmic transport	GO:0046823		17	0	3.530214424951267	-Inf	0	1	1	1
positive regulation of nucleocytoplasmic transport	GO:0046824		39	8	8.09872721018232	-0.012265373106238426	0.8727273066444295	0.5788220891434956	1	1
regulation of protein export from nucleus	GO:0046825		23	3	4.776172457287008	-0.4650271959174678	0.5927859106230471	0.8846910864089581	1	1
negative regulation of protein export from nucleus	GO:0046826		5	0	1.0382983602797844	-Inf	0	1	1	1
positive regulation of protein export from nucleus	GO:0046827		12	3	2.4919160646714826	0.1855603702236816	1.0184629095493065	0.4686775291554418	1	1
regulation of RNA export from nucleus	GO:0046831		14	2	2.9072354087833965	-0.37405541771174117	0.6427576439377599	0.8206374202006002	1	1
lipid phosphorylation	GO:0046834		8	1	1.661277376447655	-0.5075868103362635	0.5704932391303862	0.8447215069503783	1	1
carbohydrate phosphorylation	GO:0046835		6	4	1.2459580323357413	1.1663896232354078	1.8829554115277662	0.019408517453028042	1	1
glycolipid transport	GO:0046836		6	2	1.2459580323357413	0.4732424426754625	1.2517310839972888	0.36346143435754485	1	1
phospholipid dephosphorylation	GO:0046839		23	2	4.776172457287008	-0.870492304025632	0.40738318263698703	0.9596879464758464	1	1
filopodium assembly	GO:0046847		9	2	1.8689370485036119	0.0677773345672982	0.9301019182460473	0.5866424881018152	1	1
bone remodeling	GO:0046849		6	3	1.2459580323357413	0.878707550783627	1.6124283013649316	0.1084805211142787	1	1
regulation of bone remodeling	GO:0046850		8	0	1.661277376447655	-Inf	0	1	1	1
phosphatidylinositol phosphate biosynthetic process	GO:0046854		23	4	4.776172457287008	-0.17734512346568673	0.7616766486395636	0.733864067829993	1	1
phosphatidylinositol dephosphorylation	GO:0046856		15	1	3.114895080839353	-1.1361954697586378	0.3157645429162462	0.961614211589703	1	1
regulation of saliva secretion	GO:0046877		5	0	1.0382983602797844	-Inf	0	1	1	1
hormone secretion	GO:0046879		21	2	4.360853113175095	-0.7795205258199055	0.4439030386300918	0.9510815874352324	1	1
regulation of hormone secretion	GO:0046883		101	10	20.973626877651647	-0.7406806925036417	0.4603557513786779	0.9982671582528853	1	1
regulation of hormone biosynthetic process	GO:0046885		13	0	2.6995757367274393	-Inf	0	1	1	1
positive regulation of hormone biosynthetic process	GO:0046886		5	0	1.0382983602797844	-Inf	0	1	1	1
positive regulation of hormone secretion	GO:0046887		46	5	9.552344914574016	-0.6473487527114224	0.5020709535360993	0.9660623564496018	1	1
negative regulation of hormone secretion	GO:0046888		20	3	4.153193441119138	-0.32526525354230906	0.6708686990356654	0.7873782230686989	1	1
positive regulation of lipid biosynthetic process	GO:0046889		51	10	10.5906432748538	-0.05738580838670778	0.8413832059705726	0.5525336527495937	1	1
regulation of lipid biosynthetic process	GO:0046890		100	17	20.765967205595686	-0.200102110588303	0.74716310561988	0.805329976858095	1	1
regulation of mitochondrial membrane permeability	GO:0046902		31	9	6.4374498337346635	0.33509210419464536	1.1368592482814794	0.1780585903149542	1	1
secretion	GO:0046903		159	18	33.01788785689715	-0.6066777129804947	0.5212343890604888	0.998804603355099	1	1
regulation of neurotransmitter secretion	GO:0046928		15	2	3.114895080839353	-0.4430482891986925	0.6045686331939815	0.8206374202006002	1	1
pore complex assembly	GO:0046931		19	0	3.9455337690631813	-Inf	0	1	1	1
carboxylic acid transport	GO:0046942		157	24	32.602568512785226	-0.30633724365679	0.6820209273736062	0.9549879327963792	1	1
fatty-acyl-CoA biosynthetic process	GO:0046949		26	4	5.399151473454879	-0.29994744555801905	0.6858168500062106	0.7935739204522448	1	1
ketone body biosynthetic process	GO:0046951		5	0	1.0382983602797844	-Inf	0	1	1	1
cytosol to endoplasmic reticulum transport	GO:0046967		5	1	1.0382983602797844	-0.03758318109052809	0.8550494879642134	0.687756407879498	1	1
regulation of response to osmotic stress	GO:0047484		8	1	1.661277376447655	-0.5075868103362635	0.5704932391303862	0.8447215069503783	1	1
vesicle transport along microtubule	GO:0047496		9	1	1.8689370485036119	-0.6253698459926471	0.5123516935775311	0.8769813843064487	1	1
mitochondrion transport along microtubule	GO:0047497		14	2	2.9072354087833965	-0.37405541771174117	0.6427576439377599	0.8206374202006002	1	1
antigen processing and presentation of peptide antigen	GO:0048002		41	16	8.514046554294232	0.6308713868790456	1.3882913850602068	0.004310401906053622	1	1
platelet-derived growth factor receptor signaling pathway	GO:0048008		14	3	2.9072354087833965	0.03140969039642335	0.9037570637243312	0.580334678997702	1	1
insulin-like growth factor receptor signaling pathway	GO:0048009		8	4	1.661277376447655	0.8787075507836271	1.6124283013649319	0.06353591170080096	1	1
vascular endothelial growth factor receptor signaling pathway	GO:0048010		26	2	5.399151473454879	-0.9930946261179644	0.3624410396831095	0.9816704453801859	1	1
hepatocyte growth factor receptor signaling pathway	GO:0048012		6	1	1.2459580323357413	-0.21990473788448278	0.7346935242489594	0.7526154025838886	1	1
ephrin receptor signaling pathway	GO:0048013		29	3	6.02213048962275	-0.6968288099747922	0.47956777382318216	0.9574058636190244	1	1
regulation of melanin biosynthetic process	GO:0048021		9	2	1.8689370485036119	0.0677773345672982	0.9301019182460473	0.5866424881018152	1	1
positive regulation of melanin biosynthetic process	GO:0048023		7	2	1.4536177043916982	0.3190917628482042	1.123880732467684	0.4442785093143923	1	1
regulation of mRNA splicing, via spliceosome	GO:0048024		63	9	13.082559339525284	-0.37405541771174117	0.6427576439377599	0.9202008066900254	1	1
negative regulation of mRNA splicing, via spliceosome	GO:0048025		12	2	2.4919160646714826	-0.21990473788448278	0.7346935242489594	0.7463131700423387	1	1
positive regulation of mRNA splicing, via spliceosome	GO:0048026		9	1	1.8689370485036119	-0.6253698459926471	0.5123516935775311	0.8447215069503783	1	1
focal adhesion assembly	GO:0048041		15	2	3.114895080839353	-0.4430482891986925	0.6045686331939815	0.8499280422811566	1	1
developmental pigmentation	GO:0048066		17	3	3.530214424951267	-0.16274632404453418	0.771090171362034	0.7172018988421163	1	1
astrocyte activation	GO:0048143		5	0	1.0382983602797844	-Inf	0	1	1	1
regulation of fibroblast proliferation	GO:0048145		37	11	7.683407866070404	0.35883209149771844	1.1562452247429356	0.12819642295678702	1	1
positive regulation of fibroblast proliferation	GO:0048146		25	8	5.1914918013989215	0.4324204481552075	1.2172835245624984	0.12906839679347426	1	1
negative regulation of fibroblast proliferation	GO:0048147		12	3	2.4919160646714826	0.1855603702236816	1.0184629095493065	0.4686775291554418	1	1
regulation of synaptic plasticity	GO:0048167		27	7	5.606811145510836	0.22192801439455642	1.046644062980932	0.3222794538587466	1	1
regulation of neuronal synaptic plasticity	GO:0048168		5	2	1.0382983602797844	0.6555639994694172	1.4101486239250423	0.2784677966097898	1	1
Golgi vesicle transport	GO:0048193		171	22	35.509803921568626	-0.4787663718007718	0.5855140670658332	0.9967493723048697	1	1
Golgi vesicle budding	GO:0048194		6	0	1.2459580323357413	-Inf	0	1	1	1
vesicle targeting, to, from or within Golgi	GO:0048199		16	0	3.32255475289531	-Inf	0	1	1	1
vesicle targeting, rough ER to cis-Golgi	GO:0048207		11	0	2.284256392615526	-Inf	0	1	1	1
COPII vesicle coating	GO:0048208		11	0	2.284256392615526	-Inf	0	1	1	1
plasma membrane to endosome transport	GO:0048227		7	1	1.4536177043916982	-0.37405541771174117	0.6427576439377599	0.8040048847954714	1	1
male gamete generation	GO:0048232		107	14	22.219584909987386	-0.4619167735030753	0.5944421781469569	0.9528079490683128	1	1
eosinophil chemotaxis	GO:0048245		8	0	1.661277376447655	-Inf	0	1	1	1
macrophage chemotaxis	GO:0048246		8	1	1.661277376447655	-0.5075868103362635	0.5704932391303862	0.8447215069503783	1	1
lymphocyte chemotaxis	GO:0048247		17	3	3.530214424951267	-0.16274632404453418	0.771090171362034	0.6758810380350535	1	1
elastic fiber assembly	GO:0048251		5	0	1.0382983602797844	-Inf	0	1	1	1
snoRNA localization	GO:0048254		5	1	1.0382983602797844	-0.03758318109052809	0.8550494879642134	0.687756407879498	1	1
mRNA stabilization	GO:0048255		42	10	8.72170622635019	0.13677020605424967	0.9813100281419231	0.37077227330994034	1	1
regulation of receptor-mediated endocytosis	GO:0048259		72	14	14.951496388028895	-0.06575405805722445	0.8356507821944621	0.6099605459866015	1	1
positive regulation of receptor-mediated endocytosis	GO:0048260		37	6	7.683407866070404	-0.24730371207259713	0.7176868401648805	0.7876625109245161	1	1
negative regulation of receptor-mediated endocytosis	GO:0048261		22	6	4.568512785231052	0.27257174721331123	1.0865570588453881	0.2987245826673827	1	1
clathrin coat assembly	GO:0048268		11	3	2.284256392615526	0.27257174721331123	1.0865570588453881	0.40803498456474274	1	1
vesicle docking	GO:0048278		10	1	2.076596720559569	-0.7307303616504734	0.46465550092064367	0.9025405781366582	1	1
organelle fusion	GO:0048284		67	8	13.913198027749111	-0.5533963463675579	0.5472641790721018	0.9654092363270842	1	1
organelle fission	GO:0048285		172	31	35.717463593624586	-0.14165254098473462	0.7848332205908625	0.7384701427530467	1	1
organelle inheritance	GO:0048308		9	1	1.8689370485036119	-0.6253698459926471	0.5123516935775311	0.8769813843064487	1	1
mitochondrion distribution	GO:0048311		9	0	1.8689370485036119	-Inf	0	1	1	1
intracellular distribution of mitochondria	GO:0048312		5	0	1.0382983602797844	-Inf	0	1	1	1
Golgi inheritance	GO:0048313		9	1	1.8689370485036119	-0.6253698459926471	0.5123516935775311	0.8769813843064487	1	1
mesoderm morphogenesis	GO:0048332		7	1	1.4536177043916982	-0.37405541771174117	0.6427576439377599	0.8040048847954714	1	1
mesodermal cell differentiation	GO:0048333		5	1	1.0382983602797844	-0.03758318109052809	0.8550494879642134	0.687756407879498	1	1
retinoic acid receptor signaling pathway	GO:0048384		9	1	1.8689370485036119	-0.6253698459926471	0.5123516935775311	0.8769813843064487	1	1
regulation of retinoic acid receptor signaling pathway	GO:0048385		11	1	2.284256392615526	-0.8260405414547983	0.4248799167694929	0.9227905796275384	1	1
negative regulation of retinoic acid receptor signaling pathway	GO:0048387		6	1	1.2459580323357413	-0.21990473788448278	0.7346935242489594	0.7526154025838886	1	1
cell maturation	GO:0048469		21	2	4.360853113175095	-0.7795205258199055	0.4439030386300918	0.9283279489376746	1	1
synaptic vesicle endocytosis	GO:0048488		9	0	1.8689370485036119	-Inf	0	1	1	1
synaptic vesicle transport	GO:0048489		5	0	1.0382983602797844	-Inf	0	1	1	1
maintenance of animal organ identity	GO:0048496		5	0	1.0382983602797844	-Inf	0	1	1	1
rhythmic process	GO:0048511		29	4	6.02213048962275	-0.40914673752301123	0.623105519043334	0.8804810889995786	1	1
blood vessel morphogenesis	GO:0048514		105	16	21.804265565875472	-0.3095168965741699	0.6801378722213135	0.9346935934650313	1	1
spermatid differentiation	GO:0048515		38	9	7.891067538126363	0.13149314895340566	0.9773376058113544	0.29352010715115495	1	1
positive regulation of viral process	GO:0048524		60	14	12.459580323357413	0.11656749873673027	0.9661513714410117	0.3099421763041796	1	1
negative regulation of viral process	GO:0048525		67	6	13.913198027749111	-0.8410784188193389	0.41888717655712104	0.9967566755192692	1	1
hematopoietic or lymphoid organ development	GO:0048534		7	2	1.4536177043916982	0.3190917628482042	1.123880732467684	0.4442785093143923	1	1
response to steroid hormone	GO:0048545		72	13	14.951496388028895	-0.1398620302109463	0.7860074496225762	0.7392441485444403	1	1
digestive tract morphogenesis	GO:0048546		5	0	1.0382983602797844	-Inf	0	1	1	1
regulation of pinocytosis	GO:0048548		7	2	1.4536177043916982	0.3190917628482042	1.123880732467684	0.4442785093143923	1	1
embryonic organ morphogenesis	GO:0048562		27	0	5.606811145510836	-Inf	0	1	1	1
digestive tract development	GO:0048565		26	1	5.399151473454879	-1.6862418066779097	0.18417136729631256	0.9970431163891439	1	1
embryonic digestive tract development	GO:0048566		8	0	1.661277376447655	-Inf	0	1	1	1
embryonic organ development	GO:0048568		44	1	9.137025570462104	-2.212334902574689	0.10922748502479532	0.9999439384357365	1	1
developmental cell growth	GO:0048588		17	1	3.530214424951267	-1.2613586127126437	0.2796111962732416	0.9809185311126569	1	1
developmental growth	GO:0048589		38	5	7.891067538126363	-0.4562935159487132	0.597445875675129	0.9196248277918873	1	1
eye morphogenesis	GO:0048592		15	3	3.114895080839353	-0.03758318109052809	0.8550494879642134	0.580334678997702	1	1
camera-type eye morphogenesis	GO:0048593		10	2	2.076596720559569	-0.03758318109052809	0.8550494879642134	0.5866424881018152	1	1
embryonic morphogenesis	GO:0048598		68	7	14.120857699805068	-0.701742824777221	0.4773809378593893	0.9918382245934488	1	1
reproductive structure development	GO:0048608		39	1	8.09872721018232	-2.0917069147860743	0.12316456521124017	0.9998574222090317	1	1
multicellular organismal reproductive process	GO:0048609		155	17	32.18724916867332	-0.6383570415194584	0.5062555392040692	0.9973155737550499	1	1
regulation of muscle organ development	GO:0048634		14	3	2.9072354087833965	0.03140969039642335	0.9037570637243312	0.580334678997702	1	1
negative regulation of muscle organ development	GO:0048635		6	1	1.2459580323357413	-0.21990473788448278	0.7346935242489594	0.7526154025838886	1	1
regulation of developmental growth	GO:0048638		57	7	11.836601307189543	-0.5252863874356646	0.5614244116277287	0.9618066262010658	1	1
positive regulation of developmental growth	GO:0048639		39	4	8.09872721018232	-0.7054125536661837	0.47575345058804924	0.9742437641076527	1	1
negative regulation of developmental growth	GO:0048640		14	1	2.9072354087833965	-1.0672025982716864	0.3375241858610443	0.9515444407761957	1	1
regulation of skeletal muscle tissue development	GO:0048641		5	1	1.0382983602797844	-0.03758318109052809	0.8550494879642134	0.687756407879498	1	1
muscle organ morphogenesis	GO:0048644		19	0	3.9455337690631813	-Inf	0	1	1	1
regulation of smooth muscle cell proliferation	GO:0048660		74	12	15.366815732140807	-0.24730371207259713	0.7176868401648805	0.8684574771104434	1	1
positive regulation of smooth muscle cell proliferation	GO:0048661		40	7	8.306386882238275	-0.17111457371505073	0.7656843782754985	0.7531772502670526	1	1
negative regulation of smooth muscle cell proliferation	GO:0048662		32	6	6.64510950579062	-0.10212170222809921	0.8110355253935493	0.6790944125885722	1	1
neuron development	GO:0048666		161	21	33.433207201009054	-0.4650271959174676	0.5927859106230472	0.9955263872159417	1	1
cell morphogenesis involved in neuron differentiation	GO:0048667		69	8	14.328517371861025	-0.5828102315738513	0.5327639656361729	0.9843133326954002	1	1
axon extension	GO:0048675		11	1	2.284256392615526	-0.8260405414547983	0.4248799167694929	0.9227905796275384	1	1
response to axon injury	GO:0048678		5	2	1.0382983602797844	0.6555639994694172	1.4101486239250423	0.2784677966097898	1	1
embryonic cranial skeleton morphogenesis	GO:0048701		6	0	1.2459580323357413	-Inf	0	1	1	1
embryonic skeletal system morphogenesis	GO:0048704		10	0	2.076596720559569	-Inf	0	1	1	1
skeletal system morphogenesis	GO:0048705		36	4	7.4757481940144475	-0.6253698459926471	0.5123516935775311	0.9583216509351764	1	1
embryonic skeletal system development	GO:0048706		14	0	2.9072354087833965	-Inf	0	1	1	1
astrocyte differentiation	GO:0048708		6	0	1.2459580323357413	-Inf	0	1	1	1
oligodendrocyte differentiation	GO:0048709		9	1	1.8689370485036119	-0.6253698459926471	0.5123516935775311	0.8769813843064487	1	1
regulation of astrocyte differentiation	GO:0048710		5	1	1.0382983602797844	-0.03758318109052809	0.8550494879642134	0.687756407879498	1	1
tissue morphogenesis	GO:0048729		113	11	23.46554294232313	-0.7576378145703979	0.4531081325270136	0.999288710246578	1	1
epidermis morphogenesis	GO:0048730		6	0	1.2459580323357413	-Inf	0	1	1	1
gland development	GO:0048732		43	4	8.929365898406147	-0.8030510232300997	0.4341887673951878	0.9843135360815687	1	1
appendage development	GO:0048736		35	5	7.26808852195849	-0.374055417711741	0.6427576439377599	0.8797691670302257	1	1
cardiac muscle tissue development	GO:0048738		32	1	6.64510950579062	-1.893881171456154	0.1499243289223491	0.9994219902334351	1	1
pigment granule organization	GO:0048753		15	4	3.114895080839353	0.25009889136125285	1.0687514739090234	0.38067988828058175	1	1
branching morphogenesis of an epithelial tube	GO:0048754		13	0	2.6995757367274393	-Inf	0	1	1	1
pigment granule maturation	GO:0048757		9	1	1.8689370485036119	-0.6253698459926471	0.5123516935775311	0.8769813843064487	1	1
mesenchymal cell differentiation	GO:0048762		46	10	9.552344914574016	0.045798427848522894	0.9141258443564794	0.49329738923861854	1	1
tissue remodeling	GO:0048771		11	3	2.284256392615526	0.27257174721331123	1.0865570588453881	0.40803498456474274	1	1
animal organ maturation	GO:0048799		5	1	1.0382983602797844	-0.03758318109052809	0.8550494879642134	0.687756407879498	1	1
genitalia development	GO:0048806		14	0	2.9072354087833965	-Inf	0	1	1	1
neuron projection morphogenesis	GO:0048812		78	7	16.19745442036464	-0.8389439462907063	0.41973317262062315	0.9984942269617796	1	1
dendrite morphogenesis	GO:0048813		7	0	1.4536177043916982	-Inf	0	1	1	1
regulation of dendrite morphogenesis	GO:0048814		9	2	1.8689370485036119	0.0677773345672982	0.9301019182460473	0.5866424881018152	1	1
erythrocyte development	GO:0048821		7	3	1.4536177043916982	0.7245568709563687	1.4718161116467272	0.1614187469654273	1	1
inner ear development	GO:0048839		10	0	2.076596720559569	-Inf	0	1	1	1
artery morphogenesis	GO:0048844		6	1	1.2459580323357413	-0.21990473788448278	0.7346935242489594	0.7526154025838886	1	1
cell projection morphogenesis	GO:0048858		81	8	16.820433436532507	-0.7431528816490306	0.459292856338234	0.9971842160571964	1	1
stem cell differentiation	GO:0048863		33	3	6.852769177846577	-0.8260405414547982	0.424879916769493	0.9789009624665828	1	1
stem cell development	GO:0048864		14	2	2.9072354087833965	-0.37405541771174117	0.6427576439377599	0.8206374202006002	1	1
multicellular organismal-level homeostasis	GO:0048871		141	27	29.280013759889922	-0.08106829303026704	0.825226316950025	0.637447137943452	1	1
homeostasis of number of cells	GO:0048872		41	15	8.514046554294232	0.5663328657414746	1.3317346314933391	0.011149085552759045	1	1
sensory system development	GO:0048880		55	4	11.421281963077629	-1.049184092769008	0.3434323890496411	0.997694561388514	1	1
chromosome localization	GO:0050000		75	10	15.574475404196766	-0.4430482891986925	0.6045686331939815	0.9370785824935827	1	1
3'-phosphoadenosine 5'-phosphosulfate metabolic process	GO:0050427		16	3	3.32255475289531	-0.10212170222809921	0.8110355253935493	0.6758810380350535	1	1
regulation of catecholamine secretion	GO:0050433		10	2	2.076596720559569	-0.03758318109052809	0.8550494879642134	0.5866424881018152	1	1
amyloid-beta metabolic process	GO:0050435		17	7	3.530214424951267	0.6845515363426695	1.435953932300053	0.04523734285666908	1	1
arachidonic acid secretion	GO:0050482		8	0	1.661277376447655	-Inf	0	1	1	1
chondroitin sulfate proteoglycan biosynthetic process	GO:0050650		15	2	3.114895080839353	-0.4430482891986925	0.6045686331939815	0.8206374202006002	1	1
dermatan sulfate proteoglycan biosynthetic process	GO:0050651		7	1	1.4536177043916982	-0.37405541771174117	0.6427576439377599	0.8040048847954714	1	1
chondroitin sulfate proteoglycan metabolic process	GO:0050654		15	2	3.114895080839353	-0.4430482891986925	0.6045686331939815	0.8206374202006002	1	1
dermatan sulfate proteoglycan metabolic process	GO:0050655		8	2	1.661277376447655	0.18556037022368177	1.0184629095493067	0.5189885297111225	1	1
nucleic acid transport	GO:0050657		64	7	13.29021901158124	-0.6411182029607863	0.5049674060482424	0.987361500786431	1	1
RNA transport	GO:0050658		64	7	13.29021901158124	-0.6411182029607863	0.5049674060482424	0.987361500786431	1	1
homocysteine metabolic process	GO:0050667		9	2	1.8689370485036119	0.0677773345672982	0.9301019182460473	0.5866424881018152	1	1
regulation of lymphocyte proliferation	GO:0050670		114	24	23.673202614379086	0.013710113297022255	0.8911012527496509	0.4878253990100878	1	1
positive regulation of lymphocyte proliferation	GO:0050671		75	16	15.574475404196766	0.026955340047042992	0.9005617483241221	0.4973683191255285	1	1
negative regulation of lymphocyte proliferation	GO:0050672		37	6	7.683407866070404	-0.24730371207259713	0.7176868401648805	0.7876625109245161	1	1
epithelial cell proliferation	GO:0050673		30	2	6.229790161678706	-1.1361954697586378	0.3157645429162462	0.9899749348621376	1	1
regulation of epithelial cell proliferation	GO:0050678		192	36	39.87065703474372	-0.10212170222809934	0.8110355253935492	0.7233299466343162	1	1
positive regulation of epithelial cell proliferation	GO:0050679		112	17	23.257883270267172	-0.3134307958953063	0.6778253196165382	0.9310527433192017	1	1
negative regulation of epithelial cell proliferation	GO:0050680		65	16	13.497878683637197	0.17005618368771636	1.0065743704299086	0.26383180311872795	1	1
regulation of mRNA processing	GO:0050684		77	9	15.98979474830868	-0.5747261131738923	0.5367170541731754	0.9854899816180591	1	1
positive regulation of mRNA processing	GO:0050685		12	1	2.4919160646714826	-0.9130519184444281	0.39123986519130494	0.9227905796275384	1	1
negative regulation of mRNA processing	GO:0050686		12	2	2.4919160646714826	-0.21990473788448278	0.7346935242489594	0.7463131700423387	1	1
negative regulation of defense response to virus	GO:0050687		14	4	2.9072354087833965	0.3190917628482042	1.123880732467684	0.3283552675545878	1	1
regulation of defense response to virus	GO:0050688		48	7	9.96766425868593	-0.3534361305090054	0.6545259222992135	0.8833128221186032	1	1
regulation of defense response to virus by host	GO:0050691		35	4	7.26808852195849	-0.5971989690259507	0.5257880027464992	0.943075672709452	1	1
regulation of protein secretion	GO:0050708		123	18	25.542139662882697	-0.3499578661326806	0.6565272400780798	0.9679734568394864	1	1
negative regulation of protein secretion	GO:0050709		28	5	5.814470817566793	-0.15091186639753132	0.7787800313694351	0.7196520753345008	1	1
positive regulation of protein secretion	GO:0050714		62	12	12.874899667469327	-0.07037300391351901	0.8324976266966551	0.6574190424979738	1	1
regulation of inflammatory response	GO:0050727		190	27	39.45533769063181	-0.3793324748125848	0.639772099903825	0.9877460808394973	1	1
negative regulation of inflammatory response	GO:0050728		82	16	17.028093108588465	-0.06227579368089961	0.8380303728671173	0.6112357025606366	1	1
positive regulation of inflammatory response	GO:0050729		77	9	15.98979474830868	-0.5747261131738923	0.5367170541731754	0.9834597156522347	1	1
regulation of peptidyl-tyrosine phosphorylation	GO:0050730		72	6	14.951496388028895	-0.913051918444428	0.39123986519130505	0.998310392398875	1	1
positive regulation of peptidyl-tyrosine phosphorylation	GO:0050731		52	5	10.798302946909757	-0.7699510748037547	0.4479080925004649	0.9865325757960184	1	1
negative regulation of peptidyl-tyrosine phosphorylation	GO:0050732		17	0	3.530214424951267	-Inf	0	1	1	1
regulation of lipoprotein metabolic process	GO:0050746		10	2	2.076596720559569	-0.03758318109052809	0.8550494879642134	0.6469486398345623	1	1
regulation of phagocytosis	GO:0050764		51	11	10.5906432748538	0.03792437141761706	0.9084427730703822	0.4989373144429651	1	1
negative regulation of phagocytosis	GO:0050765		9	3	1.8689370485036119	0.47324244267546267	1.2517310839972888	0.2821996753436965	1	1
positive regulation of phagocytosis	GO:0050766		36	6	7.4757481940144475	-0.21990473788448264	0.7346935242489595	0.7876625109245161	1	1
regulation of neurogenesis	GO:0050767		58	8	12.0442609792455	-0.40914673752301123	0.623105519043334	0.9189180325990167	1	1
negative regulation of neurogenesis	GO:0050768		19	1	3.9455337690631813	-1.3725842478228683	0.25081318682877285	0.9880268984657199	1	1
positive regulation of neurogenesis	GO:0050769		36	7	7.4757481940144475	-0.06575405805722445	0.8356507821944621	0.5779164812367251	1	1
regulation of axonogenesis	GO:0050770		24	1	4.983832129342965	-1.6061990990043733	0.19932628392479618	0.9952867781158317	1	1
negative regulation of axonogenesis	GO:0050771		8	0	1.661277376447655	-Inf	0	1	1	1
positive regulation of axonogenesis	GO:0050772		14	0	2.9072354087833965	-Inf	0	1	1	1
regulation of dendrite development	GO:0050773		17	3	3.530214424951267	-0.16274632404453418	0.771090171362034	0.7172018988421163	1	1
negative regulation of immune response	GO:0050777		124	17	25.749799334938654	-0.4152134902052485	0.61975593008984875	0.9838509504113002	1	1
RNA destabilization	GO:0050779		48	7	9.96766425868593	-0.3534361305090054	0.6545259222992135	0.86920651242587	1	1
regulation of viral process	GO:0050792		126	19	26.16511867905057	-0.31998819644146537	0.6739640425168151	0.9461431102153961	1	1
regulation of behavior	GO:0050795		14	3	2.9072354087833965	0.03140969039642335	0.9037570637243312	0.580334678997702	1	1
regulation of insulin secretion	GO:0050796		58	6	12.0442609792455	-0.6968288099747922	0.47956777382318216	0.988653990902711	1	1
regulation of synapse structure or activity	GO:0050803		49	8	10.175323930741888	-0.2405240250872185	0.721868348092815	0.7448262238676102	1	1
modulation of chemical synaptic transmission	GO:0050804		59	10	12.251920651301456	-0.20309761956810146	0.7452672920808645	0.7923852669158011	1	1
positive regulation of synaptic transmission	GO:0050806		15	5	3.114895080839353	0.4732424426754625	1.2517310839972888	0.18446256055810342	1	1
regulation of synapse organization	GO:0050807		49	8	10.175323930741888	-0.2405240250872185	0.721868348092815	0.7448262238676102	1	1
synapse organization	GO:0050808		81	8	16.820433436532507	-0.7431528816490306	0.459292856338234	0.9949178910966417	1	1
regulation of steroid biosynthetic process	GO:0050810		47	7	9.760004586629973	-0.33238272131117297	0.6667108053585193	0.86920651242587	1	1
coagulation	GO:0050817		93	13	19.312349501203993	-0.3957954043481472	0.6305268617907112	0.9648122893891007	1	1
regulation of coagulation	GO:0050818		50	6	10.382983602797843	-0.5484088048565187	0.549754965062503	0.9635150512160765	1	1
negative regulation of coagulation	GO:0050819		35	4	7.26808852195849	-0.5971989690259507	0.5257880027464992	0.9512442540874169	1	1
positive regulation of coagulation	GO:0050820		16	2	3.32255475289531	-0.5075868103362635	0.5704932391303862	0.8747919000306	1	1
protein stabilization	GO:0050821		164	35	34.05618621717693	0.0273363650087875	0.900834805175977	0.4265297498508984	1	1
defense response to Gram-negative bacterium	GO:0050829		73	9	15.159156060084852	-0.5213801324685994	0.5634157045061399	0.8499640768582111	1	1
defense response to Gram-positive bacterium	GO:0050830		75	7	15.574475404196766	-0.7997232331374249	0.43555110749601733	0.9777715981889069	1	1
defense response to fungus	GO:0050832		34	3	7.060428849902534	-0.8558935046044795	0.4130570601487032	0.9494481283135643	1	1
progesterone receptor signaling pathway	GO:0050847		10	3	2.076596720559569	0.3678819270176362	1.1636753669944517	0.2821996753436965	1	1
regulation of calcium-mediated signaling	GO:0050848		52	8	10.798302946909757	-0.29994744555801905	0.6858168500062106	0.8589542211265623	1	1
negative regulation of calcium-mediated signaling	GO:0050849		12	3	2.4919160646714826	0.1855603702236816	1.0184629095493065	0.4686775291554418	1	1
positive regulation of calcium-mediated signaling	GO:0050850		32	4	6.64510950579062	-0.5075868103362635	0.5704932391303862	0.9105414052447596	1	1
antigen receptor-mediated signaling pathway	GO:0050851		75	16	15.574475404196766	0.026955340047042992	0.9005617483241221	0.44975012134454984	1	1
T cell receptor signaling pathway	GO:0050852		51	11	10.5906432748538	0.03792437141761706	0.9084427730703822	0.4410255693305576	1	1
B cell receptor signaling pathway	GO:0050853		22	5	4.568512785231052	0.0902501904193567	0.9466071317499707	0.49328596615142095	1	1
regulation of antigen receptor-mediated signaling pathway	GO:0050854		40	9	8.306386882238275	0.08019985456585538	0.9392045403159717	0.4547956499837591	1	1
regulation of B cell receptor signaling pathway	GO:0050855		13	5	2.6995757367274393	0.616343286316136	1.3754867514069333	0.11278616204544985	1	1
regulation of T cell receptor signaling pathway	GO:0050856		29	6	6.02213048962275	-0.0036816294148469112	0.8787726794625421	0.5773061328048694	1	1
positive regulation of antigen receptor-mediated signaling pathway	GO:0050857		15	4	3.114895080839353	0.25009889136125285	1.0687514739090234	0.38067988828058175	1	1
negative regulation of antigen receptor-mediated signaling pathway	GO:0050858		23	4	4.776172457287008	-0.17734512346568673	0.7616766486395636	0.733864067829993	1	1
negative regulation of B cell receptor signaling pathway	GO:0050859		7	2	1.4536177043916982	0.3190917628482042	1.123880732467684	0.4442785093143923	1	1
negative regulation of T cell receptor signaling pathway	GO:0050860		16	2	3.32255475289531	-0.5075868103362635	0.5704932391303862	0.8747919000306	1	1
positive regulation of T cell receptor signaling pathway	GO:0050862		12	3	2.4919160646714826	0.1855603702236816	1.0184629095493065	0.4686775291554418	1	1
regulation of T cell activation	GO:0050863		170	29	35.30214424951267	-0.19664787572021555	0.7493534647696894	0.8759649198942094	1	1
regulation of B cell activation	GO:0050864		47	11	9.760004586629973	0.11960240243188412	0.9684199887268611	0.3826043087170306	1	1
negative regulation of cell activation	GO:0050866		92	15	19.104689829148032	-0.2418836446032579	0.7210283675575212	0.8746715327274048	1	1
positive regulation of cell activation	GO:0050867		177	31	36.75576195390437	-0.17030779674511068	0.7662043984513689	0.8719190057754624	1	1
negative regulation of T cell activation	GO:0050868		55	8	11.421281963077629	-0.3560369122090627	0.6530325315921796	0.8982148174152844	1	1
negative regulation of B cell activation	GO:0050869		11	3	2.284256392615526	0.27257174721331123	1.0865570588453881	0.40803498456474274	1	1
positive regulation of T cell activation	GO:0050870		119	21	24.71150097465887	-0.16274632404453407	0.7710901713620341	0.8181472547057193	1	1
positive regulation of B cell activation	GO:0050871		34	8	7.060428849902534	0.1249357484072468	0.9724140606384994	0.4107093893815096	1	1
regulation of body fluid levels	GO:0050878		168	27	34.88682490540076	-0.2562723820553576	0.712182235853394	0.9407888317990896	1	1
multicellular organismal movement	GO:0050879		15	4	3.114895080839353	0.25009889136125285	1.0687514739090234	0.38067988828058175	1	1
musculoskeletal movement	GO:0050881		15	4	3.114895080839353	0.25009889136125285	1.0687514739090234	0.38067988828058175	1	1
neuromuscular process controlling balance	GO:0050885		11	2	2.284256392615526	-0.13289336089485304	0.7905889481542714	0.7000405632278557	1	1
endocrine process	GO:0050886		20	1	4.153193441119138	-1.4238775422104186	0.23851075901735286	0.9905159401782357	1	1
cognition	GO:0050890		85	11	17.651072124756336	-0.47290125234837377	0.5886095483601181	0.9681665921844744	1	1
multicellular organismal-level water homeostasis	GO:0050891		18	2	3.7378740970072237	-0.6253698459926471	0.5123516935775311	0.8958039001890645	1	1
intestinal absorption	GO:0050892		15	3	3.114895080839353	-0.03758318109052809	0.8550494879642134	0.6302483766769817	1	1
leukocyte migration	GO:0050900		121	19	25.126820318770786	-0.27949683508672857	0.6980711837095758	0.9107442667830881	1	1
leukocyte tethering or rolling	GO:0050901		16	5	3.32255475289531	0.4087039215378914	1.197459414183245	0.22519902074631304	1	1
neuromuscular process	GO:0050905		36	6	7.4757481940144475	-0.21990473788448264	0.7346935242489595	0.7876625109245161	1	1
detection of stimulus involved in sensory perception	GO:0050906		52	1	10.798302946909757	-2.379388987237855	0.09247528485779394	0.9999648494185025	1	1
detection of chemical stimulus involved in sensory perception	GO:0050907		36	0	7.4757481940144475	-Inf	0	1	1	1
detection of light stimulus involved in visual perception	GO:0050908		10	1	2.076596720559569	-0.7307303616504734	0.46465550092064367	0.9025405781366582	1	1
sensory perception of taste	GO:0050909		42	2	8.72170622635019	-1.4726677063798508	0.2273493330185462	0.9963993714465517	1	1
detection of chemical stimulus involved in sensory perception of taste	GO:0050912		35	0	7.26808852195849	-Inf	0	1	1	1
sensory perception of bitter taste	GO:0050913		33	0	6.852769177846577	-Inf	0	1	1	1
sensory perception of sour taste	GO:0050915		5	2	1.0382983602797844	0.6555639994694172	1.4101486239250423	0.2784677966097898	1	1
positive chemotaxis	GO:0050918		13	1	2.6995757367274393	-0.9930946261179644	0.3624410396831095	0.9388339804989202	1	1
negative chemotaxis	GO:0050919		10	0	2.076596720559569	-Inf	0	1	1	1
regulation of chemotaxis	GO:0050920		130	19	26.995757367274393	-0.3512407399455697	0.6557885603393837	0.9687634069042131	1	1
positive regulation of chemotaxis	GO:0050921		96	12	19.93532851737186	-0.5075868103362637	0.5704932391303862	0.9858426188154079	1	1
negative regulation of chemotaxis	GO:0050922		23	6	4.776172457287008	0.2281199846424775	1.0514827223147898	0.33912231654004465	1	1
regulation of positive chemotaxis	GO:0050926		15	1	3.114895080839353	-1.1361954697586378	0.3157645429162462	0.969591795111742	1	1
positive regulation of positive chemotaxis	GO:0050927		14	1	2.9072354087833965	-1.0672025982716864	0.3375241858610443	0.961614211589703	1	1
induction of positive chemotaxis	GO:0050930		8	1	1.661277376447655	-0.5075868103362635	0.5704932391303862	0.8447215069503783	1	1
pigment cell differentiation	GO:0050931		14	2	2.9072354087833965	-0.37405541771174117	0.6427576439377599	0.8206374202006002	1	1
sensory perception of light stimulus	GO:0050953		120	15	24.919160646714825	-0.5075868103362637	0.5704932391303862	0.9926117061577201	1	1
sensory perception of mechanical stimulus	GO:0050954		77	11	15.98979474830868	-0.37405541771174117	0.6427576439377599	0.931290116191321	1	1
equilibrioception	GO:0050957		6	2	1.2459580323357413	0.4732424426754625	1.2517310839972888	0.36346143435754485	1	1
detection of light stimulus involved in sensory perception	GO:0050962		10	1	2.076596720559569	-0.7307303616504734	0.46465550092064367	0.9025405781366582	1	1
detection of mechanical stimulus	GO:0050982		11	2	2.284256392615526	-0.13289336089485304	0.7905889481542714	0.7000405632278557	1	1
regulation of lipid catabolic process	GO:0050994		31	7	6.4374498337346635	0.08377767591373922	0.9418358877123467	0.43439477395649384	1	1
negative regulation of lipid catabolic process	GO:0050995		13	2	2.6995757367274393	-0.29994744555801905	0.6858168500062106	0.7863084571716146	1	1
positive regulation of lipid catabolic process	GO:0050996		15	1	3.114895080839353	-1.1361954697586378	0.3157645429162462	0.961614211589703	1	1
regulation of nitric-oxide synthase activity	GO:0050999		5	0	1.0382983602797844	-Inf	0	1	1	1
actin filament severing	GO:0051014		5	1	1.0382983602797844	-0.03758318109052809	0.8550494879642134	0.687756407879498	1	1
barbed-end actin filament capping	GO:0051016		5	0	1.0382983602797844	-Inf	0	1	1	1
actin filament bundle assembly	GO:0051017		32	6	6.64510950579062	-0.10212170222809921	0.8110355253935493	0.6790944125885722	1	1
mRNA transport	GO:0051028		47	4	9.760004586629973	-0.8919985092465956	0.3991521378393826	0.9933236231498919	1	1
regulation of membrane protein ectodomain proteolysis	GO:0051043		23	5	4.776172457287008	0.045798427848522894	0.9141258443564794	0.5361092021545812	1	1
positive regulation of membrane protein ectodomain proteolysis	GO:0051044		15	3	3.114895080839353	-0.03758318109052809	0.8550494879642134	0.6302483766769817	1	1
negative regulation of membrane protein ectodomain proteolysis	GO:0051045		5	0	1.0382983602797844	-Inf	0	1	1	1
positive regulation of secretion	GO:0051047		134	18	27.826396055498222	-0.4356133107111745	0.6085962737874177	0.984006513767935	1	1
negative regulation of secretion	GO:0051048		69	15	14.328517371861025	0.045798427848522894	0.9141258443564794	0.4186789063047236	1	1
negative regulation of DNA metabolic process	GO:0051053		101	15	20.973626877651647	-0.3352155843954773	0.665061322749547	0.9259167557840697	1	1
positive regulation of DNA metabolic process	GO:0051054		182	28	37.79406031418416	-0.29994744555801933	0.6858168500062104	0.9668962241336356	1	1
negative regulation of lipid biosynthetic process	GO:0051055		35	5	7.26808852195849	-0.374055417711741	0.6427576439377599	0.8631598169542691	1	1
regulation of small GTPase mediated signal transduction	GO:0051056		189	43	39.247678018575854	0.09130783197749219	0.9473881162326714	0.2145615073540007	1	1
positive regulation of small GTPase mediated signal transduction	GO:0051057		33	6	6.852769177846577	-0.1328933608948529	0.7905889481542714	0.6790944125885722	1	1
negative regulation of small GTPase mediated signal transduction	GO:0051058		30	5	6.229790161678706	-0.21990473788448278	0.7346935242489594	0.7765621815304163	1	1
nuclear membrane disassembly	GO:0051081		11	2	2.284256392615526	-0.13289336089485304	0.7905889481542714	0.7000405632278557	1	1
'de novo' post-translational protein folding	GO:0051084		9	0	1.8689370485036119	-Inf	0	1	1	1
chaperone cofactor-dependent protein refolding	GO:0051085		7	0	1.4536177043916982	-Inf	0	1	1	1
regulation of DNA-binding transcription factor activity	GO:0051090		183	36	38.00171998624011	-0.05411248304173874	0.8436324215910431	0.5858308668836771	1	1
positive regulation of DNA-binding transcription factor activity	GO:0051091		117	17	24.296181630546954	-0.3571058593979678	0.6524194880260831	0.9602485372767965	1	1
positive regulation of NF-kappaB transcription factor activity	GO:0051092		88	15	18.274051140924207	-0.19743188203242423	0.7488559229940783	0.8271012923922595	1	1
regulation of binding	GO:0051098		132	22	27.411076711386308	-0.21990473788448278	0.7346935242489594	0.8855709318208187	1	1
positive regulation of binding	GO:0051099		64	12	13.29021901158124	-0.10212170222809921	0.8110355253935493	0.6802997815355346	1	1
negative regulation of binding	GO:0051100		65	12	13.497878683637197	-0.11762588876406445	0.8006896728100366	0.7022624380970732	1	1
regulation of DNA binding	GO:0051101		47	6	9.760004586629973	-0.48653340113843124	0.5814349454065366	0.9370697213348268	1	1
RNA polymerase II preinitiation complex assembly	GO:0051123		17	1	3.530214424951267	-1.2613586127126437	0.2796111962732416	0.9809185311126569	1	1
regulation of actin nucleation	GO:0051125		15	3	3.114895080839353	-0.03758318109052809	0.8550494879642134	0.580334678997702	1	1
negative regulation of actin nucleation	GO:0051126		5	1	1.0382983602797844	-0.03758318109052809	0.8550494879642134	0.6058986856255562	1	1
positive regulation of actin nucleation	GO:0051127		9	2	1.8689370485036119	0.0677773345672982	0.9301019182460473	0.5866424881018152	1	1
chaperone-mediated protein complex assembly	GO:0051131		19	1	3.9455337690631813	-1.3725842478228683	0.25081318682877285	0.9880268984657199	1	1
NK T cell activation	GO:0051132		5	0	1.0382983602797844	-Inf	0	1	1	1
regulation of NK T cell activation	GO:0051133		11	1	2.284256392615526	-0.8260405414547983	0.4248799167694929	0.9227905796275384	1	1
positive regulation of NK T cell activation	GO:0051135		9	0	1.8689370485036119	-Inf	0	1	1	1
regulation of NK T cell proliferation	GO:0051140		6	0	1.2459580323357413	-Inf	0	1	1	1
positive regulation of NK T cell proliferation	GO:0051142		6	0	1.2459580323357413	-Inf	0	1	1	1
smooth muscle cell differentiation	GO:0051145		5	1	1.0382983602797844	-0.03758318109052809	0.8550494879642134	0.687756407879498	1	1
striated muscle cell differentiation	GO:0051146		40	5	8.306386882238275	-0.5075868103362637	0.5704932391303862	0.9300366334437853	1	1
regulation of muscle cell differentiation	GO:0051147		55	13	11.421281963077629	0.12947090357263813	0.9758177256757197	0.2978131622355005	1	1
negative regulation of muscle cell differentiation	GO:0051148		23	6	4.776172457287008	0.2281199846424775	1.0514827223147898	0.2987245826673827	1	1
positive regulation of muscle cell differentiation	GO:0051149		28	7	5.814470817566793	0.1855603702236816	1.0184629095493065	0.3222794538587466	1	1
regulation of smooth muscle cell differentiation	GO:0051150		20	5	4.153193441119138	0.1855603702236816	1.0184629095493065	0.4038920990917684	1	1
negative regulation of smooth muscle cell differentiation	GO:0051151		10	3	2.076596720559569	0.3678819270176362	1.1636753669944517	0.3454178811708285	1	1
positive regulation of smooth muscle cell differentiation	GO:0051152		9	2	1.8689370485036119	0.0677773345672982	0.9301019182460473	0.5866424881018152	1	1
regulation of striated muscle cell differentiation	GO:0051153		26	6	5.399151473454879	0.10551766255014523	0.9579172596729197	0.3800260173993231	1	1
negative regulation of striated muscle cell differentiation	GO:0051154		12	3	2.4919160646714826	0.1855603702236816	1.0184629095493065	0.40803498456474274	1	1
positive regulation of striated muscle cell differentiation	GO:0051155		14	3	2.9072354087833965	0.03140969039642335	0.9037570637243312	0.5263390908313202	1	1
glucose 6-phosphate metabolic process	GO:0051156		15	0	3.114895080839353	-Inf	0	1	1	1
nuclear export	GO:0051168		75	10	15.574475404196766	-0.4430482891986925	0.6045686331939815	0.9599638604604601	1	1
nuclear transport	GO:0051169		123	23	25.542139662882697	-0.10483540809969558	0.809218265041938	0.7329042611801154	1	1
import into nucleus	GO:0051170		47	10	9.760004586629973	0.024292222627559264	0.8986546717213224	0.5232144380282379	1	1
vitamin transport	GO:0051180		39	9	8.09872721018232	0.10551766255014502	0.9579172596729196	0.42228919185602753	1	1
prosthetic group metabolic process	GO:0051189		6	2	1.2459580323357413	0.4732424426754625	1.2517310839972888	0.36346143435754485	1	1
protein insertion into mitochondrial membrane	GO:0051204		5	2	1.0382983602797844	0.6555639994694172	1.4101486239250423	0.2784677966097898	1	1
protein insertion into membrane	GO:0051205		40	6	8.306386882238275	-0.32526525354230906	0.6708686990356654	0.8302501961935482	1	1
release of sequestered calcium ion into cytosol	GO:0051209		28	1	5.814470817566793	-1.7603497788316318	0.17114793882357823	0.9985308719657432	1	1
cartilage development	GO:0051216		27	3	5.606811145510836	-0.6253698459926471	0.5123516935775311	0.9292177241273096	1	1
positive regulation of protein transport	GO:0051222		129	34	26.78809769521844	0.23840285159806138	1.0595438516837616	0.07466505493623618	1	1
negative regulation of protein transport	GO:0051224		60	8	12.459580323357413	-0.4430482891986925	0.6045686331939815	0.949662145818946	1	1
spindle assembly	GO:0051225		63	14	13.082559339525284	0.0677773345672982	0.9301019182460473	0.4109328148600105	1	1
spindle elongation	GO:0051231		8	2	1.661277376447655	0.18556037022368177	1.0184629095493067	0.4442785093143923	1	1
maintenance of location	GO:0051235		51	6	10.5906432748538	-0.5682114321526985	0.5399204070993384	0.9683019869569718	1	1
establishment of RNA localization	GO:0051236		66	8	13.705538355693154	-0.5383584690030173	0.5548024744357416	0.9765565505763427	1	1
negative regulation of lymphocyte activation	GO:0051250		68	10	14.120857699805068	-0.34506788083848877	0.6593487065289834	0.9131310142538445	1	1
positive regulation of lymphocyte activation	GO:0051251		152	29	31.56427015250545	-0.08472995951623022	0.822746514254742	0.7130573624582317	1	1
spindle midzone assembly	GO:0051255		8	1	1.661277376447655	-0.5075868103362635	0.5704932391303862	0.8040048847954714	1	1
mitotic spindle midzone assembly	GO:0051256		7	1	1.4536177043916982	-0.37405541771174117	0.6427576439377599	0.7526154025838886	1	1
protein polymerization	GO:0051258		52	9	10.798302946909757	-0.1821644099016357	0.7585867448476872	0.6643735136103004	1	1
protein complex oligomerization	GO:0051259		160	29	33.2255475289531	-0.1360232539037806	0.7885289814851194	0.8219456534313809	1	1
protein homooligomerization	GO:0051260		118	21	24.50384130260291	-0.15430745539866944	0.7765682488187351	0.8181472547057193	1	1
protein depolymerization	GO:0051261		22	8	4.568512785231052	0.5602538196650922	1.3264517770645412	0.052362833056600236	1	1
protein tetramerization	GO:0051262		71	14	14.74383671597294	-0.05176781608248467	0.8452459112389545	0.6327688193081171	1	1
regulation of release of sequestered calcium ion into cytosol	GO:0051279		50	7	10.382983602797843	-0.39425812502926044	0.631385755551394	0.8961229126767193	1	1
positive regulation of release of sequestered calcium ion into cytosol	GO:0051281		25	3	5.1914918013989215	-0.5484088048565187	0.549754965062503	0.9017612221096273	1	1
regulation of sequestering of calcium ion	GO:0051282		78	8	16.19745442036464	-0.7054125536661837	0.47575345058804924	0.9941250724206836	1	1
negative regulation of sequestering of calcium ion	GO:0051283		28	1	5.814470817566793	-1.7603497788316318	0.17114793882357823	0.9985308719657432	1	1
positive regulation of sequestering of calcium ion	GO:0051284		6	1	1.2459580323357413	-0.21990473788448278	0.7346935242489594	0.7526154025838886	1	1
protein homotetramerization	GO:0051289		50	8	10.382983602797843	-0.2607267324047378	0.709459778017518	0.8434113076860921	1	1
protein heterotetramerization	GO:0051290		12	2	2.4919160646714826	-0.21990473788448278	0.7346935242489594	0.7463131700423387	1	1
protein heterooligomerization	GO:0051291		16	3	3.32255475289531	-0.10212170222809921	0.8110355253935493	0.6758810380350535	1	1
nuclear pore complex assembly	GO:0051292		11	0	2.284256392615526	-Inf	0	1	1	1
establishment of spindle localization	GO:0051293		31	5	6.4374498337346635	-0.2526945607074737	0.7143744674522063	0.8014772670963013	1	1
establishment of spindle orientation	GO:0051294		26	3	5.399151473454879	-0.5876295180098001	0.5304189204269063	0.9292177241273096	1	1
centrosome duplication	GO:0051298		27	5	5.606811145510836	-0.11454422222665642	0.8027389619017541	0.6875693730491826	1	1
cell division	GO:0051301		88	11	18.274051140924207	-0.5075868103362637	0.5704932391303862	0.9716386917590576	1	1
regulation of cell division	GO:0051302		103	21	21.38894622176356	-0.01835181916264068	0.8684566077350199	0.49615667965551347	1	1
establishment of chromosome localization	GO:0051303		73	9	15.159156060084852	-0.5213801324685994	0.5634157045061399	0.9601623743619772	1	1
chromosome separation	GO:0051304		6	1	1.2459580323357413	-0.21990473788448278	0.7346935242489594	0.7526154025838886	1	1
metaphase chromosome alignment	GO:0051310		71	9	14.74383671597294	-0.49360056836152394	0.5777433035274013	0.9494558744152437	1	1
attachment of mitotic spindle microtubules to kinetochore	GO:0051315		13	3	2.6995757367274393	0.10551766255014523	0.9579172596729197	0.5263390908313202	1	1
meiotic cell cycle	GO:0051321		42	6	8.72170622635019	-0.37405541771174117	0.6427576439377599	0.8488245493589812	1	1
regulation of hydrolase activity	GO:0051336		178	36	36.96342162596032	-0.026409880492402765	0.8628228136376987	0.5858308668836771	1	1
regulation of oxidoreductase activity	GO:0051341		23	3	4.776172457287008	-0.4650271959174678	0.5927859106230471	0.8846910864089581	1	1
positive regulation of hydrolase activity	GO:0051345		107	19	22.219584909987386	-0.15653512395189348	0.7751195634653644	0.7986593569031172	1	1
negative regulation of hydrolase activity	GO:0051346		40	10	8.306386882238275	0.1855603702236816	1.0184629095493065	0.3103225027493976	1	1
positive regulation of transferase activity	GO:0051347		154	27	31.97958949661736	-0.16926100506572783	0.7668794891831716	0.8152372850666291	1	1
negative regulation of transferase activity	GO:0051348		88	21	18.274051140924207	0.13904035458878872	0.9830217242841923	0.25475957263913845	1	1
positive regulation of lyase activity	GO:0051349		18	6	3.7378740970072237	0.47324244267546267	1.2517310839972888	0.12189962375533625	1	1
negative regulation of lyase activity	GO:0051350		11	1	2.284256392615526	-0.8260405414547983	0.4248799167694929	0.9227905796275384	1	1
positive regulation of oxidoreductase activity	GO:0051353		10	2	2.076596720559569	-0.03758318109052809	0.8550494879642134	0.6469486398345623	1	1
negative regulation of oxidoreductase activity	GO:0051354		7	1	1.4536177043916982	-0.37405541771174117	0.6427576439377599	0.8040048847954714	1	1
kinetochore assembly	GO:0051382		8	2	1.661277376447655	0.18556037022368177	1.0184629095493067	0.5189885297111225	1	1
kinetochore organization	GO:0051383		9	2	1.8689370485036119	0.0677773345672982	0.9301019182460473	0.5866424881018152	1	1
response to glucocorticoid	GO:0051384		18	2	3.7378740970072237	-0.6253698459926471	0.5123516935775311	0.9134911356883086	1	1
neuron apoptotic process	GO:0051402		12	1	2.4919160646714826	-0.9130519184444281	0.39123986519130494	0.9388339804989202	1	1
stress-activated MAPK cascade	GO:0051403		15	2	3.114895080839353	-0.4430482891986925	0.6045686331939815	0.8499280422811566	1	1
detoxification of nitrogen compound	GO:0051410		5	3	1.0382983602797844	1.0610291075775815	1.782860369115461	0.06394451928365348	1	1
regulation of ubiquitin-protein transferase activity	GO:0051438		27	11	5.606811145510836	0.6739131381376137	1.4264654118483726	0.007429760642891741	1	1
positive regulation of ubiquitin-protein transferase activity	GO:0051443		14	3	2.9072354087833965	0.03140969039642335	0.9037570637243312	0.4686775291554418	1	1
negative regulation of ubiquitin-protein transferase activity	GO:0051444		11	7	2.284256392615526	1.119869607600515	1.8386341006110918	0.0024675748957437536	0.6919599497117221	0.691959949711722
regulation of meiotic cell cycle	GO:0051445		6	1	1.2459580323357413	-0.21990473788448278	0.7346935242489594	0.7526154025838886	1	1
intracellular pH reduction	GO:0051452		20	8	4.153193441119138	0.6555639994694172	1.4101486239250423	0.0287251561129917	1	1
regulation of intracellular pH	GO:0051453		42	12	8.72170622635019	0.3190917628482042	1.123880732467684	0.12655605259348082	1	1
maintenance of protein location in nucleus	GO:0051457		20	0	4.153193441119138	-Inf	0	1	1	1
regulation of corticotropin secretion	GO:0051459		5	2	1.0382983602797844	0.6555639994694172	1.4101486239250423	0.2784677966097898	1	1
regulation of cytosolic calcium ion concentration	GO:0051480		17	1	3.530214424951267	-1.2613586127126437	0.2796111962732416	0.9809185311126569	1	1
negative regulation of cytosolic calcium ion concentration	GO:0051481		7	1	1.4536177043916982	-0.37405541771174117	0.6427576439377599	0.8040048847954714	1	1
regulation of filopodium assembly	GO:0051489		22	1	4.568512785231052	-1.5191877220147436	0.2171783289133837	0.9940495488315544	1	1
positive regulation of filopodium assembly	GO:0051491		13	0	2.6995757367274393	-Inf	0	1	1	1
regulation of stress fiber assembly	GO:0051492		59	9	12.251920651301456	-0.3084581352259278	0.6807644605134716	0.8896430926886778	1	1
negative regulation of cytoskeleton organization	GO:0051494		72	10	14.951496388028895	-0.4022262946784373	0.6269437020453897	0.9436740013214017	1	1
positive regulation of cytoskeleton organization	GO:0051495		119	20	24.71150097465887	-0.21153648821396617	0.7399447724803294	0.8648821457746056	1	1
positive regulation of stress fiber assembly	GO:0051496		34	6	7.060428849902534	-0.16274632404453418	0.771090171362034	0.7373666622349946	1	1
negative regulation of stress fiber assembly	GO:0051497		20	1	4.153193441119138	-1.4238775422104186	0.23851075901735286	0.9905159401782357	1	1
adenine nucleotide transport	GO:0051503		26	9	5.399151473454879	0.5109827706583097	1.283930417894171	0.0724167984870475	1	1
regulation of keratinocyte migration	GO:0051547		7	0	1.4536177043916982	-Inf	0	1	1	1
positive regulation of keratinocyte migration	GO:0051549		6	0	1.2459580323357413	-Inf	0	1	1	1
flavone metabolic process	GO:0051552		6	0	1.2459580323357413	-Inf	0	1	1	1
mitochondrial calcium ion homeostasis	GO:0051560		16	0	3.32255475289531	-Inf	0	1	1	1
positive regulation of mitochondrial calcium ion concentration	GO:0051561		7	0	1.4536177043916982	-Inf	0	1	1	1
regulation of neurotransmitter uptake	GO:0051580		11	1	2.284256392615526	-0.8260405414547983	0.4248799167694929	0.9227905796275384	1	1
regulation of dopamine uptake involved in synaptic transmission	GO:0051584		8	1	1.661277376447655	-0.5075868103362635	0.5704932391303862	0.8447215069503783	1	1
regulation of neurotransmitter transport	GO:0051588		25	3	5.1914918013989215	-0.5484088048565187	0.549754965062503	0.9017612221096273	1	1
negative regulation of neurotransmitter transport	GO:0051589		5	1	1.0382983602797844	-0.03758318109052809	0.8550494879642134	0.6058986856255562	1	1
response to cAMP	GO:0051591		28	4	5.814470817566793	-0.37405541771174117	0.6427576439377599	0.8623881774173159	1	1
response to calcium ion	GO:0051592		68	14	14.120857699805068	-0.008595644217275787	0.875308628479267	0.5379977332382995	1	1
detection of stimulus	GO:0051606		121	12	25.126820318770786	-0.7390291644651686	0.461067004631878	0.9976101544042475	1	1
defense response to virus	GO:0051607		157	19	32.602568512785226	-0.5399520948382951	0.5539995876632499	0.9971856521253207	1	1
histamine transport	GO:0051608		5	0	1.0382983602797844	-Inf	0	1	1	1
serotonin uptake	GO:0051610		9	1	1.8689370485036119	-0.6253698459926471	0.5123516935775311	0.8769813843064487	1	1
centrosome localization	GO:0051642		15	3	3.114895080839353	-0.03758318109052809	0.8550494879642134	0.6302483766769817	1	1
Golgi localization	GO:0051645		9	1	1.8689370485036119	-0.6253698459926471	0.5123516935775311	0.8769813843064487	1	1
mitochondrion localization	GO:0051646		28	3	5.814470817566793	-0.661737490163522	0.4954358756915953	0.9494481283135643	1	1
nucleus localization	GO:0051647		7	0	1.4536177043916982	-Inf	0	1	1	1
vesicle localization	GO:0051648		61	7	12.66723999541337	-0.5931089837744258	0.5277631054430757	0.9806575975576033	1	1
establishment of vesicle localization	GO:0051650		58	6	12.0442609792455	-0.6968288099747922	0.47956777382318216	0.988653990902711	1	1
maintenance of location in cell	GO:0051651		49	6	10.175323930741888	-0.5282060975389995	0.5599397884419458	0.9580759580275541	1	1
spindle localization	GO:0051653		32	5	6.64510950579062	-0.28444325902205386	0.6950924825045942	0.8241407586718066	1	1
establishment of mitochondrion localization	GO:0051654		17	2	3.530214424951267	-0.5682114321526985	0.5399204070993384	0.8958039001890645	1	1
establishment of organelle localization	GO:0051656		193	25	40.07831670679968	-0.4719596326931127	0.589107735031509	0.9967474335341704	1	1
maintenance of organelle location	GO:0051657		8	0	1.661277376447655	-Inf	0	1	1	1
membrane raft localization	GO:0051665		5	1	1.0382983602797844	-0.03758318109052809	0.8550494879642134	0.6058986856255562	1	1
establishment of Golgi localization	GO:0051683		6	1	1.2459580323357413	-0.21990473788448278	0.7346935242489594	0.7526154025838886	1	1
actin filament capping	GO:0051693		6	0	1.2459580323357413	-Inf	0	1	1	1
protein delipidation	GO:0051697		5	1	1.0382983602797844	-0.03758318109052809	0.8550494879642134	0.687756407879498	1	1
biological process involved in interaction with host	GO:0051701		76	9	15.782135076252725	-0.5616540316065396	0.5431607590816736	0.9756909095297805	1	1
biological process involved in interaction with symbiont	GO:0051702		25	4	5.1914918013989215	-0.2607267324047378	0.709459778017518	0.6994719172777473	1	1
biological process involved in intraspecies interaction between organisms	GO:0051703		11	1	2.284256392615526	-0.8260405414547983	0.4248799167694929	0.9227905796275384	1	1
protein de-ADP-ribosylation	GO:0051725		5	1	1.0382983602797844	-0.03758318109052809	0.8550494879642134	0.687756407879498	1	1
response to redox state	GO:0051775		9	1	1.8689370485036119	-0.6253698459926471	0.5123516935775311	0.8769813843064487	1	1
positive regulation of cell division	GO:0051781		44	5	9.137025570462104	-0.6028969901405886	0.5230466783723091	0.9473162142484761	1	1
negative regulation of cell division	GO:0051782		8	1	1.661277376447655	-0.5075868103362635	0.5704932391303862	0.8040048847954714	1	1
regulation of nuclear division	GO:0051783		84	25	17.44341245270038	0.3599137573684594	1.1571321450902299	0.02811717181167088	1	1
negative regulation of nuclear division	GO:0051784		29	9	6.02213048962275	0.4017834786933176	1.1917016538091465	0.12974034000879334	1	1
positive regulation of nuclear division	GO:0051785		30	8	6.229790161678706	0.25009889136125285	1.0687514739090234	0.27387308489498124	1	1
response to misfolded protein	GO:0051788		15	1	3.114895080839353	-1.1361954697586378	0.3157645429162462	0.969591795111742	1	1
medium-chain fatty acid metabolic process	GO:0051791		10	3	2.076596720559569	0.3678819270176362	1.1636753669944517	0.3454178811708285	1	1
regulation of hair follicle development	GO:0051797		5	1	1.0382983602797844	-0.03758318109052809	0.8550494879642134	0.6058986856255562	1	1
cytolysis by host of symbiont cells	GO:0051838		11	0	2.284256392615526	-Inf	0	1	1	1
modulation by host of symbiont process	GO:0051851		90	14	18.689370485036118	-0.28889760937143416	0.6924181421030614	0.9077372214049984	1	1
protein autoubiquitination	GO:0051865		57	8	11.836601307189543	-0.39175499481114207	0.6327862236384462	0.9090674674931873	1	1
killing by host of symbiont cells	GO:0051873		20	2	4.153193441119138	-0.7307303616504734	0.46465550092064367	0.8958039001890645	1	1
pigment granule localization	GO:0051875		7	0	1.4536177043916982	-Inf	0	1	1	1
regulation of mitochondrial membrane potential	GO:0051881		39	7	8.09872721018232	-0.14579676573076106	0.7821200085399691	0.7280912537836687	1	1
regulation of focal adhesion assembly	GO:0051893		46	5	9.552344914574016	-0.6473487527114224	0.5020709535360993	0.974905484112176	1	1
positive regulation of focal adhesion assembly	GO:0051894		16	3	3.32255475289531	-0.10212170222809921	0.8110355253935493	0.6758810380350535	1	1
negative regulation of focal adhesion assembly	GO:0051895		12	0	2.4919160646714826	-Inf	0	1	1	1
regulation of phosphatidylinositol 3-kinase/protein kinase B signal transduction	GO:0051896		169	24	35.09448457745672	-0.37999015323155577	0.6394007629097765	0.9880618828610848	1	1
positive regulation of phosphatidylinositol 3-kinase/protein kinase B signal transduction	GO:0051897		123	13	25.542139662882697	-0.6753802665673084	0.4892140306700037	0.999121749010904	1	1
negative regulation of phosphatidylinositol 3-kinase/protein kinase B signal transduction	GO:0051898		35	8	7.26808852195849	0.09594821153399462	0.9508191032055971	0.4454321396719856	1	1
membrane depolarization	GO:0051899		28	3	5.814470817566793	-0.661737490163522	0.4954358756915953	0.9494481283135643	1	1
regulation of mitochondrial depolarization	GO:0051900		10	1	2.076596720559569	-0.7307303616504734	0.46465550092064367	0.9025405781366582	1	1
positive regulation of mitochondrial depolarization	GO:0051901		5	1	1.0382983602797844	-0.03758318109052809	0.8550494879642134	0.687756407879498	1	1
regulation of fibrinolysis	GO:0051917		12	1	2.4919160646714826	-0.9130519184444281	0.39123986519130494	0.9388339804989202	1	1
negative regulation of fibrinolysis	GO:0051918		8	1	1.661277376447655	-0.5075868103362635	0.5704932391303862	0.8447215069503783	1	1
sulfation	GO:0051923		13	2	2.6995757367274393	-0.29994744555801905	0.6858168500062106	0.7863084571716146	1	1
regulation of calcium ion transport	GO:0051924		132	16	27.411076711386308	-0.5383584690030173	0.5548024744357416	0.9958014680422018	1	1
negative regulation of calcium ion transport	GO:0051926		30	2	6.229790161678706	-1.1361954697586378	0.3157645429162462	0.9918176681224122	1	1
positive regulation of calcium ion transport	GO:0051928		56	5	11.628941635133586	-0.8440590469574766	0.4177083525101952	0.9940007969434945	1	1
regulation of sensory perception of pain	GO:0051930		7	0	1.4536177043916982	-Inf	0	1	1	1
regulation of sensory perception	GO:0051931		7	0	1.4536177043916982	-Inf	0	1	1	1
catecholamine transport	GO:0051937		12	2	2.4919160646714826	-0.21990473788448278	0.7346935242489594	0.7463131700423387	1	1
L-glutamate import	GO:0051938		11	0	2.284256392615526	-Inf	0	1	1	1
regulation of catecholamine uptake involved in synaptic transmission	GO:0051940		8	1	1.661277376447655	-0.5075868103362635	0.5704932391303862	0.8447215069503783	1	1
regulation of amine transport	GO:0051952		20	3	4.153193441119138	-0.32526525354230906	0.6708686990356654	0.7873782230686989	1	1
negative regulation of amine transport	GO:0051953		8	3	1.661277376447655	0.591025478331846	1.353273052440545	0.22014844812420312	1	1
positive regulation of amine transport	GO:0051954		6	0	1.2459580323357413	-Inf	0	1	1	1
regulation of nervous system development	GO:0051960		69	10	14.328517371861025	-0.3596666802596415	0.6509526403382632	0.9131310142538445	1	1
negative regulation of nervous system development	GO:0051961		19	1	3.9455337690631813	-1.3725842478228683	0.25081318682877285	0.9880268984657199	1	1
positive regulation of nervous system development	GO:0051962		43	8	8.929365898406147	-0.10990384267015436	0.8058314266313114	0.6396071734232041	1	1
regulation of synapse assembly	GO:0051963		27	2	5.606811145510836	-1.0308349541008115	0.34954724972226403	0.9668305045774548	1	1
positive regulation of synapse assembly	GO:0051965		8	1	1.661277376447655	-0.5075868103362635	0.5704932391303862	0.8447215069503783	1	1
regulation of transmission of nerve impulse	GO:0051969		6	0	1.2459580323357413	-Inf	0	1	1	1
regulation of chromosome segregation	GO:0051983		72	19	14.951496388028895	0.23962759149395743	1.0605060972171243	0.12254736171495959	1	1
positive regulation of chromosome segregation	GO:0051984		18	5	3.7378740970072237	0.290920885881508	1.1012048484582468	0.3128420019394392	1	1
negative regulation of chromosome segregation	GO:0051985		24	8	4.983832129342965	0.4732424426754625	1.2517310839972888	0.10619334904552293	1	1
positive regulation of attachment of spindle microtubules to kinetochore	GO:0051987		7	2	1.4536177043916982	0.3190917628482042	1.123880732467684	0.4442785093143923	1	1
regulation of attachment of spindle microtubules to kinetochore	GO:0051988		16	4	3.32255475289531	0.18556037022368177	1.0184629095493067	0.43250684412533813	1	1
modulation by symbiont of entry into host	GO:0052372		26	3	5.399151473454879	-0.5876295180098001	0.5304189204269063	0.9292177241273096	1	1
regulation of peptidase activity	GO:0052547		31	3	6.4374498337346635	-0.7635201844734644	0.4506173724985261	0.969923304644029	1	1
regulation of endopeptidase activity	GO:0052548		19	0	3.9455337690631813	-Inf	0	1	1	1
cyclic purine nucleotide metabolic process	GO:0052652		19	2	3.9455337690631813	-0.6794370672629231	0.4873768597596791	0.9283279489376746	1	1
imidazole-containing compound metabolic process	GO:0052803		10	2	2.076596720559569	-0.03758318109052809	0.8550494879642134	0.6469486398345623	1	1
imidazole-containing compound catabolic process	GO:0052805		7	2	1.4536177043916982	0.3190917628482042	1.123880732467684	0.4442785093143923	1	1
muscle cell development	GO:0055001		27	4	5.606811145510836	-0.33768777354086615	0.6636243724392131	0.8191190934479378	1	1
striated muscle cell development	GO:0055002		22	3	4.568512785231052	-0.4205754333466341	0.6168072392922693	0.8650179970290931	1	1
cardiac cell development	GO:0055006		7	0	1.4536177043916982	-Inf	0	1	1	1
cardiac muscle cell differentiation	GO:0055007		13	0	2.6995757367274393	-Inf	0	1	1	1
cardiac muscle tissue morphogenesis	GO:0055008		18	0	3.7378740970072237	-Inf	0	1	1	1
ventricular cardiac muscle tissue morphogenesis	GO:0055010		14	0	2.9072354087833965	-Inf	0	1	1	1
cardiac muscle cell development	GO:0055013		7	0	1.4536177043916982	-Inf	0	1	1	1
regulation of cardiac muscle tissue growth	GO:0055021		8	1	1.661277376447655	-0.5075868103362635	0.5704932391303862	0.8447215069503783	1	1
positive regulation of cardiac muscle tissue growth	GO:0055023		6	1	1.2459580323357413	-0.21990473788448278	0.7346935242489594	0.7526154025838886	1	1
phosphate ion homeostasis	GO:0055062		11	0	2.284256392615526	-Inf	0	1	1	1
copper ion homeostasis	GO:0055070		12	2	2.4919160646714826	-0.21990473788448278	0.7346935242489594	0.7463131700423387	1	1
calcium ion homeostasis	GO:0055074		112	14	23.257883270267172	-0.5075868103362637	0.5704932391303862	0.9870256109373665	1	1
potassium ion homeostasis	GO:0055075		12	1	2.4919160646714826	-0.9130519184444281	0.39123986519130494	0.9388339804989202	1	1
sodium ion homeostasis	GO:0055078		15	0	3.114895080839353	-Inf	0	1	1	1
lipid homeostasis	GO:0055088		76	14	15.782135076252725	-0.11982127932750031	0.799231901207264	0.6762782926469951	1	1
fatty acid homeostasis	GO:0055089		5	2	1.0382983602797844	0.6555639994694172	1.4101486239250423	0.2784677966097898	1	1
acylglycerol homeostasis	GO:0055090		23	2	4.776172457287008	-0.870492304025632	0.40738318263698703	0.9510815874352324	1	1
phospholipid homeostasis	GO:0055091		9	1	1.8689370485036119	-0.6253698459926471	0.5123516935775311	0.8769813843064487	1	1
sterol homeostasis	GO:0055092		42	7	8.72170622635019	-0.21990473788448278	0.7346935242489594	0.776559324911374	1	1
response to lipoprotein particle	GO:0055094		15	4	3.114895080839353	0.25009889136125285	1.0687514739090234	0.38067988828058175	1	1
regulation of cardiac muscle contraction	GO:0055117		50	6	10.382983602797843	-0.5484088048565187	0.549754965062503	0.9580759580275541	1	1
relaxation of cardiac muscle	GO:0055119		8	1	1.661277376447655	-0.5075868103362635	0.5704932391303862	0.8447215069503783	1	1
digestive system development	GO:0055123		26	1	5.399151473454879	-1.6862418066779097	0.18417136729631256	0.9970431163891439	1	1
roof of mouth development	GO:0060021		17	3	3.530214424951267	-0.16274632404453418	0.771090171362034	0.7172018988421163	1	1
retina development in camera-type eye	GO:0060041		12	2	2.4919160646714826	-0.21990473788448278	0.7346935242489594	0.7000405632278557	1	1
regulation of cardiac muscle cell proliferation	GO:0060043		6	0	1.2459580323357413	-Inf	0	1	1	1
regulation of acrosome reaction	GO:0060046		8	1	1.661277376447655	-0.5075868103362635	0.5704932391303862	0.8447215069503783	1	1
heart contraction	GO:0060047		50	7	10.382983602797843	-0.39425812502926044	0.631385755551394	0.9077203592708015	1	1
cardiac muscle contraction	GO:0060048		46	6	9.552344914574016	-0.4650271959174678	0.5927859106230471	0.9282179984336585	1	1
positive regulation of epithelial cell proliferation involved in wound healing	GO:0060054		6	0	1.2459580323357413	-Inf	0	1	1	1
angiogenesis involved in wound healing	GO:0060055		5	0	1.0382983602797844	-Inf	0	1	1	1
canonical Wnt signaling pathway	GO:0060070		46	5	9.552344914574016	-0.6473487527114224	0.5020709535360993	0.974905484112176	1	1
Wnt signaling pathway, planar cell polarity pathway	GO:0060071		8	2	1.661277376447655	0.18556037022368177	1.0184629095493067	0.5189885297111225	1	1
maternal process involved in female pregnancy	GO:0060135		9	2	1.8689370485036119	0.0677773345672982	0.9301019182460473	0.5866424881018152	1	1
regulation of syncytium formation by plasma membrane fusion	GO:0060142		7	2	1.4536177043916982	0.3190917628482042	1.123880732467684	0.4442785093143923	1	1
positive regulation of syncytium formation by plasma membrane fusion	GO:0060143		7	2	1.4536177043916982	0.3190917628482042	1.123880732467684	0.4442785093143923	1	1
regulation of post-transcriptional gene silencing	GO:0060147		22	2	4.568512785231052	-0.8260405414547983	0.4248799167694929	0.9596879464758464	1	1
positive regulation of post-transcriptional gene silencing	GO:0060148		11	2	2.284256392615526	-0.13289336089485304	0.7905889481542714	0.7000405632278557	1	1
negative regulation of post-transcriptional gene silencing	GO:0060149		12	0	2.4919160646714826	-Inf	0	1	1	1
regulation of dopamine receptor signaling pathway	GO:0060159		5	1	1.0382983602797844	-0.03758318109052809	0.8550494879642134	0.687756407879498	1	1
limb development	GO:0060173		35	5	7.26808852195849	-0.374055417711741	0.6427576439377599	0.8797691670302257	1	1
positive regulation of lipase activity	GO:0060193		7	0	1.4536177043916982	-Inf	0	1	1	1
regulation of nuclear-transcribed mRNA poly(A) tail shortening	GO:0060211		11	0	2.284256392615526	-Inf	0	1	1	1
positive regulation of nuclear-transcribed mRNA poly(A) tail shortening	GO:0060213		9	0	1.8689370485036119	-Inf	0	1	1	1
hematopoietic stem cell differentiation	GO:0060218		6	1	1.2459580323357413	-0.21990473788448278	0.7346935242489594	0.7526154025838886	1	1
mesenchymal to epithelial transition	GO:0060231		5	0	1.0382983602797844	-Inf	0	1	1	1
regulation of mitotic spindle organization	GO:0060236		38	5	7.891067538126363	-0.4562935159487132	0.597445875675129	0.8631598169542691	1	1
anatomical structure homeostasis	GO:0060249		58	6	12.0442609792455	-0.6968288099747922	0.47956777382318216	0.9822234826202383	1	1
regulation of glial cell proliferation	GO:0060251		8	1	1.661277376447655	-0.5075868103362635	0.5704932391303862	0.8447215069503783	1	1
positive regulation of glial cell proliferation	GO:0060252		5	0	1.0382983602797844	-Inf	0	1	1	1
regulation of transcription initiation by RNA polymerase II	GO:0060260		41	5	8.514046554294232	-0.5322794229266352	0.5578739387447885	0.9473162142484761	1	1
positive regulation of transcription initiation by RNA polymerase II	GO:0060261		33	2	6.852769177846577	-1.2315056495629626	0.28786077386830095	0.995573992302135	1	1
regulation of respiratory burst	GO:0060263		11	4	2.284256392615526	0.5602538196650922	1.3264517770645412	0.17843893878705638	1	1
positive regulation of respiratory burst	GO:0060267		6	2	1.2459580323357413	0.4732424426754625	1.2517310839972888	0.36346143435754485	1	1
cilium assembly	GO:0060271		180	31	37.378740970072236	-0.1871149150614919	0.7554218459667175	0.8795260564028322	1	1
cilium-dependent cell motility	GO:0060285		40	8	8.306386882238275	-0.03758318109052809	0.8550494879642134	0.5788220891434956	1	1
epithelial cilium movement involved in determination of left/right asymmetry	GO:0060287		7	1	1.4536177043916982	-0.37405541771174117	0.6427576439377599	0.7526154025838886	1	1
long-term synaptic potentiation	GO:0060291		9	5	1.8689370485036119	0.9840680664414533	1.7104446359600238	0.022898309220282242	1	1
cilium movement involved in cell motility	GO:0060294		37	8	7.683407866070404	0.0403783603791838	0.9102116304041197	0.4798242588450581	1	1
regulation of cilium movement involved in cell motility	GO:0060295		13	0	2.6995757367274393	-Inf	0	1	1	1
regulation of membrane repolarization	GO:0060306		26	4	5.399151473454879	-0.29994744555801905	0.6858168500062106	0.7935739204522448	1	1
regulation of ventricular cardiac muscle cell membrane repolarization	GO:0060307		16	3	3.32255475289531	-0.10212170222809921	0.8110355253935493	0.6302483766769817	1	1
regulation of ryanodine-sensitive calcium-release channel activity	GO:0060314		5	2	1.0382983602797844	0.6555639994694172	1.4101486239250423	0.2784677966097898	1	1
cardiac epithelial to mesenchymal transition	GO:0060317		8	1	1.661277376447655	-0.5075868103362635	0.5704932391303862	0.8447215069503783	1	1
head development	GO:0060322		122	17	25.33447999082674	-0.39895296933346824	0.6287655460484763	0.9638799515100218	1	1
head morphogenesis	GO:0060323		13	1	2.6995757367274393	-0.9930946261179644	0.3624410396831095	0.9515444407761957	1	1
face development	GO:0060324		14	0	2.9072354087833965	-Inf	0	1	1	1
face morphogenesis	GO:0060325		12	0	2.4919160646714826	-Inf	0	1	1	1
cell chemotaxis	GO:0060326		113	12	23.46554294232313	-0.670626437580768	0.49137440463641796	0.9976101544042475	1	1
regulation of response to type II interferon	GO:0060330		10	0	2.076596720559569	-Inf	0	1	1	1
negative regulation of response to type II interferon	GO:0060331		5	0	1.0382983602797844	-Inf	0	1	1	1
type II interferon-mediated signaling pathway	GO:0060333		10	1	2.076596720559569	-0.7307303616504734	0.46465550092064367	0.9025405781366582	1	1
regulation of type II interferon-mediated signaling pathway	GO:0060334		10	0	2.076596720559569	-Inf	0	1	1	1
negative regulation of type II interferon-mediated signaling pathway	GO:0060336		5	0	1.0382983602797844	-Inf	0	1	1	1
type I interferon-mediated signaling pathway	GO:0060337		16	0	3.32255475289531	-Inf	0	1	1	1
regulation of type I interferon-mediated signaling pathway	GO:0060338		34	2	7.060428849902534	-1.2613586127126437	0.2796111962732416	0.995573992302135	1	1
negative regulation of type I interferon-mediated signaling pathway	GO:0060339		18	1	3.7378740970072237	-1.3185170265525925	0.26443900870457454	0.9848848484905597	1	1
positive regulation of type I interferon-mediated signaling pathway	GO:0060340		13	1	2.6995757367274393	-0.9930946261179644	0.3624410396831095	0.9388339804989202	1	1
bone development	GO:0060348		42	8	8.72170622635019	-0.08637334525996013	0.8216351574574108	0.6680585283815246	1	1
bone morphogenesis	GO:0060349		19	3	3.9455337690631813	-0.2739719591547587	0.7014093242688044	0.7873782230686989	1	1
endochondral bone morphogenesis	GO:0060350		5	1	1.0382983602797844	-0.03758318109052809	0.8550494879642134	0.687756407879498	1	1
regulation of cell adhesion molecule production	GO:0060353		6	1	1.2459580323357413	-0.21990473788448278	0.7346935242489594	0.7526154025838886	1	1
regulation of atrial cardiac muscle cell membrane depolarization	GO:0060371		7	0	1.4536177043916982	-Inf	0	1	1	1
regulation of atrial cardiac muscle cell membrane repolarization	GO:0060372		6	1	1.2459580323357413	-0.21990473788448278	0.7346935242489594	0.687756407879498	1	1
regulation of DNA strand elongation	GO:0060382		17	2	3.530214424951267	-0.5682114321526985	0.5399204070993384	0.8958039001890645	1	1
regulation of SMAD protein signal transduction	GO:0060390		54	10	11.213622291021672	-0.11454422222665642	0.8027389619017541	0.6862067540609718	1	1
positive regulation of SMAD protein signal transduction	GO:0060391		38	7	7.891067538126363	-0.11982127932750031	0.799231901207264	0.7012993524379967	1	1
negative regulation of SMAD protein signal transduction	GO:0060392		18	3	3.7378740970072237	-0.21990473788448264	0.7346935242489595	0.7172018988421163	1	1
SMAD protein signal transduction	GO:0060395		15	5	3.114895080839353	0.4732424426754625	1.2517310839972888	0.18446256055810342	1	1
growth hormone receptor signaling pathway	GO:0060396		13	2	2.6995757367274393	-0.29994744555801905	0.6858168500062106	0.7863084571716146	1	1
growth hormone receptor signaling pathway via JAK-STAT	GO:0060397		7	0	1.4536177043916982	-Inf	0	1	1	1
calcium ion transport into cytosol	GO:0060402		6	0	1.2459580323357413	-Inf	0	1	1	1
cardiac septum morphogenesis	GO:0060411		10	2	2.076596720559569	-0.03758318109052809	0.8550494879642134	0.6469486398345623	1	1
atrial septum morphogenesis	GO:0060413		5	1	1.0382983602797844	-0.03758318109052809	0.8550494879642134	0.687756407879498	1	1
muscle tissue morphogenesis	GO:0060415		19	0	3.9455337690631813	-Inf	0	1	1	1
response to growth hormone	GO:0060416		14	2	2.9072354087833965	-0.37405541771174117	0.6427576439377599	0.8206374202006002	1	1
regulation of heart growth	GO:0060420		8	1	1.661277376447655	-0.5075868103362635	0.5704932391303862	0.8447215069503783	1	1
positive regulation of heart growth	GO:0060421		6	1	1.2459580323357413	-0.21990473788448278	0.7346935242489594	0.7526154025838886	1	1
lung vasculature development	GO:0060426		5	0	1.0382983602797844	-Inf	0	1	1	1
negative regulation of digestive system process	GO:0060457		6	1	1.2459580323357413	-0.21990473788448278	0.7346935242489594	0.7526154025838886	1	1
acrosomal vesicle exocytosis	GO:0060478		5	2	1.0382983602797844	0.6555639994694172	1.4101486239250423	0.2784677966097898	1	1
mesenchyme development	GO:0060485		53	10	11.005962618965716	-0.09585208921450403	0.8152444268045659	0.6862067540609718	1	1
regulation of cell projection assembly	GO:0060491		141	22	29.280013759889922	-0.2858627056762802	0.6942394361324995	0.9473745045468882	1	1
muscle tissue development	GO:0060537		53	1	11.005962618965716	-2.39843718220855	0.09073528619812372	0.9999945707586553	1	1
skeletal muscle organ development	GO:0060538		22	1	4.568512785231052	-1.5191877220147436	0.2171783289133837	0.9924876578153858	1	1
respiratory system development	GO:0060541		19	2	3.9455337690631813	-0.6794370672629231	0.4873768597596791	0.9134911356883086	1	1
regulation of necroptotic process	GO:0060544		16	1	3.32255475289531	-1.200733990896209	0.296605097562714	0.9759117881171515	1	1
regulation of vitamin D biosynthetic process	GO:0060556		6	0	1.2459580323357413	-Inf	0	1	1	1
developmental growth involved in morphogenesis	GO:0060560		20	1	4.153193441119138	-1.4238775422104186	0.23851075901735286	0.9905159401782357	1	1
epithelial tube morphogenesis	GO:0060562		38	3	7.891067538126363	-0.967119139714704	0.37156756096632876	0.9897928872871471	1	1
neuroepithelial cell differentiation	GO:0060563		5	0	1.0382983602797844	-Inf	0	1	1	1
intestinal epithelial cell differentiation	GO:0060575		7	0	1.4536177043916982	-Inf	0	1	1	1
multicellular organismal-level iron ion homeostasis	GO:0060586		13	3	2.6995757367274393	0.10551766255014523	0.9579172596729197	0.5263390908313202	1	1
adipose tissue development	GO:0060612		5	2	1.0382983602797844	0.6555639994694172	1.4101486239250423	0.2784677966097898	1	1
regulation of chromosome condensation	GO:0060623		7	1	1.4536177043916982	-0.37405541771174117	0.6427576439377599	0.8040048847954714	1	1
regulation of ER to Golgi vesicle-mediated transport	GO:0060628		7	1	1.4536177043916982	-0.37405541771174117	0.6427576439377599	0.8040048847954714	1	1
regulation of microtubule-based movement	GO:0060632		30	2	6.229790161678706	-1.1361954697586378	0.3157645429162462	0.9899749348621376	1	1
negative regulation of transcription initiation by RNA polymerase II	GO:0060633		6	2	1.2459580323357413	0.4732424426754625	1.2517310839972888	0.36346143435754485	1	1
regulation of morphogenesis of a branching structure	GO:0060688		12	0	2.4919160646714826	-Inf	0	1	1	1
regulation of ribonuclease activity	GO:0060700		6	4	1.2459580323357413	1.1663896232354078	1.8829554115277662	0.019408517453028042	1	1
positive regulation of inositol phosphate biosynthetic process	GO:0060732		6	2	1.2459580323357413	0.4732424426754625	1.2517310839972888	0.36346143435754485	1	1
regulation of mast cell chemotaxis	GO:0060753		5	2	1.0382983602797844	0.6555639994694172	1.4101486239250423	0.2784677966097898	1	1
regulation of response to cytokine stimulus	GO:0060759		136	22	28.241715399610136	-0.24975770103416386	0.7161776240255748	0.9011960664849943	1	1
positive regulation of response to cytokine stimulus	GO:0060760		53	9	11.005962618965716	-0.20121260487233028	0.7464598930595452	0.759868147943565	1	1
negative regulation of response to cytokine stimulus	GO:0060761		63	9	13.082559339525284	-0.37405541771174117	0.6427576439377599	0.910932205889546	1	1
regulation of androgen receptor signaling pathway	GO:0060765		29	9	6.02213048962275	0.4017834786933176	1.1917016538091465	0.12974034000879334	1	1
negative regulation of androgen receptor signaling pathway	GO:0060766		15	5	3.114895080839353	0.4732424426754625	1.2517310839972888	0.18446256055810342	1	1
cell fate commitment involved in formation of primary germ layer	GO:0060795		6	1	1.2459580323357413	-0.21990473788448278	0.7346935242489594	0.7526154025838886	1	1
regulation of canonical Wnt signaling pathway	GO:0060828		156	23	32.39490884072928	-0.3425070599768152	0.6608299433051298	0.9695007109860757	1	1
artery development	GO:0060840		7	1	1.4536177043916982	-0.37405541771174117	0.6427576439377599	0.8040048847954714	1	1
cardiac cell fate commitment	GO:0060911		6	0	1.2459580323357413	-Inf	0	1	1	1
regulation of miRNA-mediated gene silencing	GO:0060964		22	2	4.568512785231052	-0.8260405414547983	0.4248799167694929	0.9596879464758464	1	1
negative regulation of miRNA-mediated gene silencing	GO:0060965		12	0	2.4919160646714826	-Inf	0	1	1	1
regulation of gene silencing by regulatory ncRNA	GO:0060966		22	2	4.568512785231052	-0.8260405414547983	0.4248799167694929	0.9596879464758464	1	1
negative regulation of gene silencing by regulatory ncRNA	GO:0060967		12	0	2.4919160646714826	-Inf	0	1	1	1
left/right pattern formation	GO:0060972		25	2	5.1914918013989215	-0.9538739129646832	0.37630172211245844	0.9727458938927118	1	1
kidney morphogenesis	GO:0060993		11	1	2.284256392615526	-0.8260405414547983	0.4248799167694929	0.9025405781366582	1	1
dendritic spine development	GO:0060996		8	1	1.661277376447655	-0.5075868103362635	0.5704932391303862	0.8447215069503783	1	1
regulation of dendritic spine development	GO:0060998		8	3	1.661277376447655	0.591025478331846	1.353273052440545	0.22014844812420312	1	1
regulation of dendritic spine morphogenesis	GO:0061001		5	0	1.0382983602797844	-Inf	0	1	1	1
hepaticobiliary system development	GO:0061008		11	0	2.284256392615526	-Inf	0	1	1	1
regulation of mRNA catabolic process	GO:0061013		124	23	25.749799334938654	-0.11293261833231492	0.803812070761801	0.7329042611801154	1	1
positive regulation of mRNA catabolic process	GO:0061014		56	9	11.628941635133586	-0.2562723820553576	0.712182235853394	0.8177264304265279	1	1
membrane fusion	GO:0061025		70	8	14.53617704391698	-0.5971989690259507	0.5257880027464992	0.9732716201325731	1	1
establishment of endothelial barrier	GO:0061028		25	4	5.1914918013989215	-0.2607267324047378	0.709459778017518	0.7935739204522448	1	1
regulation of cartilage development	GO:0061035		16	0	3.32255475289531	-Inf	0	1	1	1
positive regulation of cartilage development	GO:0061036		10	0	2.076596720559569	-Inf	0	1	1	1
negative regulation of cartilage development	GO:0061037		7	0	1.4536177043916982	-Inf	0	1	1	1
regulation of wound healing	GO:0061041		90	10	18.689370485036118	-0.6253698459926471	0.5123516935775311	0.9947030826089894	1	1
regulation of vascular wound healing	GO:0061043		6	1	1.2459580323357413	-0.21990473788448278	0.7346935242489594	0.7526154025838886	1	1
negative regulation of wound healing	GO:0061045		46	4	9.552344914574016	-0.870492304025632	0.40738318263698703	0.9920597582214279	1	1
muscle structure development	GO:0061061		130	18	26.995757367274393	-0.40530796121584545	0.6252322914041959	0.9760722913142671	1	1
chaperone-mediated protein folding	GO:0061077		30	3	6.229790161678706	-0.7307303616504734	0.46465550092064367	0.9641766692182933	1	1
positive regulation of myeloid leukocyte cytokine production involved in immune response	GO:0061081		5	0	1.0382983602797844	-Inf	0	1	1	1
regulation of protein tyrosine kinase activity	GO:0061097		20	2	4.153193441119138	-0.7307303616504734	0.46465550092064367	0.9407351059279203	1	1
positive regulation of protein tyrosine kinase activity	GO:0061098		10	2	2.076596720559569	-0.03758318109052809	0.8550494879642134	0.6469486398345623	1	1
negative regulation of protein tyrosine kinase activity	GO:0061099		11	0	2.284256392615526	-Inf	0	1	1	1
regulation of proteasomal protein catabolic process	GO:0061136		134	25	27.826396055498222	-0.10710924373913842	0.8076976634719304	0.7158035341232163	1	1
morphogenesis of a branching epithelium	GO:0061138		13	0	2.6995757367274393	-Inf	0	1	1	1
endothelial tube morphogenesis	GO:0061154		9	1	1.8689370485036119	-0.6253698459926471	0.5123516935775311	0.8769813843064487	1	1
mRNA destabilization	GO:0061157		46	7	9.552344914574016	-0.3108765160902095	0.6793338644888768	0.8367830573214864	1	1
3'-UTR-mediated mRNA destabilization	GO:0061158		16	1	3.32255475289531	-1.200733990896209	0.296605097562714	0.9759117881171515	1	1
establishment of monopolar cell polarity	GO:0061162		13	2	2.6995757367274393	-0.29994744555801905	0.6858168500062106	0.7863084571716146	1	1
regulation of insulin secretion involved in cellular response to glucose stimulus	GO:0061178		15	2	3.114895080839353	-0.4430482891986925	0.6045686331939815	0.8499280422811566	1	1
mammary gland epithelium development	GO:0061180		5	2	1.0382983602797844	0.6555639994694172	1.4101486239250423	0.2784677966097898	1	1
establishment or maintenance of bipolar cell polarity	GO:0061245		18	2	3.7378740970072237	-0.6253698459926471	0.5123516935775311	0.9134911356883086	1	1
renal tubule development	GO:0061326		9	0	1.8689370485036119	-Inf	0	1	1	1
renal tubule morphogenesis	GO:0061333		7	0	1.4536177043916982	-Inf	0	1	1	1
cardiac conduction	GO:0061337		47	5	9.760004586629973	-0.668854957932386	0.49218153744509513	0.9707929012015946	1	1
establishment or maintenance of monopolar cell polarity	GO:0061339		14	2	2.9072354087833965	-0.37405541771174117	0.6427576439377599	0.8206374202006002	1	1
neural precursor cell proliferation	GO:0061351		11	2	2.284256392615526	-0.13289336089485304	0.7905889481542714	0.7000405632278557	1	1
determination of heart left/right asymmetry	GO:0061371		8	1	1.661277376447655	-0.5075868103362635	0.5704932391303862	0.8040048847954714	1	1
regulation of extent of cell growth	GO:0061387		19	2	3.9455337690631813	-0.6794370672629231	0.4873768597596791	0.9283279489376746	1	1
establishment of skin barrier	GO:0061436		6	1	1.2459580323357413	-0.21990473788448278	0.7346935242489594	0.7526154025838886	1	1
connective tissue development	GO:0061448		33	5	6.852769177846577	-0.31521491768880766	0.6767731147053067	0.8241407586718066	1	1
trophoblast cell migration	GO:0061450		6	3	1.2459580323357413	0.878707550783627	1.6124283013649316	0.1084805211142787	1	1
reproductive system development	GO:0061458		40	2	8.306386882238275	-1.4238775422104186	0.23851075901735286	0.9987298747005446	1	1
protein localization to lysosome	GO:0061462		30	10	6.229790161678706	0.4732424426754625	1.2517310839972888	0.07555491602982693	1	1
protein localization to cilium	GO:0061512		29	3	6.02213048962275	-0.6968288099747922	0.47956777382318216	0.9494481283135643	1	1
myeloid cell development	GO:0061515		11	4	2.284256392615526	0.5602538196650922	1.3264517770645412	0.17843893878705638	1	1
cilium disassembly	GO:0061523		5	2	1.0382983602797844	0.6555639994694172	1.4101486239250423	0.2784677966097898	1	1
axon development	GO:0061564		69	7	14.328517371861025	-0.7163416241983739	0.470934890679671	0.9939390310130956	1	1
actin filament bundle organization	GO:0061572		33	6	6.852769177846577	-0.1328933608948529	0.7905889481542714	0.7092283950000058	1	1
glycolytic process through fructose-6-phosphate	GO:0061615		14	2	2.9072354087833965	-0.37405541771174117	0.6427576439377599	0.8206374202006002	1	1
glycolytic process through glucose-6-phosphate	GO:0061620		13	1	2.6995757367274393	-0.9930946261179644	0.3624410396831095	0.9515444407761957	1	1
canonical glycolysis	GO:0061621		12	1	2.4919160646714826	-0.9130519184444281	0.39123986519130494	0.9388339804989202	1	1
regulation of protein complex stability	GO:0061635		11	1	2.284256392615526	-0.8260405414547983	0.4248799167694929	0.9227905796275384	1	1
cytoskeleton-dependent cytokinesis	GO:0061640		67	11	13.913198027749111	-0.23494261524902324	0.7253239714731519	0.7675456679404571	1	1
mitochondrial ribosome assembly	GO:0061668		13	3	2.6995757367274393	0.10551766255014523	0.9579172596729197	0.4686775291554418	1	1
detoxification of inorganic compound	GO:0061687		7	0	1.4536177043916982	-Inf	0	1	1	1
reticulophagy	GO:0061709		9	2	1.8689370485036119	0.0677773345672982	0.9301019182460473	0.5866424881018152	1	1
glucose catabolic process to pyruvate	GO:0061718		12	1	2.4919160646714826	-0.9130519184444281	0.39123986519130494	0.9388339804989202	1	1
leukocyte adhesion to vascular endothelial cell	GO:0061756		17	5	3.530214424951267	0.3480792997214565	1.1474455497580873	0.2682404361592198	1	1
antifungal innate immune response	GO:0061760		10	1	2.076596720559569	-0.7307303616504734	0.46465550092064367	0.7526154025838886	1	1
telomeric D-loop disassembly	GO:0061820		8	2	1.661277376447655	0.18556037022368177	1.0184629095493067	0.5189885297111225	1	1
microtubule organizing center localization	GO:0061842		15	3	3.114895080839353	-0.03758318109052809	0.8550494879642134	0.6302483766769817	1	1
antimicrobial humoral immune response mediated by antimicrobial peptide	GO:0061844		97	10	20.142988189427818	-0.7002711541657649	0.478034957169925	0.9947030826089894	1	1
glial cell activation	GO:0061900		7	1	1.4536177043916982	-0.37405541771174117	0.6427576439377599	0.8040048847954714	1	1
autophagosome-lysosome fusion	GO:0061909		10	1	2.076596720559569	-0.7307303616504734	0.46465550092064367	0.9025405781366582	1	1
process utilizing autophagic mechanism	GO:0061919		183	25	38.00171998624011	-0.41875559662964795	0.6178067848385894	0.9911960398874926	1	1
regulation of protein K48-linked ubiquitination	GO:0061945		5	1	1.0382983602797844	-0.03758318109052809	0.8550494879642134	0.687756407879498	1	1
establishment of protein localization to plasma membrane	GO:0061951		26	5	5.399151473454879	-0.07680389424380936	0.828120501226785	0.653075468975933	1	1
midbody abscission	GO:0061952		22	0	4.568512785231052	-Inf	0	1	1	1
meiosis I cell cycle process	GO:0061982		24	5	4.983832129342965	0.003238813429726966	0.8836656273277367	0.49328596615142095	1	1
secondary palate development	GO:0062009		9	0	1.8689370485036119	-Inf	0	1	1	1
regulation of small molecule metabolic process	GO:0062012		176	38	36.548102281848415	0.03895689603180614	0.909186771964921	0.3327170734438935	1	1
positive regulation of small molecule metabolic process	GO:0062013		81	16	16.820433436532507	-0.05000570108908529	0.8464598262752958	0.5669223338736558	1	1
negative regulation of small molecule metabolic process	GO:0062014		62	12	12.874899667469327	-0.07037300391351901	0.8324976266966551	0.583755856427477	1	1
positive regulation of mitotic sister chromatid segregation	GO:0062033		9	3	1.8689370485036119	0.47324244267546267	1.2517310839972888	0.2821996753436965	1	1
regulation of programmed necrotic cell death	GO:0062098		17	2	3.530214424951267	-0.5682114321526985	0.5399204070993384	0.8958039001890645	1	1
negative regulation of programmed necrotic cell death	GO:0062099		5	1	1.0382983602797844	-0.03758318109052809	0.8550494879642134	0.687756407879498	1	1
zinc ion import into organelle	GO:0062111		10	0	2.076596720559569	-Inf	0	1	1	1
regulation of mitochondrial gene expression	GO:0062125		27	2	5.606811145510836	-1.0308349541008115	0.34954724972226403	0.9816704453801859	1	1
R-loop processing	GO:0062176		9	2	1.8689370485036119	0.0677773345672982	0.9301019182460473	0.5866424881018152	1	1
cellular response to chemical stress	GO:0062197		157	31	32.602568512785226	-0.05040386951958942	0.8461854311150812	0.6552545480694361	1	1
regulation of pattern recognition receptor signaling pathway	GO:0062207		141	29	29.280013759889922	-0.009609329048122011	0.8745951146917579	0.5050926397593907	1	1
positive regulation of pattern recognition receptor signaling pathway	GO:0062208		60	8	12.459580323357413	-0.4430482891986925	0.6045686331939815	0.9431426434380353	1	1
intracellular protein transmembrane transport	GO:0065002		19	2	3.9455337690631813	-0.6794370672629231	0.4873768597596791	0.9283279489376746	1	1
protein-DNA complex assembly	GO:0065004		71	9	14.74383671597294	-0.49360056836152394	0.5777433035274013	0.9687906267440314	1	1
protein-lipid complex assembly	GO:0065005		20	8	4.153193441119138	0.6555639994694172	1.4101486239250423	0.03937599766002508	1	1
neuron cellular homeostasis	GO:0070050		10	1	2.076596720559569	-0.7307303616504734	0.46465550092064367	0.9025405781366582	1	1
intrinsic apoptotic signaling pathway in response to endoplasmic reticulum stress	GO:0070059		21	4	4.360853113175095	-0.08637334525996013	0.8216351574574108	0.5779209128693176	1	1
proton-transporting V-type ATPase complex assembly	GO:0070070		5	0	1.0382983602797844	-Inf	0	1	1	1
proton-transporting two-sector ATPase complex assembly	GO:0070071		11	2	2.284256392615526	-0.13289336089485304	0.7905889481542714	0.6469486398345623	1	1
glycosylation	GO:0070085		163	27	33.848526545120976	-0.22605860345886117	0.730848856077916	0.9021929590995843	1	1
chemokine-mediated signaling pathway	GO:0070098		26	6	5.399151473454879	0.10551766255014523	0.9579172596729197	0.42096753918330476	1	1
regulation of chemokine-mediated signaling pathway	GO:0070099		8	2	1.661277376447655	0.18556037022368177	1.0184629095493067	0.5189885297111225	1	1
negative regulation of chemokine-mediated signaling pathway	GO:0070100		5	1	1.0382983602797844	-0.03758318109052809	0.8550494879642134	0.687756407879498	1	1
interleukin-6-mediated signaling pathway	GO:0070102		11	2	2.284256392615526	-0.13289336089485304	0.7905889481542714	0.7000405632278557	1	1
regulation of interleukin-6-mediated signaling pathway	GO:0070103		5	0	1.0382983602797844	-Inf	0	1	1	1
ciliary neurotrophic factor-mediated signaling pathway	GO:0070120		5	0	1.0382983602797844	-Inf	0	1	1	1
tRNA aminoacylation for mitochondrial protein translation	GO:0070127		5	1	1.0382983602797844	-0.03758318109052809	0.8550494879642134	0.687756407879498	1	1
regulation of mitochondrial translation	GO:0070129		21	2	4.360853113175095	-0.7795205258199055	0.4439030386300918	0.9407351059279203	1	1
positive regulation of mitochondrial translation	GO:0070131		14	2	2.9072354087833965	-0.37405541771174117	0.6427576439377599	0.7863084571716146	1	1
response to UV-A	GO:0070141		14	2	2.9072354087833965	-0.37405541771174117	0.6427576439377599	0.7863084571716146	1	1
regulation of biomineral tissue development	GO:0070167		45	6	9.344685242518059	-0.4430482891986925	0.6045686331939815	0.9182852618438853	1	1
negative regulation of biomineral tissue development	GO:0070168		10	1	2.076596720559569	-0.7307303616504734	0.46465550092064367	0.9025405781366582	1	1
positive regulation of biomineral tissue development	GO:0070169		27	4	5.606811145510836	-0.33768777354086615	0.6636243724392131	0.8191190934479378	1	1
regulation of tooth mineralization	GO:0070170		6	0	1.2459580323357413	-Inf	0	1	1	1
kynurenine metabolic process	GO:0070189		5	0	1.0382983602797844	-Inf	0	1	1	1
chromosome organization involved in meiotic cell cycle	GO:0070192		5	2	1.0382983602797844	0.6555639994694172	1.4101486239250423	0.2784677966097898	1	1
protein localization to chromosome, telomeric region	GO:0070198		15	0	3.114895080839353	-Inf	0	1	1	1
establishment of protein localization to chromosome	GO:0070199		14	2	2.9072354087833965	-0.37405541771174117	0.6427576439377599	0.7863084571716146	1	1
establishment of protein localization to telomere	GO:0070200		6	0	1.2459580323357413	-Inf	0	1	1	1
regulation of establishment of protein localization to chromosome	GO:0070202		7	1	1.4536177043916982	-0.37405541771174117	0.6427576439377599	0.8040048847954714	1	1
regulation of establishment of protein localization to telomere	GO:0070203		6	0	1.2459580323357413	-Inf	0	1	1	1
protein trimerization	GO:0070206		15	2	3.114895080839353	-0.4430482891986925	0.6045686331939815	0.8499280422811566	1	1
protein homotrimerization	GO:0070207		14	2	2.9072354087833965	-0.37405541771174117	0.6427576439377599	0.8206374202006002	1	1
protein poly-ADP-ribosylation	GO:0070212		10	2	2.076596720559569	-0.03758318109052809	0.8550494879642134	0.6469486398345623	1	1
protein auto-ADP-ribosylation	GO:0070213		11	4	2.284256392615526	0.5602538196650922	1.3264517770645412	0.17843893878705638	1	1
lymphocyte apoptotic process	GO:0070227		6	3	1.2459580323357413	0.878707550783627	1.6124283013649316	0.1084805211142787	1	1
regulation of lymphocyte apoptotic process	GO:0070228		22	3	4.568512785231052	-0.4205754333466341	0.6168072392922693	0.8424435316084549	1	1
negative regulation of lymphocyte apoptotic process	GO:0070229		10	2	2.076596720559569	-0.03758318109052809	0.8550494879642134	0.6469486398345623	1	1
positive regulation of lymphocyte apoptotic process	GO:0070230		8	0	1.661277376447655	-Inf	0	1	1	1
T cell apoptotic process	GO:0070231		5	2	1.0382983602797844	0.6555639994694172	1.4101486239250423	0.2784677966097898	1	1
regulation of T cell apoptotic process	GO:0070232		12	0	2.4919160646714826	-Inf	0	1	1	1
positive regulation of T cell apoptotic process	GO:0070234		7	0	1.4536177043916982	-Inf	0	1	1	1
actin-mediated cell contraction	GO:0070252		40	6	8.306386882238275	-0.32526525354230906	0.6708686990356654	0.8488245493589812	1	1
mucus secretion	GO:0070254		5	1	1.0382983602797844	-0.03758318109052809	0.8550494879642134	0.687756407879498	1	1
necroptotic process	GO:0070266		11	1	2.284256392615526	-0.8260405414547983	0.4248799167694929	0.9227905796275384	1	1
cornification	GO:0070268		5	0	1.0382983602797844	-Inf	0	1	1	1
pyroptosis	GO:0070269		21	3	4.360853113175095	-0.37405541771174117	0.6427576439377599	0.8424435316084549	1	1
axonemal dynein complex assembly	GO:0070286		25	3	5.1914918013989215	-0.5484088048565187	0.549754965062503	0.9165140359719977	1	1
N-acylphosphatidylethanolamine metabolic process	GO:0070292		8	2	1.661277376447655	0.18556037022368177	1.0184629095493067	0.5189885297111225	1	1
renal absorption	GO:0070293		14	1	2.9072354087833965	-1.0672025982716864	0.3375241858610443	0.961614211589703	1	1
renal sodium ion absorption	GO:0070294		9	1	1.8689370485036119	-0.6253698459926471	0.5123516935775311	0.8769813843064487	1	1
sarcoplasmic reticulum calcium ion transport	GO:0070296		6	0	1.2459580323357413	-Inf	0	1	1	1
cellular response to hydrogen peroxide	GO:0070301		29	6	6.02213048962275	-0.0036816294148469112	0.8787726794625421	0.5773061328048694	1	1
regulation of stress-activated protein kinase signaling cascade	GO:0070302		26	7	5.399151473454879	0.2596683423774036	1.0763152780629115	0.2857945419821196	1	1
negative regulation of stress-activated protein kinase signaling cascade	GO:0070303		6	4	1.2459580323357413	1.1663896232354078	1.8829554115277662	0.019408517453028042	1	1
positive regulation of stress-activated protein kinase signaling cascade	GO:0070304		14	2	2.9072354087833965	-0.37405541771174117	0.6427576439377599	0.8206374202006002	1	1
response to cGMP	GO:0070305		6	3	1.2459580323357413	0.878707550783627	1.6124283013649316	0.1084805211142787	1	1
G1 to G0 transition	GO:0070314		8	3	1.661277376447655	0.591025478331846	1.353273052440545	0.22014844812420312	1	1
regulation of G0 to G1 transition	GO:0070316		9	1	1.8689370485036119	-0.6253698459926471	0.5123516935775311	0.8447215069503783	1	1
negative regulation of G0 to G1 transition	GO:0070317		5	1	1.0382983602797844	-0.03758318109052809	0.8550494879642134	0.6058986856255562	1	1
thyroid hormone transport	GO:0070327		8	0	1.661277376447655	-Inf	0	1	1	1
triglyceride homeostasis	GO:0070328		23	2	4.776172457287008	-0.870492304025632	0.40738318263698703	0.9510815874352324	1	1
response to bacterial lipopeptide	GO:0070339		5	1	1.0382983602797844	-0.03758318109052809	0.8550494879642134	0.687756407879498	1	1
ERK1 and ERK2 cascade	GO:0070371		19	4	3.9455337690631813	0.013710113297022255	0.8911012527496509	0.5779209128693176	1	1
regulation of ERK1 and ERK2 cascade	GO:0070372		166	28	34.47150556128884	-0.2079285468377671	0.7422170444503126	0.8999328496490699	1	1
negative regulation of ERK1 and ERK2 cascade	GO:0070373		28	4	5.814470817566793	-0.37405541771174117	0.6427576439377599	0.8419973056911996	1	1
positive regulation of ERK1 and ERK2 cascade	GO:0070374		125	24	25.95745900699461	-0.07840517561078333	0.8270329547980853	0.6855833447083375	1	1
DNA cytosine deamination	GO:0070383		5	0	1.0382983602797844	-Inf	0	1	1	1
response to lipoteichoic acid	GO:0070391		6	0	1.2459580323357413	-Inf	0	1	1	1
regulation of nucleotide-binding oligomerization domain containing signaling pathway	GO:0070424		10	4	2.076596720559569	0.6555639994694172	1.4101486239250423	0.09604599368521607	1	1
nucleotide-binding oligomerization domain containing 2 signaling pathway	GO:0070431		9	2	1.8689370485036119	0.0677773345672982	0.9301019182460473	0.5866424881018152	1	1
regulation of nucleotide-binding oligomerization domain containing 2 signaling pathway	GO:0070432		6	3	1.2459580323357413	0.878707550783627	1.6124283013649316	0.06394451928365348	1	1
cellular detoxification of nitrogen compound	GO:0070458		5	3	1.0382983602797844	1.0610291075775815	1.782860369115461	0.06394451928365348	1	1
rRNA base methylation	GO:0070475		5	0	1.0382983602797844	-Inf	0	1	1	1
response to oxygen levels	GO:0070482		104	14	21.596605893819515	-0.43347883818254174	0.6097564597498618	0.9747338266956971	1	1
leukocyte aggregation	GO:0070486		10	0	2.076596720559569	-Inf	0	1	1	1
thrombin-activated receptor signaling pathway	GO:0070493		5	1	1.0382983602797844	-0.03758318109052809	0.8550494879642134	0.687756407879498	1	1
interleukin-1-mediated signaling pathway	GO:0070498		20	5	4.153193441119138	0.1855603702236816	1.0184629095493065	0.3582828091064613	1	1
regulation of microtubule cytoskeleton organization	GO:0070507		104	14	21.596605893819515	-0.43347883818254174	0.6097564597498618	0.968733183478431	1	1
cholesterol import	GO:0070508		5	3	1.0382983602797844	1.0610291075775815	1.782860369115461	0.06394451928365348	1	1
calcium ion import	GO:0070509		17	2	3.530214424951267	-0.5682114321526985	0.5399204070993384	0.8747919000306	1	1
tRNA threonylcarbamoyladenosine metabolic process	GO:0070525		14	6	2.9072354087833965	0.7245568709563687	1.4718161116467272	0.035607639144556696	1	1
platelet aggregation	GO:0070527		15	2	3.114895080839353	-0.4430482891986925	0.6045686331939815	0.8499280422811566	1	1
protein K63-linked ubiquitination	GO:0070534		48	5	9.96766425868593	-0.6899083671302183	0.4826621437602806	0.9660623564496018	1	1
protein K63-linked deubiquitination	GO:0070536		22	3	4.568512785231052	-0.4205754333466341	0.6168072392922693	0.8650179970290931	1	1
response to fatty acid	GO:0070542		14	2	2.9072354087833965	-0.37405541771174117	0.6427576439377599	0.8206374202006002	1	1
response to interleukin-1	GO:0070555		48	10	9.96766425868593	0.003238813429726966	0.8836656273277367	0.5232144380282379	1	1
regulation of vitamin D receptor signaling pathway	GO:0070562		7	2	1.4536177043916982	0.3190917628482042	1.123880732467684	0.4442785093143923	1	1
positive regulation of vitamin D receptor signaling pathway	GO:0070564		5	1	1.0382983602797844	-0.03758318109052809	0.8550494879642134	0.687756407879498	1	1
protein localization to mitochondrion	GO:0070585		65	16	13.497878683637197	0.17005618368771636	1.0065743704299086	0.24257149182651788	1	1
regulation of cell-cell adhesion involved in gastrulation	GO:0070587		8	1	1.661277376447655	-0.5075868103362635	0.5704932391303862	0.8447215069503783	1	1
calcium ion transmembrane transport	GO:0070588		95	5	19.727668845315904	-1.3725842478228683	0.25081318682877296	0.9999948345527552	1	1
regulation of protein processing	GO:0070613		30	3	6.229790161678706	-0.7307303616504734	0.46465550092064367	0.9641766692182933	1	1
transepithelial transport	GO:0070633		16	1	3.32255475289531	-1.200733990896209	0.296605097562714	0.969591795111742	1	1
vitamin D3 metabolic process	GO:0070640		5	0	1.0382983602797844	-Inf	0	1	1	1
protein modification by small protein removal	GO:0070646		93	13	19.312349501203993	-0.3957954043481472	0.6305268617907112	0.951787399207969	1	1
leukocyte proliferation	GO:0070661		19	2	3.9455337690631813	-0.6794370672629231	0.4873768597596791	0.9283279489376746	1	1
regulation of leukocyte proliferation	GO:0070663		129	26	26.78809769521844	-0.0298611349966179	0.860416975230639	0.5678862594627715	1	1
negative regulation of leukocyte proliferation	GO:0070664		39	6	8.09872721018232	-0.29994744555801933	0.6858168500062104	0.809889536653198	1	1
positive regulation of leukocyte proliferation	GO:0070665		87	17	18.066391468868247	-0.06084004325479528	0.8390138984226801	0.6528978350279493	1	1
response to interleukin-2	GO:0070669		8	1	1.661277376447655	-0.5075868103362635	0.5704932391303862	0.8447215069503783	1	1
response to interleukin-4	GO:0070670		10	1	2.076596720559569	-0.7307303616504734	0.46465550092064367	0.9025405781366582	1	1
response to interleukin-12	GO:0070671		11	0	2.284256392615526	-Inf	0	1	1	1
response to interleukin-15	GO:0070672		10	2	2.076596720559569	-0.03758318109052809	0.8550494879642134	0.5866424881018152	1	1
response to interleukin-18	GO:0070673		6	2	1.2459580323357413	0.4732424426754625	1.2517310839972888	0.36346143435754485	1	1
response to cholesterol	GO:0070723		12	4	2.4919160646714826	0.4732424426754625	1.2517310839972888	0.22610735079264685	1	1
cyclic nucleotide transport	GO:0070729		9	4	1.8689370485036119	0.7609245151272435	1.5046554115250335	0.09604599368521607	1	1
response to interleukin-6	GO:0070741		21	4	4.360853113175095	-0.08637334525996013	0.8216351574574108	0.661983562527506	1	1
heterochromatin organization	GO:0070828		6	2	1.2459580323357413	0.4732424426754625	1.2517310839972888	0.2784677966097898	1	1
bicellular tight junction assembly	GO:0070830		18	1	3.7378740970072237	-1.3185170265525925	0.26443900870457454	0.9809185311126569	1	1
inclusion body assembly	GO:0070841		6	1	1.2459580323357413	-0.21990473788448278	0.7346935242489594	0.7526154025838886	1	1
aggresome assembly	GO:0070842		5	1	1.0382983602797844	-0.03758318109052809	0.8550494879642134	0.687756407879498	1	1
response to epidermal growth factor	GO:0070849		28	5	5.814470817566793	-0.15091186639753132	0.7787800313694351	0.7196520753345008	1	1
regulation of bile acid biosynthetic process	GO:0070857		8	1	1.661277376447655	-0.5075868103362635	0.5704932391303862	0.8447215069503783	1	1
regulation of protein exit from endoplasmic reticulum	GO:0070861		21	6	4.360853113175095	0.3190917628482042	1.123880732467684	0.25933091248927237	1	1
negative regulation of protein exit from endoplasmic reticulum	GO:0070862		10	2	2.076596720559569	-0.03758318109052809	0.8550494879642134	0.6469486398345623	1	1
positive regulation of protein exit from endoplasmic reticulum	GO:0070863		9	4	1.8689370485036119	0.7609245151272435	1.5046554115250335	0.09604599368521607	1	1
regulation of glycogen metabolic process	GO:0070873		20	4	4.153193441119138	-0.03758318109052809	0.8550494879642134	0.5779209128693176	1	1
negative regulation of glycogen metabolic process	GO:0070874		8	0	1.661277376447655	-Inf	0	1	1	1
positive regulation of glycogen metabolic process	GO:0070875		12	4	2.4919160646714826	0.4732424426754625	1.2517310839972888	0.22610735079264685	1	1
regulation of calcineurin-NFAT signaling cascade	GO:0070884		20	5	4.153193441119138	0.1855603702236816	1.0184629095493065	0.3582828091064613	1	1
negative regulation of calcineurin-NFAT signaling cascade	GO:0070885		8	3	1.661277376447655	0.591025478331846	1.353273052440545	0.22014844812420312	1	1
positive regulation of calcineurin-NFAT signaling cascade	GO:0070886		11	2	2.284256392615526	-0.13289336089485304	0.7905889481542714	0.6469486398345623	1	1
transcription preinitiation complex assembly	GO:0070897		18	1	3.7378740970072237	-1.3185170265525925	0.26443900870457454	0.9848848484905597	1	1
mitochondrial tRNA modification	GO:0070900		9	4	1.8689370485036119	0.7609245151272435	1.5046554115250335	0.09604599368521607	1	1
UV-damage excision repair	GO:0070914		10	3	2.076596720559569	0.3678819270176362	1.1636753669944517	0.3454178811708285	1	1
regulatory ncRNA processing	GO:0070918		35	6	7.26808852195849	-0.19173386091778638	0.7524772743438592	0.7373666622349946	1	1
regulation of regulatory ncRNA processing	GO:0070920		11	1	2.284256392615526	-0.8260405414547983	0.4248799167694929	0.9227905796275384	1	1
RISC complex assembly	GO:0070922		10	3	2.076596720559569	0.3678819270176362	1.1636753669944517	0.3454178811708285	1	1
CRD-mediated mRNA stabilization	GO:0070934		11	3	2.284256392615526	0.27257174721331123	1.0865570588453881	0.40803498456474274	1	1
3'-UTR-mediated mRNA stabilization	GO:0070935		14	1	2.9072354087833965	-1.0672025982716864	0.3375241858610443	0.961614211589703	1	1
protein K48-linked ubiquitination	GO:0070936		87	16	18.066391468868247	-0.1214646650712301	0.7981418402639773	0.7117915585494419	1	1
protein localization to endoplasmic reticulum	GO:0070972		36	2	7.4757481940144475	-1.3185170265525925	0.26443900870457454	0.995573992302135	1	1
protein localization to endoplasmic reticulum exit site	GO:0070973		5	0	1.0382983602797844	-Inf	0	1	1	1
bone maturation	GO:0070977		5	1	1.0382983602797844	-0.03758318109052809	0.8550494879642134	0.687756407879498	1	1
protein K11-linked ubiquitination	GO:0070979		37	9	7.683407866070404	0.1581613960355674	0.9975052403962485	0.35719341405834426	1	1
demethylation	GO:0070988		10	0	2.076596720559569	-Inf	0	1	1	1
oxidative demethylation	GO:0070989		8	0	1.661277376447655	-Inf	0	1	1	1
RNA surveillance	GO:0071025		27	1	5.606811145510836	-1.723982134660757	0.17742219927851477	0.9976580232295023	1	1
nuclear RNA surveillance	GO:0071027		25	1	5.1914918013989215	-1.6470210935246283	0.19145115443050073	0.9962668165603152	1	1
histone mRNA catabolic process	GO:0071044		15	2	3.114895080839353	-0.4430482891986925	0.6045686331939815	0.8206374202006002	1	1
regulation of phospholipid biosynthetic process	GO:0071071		11	2	2.284256392615526	-0.13289336089485304	0.7905889481542714	0.7000405632278557	1	1
positive regulation of phospholipid biosynthetic process	GO:0071073		8	1	1.661277376447655	-0.5075868103362635	0.5704932391303862	0.8447215069503783	1	1
DNA conformation change	GO:0071103		11	4	2.284256392615526	0.5602538196650922	1.3264517770645412	0.17843893878705638	1	1
response to interleukin-9	GO:0071104		8	2	1.661277376447655	0.18556037022368177	1.0184629095493067	0.5189885297111225	1	1
protein K48-linked deubiquitination	GO:0071108		21	4	4.360853113175095	-0.08637334525996013	0.8216351574574108	0.661983562527506	1	1
resolution of recombination intermediates	GO:0071139		9	1	1.8689370485036119	-0.6253698459926471	0.5123516935775311	0.8769813843064487	1	1
resolution of mitotic recombination intermediates	GO:0071140		5	0	1.0382983602797844	-Inf	0	1	1	1
protein localization to chromatin	GO:0071168		30	5	6.229790161678706	-0.21990473788448278	0.7346935242489594	0.7196520753345008	1	1
establishment of protein localization to chromatin	GO:0071169		8	2	1.661277376447655	0.18556037022368177	1.0184629095493067	0.4442785093143923	1	1
spindle assembly checkpoint signaling	GO:0071173		20	7	4.153193441119138	0.5220326068448946	1.2934197614423821	0.10196428155466769	1	1
mitotic spindle checkpoint signaling	GO:0071174		20	7	4.153193441119138	0.5220326068448946	1.2934197614423821	0.10196428155466769	1	1
protein targeting to vacuole involved in autophagy	GO:0071211		6	1	1.2459580323357413	-0.21990473788448278	0.7346935242489594	0.7526154025838886	1	1
cellular response to abiotic stimulus	GO:0071214		169	28	35.09448457745672	-0.22583947340429747	0.7309855113103745	0.9185119354470979	1	1
cellular response to biotic stimulus	GO:0071216		91	10	18.89703015709208	-0.6364196821792322	0.5071610151789989	0.993936315770968	1	1
cellular response to misfolded protein	GO:0071218		12	0	2.4919160646714826	-Inf	0	1	1	1
cellular response to molecule of bacterial origin	GO:0071219		75	7	15.574475404196766	-0.7997232331374249	0.43555110749601733	0.9967023537427027	1	1
cellular response to bacterial lipoprotein	GO:0071220		5	1	1.0382983602797844	-0.03758318109052809	0.8550494879642134	0.687756407879498	1	1
cellular response to bacterial lipopeptide	GO:0071221		5	1	1.0382983602797844	-0.03758318109052809	0.8550494879642134	0.687756407879498	1	1
cellular response to lipopolysaccharide	GO:0071222		65	6	13.497878683637197	-0.8107730693240097	0.4310420102975003	0.9947677232267104	1	1
cellular response to lipoteichoic acid	GO:0071223		6	0	1.2459580323357413	-Inf	0	1	1	1
cellular response to muramyl dipeptide	GO:0071225		10	1	2.076596720559569	-0.7307303616504734	0.46465550092064367	0.8769813843064487	1	1
cellular response to acid chemical	GO:0071229		32	5	6.64510950579062	-0.28444325902205386	0.6950924825045942	0.8241407586718066	1	1
cellular response to amino acid stimulus	GO:0071230		29	5	6.02213048962275	-0.18600318620880152	0.7561317767125373	0.7493074800281739	1	1
cellular response to leucine	GO:0071233		10	1	2.076596720559569	-0.7307303616504734	0.46465550092064367	0.9025405781366582	1	1
cellular response to arsenic-containing substance	GO:0071243		12	1	2.4919160646714826	-0.9130519184444281	0.39123986519130494	0.9388339804989202	1	1
cellular response to metal ion	GO:0071248		67	15	13.913198027749111	0.07521231305481633	0.9355436212747207	0.3939442594906253	1	1
cellular response to mechanical stimulus	GO:0071260		11	1	2.284256392615526	-0.8260405414547983	0.4248799167694929	0.9227905796275384	1	1
L-methionine biosynthetic process	GO:0071265		5	1	1.0382983602797844	-0.03758318109052809	0.8550494879642134	0.687756407879498	1	1
L-methionine salvage	GO:0071267		5	1	1.0382983602797844	-0.03758318109052809	0.8550494879642134	0.687756407879498	1	1
cellular response to cadmium ion	GO:0071276		6	0	1.2459580323357413	-Inf	0	1	1	1
cellular response to calcium ion	GO:0071277		34	9	7.060428849902534	0.24271878406363015	1.0629367686348619	0.23318840590755446	1	1
cellular response to copper ion	GO:0071280		6	1	1.2459580323357413	-0.21990473788448278	0.7346935242489594	0.7526154025838886	1	1
cellular response to iron ion	GO:0071281		6	1	1.2459580323357413	-0.21990473788448278	0.7346935242489594	0.7526154025838886	1	1
cellular response to zinc ion	GO:0071294		6	2	1.2459580323357413	0.4732424426754625	1.2517310839972888	0.36346143435754485	1	1
cellular response to vitamin	GO:0071295		7	2	1.4536177043916982	0.3190917628482042	1.123880732467684	0.4442785093143923	1	1
cellular response to retinoic acid	GO:0071300		16	2	3.32255475289531	-0.5075868103362635	0.5704932391303862	0.8747919000306	1	1
cellular response to alkaloid	GO:0071312		12	4	2.4919160646714826	0.4732424426754625	1.2517310839972888	0.22610735079264685	1	1
cellular response to nicotine	GO:0071316		5	0	1.0382983602797844	-Inf	0	1	1	1
cellular response to ATP	GO:0071318		12	3	2.4919160646714826	0.1855603702236816	1.0184629095493065	0.40803498456474274	1	1
cellular response to cAMP	GO:0071320		24	4	4.983832129342965	-0.21990473788448278	0.7346935242489594	0.7652001365042725	1	1
cellular response to cGMP	GO:0071321		5	2	1.0382983602797844	0.6555639994694172	1.4101486239250423	0.2784677966097898	1	1
cellular response to carbohydrate stimulus	GO:0071322		16	4	3.32255475289531	0.18556037022368177	1.0184629095493067	0.43250684412533813	1	1
cellular response to monosaccharide stimulus	GO:0071326		13	3	2.6995757367274393	0.10551766255014523	0.9579172596729197	0.5263390908313202	1	1
cellular response to hexose stimulus	GO:0071331		13	3	2.6995757367274393	0.10551766255014523	0.9579172596729197	0.5263390908313202	1	1
cellular response to glucose stimulus	GO:0071333		13	3	2.6995757367274393	0.10551766255014523	0.9579172596729197	0.5263390908313202	1	1
cellular response to type II interferon	GO:0071346		35	6	7.26808852195849	-0.19173386091778638	0.7524772743438592	0.7373666622349946	1	1
cellular response to interleukin-1	GO:0071347		37	7	7.683407866070404	-0.09315303224533876	0.8170608115881615	0.6427097443685982	1	1
cellular response to interleukin-12	GO:0071349		11	0	2.284256392615526	-Inf	0	1	1	1
cellular response to interleukin-15	GO:0071350		10	2	2.076596720559569	-0.03758318109052809	0.8550494879642134	0.5866424881018152	1	1
cellular response to interleukin-18	GO:0071351		6	2	1.2459580323357413	0.4732424426754625	1.2517310839972888	0.36346143435754485	1	1
cellular response to interleukin-2	GO:0071352		8	1	1.661277376447655	-0.5075868103362635	0.5704932391303862	0.8447215069503783	1	1
cellular response to interleukin-4	GO:0071353		10	1	2.076596720559569	-0.7307303616504734	0.46465550092064367	0.9025405781366582	1	1
cellular response to interleukin-6	GO:0071354		19	4	3.9455337690631813	0.013710113297022255	0.8911012527496509	0.5779209128693176	1	1
cellular response to interleukin-9	GO:0071355		8	2	1.661277376447655	0.18556037022368177	1.0184629095493067	0.5189885297111225	1	1
cellular response to tumor necrosis factor	GO:0071356		69	14	14.328517371861025	-0.023194443638428555	0.8650681036266357	0.5865196406475615	1	1
cellular response to type I interferon	GO:0071357		17	0	3.530214424951267	-Inf	0	1	1	1
cellular response to dsRNA	GO:0071359		19	2	3.9455337690631813	-0.6794370672629231	0.4873768597596791	0.9134911356883086	1	1
cellular response to exogenous dsRNA	GO:0071360		16	1	3.32255475289531	-1.200733990896209	0.296605097562714	0.9759117881171515	1	1
cellular response to epidermal growth factor stimulus	GO:0071364		25	4	5.1914918013989215	-0.2607267324047378	0.709459778017518	0.7935739204522448	1	1
cellular response to gonadotropin stimulus	GO:0071371		5	1	1.0382983602797844	-0.03758318109052809	0.8550494879642134	0.687756407879498	1	1
cellular response to peptide hormone stimulus	GO:0071375		82	14	17.028093108588465	-0.1958071863054222	0.7498872372956741	0.8318549165026983	1	1
cellular response to growth hormone stimulus	GO:0071378		13	2	2.6995757367274393	-0.29994744555801905	0.6858168500062106	0.7863084571716146	1	1
cellular response to prostaglandin stimulus	GO:0071379		11	1	2.284256392615526	-0.8260405414547983	0.4248799167694929	0.9227905796275384	1	1
cellular response to prostaglandin E stimulus	GO:0071380		5	1	1.0382983602797844	-0.03758318109052809	0.8550494879642134	0.687756407879498	1	1
cellular response to steroid hormone stimulus	GO:0071383		59	12	12.251920651301456	-0.02077606277414681	0.8667592576479629	0.5577454710702658	1	1
cellular response to corticosteroid stimulus	GO:0071384		13	1	2.6995757367274393	-0.9930946261179644	0.3624410396831095	0.9515444407761957	1	1
cellular response to glucocorticoid stimulus	GO:0071385		12	1	2.4919160646714826	-0.9130519184444281	0.39123986519130494	0.9388339804989202	1	1
cellular response to estrogen stimulus	GO:0071391		11	4	2.284256392615526	0.5602538196650922	1.3264517770645412	0.1346905284137217	1	1
cellular response to estradiol stimulus	GO:0071392		14	3	2.9072354087833965	0.03140969039642335	0.9037570637243312	0.580334678997702	1	1
cellular response to lipid	GO:0071396		200	33	41.53193441119137	-0.22995507373798413	0.7284219716458328	0.929731980501645	1	1
cellular response to cholesterol	GO:0071397		6	2	1.2459580323357413	0.4732424426754625	1.2517310839972888	0.36346143435754485	1	1
cellular response to fatty acid	GO:0071398		13	2	2.6995757367274393	-0.29994744555801905	0.6858168500062106	0.7863084571716146	1	1
cellular response to lipoprotein particle stimulus	GO:0071402		21	6	4.360853113175095	0.3190917628482042	1.123880732467684	0.25933091248927237	1	1
cellular response to low-density lipoprotein particle stimulus	GO:0071404		15	4	3.114895080839353	0.25009889136125285	1.0687514739090234	0.38067988828058175	1	1
cellular response to purine-containing compound	GO:0071415		6	2	1.2459580323357413	0.4732424426754625	1.2517310839972888	0.36346143435754485	1	1
hematopoietic stem cell proliferation	GO:0071425		8	2	1.661277376447655	0.18556037022368177	1.0184629095493067	0.5189885297111225	1	1
cellular response to oxygen radical	GO:0071450		11	1	2.284256392615526	-0.8260405414547983	0.4248799167694929	0.9227905796275384	1	1
cellular response to superoxide	GO:0071451		11	1	2.284256392615526	-0.8260405414547983	0.4248799167694929	0.9227905796275384	1	1
cellular response to oxygen levels	GO:0071453		61	9	12.66723999541337	-0.34179455549351956	0.66124252087266	0.9007658779621164	1	1
cellular response to hypoxia	GO:0071456		51	8	10.5906432748538	-0.28052935970091747	0.6974486292487293	0.8434113076860921	1	1
protein localization to chromosome, centromeric region	GO:0071459		16	5	3.32255475289531	0.4087039215378914	1.197459414183245	0.22519902074631304	1	1
cellular response to xenobiotic stimulus	GO:0071466		125	20	25.95745900699461	-0.2607267324047379	0.7094597780175179	0.874419878645807	1	1
cellular response to pH	GO:0071467		20	3	4.153193441119138	-0.32526525354230906	0.6708686990356654	0.7873782230686989	1	1
cellular response to acidic pH	GO:0071468		14	1	2.9072354087833965	-1.0672025982716864	0.3375241858610443	0.961614211589703	1	1
cellular response to osmotic stress	GO:0071470		23	2	4.776172457287008	-0.870492304025632	0.40738318263698703	0.9668305045774548	1	1
cellular hyperosmotic response	GO:0071474		10	1	2.076596720559569	-0.7307303616504734	0.46465550092064367	0.9025405781366582	1	1
cellular hypotonic response	GO:0071476		7	1	1.4536177043916982	-0.37405541771174117	0.6427576439377599	0.8040048847954714	1	1
cellular response to radiation	GO:0071478		118	22	24.50384130260291	-0.10778743976377658	0.8072444977668513	0.734351539045863	1	1
cellular response to ionizing radiation	GO:0071479		51	10	10.5906432748538	-0.05738580838670778	0.8413832059705726	0.6356913286601336	1	1
cellular response to gamma radiation	GO:0071480		17	4	3.530214424951267	0.1249357484072468	0.9724140606384994	0.4830503542687592	1	1
cellular response to light stimulus	GO:0071482		75	15	15.574475404196766	-0.03758318109052809	0.8550494879642134	0.5879208215338972	1	1
cellular response to UV-A	GO:0071492		11	1	2.284256392615526	-0.8260405414547983	0.4248799167694929	0.9025405781366582	1	1
cellular response to UV-B	GO:0071493		11	1	2.284256392615526	-0.8260405414547983	0.4248799167694929	0.9227905796275384	1	1
cellular response to external stimulus	GO:0071496		11	1	2.284256392615526	-0.8260405414547983	0.4248799167694929	0.9227905796275384	1	1
cellular response to fluid shear stress	GO:0071498		22	5	4.568512785231052	0.0902501904193567	0.9466071317499707	0.49328596615142095	1	1
cellular response to laminar fluid shear stress	GO:0071499		16	3	3.32255475289531	-0.10212170222809921	0.8110355253935493	0.6758810380350535	1	1
cellular response to sterol depletion	GO:0071501		9	2	1.8689370485036119	0.0677773345672982	0.9301019182460473	0.5866424881018152	1	1
genomic imprinting	GO:0071514		5	0	1.0382983602797844	-Inf	0	1	1	1
semaphorin-plexin signaling pathway	GO:0071526		8	0	1.661277376447655	-Inf	0	1	1	1
protein localization to centrosome	GO:0071539		21	5	4.360853113175095	0.13677020605424967	0.9813100281419231	0.44906746990504853	1	1
dopaminergic neuron differentiation	GO:0071542		18	0	3.7378740970072237	-Inf	0	1	1	1
response to transforming growth factor beta	GO:0071559		83	19	17.23575278064442	0.0974531027134148	0.9519333327565951	0.3572716656619616	1	1
cellular response to transforming growth factor beta stimulus	GO:0071560		80	17	16.61277376447655	0.0230414407259067	0.8977598326013292	0.5016835297582999	1	1
protein ufmylation	GO:0071569		7	2	1.4536177043916982	0.3190917628482042	1.123880732467684	0.4442785093143923	1	1
zinc ion transmembrane transport	GO:0071577		23	4	4.776172457287008	-0.17734512346568673	0.7616766486395636	0.733864067829993	1	1
acyl-CoA biosynthetic process	GO:0071616		36	5	7.4757481940144475	-0.4022262946784373	0.6269437020453897	0.8797691670302257	1	1
granulocyte chemotaxis	GO:0071621		35	3	7.26808852195849	-0.8848810414777317	0.4018594823385352	0.9789009624665828	1	1
regulation of granulocyte chemotaxis	GO:0071622		33	4	6.852769177846577	-0.5383584690030173	0.5548024744357416	0.9228843547551815	1	1
positive regulation of granulocyte chemotaxis	GO:0071624		15	1	3.114895080839353	-1.1361954697586378	0.3157645429162462	0.961614211589703	1	1
vocalization behavior	GO:0071625		14	0	2.9072354087833965	-Inf	0	1	1	1
regulation of transforming growth factor beta production	GO:0071634		17	5	3.530214424951267	0.3480792997214565	1.1474455497580873	0.2682404361592198	1	1
negative regulation of transforming growth factor beta production	GO:0071635		7	1	1.4536177043916982	-0.37405541771174117	0.6427576439377599	0.8040048847954714	1	1
positive regulation of transforming growth factor beta production	GO:0071636		6	3	1.2459580323357413	0.878707550783627	1.6124283013649316	0.1084805211142787	1	1
regulation of monocyte chemotactic protein-1 production	GO:0071637		11	2	2.284256392615526	-0.13289336089485304	0.7905889481542714	0.7000405632278557	1	1
positive regulation of monocyte chemotactic protein-1 production	GO:0071639		8	1	1.661277376447655	-0.5075868103362635	0.5704932391303862	0.8447215069503783	1	1
regulation of chemokine (C-C motif) ligand 5 production	GO:0071649		8	1	1.661277376447655	-0.5075868103362635	0.5704932391303862	0.8040048847954714	1	1
positive regulation of chemokine (C-C motif) ligand 5 production	GO:0071651		5	1	1.0382983602797844	-0.03758318109052809	0.8550494879642134	0.6058986856255562	1	1
mononuclear cell migration	GO:0071674		60	10	12.459580323357413	-0.21990473788448278	0.7346935242489594	0.7923852669158011	1	1
regulation of mononuclear cell migration	GO:0071675		84	15	17.44341245270038	-0.15091186639753132	0.7787800313694351	0.7503315387140819	1	1
negative regulation of mononuclear cell migration	GO:0071676		18	5	3.7378740970072237	0.290920885881508	1.1012048484582468	0.3128420019394392	1	1
positive regulation of mononuclear cell migration	GO:0071677		60	10	12.459580323357413	-0.21990473788448278	0.7346935242489594	0.8100762711215267	1	1
response to indole-3-methanol	GO:0071680		5	2	1.0382983602797844	0.6555639994694172	1.4101486239250423	0.2784677966097898	1	1
cellular response to indole-3-methanol	GO:0071681		5	2	1.0382983602797844	0.6555639994694172	1.4101486239250423	0.2784677966097898	1	1
protein localization to extracellular region	GO:0071692		30	3	6.229790161678706	-0.7307303616504734	0.46465550092064367	0.9641766692182933	1	1
anatomical structure maturation	GO:0071695		32	5	6.64510950579062	-0.28444325902205386	0.6950924825045942	0.7765621815304163	1	1
membrane assembly	GO:0071709		36	5	7.4757481940144475	-0.4022262946784373	0.6269437020453897	0.8241407586718066	1	1
basement membrane organization	GO:0071711		12	2	2.4919160646714826	-0.21990473788448278	0.7346935242489594	0.7463131700423387	1	1
icosanoid transport	GO:0071715		23	1	4.776172457287008	-1.5636394845855774	0.20787237682516796	0.9940495488315544	1	1
leukotriene transport	GO:0071716		6	1	1.2459580323357413	-0.21990473788448278	0.7346935242489594	0.7526154025838886	1	1
response to nitric oxide	GO:0071731		7	0	1.4536177043916982	-Inf	0	1	1	1
nuclear membrane organization	GO:0071763		36	5	7.4757481940144475	-0.4022262946784373	0.6269437020453897	0.8241407586718066	1	1
response to BMP	GO:0071772		42	8	8.72170622635019	-0.08637334525996013	0.8216351574574108	0.6396071734232041	1	1
cellular response to BMP stimulus	GO:0071773		42	8	8.72170622635019	-0.08637334525996013	0.8216351574574108	0.6396071734232041	1	1
response to fibroblast growth factor	GO:0071774		37	2	7.683407866070404	-1.3459160007407067	0.25744780972949644	0.9980694749293324	1	1
endoplasmic reticulum tubular network organization	GO:0071786		14	1	2.9072354087833965	-1.0672025982716864	0.3375241858610443	0.961614211589703	1	1
response to prostaglandin D	GO:0071798		6	0	1.2459580323357413	-Inf	0	1	1	1
cellular response to prostaglandin D stimulus	GO:0071799		6	0	1.2459580323357413	-Inf	0	1	1	1
regulation of podosome assembly	GO:0071801		9	1	1.8689370485036119	-0.6253698459926471	0.5123516935775311	0.8769813843064487	1	1
positive regulation of podosome assembly	GO:0071803		6	0	1.2459580323357413	-Inf	0	1	1	1
potassium ion transmembrane transport	GO:0071805		62	8	12.874899667469327	-0.47583811202168336	0.5870579010261421	0.9358884670652412	1	1
protein transmembrane transport	GO:0071806		33	6	6.852769177846577	-0.1328933608948529	0.7905889481542714	0.7092283950000058	1	1
tail-anchored membrane protein insertion into ER membrane	GO:0071816		17	0	3.530214424951267	-Inf	0	1	1	1
protein-DNA complex organization	GO:0071824		92	13	19.104689829148032	-0.3849844882439314	0.6365863001872359	0.9565354306629836	1	1
protein-lipid complex organization	GO:0071825		37	10	7.683407866070404	0.2635219116933936	1.079368835290675	0.19890126090591703	1	1
protein-RNA complex organization	GO:0071826		121	28	25.126820318770786	0.10826869592203489	0.9599634882995303	0.22879419285118888	1	1
plasma lipoprotein particle organization	GO:0071827		35	9	7.26808852195849	0.21373124719037806	1.0402567711866229	0.2628167530855825	1	1
triglyceride-rich lipoprotein particle clearance	GO:0071830		5	3	1.0382983602797844	1.0610291075775815	1.782860369115461	0.06394451928365348	1	1
response to monoamine	GO:0071867		24	3	4.983832129342965	-0.5075868103362637	0.5704932391303862	0.8846910864089581	1	1
cellular response to monoamine stimulus	GO:0071868		24	3	4.983832129342965	-0.5075868103362637	0.5704932391303862	0.8846910864089581	1	1
response to catecholamine	GO:0071869		24	3	4.983832129342965	-0.5075868103362637	0.5704932391303862	0.8846910864089581	1	1
cellular response to catecholamine stimulus	GO:0071870		24	3	4.983832129342965	-0.5075868103362637	0.5704932391303862	0.8846910864089581	1	1
response to epinephrine	GO:0071871		7	3	1.4536177043916982	0.7245568709563687	1.4718161116467272	0.1614187469654273	1	1
cellular response to epinephrine stimulus	GO:0071872		7	3	1.4536177043916982	0.7245568709563687	1.4718161116467272	0.1614187469654273	1	1
adrenergic receptor signaling pathway	GO:0071875		12	3	2.4919160646714826	0.1855603702236816	1.0184629095493065	0.4686775291554418	1	1
adenylate cyclase-activating adrenergic receptor signaling pathway	GO:0071880		8	2	1.661277376447655	0.18556037022368177	1.0184629095493067	0.5189885297111225	1	1
leukocyte apoptotic process	GO:0071887		9	3	1.8689370485036119	0.47324244267546267	1.2517310839972888	0.2821996753436965	1	1
DNA biosynthetic process	GO:0071897		54	14	11.213622291021672	0.22192801439455642	1.046644062980932	0.19607240936630535	1	1
regulation of protein serine/threonine kinase activity	GO:0071900		118	17	24.50384130260291	-0.3656165490658764	0.6475542772761272	0.9638799515100218	1	1
negative regulation of protein serine/threonine kinase activity	GO:0071901		32	9	6.64510950579062	0.30334340588006514	1.1111765053379898	0.1780585903149542	1	1
positive regulation of protein serine/threonine kinase activity	GO:0071902		57	4	11.836601307189543	-1.0849021753710875	0.3318125024847844	0.9986630156688696	1	1
determination of digestive tract left/right asymmetry	GO:0071907		6	0	1.2459580323357413	-Inf	0	1	1	1
determination of liver left/right asymmetry	GO:0071910		6	0	1.2459580323357413	-Inf	0	1	1	1
nitrogen cycle metabolic process	GO:0071941		7	1	1.4536177043916982	-0.37405541771174117	0.6427576439377599	0.8040048847954714	1	1
multivesicular body sorting pathway	GO:0071985		28	0	5.814470817566793	-Inf	0	1	1	1
renal system development	GO:0072001		51	7	10.5906432748538	-0.4140607523254402	0.6203912952753385	0.9181892746450566	1	1
nephron development	GO:0072006		17	3	3.530214424951267	-0.16274632404453418	0.771090171362034	0.7172018988421163	1	1
nephron epithelium development	GO:0072009		9	0	1.8689370485036119	-Inf	0	1	1	1
nephron morphogenesis	GO:0072028		6	0	1.2459580323357413	-Inf	0	1	1	1
kidney epithelium development	GO:0072073		12	1	2.4919160646714826	-0.9130519184444281	0.39123986519130494	0.9388339804989202	1	1
nephron tubule morphogenesis	GO:0072078		6	0	1.2459580323357413	-Inf	0	1	1	1
nephron tubule development	GO:0072080		7	0	1.4536177043916982	-Inf	0	1	1	1
nephron epithelium morphogenesis	GO:0072088		6	0	1.2459580323357413	-Inf	0	1	1	1
stem cell proliferation	GO:0072089		11	2	2.284256392615526	-0.13289336089485304	0.7905889481542714	0.7000405632278557	1	1
regulation of stem cell proliferation	GO:0072091		20	2	4.153193441119138	-0.7307303616504734	0.46465550092064367	0.9407351059279203	1	1
regulation of glomerular mesangial cell proliferation	GO:0072124		5	0	1.0382983602797844	-Inf	0	1	1	1
mesenchyme morphogenesis	GO:0072132		7	1	1.4536177043916982	-0.37405541771174117	0.6427576439377599	0.8040048847954714	1	1
mesonephric epithelium development	GO:0072163		6	0	1.2459580323357413	-Inf	0	1	1	1
mesonephric tubule development	GO:0072164		6	0	1.2459580323357413	-Inf	0	1	1	1
epithelial tube formation	GO:0072175		5	1	1.0382983602797844	-0.03758318109052809	0.8550494879642134	0.687756407879498	1	1
monocarboxylic acid catabolic process	GO:0072329		67	24	13.913198027749111	0.5452159423005518	1.3134174921936235	0.001968290675030372	0.6554407947851139	0.6554407947851139
monocarboxylic acid biosynthetic process	GO:0072330		103	21	21.38894622176356	-0.01835181916264068	0.8684566077350199	0.5570441652151455	1	1
signal transduction by p53 class mediator	GO:0072331		59	18	12.251920651301456	0.38468904533401754	1.1775321538331824	0.050342632931017546	1	1
intrinsic apoptotic signaling pathway by p53 class mediator	GO:0072332		30	10	6.229790161678706	0.4732424426754625	1.2517310839972888	0.07555491602982693	1	1
modified amino acid transport	GO:0072337		24	4	4.983832129342965	-0.21990473788448278	0.7346935242489594	0.7652001365042725	1	1
rescue of stalled ribosome	GO:0072344		34	7	7.060428849902534	-0.008595644217275787	0.875308628479267	0.5779164812367251	1	1
sulfur compound transport	GO:0072348		40	7	8.306386882238275	-0.17111457371505073	0.7656843782754985	0.7531772502670526	1	1
tricarboxylic acid metabolic process	GO:0072350		7	0	1.4536177043916982	-Inf	0	1	1	1
protein activation cascade	GO:0072376		13	1	2.6995757367274393	-0.9930946261179644	0.3624410396831095	0.9515444407761957	1	1
blood coagulation, fibrin clot formation	GO:0072378		12	1	2.4919160646714826	-0.9130519184444281	0.39123986519130494	0.9388339804989202	1	1
organelle transport along microtubule	GO:0072384		28	3	5.814470817566793	-0.661737490163522	0.4954358756915953	0.9494481283135643	1	1
plus-end-directed organelle transport along microtubule	GO:0072386		5	0	1.0382983602797844	-Inf	0	1	1	1
microtubule anchoring at microtubule organizing center	GO:0072393		7	1	1.4536177043916982	-0.37405541771174117	0.6427576439377599	0.8040048847954714	1	1
response to cell cycle checkpoint signaling	GO:0072396		6	0	1.2459580323357413	-Inf	0	1	1	1
response to DNA integrity checkpoint signaling	GO:0072402		6	0	1.2459580323357413	-Inf	0	1	1	1
response to DNA damage checkpoint signaling	GO:0072423		6	0	1.2459580323357413	-Inf	0	1	1	1
ammonium transmembrane transport	GO:0072488		6	1	1.2459580323357413	-0.21990473788448278	0.7346935242489594	0.687756407879498	1	1
purine-containing compound biosynthetic process	GO:0072522		103	19	21.38894622176356	-0.11843527771962321	0.8001520184219821	0.739736969669146	1	1
purine-containing compound catabolic process	GO:0072523		52	9	10.798302946909757	-0.1821644099016357	0.7585867448476872	0.759868147943565	1	1
pyridine-containing compound metabolic process	GO:0072524		74	14	15.366815732140807	-0.09315303224533876	0.8170608115881615	0.6968950359067183	1	1
pyridine-containing compound biosynthetic process	GO:0072525		7	3	1.4536177043916982	0.7245568709563687	1.4718161116467272	0.1614187469654273	1	1
pyridine-containing compound catabolic process	GO:0072526		29	8	6.02213048962275	0.28400044303693406	1.0956689391716294	0.2416303061419751	1	1
pyrimidine-containing compound metabolic process	GO:0072527		51	17	10.5906432748538	0.47324244267546267	1.2517310839972888	0.02490700434590233	1	1
pyrimidine-containing compound biosynthetic process	GO:0072528		16	7	3.32255475289531	0.7451761581591043	1.4904079073665524	0.03224880562863579	1	1
pyrimidine-containing compound catabolic process	GO:0072529		23	7	4.776172457287008	0.38227066446973584	1.1755337124879146	0.1842643366948414	1	1
purine-containing compound transmembrane transport	GO:0072530		23	6	4.776172457287008	0.2281199846424775	1.0514827223147898	0.33912231654004465	1	1
pyrimidine-containing compound transmembrane transport	GO:0072531		11	2	2.284256392615526	-0.13289336089485304	0.7905889481542714	0.7000405632278557	1	1
T-helper 17 type immune response	GO:0072538		6	2	1.2459580323357413	0.4732424426754625	1.2517310839972888	0.36346143435754485	1	1
clathrin-dependent endocytosis	GO:0072583		15	4	3.114895080839353	0.25009889136125285	1.0687514739090234	0.38067988828058175	1	1
reactive oxygen species metabolic process	GO:0072593		57	11	11.836601307189543	-0.07330126369260748	0.8305026606182505	0.6345001457286512	1	1
establishment of protein localization to organelle	GO:0072594		177	37	36.75576195390437	0.00662291141396745	0.8860644379455933	0.4498440056481554	1	1
maintenance of protein localization in organelle	GO:0072595		30	2	6.229790161678706	-1.1361954697586378	0.3157645429162462	0.9918176681224122	1	1
establishment of protein localization to endoplasmic reticulum	GO:0072599		18	0	3.7378740970072237	-Inf	0	1	1	1
establishment of protein localization to mitochondrion	GO:0072655		56	15	11.628941635133586	0.25455324171063304	1.072268864396417	0.17060944966441663	1	1
protein localization to plasma membrane	GO:0072659		108	18	22.427244582043343	-0.21990473788448278	0.7346935242489594	0.872055680853707	1	1
protein localization to peroxisome	GO:0072662		18	3	3.7378740970072237	-0.21990473788448264	0.7346935242489595	0.7172018988421163	1	1
establishment of protein localization to peroxisome	GO:0072663		18	3	3.7378740970072237	-0.21990473788448264	0.7346935242489595	0.7172018988421163	1	1
protein localization to vacuole	GO:0072665		35	10	7.26808852195849	0.31909176284820434	1.123880732467684	0.17411817467392898	1	1
establishment of protein localization to vacuole	GO:0072666		21	6	4.360853113175095	0.3190917628482042	1.123880732467684	0.25933091248927237	1	1
neutrophil extravasation	GO:0072672		6	3	1.2459580323357413	0.878707550783627	1.6124283013649316	0.1084805211142787	1	1
lymphocyte migration	GO:0072676		26	4	5.399151473454879	-0.29994744555801905	0.6858168500062106	0.7935739204522448	1	1
eosinophil migration	GO:0072677		8	0	1.661277376447655	-Inf	0	1	1	1
T cell migration	GO:0072678		16	3	3.32255475289531	-0.10212170222809921	0.8110355253935493	0.6758810380350535	1	1
protein localization to microtubule cytoskeleton	GO:0072698		31	6	6.4374498337346635	-0.07037300391351901	0.8324976266966551	0.6470037365878143	1	1
response to hydroxyurea	GO:0072710		9	5	1.8689370485036119	0.9840680664414533	1.7104446359600238	0.012256528258027094	1	1
cellular response to hydroxyurea	GO:0072711		8	5	1.661277376447655	1.1018511020978368	1.8215195641063857	0.005542740558238572	1	1
positive regulation by symbiont of entry into host	GO:0075294		14	3	2.9072354087833965	0.03140969039642335	0.9037570637243312	0.580334678997702	1	1
endocytosis involved in viral entry into host cell	GO:0075509		9	1	1.8689370485036119	-0.6253698459926471	0.5123516935775311	0.8769813843064487	1	1
IRES-dependent viral translational initiation	GO:0075522		11	5	2.284256392615526	0.783397370979302	1.5250560509825304	0.05813081026038624	1	1
viral translational termination-reinitiation	GO:0075525		5	2	1.0382983602797844	0.6555639994694172	1.4101486239250423	0.2784677966097898	1	1
intracellular transport of virus	GO:0075733		5	0	1.0382983602797844	-Inf	0	1	1	1
regulation of nitric oxide metabolic process	GO:0080164		29	5	6.02213048962275	-0.18600318620880152	0.7561317767125373	0.7196520753345008	1	1
lytic vacuole organization	GO:0080171		53	17	11.005962618965716	0.43477616184766643	1.2192603065574483	0.030043831640208563	1	1
protein K6-linked ubiquitination	GO:0085020		15	2	3.114895080839353	-0.4430482891986925	0.6045686331939815	0.8499280422811566	1	1
extracellular matrix assembly	GO:0085029		9	0	1.8689370485036119	-Inf	0	1	1	1
cardiac muscle cell action potential	GO:0086001		37	5	7.683407866070404	-0.42962526886655167	0.6118554747443877	0.8946250793053402	1	1
cardiac muscle cell action potential involved in contraction	GO:0086002		27	4	5.606811145510836	-0.33768777354086615	0.6636243724392131	0.8191190934479378	1	1
cardiac muscle cell contraction	GO:0086003		27	4	5.606811145510836	-0.33768777354086615	0.6636243724392131	0.8191190934479378	1	1
regulation of cardiac muscle cell contraction	GO:0086004		21	2	4.360853113175095	-0.7795205258199055	0.4439030386300918	0.9510815874352324	1	1
ventricular cardiac muscle cell action potential	GO:0086005		12	3	2.4919160646714826	0.1855603702236816	1.0184629095493065	0.40803498456474274	1	1
membrane repolarization	GO:0086009		19	2	3.9455337690631813	-0.6794370672629231	0.4873768597596791	0.9283279489376746	1	1
membrane depolarization during action potential	GO:0086010		22	1	4.568512785231052	-1.5191877220147436	0.2171783289133837	0.9940495488315544	1	1
membrane repolarization during action potential	GO:0086011		15	2	3.114895080839353	-0.4430482891986925	0.6045686331939815	0.8499280422811566	1	1
membrane depolarization during cardiac muscle cell action potential	GO:0086012		16	1	3.32255475289531	-1.200733990896209	0.296605097562714	0.9759117881171515	1	1
membrane repolarization during cardiac muscle cell action potential	GO:0086013		14	2	2.9072354087833965	-0.37405541771174117	0.6427576439377599	0.8206374202006002	1	1
atrial cardiac muscle cell action potential	GO:0086014		12	2	2.4919160646714826	-0.21990473788448278	0.7346935242489594	0.7000405632278557	1	1
SA node cell action potential	GO:0086015		5	0	1.0382983602797844	-Inf	0	1	1	1
AV node cell action potential	GO:0086016		6	0	1.2459580323357413	-Inf	0	1	1	1
SA node cell to atrial cardiac muscle cell signaling	GO:0086018		5	0	1.0382983602797844	-Inf	0	1	1	1
cell-cell signaling involved in cardiac conduction	GO:0086019		19	2	3.9455337690631813	-0.6794370672629231	0.4873768597596791	0.9134911356883086	1	1
atrial cardiac muscle cell to AV node cell signaling	GO:0086026		12	2	2.4919160646714826	-0.21990473788448278	0.7346935242489594	0.7000405632278557	1	1
AV node cell to bundle of His cell signaling	GO:0086027		6	0	1.2459580323357413	-Inf	0	1	1	1
bundle of His cell to Purkinje myocyte signaling	GO:0086028		5	0	1.0382983602797844	-Inf	0	1	1	1
regulation of cardiac muscle cell membrane potential	GO:0086036		5	0	1.0382983602797844	-Inf	0	1	1	1
cardiac muscle cell-cardiac muscle cell adhesion	GO:0086042		6	1	1.2459580323357413	-0.21990473788448278	0.7346935242489594	0.7526154025838886	1	1
bundle of His cell action potential	GO:0086043		5	0	1.0382983602797844	-Inf	0	1	1	1
cell communication by electrical coupling involved in cardiac conduction	GO:0086064		9	0	1.8689370485036119	-Inf	0	1	1	1
cell communication involved in cardiac conduction	GO:0086065		34	3	7.060428849902534	-0.8558935046044795	0.4130570601487032	0.9747894029083924	1	1
atrial cardiac muscle cell to AV node cell communication	GO:0086066		13	2	2.6995757367274393	-0.29994744555801905	0.6858168500062106	0.7463131700423387	1	1
AV node cell to bundle of His cell communication	GO:0086067		7	0	1.4536177043916982	-Inf	0	1	1	1
bundle of His cell to Purkinje myocyte communication	GO:0086069		13	1	2.6995757367274393	-0.9930946261179644	0.3624410396831095	0.9388339804989202	1	1
SA node cell to atrial cardiac muscle cell communication	GO:0086070		5	0	1.0382983602797844	-Inf	0	1	1	1
bundle of His cell-Purkinje myocyte adhesion involved in cell communication	GO:0086073		6	1	1.2459580323357413	-0.21990473788448278	0.7346935242489594	0.7526154025838886	1	1
regulation of heart rate by cardiac conduction	GO:0086091		32	5	6.64510950579062	-0.28444325902205386	0.6950924825045942	0.8014772670963013	1	1
endothelin receptor signaling pathway	GO:0086100		6	2	1.2459580323357413	0.4732424426754625	1.2517310839972888	0.36346143435754485	1	1
amino acid import across plasma membrane	GO:0089718		25	3	5.1914918013989215	-0.5484088048565187	0.549754965062503	0.9165140359719977	1	1
regulation of neutrophil chemotaxis	GO:0090022		19	1	3.9455337690631813	-1.3725842478228683	0.25081318682877285	0.9880268984657199	1	1
positive regulation of neutrophil chemotaxis	GO:0090023		13	1	2.6995757367274393	-0.9930946261179644	0.3624410396831095	0.9515444407761957	1	1
regulation of monocyte chemotaxis	GO:0090025		25	5	5.1914918013989215	-0.03758318109052798	0.8550494879642135	0.5771837244585964	1	1
positive regulation of monocyte chemotaxis	GO:0090026		21	4	4.360853113175095	-0.08637334525996013	0.8216351574574108	0.6214281163137048	1	1
regulation of steroid hormone biosynthetic process	GO:0090030		9	0	1.8689370485036119	-Inf	0	1	1	1
regulation of cell migration involved in sprouting angiogenesis	GO:0090049		28	5	5.814470817566793	-0.15091186639753132	0.7787800313694351	0.7196520753345008	1	1
positive regulation of cell migration involved in sprouting angiogenesis	GO:0090050		15	2	3.114895080839353	-0.4430482891986925	0.6045686331939815	0.8499280422811566	1	1
negative regulation of cell migration involved in sprouting angiogenesis	GO:0090051		13	3	2.6995757367274393	0.10551766255014523	0.9579172596729197	0.5263390908313202	1	1
positive regulation of microtubule nucleation	GO:0090063		8	1	1.661277376447655	-0.5075868103362635	0.5704932391303862	0.8447215069503783	1	1
regulation of anatomical structure size	GO:0090066		184	30	38.209379658296065	-0.2418836446032579	0.7210283675575212	0.9350161140499457	1	1
positive regulation of cell cycle process	GO:0090068		165	36	34.26384588923288	0.049428195899101635	0.9167528249457887	0.29345366218126373	1	1
relaxation of muscle	GO:0090075		10	1	2.076596720559569	-0.7307303616504734	0.46465550092064367	0.9025405781366582	1	1
regulation of inclusion body assembly	GO:0090083		15	4	3.114895080839353	0.25009889136125285	1.0687514739090234	0.38067988828058175	1	1
negative regulation of inclusion body assembly	GO:0090084		9	2	1.8689370485036119	0.0677773345672982	0.9301019182460473	0.5866424881018152	1	1
regulation of protein deubiquitination	GO:0090085		10	1	2.076596720559569	-0.7307303616504734	0.46465550092064367	0.9025405781366582	1	1
regulation of peptide transport	GO:0090087		73	9	15.159156060084852	-0.5213801324685994	0.5634157045061399	0.9785905011373854	1	1
negative regulation of canonical Wnt signaling pathway	GO:0090090		89	11	18.48171081298016	-0.5188863655901971	0.5646899647167422	0.9775759419975757	1	1
positive regulation of extracellular matrix disassembly	GO:0090091		8	1	1.661277376447655	-0.5075868103362635	0.5704932391303862	0.8447215069503783	1	1
regulation of transmembrane receptor protein serine/threonine kinase signaling pathway	GO:0090092		148	22	30.733631464281615	-0.33431508906222684	0.6655853165956661	0.9625189158620572	1	1
positive regulation of transmembrane receptor protein serine/threonine kinase signaling pathway	GO:0090100		67	9	13.913198027749111	-0.4356133107111745	0.6085962737874177	0.9550924906471849	1	1
negative regulation of transmembrane receptor protein serine/threonine kinase signaling pathway	GO:0090101		78	9	16.19745442036464	-0.5876295180098002	0.5304189204269063	0.9834597156522347	1	1
cochlea development	GO:0090102		5	0	1.0382983602797844	-Inf	0	1	1	1
regulation of cell-substrate junction assembly	GO:0090109		46	5	9.552344914574016	-0.6473487527114224	0.5020709535360993	0.974905484112176	1	1
COPII-coated vesicle cargo loading	GO:0090110		12	0	2.4919160646714826	-Inf	0	1	1	1
COPII-coated vesicle budding	GO:0090114		23	0	4.776172457287008	-Inf	0	1	1	1
tissue migration	GO:0090130		14	3	2.9072354087833965	0.03140969039642335	0.9037570637243312	0.580334678997702	1	1
epithelium migration	GO:0090132		14	3	2.9072354087833965	0.03140969039642335	0.9037570637243312	0.580334678997702	1	1
epithelial cell-cell adhesion	GO:0090136		10	3	2.076596720559569	0.3678819270176362	1.1636753669944517	0.3454178811708285	1	1
regulation of mitochondrial fission	GO:0090140		24	3	4.983832129342965	-0.5075868103362637	0.5704932391303862	0.8846910864089581	1	1
positive regulation of mitochondrial fission	GO:0090141		16	3	3.32255475289531	-0.10212170222809921	0.8110355253935493	0.6302483766769817	1	1
membrane fission	GO:0090148		8	1	1.661277376447655	-0.5075868103362635	0.5704932391303862	0.8040048847954714	1	1
establishment of protein localization to membrane	GO:0090150		119	19	24.71150097465887	-0.2628297826015167	0.7081770536404688	0.8953525724159908	1	1
establishment of protein localization to mitochondrial membrane	GO:0090151		18	6	3.7378740970072237	0.47324244267546267	1.2517310839972888	0.15227636513065004	1	1
regulation of sphingolipid biosynthetic process	GO:0090153		9	3	1.8689370485036119	0.47324244267546267	1.2517310839972888	0.2821996753436965	1	1
negative regulation of sphingolipid biosynthetic process	GO:0090155		5	2	1.0382983602797844	0.6555639994694172	1.4101486239250423	0.2784677966097898	1	1
endoplasmic reticulum membrane organization	GO:0090158		8	0	1.661277376447655	-Inf	0	1	1	1
Golgi to lysosome transport	GO:0090160		10	1	2.076596720559569	-0.7307303616504734	0.46465550092064367	0.9025405781366582	1	1
Golgi ribbon formation	GO:0090161		10	0	2.076596720559569	-Inf	0	1	1	1
establishment of epithelial cell polarity	GO:0090162		15	3	3.114895080839353	-0.03758318109052809	0.8550494879642134	0.6302483766769817	1	1
regulation of spindle assembly	GO:0090169		29	3	6.02213048962275	-0.6968288099747922	0.47956777382318216	0.9165140359719977	1	1
organelle membrane fusion	GO:0090174		44	5	9.137025570462104	-0.6028969901405886	0.5230466783723091	0.9544166508872256	1	1
regulation of cholesterol metabolic process	GO:0090181		28	7	5.814470817566793	0.1855603702236816	1.0184629095493065	0.3594512356156642	1	1
regulation of release of cytochrome c from mitochondria	GO:0090199		34	7	7.060428849902534	-0.008595644217275787	0.875308628479267	0.5434914917371221	1	1
positive regulation of release of cytochrome c from mitochondria	GO:0090200		18	4	3.7378740970072237	0.0677773345672982	0.9301019182460473	0.5316813120771371	1	1
negative regulation of release of cytochrome c from mitochondria	GO:0090201		15	3	3.114895080839353	-0.03758318109052809	0.8550494879642134	0.6302483766769817	1	1
positive regulation of cholesterol metabolic process	GO:0090205		16	5	3.32255475289531	0.4087039215378914	1.197459414183245	0.22519902074631304	1	1
regulation of triglyceride metabolic process	GO:0090207		20	2	4.153193441119138	-0.7307303616504734	0.46465550092064367	0.9283279489376746	1	1
positive regulation of triglyceride metabolic process	GO:0090208		11	1	2.284256392615526	-0.8260405414547983	0.4248799167694929	0.9025405781366582	1	1
negative regulation of triglyceride metabolic process	GO:0090209		5	1	1.0382983602797844	-0.03758318109052809	0.8550494879642134	0.687756407879498	1	1
regulation of spindle organization	GO:0090224		41	5	8.514046554294232	-0.5322794229266352	0.5578739387447885	0.9078650078447374	1	1
regulation of spindle checkpoint	GO:0090231		17	4	3.530214424951267	0.1249357484072468	0.9724140606384994	0.43250684412533813	1	1
positive regulation of spindle checkpoint	GO:0090232		7	2	1.4536177043916982	0.3190917628482042	1.123880732467684	0.36346143435754485	1	1
negative regulation of spindle checkpoint	GO:0090233		5	1	1.0382983602797844	-0.03758318109052809	0.8550494879642134	0.687756407879498	1	1
regulation of metaphase plate congression	GO:0090235		12	3	2.4919160646714826	0.1855603702236816	1.0184629095493065	0.4686775291554418	1	1
regulation of muscle system process	GO:0090257		102	15	21.1812865497076	-0.3450678808384886	0.6593487065289835	0.9491988212957407	1	1
positive regulation of canonical Wnt signaling pathway	GO:0090263		65	12	13.497878683637197	-0.11762588876406445	0.8006896728100366	0.7022624380970732	1	1
regulation of mitotic cell cycle spindle assembly checkpoint	GO:0090266		17	4	3.530214424951267	0.1249357484072468	0.9724140606384994	0.43250684412533813	1	1
positive regulation of mitotic cell cycle spindle assembly checkpoint	GO:0090267		7	2	1.4536177043916982	0.3190917628482042	1.123880732467684	0.36346143435754485	1	1
regulation of peptide hormone secretion	GO:0090276		72	8	14.951496388028895	-0.6253698459926471	0.5123516935775311	0.9896272421872512	1	1
positive regulation of peptide hormone secretion	GO:0090277		30	4	6.229790161678706	-0.4430482891986925	0.6045686331939815	0.8964686132256037	1	1
negative regulation of peptide hormone secretion	GO:0090278		11	3	2.284256392615526	0.27257174721331123	1.0865570588453881	0.40803498456474274	1	1
regulation of calcium ion import	GO:0090279		18	1	3.7378740970072237	-1.3185170265525925	0.26443900870457454	0.9848848484905597	1	1
positive regulation of calcium ion import	GO:0090280		7	1	1.4536177043916982	-0.37405541771174117	0.6427576439377599	0.8040048847954714	1	1
regulation of cellular response to growth factor stimulus	GO:0090287		164	19	34.05618621717693	-0.5835727173141857	0.5323923686913642	0.9991364913247729	1	1
negative regulation of cellular response to growth factor stimulus	GO:0090288		57	9	11.836601307189543	-0.2739719591547585	0.7014093242688045	0.8499640768582111	1	1
positive regulation of wound healing	GO:0090303		43	5	8.929365898406147	-0.5799074719158899	0.5341806011287427	0.9606331411534976	1	1
mitotic spindle assembly	GO:0090307		38	4	7.891067538126363	-0.6794370672629231	0.4873768597596791	0.9644376076734115	1	1
regulation of protein deacetylation	GO:0090311		7	1	1.4536177043916982	-0.37405541771174117	0.6427576439377599	0.7526154025838886	1	1
regulation of protein targeting to membrane	GO:0090313		14	1	2.9072354087833965	-1.0672025982716864	0.3375241858610443	0.9515444407761957	1	1
positive regulation of protein targeting to membrane	GO:0090314		10	1	2.076596720559569	-0.7307303616504734	0.46465550092064367	0.8769813843064487	1	1
positive regulation of intracellular protein transport	GO:0090316		57	19	11.836601307189543	0.4732424426754625	1.2517310839972888	0.018389308557832513	1	1
negative regulation of intracellular protein transport	GO:0090317		24	2	4.983832129342965	-0.9130519184444281	0.39123986519130494	0.9727458938927118	1	1
regulation of superoxide metabolic process	GO:0090322		17	1	3.530214424951267	-1.2613586127126437	0.2796111962732416	0.9759117881171515	1	1
regulation of DNA-templated DNA replication	GO:0090329		22	2	4.568512785231052	-0.8260405414547983	0.4248799167694929	0.9596879464758464	1	1
regulation of platelet aggregation	GO:0090330		18	1	3.7378740970072237	-1.3185170265525925	0.26443900870457454	0.9848848484905597	1	1
negative regulation of platelet aggregation	GO:0090331		5	1	1.0382983602797844	-0.03758318109052809	0.8550494879642134	0.687756407879498	1	1
phagosome maturation	GO:0090382		14	3	2.9072354087833965	0.03140969039642335	0.9037570637243312	0.580334678997702	1	1
phagosome acidification	GO:0090383		5	1	1.0382983602797844	-0.03758318109052809	0.8550494879642134	0.687756407879498	1	1
phagosome-lysosome fusion	GO:0090385		6	0	1.2459580323357413	-Inf	0	1	1	1
cellular senescence	GO:0090398		42	6	8.72170622635019	-0.37405541771174117	0.6427576439377599	0.8947729831217307	1	1
replicative senescence	GO:0090399		9	2	1.8689370485036119	0.0677773345672982	0.9301019182460473	0.5866424881018152	1	1
stress-induced premature senescence	GO:0090400		7	1	1.4536177043916982	-0.37405541771174117	0.6427576439377599	0.8040048847954714	1	1
protein localization to nuclear envelope	GO:0090435		5	2	1.0382983602797844	0.6555639994694172	1.4101486239250423	0.2784677966097898	1	1
pyrimidine nucleotide-sugar transmembrane transport	GO:0090481		7	2	1.4536177043916982	0.3190917628482042	1.123880732467684	0.4442785093143923	1	1
catecholamine uptake	GO:0090493		8	1	1.661277376447655	-0.5075868103362635	0.5704932391303862	0.8447215069503783	1	1
dopamine uptake	GO:0090494		8	1	1.661277376447655	-0.5075868103362635	0.5704932391303862	0.8447215069503783	1	1
epiboly	GO:0090504		17	1	3.530214424951267	-1.2613586127126437	0.2796111962732416	0.9809185311126569	1	1
epiboly involved in wound healing	GO:0090505		16	0	3.32255475289531	-Inf	0	1	1	1
sphingolipid mediated signaling pathway	GO:0090520		7	2	1.4536177043916982	0.3190917628482042	1.123880732467684	0.4442785093143923	1	1
establishment of endothelial intestinal barrier	GO:0090557		10	1	2.076596720559569	-0.7307303616504734	0.46465550092064367	0.9025405781366582	1	1
regulation of membrane permeability	GO:0090559		43	10	8.929365898406147	0.11323970864405548	0.9636673145909258	0.37077227330994034	1	1
inflammatory response to wounding	GO:0090594		7	2	1.4536177043916982	0.3190917628482042	1.123880732467684	0.4442785093143923	1	1
sensory organ morphogenesis	GO:0090596		26	5	5.399151473454879	-0.07680389424380936	0.828120501226785	0.616237770777419	1	1
ubiquitin-independent protein catabolic process via the multivesicular body sorting pathway	GO:0090611		5	0	1.0382983602797844	-Inf	0	1	1	1
activation of GTPase activity	GO:0090630		17	3	3.530214424951267	-0.16274632404453418	0.771090171362034	0.7172018988421163	1	1
mitochondrial tRNA processing	GO:0090646		13	5	2.6995757367274393	0.616343286316136	1.3754867514069333	0.11278616204544985	1	1
t-circle formation	GO:0090656		10	1	2.076596720559569	-0.7307303616504734	0.46465550092064367	0.9025405781366582	1	1
telomeric loop disassembly	GO:0090657		10	2	2.076596720559569	-0.03758318109052809	0.8550494879642134	0.6469486398345623	1	1
scaRNA localization to Cajal body	GO:0090666		5	1	1.0382983602797844	-0.03758318109052809	0.8550494879642134	0.687756407879498	1	1
RNA localization to Cajal body	GO:0090670		5	1	1.0382983602797844	-0.03758318109052809	0.8550494879642134	0.687756407879498	1	1
RNA localization to nucleus	GO:0090685		5	1	1.0382983602797844	-0.03758318109052809	0.8550494879642134	0.687756407879498	1	1
telomere maintenance via telomere trimming	GO:0090737		10	1	2.076596720559569	-0.7307303616504734	0.46465550092064367	0.9025405781366582	1	1
acetylcholine receptor signaling pathway	GO:0095500		13	1	2.6995757367274393	-0.9930946261179644	0.3624410396831095	0.9388339804989202	1	1
regulation of plasma lipoprotein particle levels	GO:0097006		46	13	9.552344914574016	0.30816269231601395	1.1150568057285526	0.10817840436113546	1	1
energy homeostasis	GO:0097009		9	2	1.8689370485036119	0.0677773345672982	0.9301019182460473	0.5866424881018152	1	1
cellular response to granulocyte macrophage colony-stimulating factor stimulus	GO:0097011		7	2	1.4536177043916982	0.3190917628482042	1.123880732467684	0.4442785093143923	1	1
response to granulocyte macrophage colony-stimulating factor	GO:0097012		7	2	1.4536177043916982	0.3190917628482042	1.123880732467684	0.4442785093143923	1	1
dendritic cell differentiation	GO:0097028		9	2	1.8689370485036119	0.0677773345672982	0.9301019182460473	0.5866424881018152	1	1
regulation of membrane lipid distribution	GO:0097035		31	6	6.4374498337346635	-0.07037300391351901	0.8324976266966551	0.6130339725169629	1	1
dendritic spine organization	GO:0097061		6	0	1.2459580323357413	-Inf	0	1	1	1
craniofacial suture morphogenesis	GO:0097094		8	1	1.661277376447655	-0.5075868103362635	0.5704932391303862	0.8447215069503783	1	1
ammonium ion metabolic process	GO:0097164		12	1	2.4919160646714826	-0.9130519184444281	0.39123986519130494	0.9388339804989202	1	1
epoxide metabolic process	GO:0097176		5	1	1.0382983602797844	-0.03758318109052809	0.8550494879642134	0.687756407879498	1	1
amelogenesis	GO:0097186		6	1	1.2459580323357413	-0.21990473788448278	0.7346935242489594	0.7526154025838886	1	1
apoptotic signaling pathway	GO:0097190		184	31	38.209379658296065	-0.20909382178026703	0.7414826165849107	0.9124446635728317	1	1
extrinsic apoptotic signaling pathway	GO:0097191		57	6	11.836601307189543	-0.6794370672629231	0.4873768597596791	0.9868042050504346	1	1
intrinsic apoptotic signaling pathway	GO:0097193		97	20	20.142988189427818	-0.007123973605819582	0.8763451591726157	0.513207390542149	1	1
execution phase of apoptosis	GO:0097194		31	7	6.4374498337346635	0.08377767591373922	0.9418358877123467	0.4714932888884177	1	1
renal filtration	GO:0097205		6	2	1.2459580323357413	0.4732424426754625	1.2517310839972888	0.36346143435754485	1	1
lysosomal membrane organization	GO:0097212		5	1	1.0382983602797844	-0.03758318109052809	0.8550494879642134	0.6058986856255562	1	1
cellular response to toxic substance	GO:0097237		44	8	9.137025570462104	-0.13289336089485304	0.7905889481542714	0.7207078205493371	1	1
amyloid-beta clearance	GO:0097242		16	5	3.32255475289531	0.4087039215378914	1.197459414183245	0.22519902074631304	1	1
self proteolysis	GO:0097264		6	2	1.2459580323357413	0.4732424426754625	1.2517310839972888	0.36346143435754485	1	1
omega-hydroxylase P450 pathway	GO:0097267		12	1	2.4919160646714826	-0.9130519184444281	0.39123986519130494	0.9388339804989202	1	1
programmed necrotic cell death	GO:0097300		14	2	2.9072354087833965	-0.37405541771174117	0.6427576439377599	0.8206374202006002	1	1
response to alcohol	GO:0097305		64	15	13.29021901158124	0.12102184908611055	0.9694820796220266	0.320993755793134	1	1
cellular response to alcohol	GO:0097306		41	10	8.514046554294232	0.1608677576333101	0.9995647220412177	0.3103225027493976	1	1
plasma membrane tubulation	GO:0097320		11	2	2.284256392615526	-0.13289336089485304	0.7905889481542714	0.6469486398345623	1	1
mitochondrial outer membrane permeabilization	GO:0097345		6	1	1.2459580323357413	-0.21990473788448278	0.7346935242489594	0.7526154025838886	1	1
autophagosome maturation	GO:0097352		38	2	7.891067538126363	-1.3725842478228683	0.25081318682877285	0.9963993714465517	1	1
prenylation	GO:0097354		8	1	1.661277376447655	-0.5075868103362635	0.5704932391303862	0.8447215069503783	1	1
synaptic vesicle localization	GO:0097479		5	0	1.0382983602797844	-Inf	0	1	1	1
neuron projection guidance	GO:0097485		35	5	7.26808852195849	-0.374055417711741	0.6427576439377599	0.8797691670302257	1	1
regulation of vesicle size	GO:0097494		6	1	1.2459580323357413	-0.21990473788448278	0.7346935242489594	0.7526154025838886	1	1
stress response to metal ion	GO:0097501		5	0	1.0382983602797844	-Inf	0	1	1	1
mannosylation	GO:0097502		15	3	3.114895080839353	-0.03758318109052809	0.8550494879642134	0.6302483766769817	1	1
sialylation	GO:0097503		8	1	1.661277376447655	-0.5075868103362635	0.5704932391303862	0.8447215069503783	1	1
necroptotic signaling pathway	GO:0097527		8	0	1.661277376447655	-Inf	0	1	1	1
myeloid leukocyte migration	GO:0097529		66	8	13.705538355693154	-0.5383584690030173	0.5548024744357416	0.9654092363270842	1	1
granulocyte migration	GO:0097530		41	5	8.514046554294232	-0.5322794229266352	0.5578739387447885	0.9300366334437853	1	1
calcium ion transmembrane import into cytosol	GO:0097553		45	3	9.344685242518059	-1.1361954697586378	0.3157645429162462	0.9972607160061958	1	1
lamellipodium organization	GO:0097581		19	2	3.9455337690631813	-0.6794370672629231	0.4873768597596791	0.9283279489376746	1	1
potassium ion export across plasma membrane	GO:0097623		8	1	1.661277376447655	-0.5075868103362635	0.5704932391303862	0.8040048847954714	1	1
calcitonin family receptor signaling pathway	GO:0097646		10	2	2.076596720559569	-0.03758318109052809	0.8550494879642134	0.6469486398345623	1	1
amylin receptor signaling pathway	GO:0097647		6	1	1.2459580323357413	-0.21990473788448278	0.7346935242489594	0.7526154025838886	1	1
double-strand break repair via classical nonhomologous end joining	GO:0097680		9	1	1.8689370485036119	-0.6253698459926471	0.5123516935775311	0.8769813843064487	1	1
double-strand break repair via alternative nonhomologous end joining	GO:0097681		8	1	1.661277376447655	-0.5075868103362635	0.5704932391303862	0.8447215069503783	1	1
receptor signaling pathway via STAT	GO:0097696		55	4	11.421281963077629	-1.049184092769008	0.3434323890496411	0.9983953172133664	1	1
vascular endothelial cell response to fluid shear stress	GO:0097699		13	4	2.6995757367274393	0.39319973500192623	1.1845771521468593	0.27647232356917906	1	1
calcineurin-mediated signaling	GO:0097720		13	4	2.6995757367274393	0.39319973500192623	1.1845771521468593	0.22610735079264685	1	1
sperm motility	GO:0097722		37	8	7.683407866070404	0.0403783603791838	0.9102116304041197	0.4798242588450581	1	1
extracellular exosome biogenesis	GO:0097734		5	0	1.0382983602797844	-Inf	0	1	1	1
blood vessel diameter maintenance	GO:0097746		44	9	9.137025570462104	-0.015110325238469651	0.8707294362558359	0.5497131552699791	1	1
membrane tubulation	GO:0097749		5	1	1.0382983602797844	-0.03758318109052809	0.8550494879642134	0.687756407879498	1	1
centriole assembly	GO:0098534		26	6	5.399151473454879	0.10551766255014523	0.9579172596729197	0.4615194383436598	1	1
detection of other organism	GO:0098543		15	1	3.114895080839353	-1.1361954697586378	0.3157645429162462	0.969591795111742	1	1
detection of external biotic stimulus	GO:0098581		21	3	4.360853113175095	-0.37405541771174117	0.6427576439377599	0.8424435316084549	1	1
cellular response to virus	GO:0098586		27	2	5.606811145510836	-1.0308349541008115	0.34954724972226403	0.9849944588960549	1	1
imitative learning	GO:0098596		6	0	1.2459580323357413	-Inf	0	1	1	1
observational learning	GO:0098597		6	0	1.2459580323357413	-Inf	0	1	1	1
learned vocalization behavior or vocal learning	GO:0098598		9	0	1.8689370485036119	-Inf	0	1	1	1
cell-cell adhesion	GO:0098609		169	21	35.09448457745672	-0.5135215458560785	0.5674392327667976	0.9967695654208071	1	1
monoatomic anion transmembrane transport	GO:0098656		38	0	7.891067538126363	-Inf	0	1	1	1
inorganic cation import across plasma membrane	GO:0098659		38	6	7.891067538126363	-0.2739719591547587	0.7014093242688044	0.809889536653198	1	1
inorganic anion transmembrane transport	GO:0098661		50	5	10.382983602797843	-0.7307303616504733	0.4646555009206437	0.9842308233380241	1	1
G protein-coupled serotonin receptor signaling pathway	GO:0098664		13	0	2.6995757367274393	-Inf	0	1	1	1
calcium ion import across plasma membrane	GO:0098703		6	2	1.2459580323357413	0.4732424426754625	1.2517310839972888	0.2784677966097898	1	1
carbohydrate import across plasma membrane	GO:0098704		6	1	1.2459580323357413	-0.21990473788448278	0.7346935242489594	0.7526154025838886	1	1
glucose import across plasma membrane	GO:0098708		5	0	1.0382983602797844	-Inf	0	1	1	1
sodium ion import across plasma membrane	GO:0098719		13	2	2.6995757367274393	-0.29994744555801905	0.6858168500062106	0.7863084571716146	1	1
maintenance of cell number	GO:0098727		15	3	3.114895080839353	-0.03758318109052809	0.8550494879642134	0.6302483766769817	1	1
macromolecule deacylation	GO:0098732		22	8	4.568512785231052	0.5602538196650922	1.3264517770645412	0.06780189249525295	1	1
macromolecule depalmitoylation	GO:0098734		7	3	1.4536177043916982	0.7245568709563687	1.4718161116467272	0.1614187469654273	1	1
import across plasma membrane	GO:0098739		82	16	17.028093108588465	-0.06227579368089961	0.8380303728671173	0.6326015457594021	1	1
cell-cell adhesion via plasma-membrane adhesion molecules	GO:0098742		53	7	11.005962618965716	-0.45252703315323645	0.5994645181972742	0.9077203592708015	1	1
detoxification	GO:0098754		53	9	11.005962618965716	-0.20121260487233028	0.7464598930595452	0.780459089722839	1	1
response to interleukin-7	GO:0098760		8	1	1.661277376447655	-0.5075868103362635	0.5704932391303862	0.8447215069503783	1	1
cellular response to interleukin-7	GO:0098761		8	1	1.661277376447655	-0.5075868103362635	0.5704932391303862	0.8447215069503783	1	1
skin epidermis development	GO:0098773		16	2	3.32255475289531	-0.5075868103362635	0.5704932391303862	0.8499280422811566	1	1
regulation of renal system process	GO:0098801		5	1	1.0382983602797844	-0.03758318109052809	0.8550494879642134	0.687756407879498	1	1
neurotransmitter reuptake	GO:0098810		15	2	3.114895080839353	-0.4430482891986925	0.6045686331939815	0.8499280422811566	1	1
nuclear chromosome segregation	GO:0098813		134	22	27.826396055498222	-0.23494261524902324	0.7253239714731519	0.8585667794499233	1	1
modulation of excitatory postsynaptic potential	GO:0098815		5	0	1.0382983602797844	-Inf	0	1	1	1
intestinal lipid absorption	GO:0098856		8	1	1.661277376447655	-0.5075868103362635	0.5704932391303862	0.8447215069503783	1	1
cellular oxidant detoxification	GO:0098869		16	2	3.32255475289531	-0.5075868103362635	0.5704932391303862	0.8747919000306	1	1
vesicle-mediated transport to the plasma membrane	GO:0098876		71	14	14.74383671597294	-0.05176781608248467	0.8452459112389545	0.6327688193081171	1	1
regulation of action potential	GO:0098900		32	4	6.64510950579062	-0.5075868103362635	0.5704932391303862	0.9105414052447596	1	1
regulation of cardiac muscle cell action potential	GO:0098901		22	3	4.568512785231052	-0.4205754333466341	0.6168072392922693	0.8650179970290931	1	1
regulation of membrane repolarization during action potential	GO:0098903		5	1	1.0382983602797844	-0.03758318109052809	0.8550494879642134	0.687756407879498	1	1
regulation of cardiac muscle cell action potential involved in regulation of contraction	GO:0098909		6	1	1.2459580323357413	-0.21990473788448278	0.7346935242489594	0.7526154025838886	1	1
regulation of ventricular cardiac muscle cell action potential	GO:0098911		9	1	1.8689370485036119	-0.6253698459926471	0.5123516935775311	0.8769813843064487	1	1
membrane repolarization during ventricular cardiac muscle cell action potential	GO:0098915		5	1	1.0382983602797844	-0.03758318109052809	0.8550494879642134	0.687756407879498	1	1
anterograde trans-synaptic signaling	GO:0098916		146	13	30.318312120169704	-0.8468025329032274	0.4166259347839461	0.9999633989847997	1	1
postsynaptic signal transduction	GO:0098926		14	1	2.9072354087833965	-1.0672025982716864	0.3375241858610443	0.9515444407761957	1	1
vesicle-mediated transport between endosomal compartments	GO:0098927		24	2	4.983832129342965	-0.9130519184444281	0.39123986519130494	0.9596879464758464	1	1
axonal transport	GO:0098930		13	1	2.6995757367274393	-0.9930946261179644	0.3624410396831095	0.9515444407761957	1	1
vesicle-mediated transport in synapse	GO:0099003		22	1	4.568512785231052	-1.5191877220147436	0.2171783289133837	0.9940495488315544	1	1
vesicle tethering	GO:0099022		7	3	1.4536177043916982	0.7245568709563687	1.4718161116467272	0.1614187469654273	1	1
plasma membrane invagination	GO:0099024		20	4	4.153193441119138	-0.03758318109052809	0.8550494879642134	0.6214281163137048	1	1
vesicle tethering to Golgi	GO:0099041		5	2	1.0382983602797844	0.6555639994694172	1.4101486239250423	0.2784677966097898	1	1
clearance of foreign intracellular nucleic acids	GO:0099046		6	1	1.2459580323357413	-0.21990473788448278	0.7346935242489594	0.7526154025838886	1	1
presynapse assembly	GO:0099054		11	1	2.284256392615526	-0.8260405414547983	0.4248799167694929	0.9227905796275384	1	1
microtubule-based transport	GO:0099111		67	13	13.913198027749111	-0.06788853058585703	0.8341927031631421	0.6331052052941609	1	1
tRNA 5'-end processing	GO:0099116		14	4	2.9072354087833965	0.3190917628482042	1.123880732467684	0.27647232356917906	1	1
regulation of postsynaptic neurotransmitter receptor internalization	GO:0099149		5	1	1.0382983602797844	-0.03758318109052809	0.8550494879642134	0.687756407879498	1	1
presynapse organization	GO:0099172		13	2	2.6995757367274393	-0.29994744555801905	0.6858168500062106	0.7863084571716146	1	1
postsynapse organization	GO:0099173		17	2	3.530214424951267	-0.5682114321526985	0.5399204070993384	0.8958039001890645	1	1
regulation of presynapse organization	GO:0099174		14	2	2.9072354087833965	-0.37405541771174117	0.6427576439377599	0.6469486398345623	1	1
regulation of postsynapse organization	GO:0099175		18	3	3.7378740970072237	-0.21990473788448264	0.7346935242489595	0.7543060161951124	1	1
regulation of trans-synaptic signaling	GO:0099177		59	10	12.251920651301456	-0.20309761956810146	0.7452672920808645	0.7923852669158011	1	1
synaptic vesicle cycle	GO:0099504		22	1	4.568512785231052	-1.5191877220147436	0.2171783289133837	0.9940495488315544	1	1
vesicle cytoskeletal trafficking	GO:0099518		13	2	2.6995757367274393	-0.29994744555801905	0.6858168500062106	0.7863084571716146	1	1
synaptic signaling	GO:0099536		163	14	33.848526545120976	-0.8828381398479315	0.4026396092706659	0.9999904817574363	1	1
trans-synaptic signaling	GO:0099537		150	13	31.148950808393533	-0.8738312052911468	0.40609536765758	0.9999801175379128	1	1
synaptic membrane adhesion	GO:0099560		9	0	1.8689370485036119	-Inf	0	1	1	1
inorganic ion import across plasma membrane	GO:0099587		38	6	7.891067538126363	-0.2739719591547587	0.7014093242688044	0.809889536653198	1	1
regulation of neurotransmitter receptor activity	GO:0099601		10	1	2.076596720559569	-0.7307303616504734	0.46465550092064367	0.8447215069503783	1	1
cardiac muscle cell membrane repolarization	GO:0099622		14	2	2.9072354087833965	-0.37405541771174117	0.6427576439377599	0.8206374202006002	1	1
regulation of cardiac muscle cell membrane repolarization	GO:0099623		19	3	3.9455337690631813	-0.2739719591547587	0.7014093242688044	0.7543060161951124	1	1
ventricular cardiac muscle cell membrane repolarization	GO:0099625		8	2	1.661277376447655	0.18556037022368177	1.0184629095493067	0.5189885297111225	1	1
signal release from synapse	GO:0099643		15	1	3.114895080839353	-1.1361954697586378	0.3157645429162462	0.961614211589703	1	1
mitotic nuclear membrane organization	GO:0101024		10	3	2.076596720559569	0.3678819270176362	1.1636753669944517	0.3454178811708285	1	1
cellular response to environmental stimulus	GO:0104004		169	28	35.09448457745672	-0.22583947340429747	0.7309855113103745	0.9185119354470979	1	1
regulation of inflammatory response to wounding	GO:0106014		6	0	1.2459580323357413	-Inf	0	1	1	1
negative regulation of inflammatory response to wounding	GO:0106015		6	0	1.2459580323357413	-Inf	0	1	1	1
neuron projection organization	GO:0106027		11	0	2.284256392615526	-Inf	0	1	1	1
regulation of cellular response to osmotic stress	GO:0106049		7	1	1.4536177043916982	-0.37405541771174117	0.6427576439377599	0.8040048847954714	1	1
regulation of calcineurin-mediated signaling	GO:0106056		20	5	4.153193441119138	0.1855603702236816	1.0184629095493065	0.3582828091064613	1	1
negative regulation of calcineurin-mediated signaling	GO:0106057		8	3	1.661277376447655	0.591025478331846	1.353273052440545	0.22014844812420312	1	1
positive regulation of calcineurin-mediated signaling	GO:0106058		11	2	2.284256392615526	-0.13289336089485304	0.7905889481542714	0.6469486398345623	1	1
regulation of adenylate cyclase-activating G protein-coupled receptor signaling pathway	GO:0106070		10	3	2.076596720559569	0.3678819270176362	1.1636753669944517	0.3454178811708285	1	1
negative regulation of adenylate cyclase-activating G protein-coupled receptor signaling pathway	GO:0106072		9	2	1.8689370485036119	0.0677773345672982	0.9301019182460473	0.5866424881018152	1	1
regulation of sterol biosynthetic process	GO:0106118		17	5	3.530214424951267	0.3480792997214565	1.1474455497580873	0.2682404361592198	1	1
positive regulation of sterol biosynthetic process	GO:0106120		9	3	1.8689370485036119	0.47324244267546267	1.2517310839972888	0.2821996753436965	1	1
protein-DNA covalent cross-linking repair	GO:0106300		8	2	1.661277376447655	0.18556037022368177	1.0184629095493067	0.5189885297111225	1	1
regulation of actomyosin structure organization	GO:0110020		62	9	12.874899667469327	-0.35805507636529993	0.6518754786505593	0.9202008066900254	1	1
DNA strand resection involved in replication fork processing	GO:0110025		6	0	1.2459580323357413	-Inf	0	1	1	1
regulation of actin filament organization	GO:0110053		134	22	27.826396055498222	-0.23494261524902324	0.7253239714731519	0.8936116657076498	1	1
regulation of ferroptosis	GO:0110075		15	5	3.114895080839353	0.4732424426754625	1.2517310839972888	0.18446256055810342	1	1
negative regulation of ferroptosis	GO:0110076		11	3	2.284256392615526	0.27257174721331123	1.0865570588453881	0.40803498456474274	1	1
cellular detoxification of aldehyde	GO:0110095		5	1	1.0382983602797844	-0.03758318109052809	0.8550494879642134	0.687756407879498	1	1
cellular response to aldehyde	GO:0110096		5	1	1.0382983602797844	-0.03758318109052809	0.8550494879642134	0.687756407879498	1	1
regulation of calcium import into the mitochondrion	GO:0110097		6	1	1.2459580323357413	-0.21990473788448278	0.7346935242489594	0.7526154025838886	1	1
positive regulation of animal organ morphogenesis	GO:0110110		5	0	1.0382983602797844	-Inf	0	1	1	1
RNA decapping	GO:0110154		9	3	1.8689370485036119	0.47324244267546267	1.2517310839972888	0.22014844812420312	1	1
methylguanosine-cap decapping	GO:0110156		6	1	1.2459580323357413	-0.21990473788448278	0.7346935242489594	0.687756407879498	1	1
regulation of plasma membrane bounded cell projection assembly	GO:0120032		140	22	29.07235408783396	-0.2787452379074161	0.6985246119578502	0.9428566800917875	1	1
negative regulation of plasma membrane bounded cell projection assembly	GO:0120033		29	6	6.02213048962275	-0.0036816294148469112	0.8787726794625421	0.5773061328048694	1	1
positive regulation of plasma membrane bounded cell projection assembly	GO:0120034		58	4	12.0442609792455	-1.1022939180829565	0.3262878439592867	0.9988870059655306	1	1
plasma membrane bounded cell projection morphogenesis	GO:0120039		81	8	16.820433436532507	-0.7431528816490306	0.459292856338234	0.9971842160571964	1	1
regulation of macrophage proliferation	GO:0120040		5	1	1.0382983602797844	-0.03758318109052809	0.8550494879642134	0.687756407879498	1	1
positive regulation of macrophage proliferation	GO:0120041		5	1	1.0382983602797844	-0.03758318109052809	0.8550494879642134	0.687756407879498	1	1
steroid hormone biosynthetic process	GO:0120178		26	2	5.399151473454879	-0.9930946261179644	0.3624410396831095	0.9776356206684261	1	1
negative regulation of protein localization to chromatin	GO:0120186		5	0	1.0382983602797844	-Inf	0	1	1	1
tight junction assembly	GO:0120192		21	1	4.360853113175095	-1.4726677063798508	0.2273493330185462	0.9905159401782357	1	1
tight junction organization	GO:0120193		21	1	4.360853113175095	-1.4726677063798508	0.2273493330185462	0.9905159401782357	1	1
hydrocarbon metabolic process	GO:0120252		5	0	1.0382983602797844	-Inf	0	1	1	1
olefinic compound metabolic process	GO:0120254		77	11	15.98979474830868	-0.37405541771174117	0.6427576439377599	0.9381711747174468	1	1
olefinic compound biosynthetic process	GO:0120255		8	0	1.661277376447655	-Inf	0	1	1	1
sperm flagellum assembly	GO:0120316		16	6	3.32255475289531	0.591025478331846	1.353273052440545	0.07136976970076461	1	1
meiotic nuclear division	GO:0140013		28	4	5.814470817566793	-0.37405541771174117	0.6427576439377599	0.8191190934479378	1	1
mitotic nuclear division	GO:0140014		125	22	25.95745900699461	-0.1654165526004131	0.7693623711887542	0.7635463950110624	1	1
exocytic process	GO:0140029		11	2	2.284256392615526	-0.13289336089485304	0.7905889481542714	0.7000405632278557	1	1
lipid droplet formation	GO:0140042		13	5	2.6995757367274393	0.616343286316136	1.3754867514069333	0.11278616204544985	1	1
cellular response to oxidised low-density lipoprotein particle stimulus	GO:0140052		8	4	1.661277376447655	0.8787075507836271	1.6124283013649319	0.06353591170080096	1	1
mitochondrial gene expression	GO:0140053		48	10	9.96766425868593	0.003238813429726966	0.8836656273277367	0.5232144380282379	1	1
organelle localization by membrane tethering	GO:0140056		24	4	4.983832129342965	-0.21990473788448278	0.7346935242489594	0.7652001365042725	1	1
interleukin-10-mediated signaling pathway	GO:0140105		6	0	1.2459580323357413	-Inf	0	1	1	1
extracellular vesicle biogenesis	GO:0140112		6	1	1.2459580323357413	-0.21990473788448278	0.7346935242489594	0.7526154025838886	1	1
export across plasma membrane	GO:0140115		35	6	7.26808852195849	-0.19173386091778638	0.7524772743438592	0.7373666622349946	1	1
positive regulation of lymphocyte chemotaxis	GO:0140131		13	1	2.6995757367274393	-0.9930946261179644	0.3624410396831095	0.9515444407761957	1	1
regulation of long-chain fatty acid import into cell	GO:0140212		5	1	1.0382983602797844	-0.03758318109052809	0.8550494879642134	0.687756407879498	1	1
presynaptic endocytosis	GO:0140238		9	0	1.8689370485036119	-Inf	0	1	1	1
cell-cell fusion	GO:0140253		14	2	2.9072354087833965	-0.37405541771174117	0.6427576439377599	0.7463131700423387	1	1
hexose import across plasma membrane	GO:0140271		6	1	1.2459580323357413	-0.21990473788448278	0.7346935242489594	0.7526154025838886	1	1
export from cell	GO:0140352		167	22	34.6791652333448	-0.455096627714867	0.5980867592660095	0.9938738392463808	1	1
lipid import into cell	GO:0140354		7	2	1.4536177043916982	0.3190917628482042	1.123880732467684	0.4442785093143923	1	1
cyclic-GMP-AMP transmembrane import across plasma membrane	GO:0140361		6	2	1.2459580323357413	0.4732424426754625	1.2517310839972888	0.36346143435754485	1	1
antibacterial innate immune response	GO:0140367		6	2	1.2459580323357413	0.4732424426754625	1.2517310839972888	0.2784677966097898	1	1
antiviral innate immune response	GO:0140374		52	9	10.798302946909757	-0.1821644099016357	0.7585867448476872	0.7379545915994301	1	1
signaling receptor ligand precursor processing	GO:0140448		27	1	5.606811145510836	-1.723982134660757	0.17742219927851477	0.9981450833961732	1	1
integrated stress response signaling	GO:0140467		15	3	3.114895080839353	-0.03758318109052809	0.8550494879642134	0.6302483766769817	1	1
HRI-mediated signaling	GO:0140468		7	2	1.4536177043916982	0.3190917628482042	1.123880732467684	0.4442785093143923	1	1
negative regulation of mitotic spindle assembly checkpoint signaling	GO:0140499		5	1	1.0382983602797844	-0.03758318109052809	0.8550494879642134	0.687756407879498	1	1
granzyme-mediated programmed cell death signaling pathway	GO:0140507		8	2	1.661277376447655	0.18556037022368177	1.0184629095493067	0.5189885297111225	1	1
reciprocal homologous recombination	GO:0140527		18	2	3.7378740970072237	-0.6253698459926471	0.5123516935775311	0.8747919000306	1	1
ubiquitin-dependent protein catabolic process via the C-end degron rule pathway	GO:0140627		12	2	2.4919160646714826	-0.21990473788448278	0.7346935242489594	0.7000405632278557	1	1
canonical inflammasome complex assembly	GO:0140632		5	2	1.0382983602797844	0.6555639994694172	1.4101486239250423	0.2784677966097898	1	1
transcription elongation-coupled chromatin remodeling	GO:0140673		6	0	1.2459580323357413	-Inf	0	1	1	1
non-membrane-bounded organelle assembly	GO:0140694		195	46	40.49363605091159	0.12749656926892058	0.9743351457006089	0.14780603179779428	1	1
facultative heterochromatin formation	GO:0140718		5	2	1.0382983602797844	0.6555639994694172	1.4101486239250423	0.2784677966097898	1	1
constitutive heterochromatin formation	GO:0140719		19	4	3.9455337690631813	0.013710113297022255	0.8911012527496509	0.5779209128693176	1	1
DNA repair-dependent chromatin remodeling	GO:0140861		21	4	4.360853113175095	-0.08637334525996013	0.8216351574574108	0.6214281163137048	1	1
interferon-mediated signaling pathway	GO:0140888		23	1	4.776172457287008	-1.5636394845855774	0.20787237682516796	0.9952867781158317	1	1
endolysosomal toll-like receptor signaling pathway	GO:0140894		17	2	3.530214424951267	-0.5682114321526985	0.5399204070993384	0.8958039001890645	1	1
cell surface toll-like receptor signaling pathway	GO:0140895		27	2	5.606811145510836	-1.0308349541008115	0.34954724972226403	0.9776356206684261	1	1
cGAS/STING signaling pathway	GO:0140896		5	1	1.0382983602797844	-0.03758318109052809	0.8550494879642134	0.687756407879498	1	1
multicellular organismal-level chemical homeostasis	GO:0140962		35	5	7.26808852195849	-0.374055417711741	0.6427576439377599	0.8631598169542691	1	1
retrotransposon silencing by heterochromatin formation	GO:0141005		5	1	1.0382983602797844	-0.03758318109052809	0.8550494879642134	0.687756407879498	1	1
disruption of anatomical structure in another organism	GO:0141060		86	9	17.858731796812293	-0.6852679875737162	0.48474662441434924	0.9834597156522347	1	1
disruption of cell in another organism	GO:0141061		82	9	17.028093108588465	-0.6376399385844614	0.5065905363549843	0.9724365884989292	1	1
inflammasome-mediated signaling pathway	GO:0141084		5	2	1.0382983602797844	0.6555639994694172	1.4101486239250423	0.2784677966097898	1	1
regulation of inflammasome-mediated signaling pathway	GO:0141085		38	6	7.891067538126363	-0.2739719591547587	0.7014093242688044	0.809889536653198	1	1
negative regulation of inflammasome-mediated signaling pathway	GO:0141086		21	4	4.360853113175095	-0.08637334525996013	0.8216351574574108	0.6214281163137048	1	1
positive regulation of inflammasome-mediated signaling pathway	GO:0141087		17	2	3.530214424951267	-0.5682114321526985	0.5399204070993384	0.8958039001890645	1	1
regulation of protein localization to lysosome	GO:0150031		5	1	1.0382983602797844	-0.03758318109052809	0.8550494879642134	0.687756407879498	1	1
visual system development	GO:0150063		53	4	11.005962618965716	-1.0121428210886592	0.3558796026599307	0.9967002550875584	1	1
neuroinflammatory response	GO:0150076		7	1	1.4536177043916982	-0.37405541771174117	0.6427576439377599	0.8040048847954714	1	1
regulation of neuroinflammatory response	GO:0150077		14	2	2.9072354087833965	-0.37405541771174117	0.6427576439377599	0.8206374202006002	1	1
positive regulation of neuroinflammatory response	GO:0150078		9	1	1.8689370485036119	-0.6253698459926471	0.5123516935775311	0.8769813843064487	1	1
amyloid-beta clearance by transcytosis	GO:0150093		7	1	1.4536177043916982	-0.37405541771174117	0.6427576439377599	0.8040048847954714	1	1
amyloid-beta clearance by cellular catabolic process	GO:0150094		6	2	1.2459580323357413	0.4732424426754625	1.2517310839972888	0.36346143435754485	1	1
transport across blood-brain barrier	GO:0150104		15	3	3.114895080839353	-0.03758318109052809	0.8550494879642134	0.580334678997702	1	1
protein localization to cell-cell junction	GO:0150105		12	0	2.4919160646714826	-Inf	0	1	1	1
regulation of protein localization to cell-cell junction	GO:0150106		6	3	1.2459580323357413	0.878707550783627	1.6124283013649316	0.1084805211142787	1	1
cell-substrate junction organization	GO:0150115		21	4	4.360853113175095	-0.08637334525996013	0.8216351574574108	0.661983562527506	1	1
regulation of cell-substrate junction organization	GO:0150116		47	5	9.760004586629973	-0.668854957932386	0.49218153744509513	0.9784732102404397	1	1
positive regulation of cell-substrate junction organization	GO:0150117		17	3	3.530214424951267	-0.16274632404453418	0.771090171362034	0.7172018988421163	1	1
negative regulation of cell-substrate junction organization	GO:0150118		12	0	2.4919160646714826	-Inf	0	1	1	1
negative regulation of cGAS/STING signaling pathway	GO:0160049		15	6	3.114895080839353	0.6555639994694172	1.4101486239250423	0.07136976970076461	1	1
multi-pass transmembrane protein insertion into ER membrane	GO:0160063		9	3	1.8689370485036119	0.47324244267546267	1.2517310839972888	0.2821996753436965	1	1
lipid droplet fusion	GO:0160077		5	0	1.0382983602797844	-Inf	0	1	1	1
co-transcriptional mRNA 3'-end processing, cleavage and polyadenylation pathway	GO:0180010		8	1	1.661277376447655	-0.5075868103362635	0.5704932391303862	0.8447215069503783	1	1
co-transcriptional RNA 3'-end processing, cleavage and polyadenylation pathway	GO:0180012		10	2	2.076596720559569	-0.03758318109052809	0.8550494879642134	0.6469486398345623	1	1
regulation of cytokine production involved in inflammatory response	GO:1900015		33	5	6.852769177846577	-0.31521491768880766	0.6767731147053067	0.8446608236131994	1	1
negative regulation of cytokine production involved in inflammatory response	GO:1900016		16	3	3.32255475289531	-0.10212170222809921	0.8110355253935493	0.6758810380350535	1	1
positive regulation of cytokine production involved in inflammatory response	GO:1900017		14	2	2.9072354087833965	-0.37405541771174117	0.6427576439377599	0.8206374202006002	1	1
regulation of substrate adhesion-dependent cell spreading	GO:1900024		42	7	8.72170622635019	-0.21990473788448278	0.7346935242489594	0.7982594842173442	1	1
negative regulation of substrate adhesion-dependent cell spreading	GO:1900025		10	1	2.076596720559569	-0.7307303616504734	0.46465550092064367	0.9025405781366582	1	1
positive regulation of substrate adhesion-dependent cell spreading	GO:1900026		29	5	6.02213048962275	-0.18600318620880152	0.7561317767125373	0.7493074800281739	1	1
regulation of ruffle assembly	GO:1900027		13	0	2.6995757367274393	-Inf	0	1	1	1
positive regulation of ruffle assembly	GO:1900029		7	0	1.4536177043916982	-Inf	0	1	1	1
regulation of cellular response to heat	GO:1900034		15	1	3.114895080839353	-1.1361954697586378	0.3157645429162462	0.969591795111742	1	1
regulation of cellular response to hypoxia	GO:1900037		10	1	2.076596720559569	-0.7307303616504734	0.46465550092064367	0.9025405781366582	1	1
negative regulation of cellular response to hypoxia	GO:1900038		6	0	1.2459580323357413	-Inf	0	1	1	1
regulation of protein K63-linked ubiquitination	GO:1900044		11	1	2.284256392615526	-0.8260405414547983	0.4248799167694929	0.9227905796275384	1	1
regulation of hemostasis	GO:1900046		46	6	9.552344914574016	-0.4650271959174678	0.5927859106230471	0.9370697213348268	1	1
negative regulation of hemostasis	GO:1900047		33	4	6.852769177846577	-0.5383584690030173	0.5548024744357416	0.9336738073264894	1	1
positive regulation of hemostasis	GO:1900048		14	2	2.9072354087833965	-0.37405541771174117	0.6427576439377599	0.8206374202006002	1	1
regulation of cellular response to insulin stimulus	GO:1900076		32	7	6.64510950579062	0.052028977599159025	0.9186378848656271	0.5079441405845302	1	1
negative regulation of cellular response to insulin stimulus	GO:1900077		20	5	4.153193441119138	0.1855603702236816	1.0184629095493065	0.4038920990917684	1	1
positive regulation of cellular response to insulin stimulus	GO:1900078		8	2	1.661277376447655	0.18556037022368177	1.0184629095493067	0.5189885297111225	1	1
positive regulation of G1/S transition of mitotic cell cycle	GO:1900087		27	5	5.606811145510836	-0.11454422222665642	0.8027389619017541	0.616237770777419	1	1
regulation of endoplasmic reticulum unfolded protein response	GO:1900101		28	7	5.814470817566793	0.1855603702236816	1.0184629095493065	0.3222794538587466	1	1
negative regulation of endoplasmic reticulum unfolded protein response	GO:1900102		15	3	3.114895080839353	-0.03758318109052809	0.8550494879642134	0.580334678997702	1	1
positive regulation of endoplasmic reticulum unfolded protein response	GO:1900103		11	4	2.284256392615526	0.5602538196650922	1.3264517770645412	0.17843893878705638	1	1
extracellular regulation of signal transduction	GO:1900115		6	2	1.2459580323357413	0.4732424426754625	1.2517310839972888	0.36346143435754485	1	1
extracellular negative regulation of signal transduction	GO:1900116		6	2	1.2459580323357413	0.4732424426754625	1.2517310839972888	0.36346143435754485	1	1
regulation of execution phase of apoptosis	GO:1900117		14	3	2.9072354087833965	0.03140969039642335	0.9037570637243312	0.580334678997702	1	1
positive regulation of execution phase of apoptosis	GO:1900119		12	2	2.4919160646714826	-0.21990473788448278	0.7346935242489594	0.7463131700423387	1	1
regulation of receptor binding	GO:1900120		6	0	1.2459580323357413	-Inf	0	1	1	1
regulation of hyaluronan biosynthetic process	GO:1900125		6	0	1.2459580323357413	-Inf	0	1	1	1
regulation of defense response to fungus	GO:1900150		5	0	1.0382983602797844	-Inf	0	1	1	1
regulation of nuclear-transcribed mRNA catabolic process, deadenylation-dependent decay	GO:1900151		20	3	4.153193441119138	-0.32526525354230906	0.6708686990356654	0.8166635360254624	1	1
negative regulation of nuclear-transcribed mRNA catabolic process, deadenylation-dependent decay	GO:1900152		12	3	2.4919160646714826	0.1855603702236816	1.0184629095493065	0.4686775291554418	1	1
positive regulation of nuclear-transcribed mRNA catabolic process, deadenylation-dependent decay	GO:1900153		8	0	1.661277376447655	-Inf	0	1	1	1
regulation of protein localization to nucleus	GO:1900180		83	10	17.23575278064442	-0.54440078345898	0.5517633383372648	0.9866645464859332	1	1
negative regulation of protein localization to nucleus	GO:1900181		20	1	4.153193441119138	-1.4238775422104186	0.23851075901735286	0.9905159401782357	1	1
positive regulation of protein localization to nucleus	GO:1900182		55	9	11.421281963077629	-0.2382538765526793	0.7232724321764719	0.8344554982076047	1	1
regulation of amyloid-beta clearance	GO:1900221		10	4	2.076596720559569	0.6555639994694172	1.4101486239250423	0.1346905284137217	1	1
regulation of NLRP3 inflammasome complex assembly	GO:1900225		34	6	7.060428849902534	-0.16274632404453418	0.771090171362034	0.7092283950000058	1	1
negative regulation of NLRP3 inflammasome complex assembly	GO:1900226		17	4	3.530214424951267	0.1249357484072468	0.9724140606384994	0.43250684412533813	1	1
positive regulation of NLRP3 inflammasome complex assembly	GO:1900227		17	2	3.530214424951267	-0.5682114321526985	0.5399204070993384	0.8958039001890645	1	1
positive regulation of RIG-I signaling pathway	GO:1900246		10	0	2.076596720559569	-Inf	0	1	1	1
positive regulation of DNA-directed DNA polymerase activity	GO:1900264		9	4	1.8689370485036119	0.7609245151272435	1.5046554115250335	0.09604599368521607	1	1
regulation of long-term synaptic potentiation	GO:1900271		5	1	1.0382983602797844	-0.03758318109052809	0.8550494879642134	0.687756407879498	1	1
regulation of post-transcriptional gene silencing by regulatory ncRNA	GO:1900368		22	2	4.568512785231052	-0.8260405414547983	0.4248799167694929	0.9596879464758464	1	1
negative regulation of post-transcriptional gene silencing by regulatory ncRNA	GO:1900369		12	0	2.4919160646714826	-Inf	0	1	1	1
positive regulation of post-transcriptional gene silencing by RNA	GO:1900370		11	2	2.284256392615526	-0.13289336089485304	0.7905889481542714	0.7000405632278557	1	1
regulation of purine nucleotide biosynthetic process	GO:1900371		10	2	2.076596720559569	-0.03758318109052809	0.8550494879642134	0.6469486398345623	1	1
positive regulation of purine nucleotide biosynthetic process	GO:1900373		5	1	1.0382983602797844	-0.03758318109052809	0.8550494879642134	0.687756407879498	1	1
regulation of secondary metabolite biosynthetic process	GO:1900376		9	2	1.8689370485036119	0.0677773345672982	0.9301019182460473	0.5866424881018152	1	1
positive regulation of secondary metabolite biosynthetic process	GO:1900378		7	2	1.4536177043916982	0.3190917628482042	1.123880732467684	0.4442785093143923	1	1
regulation of cellular response to oxidative stress	GO:1900407		5	0	1.0382983602797844	-Inf	0	1	1	1
regulation of defense response to bacterium	GO:1900424		12	2	2.4919160646714826	-0.21990473788448278	0.7346935242489594	0.7000405632278557	1	1
positive regulation of defense response to bacterium	GO:1900426		10	1	2.076596720559569	-0.7307303616504734	0.46465550092064367	0.8769813843064487	1	1
regulation of purine nucleotide metabolic process	GO:1900542		46	10	9.552344914574016	0.045798427848522894	0.9141258443564794	0.49329738923861854	1	1
negative regulation of purine nucleotide metabolic process	GO:1900543		14	5	2.9072354087833965	0.542235314162414	1.3108398066206473	0.14676496360565727	1	1
positive regulation of purine nucleotide metabolic process	GO:1900544		19	2	3.9455337690631813	-0.6794370672629231	0.4873768597596791	0.9283279489376746	1	1
regulation of p38MAPK cascade	GO:1900744		28	3	5.814470817566793	-0.661737490163522	0.4954358756915953	0.9494481283135643	1	1
positive regulation of p38MAPK cascade	GO:1900745		18	2	3.7378740970072237	-0.6253698459926471	0.5123516935775311	0.9134911356883086	1	1
regulation of vascular endothelial growth factor signaling pathway	GO:1900746		22	0	4.568512785231052	-Inf	0	1	1	1
negative regulation of vascular endothelial growth factor signaling pathway	GO:1900747		9	0	1.8689370485036119	-Inf	0	1	1	1
positive regulation of vascular endothelial growth factor signaling pathway	GO:1900748		12	0	2.4919160646714826	-Inf	0	1	1	1
mitochondrial RNA modification	GO:1900864		10	4	2.076596720559569	0.6555639994694172	1.4101486239250423	0.1346905284137217	1	1
regulation of potassium ion transmembrane transporter activity	GO:1901016		13	3	2.6995757367274393	0.10551766255014523	0.9579172596729197	0.3454178811708285	1	1
negative regulation of potassium ion transmembrane transporter activity	GO:1901017		7	3	1.4536177043916982	0.7245568709563687	1.4718161116467272	0.1614187469654273	1	1
positive regulation of potassium ion transmembrane transporter activity	GO:1901018		6	0	1.2459580323357413	-Inf	0	1	1	1
regulation of calcium ion transmembrane transporter activity	GO:1901019		25	3	5.1914918013989215	-0.5484088048565187	0.549754965062503	0.9165140359719977	1	1
negative regulation of calcium ion transmembrane transporter activity	GO:1901020		11	2	2.284256392615526	-0.13289336089485304	0.7905889481542714	0.7000405632278557	1	1
positive regulation of calcium ion transmembrane transporter activity	GO:1901021		9	0	1.8689370485036119	-Inf	0	1	1	1
regulation of mitochondrial outer membrane permeabilization involved in apoptotic signaling pathway	GO:1901028		15	6	3.114895080839353	0.6555639994694172	1.4101486239250423	0.07136976970076461	1	1
negative regulation of mitochondrial outer membrane permeabilization involved in apoptotic signaling pathway	GO:1901029		8	4	1.661277376447655	0.8787075507836271	1.6124283013649319	0.06353591170080096	1	1
positive regulation of mitochondrial outer membrane permeabilization involved in apoptotic signaling pathway	GO:1901030		5	2	1.0382983602797844	0.6555639994694172	1.4101486239250423	0.2784677966097898	1	1
glucosamine-containing compound metabolic process	GO:1901071		12	2	2.4919160646714826	-0.21990473788448278	0.7346935242489594	0.6469486398345623	1	1
regulation of relaxation of muscle	GO:1901077		8	2	1.661277376447655	0.18556037022368177	1.0184629095493067	0.5189885297111225	1	1
regulation of autophagosome maturation	GO:1901096		16	1	3.32255475289531	-1.200733990896209	0.296605097562714	0.9759117881171515	1	1
negative regulation of autophagosome maturation	GO:1901097		5	0	1.0382983602797844	-Inf	0	1	1	1
positive regulation of autophagosome maturation	GO:1901098		7	1	1.4536177043916982	-0.37405541771174117	0.6427576439377599	0.8040048847954714	1	1
negative regulation of signal transduction in absence of ligand	GO:1901099		19	3	3.9455337690631813	-0.2739719591547587	0.7014093242688044	0.7873782230686989	1	1
carbohydrate derivative catabolic process	GO:1901136		124	34	25.749799334938654	0.2779336903546968	1.0908273082985933	0.03702595437182436	1	1
insulin metabolic process	GO:1901142		9	0	1.8689370485036119	-Inf	0	1	1	1
regulation of trophoblast cell migration	GO:1901163		15	4	3.114895080839353	0.25009889136125285	1.0687514739090234	0.38067988828058175	1	1
negative regulation of trophoblast cell migration	GO:1901164		6	2	1.2459580323357413	0.4732424426754625	1.2517310839972888	0.36346143435754485	1	1
positive regulation of trophoblast cell migration	GO:1901165		7	1	1.4536177043916982	-0.37405541771174117	0.6427576439377599	0.8040048847954714	1	1
regulation of ERBB signaling pathway	GO:1901184		50	2	10.382983602797843	-1.6470210935246283	0.19145115443050073	0.9998480886099335	1	1
negative regulation of ERBB signaling pathway	GO:1901185		23	1	4.776172457287008	-1.5636394845855774	0.20787237682516796	0.9940495488315544	1	1
positive regulation of ERBB signaling pathway	GO:1901186		21	1	4.360853113175095	-1.4726677063798508	0.2273493330185462	0.9924876578153858	1	1
regulation of extracellular matrix assembly	GO:1901201		8	2	1.661277376447655	0.18556037022368177	1.0184629095493067	0.5189885297111225	1	1
positive regulation of extracellular matrix assembly	GO:1901203		6	2	1.2459580323357413	0.4732424426754625	1.2517310839972888	0.36346143435754485	1	1
regulation of non-canonical NF-kappaB signal transduction	GO:1901222		61	11	12.66723999541337	-0.14112386003136843	0.7851798084512193	0.6592157550461373	1	1
negative regulation of non-canonical NF-kappaB signal transduction	GO:1901223		21	2	4.360853113175095	-0.7795205258199055	0.4439030386300918	0.9407351059279203	1	1
positive regulation of non-canonical NF-kappaB signal transduction	GO:1901224		40	7	8.306386882238275	-0.17111457371505073	0.7656843782754985	0.7012993524379967	1	1
regulation of macrophage colony-stimulating factor production	GO:1901256		5	2	1.0382983602797844	0.6555639994694172	1.4101486239250423	0.2784677966097898	1	1
carbohydrate derivative transport	GO:1901264		60	16	12.459580323357413	0.25009889136125285	1.0687514739090234	0.14841903628916955	1	1
nucleoside phosphate catabolic process	GO:1901292		67	14	13.913198027749111	0.006219441567864921	0.885778227191315	0.5130654410432237	1	1
nucleoside phosphate biosynthetic process	GO:1901293		149	30	30.941291136337576	-0.030894192939731533	0.8596976702351338	0.5919165191979615	1	1
regulation of hydrogen peroxide-mediated programmed cell death	GO:1901298		6	2	1.2459580323357413	0.4732424426754625	1.2517310839972888	0.36346143435754485	1	1
negative regulation of hydrogen peroxide-mediated programmed cell death	GO:1901299		6	2	1.2459580323357413	0.4732424426754625	1.2517310839972888	0.36346143435754485	1	1
regulation of flagellated sperm motility	GO:1901317		11	0	2.284256392615526	-Inf	0	1	1	1
lactone metabolic process	GO:1901334		10	2	2.076596720559569	-0.03758318109052809	0.8550494879642134	0.6469486398345623	1	1
regulation of store-operated calcium channel activity	GO:1901339		7	0	1.4536177043916982	-Inf	0	1	1	1
positive regulation of store-operated calcium channel activity	GO:1901341		6	0	1.2459580323357413	-Inf	0	1	1	1
regulation of vasculature development	GO:1901342		195	28	40.49363605091159	-0.36894031704497054	0.6456617845046626	0.9900198688078075	1	1
negative regulation of vasculature development	GO:1901343		80	15	16.61277376447655	-0.10212170222809934	0.8110355253935492	0.6947954302606048	1	1
regulation of potassium ion transmembrane transport	GO:1901379		42	6	8.72170622635019	-0.37405541771174117	0.6427576439377599	0.8302501961935482	1	1
negative regulation of potassium ion transmembrane transport	GO:1901380		15	4	3.114895080839353	0.25009889136125285	1.0687514739090234	0.3283552675545878	1	1
positive regulation of potassium ion transmembrane transport	GO:1901381		21	2	4.360853113175095	-0.7795205258199055	0.4439030386300918	0.8958039001890645	1	1
regulation of voltage-gated calcium channel activity	GO:1901385		9	1	1.8689370485036119	-0.6253698459926471	0.5123516935775311	0.8769813843064487	1	1
negative regulation of voltage-gated calcium channel activity	GO:1901386		6	1	1.2459580323357413	-0.21990473788448278	0.7346935242489594	0.7526154025838886	1	1
pyruvate transmembrane transport	GO:1901475		5	1	1.0382983602797844	-0.03758318109052809	0.8550494879642134	0.687756407879498	1	1
ether biosynthetic process	GO:1901503		8	1	1.661277376447655	-0.5075868103362635	0.5704932391303862	0.8447215069503783	1	1
regulation of endothelial tube morphogenesis	GO:1901509		5	1	1.0382983602797844	-0.03758318109052809	0.8550494879642134	0.687756407879498	1	1
icosanoid catabolic process	GO:1901523		6	0	1.2459580323357413	-Inf	0	1	1	1
regulation of mitophagy	GO:1901524		25	5	5.1914918013989215	-0.03758318109052798	0.8550494879642135	0.616237770777419	1	1
negative regulation of mitophagy	GO:1901525		5	1	1.0382983602797844	-0.03758318109052809	0.8550494879642134	0.687756407879498	1	1
positive regulation of mitophagy	GO:1901526		16	4	3.32255475289531	0.18556037022368177	1.0184629095493067	0.43250684412533813	1	1
regulation of hematopoietic progenitor cell differentiation	GO:1901532		13	3	2.6995757367274393	0.10551766255014523	0.9579172596729197	0.5263390908313202	1	1
negative regulation of hematopoietic progenitor cell differentiation	GO:1901533		6	1	1.2459580323357413	-0.21990473788448278	0.7346935242489594	0.7526154025838886	1	1
regulation of endothelial cell development	GO:1901550		16	3	3.32255475289531	-0.10212170222809921	0.8110355253935493	0.6758810380350535	1	1
positive regulation of endothelial cell development	GO:1901552		6	1	1.2459580323357413	-0.21990473788448278	0.7346935242489594	0.7526154025838886	1	1
fatty acid derivative metabolic process	GO:1901568		56	8	11.628941635133586	-0.37405541771174117	0.6427576439377599	0.8982148174152844	1	1
fatty acid derivative catabolic process	GO:1901569		10	1	2.076596720559569	-0.7307303616504734	0.46465550092064367	0.9025405781366582	1	1
fatty acid derivative biosynthetic process	GO:1901570		40	4	8.306386882238275	-0.7307303616504734	0.46465550092064367	0.969709699424179	1	1
alpha-amino acid metabolic process	GO:1901605		129	25	26.78809769521844	-0.06908184814989922	0.8333782599230976	0.6190745802626485	1	1
alpha-amino acid catabolic process	GO:1901606		66	13	13.705538355693154	-0.052850653221316504	0.8445005060969624	0.5851282697688671	1	1
alpha-amino acid biosynthetic process	GO:1901607		30	5	6.229790161678706	-0.21990473788448278	0.7346935242489594	0.7493074800281739	1	1
regulation of lymphocyte chemotaxis	GO:1901623		17	3	3.530214424951267	-0.16274632404453418	0.771090171362034	0.7172018988421163	1	1
nucleoside transmembrane transport	GO:1901642		6	2	1.2459580323357413	0.4732424426754625	1.2517310839972888	0.36346143435754485	1	1
response to ketone	GO:1901654		51	7	10.5906432748538	-0.4140607523254402	0.6203912952753385	0.9077203592708015	1	1
cellular response to ketone	GO:1901655		34	5	7.060428849902534	-0.34506788083848877	0.6593487065289834	0.8446608236131994	1	1
glycosyl compound metabolic process	GO:1901657		49	12	10.175323930741888	0.16494108302094587	1.0026688499049448	0.28439583647230476	1	1
glycosyl compound catabolic process	GO:1901658		20	5	4.153193441119138	0.1855603702236816	1.0184629095493065	0.4038920990917684	1	1
glycosyl compound biosynthetic process	GO:1901659		11	4	2.284256392615526	0.5602538196650922	1.3264517770645412	0.17843893878705638	1	1
quinone metabolic process	GO:1901661		19	4	3.9455337690631813	0.013710113297022255	0.8911012527496509	0.5779209128693176	1	1
quinone biosynthetic process	GO:1901663		16	4	3.32255475289531	0.18556037022368177	1.0184629095493067	0.43250684412533813	1	1
regulation of mitotic spindle assembly	GO:1901673		23	2	4.776172457287008	-0.870492304025632	0.40738318263698703	0.9283279489376746	1	1
iron coordination entity transport	GO:1901678		6	1	1.2459580323357413	-0.21990473788448278	0.7346935242489594	0.7526154025838886	1	1
nucleotide transmembrane transport	GO:1901679		17	4	3.530214424951267	0.1249357484072468	0.9724140606384994	0.4830503542687592	1	1
regulation of cell proliferation involved in kidney development	GO:1901722		5	0	1.0382983602797844	-Inf	0	1	1	1
positive regulation of platelet aggregation	GO:1901731		10	0	2.076596720559569	-Inf	0	1	1	1
regulation of signal transduction by p53 class mediator	GO:1901796		90	24	18.689370485036118	0.25009889136125285	1.0687514739090234	0.09686755372338343	1	1
negative regulation of signal transduction by p53 class mediator	GO:1901797		30	5	6.229790161678706	-0.21990473788448278	0.7346935242489594	0.7765621815304163	1	1
positive regulation of signal transduction by p53 class mediator	GO:1901798		26	11	5.399151473454879	0.7116534661204609	1.4602183690949575	0.010499684214901515	1	1
negative regulation of proteasomal protein catabolic process	GO:1901799		41	8	8.514046554294232	-0.06227579368089961	0.8380303728671173	0.6396071734232041	1	1
positive regulation of proteasomal protein catabolic process	GO:1901800		75	16	15.574475404196766	0.026955340047042992	0.9005617483241221	0.44975012134454984	1	1
regulation of transcription of nucleolar large rRNA by RNA polymerase I	GO:1901836		14	4	2.9072354087833965	0.3190917628482042	1.123880732467684	0.3283552675545878	1	1
positive regulation of transcription of nucleolar large rRNA by RNA polymerase I	GO:1901838		10	1	2.076596720559569	-0.7307303616504734	0.46465550092064367	0.9025405781366582	1	1
regulation of cell communication by electrical coupling involved in cardiac conduction	GO:1901844		8	3	1.661277376447655	0.591025478331846	1.353273052440545	0.22014844812420312	1	1
positive regulation of cellular respiration	GO:1901857		12	2	2.4919160646714826	-0.21990473788448278	0.7346935242489594	0.7463131700423387	1	1
regulation of mitochondrial DNA metabolic process	GO:1901858		6	1	1.2459580323357413	-0.21990473788448278	0.7346935242489594	0.7526154025838886	1	1
regulation of muscle tissue development	GO:1901861		10	3	2.076596720559569	0.3678819270176362	1.1636753669944517	0.3454178811708285	1	1
negative regulation of muscle tissue development	GO:1901862		5	1	1.0382983602797844	-0.03758318109052809	0.8550494879642134	0.687756407879498	1	1
regulation of post-translational protein modification	GO:1901873		171	35	35.509803921568626	-0.01446076366967383	0.871185337678557	0.5221807392894373	1	1
negative regulation of post-translational protein modification	GO:1901874		64	17	13.29021901158124	0.2461849920401165	1.0656657288426767	0.1604137497040713	1	1
positive regulation of post-translational protein modification	GO:1901875		102	14	21.1812865497076	-0.4140607523254402	0.6203912952753385	0.9652799224287651	1	1
regulation of protein depolymerization	GO:1901879		33	5	6.852769177846577	-0.31521491768880766	0.6767731147053067	0.8446608236131994	1	1
negative regulation of protein depolymerization	GO:1901880		20	2	4.153193441119138	-0.7307303616504734	0.46465550092064367	0.9407351059279203	1	1
positive regulation of protein depolymerization	GO:1901881		12	3	2.4919160646714826	0.1855603702236816	1.0184629095493065	0.4686775291554418	1	1
regulation of cell junction assembly	GO:1901888		96	10	19.93532851737186	-0.6899083671302183	0.4826621437602806	0.9959705116070339	1	1
negative regulation of cell junction assembly	GO:1901889		17	1	3.530214424951267	-1.2613586127126437	0.2796111962732416	0.9809185311126569	1	1
positive regulation of cell junction assembly	GO:1901890		34	5	7.060428849902534	-0.34506788083848877	0.6593487065289834	0.8631598169542691	1	1
positive regulation of mitotic sister chromatid separation	GO:1901970		11	4	2.284256392615526	0.5602538196650922	1.3264517770645412	0.17843893878705638	1	1
regulation of cell cycle checkpoint	GO:1901976		26	4	5.399151473454879	-0.29994744555801905	0.6858168500062106	0.7935739204522448	1	1
negative regulation of cell cycle checkpoint	GO:1901977		7	1	1.4536177043916982	-0.37405541771174117	0.6427576439377599	0.8040048847954714	1	1
positive regulation of cell cycle checkpoint	GO:1901978		10	2	2.076596720559569	-0.03758318109052809	0.8550494879642134	0.5866424881018152	1	1
regulation of protein acetylation	GO:1901983		8	1	1.661277376447655	-0.5075868103362635	0.5704932391303862	0.8447215069503783	1	1
positive regulation of protein acetylation	GO:1901985		5	1	1.0382983602797844	-0.03758318109052809	0.8550494879642134	0.687756407879498	1	1
negative regulation of cell cycle phase transition	GO:1901988		147	33	30.525971792225665	0.0779297060313161	0.9375371781814232	0.2618270611754971	1	1
positive regulation of cell cycle phase transition	GO:1901989		73	19	15.159156060084852	0.22583426936162151	1.0496952127410177	0.12254736171495959	1	1
negative regulation of mitotic cell cycle phase transition	GO:1901991		105	29	21.804265565875472	0.28519021117252286	1.096619694477397	0.04520894430009681	1	1
positive regulation of mitotic cell cycle phase transition	GO:1901992		57	15	11.836601307189543	0.23685366461123208	1.058327343188305	0.15264171856869221	1	1
fatty acid transmembrane transport	GO:1902001		11	4	2.284256392615526	0.5602538196650922	1.3264517770645412	0.17843893878705638	1	1
regulation of amyloid-beta formation	GO:1902003		29	8	6.02213048962275	0.28400044303693406	1.0956689391716294	0.21076410858799388	1	1
positive regulation of amyloid-beta formation	GO:1902004		14	3	2.9072354087833965	0.03140969039642335	0.9037570637243312	0.5263390908313202	1	1
regulation of cilium assembly	GO:1902017		75	18	15.574475404196766	0.1447383757034265	0.9873254163355112	0.28493083961483456	1	1
negative regulation of cilium assembly	GO:1902018		22	6	4.568512785231052	0.27257174721331123	1.0865570588453881	0.2987245826673827	1	1
regulation of cilium-dependent cell motility	GO:1902019		13	0	2.6995757367274393	-Inf	0	1	1	1
L-lysine transport	GO:1902022		6	1	1.2459580323357413	-0.21990473788448278	0.7346935242489594	0.7526154025838886	1	1
regulation of NADP metabolic process	GO:1902031		5	2	1.0382983602797844	0.6555639994694172	1.4101486239250423	0.2784677966097898	1	1
regulation of hematopoietic stem cell proliferation	GO:1902033		5	0	1.0382983602797844	-Inf	0	1	1	1
regulation of hematopoietic stem cell differentiation	GO:1902036		7	3	1.4536177043916982	0.7245568709563687	1.4718161116467272	0.1614187469654273	1	1
regulation of extrinsic apoptotic signaling pathway via death domain receptors	GO:1902041		29	4	6.02213048962275	-0.40914673752301123	0.623105519043334	0.8804810889995786	1	1
negative regulation of extrinsic apoptotic signaling pathway via death domain receptors	GO:1902042		19	3	3.9455337690631813	-0.2739719591547587	0.7014093242688044	0.7873782230686989	1	1
positive regulation of flagellated sperm motility	GO:1902093		8	0	1.661277376447655	-Inf	0	1	1	1
regulation of metaphase/anaphase transition of cell cycle	GO:1902099		49	14	10.175323930741888	0.3190917628482042	1.123880732467684	0.1068537293051948	1	1
negative regulation of metaphase/anaphase transition of cell cycle	GO:1902100		23	8	4.776172457287008	0.5158020570942585	1.2880657241065763	0.08574807083976485	1	1
positive regulation of metaphase/anaphase transition of cell cycle	GO:1902101		11	4	2.284256392615526	0.5602538196650922	1.3264517770645412	0.17843893878705638	1	1
regulation of leukocyte differentiation	GO:1902105		117	19	24.296181630546954	-0.2458802242877433	0.7185633478361827	0.9032965719184628	1	1
negative regulation of leukocyte differentiation	GO:1902106		46	6	9.552344914574016	-0.4650271959174678	0.5927859106230471	0.9282179984336585	1	1
positive regulation of leukocyte differentiation	GO:1902107		70	11	14.53617704391698	-0.2787452379074161	0.6985246119578502	0.886285613245842	1	1
regulation of mitochondrial membrane permeability involved in apoptotic process	GO:1902108		11	2	2.284256392615526	-0.13289336089485304	0.7905889481542714	0.7000405632278557	1	1
positive regulation of mitochondrial membrane permeability involved in apoptotic process	GO:1902110		8	1	1.661277376447655	-0.5075868103362635	0.5704932391303862	0.8447215069503783	1	1
regulation of organelle assembly	GO:1902115		191	33	39.66299736268776	-0.1839111352365773	0.7574689912528946	0.8682285834488657	1	1
negative regulation of organelle assembly	GO:1902116		41	9	8.514046554294232	0.05550724197548382	0.9211625826056762	0.48699249166311265	1	1
positive regulation of organelle assembly	GO:1902117		66	9	13.705538355693154	-0.42057543334663394	0.6168072392922693	0.9494558744152437	1	1
regulation of intrinsic apoptotic signaling pathway in response to DNA damage by p53 class mediator	GO:1902165		13	4	2.6995757367274393	0.39319973500192623	1.1845771521468593	0.27647232356917906	1	1
negative regulation of intrinsic apoptotic signaling pathway in response to DNA damage by p53 class mediator	GO:1902166		12	3	2.4919160646714826	0.1855603702236816	1.0184629095493065	0.4686775291554418	1	1
regulation of keratinocyte apoptotic process	GO:1902172		5	0	1.0382983602797844	-Inf	0	1	1	1
regulation of oxidative stress-induced intrinsic apoptotic signaling pathway	GO:1902175		24	3	4.983832129342965	-0.5075868103362637	0.5704932391303862	0.9017612221096273	1	1
negative regulation of oxidative stress-induced intrinsic apoptotic signaling pathway	GO:1902176		17	3	3.530214424951267	-0.16274632404453418	0.771090171362034	0.7172018988421163	1	1
erythrose 4-phosphate/phosphoenolpyruvate family amino acid metabolic process	GO:1902221		19	2	3.9455337690631813	-0.6794370672629231	0.4873768597596791	0.9283279489376746	1	1
erythrose 4-phosphate/phosphoenolpyruvate family amino acid catabolic process	GO:1902222		12	1	2.4919160646714826	-0.9130519184444281	0.39123986519130494	0.9388339804989202	1	1
ketone body metabolic process	GO:1902224		7	0	1.4536177043916982	-Inf	0	1	1	1
regulation of intrinsic apoptotic signaling pathway in response to DNA damage	GO:1902229		28	10	5.814470817566793	0.542235314162414	1.3108398066206473	0.04902424591990575	1	1
negative regulation of intrinsic apoptotic signaling pathway in response to DNA damage	GO:1902230		24	7	4.983832129342965	0.3397110500509399	1.1406190175427178	0.2164112139622073	1	1
regulation of endoplasmic reticulum stress-induced intrinsic apoptotic signaling pathway	GO:1902235		22	4	4.568512785231052	-0.13289336089485304	0.7905889481542714	0.6994719172777473	1	1
negative regulation of endoplasmic reticulum stress-induced intrinsic apoptotic signaling pathway	GO:1902236		14	2	2.9072354087833965	-0.37405541771174117	0.6427576439377599	0.8206374202006002	1	1
positive regulation of endoplasmic reticulum stress-induced intrinsic apoptotic signaling pathway	GO:1902237		6	2	1.2459580323357413	0.4732424426754625	1.2517310839972888	0.36346143435754485	1	1
regulation of intrinsic apoptotic signaling pathway by p53 class mediator	GO:1902253		23	6	4.776172457287008	0.2281199846424775	1.0514827223147898	0.33912231654004465	1	1
negative regulation of intrinsic apoptotic signaling pathway by p53 class mediator	GO:1902254		16	4	3.32255475289531	0.18556037022368177	1.0184629095493067	0.43250684412533813	1	1
positive regulation of intrinsic apoptotic signaling pathway by p53 class mediator	GO:1902255		7	2	1.4536177043916982	0.3190917628482042	1.123880732467684	0.4442785093143923	1	1
regulation of delayed rectifier potassium channel activity	GO:1902259		6	2	1.2459580323357413	0.4732424426754625	1.2517310839972888	0.36346143435754485	1	1
negative regulation of delayed rectifier potassium channel activity	GO:1902260		6	2	1.2459580323357413	0.4732424426754625	1.2517310839972888	0.36346143435754485	1	1
regulation of chromatin organization	GO:1902275		19	4	3.9455337690631813	0.013710113297022255	0.8911012527496509	0.4830503542687592	1	1
regulation of sodium ion transmembrane transport	GO:1902305		27	5	5.606811145510836	-0.11454422222665642	0.8027389619017541	0.653075468975933	1	1
negative regulation of sodium ion transmembrane transport	GO:1902306		8	2	1.661277376447655	0.18556037022368177	1.0184629095493067	0.5189885297111225	1	1
positive regulation of sodium ion transmembrane transport	GO:1902307		9	1	1.8689370485036119	-0.6253698459926471	0.5123516935775311	0.8769813843064487	1	1
sulfate transmembrane transport	GO:1902358		9	3	1.8689370485036119	0.47324244267546267	1.2517310839972888	0.2821996753436965	1	1
negative regulation of RNA catabolic process	GO:1902369		61	11	12.66723999541337	-0.14112386003136843	0.7851798084512193	0.7480070731038873	1	1
negative regulation of mRNA catabolic process	GO:1902373		53	10	11.005962618965716	-0.09585208921450403	0.8152444268045659	0.6862067540609718	1	1
mitotic cytokinetic process	GO:1902410		25	1	5.1914918013989215	-1.6470210935246283	0.19145115443050073	0.9924876578153858	1	1
regulation of mitotic cytokinesis	GO:1902412		10	0	2.076596720559569	-Inf	0	1	1	1
protein localization to cell junction	GO:1902414		21	0	4.360853113175095	-Inf	0	1	1	1
regulation of attachment of mitotic spindle microtubules to kinetochore	GO:1902423		7	1	1.4536177043916982	-0.37405541771174117	0.6427576439377599	0.8040048847954714	1	1
positive regulation of attachment of mitotic spindle microtubules to kinetochore	GO:1902425		5	0	1.0382983602797844	-Inf	0	1	1	1
negative regulation of amyloid-beta formation	GO:1902430		14	6	2.9072354087833965	0.7245568709563687	1.4718161116467272	0.05162431923707651	1	1
regulation of mesenchymal stem cell proliferation	GO:1902460		6	2	1.2459580323357413	0.4732424426754625	1.2517310839972888	0.36346143435754485	1	1
positive regulation of mesenchymal stem cell proliferation	GO:1902462		6	2	1.2459580323357413	0.4732424426754625	1.2517310839972888	0.36346143435754485	1	1
regulation of protein localization to synapse	GO:1902473		9	2	1.8689370485036119	0.0677773345672982	0.9301019182460473	0.5866424881018152	1	1
positive regulation of protein localization to synapse	GO:1902474		5	0	1.0382983602797844	-Inf	0	1	1	1
L-alpha-amino acid transmembrane transport	GO:1902475		32	6	6.64510950579062	-0.10212170222809921	0.8110355253935493	0.6790944125885722	1	1
chloride transmembrane transport	GO:1902476		32	0	6.64510950579062	-Inf	0	1	1	1
regulation of protein autoubiquitination	GO:1902498		6	2	1.2459580323357413	0.4732424426754625	1.2517310839972888	0.36346143435754485	1	1
regulation of calcium ion transmembrane transport via high voltage-gated calcium channel	GO:1902514		6	0	1.2459580323357413	-Inf	0	1	1	1
positive regulation of protein K63-linked ubiquitination	GO:1902523		8	1	1.661277376447655	-0.5075868103362635	0.5704932391303862	0.8447215069503783	1	1
regulation of protein monoubiquitination	GO:1902525		5	0	1.0382983602797844	-Inf	0	1	1	1
positive regulation of protein monoubiquitination	GO:1902527		5	0	1.0382983602797844	-Inf	0	1	1	1
regulation of cellular response to vascular endothelial growth factor stimulus	GO:1902547		24	1	4.983832129342965	-1.6061990990043733	0.19932628392479618	0.9962668165603152	1	1
negative regulation of cellular response to vascular endothelial growth factor stimulus	GO:1902548		11	1	2.284256392615526	-0.8260405414547983	0.4248799167694929	0.9227905796275384	1	1
regulation of neutrophil activation	GO:1902563		9	3	1.8689370485036119	0.47324244267546267	1.2517310839972888	0.2821996753436965	1	1
negative regulation of neutrophil activation	GO:1902564		7	2	1.4536177043916982	0.3190917628482042	1.123880732467684	0.4442785093143923	1	1
protein localization to nucleolus	GO:1902570		10	3	2.076596720559569	0.3678819270176362	1.1636753669944517	0.3454178811708285	1	1
proton transmembrane transport	GO:1902600		27	5	5.606811145510836	-0.11454422222665642	0.8027389619017541	0.616237770777419	1	1
carnitine transmembrane transport	GO:1902603		5	0	1.0382983602797844	-Inf	0	1	1	1
regulation of neutrophil migration	GO:1902622		21	2	4.360853113175095	-0.7795205258199055	0.4439030386300918	0.9510815874352324	1	1
positive regulation of neutrophil migration	GO:1902624		15	2	3.114895080839353	-0.4430482891986925	0.6045686331939815	0.8499280422811566	1	1
tertiary alcohol metabolic process	GO:1902644		14	1	2.9072354087833965	-1.0672025982716864	0.3375241858610443	0.961614211589703	1	1
secondary alcohol metabolic process	GO:1902652		63	18	13.082559339525284	0.3190917628482042	1.123880732467684	0.058444268316430834	1	1
secondary alcohol biosynthetic process	GO:1902653		24	13	4.983832129342965	0.9587502584571634	1.6867667060288805	1.7992587228504101e-4	0.08714954977588169	0.08714954977588169
calcium ion import into cytosol	GO:1902656		8	2	1.661277376447655	0.18556037022368177	1.0184629095493067	0.4442785093143923	1	1
mitochondrial outer membrane permeabilization involved in programmed cell death	GO:1902686		10	1	2.076596720559569	-0.7307303616504734	0.46465550092064367	0.9025405781366582	1	1
regulation of lamellipodium organization	GO:1902743		35	2	7.26808852195849	-1.290346149585896	0.2718159889476777	0.9963993714465517	1	1
positive regulation of lamellipodium organization	GO:1902745		25	2	5.1914918013989215	-0.9538739129646832	0.37630172211245844	0.9776356206684261	1	1
regulation of cell cycle G2/M phase transition	GO:1902749		81	22	16.820433436532507	0.2684480300294493	1.0832786406187345	0.09139339396158148	1	1
negative regulation of cell cycle G2/M phase transition	GO:1902750		48	10	9.96766425868593	0.003238813429726966	0.8836656273277367	0.5232144380282379	1	1
positive regulation of cell cycle G2/M phase transition	GO:1902751		22	8	4.568512785231052	0.5602538196650922	1.3264517770645412	0.06780189249525295	1	1
late endosome to lysosome transport	GO:1902774		15	1	3.114895080839353	-1.1361954697586378	0.3157645429162462	0.9227905796275384	1	1
mitochondrial large ribosomal subunit assembly	GO:1902775		8	2	1.661277376447655	0.18556037022368177	1.0184629095493067	0.4442785093143923	1	1
regulation of cell cycle G1/S phase transition	GO:1902806		111	29	23.050223598211215	0.22962036001771208	1.0526569306433797	0.05656249401794383	1	1
negative regulation of cell cycle G1/S phase transition	GO:1902807		45	13	9.344685242518059	0.33014159903478935	1.1328361148352881	0.0931394275060675	1	1
positive regulation of cell cycle G1/S phase transition	GO:1902808		38	7	7.891067538126363	-0.11982127932750031	0.799231901207264	0.6110375666279098	1	1
microtubule cytoskeleton organization involved in mitosis	GO:1902850		91	18	18.89703015709208	-0.048633017277113194	0.8474062420195773	0.6127645074030387	1	1
regulation of non-motile cilium assembly	GO:1902855		5	0	1.0382983602797844	-Inf	0	1	1	1
regulation of response to oxidative stress	GO:1902882		12	2	2.4919160646714826	-0.21990473788448278	0.7346935242489594	0.7463131700423387	1	1
negative regulation of response to oxidative stress	GO:1902883		5	2	1.0382983602797844	0.6555639994694172	1.4101486239250423	0.2784677966097898	1	1
regulation of miRNA transcription	GO:1902893		63	9	13.082559339525284	-0.37405541771174117	0.6427576439377599	0.9286303034377263	1	1
negative regulation of miRNA transcription	GO:1902894		22	3	4.568512785231052	-0.4205754333466341	0.6168072392922693	0.8650179970290931	1	1
positive regulation of miRNA transcription	GO:1902895		46	7	9.552344914574016	-0.3108765160902095	0.6793338644888768	0.86920651242587	1	1
negative regulation of autophagosome assembly	GO:1902902		10	2	2.076596720559569	-0.03758318109052809	0.8550494879642134	0.6469486398345623	1	1
negative regulation of supramolecular fiber organization	GO:1902904		74	9	15.366815732140807	-0.534985784524378	0.5565048205554277	0.9785905011373854	1	1
positive regulation of supramolecular fiber organization	GO:1902905		110	19	22.842563926155258	-0.1841866552824035	0.7572927874610997	0.8243359745500287	1	1
regulation of protein polyubiquitination	GO:1902914		21	3	4.360853113175095	-0.37405541771174117	0.6427576439377599	0.8424435316084549	1	1
positive regulation of protein polyubiquitination	GO:1902916		14	2	2.9072354087833965	-0.37405541771174117	0.6427576439377599	0.8206374202006002	1	1
regulation of alcohol biosynthetic process	GO:1902930		33	7	6.852769177846577	0.02125731893240536	0.8964843753688214	0.5079441405845302	1	1
negative regulation of alcohol biosynthetic process	GO:1902931		9	1	1.8689370485036119	-0.6253698459926471	0.5123516935775311	0.8447215069503783	1	1
positive regulation of alcohol biosynthetic process	GO:1902932		17	5	3.530214424951267	0.3480792997214565	1.1474455497580873	0.2682404361592198	1	1
regulation of dendritic spine maintenance	GO:1902950		5	2	1.0382983602797844	0.6555639994694172	1.4101486239250423	0.2784677966097898	1	1
regulation of protein localization to early endosome	GO:1902965		8	1	1.661277376447655	-0.5075868103362635	0.5704932391303862	0.8447215069503783	1	1
positive regulation of protein localization to early endosome	GO:1902966		8	1	1.661277376447655	-0.5075868103362635	0.5704932391303862	0.8447215069503783	1	1
regulation of amyloid precursor protein catabolic process	GO:1902991		36	9	7.4757481940144475	0.1855603702236816	1.0184629095493065	0.29352010715115495	1	1
negative regulation of amyloid precursor protein catabolic process	GO:1902992		15	6	3.114895080839353	0.6555639994694172	1.4101486239250423	0.07136976970076461	1	1
positive regulation of amyloid precursor protein catabolic process	GO:1902993		18	3	3.7378740970072237	-0.21990473788448264	0.7346935242489595	0.7172018988421163	1	1
positive regulation of protein deubiquitination	GO:1903003		5	1	1.0382983602797844	-0.03758318109052809	0.8550494879642134	0.687756407879498	1	1
organelle disassembly	GO:1903008		63	13	13.082559339525284	-0.006330637586423799	0.8769042423731053	0.5601759015883405	1	1
regulation of glycoprotein metabolic process	GO:1903018		22	4	4.568512785231052	-0.13289336089485304	0.7905889481542714	0.6994719172777473	1	1
negative regulation of glycoprotein metabolic process	GO:1903019		7	2	1.4536177043916982	0.3190917628482042	1.123880732467684	0.4442785093143923	1	1
positive regulation of glycoprotein metabolic process	GO:1903020		11	2	2.284256392615526	-0.13289336089485304	0.7905889481542714	0.7000405632278557	1	1
regulation of opsonization	GO:1903027		9	1	1.8689370485036119	-0.6253698459926471	0.5123516935775311	0.8769813843064487	1	1
positive regulation of opsonization	GO:1903028		7	1	1.4536177043916982	-0.37405541771174117	0.6427576439377599	0.8040048847954714	1	1
regulation of response to wounding	GO:1903034		98	10	20.350647861483775	-0.7105276543329541	0.4734929524557986	0.9982671582528853	1	1
negative regulation of response to wounding	GO:1903035		53	4	11.005962618965716	-1.0121428210886592	0.3558796026599307	0.997694561388514	1	1
positive regulation of response to wounding	GO:1903036		43	5	8.929365898406147	-0.5799074719158899	0.5341806011287427	0.9606331411534976	1	1
regulation of leukocyte cell-cell adhesion	GO:1903037		182	29	37.79406031418416	-0.26485612574674916	0.7069427182845969	0.9529887130116532	1	1
negative regulation of leukocyte cell-cell adhesion	GO:1903038		66	11	13.705538355693154	-0.21990473788448278	0.7346935242489594	0.8196994847722302	1	1
positive regulation of leukocyte cell-cell adhesion	GO:1903039		133	21	27.618736383442265	-0.2739719591547585	0.7014093242688045	0.9355349807875168	1	1
protein localization to membrane raft	GO:1903044		5	2	1.0382983602797844	0.6555639994694172	1.4101486239250423	0.2784677966097898	1	1
meiotic cell cycle process	GO:1903046		34	6	7.060428849902534	-0.16274632404453418	0.771090171362034	0.6790944125885722	1	1
regulation of proteolysis involved in protein catabolic process	GO:1903050		161	34	33.433207201009054	0.01681089097527073	0.8933104987547572	0.4386595721068629	1	1
negative regulation of proteolysis involved in protein catabolic process	GO:1903051		54	14	11.213622291021672	0.22192801439455642	1.046644062980932	0.21718819389128852	1	1
positive regulation of proteolysis involved in protein catabolic process	GO:1903052		88	19	18.274051140924207	0.03895689603180614	0.909186771964921	0.42238663038843527	1	1
regulation of extracellular matrix organization	GO:1903053		35	4	7.26808852195849	-0.5971989690259507	0.5257880027464992	0.9512442540874169	1	1
negative regulation of extracellular matrix organization	GO:1903054		8	1	1.661277376447655	-0.5075868103362635	0.5704932391303862	0.8447215069503783	1	1
positive regulation of extracellular matrix organization	GO:1903055		17	3	3.530214424951267	-0.16274632404453418	0.771090171362034	0.7172018988421163	1	1
regulation of protein lipidation	GO:1903059		6	2	1.2459580323357413	0.4732424426754625	1.2517310839972888	0.36346143435754485	1	1
regulation of protein localization to plasma membrane	GO:1903076		72	16	14.951496388028895	0.0677773345672982	0.9301019182460473	0.40187820744969543	1	1
negative regulation of protein localization to plasma membrane	GO:1903077		21	2	4.360853113175095	-0.7795205258199055	0.4439030386300918	0.9407351059279203	1	1
positive regulation of protein localization to plasma membrane	GO:1903078		38	8	7.891067538126363	0.013710113297022255	0.8911012527496509	0.5467127768793997	1	1
protein localization to condensed chromosome	GO:1903083		11	2	2.284256392615526	-0.13289336089485304	0.7905889481542714	0.7000405632278557	1	1
regulation of mitochondrial transcription	GO:1903108		6	0	1.2459580323357413	-Inf	0	1	1	1
regulation of actin filament-based movement	GO:1903115		22	2	4.568512785231052	-0.8260405414547983	0.4248799167694929	0.9596879464758464	1	1
mononuclear cell differentiation	GO:1903131		83	13	17.23575278064442	-0.28203651899148896	0.6965406311690558	0.9041557955880266	1	1
regulation of establishment of endothelial barrier	GO:1903140		16	3	3.32255475289531	-0.10212170222809921	0.8110355253935493	0.6758810380350535	1	1
positive regulation of establishment of endothelial barrier	GO:1903142		6	1	1.2459580323357413	-0.21990473788448278	0.7346935242489594	0.7526154025838886	1	1
regulation of autophagy of mitochondrion	GO:1903146		30	7	6.229790161678706	0.11656749873673027	0.9661513714410117	0.43439477395649384	1	1
negative regulation of autophagy of mitochondrion	GO:1903147		5	1	1.0382983602797844	-0.03758318109052809	0.8550494879642134	0.687756407879498	1	1
regulation of calcium ion transmembrane transport	GO:1903169		88	9	18.274051140924207	-0.708257505798415	0.474495042744637	0.9963287258230116	1	1
negative regulation of calcium ion transmembrane transport	GO:1903170		22	2	4.568512785231052	-0.8260405414547983	0.4248799167694929	0.9596879464758464	1	1
regulation of protein targeting to mitochondrion	GO:1903214		13	3	2.6995757367274393	0.10551766255014523	0.9579172596729197	0.5263390908313202	1	1
melanosome assembly	GO:1903232		5	3	1.0382983602797844	1.0610291075775815	1.782860369115461	0.06394451928365348	1	1
regulation of leukocyte tethering or rolling	GO:1903236		7	2	1.4536177043916982	0.3190917628482042	1.123880732467684	0.4442785093143923	1	1
U2-type prespliceosome assembly	GO:1903241		6	0	1.2459580323357413	-Inf	0	1	1	1
positive regulation of tumor necrosis factor-mediated signaling pathway	GO:1903265		11	1	2.284256392615526	-0.8260405414547983	0.4248799167694929	0.9227905796275384	1	1
regulation of regulated secretory pathway	GO:1903305		40	9	8.306386882238275	0.08019985456585538	0.9392045403159717	0.42228919185602753	1	1
negative regulation of regulated secretory pathway	GO:1903306		9	3	1.8689370485036119	0.47324244267546267	1.2517310839972888	0.2821996753436965	1	1
positive regulation of regulated secretory pathway	GO:1903307		21	3	4.360853113175095	-0.37405541771174117	0.6427576439377599	0.8166635360254624	1	1
regulation of mRNA metabolic process	GO:1903311		189	30	39.247678018575854	-0.26869490205391483	0.7046086633138013	0.954814032762985	1	1
negative regulation of mRNA metabolic process	GO:1903312		65	12	13.497878683637197	-0.11762588876406445	0.8006896728100366	0.7232740823518053	1	1
positive regulation of mRNA metabolic process	GO:1903313		67	10	13.913198027749111	-0.33025279505334804	0.6679530250736394	0.8818909533254089	1	1
regulation of protein maturation	GO:1903317		32	3	6.64510950579062	-0.7952688827880445	0.4373805543266655	0.9747894029083924	1	1
negative regulation of protein maturation	GO:1903318		16	1	3.32255475289531	-1.200733990896209	0.296605097562714	0.9759117881171515	1	1
positive regulation of protein maturation	GO:1903319		13	1	2.6995757367274393	-0.9930946261179644	0.3624410396831095	0.9515444407761957	1	1
regulation of protein modification by small protein conjugation or removal	GO:1903320		167	32	34.6791652333448	-0.08040317827345625	0.8256772822214365	0.6844186763209976	1	1
negative regulation of protein modification by small protein conjugation or removal	GO:1903321		62	16	12.874899667469327	0.21730906853826196	1.0430422420580645	0.2022857700789664	1	1
positive regulation of protein modification by small protein conjugation or removal	GO:1903322		101	14	20.973626877651647	-0.4042084558824286	0.625842485716232	0.9614921120725239	1	1
regulation of protein folding	GO:1903332		8	2	1.661277376447655	0.18556037022368177	1.0184629095493067	0.5189885297111225	1	1
positive regulation of bicellular tight junction assembly	GO:1903348		7	1	1.4536177043916982	-0.37405541771174117	0.6427576439377599	0.8040048847954714	1	1
response to dopamine	GO:1903350		23	3	4.776172457287008	-0.4650271959174678	0.5927859106230471	0.8650179970290931	1	1
cellular response to dopamine	GO:1903351		23	3	4.776172457287008	-0.4650271959174678	0.5927859106230471	0.8650179970290931	1	1
regulation of Golgi organization	GO:1903358		16	3	3.32255475289531	-0.10212170222809921	0.8110355253935493	0.6758810380350535	1	1
regulation of endoplasmic reticulum tubular network organization	GO:1903371		5	0	1.0382983602797844	-Inf	0	1	1	1
regulation of oxidative stress-induced neuron intrinsic apoptotic signaling pathway	GO:1903376		12	1	2.4919160646714826	-0.9130519184444281	0.39123986519130494	0.9388339804989202	1	1
negative regulation of oxidative stress-induced neuron intrinsic apoptotic signaling pathway	GO:1903377		9	1	1.8689370485036119	-0.6253698459926471	0.5123516935775311	0.8769813843064487	1	1
regulation of adherens junction organization	GO:1903391		5	0	1.0382983602797844	-Inf	0	1	1	1
L-lysine transmembrane transport	GO:1903401		5	1	1.0382983602797844	-0.03758318109052809	0.8550494879642134	0.687756407879498	1	1
reactive oxygen species biosynthetic process	GO:1903409		6	0	1.2459580323357413	-Inf	0	1	1	1
response to bile acid	GO:1903412		7	1	1.4536177043916982	-0.37405541771174117	0.6427576439377599	0.8040048847954714	1	1
regulation of reactive oxygen species biosynthetic process	GO:1903426		18	3	3.7378740970072237	-0.21990473788448264	0.7346935242489595	0.7543060161951124	1	1
negative regulation of reactive oxygen species biosynthetic process	GO:1903427		5	1	1.0382983602797844	-0.03758318109052809	0.8550494879642134	0.687756407879498	1	1
positive regulation of reactive oxygen species biosynthetic process	GO:1903428		7	0	1.4536177043916982	-Inf	0	1	1	1
regulation of cell maturation	GO:1903429		5	0	1.0382983602797844	-Inf	0	1	1	1
regulation of TORC1 signaling	GO:1903432		93	19	19.312349501203993	-0.016305782643243425	0.8698907850937778	0.5730290968090588	1	1
regulation of mitotic cytokinetic process	GO:1903436		6	0	1.2459580323357413	-Inf	0	1	1	1
positive regulation of mitotic cytokinetic process	GO:1903438		6	0	1.2459580323357413	-Inf	0	1	1	1
positive regulation of mitotic cytokinesis	GO:1903490		7	0	1.4536177043916982	-Inf	0	1	1	1
regulation of mitotic spindle checkpoint	GO:1903504		17	4	3.530214424951267	0.1249357484072468	0.9724140606384994	0.43250684412533813	1	1
liposaccharide metabolic process	GO:1903509		81	16	16.820433436532507	-0.05000570108908529	0.8464598262752958	0.6112357025606366	1	1
endoplasmic reticulum to cytosol transport	GO:1903513		15	2	3.114895080839353	-0.4430482891986925	0.6045686331939815	0.8499280422811566	1	1
release of sequestered calcium ion into cytosol by endoplasmic reticulum	GO:1903514		6	0	1.2459580323357413	-Inf	0	1	1	1
regulation of blood circulation	GO:1903522		133	19	27.618736383442265	-0.374055417711741	0.6427576439377599	0.9741655988421143	1	1
negative regulation of blood circulation	GO:1903523		6	2	1.2459580323357413	0.4732424426754625	1.2517310839972888	0.36346143435754485	1	1
positive regulation of blood circulation	GO:1903524		9	1	1.8689370485036119	-0.6253698459926471	0.5123516935775311	0.8769813843064487	1	1
negative regulation of secretion by cell	GO:1903531		61	14	12.66723999541337	0.10003819678551955	0.9538491175022271	0.334694745063321	1	1
positive regulation of secretion by cell	GO:1903532		124	18	25.749799334938654	-0.35805507636529993	0.6518754786505593	0.9613067864512386	1	1
regulation of protein targeting	GO:1903533		27	4	5.606811145510836	-0.33768777354086615	0.6636243724392131	0.8191190934479378	1	1
regulation of exosomal secretion	GO:1903541		17	1	3.530214424951267	-1.2613586127126437	0.2796111962732416	0.9759117881171515	1	1
positive regulation of exosomal secretion	GO:1903543		13	0	2.6995757367274393	-Inf	0	1	1	1
regulation of extracellular exosome assembly	GO:1903551		6	0	1.2459580323357413	-Inf	0	1	1	1
regulation of tumor necrosis factor superfamily cytokine production	GO:1903555		100	13	20.765967205595686	-0.4683660971829823	0.591012087075763	0.9796954323326094	1	1
negative regulation of tumor necrosis factor superfamily cytokine production	GO:1903556		42	6	8.72170622635019	-0.37405541771174117	0.6427576439377599	0.880985340421104	1	1
positive regulation of tumor necrosis factor superfamily cytokine production	GO:1903557		56	7	11.628941635133586	-0.5075868103362637	0.5704932391303862	0.9564455520008097	1	1
regulation of protein localization to cilium	GO:1903564		6	3	1.2459580323357413	0.878707550783627	1.6124283013649316	0.1084805211142787	1	1
negative regulation of response to endoplasmic reticulum stress	GO:1903573		34	7	7.060428849902534	-0.008595644217275787	0.875308628479267	0.5434914917371221	1	1
regulation of ATP metabolic process	GO:1903578		39	8	8.09872721018232	-0.012265373106238426	0.8727273066444295	0.5788220891434956	1	1
negative regulation of ATP metabolic process	GO:1903579		11	4	2.284256392615526	0.5602538196650922	1.3264517770645412	0.17843893878705638	1	1
positive regulation of ATP metabolic process	GO:1903580		19	2	3.9455337690631813	-0.6794370672629231	0.4873768597596791	0.9283279489376746	1	1
regulation of blood vessel endothelial cell proliferation involved in sprouting angiogenesis	GO:1903587		15	1	3.114895080839353	-1.1361954697586378	0.3157645429162462	0.969591795111742	1	1
negative regulation of blood vessel endothelial cell proliferation involved in sprouting angiogenesis	GO:1903588		7	0	1.4536177043916982	-Inf	0	1	1	1
positive regulation of blood vessel endothelial cell proliferation involved in sprouting angiogenesis	GO:1903589		8	1	1.661277376447655	-0.5075868103362635	0.5704932391303862	0.8447215069503783	1	1
regulation of histamine secretion by mast cell	GO:1903593		7	2	1.4536177043916982	0.3190917628482042	1.123880732467684	0.36346143435754485	1	1
positive regulation of autophagy of mitochondrion	GO:1903599		17	5	3.530214424951267	0.3480792997214565	1.1474455497580873	0.2682404361592198	1	1
protein localization to cytoplasmic stress granule	GO:1903608		8	1	1.661277376447655	-0.5075868103362635	0.5704932391303862	0.8447215069503783	1	1
regulation of chaperone-mediated protein folding	GO:1903644		5	1	1.0382983602797844	-0.03758318109052809	0.8550494879642134	0.687756407879498	1	1
regulation of complement-dependent cytotoxicity	GO:1903659		10	1	2.076596720559569	-0.7307303616504734	0.46465550092064367	0.9025405781366582	1	1
regulation of sprouting angiogenesis	GO:1903670		33	5	6.852769177846577	-0.31521491768880766	0.6767731147053067	0.8446608236131994	1	1
negative regulation of sprouting angiogenesis	GO:1903671		10	3	2.076596720559569	0.3678819270176362	1.1636753669944517	0.3454178811708285	1	1
positive regulation of sprouting angiogenesis	GO:1903672		18	2	3.7378740970072237	-0.6253698459926471	0.5123516935775311	0.9134911356883086	1	1
regulation of wound healing, spreading of epidermal cells	GO:1903689		9	1	1.8689370485036119	-0.6253698459926471	0.5123516935775311	0.8769813843064487	1	1
positive regulation of wound healing, spreading of epidermal cells	GO:1903691		5	1	1.0382983602797844	-0.03758318109052809	0.8550494879642134	0.687756407879498	1	1
regulation of hemopoiesis	GO:1903706		162	32	33.640866873065015	-0.05000570108908529	0.8464598262752958	0.640948608119101	1	1
negative regulation of hemopoiesis	GO:1903707		47	6	9.760004586629973	-0.48653340113843124	0.5814349454065366	0.9370697213348268	1	1
positive regulation of hemopoiesis	GO:1903708		70	11	14.53617704391698	-0.2787452379074161	0.6985246119578502	0.886285613245842	1	1
regulation of aerobic respiration	GO:1903715		18	6	3.7378740970072237	0.47324244267546267	1.2517310839972888	0.12189962375533625	1	1
regulation of centriole elongation	GO:1903722		9	2	1.8689370485036119	0.0677773345672982	0.9301019182460473	0.5866424881018152	1	1
positive regulation of centriole elongation	GO:1903724		7	1	1.4536177043916982	-0.37405541771174117	0.6427576439377599	0.8040048847954714	1	1
regulation of phospholipid metabolic process	GO:1903725		22	6	4.568512785231052	0.27257174721331123	1.0865570588453881	0.25933091248927237	1	1
positive regulation of phospholipid metabolic process	GO:1903727		11	2	2.284256392615526	-0.13289336089485304	0.7905889481542714	0.7000405632278557	1	1
regulation of plasma membrane organization	GO:1903729		10	0	2.076596720559569	-Inf	0	1	1	1
regulation of establishment of protein localization to mitochondrion	GO:1903747		18	3	3.7378740970072237	-0.21990473788448264	0.7346935242489595	0.7543060161951124	1	1
negative regulation of establishment of protein localization to mitochondrion	GO:1903748		5	0	1.0382983602797844	-Inf	0	1	1	1
positive regulation of establishment of protein localization to mitochondrion	GO:1903749		7	1	1.4536177043916982	-0.37405541771174117	0.6427576439377599	0.8040048847954714	1	1
negative regulation of p38MAPK cascade	GO:1903753		7	1	1.4536177043916982	-0.37405541771174117	0.6427576439377599	0.8040048847954714	1	1
regulation of potassium ion export across plasma membrane	GO:1903764		8	1	1.661277376447655	-0.5075868103362635	0.5704932391303862	0.8040048847954714	1	1
negative regulation of potassium ion export across plasma membrane	GO:1903765		6	1	1.2459580323357413	-0.21990473788448278	0.7346935242489594	0.687756407879498	1	1
regulation of cardiac conduction	GO:1903779		19	1	3.9455337690631813	-1.3725842478228683	0.25081318682877285	0.9848848484905597	1	1
guanine nucleotide transmembrane transport	GO:1903790		7	3	1.4536177043916982	0.7245568709563687	1.4718161116467272	0.1614187469654273	1	1
regulation of miRNA processing	GO:1903798		11	1	2.284256392615526	-0.8260405414547983	0.4248799167694929	0.9227905796275384	1	1
negative regulation of miRNA processing	GO:1903799		6	0	1.2459580323357413	-Inf	0	1	1	1
positive regulation of miRNA processing	GO:1903800		5	1	1.0382983602797844	-0.03758318109052809	0.8550494879642134	0.687756407879498	1	1
negative regulation of voltage-gated potassium channel activity	GO:1903817		7	3	1.4536177043916982	0.7245568709563687	1.4718161116467272	0.1614187469654273	1	1
organic acid transmembrane transport	GO:1903825		77	19	15.98979474830868	0.17248828865632884	1.0084342683534842	0.23566008594600224	1	1
L-arginine transmembrane transport	GO:1903826		10	3	2.076596720559569	0.3678819270176362	1.1636753669944517	0.3454178811708285	1	1
negative regulation of protein localization	GO:1903828		126	18	26.16511867905057	-0.37405541771174117	0.6427576439377599	0.9709090797681106	1	1
magnesium ion transmembrane transport	GO:1903830		5	2	1.0382983602797844	0.6555639994694172	1.4101486239250423	0.2784677966097898	1	1
regulation of cellular response to transforming growth factor beta stimulus	GO:1903844		79	12	16.405114092420593	-0.31268647133544886	0.6782646549138196	0.909650521182328	1	1
positive regulation of cellular response to transforming growth factor beta stimulus	GO:1903846		21	2	4.360853113175095	-0.7795205258199055	0.4439030386300918	0.9510815874352324	1	1
regulation of cristae formation	GO:1903850		5	3	1.0382983602797844	1.0610291075775815	1.782860369115461	0.06394451928365348	1	1
regulation of dendrite extension	GO:1903859		16	1	3.32255475289531	-1.200733990896209	0.296605097562714	0.969591795111742	1	1
positive regulation of dendrite extension	GO:1903861		15	1	3.114895080839353	-1.1361954697586378	0.3157645429162462	0.969591795111742	1	1
regulation of IRE1-mediated unfolded protein response	GO:1903894		15	4	3.114895080839353	0.25009889136125285	1.0687514739090234	0.38067988828058175	1	1
positive regulation of IRE1-mediated unfolded protein response	GO:1903896		8	3	1.661277376447655	0.591025478331846	1.353273052440545	0.22014844812420312	1	1
regulation of PERK-mediated unfolded protein response	GO:1903897		8	1	1.661277376447655	-0.5075868103362635	0.5704932391303862	0.8040048847954714	1	1
negative regulation of PERK-mediated unfolded protein response	GO:1903898		6	1	1.2459580323357413	-0.21990473788448278	0.7346935242489594	0.687756407879498	1	1
regulation of viral life cycle	GO:1903900		101	16	20.973626877651647	-0.2706770632579061	0.7034056797614253	0.88974390189401	1	1
negative regulation of viral life cycle	GO:1903901		6	0	1.2459580323357413	-Inf	0	1	1	1
positive regulation of viral life cycle	GO:1903902		24	4	4.983832129342965	-0.21990473788448278	0.7346935242489594	0.7652001365042725	1	1
regulation of TORC2 signaling	GO:1903939		10	2	2.076596720559569	-0.03758318109052809	0.8550494879642134	0.6469486398345623	1	1
arachidonate transport	GO:1903963		8	0	1.661277376447655	-Inf	0	1	1	1
regulation of glial cell migration	GO:1903975		10	1	2.076596720559569	-0.7307303616504734	0.46465550092064367	0.9025405781366582	1	1
positive regulation of glial cell migration	GO:1903977		8	1	1.661277376447655	-0.5075868103362635	0.5704932391303862	0.8447215069503783	1	1
regulation of microglial cell activation	GO:1903978		5	1	1.0382983602797844	-0.03758318109052809	0.8550494879642134	0.687756407879498	1	1
positive regulation of vasculature development	GO:1904018		109	12	22.6349042540993	-0.6345865010975712	0.5080190635342561	0.9976101544042475	1	1
epithelial cell apoptotic process	GO:1904019		5	1	1.0382983602797844	-0.03758318109052809	0.8550494879642134	0.687756407879498	1	1
regulation of G protein-coupled receptor internalization	GO:1904020		6	1	1.2459580323357413	-0.21990473788448278	0.7346935242489594	0.7526154025838886	1	1
negative regulation of cyclin-dependent protein kinase activity	GO:1904030		11	2	2.284256392615526	-0.13289336089485304	0.7905889481542714	0.7000405632278557	1	1
regulation of epithelial cell apoptotic process	GO:1904035		17	0	3.530214424951267	-Inf	0	1	1	1
negative regulation of epithelial cell apoptotic process	GO:1904036		7	0	1.4536177043916982	-Inf	0	1	1	1
positive regulation of epithelial cell apoptotic process	GO:1904037		7	0	1.4536177043916982	-Inf	0	1	1	1
regulation of monoatomic cation transmembrane transport	GO:1904062		161	21	33.433207201009054	-0.4650271959174676	0.5927859106230472	0.9916008030346029	1	1
negative regulation of cation transmembrane transport	GO:1904063		46	8	9.552344914574016	-0.17734512346568673	0.7616766486395636	0.7448262238676102	1	1
positive regulation of cation transmembrane transport	GO:1904064		69	9	14.328517371861025	-0.4650271959174678	0.5927859106230471	0.9362785607288326	1	1
regulation of microglial cell migration	GO:1904139		7	1	1.4536177043916982	-0.37405541771174117	0.6427576439377599	0.8040048847954714	1	1
positive regulation of microglial cell migration	GO:1904141		6	1	1.2459580323357413	-0.21990473788448278	0.7346935242489594	0.7526154025838886	1	1
regulation of retrograde protein transport, ER to cytosol	GO:1904152		13	2	2.6995757367274393	-0.29994744555801905	0.6858168500062106	0.7863084571716146	1	1
negative regulation of retrograde protein transport, ER to cytosol	GO:1904153		9	2	1.8689370485036119	0.0677773345672982	0.9301019182460473	0.5866424881018152	1	1
positive regulation of membrane depolarization	GO:1904181		6	1	1.2459580323357413	-0.21990473788448278	0.7346935242489594	0.7526154025838886	1	1
regulation of bile acid metabolic process	GO:1904251		9	1	1.8689370485036119	-0.6253698459926471	0.5123516935775311	0.8769813843064487	1	1
negative regulation of TORC1 signaling	GO:1904262		42	10	8.72170622635019	0.13677020605424967	0.9813100281419231	0.37077227330994034	1	1
positive regulation of TORC1 signaling	GO:1904263		50	10	10.382983602797843	-0.03758318109052798	0.8550494879642135	0.6088768160685315	1	1
regulation of ERAD pathway	GO:1904292		21	4	4.360853113175095	-0.08637334525996013	0.8216351574574108	0.661983562527506	1	1
negative regulation of ERAD pathway	GO:1904293		6	2	1.2459580323357413	0.4732424426754625	1.2517310839972888	0.36346143435754485	1	1
positive regulation of ERAD pathway	GO:1904294		15	1	3.114895080839353	-1.1361954697586378	0.3157645429162462	0.969591795111742	1	1
response to forskolin	GO:1904321		6	1	1.2459580323357413	-0.21990473788448278	0.7346935242489594	0.7526154025838886	1	1
cellular response to forskolin	GO:1904322		6	1	1.2459580323357413	-0.21990473788448278	0.7346935242489594	0.7526154025838886	1	1
regulation of protein catabolic process in the vacuole	GO:1904350		9	3	1.8689370485036119	0.47324244267546267	1.2517310839972888	0.2821996753436965	1	1
positive regulation of protein catabolic process in the vacuole	GO:1904352		5	3	1.0382983602797844	1.0610291075775815	1.782860369115461	0.06394451928365348	1	1
regulation of telomere capping	GO:1904353		12	1	2.4919160646714826	-0.9130519184444281	0.39123986519130494	0.9388339804989202	1	1
negative regulation of telomere capping	GO:1904354		7	1	1.4536177043916982	-0.37405541771174117	0.6427576439377599	0.8040048847954714	1	1
regulation of telomere maintenance via telomere lengthening	GO:1904356		48	5	9.96766425868593	-0.6899083671302183	0.4826621437602806	0.974905484112176	1	1
negative regulation of telomere maintenance via telomere lengthening	GO:1904357		28	3	5.814470817566793	-0.661737490163522	0.4954358756915953	0.9292177241273096	1	1
positive regulation of telomere maintenance via telomere lengthening	GO:1904358		22	2	4.568512785231052	-0.8260405414547983	0.4248799167694929	0.9596879464758464	1	1
regulation of protein localization to cell periphery	GO:1904375		87	25	18.066391468868247	0.3248224375571894	1.1285209413358392	0.042282711064151976	1	1
negative regulation of protein localization to cell periphery	GO:1904376		23	4	4.776172457287008	-0.17734512346568673	0.7616766486395636	0.6994719172777473	1	1
positive regulation of protein localization to cell periphery	GO:1904377		46	13	9.552344914574016	0.30816269231601395	1.1150568057285526	0.14227998133105238	1	1
endoplasmic reticulum mannose trimming	GO:1904380		12	1	2.4919160646714826	-0.9130519184444281	0.39123986519130494	0.9388339804989202	1	1
cellular response to angiotensin	GO:1904385		13	0	2.6995757367274393	-Inf	0	1	1	1
negative regulation of nitric oxide metabolic process	GO:1904406		6	1	1.2459580323357413	-0.21990473788448278	0.7346935242489594	0.7526154025838886	1	1
positive regulation of nitric oxide metabolic process	GO:1904407		20	3	4.153193441119138	-0.32526525354230906	0.6708686990356654	0.7873782230686989	1	1
positive regulation of calcium ion transmembrane transport	GO:1904427		36	4	7.4757481940144475	-0.6253698459926471	0.5123516935775311	0.9512442540874169	1	1
positive regulation of TORC2 signaling	GO:1904515		6	1	1.2459580323357413	-0.21990473788448278	0.7346935242489594	0.7526154025838886	1	1
L-alanine transmembrane transport	GO:1904557		5	0	1.0382983602797844	-Inf	0	1	1	1
regulation of termination of RNA polymerase II transcription	GO:1904594		6	0	1.2459580323357413	-Inf	0	1	1	1
response to amyloid-beta	GO:1904645		35	12	7.26808852195849	0.501413319642159	1.2757347710000482	0.0444298315338456	1	1
cellular response to amyloid-beta	GO:1904646		28	11	5.814470817566793	0.6375454939667388	1.3941875753629398	0.019432096515099927	1	1
glucose transmembrane transport	GO:1904659		19	5	3.9455337690631813	0.23685366461123208	1.058327343188305	0.3128420019394392	1	1
regulation of ubiquitin protein ligase activity	GO:1904666		17	8	3.530214424951267	0.8180829289671921	1.5566980303887332	0.008837006572427163	1	1
negative regulation of ubiquitin protein ligase activity	GO:1904667		9	6	1.8689370485036119	1.166389623235408	1.8829554115277662	0.003743103488222975	0.9496788278691434	0.9496788278691433
positive regulation of ubiquitin protein ligase activity	GO:1904668		8	2	1.661277376447655	0.18556037022368177	1.0184629095493067	0.4442785093143923	1	1
ATP export	GO:1904669		6	3	1.2459580323357413	0.878707550783627	1.6124283013649316	0.1084805211142787	1	1
regulation of cytoplasmic translational initiation	GO:1904688		9	4	1.8689370485036119	0.7609245151272435	1.5046554115250335	0.09604599368521607	1	1
positive regulation of cytoplasmic translational initiation	GO:1904690		7	2	1.4536177043916982	0.3190917628482042	1.123880732467684	0.4442785093143923	1	1
regulation of vascular associated smooth muscle cell proliferation	GO:1904705		38	5	7.891067538126363	-0.4562935159487132	0.597445875675129	0.9196248277918873	1	1
negative regulation of vascular associated smooth muscle cell proliferation	GO:1904706		16	3	3.32255475289531	-0.10212170222809921	0.8110355253935493	0.6758810380350535	1	1
positive regulation of vascular associated smooth muscle cell proliferation	GO:1904707		22	2	4.568512785231052	-0.8260405414547983	0.4248799167694929	0.9596879464758464	1	1
regulation of chaperone-mediated autophagy	GO:1904714		6	3	1.2459580323357413	0.878707550783627	1.6124283013649316	0.1084805211142787	1	1
regulation of protein localization to nucleolus	GO:1904749		7	1	1.4536177043916982	-0.37405541771174117	0.6427576439377599	0.8040048847954714	1	1
regulation of vascular associated smooth muscle cell migration	GO:1904752		13	1	2.6995757367274393	-0.9930946261179644	0.3624410396831095	0.9515444407761957	1	1
negative regulation of vascular associated smooth muscle cell migration	GO:1904753		5	1	1.0382983602797844	-0.03758318109052809	0.8550494879642134	0.687756407879498	1	1
positive regulation of vascular associated smooth muscle cell migration	GO:1904754		8	0	1.661277376447655	-Inf	0	1	1	1
regulation of protein localization to cell cortex	GO:1904776		8	4	1.661277376447655	0.8787075507836271	1.6124283013649319	0.06353591170080096	1	1
positive regulation of protein localization to cell cortex	GO:1904778		5	3	1.0382983602797844	1.0610291075775815	1.782860369115461	0.06394451928365348	1	1
regulation of protein localization to centrosome	GO:1904779		12	0	2.4919160646714826	-Inf	0	1	1	1
positive regulation of protein localization to centrosome	GO:1904781		7	0	1.4536177043916982	-Inf	0	1	1	1
regulation of protein localization to chromosome, telomeric region	GO:1904814		10	1	2.076596720559569	-0.7307303616504734	0.46465550092064367	0.9025405781366582	1	1
positive regulation of protein localization to chromosome, telomeric region	GO:1904816		6	0	1.2459580323357413	-Inf	0	1	1	1
regulation of cell chemotaxis to fibroblast growth factor	GO:1904847		6	0	1.2459580323357413	-Inf	0	1	1	1
excitatory synapse assembly	GO:1904861		6	1	1.2459580323357413	-0.21990473788448278	0.7346935242489594	0.7526154025838886	1	1
inhibitory synapse assembly	GO:1904862		7	1	1.4536177043916982	-0.37405541771174117	0.6427576439377599	0.8040048847954714	1	1
regulation of telomerase RNA localization to Cajal body	GO:1904872		7	1	1.4536177043916982	-0.37405541771174117	0.6427576439377599	0.8040048847954714	1	1
cranial skeletal system development	GO:1904888		16	1	3.32255475289531	-1.200733990896209	0.296605097562714	0.9759117881171515	1	1
regulation of receptor signaling pathway via STAT	GO:1904892		51	5	10.5906432748538	-0.7505329889466531	0.456132571951848	0.9865325757960184	1	1
negative regulation of receptor signaling pathway via STAT	GO:1904893		18	2	3.7378740970072237	-0.6253698459926471	0.5123516935775311	0.8958039001890645	1	1
positive regulation of receptor signaling pathway via STAT	GO:1904894		31	3	6.4374498337346635	-0.7635201844734644	0.4506173724985261	0.969923304644029	1	1
regulation of endothelial cell-matrix adhesion via fibronectin	GO:1904904		8	2	1.661277376447655	0.18556037022368177	1.0184629095493067	0.5189885297111225	1	1
positive regulation of endothelial cell-matrix adhesion via fibronectin	GO:1904906		7	2	1.4536177043916982	0.3190917628482042	1.123880732467684	0.4442785093143923	1	1
midbrain dopaminergic neuron differentiation	GO:1904948		9	0	1.8689370485036119	-Inf	0	1	1	1
negative regulation of establishment of protein localization	GO:1904950		71	8	14.74383671597294	-0.6113836040179073	0.5189859878711881	0.9880787607808654	1	1
positive regulation of establishment of protein localization	GO:1904951		155	37	32.18724916867332	0.13934752706855008	0.9832534616333538	0.18250652756589061	1	1
brush border assembly	GO:1904970		6	0	1.2459580323357413	-Inf	0	1	1	1
regulation of endosome organization	GO:1904978		5	1	1.0382983602797844	-0.03758318109052809	0.8550494879642134	0.687756407879498	1	1
regulation of leukocyte adhesion to vascular endothelial cell	GO:1904994		16	2	3.32255475289531	-0.5075868103362635	0.5704932391303862	0.8747919000306	1	1
negative regulation of leukocyte adhesion to vascular endothelial cell	GO:1904995		5	2	1.0382983602797844	0.6555639994694172	1.4101486239250423	0.2784677966097898	1	1
positive regulation of leukocyte adhesion to vascular endothelial cell	GO:1904996		10	0	2.076596720559569	-Inf	0	1	1	1
autophagosome organization	GO:1905037		56	6	11.628941635133586	-0.661737490163522	0.4954358756915953	0.9846735053905389	1	1
regulation of membrane lipid metabolic process	GO:1905038		10	4	2.076596720559569	0.6555639994694172	1.4101486239250423	0.1346905284137217	1	1
carboxylic acid transmembrane transport	GO:1905039		74	18	15.366815732140807	0.1581613960355674	0.9975052403962485	0.2644360231635663	1	1
regulation of metallopeptidase activity	GO:1905048		5	1	1.0382983602797844	-0.03758318109052809	0.8550494879642134	0.687756407879498	1	1
regulation of vascular associated smooth muscle cell differentiation	GO:1905063		10	3	2.076596720559569	0.3678819270176362	1.1636753669944517	0.3454178811708285	1	1
negative regulation of vascular associated smooth muscle cell differentiation	GO:1905064		6	3	1.2459580323357413	0.878707550783627	1.6124283013649316	0.1084805211142787	1	1
regulation of parkin-mediated stimulation of mitophagy in response to mitochondrial depolarization	GO:1905089		8	3	1.661277376447655	0.591025478331846	1.353273052440545	0.22014844812420312	1	1
positive regulation of parkin-mediated stimulation of mitophagy in response to mitochondrial depolarization	GO:1905091		7	2	1.4536177043916982	0.3190917628482042	1.123880732467684	0.4442785093143923	1	1
regulation of guanyl-nucleotide exchange factor activity	GO:1905097		7	2	1.4536177043916982	0.3190917628482042	1.123880732467684	0.4442785093143923	1	1
negative regulation of guanyl-nucleotide exchange factor activity	GO:1905098		5	2	1.0382983602797844	0.6555639994694172	1.4101486239250423	0.2784677966097898	1	1
response to acetylcholine	GO:1905144		13	1	2.6995757367274393	-0.9930946261179644	0.3624410396831095	0.9388339804989202	1	1
cellular response to acetylcholine	GO:1905145		13	1	2.6995757367274393	-0.9930946261179644	0.3624410396831095	0.9388339804989202	1	1
lysosomal protein catabolic process	GO:1905146		5	2	1.0382983602797844	0.6555639994694172	1.4101486239250423	0.2784677966097898	1	1
regulation of lysosomal protein catabolic process	GO:1905165		7	1	1.4536177043916982	-0.37405541771174117	0.6427576439377599	0.8040048847954714	1	1
positive regulation of double-strand break repair via homologous recombination	GO:1905168		39	4	8.09872721018232	-0.7054125536661837	0.47575345058804924	0.9644376076734115	1	1
regulation of cardiocyte differentiation	GO:1905207		15	1	3.114895080839353	-1.1361954697586378	0.3157645429162462	0.961614211589703	1	1
negative regulation of cardiocyte differentiation	GO:1905208		7	0	1.4536177043916982	-Inf	0	1	1	1
positive regulation of cardiocyte differentiation	GO:1905209		8	1	1.661277376447655	-0.5075868103362635	0.5704932391303862	0.8447215069503783	1	1
negative regulation of chromatin organization	GO:1905268		7	3	1.4536177043916982	0.7245568709563687	1.4718161116467272	0.1614187469654273	1	1
regulation of epithelial tube formation	GO:1905276		6	0	1.2459580323357413	-Inf	0	1	1	1
positive regulation of epithelial tube formation	GO:1905278		6	0	1.2459580323357413	-Inf	0	1	1	1
regulation of retrograde transport, endosome to Golgi	GO:1905279		5	1	1.0382983602797844	-0.03758318109052809	0.8550494879642134	0.687756407879498	1	1
semi-lunar valve development	GO:1905314		23	5	4.776172457287008	0.045798427848522894	0.9141258443564794	0.5361092021545812	1	1
telomerase holoenzyme complex assembly	GO:1905323		5	0	1.0382983602797844	-Inf	0	1	1	1
regulation of morphogenesis of an epithelium	GO:1905330		21	1	4.360853113175095	-1.4726677063798508	0.2273493330185462	0.9924876578153858	1	1
positive regulation of morphogenesis of an epithelium	GO:1905332		13	0	2.6995757367274393	-Inf	0	1	1	1
regulation of aggrephagy	GO:1905335		8	1	1.661277376447655	-0.5075868103362635	0.5704932391303862	0.8447215069503783	1	1
positive regulation of aggrephagy	GO:1905337		6	0	1.2459580323357413	-Inf	0	1	1	1
regulation of vascular associated smooth muscle cell apoptotic process	GO:1905459		7	2	1.4536177043916982	0.3190917628482042	1.123880732467684	0.4442785093143923	1	1
positive regulation of vascular associated smooth muscle cell apoptotic process	GO:1905461		5	1	1.0382983602797844	-0.03758318109052809	0.8550494879642134	0.687756407879498	1	1
regulation of protein localization to membrane	GO:1905475		98	21	20.350647861483775	0.03140969039642335	0.9037570637243312	0.43397529358447945	1	1
negative regulation of protein localization to membrane	GO:1905476		26	3	5.399151473454879	-0.5876295180098001	0.5304189204269063	0.9165140359719977	1	1
positive regulation of protein localization to membrane	GO:1905477		56	10	11.628941635133586	-0.15091186639753132	0.7787800313694351	0.7322223062121347	1	1
protein localization to microtubule organizing center	GO:1905508		21	5	4.360853113175095	0.13677020605424967	0.9813100281419231	0.44906746990504853	1	1
non-motile cilium assembly	GO:1905515		15	2	3.114895080839353	-0.4430482891986925	0.6045686331939815	0.8499280422811566	1	1
macrophage migration	GO:1905517		8	1	1.661277376447655	-0.5075868103362635	0.5704932391303862	0.8447215069503783	1	1
regulation of macrophage migration	GO:1905521		20	3	4.153193441119138	-0.32526525354230906	0.6708686990356654	0.8166635360254624	1	1
positive regulation of macrophage migration	GO:1905523		16	3	3.32255475289531	-0.10212170222809921	0.8110355253935493	0.6758810380350535	1	1
regulation of blood vessel branching	GO:1905553		6	0	1.2459580323357413	-Inf	0	1	1	1
positive regulation of blood vessel branching	GO:1905555		5	0	1.0382983602797844	-Inf	0	1	1	1
regulation of vascular endothelial cell proliferation	GO:1905562		17	4	3.530214424951267	0.1249357484072468	0.9724140606384994	0.4830503542687592	1	1
negative regulation of vascular endothelial cell proliferation	GO:1905563		5	1	1.0382983602797844	-0.03758318109052809	0.8550494879642134	0.687756407879498	1	1
positive regulation of vascular endothelial cell proliferation	GO:1905564		11	3	2.284256392615526	0.27257174721331123	1.0865570588453881	0.40803498456474274	1	1
regulation of blood-brain barrier permeability	GO:1905603		6	0	1.2459580323357413	-Inf	0	1	1	1
regulation of presynapse assembly	GO:1905606		13	1	2.6995757367274393	-0.9930946261179644	0.3624410396831095	0.8769813843064487	1	1
regulation of protein localization to chromatin	GO:1905634		8	1	1.661277376447655	-0.5075868103362635	0.5704932391303862	0.8447215069503783	1	1
regulation of protein localization to endosome	GO:1905666		9	1	1.8689370485036119	-0.6253698459926471	0.5123516935775311	0.8769813843064487	1	1
positive regulation of protein localization to endosome	GO:1905668		8	1	1.661277376447655	-0.5075868103362635	0.5704932391303862	0.8447215069503783	1	1
regulation of lysosome organization	GO:1905671		10	3	2.076596720559569	0.3678819270176362	1.1636753669944517	0.3454178811708285	1	1
lipid droplet disassembly	GO:1905691		7	0	1.4536177043916982	-Inf	0	1	1	1
negative regulation of membrane permeability	GO:1905709		11	4	2.284256392615526	0.5602538196650922	1.3264517770645412	0.17843893878705638	1	1
positive regulation of membrane permeability	GO:1905710		19	4	3.9455337690631813	0.013710113297022255	0.8911012527496509	0.5779209128693176	1	1
protein localization to perinuclear region of cytoplasm	GO:1905719		9	1	1.8689370485036119	-0.6253698459926471	0.5123516935775311	0.8769813843064487	1	1
regulation of chromosome separation	GO:1905818		47	14	9.760004586629973	0.3607644592487724	1.1578299054454035	0.07960497323179673	1	1
negative regulation of chromosome separation	GO:1905819		23	8	4.776172457287008	0.5158020570942585	1.2880657241065763	0.08574807083976485	1	1
positive regulation of chromosome separation	GO:1905820		13	5	2.6995757367274393	0.616343286316136	1.3754867514069333	0.11278616204544985	1	1
positive regulation of chromosome condensation	GO:1905821		5	1	1.0382983602797844	-0.03758318109052809	0.8550494879642134	0.687756407879498	1	1
regulation of 3'-UTR-mediated mRNA stabilization	GO:1905868		8	0	1.661277376447655	-Inf	0	1	1	1
positive regulation of 3'-UTR-mediated mRNA stabilization	GO:1905870		6	0	1.2459580323357413	-Inf	0	1	1	1
regulation of response to endoplasmic reticulum stress	GO:1905897		67	13	13.913198027749111	-0.06788853058585703	0.8341927031631421	0.6331052052941609	1	1
positive regulation of response to endoplasmic reticulum stress	GO:1905898		31	6	6.4374498337346635	-0.07037300391351901	0.8324976266966551	0.6470037365878143	1	1
regulation of amyloid fibril formation	GO:1905906		14	2	2.9072354087833965	-0.37405541771174117	0.6427576439377599	0.8206374202006002	1	1
negative regulation of amyloid fibril formation	GO:1905907		10	1	2.076596720559569	-0.7307303616504734	0.46465550092064367	0.9025405781366582	1	1
positive regulation of amyloid fibril formation	GO:1905908		5	1	1.0382983602797844	-0.03758318109052809	0.8550494879642134	0.687756407879498	1	1
regulation of gonad development	GO:1905939		6	0	1.2459580323357413	-Inf	0	1	1	1
regulation of lipid localization	GO:1905952		89	19	18.48171081298016	0.02765734077787294	0.901064867782507	0.4442770599964223	1	1
negative regulation of lipid localization	GO:1905953		29	7	6.02213048962275	0.15046905041241138	0.9916643736520799	0.3594512356156642	1	1
positive regulation of lipid localization	GO:1905954		54	11	11.213622291021672	-0.019234042422331617	0.8678386705554925	0.5552037381391064	1	1
amyloid fibril formation	GO:1990000		26	2	5.399151473454879	-0.9930946261179644	0.3624410396831095	0.9776356206684261	1	1
response to nerve growth factor	GO:1990089		6	1	1.2459580323357413	-0.21990473788448278	0.7346935242489594	0.7526154025838886	1	1
cellular response to nerve growth factor stimulus	GO:1990090		6	1	1.2459580323357413	-0.21990473788448278	0.7346935242489594	0.7526154025838886	1	1
ribosome-associated ubiquitin-dependent protein catabolic process	GO:1990116		7	0	1.4536177043916982	-Inf	0	1	1	1
neuron projection extension	GO:1990138		15	1	3.114895080839353	-1.1361954697586378	0.3157645429162462	0.969591795111742	1	1
protein localization to site of double-strand break	GO:1990166		15	2	3.114895080839353	-0.4430482891986925	0.6045686331939815	0.8499280422811566	1	1
cellular response to leucine starvation	GO:1990253		10	1	2.076596720559569	-0.7307303616504734	0.46465550092064367	0.9025405781366582	1	1
neutrophil migration	GO:1990266		31	5	6.4374498337346635	-0.2526945607074737	0.7143744674522063	0.7765621815304163	1	1
gap junction-mediated intercellular transport	GO:1990349		5	0	1.0382983602797844	-Inf	0	1	1	1
lipid transport across blood-brain barrier	GO:1990379		5	2	1.0382983602797844	0.6555639994694172	1.4101486239250423	0.19265848567933533	1	1
calcitonin gene-related peptide receptor signaling pathway	GO:1990408		5	2	1.0382983602797844	0.6555639994694172	1.4101486239250423	0.2784677966097898	1	1
adrenomedullin receptor signaling pathway	GO:1990410		5	1	1.0382983602797844	-0.03758318109052809	0.8550494879642134	0.687756407879498	1	1
mitochondrion-endoplasmic reticulum membrane tethering	GO:1990456		7	2	1.4536177043916982	0.3190917628482042	1.123880732467684	0.4442785093143923	1	1
mRNA pseudouridine synthesis	GO:1990481		8	6	1.661277376447655	1.2841726588917914	1.9959567809948484	0.0015144679383654485	0.5379390117074073	0.5379390117074073
neuron projection maintenance	GO:1990535		5	0	1.0382983602797844	-Inf	0	1	1	1
mitochondrial transmembrane transport	GO:1990542		64	14	13.29021901158124	0.052028977599159025	0.9186378848656271	0.46228584180319754	1	1
protein polyufmylation	GO:1990564		5	1	1.0382983602797844	-0.03758318109052809	0.8550494879642134	0.687756407879498	1	1
potassium ion import across plasma membrane	GO:1990573		16	2	3.32255475289531	-0.5075868103362635	0.5704932391303862	0.8747919000306	1	1
protein K69-linked ufmylation	GO:1990592		5	1	1.0382983602797844	-0.03758318109052809	0.8550494879642134	0.687756407879498	1	1
nucleolar chromatin organization	GO:1990700		5	3	1.0382983602797844	1.0610291075775815	1.782860369115461	0.06394451928365348	1	1
cellular detoxification	GO:1990748		39	7	8.09872721018232	-0.14579676573076106	0.7821200085399691	0.7280912537836687	1	1
response to angiotensin	GO:1990776		14	1	2.9072354087833965	-1.0672025982716864	0.3375241858610443	0.961614211589703	1	1
protein localization to cell periphery	GO:1990778		111	19	23.050223598211215	-0.19323649080232141	0.751521090766546	0.847538528391417	1	1
ligand-gated ion channel signaling pathway	GO:1990806		11	1	2.284256392615526	-0.8260405414547983	0.4248799167694929	0.9025405781366582	1	1
endoplasmic reticulum tubular network membrane organization	GO:1990809		5	0	1.0382983602797844	-Inf	0	1	1	1
basic amino acid transmembrane transport	GO:1990822		10	3	2.076596720559569	0.3678819270176362	1.1636753669944517	0.3454178811708285	1	1
response to lectin	GO:1990840		16	3	3.32255475289531	-0.10212170222809921	0.8110355253935493	0.6758810380350535	1	1
vacuolar localization	GO:1990849		35	3	7.26808852195849	-0.8848810414777317	0.4018594823385352	0.9789009624665828	1	1
cellular response to lectin	GO:1990858		16	3	3.32255475289531	-0.10212170222809921	0.8110355253935493	0.6758810380350535	1	1
response to chemokine	GO:1990868		35	8	7.26808852195849	0.09594821153399462	0.9508191032055971	0.4107093893815096	1	1
cellular response to chemokine	GO:1990869		35	8	7.26808852195849	0.09594821153399462	0.9508191032055971	0.4107093893815096	1	1
response to amino acid starvation	GO:1990928		46	13	9.552344914574016	0.30816269231601395	1.1150568057285526	0.14227998133105238	1	1
xenobiotic detoxification by transmembrane export across the plasma membrane	GO:1990961		9	2	1.8689370485036119	0.0677773345672982	0.9301019182460473	0.5866424881018152	1	1
regulation of DNA damage checkpoint	GO:2000001		9	0	1.8689370485036119	-Inf	0	1	1	1
regulation of protein localization to cell surface	GO:2000008		26	3	5.399151473454879	-0.5876295180098001	0.5304189204269063	0.9292177241273096	1	1
negative regulation of protein localization to cell surface	GO:2000009		8	1	1.661277376447655	-0.5075868103362635	0.5704932391303862	0.8447215069503783	1	1
positive regulation of protein localization to cell surface	GO:2000010		11	3	2.284256392615526	0.27257174721331123	1.0865570588453881	0.40803498456474274	1	1
regulation of male gonad development	GO:2000018		5	0	1.0382983602797844	-Inf	0	1	1	1
regulation of animal organ morphogenesis	GO:2000027		10	0	2.076596720559569	-Inf	0	1	1	1
regulation of stem cell population maintenance	GO:2000036		8	0	1.661277376447655	-Inf	0	1	1	1
negative regulation of double-strand break repair via homologous recombination	GO:2000042		23	3	4.776172457287008	-0.4650271959174678	0.5927859106230471	0.8650179970290931	1	1
regulation of G1/S transition of mitotic cell cycle	GO:2000045		90	24	18.689370485036118	0.25009889136125285	1.0687514739090234	0.0782379243475194	1	1
regulation of cell-cell adhesion mediated by cadherin	GO:2000047		20	3	4.153193441119138	-0.32526525354230906	0.6708686990356654	0.8166635360254624	1	1
negative regulation of cell-cell adhesion mediated by cadherin	GO:2000048		10	2	2.076596720559569	-0.03758318109052809	0.8550494879642134	0.6469486398345623	1	1
positive regulation of cell-cell adhesion mediated by cadherin	GO:2000049		10	1	2.076596720559569	-0.7307303616504734	0.46465550092064367	0.9025405781366582	1	1
regulation of non-canonical Wnt signaling pathway	GO:2000050		12	1	2.4919160646714826	-0.9130519184444281	0.39123986519130494	0.9025405781366582	1	1
positive regulation of non-canonical Wnt signaling pathway	GO:2000052		7	1	1.4536177043916982	-0.37405541771174117	0.6427576439377599	0.7526154025838886	1	1
regulation of ubiquitin-dependent protein catabolic process	GO:2000058		116	24	24.088521958491	-0.0036816294148469112	0.8787726794625421	0.5070584221177075	1	1
negative regulation of ubiquitin-dependent protein catabolic process	GO:2000059		41	11	8.514046554294232	0.25617793743763495	1.073553276354872	0.21733649016641737	1	1
positive regulation of ubiquitin-dependent protein catabolic process	GO:2000060		66	15	13.705538355693154	0.0902501904193569	0.9466071317499708	0.3693512017454356	1	1
regulation of cortisol biosynthetic process	GO:2000064		7	0	1.4536177043916982	-Inf	0	1	1	1
regulation of Wnt signaling pathway, planar cell polarity pathway	GO:2000095		6	1	1.2459580323357413	-0.21990473788448278	0.7346935242489594	0.6058986856255562	1	1
positive regulation of Wnt signaling pathway, planar cell polarity pathway	GO:2000096		5	1	1.0382983602797844	-0.03758318109052809	0.8550494879642134	0.6058986856255562	1	1
negative regulation of DNA-templated DNA replication	GO:2000104		6	2	1.2459580323357413	0.4732424426754625	1.2517310839972888	0.36346143435754485	1	1
positive regulation of DNA-templated DNA replication	GO:2000105		8	0	1.661277376447655	-Inf	0	1	1	1
regulation of leukocyte apoptotic process	GO:2000106		38	7	7.891067538126363	-0.11982127932750031	0.799231901207264	0.6728228779929921	1	1
negative regulation of leukocyte apoptotic process	GO:2000107		21	6	4.360853113175095	0.3190917628482042	1.123880732467684	0.25933091248927237	1	1
positive regulation of leukocyte apoptotic process	GO:2000108		13	0	2.6995757367274393	-Inf	0	1	1	1
regulation of establishment of cell polarity	GO:2000114		13	0	2.6995757367274393	-Inf	0	1	1	1
negative regulation of G1/S transition of mitotic cell cycle	GO:2000134		42	13	8.72170622635019	0.3991344705217406	1.189500950238897	0.06713176137531804	1	1
regulation of DNA-templated transcription initiation	GO:2000142		48	6	9.96766425868593	-0.5075868103362637	0.5704932391303862	0.9519099663430537	1	1
negative regulation of DNA-templated transcription initiation	GO:2000143		6	2	1.2459580323357413	0.4732424426754625	1.2517310839972888	0.36346143435754485	1	1
positive regulation of DNA-templated transcription initiation	GO:2000144		40	3	8.306386882238275	-1.0184124341022545	0.3537439532702085	0.9941550562324344	1	1
positive regulation of cilium-dependent cell motility	GO:2000155		8	0	1.661277376447655	-Inf	0	1	1	1
regulation of neural precursor cell proliferation	GO:2000177		8	3	1.661277376447655	0.591025478331846	1.353273052440545	0.22014844812420312	1	1
positive regulation of neural precursor cell proliferation	GO:2000179		5	3	1.0382983602797844	1.0610291075775815	1.782860369115461	0.06394451928365348	1	1
negative regulation of blood vessel morphogenesis	GO:2000181		79	15	16.405114092420593	-0.08954292002123912	0.8194944999585874	0.6747694500845727	1	1
regulation of fatty acid transport	GO:2000191		12	2	2.4919160646714826	-0.21990473788448278	0.7346935242489594	0.7463131700423387	1	1
negative regulation of fatty acid transport	GO:2000192		7	2	1.4536177043916982	0.3190917628482042	1.123880732467684	0.4442785093143923	1	1
regulation of ribonucleoprotein complex localization	GO:2000197		10	1	2.076596720559569	-0.7307303616504734	0.46465550092064367	0.9025405781366582	1	1
regulation of anoikis	GO:2000209		22	4	4.568512785231052	-0.13289336089485304	0.7905889481542714	0.6214281163137048	1	1
positive regulation of anoikis	GO:2000210		5	1	1.0382983602797844	-0.03758318109052809	0.8550494879642134	0.5025886356390014	1	1
regulation of rRNA processing	GO:2000232		14	4	2.9072354087833965	0.3190917628482042	1.123880732467684	0.3283552675545878	1	1
positive regulation of rRNA processing	GO:2000234		10	4	2.076596720559569	0.6555639994694172	1.4101486239250423	0.1346905284137217	1	1
regulation of reproductive process	GO:2000241		50	6	10.382983602797843	-0.5484088048565187	0.549754965062503	0.9635150512160765	1	1
negative regulation of reproductive process	GO:2000242		16	3	3.32255475289531	-0.10212170222809921	0.8110355253935493	0.6758810380350535	1	1
positive regulation of reproductive process	GO:2000243		28	2	5.814470817566793	-1.0672025982716864	0.3375241858610443	0.9877287920177849	1	1
regulation of fibroblast apoptotic process	GO:2000269		9	1	1.8689370485036119	-0.6253698459926471	0.5123516935775311	0.8769813843064487	1	1
positive regulation of fibroblast apoptotic process	GO:2000271		7	0	1.4536177043916982	-Inf	0	1	1	1
negative regulation of signaling receptor activity	GO:2000272		12	2	2.4919160646714826	-0.21990473788448278	0.7346935242489594	0.7463131700423387	1	1
regulation of DNA biosynthetic process	GO:2000278		72	13	14.951496388028895	-0.1398620302109463	0.7860074496225762	0.719748665726522	1	1
negative regulation of DNA biosynthetic process	GO:2000279		27	3	5.606811145510836	-0.6253698459926471	0.5123516935775311	0.9165140359719977	1	1
regulation of myoblast proliferation	GO:2000291		5	0	1.0382983602797844	-Inf	0	1	1	1
regulation of synaptic vesicle exocytosis	GO:2000300		6	1	1.2459580323357413	-0.21990473788448278	0.7346935242489594	0.7526154025838886	1	1
regulation of ceramide biosynthetic process	GO:2000303		8	2	1.661277376447655	0.18556037022368177	1.0184629095493067	0.5189885297111225	1	1
regulation of AMPA receptor activity	GO:2000311		5	0	1.0382983602797844	-Inf	0	1	1	1
regulation of T-helper 17 type immune response	GO:2000316		9	3	1.8689370485036119	0.47324244267546267	1.2517310839972888	0.2821996753436965	1	1
negative regulation of T-helper 17 type immune response	GO:2000317		6	2	1.2459580323357413	0.4732424426754625	1.2517310839972888	0.36346143435754485	1	1
regulation of T-helper 17 cell differentiation	GO:2000319		8	2	1.661277376447655	0.18556037022368177	1.0184629095493067	0.5189885297111225	1	1
negative regulation of T-helper 17 cell differentiation	GO:2000320		6	2	1.2459580323357413	0.4732424426754625	1.2517310839972888	0.36346143435754485	1	1
regulation of T-helper 17 cell lineage commitment	GO:2000328		7	2	1.4536177043916982	0.3190917628482042	1.123880732467684	0.4442785093143923	1	1
negative regulation of T-helper 17 cell lineage commitment	GO:2000329		5	2	1.0382983602797844	0.6555639994694172	1.4101486239250423	0.2784677966097898	1	1
regulation of chemokine (C-X-C motif) ligand 2 production	GO:2000341		11	2	2.284256392615526	-0.13289336089485304	0.7905889481542714	0.7000405632278557	1	1
positive regulation of chemokine (C-X-C motif) ligand 2 production	GO:2000343		6	1	1.2459580323357413	-0.21990473788448278	0.7346935242489594	0.7526154025838886	1	1
positive regulation of acrosome reaction	GO:2000344		5	0	1.0382983602797844	-Inf	0	1	1	1
regulation of endothelial cell apoptotic process	GO:2000351		46	4	9.552344914574016	-0.870492304025632	0.40738318263698703	0.9920597582214279	1	1
negative regulation of endothelial cell apoptotic process	GO:2000352		25	1	5.1914918013989215	-1.6470210935246283	0.19145115443050073	0.9970431163891439	1	1
positive regulation of endothelial cell apoptotic process	GO:2000353		19	3	3.9455337690631813	-0.2739719591547587	0.7014093242688044	0.7873782230686989	1	1
regulation of clathrin-dependent endocytosis	GO:2000369		11	3	2.284256392615526	0.27257174721331123	1.0865570588453881	0.40803498456474274	1	1
regulation of reactive oxygen species metabolic process	GO:2000377		80	13	16.61277376447655	-0.24522254586877254	0.7189685726548809	0.8502692071257494	1	1
negative regulation of reactive oxygen species metabolic process	GO:2000378		14	3	2.9072354087833965	0.03140969039642335	0.9037570637243312	0.580334678997702	1	1
positive regulation of reactive oxygen species metabolic process	GO:2000379		46	5	9.552344914574016	-0.6473487527114224	0.5020709535360993	0.9660623564496018	1	1
regulation of lamellipodium morphogenesis	GO:2000392		10	1	2.076596720559569	-0.7307303616504734	0.46465550092064367	0.8769813843064487	1	1
positive regulation of lamellipodium morphogenesis	GO:2000394		6	1	1.2459580323357413	-0.21990473788448278	0.7346935242489594	0.7526154025838886	1	1
regulation of lymphocyte migration	GO:2000401		40	7	8.306386882238275	-0.17111457371505073	0.7656843782754985	0.7280912537836687	1	1
negative regulation of lymphocyte migration	GO:2000402		12	4	2.4919160646714826	0.4732424426754625	1.2517310839972888	0.22610735079264685	1	1
positive regulation of lymphocyte migration	GO:2000403		25	3	5.1914918013989215	-0.5484088048565187	0.549754965062503	0.9165140359719977	1	1
regulation of T cell migration	GO:2000404		26	3	5.399151473454879	-0.5876295180098001	0.5304189204269063	0.9165140359719977	1	1
positive regulation of T cell migration	GO:2000406		21	3	4.360853113175095	-0.37405541771174117	0.6427576439377599	0.8424435316084549	1	1
regulation of apoptotic cell clearance	GO:2000425		7	1	1.4536177043916982	-0.37405541771174117	0.6427576439377599	0.8040048847954714	1	1
positive regulation of apoptotic cell clearance	GO:2000427		5	1	1.0382983602797844	-0.03758318109052809	0.8550494879642134	0.687756407879498	1	1
regulation of protein neddylation	GO:2000434		11	4	2.284256392615526	0.5602538196650922	1.3264517770645412	0.17843893878705638	1	1
negative regulation of protein neddylation	GO:2000435		5	2	1.0382983602797844	0.6555639994694172	1.4101486239250423	0.2784677966097898	1	1
positive regulation of protein neddylation	GO:2000436		5	1	1.0382983602797844	-0.03758318109052809	0.8550494879642134	0.687756407879498	1	1
regulation of cAMP-dependent protein kinase activity	GO:2000479		5	0	1.0382983602797844	-Inf	0	1	1	1
regulation of natural killer cell chemotaxis	GO:2000501		7	1	1.4536177043916982	-0.37405541771174117	0.6427576439377599	0.8040048847954714	1	1
positive regulation of natural killer cell chemotaxis	GO:2000503		5	0	1.0382983602797844	-Inf	0	1	1	1
regulation of dendritic cell chemotaxis	GO:2000508		6	2	1.2459580323357413	0.4732424426754625	1.2517310839972888	0.36346143435754485	1	1
positive regulation of dendritic cell chemotaxis	GO:2000510		6	2	1.2459580323357413	0.4732424426754625	1.2517310839972888	0.36346143435754485	1	1
regulation of CD4-positive, alpha-beta T cell activation	GO:2000514		28	6	5.814470817566793	0.03140969039642335	0.9037570637243312	0.5013022910536353	1	1
negative regulation of CD4-positive, alpha-beta T cell activation	GO:2000515		14	2	2.9072354087833965	-0.37405541771174117	0.6427576439377599	0.8206374202006002	1	1
positive regulation of CD4-positive, alpha-beta T cell activation	GO:2000516		14	4	2.9072354087833965	0.3190917628482042	1.123880732467684	0.27647232356917906	1	1
regulation of entry of bacterium into host cell	GO:2000535		7	0	1.4536177043916982	-Inf	0	1	1	1
regulation of endothelial cell chemotaxis to fibroblast growth factor	GO:2000544		6	0	1.2459580323357413	-Inf	0	1	1	1
regulation of T-helper 2 cell cytokine production	GO:2000551		5	1	1.0382983602797844	-0.03758318109052809	0.8550494879642134	0.687756407879498	1	1
regulation of CD4-positive, alpha-beta T cell proliferation	GO:2000561		8	2	1.661277376447655	0.18556037022368177	1.0184629095493067	0.5189885297111225	1	1
negative regulation of CD4-positive, alpha-beta T cell proliferation	GO:2000562		5	0	1.0382983602797844	-Inf	0	1	1	1
positive regulation of DNA biosynthetic process	GO:2000573		35	5	7.26808852195849	-0.374055417711741	0.6427576439377599	0.8797691670302257	1	1
positive regulation of Arp2/3 complex-mediated actin nucleation	GO:2000601		6	2	1.2459580323357413	0.4732424426754625	1.2517310839972888	0.36346143435754485	1	1
regulation of nuclear-transcribed mRNA catabolic process, nonsense-mediated decay	GO:2000622		11	1	2.284256392615526	-0.8260405414547983	0.4248799167694929	0.9227905796275384	1	1
negative regulation of nuclear-transcribed mRNA catabolic process, nonsense-mediated decay	GO:2000623		7	1	1.4536177043916982	-0.37405541771174117	0.6427576439377599	0.8040048847954714	1	1
regulation of miRNA catabolic process	GO:2000625		6	1	1.2459580323357413	-0.21990473788448278	0.7346935242489594	0.7526154025838886	1	1
regulation of miRNA metabolic process	GO:2000628		71	10	14.74383671597294	-0.38824005270369755	0.6347568525572271	0.9436740013214017	1	1
negative regulation of miRNA metabolic process	GO:2000629		24	4	4.983832129342965	-0.21990473788448278	0.7346935242489594	0.7652001365042725	1	1
positive regulation of miRNA metabolic process	GO:2000630		52	7	10.798302946909757	-0.43347883818254174	0.6097564597498618	0.9360732284863795	1	1
regulation of pre-miRNA processing	GO:2000631		5	1	1.0382983602797844	-0.03758318109052809	0.8550494879642134	0.687756407879498	1	1
regulation of primary miRNA processing	GO:2000634		5	0	1.0382983602797844	-Inf	0	1	1	1
positive regulation of miRNA-mediated gene silencing	GO:2000637		11	2	2.284256392615526	-0.13289336089485304	0.7905889481542714	0.7000405632278557	1	1
regulation of early endosome to late endosome transport	GO:2000641		17	2	3.530214424951267	-0.5682114321526985	0.5399204070993384	0.8747919000306	1	1
positive regulation of early endosome to late endosome transport	GO:2000643		7	1	1.4536177043916982	-0.37405541771174117	0.6427576439377599	0.8040048847954714	1	1
regulation of receptor catabolic process	GO:2000644		9	3	1.8689370485036119	0.47324244267546267	1.2517310839972888	0.2821996753436965	1	1
positive regulation of receptor catabolic process	GO:2000646		7	3	1.4536177043916982	0.7245568709563687	1.4718161116467272	0.1614187469654273	1	1
positive regulation of stem cell proliferation	GO:2000648		16	2	3.32255475289531	-0.5075868103362635	0.5704932391303862	0.8747919000306	1	1
regulation of sodium ion transmembrane transporter activity	GO:2000649		9	2	1.8689370485036119	0.0677773345672982	0.9301019182460473	0.5866424881018152	1	1
positive regulation of sodium ion transmembrane transporter activity	GO:2000651		6	1	1.2459580323357413	-0.21990473788448278	0.7346935242489594	0.7526154025838886	1	1
regulation of interleukin-1-mediated signaling pathway	GO:2000659		6	0	1.2459580323357413	-Inf	0	1	1	1
negative regulation of interleukin-1-mediated signaling pathway	GO:2000660		5	0	1.0382983602797844	-Inf	0	1	1	1
regulation of dendritic cell apoptotic process	GO:2000668		9	3	1.8689370485036119	0.47324244267546267	1.2517310839972888	0.2821996753436965	1	1
negative regulation of dendritic cell apoptotic process	GO:2000669		7	3	1.4536177043916982	0.7245568709563687	1.4718161116467272	0.1614187469654273	1	1
regulation of transcription regulatory region DNA binding	GO:2000677		20	2	4.153193441119138	-0.7307303616504734	0.46465550092064367	0.9283279489376746	1	1
positive regulation of transcription regulatory region DNA binding	GO:2000679		11	2	2.284256392615526	-0.13289336089485304	0.7905889481542714	0.6469486398345623	1	1
regulation of cardiac muscle cell differentiation	GO:2000725		10	1	2.076596720559569	-0.7307303616504734	0.46465550092064367	0.8769813843064487	1	1
negative regulation of cardiac muscle cell differentiation	GO:2000726		5	0	1.0382983602797844	-Inf	0	1	1	1
positive regulation of cardiac muscle cell differentiation	GO:2000727		5	1	1.0382983602797844	-0.03758318109052809	0.8550494879642134	0.687756407879498	1	1
regulation of stem cell differentiation	GO:2000736		33	8	6.852769177846577	0.15478871155692794	0.9949419890634519	0.3759111220177629	1	1
negative regulation of stem cell differentiation	GO:2000737		11	2	2.284256392615526	-0.13289336089485304	0.7905889481542714	0.7000405632278557	1	1
positive regulation of stem cell differentiation	GO:2000738		11	1	2.284256392615526	-0.8260405414547983	0.4248799167694929	0.9227905796275384	1	1
regulation of mesenchymal stem cell differentiation	GO:2000739		10	2	2.076596720559569	-0.03758318109052809	0.8550494879642134	0.6469486398345623	1	1
positive regulation of mesenchymal stem cell differentiation	GO:2000741		5	1	1.0382983602797844	-0.03758318109052809	0.8550494879642134	0.687756407879498	1	1
regulation of cytoplasmic translation	GO:2000765		27	8	5.606811145510836	0.35545940701907913	1.153481786705676	0.1815519366203292	1	1
negative regulation of cytoplasmic translation	GO:2000766		7	1	1.4536177043916982	-0.37405541771174117	0.6427576439377599	0.8040048847954714	1	1
positive regulation of cytoplasmic translation	GO:2000767		11	3	2.284256392615526	0.27257174721331123	1.0865570588453881	0.40803498456474274	1	1
regulation of cellular senescence	GO:2000772		29	7	6.02213048962275	0.15046905041241138	0.9916643736520799	0.3969397131754743	1	1
negative regulation of cellular senescence	GO:2000773		14	2	2.9072354087833965	-0.37405541771174117	0.6427576439377599	0.8206374202006002	1	1
positive regulation of cellular senescence	GO:2000774		10	3	2.076596720559569	0.3678819270176362	1.1636753669944517	0.3454178811708285	1	1
regulation of double-strand break repair	GO:2000779		110	18	22.842563926155258	-0.2382538765526793	0.7232724321764719	0.872055680853707	1	1
negative regulation of double-strand break repair	GO:2000780		34	5	7.060428849902534	-0.34506788083848877	0.6593487065289834	0.8446608236131994	1	1
positive regulation of double-strand break repair	GO:2000781		70	13	14.53617704391698	-0.11169115324424997	0.804639373798064	0.6560014485668682	1	1
regulation of autophagosome assembly	GO:2000785		41	9	8.514046554294232	0.05550724197548382	0.9211625826056762	0.4547956499837591	1	1
positive regulation of autophagosome assembly	GO:2000786		18	4	3.7378740970072237	0.0677773345672982	0.9301019182460473	0.5316813120771371	1	1
regulation of termination of RNA polymerase II transcription, poly(A)-coupled	GO:2000804		5	0	1.0382983602797844	-Inf	0	1	1	1
regulation of bicellular tight junction assembly	GO:2000810		18	2	3.7378740970072237	-0.6253698459926471	0.5123516935775311	0.9134911356883086	1	1
negative regulation of anoikis	GO:2000811		17	3	3.530214424951267	-0.16274632404453418	0.771090171362034	0.7172018988421163	1	1
negative regulation of mitotic sister chromatid separation	GO:2000816		22	8	4.568512785231052	0.5602538196650922	1.3264517770645412	0.06780189249525295	1	1
regulation of steroid hormone secretion	GO:2000831		10	1	2.076596720559569	-0.7307303616504734	0.46465550092064367	0.8769813843064487	1	1
positive regulation of steroid hormone secretion	GO:2000833		9	1	1.8689370485036119	-0.6253698459926471	0.5123516935775311	0.8447215069503783	1	1
regulation of corticosteroid hormone secretion	GO:2000846		6	1	1.2459580323357413	-0.21990473788448278	0.7346935242489594	0.687756407879498	1	1
positive regulation of corticosteroid hormone secretion	GO:2000848		6	1	1.2459580323357413	-0.21990473788448278	0.7346935242489594	0.687756407879498	1	1
regulation of glucocorticoid secretion	GO:2000849		5	1	1.0382983602797844	-0.03758318109052809	0.8550494879642134	0.6058986856255562	1	1
positive regulation of glucocorticoid secretion	GO:2000851		5	1	1.0382983602797844	-0.03758318109052809	0.8550494879642134	0.6058986856255562	1	1
regulation of endothelial cell chemotaxis	GO:2001026		20	3	4.153193441119138	-0.32526525354230906	0.6708686990356654	0.8166635360254624	1	1
positive regulation of endothelial cell chemotaxis	GO:2001028		14	2	2.9072354087833965	-0.37405541771174117	0.6427576439377599	0.8206374202006002	1	1
regulation of double-strand break repair via nonhomologous end joining	GO:2001032		27	4	5.606811145510836	-0.33768777354086615	0.6636243724392131	0.8191190934479378	1	1
negative regulation of double-strand break repair via nonhomologous end joining	GO:2001033		7	1	1.4536177043916982	-0.37405541771174117	0.6427576439377599	0.8040048847954714	1	1
positive regulation of double-strand break repair via nonhomologous end joining	GO:2001034		15	2	3.114895080839353	-0.4430482891986925	0.6045686331939815	0.8206374202006002	1	1
regulation of integrin-mediated signaling pathway	GO:2001044		11	1	2.284256392615526	-0.8260405414547983	0.4248799167694929	0.9227905796275384	1	1
reactive nitrogen species metabolic process	GO:2001057		19	3	3.9455337690631813	-0.2739719591547587	0.7014093242688044	0.7873782230686989	1	1
regulation of endocytic recycling	GO:2001135		12	2	2.4919160646714826	-0.21990473788448278	0.7346935242489594	0.7000405632278557	1	1
positive regulation of endocytic recycling	GO:2001137		5	1	1.0382983602797844	-0.03758318109052809	0.8550494879642134	0.687756407879498	1	1
regulation of phospholipid transport	GO:2001138		11	5	2.284256392615526	0.783397370979302	1.5250560509825304	0.05813081026038624	1	1
positive regulation of phospholipid transport	GO:2001140		11	5	2.284256392615526	0.783397370979302	1.5250560509825304	0.05813081026038624	1	1
regulation of ATP biosynthetic process	GO:2001169		8	2	1.661277376447655	0.18556037022368177	1.0184629095493067	0.5189885297111225	1	1
positive regulation of ATP biosynthetic process	GO:2001171		5	1	1.0382983602797844	-0.03758318109052809	0.8550494879642134	0.687756407879498	1	1
regulation of CD8-positive, alpha-beta T cell activation	GO:2001185		8	0	1.661277376447655	-Inf	0	1	1	1
regulation of T cell activation via T cell receptor contact with antigen bound to MHC molecule on antigen presenting cell	GO:2001188		5	3	1.0382983602797844	1.0610291075775815	1.782860369115461	0.06394451928365348	1	1
regulation of dendritic cell differentiation	GO:2001198		11	0	2.284256392615526	-Inf	0	1	1	1
positive regulation of dendritic cell differentiation	GO:2001200		5	0	1.0382983602797844	-Inf	0	1	1	1
regulation of neuron migration	GO:2001222		11	3	2.284256392615526	0.27257174721331123	1.0865570588453881	0.40803498456474274	1	1
negative regulation of apoptotic signaling pathway	GO:2001234		139	30	28.86469441577801	0.03857817987503577	0.908913840276464	0.43915220428155094	1	1
positive regulation of apoptotic signaling pathway	GO:2001235		75	14	15.574475404196766	-0.10657605257747957	0.80805405740434455	0.7167098759524592	1	1
regulation of extrinsic apoptotic signaling pathway	GO:2001236		93	15	19.312349501203993	-0.2526945607074738	0.7143744674522062	0.8847832646923472	1	1
negative regulation of extrinsic apoptotic signaling pathway	GO:2001237		59	12	12.251920651301456	-0.02077606277414681	0.8667592576479629	0.583755856427477	1	1
positive regulation of extrinsic apoptotic signaling pathway	GO:2001238		28	1	5.814470817566793	-1.7603497788316318	0.17114793882357823	0.9985308719657432	1	1
regulation of extrinsic apoptotic signaling pathway in absence of ligand	GO:2001239		23	3	4.776172457287008	-0.4650271959174678	0.5927859106230471	0.8846910864089581	1	1
negative regulation of extrinsic apoptotic signaling pathway in absence of ligand	GO:2001240		19	3	3.9455337690631813	-0.2739719591547587	0.7014093242688044	0.7873782230686989	1	1
regulation of intrinsic apoptotic signaling pathway	GO:2001242		117	25	24.296181630546954	0.02855662141401692	0.9017096274039104	0.4726455489217446	1	1
negative regulation of intrinsic apoptotic signaling pathway	GO:2001243		68	14	14.120857699805068	-0.008595644217275787	0.875308628479267	0.5625085481229501	1	1
positive regulation of intrinsic apoptotic signaling pathway	GO:2001244		41	11	8.514046554294232	0.25617793743763495	1.073553276354872	0.21733649016641737	1	1
negative regulation of chromosome organization	GO:2001251		62	12	12.874899667469327	-0.07037300391351901	0.8324976266966551	0.583755856427477	1	1
positive regulation of chromosome organization	GO:2001252		72	11	14.951496388028895	-0.3069161148741125	0.6816778186197086	0.9065834935596768	1	1
regulation of store-operated calcium entry	GO:2001256		8	2	1.661277376447655	0.18556037022368177	1.0184629095493067	0.5189885297111225	1	1
regulation of cation channel activity	GO:2001257		44	8	9.137025570462104	-0.13289336089485304	0.7905889481542714	0.6396071734232041	1	1
negative regulation of cation channel activity	GO:2001258		16	5	3.32255475289531	0.4087039215378914	1.197459414183245	0.22519902074631304	1	1
positive regulation of cation channel activity	GO:2001259		22	2	4.568512785231052	-0.8260405414547983	0.4248799167694929	0.9283279489376746	1	1
