Description	ID	pathway_genes	pathway_size	observed_val	expected_val	log_observed_expected	asinh_observed_expected	pvalue	p.adjust	qvalue
mitochondrial genome maintenance	GO:0000002		21	1	3.313283065933443	-1.1979395606378367	0.29741149256349064	0.9728970148697752	1	1
single strand break repair	GO:0000012		11	2	1.7355292250127559	0.14183478484716117	0.9851310298618374	0.5371248474375075	1	1
regulation of DNA recombination	GO:0000018		89	6	14.042009184194114	-0.8502940234184984	0.4152520214064743	0.9961260093065064	1	1
mitotic spindle elongation	GO:0000022		8	1	1.2622030727365496	-0.23285866459424956	0.7266172585054973	0.7468987684659543	1	1
ribosomal large subunit assembly	GO:0000027		15	1	2.366630761381031	-0.8614673240166237	0.410882473242539	0.8927979358372273	1	1
ribosomal small subunit assembly	GO:0000028		8	0	1.2622030727365496	-Inf	0	1	1	1
very long-chain fatty acid metabolic process	GO:0000038		24	4	3.786609218209649	0.054823407857531446	0.9206658936334867	0.5377938690207902	1	1
transition metal ion transport	GO:0000041		55	7	8.677646125063779	-0.21484015909157117	0.7378684689616064	0.7857666144719497	1	1
autophagosome assembly	GO:0000045		52	5	8.204319972787573	-0.49522292906174065	0.5768985153235614	0.9292672014507135	1	1
urea cycle	GO:0000050		6	0	0.9466523045524122	-Inf	0	1	1	1
citrulline metabolic process	GO:0000052		5	0	0.7888769204603435	-Inf	0	1	1	1
mitotic sister chromatid segregation	GO:0000070		110	13	17.355292250127558	-0.28894813124529317	0.6923878530519065	0.8643184710178644	1	1
cell cycle checkpoint signaling	GO:0000075		106	6	16.724190713759285	-1.0250967477984259	0.3514800507708714	0.9994521798953693	1	1
DNA replication checkpoint signaling	GO:0000076		12	0	1.8933046091048245	-Inf	0	1	1	1
DNA damage checkpoint signaling	GO:0000077		72	5	11.359827654628948	-0.8206453294963685	0.4270484801602799	0.9893431007300593	1	1
regulation of cyclin-dependent protein serine/threonine kinase activity	GO:0000079		32	2	5.0488122909461985	-0.9260058451541948	0.3864422976582265	0.9713618809532663	1	1
G1/S transition of mitotic cell cycle	GO:0000082		41	0	6.468790747774817	-Inf	0	1	1	1
G2/M transition of mitotic cell cycle	GO:0000086		33	1	5.206587675038268	-1.649924684380894	0.19090272047718984	0.9965590123608755	1	1
sulfur amino acid metabolic process	GO:0000096		25	1	3.9443846023017177	-1.3722929477826145	0.2508847640679904	0.9863757326715852	1	1
sulfur amino acid biosynthetic process	GO:0000097		11	0	1.7355292250127559	-Inf	0	1	1	1
sulfur amino acid catabolic process	GO:0000098		7	0	1.104427688644481	-Inf	0	1	1	1
sulfur amino acid transport	GO:0000101		10	0	1.577753840920687	-Inf	0	1	1	1
establishment of mitotic spindle orientation	GO:0000132		23	0	3.62883383411758	-Inf	0	1	1	1
rRNA modification	GO:0000154		18	0	2.839956913657237	-Inf	0	1	1	1
MAPK cascade	GO:0000165		89	7	14.042009184194114	-0.6961433435912401	0.47987350542850526	0.9912216296576257	1	1
nuclear-transcribed mRNA catabolic process, nonsense-mediated decay	GO:0000184		25	1	3.9443846023017177	-1.3722929477826145	0.2508847640679904	0.9863757326715852	1	1
protein polyubiquitination	GO:0000209		193	21	30.45064912976926	-0.3715848740958762	0.6441590585885412	0.9698054128668612	1	1
spliceosomal tri-snRNP complex assembly	GO:0000244		11	0	1.7355292250127559	-Inf	0	1	1	1
spliceosomal complex assembly	GO:0000245		39	5	6.15323997959068	-0.20754085660995972	0.7424615050091643	0.7586110047743441	1	1
mitochondrial fission	GO:0000266		9	0	1.4199784568286185	-Inf	0	1	1	1
polysaccharide biosynthetic process	GO:0000271		10	1	1.577753840920687	-0.4560022159084593	0.5976018042874566	0.8204970178727164	1	1
polysaccharide catabolic process	GO:0000272		5	1	0.7888769204603435	0.23714496465148602	1.0585560331525345	0.5762657973197276	1	1
nuclear division	GO:0000280		153	19	24.13963376608651	-0.2394160651404086	0.7225533740834563	0.8579501601038781	1	1
mitotic cytokinesis	GO:0000281		63	7	9.939849197800328	-0.3506417002506329	0.6561334090262665	0.8431493737916886	1	1
nuclear-transcribed mRNA catabolic process, deadenylation-dependent decay	GO:0000288		12	1	1.8933046091048245	-0.6383237727024138	0.506271076694502	0.8204970178727164	1	1
nuclear-transcribed mRNA poly(A) tail shortening	GO:0000289		6	1	0.9466523045524122	0.054823407857531446	0.9206658936334867	0.6431395801290278	1	1
retrograde transport, vesicle recycling within Golgi	GO:0000301		8	1	1.2622030727365496	-0.23285866459424956	0.7266172585054973	0.7468987684659543	1	1
response to reactive oxygen species	GO:0000302		82	11	12.937581495549635	-0.16224109738029627	0.7714173854029867	0.7655308065788731	1	1
response to superoxide	GO:0000303		11	0	1.7355292250127559	-Inf	0	1	1	1
response to oxygen radical	GO:0000305		12	0	1.8933046091048245	-Inf	0	1	1	1
protein deneddylation	GO:0000338		10	0	1.577753840920687	-Inf	0	1	1	1
RNA splicing, via transesterification reactions	GO:0000375		186	10	29.34622144112478	-1.076578703633569	0.3344872214809899	0.9999912727935488	1	1
RNA splicing, via transesterification reactions with bulged adenosine as nucleophile	GO:0000377		181	10	28.557344520664437	-1.0493290611861936	0.3433844745382989	0.999985755633369	1	1
alternative mRNA splicing, via spliceosome	GO:0000380		12	0	1.8933046091048245	-Inf	0	1	1	1
regulation of alternative mRNA splicing, via spliceosome	GO:0000381		38	2	5.9954645954986105	-1.097856102080854	0.32768935881794536	0.988157455771919	1	1
spliceosomal snRNP assembly	GO:0000387		32	0	5.0488122909461985	-Inf	0	1	1	1
mRNA 3'-splice site recognition	GO:0000389		5	0	0.7888769204603435	-Inf	0	1	1	1
RNA splicing, via endonucleolytic cleavage and ligation	GO:0000394		8	0	1.2622030727365496	-Inf	0	1	1	1
mRNA splicing, via spliceosome	GO:0000398		181	10	28.557344520664437	-1.0493290611861936	0.3433844745382989	0.999985755633369	1	1
autophagy of mitochondrion	GO:0000422		31	6	4.89103690685413	0.20435514182849504	1.0329757932270807	0.36272918223797124	1	1
mitophagy	GO:0000423		25	4	3.9443846023017177	0.014001413337276206	0.8913086549901676	0.5718868709164358	1	1
pexophagy	GO:0000425		6	2	0.9466523045524122	0.7479705884174768	1.4929330427012544	0.24189688327322753	1	1
maturation of 5.8S rRNA	GO:0000460		10	0	1.577753840920687	-Inf	0	1	1	1
small nucleolar ribonucleoprotein complex assembly	GO:0000491		6	0	0.9466523045524122	-Inf	0	1	1	1
box C/D snoRNP assembly	GO:0000492		5	0	0.7888769204603435	-Inf	0	1	1	1
embryonic axis specification	GO:0000578		9	0	1.4199784568286185	-Inf	0	1	1	1
telomere maintenance via recombination	GO:0000722		8	3	1.2622030727365496	0.8657536240738603	1.600476592140702	0.11858101373656212	1	1
telomere maintenance	GO:0000723		65	6	10.255399965984466	-0.5360449235819956	0.5559697643789695	0.9345356225298762	1	1
double-strand break repair via homologous recombination	GO:0000724		76	10	11.990929190997221	-0.18156537020669897	0.7589703440642616	0.7798309437611475	1	1
recombinational repair	GO:0000725		78	10	12.30647995918136	-0.20754085660995972	0.7424615050091643	0.8066835740842112	1	1
DNA double-strand break processing	GO:0000729		17	2	2.682181529565168	-0.2934832864106844	0.6896729147432905	0.7742325480643975	1	1
DNA synthesis involved in DNA repair	GO:0000731		31	6	4.89103690685413	0.20435514182849504	1.0329757932270807	0.36272918223797124	1	1
syncytium formation by plasma membrane fusion	GO:0000768		13	0	2.0510799931968933	-Inf	0	1	1	1
sister chromatid segregation	GO:0000819		112	14	17.670843018311697	-0.23285866459424956	0.7266172585054973	0.8144527228696836	1	1
cell morphogenesis	GO:0000902		114	6	17.98639378649583	-1.097856102080854	0.32768935881794536	0.9998664769628314	1	1
cytokinesis	GO:0000910		69	7	10.88650150235274	-0.44161347845635956	0.6053442445342023	0.9054065184976613	1	1
nuclear-transcribed mRNA catabolic process	GO:0000956		62	6	9.78207381370826	-0.4887920387314503	0.5802530490677252	0.9206281020938518	1	1
mitochondrial RNA catabolic process	GO:0000957		6	0	0.9466523045524122	-Inf	0	1	1	1
mitochondrial RNA metabolic process	GO:0000959		35	1	5.522138443222405	-1.7087651844038274	0.18011384023992916	0.9971029331037861	1	1
mitochondrial RNA processing	GO:0000963		18	0	2.839956913657237	-Inf	0	1	1	1
mitochondrial RNA 3'-end processing	GO:0000965		7	0	1.104427688644481	-Inf	0	1	1	1
RNA 5'-end processing	GO:0000966		22	2	3.4710584500255117	-0.5513123957127841	0.5483037732141072	0.8470652783357171	1	1
response to acid chemical	GO:0001101		38	1	5.9954645954986105	-1.7910032826407993	0.1660289123218613	0.9982711513895923	1	1
promoter clearance during DNA-templated transcription	GO:0001109		7	0	1.104427688644481	-Inf	0	1	1	1
RNA polymerase II promoter clearance	GO:0001111		7	0	1.104427688644481	-Inf	0	1	1	1
formation of extrachromosomal circular DNA	GO:0001325		10	0	1.577753840920687	-Inf	0	1	1	1
guanine nucleotide transport	GO:0001408		8	2	1.2622030727365496	0.46028851596569575	1.240756211609746	0.3674088486818622	1	1
skeletal system development	GO:0001501		141	8	22.246329156981687	-1.022735471612746	0.3522782586545468	0.999931666769931	1	1
ossification	GO:0001503		48	7	7.573218436419298	-0.07870798476699115	0.8268274006119807	0.6504650955690572	1	1
neurotransmitter uptake	GO:0001504		19	0	2.9977322977493053	-Inf	0	1	1	1
action potential	GO:0001508		54	1	8.51987074097171	-2.142401169478688	0.11710483543542262	0.9998900207685637	1	1
RNA methylation	GO:0001510		47	2	7.4154430523272294	-1.310417544064527	0.26654018947634345	0.9958757750772482	1	1
prostaglandin biosynthetic process	GO:0001516		13	1	2.0510799931968933	-0.7183664803759503	0.47004679746433364	0.8927979358372273	1	1
pseudouridine synthesis	GO:0001522		12	1	1.8933046091048245	-0.6383237727024138	0.506271076694502	0.8726993542847484	1	1
retinoid metabolic process	GO:0001523		55	3	8.677646125063779	-1.0621380194787748	0.3391752520913584	0.9913680021383623	1	1
angiogenesis	GO:0001525		88	6	13.884233800102047	-0.838994468164565	0.4197131307359128	0.9961260093065064	1	1
cilium or flagellum-dependent cell motility	GO:0001539		40	6	6.311015363682748	-0.050537107800294925	0.8460936236395288	0.6203616486872418	1	1
ovarian follicle development	GO:0001541		6	0	0.9466523045524122	-Inf	0	1	1	1
fatty acid alpha-oxidation	GO:0001561		6	0	0.9466523045524122	-Inf	0	1	1	1
response to protozoan	GO:0001562		5	0	0.7888769204603435	-Inf	0	1	1	1
blood vessel development	GO:0001568		113	9	17.828618402403766	-0.6835803642905349	0.48550662845072523	0.9949573229836954	1	1
vasculogenesis	GO:0001570		10	0	1.577753840920687	-Inf	0	1	1	1
ganglioside metabolic process	GO:0001573		15	2	2.366630761381031	-0.16832014345667848	0.7674866162952108	0.7101598045809759	1	1
ganglioside biosynthetic process	GO:0001574		8	0	1.2622030727365496	-Inf	0	1	1	1
microtubule bundle formation	GO:0001578		60	6	9.466523045524124	-0.45600221590845946	0.5976018042874565	0.9278769809654036	1	1
detection of chemical stimulus involved in sensory perception of bitter taste	GO:0001580		33	3	5.206587675038268	-0.5513123957127841	0.5483037732141072	0.8409015413639225	1	1
osteoblast differentiation	GO:0001649		22	4	3.4710584500255117	0.14183478484716117	0.9851310298618374	0.46580653143968764	1	1
eye development	GO:0001654		53	5	8.362095356879642	-0.5142711240324351	0.5670544484591667	0.9216365974623408	1	1
metanephros development	GO:0001656		5	0	0.7888769204603435	-Inf	0	1	1	1
ureteric bud development	GO:0001657		6	0	0.9466523045524122	-Inf	0	1	1	1
response to hypoxia	GO:0001666		94	13	14.830886104654459	-0.1317625477228808	0.791334101285366	0.7107272972238197	1	1
ameboidal-type cell migration	GO:0001667		30	4	4.733261522762062	-0.16832014345667848	0.7674866162952108	0.7188622108089069	1	1
long-chain fatty acid metabolic process	GO:0001676		76	5	11.990929190997221	-0.8747125507666442	0.40575604281441074	0.9941556930990729	1	1
intracellular glucose homeostasis	GO:0001678		19	1	2.9977322977493053	-1.097856102080854	0.32768935881794536	0.9546061989867662	1	1
tRNA 5'-leader removal	GO:0001682		11	0	1.7355292250127559	-Inf	0	1	1	1
histamine metabolic process	GO:0001692		5	1	0.7888769204603435	0.23714496465148602	1.0585560331525345	0.5762657973197276	1	1
in utero embryonic development	GO:0001701		7	1	1.104427688644481	-0.09932727196972693	0.8129096848478663	0.6994625284929428	1	1
formation of primary germ layer	GO:0001704		18	2	2.839956913657237	-0.350641700250633	0.6561334090262664	0.8013642643579545	1	1
endoderm formation	GO:0001706		13	1	2.0510799931968933	-0.7183664803759503	0.47004679746433364	0.8927979358372273	1	1
mesoderm formation	GO:0001707		6	1	0.9466523045524122	0.054823407857531446	0.9206658936334867	0.6431395801290278	1	1
cell fate specification	GO:0001708		6	0	0.9466523045524122	-Inf	0	1	1	1
cell fate determination	GO:0001709		8	1	1.2622030727365496	-0.23285866459424956	0.7266172585054973	0.7468987684659543	1	1
morphogenesis of a polarized epithelium	GO:0001738		16	2	2.5244061454730993	-0.23285866459424956	0.7266172585054973	0.7439117686956334	1	1
morphogenesis of a branching structure	GO:0001763		15	0	2.366630761381031	-Inf	0	1	1	1
neuron migration	GO:0001764		17	2	2.682181529565168	-0.2934832864106844	0.6896729147432905	0.7742325480643975	1	1
membrane raft assembly	GO:0001765		8	0	1.2622030727365496	-Inf	0	1	1	1
immunological synapse formation	GO:0001771		5	0	0.7888769204603435	-Inf	0	1	1	1
myeloid dendritic cell activation	GO:0001773		6	0	0.9466523045524122	-Inf	0	1	1	1
microglial cell activation	GO:0001774		6	0	0.9466523045524122	-Inf	0	1	1	1
leukocyte homeostasis	GO:0001776		10	1	1.577753840920687	-0.4560022159084593	0.5976018042874566	0.7868500319994607	1	1
plasma membrane repair	GO:0001778		17	0	2.682181529565168	-Inf	0	1	1	1
cytokine production	GO:0001816		10	1	1.577753840920687	-0.4560022159084593	0.5976018042874566	0.8204970178727164	1	1
negative regulation of cytokine production	GO:0001818		183	15	28.872895288848575	-0.6548530746536244	0.49860110755264236	0.9987280400690763	1	1
kidney development	GO:0001822		46	8	7.25766766823516	0.09738302227632739	0.9518814280071203	0.4171274196007282	1	1
mesonephros development	GO:0001823		6	0	0.9466523045524122	-Inf	0	1	1	1
release of cytochrome c from mitochondria	GO:0001836		10	0	1.577753840920687	-Inf	0	1	1	1
epithelial to mesenchymal transition	GO:0001837		39	2	6.15323997959068	-1.1238315884841148	0.3195650808598268	0.9897992228181987	1	1
phagolysosome assembly	GO:0001845		7	0	1.104427688644481	-Inf	0	1	1	1
complement activation, lectin pathway	GO:0001867		9	1	1.4199784568286185	-0.350641700250633	0.6561334090262664	0.7868500319994607	1	1
response to yeast	GO:0001878		8	1	1.2622030727365496	-0.23285866459424956	0.7266172585054973	0.7468987684659543	1	1
receptor recycling	GO:0001881		14	2	2.208855377288962	-0.09932727196972693	0.8129096848478663	0.6727557550052204	1	1
endothelial cell development	GO:0001885		28	1	4.417710754577924	-1.4856216330896175	0.22447173104470095	0.9918672653288341	1	1
liver development	GO:0001889		10	1	1.577753840920687	-0.4560022159084593	0.5976018042874566	0.7868500319994607	1	1
placenta development	GO:0001890		14	1	2.208855377288962	-0.7924744525296722	0.4385317160500693	0.9097242574396893	1	1
maternal placenta development	GO:0001893		7	0	1.104427688644481	-Inf	0	1	1	1
tissue homeostasis	GO:0001894		58	4	9.150972277339985	-0.8275657723409423	0.42426863940338144	0.9814576218639903	1	1
retina homeostasis	GO:0001895		26	1	4.1021599863937865	-1.4115136609358956	0.2414219726866582	0.9863757326715852	1	1
cell killing	GO:0001906		119	3	18.775270706956174	-1.833928327357833	0.15911242787444918	0.9999964985779055	1	1
leukocyte mediated cytotoxicity	GO:0001909		38	3	5.9954645954986105	-0.6923909939726897	0.4815501042824095	0.9213445043085335	1	1
regulation of leukocyte mediated cytotoxicity	GO:0001910		55	5	8.677646125063779	-0.5513123957127841	0.5483037732141072	0.9425675677022974	1	1
negative regulation of leukocyte mediated cytotoxicity	GO:0001911		25	1	3.9443846023017177	-1.3722929477826145	0.2508847640679904	0.9863757326715852	1	1
positive regulation of leukocyte mediated cytotoxicity	GO:0001912		32	3	5.0488122909461985	-0.5205407370460303	0.5638443550198389	0.8873994883212709	1	1
T cell mediated cytotoxicity	GO:0001913		6	1	0.9466523045524122	0.054823407857531446	0.9206658936334867	0.4968655625998786	1	1
regulation of T cell mediated cytotoxicity	GO:0001914		21	2	3.313283065933443	-0.5047923800778914	0.571935864997809	0.8470652783357171	1	1
negative regulation of T cell mediated cytotoxicity	GO:0001915		7	1	1.104427688644481	-0.09932727196972693	0.8129096848478663	0.6994625284929428	1	1
positive regulation of T cell mediated cytotoxicity	GO:0001916		13	1	2.0510799931968933	-0.7183664803759503	0.47004679746433364	0.8726993542847484	1	1
regulation of receptor recycling	GO:0001919		15	1	2.366630761381031	-0.8614673240166237	0.410882473242539	0.9239788612153117	1	1
negative regulation of receptor recycling	GO:0001920		5	0	0.7888769204603435	-Inf	0	1	1	1
positive regulation of receptor recycling	GO:0001921		8	0	1.2622030727365496	-Inf	0	1	1	1
negative regulation of protein phosphorylation	GO:0001933		93	8	14.67311072056239	-0.6065750743878335	0.5212835191876691	0.9823268182817159	1	1
endothelial cell proliferation	GO:0001935		17	1	2.682181529565168	-0.9866304669706297	0.36469283564378024	0.9359833340499569	1	1
regulation of endothelial cell proliferation	GO:0001936		103	9	16.250864561483077	-0.59092153380783	0.5288219945809765	0.9861931966938442	1	1
negative regulation of endothelial cell proliferation	GO:0001937		34	3	5.364363059130336	-0.5811653588624653	0.5335663291867041	0.9213445043085335	1	1
positive regulation of endothelial cell proliferation	GO:0001938		65	6	10.255399965984466	-0.5360449235819956	0.5559697643789695	0.9513521405152912	1	1
postsynaptic membrane organization	GO:0001941		5	1	0.7888769204603435	0.23714496465148602	1.0585560331525345	0.5762657973197276	1	1
hair follicle development	GO:0001942		9	0	1.4199784568286185	-Inf	0	1	1	1
vasculature development	GO:0001944		128	11	20.195249163784794	-0.6075521140356601	0.5208159961585511	0.993643121738949	1	1
lymph vessel development	GO:0001945		9	1	1.4199784568286185	-0.350641700250633	0.6561334090262664	0.7868500319994607	1	1
lymphangiogenesis	GO:0001946		6	0	0.9466523045524122	-Inf	0	1	1	1
heart looping	GO:0001947		7	1	1.104427688644481	-0.09932727196972693	0.8129096848478663	0.6431395801290278	1	1
regulation of cell-matrix adhesion	GO:0001952		85	5	13.410907647825839	-0.9866304669706296	0.3646928356437803	0.9985223323044516	1	1
negative regulation of cell-matrix adhesion	GO:0001953		24	1	3.786609218209649	-1.3314709532623592	0.26111132566716627	0.9838193454025062	1	1
positive regulation of cell-matrix adhesion	GO:0001954		40	3	6.311015363682748	-0.7436842883602403	0.45906466252030825	0.9628434134859871	1	1
regulation of cytokine-mediated signaling pathway	GO:0001959		125	12	19.72192301150859	-0.4968242104287145	0.5760656828549543	0.9768692043114053	1	1
negative regulation of cytokine-mediated signaling pathway	GO:0001960		59	6	9.308747661432054	-0.4391950975920781	0.6066533243099425	0.904198358495355	1	1
positive regulation of cytokine-mediated signaling pathway	GO:0001961		46	4	7.25766766823516	-0.595764158283618	0.5264801846721091	0.9324544623541315	1	1
regulation of systemic arterial blood pressure by hormone	GO:0001990		17	1	2.682181529565168	-0.9866304669706297	0.36469283564378024	0.9460927581740545	1	1
regulation of systemic arterial blood pressure by circulatory renin-angiotensin	GO:0001991		7	1	1.104427688644481	-0.09932727196972693	0.8129096848478663	0.6994625284929428	1	1
regulation of angiotensin levels in blood	GO:0002002		7	1	1.104427688644481	-0.09932727196972693	0.8129096848478663	0.6994625284929428	1	1
angiotensin maturation	GO:0002003		7	1	1.104427688644481	-0.09932727196972693	0.8129096848478663	0.6994625284929428	1	1
morphogenesis of an epithelium	GO:0002009		80	9	12.622030727365496	-0.33821918025207576	0.6633158015152368	0.8856706244620982	1	1
morphogenesis of an epithelial sheet	GO:0002011		20	2	3.155507681841374	-0.4560022159084593	0.5976018042874566	0.8470652783357171	1	1
regulation of the force of heart contraction	GO:0002026		12	0	1.8933046091048245	-Inf	0	1	1	1
regulation of heart rate	GO:0002027		58	2	9.150972277339985	-1.5207129529008876	0.2168524305575589	0.9992437638210626	1	1
regulation of sodium ion transport	GO:0002028		34	0	5.364363059130336	-Inf	0	1	1	1
desensitization of G protein-coupled receptor signaling pathway	GO:0002029		7	0	1.104427688644481	-Inf	0	1	1	1
G protein-coupled receptor internalization	GO:0002031		6	0	0.9466523045524122	-Inf	0	1	1	1
sprouting angiogenesis	GO:0002040		31	1	4.89103690685413	-1.5874043273995597	0.20305732447723684	0.9951457918178022	1	1
cell migration involved in sprouting angiogenesis	GO:0002042		15	1	2.366630761381031	-0.8614673240166237	0.410882473242539	0.9239788612153117	1	1
chondrocyte differentiation	GO:0002062		9	0	1.4199784568286185	-Inf	0	1	1	1
epithelial cell development	GO:0002064		42	1	6.626566131866886	-1.891086741197782	0.15034073964139763	0.999131526272076	1	1
columnar/cuboidal epithelial cell differentiation	GO:0002065		14	0	2.208855377288962	-Inf	0	1	1	1
regulation of oxidative phosphorylation	GO:0002082		12	1	1.8933046091048245	-0.6383237727024138	0.506271076694502	0.8488342349162374	1	1
protein depalmitoylation	GO:0002084		7	1	1.104427688644481	-0.09932727196972693	0.8129096848478663	0.6994625284929428	1	1
regulation of receptor internalization	GO:0002090		41	3	6.468790747774817	-0.7683769009506117	0.44856995442302844	0.9628434134859871	1	1
negative regulation of receptor internalization	GO:0002091		12	0	1.8933046091048245	-Inf	0	1	1	1
positive regulation of receptor internalization	GO:0002092		21	2	3.313283065933443	-0.5047923800778914	0.571935864997809	0.8661310563927106	1	1
tRNA wobble base modification	GO:0002097		8	0	1.2622030727365496	-Inf	0	1	1	1
tRNA wobble uridine modification	GO:0002098		6	0	0.9466523045524122	-Inf	0	1	1	1
store-operated calcium entry	GO:0002115		8	1	1.2622030727365496	-0.23285866459424956	0.7266172585054973	0.7468987684659543	1	1
desmosome assembly	GO:0002159		6	1	0.9466523045524122	0.054823407857531446	0.9206658936334867	0.6431395801290278	1	1
cytoplasmic translation	GO:0002181		100	1	15.777538409206871	-2.7585873089025053	0.06333888412713583	0.9999999668969805	1	1
cytoplasmic translational initiation	GO:0002183		18	1	2.839956913657237	-1.0437888808105784	0.34522000318667345	0.9546061989867662	1	1
somatic diversification of immune receptors	GO:0002200		12	1	1.8933046091048245	-0.6383237727024138	0.506271076694502	0.8726993542847484	1	1
activation of innate immune response	GO:0002218		128	17	20.195249163784794	-0.17223404277781468	0.7649632140097784	0.783202213663361	1	1
innate immune response activating cell surface receptor signaling pathway	GO:0002220		48	4	7.573218436419298	-0.6383237727024138	0.506271076694502	0.9396354933645082	1	1
pattern recognition receptor signaling pathway	GO:0002221		94	15	14.830886104654459	0.011338295917792465	0.8894136555750602	0.4887179959186785	1	1
stimulatory C-type lectin receptor signaling pathway	GO:0002223		16	1	2.5244061454730993	-0.9260058451541948	0.3864422976582265	0.9359833340499569	1	1
toll-like receptor signaling pathway	GO:0002224		29	6	4.5754861386699925	0.2710465163271674	1.0853438973746379	0.2736848382384399	1	1
innate immune response in mucosa	GO:0002227		16	0	2.5244061454730993	-Inf	0	1	1	1
natural killer cell mediated immunity	GO:0002228		31	2	4.89103690685413	-0.8942571468396145	0.3982964377488585	0.9558820733172542	1	1
positive regulation of defense response to virus by host	GO:0002230		28	4	4.417710754577924	-0.09932727196972693	0.8129096848478663	0.63558230217779	1	1
response to molecule of bacterial origin	GO:0002237		103	6	16.250864561483077	-0.9963866419159942	0.3612991713012758	0.999201905211729	1	1
hematopoietic progenitor cell differentiation	GO:0002244		15	3	2.366630761381031	0.23714496465148582	1.0585560331525345	0.42962943276280896	1	1
adaptive immune response	GO:0002250		58	10	9.150972277339985	0.08872495953321277	0.9454815312979636	0.38857394071380247	1	1
organ or tissue specific immune response	GO:0002251		19	0	2.9977322977493053	-Inf	0	1	1	1
immune effector process	GO:0002252		160	15	25.244061454730993	-0.5205407370460303	0.5638443550198389	0.9881246948892344	1	1
lymphocyte homeostasis	GO:0002260		6	0	0.9466523045524122	-Inf	0	1	1	1
myeloid cell homeostasis	GO:0002262		31	2	4.89103690685413	-0.8942571468396145	0.3982964377488585	0.9668989887351941	1	1
cell activation involved in immune response	GO:0002263		59	4	9.308747661432054	-0.8446602057002425	0.4174709561883012	0.9836029892428537	1	1
leukocyte activation involved in inflammatory response	GO:0002269		6	0	0.9466523045524122	-Inf	0	1	1	1
myeloid leukocyte activation	GO:0002274		59	4	9.308747661432054	-0.8446602057002425	0.4174709561883012	0.9872076664704539	1	1
myeloid cell activation involved in immune response	GO:0002275		22	0	3.4710584500255117	-Inf	0	1	1	1
eosinophil activation involved in immune response	GO:0002278		5	0	0.7888769204603435	-Inf	0	1	1	1
mast cell activation involved in immune response	GO:0002279		8	0	1.2622030727365496	-Inf	0	1	1	1
macrophage activation involved in immune response	GO:0002281		6	0	0.9466523045524122	-Inf	0	1	1	1
neutrophil activation involved in immune response	GO:0002283		5	0	0.7888769204603435	-Inf	0	1	1	1
lymphocyte activation involved in immune response	GO:0002285		34	4	5.364363059130336	-0.2934832864106844	0.6896729147432905	0.7871704335805744	1	1
T cell activation involved in immune response	GO:0002286		24	4	3.786609218209649	0.054823407857531446	0.9206658936334867	0.5377938690207902	1	1
alpha-beta T cell activation involved in immune response	GO:0002287		19	4	2.9977322977493053	0.28843825903903664	1.0992173202606317	0.35164232463414163	1	1
T cell differentiation involved in immune response	GO:0002292		19	4	2.9977322977493053	0.28843825903903664	1.0992173202606317	0.35164232463414163	1	1
alpha-beta T cell differentiation involved in immune response	GO:0002293		19	4	2.9977322977493053	0.28843825903903664	1.0992173202606317	0.35164232463414163	1	1
CD4-positive, alpha-beta T cell differentiation involved in immune response	GO:0002294		18	4	2.839956913657237	0.34250548030931227	1.142896492055841	0.31314145199972365	1	1
T-helper cell lineage commitment	GO:0002295		6	2	0.9466523045524122	0.7479705884174768	1.4929330427012544	0.24189688327322753	1	1
natural killer cell activation involved in immune response	GO:0002323		6	0	0.9466523045524122	-Inf	0	1	1	1
response to tumor cell	GO:0002347		20	4	3.155507681841374	0.23714496465148602	1.0585560331525345	0.31314145199972365	1	1
defense response to tumor cell	GO:0002357		11	2	1.7355292250127559	0.14183478484716117	0.9851310298618374	0.5371248474375075	1	1
T cell lineage commitment	GO:0002360		8	2	1.2622030727365496	0.46028851596569575	1.240756211609746	0.3674088486818622	1	1
alpha-beta T cell lineage commitment	GO:0002363		7	2	1.104427688644481	0.5938199085902184	1.355718486679157	0.3052018899455362	1	1
leukocyte activation involved in immune response	GO:0002366		55	4	8.677646125063779	-0.7744559470269939	0.44601875289096643	0.9763462455912122	1	1
immunoglobulin production	GO:0002377		7	0	1.104427688644481	-Inf	0	1	1	1
mucosal immune response	GO:0002385		17	0	2.682181529565168	-Inf	0	1	1	1
MHC protein complex assembly	GO:0002396		10	1	1.577753840920687	-0.4560022159084593	0.5976018042874566	0.8204970178727164	1	1
MHC class I protein complex assembly	GO:0002397		6	0	0.9466523045524122	-Inf	0	1	1	1
dendritic cell chemotaxis	GO:0002407		12	4	1.8933046091048245	0.7479705884174768	1.4929330427012544	0.10687182127245345	1	1
immune response to tumor cell	GO:0002418		5	0	0.7888769204603435	-Inf	0	1	1	1
immune response-activating cell surface receptor signaling pathway	GO:0002429		141	15	22.246329156981687	-0.39412681219037177	0.6314591634873952	0.9552615178654444	1	1
complement receptor mediated signaling pathway	GO:0002430		6	2	0.9466523045524122	0.7479705884174768	1.4929330427012544	0.24189688327322753	1	1
Fc receptor mediated stimulatory signaling pathway	GO:0002431		22	3	3.4710584500255117	-0.14584728760461974	0.7820869716603195	0.697540469218688	1	1
immune response-regulating cell surface receptor signaling pathway involved in phagocytosis	GO:0002433		22	3	3.4710584500255117	-0.14584728760461974	0.7820869716603195	0.697540469218688	1	1
inflammatory response to antigenic stimulus	GO:0002437		6	0	0.9466523045524122	-Inf	0	1	1	1
production of molecular mediator of immune response	GO:0002440		8	0	1.2622030727365496	-Inf	0	1	1	1
leukocyte mediated immunity	GO:0002443		75	7	11.833153806905154	-0.5249950873954108	0.5615727091148413	0.9398280526657579	1	1
myeloid leukocyte mediated immunity	GO:0002444		24	0	3.786609218209649	-Inf	0	1	1	1
neutrophil mediated immunity	GO:0002446		13	0	2.0510799931968933	-Inf	0	1	1	1
eosinophil mediated immunity	GO:0002447		5	0	0.7888769204603435	-Inf	0	1	1	1
mast cell mediated immunity	GO:0002448		8	0	1.2622030727365496	-Inf	0	1	1	1
lymphocyte mediated immunity	GO:0002449		56	7	8.835421509155848	-0.23285866459424956	0.7266172585054973	0.7333042229246339	1	1
humoral immune response mediated by circulating immunoglobulin	GO:0002455		6	1	0.9466523045524122	0.054823407857531446	0.9206658936334867	0.6431395801290278	1	1
T cell mediated immunity	GO:0002456		11	3	1.7355292250127559	0.5472998929553256	1.3152208683526203	0.1578295083757136	1	1
adaptive immune response based on somatic recombination of immune receptors built from immunoglobulin superfamily domains	GO:0002460		45	8	7.099892284143093	0.1193619289951024	0.9682401219248767	0.3658659376786254	1	1
antigen processing and presentation of peptide antigen via MHC class I	GO:0002474		19	1	2.9977322977493053	-1.097856102080854	0.32768935881794536	0.9617755394453003	1	1
antigen processing and presentation via MHC class Ib	GO:0002475		5	0	0.7888769204603435	-Inf	0	1	1	1
antigen processing and presentation of exogenous peptide antigen	GO:0002478		23	3	3.62883383411758	-0.19029905017545348	0.7533910997393815	0.697540469218688	1	1
antigen processing and presentation of endogenous peptide antigen	GO:0002483		14	0	2.208855377288962	-Inf	0	1	1	1
antigen processing and presentation of peptide antigen via MHC class II	GO:0002495		19	4	2.9977322977493053	0.28843825903903664	1.0992173202606317	0.31314145199972365	1	1
peptide antigen assembly with MHC protein complex	GO:0002501		10	1	1.577753840920687	-0.4560022159084593	0.5976018042874566	0.8204970178727164	1	1
peptide antigen assembly with MHC class I protein complex	GO:0002502		6	0	0.9466523045524122	-Inf	0	1	1	1
antigen processing and presentation of peptide or polysaccharide antigen via MHC class II	GO:0002504		19	4	2.9977322977493053	0.28843825903903664	1.0992173202606317	0.31314145199972365	1	1
tolerance induction	GO:0002507		10	0	1.577753840920687	-Inf	0	1	1	1
immune system development	GO:0002520		30	2	4.733261522762062	-0.8614673240166237	0.410882473242539	0.9617699887084894	1	1
leukocyte differentiation	GO:0002521		110	13	17.355292250127558	-0.28894813124529317	0.6923878530519065	0.9026592702726227	1	1
leukocyte migration involved in inflammatory response	GO:0002523		7	1	1.104427688644481	-0.09932727196972693	0.8129096848478663	0.6994625284929428	1	1
acute inflammatory response	GO:0002526		22	0	3.4710584500255117	-Inf	0	1	1	1
monocyte chemotaxis	GO:0002548		23	3	3.62883383411758	-0.19029905017545348	0.7533910997393815	0.697540469218688	1	1
somatic diversification of immune receptors via germline recombination within a single locus	GO:0002562		8	1	1.2622030727365496	-0.23285866459424956	0.7266172585054973	0.7468987684659543	1	1
myeloid leukocyte differentiation	GO:0002573		55	5	8.677646125063779	-0.5513123957127841	0.5483037732141072	0.948332743791098	1	1
regulation of antigen processing and presentation	GO:0002577		11	5	1.7355292250127559	1.0581255167213162	1.7801168968836276	0.01955092168300467	1	1
negative regulation of antigen processing and presentation	GO:0002578		7	2	1.104427688644481	0.5938199085902184	1.355718486679157	0.3052018899455362	1	1
regulation of antigen processing and presentation of peptide antigen	GO:0002583		5	3	0.7888769204603435	1.3357572533195956	2.0457595115611698	0.030546214651190465	1	1
regulation of immunoglobulin production	GO:0002637		23	1	3.62883383411758	-1.2889113388435631	0.2721969180173993	0.9807834954904975	1	1
positive regulation of immunoglobulin production	GO:0002639		20	0	3.155507681841374	-Inf	0	1	1	1
regulation of tolerance induction	GO:0002643		7	1	1.104427688644481	-0.09932727196972693	0.8129096848478663	0.6994625284929428	1	1
regulation of T cell tolerance induction	GO:0002664		6	0	0.9466523045524122	-Inf	0	1	1	1
regulation of acute inflammatory response	GO:0002673		14	0	2.208855377288962	-Inf	0	1	1	1
negative regulation of acute inflammatory response	GO:0002674		5	0	0.7888769204603435	-Inf	0	1	1	1
positive regulation of acute inflammatory response	GO:0002675		7	0	1.104427688644481	-Inf	0	1	1	1
regulation of leukocyte migration	GO:0002685		128	14	20.195249163784794	-0.3663900572187721	0.6471134763326698	0.9467154122419223	1	1
negative regulation of leukocyte migration	GO:0002686		30	3	4.733261522762062	-0.45600221590845946	0.5976018042874565	0.8734512578399616	1	1
positive regulation of leukocyte migration	GO:0002687		90	10	14.199784568286185	-0.350641700250633	0.6561334090262664	0.912391827856653	1	1
regulation of leukocyte chemotaxis	GO:0002688		86	10	13.56868303191791	-0.3051793261738758	0.6827076352391153	0.8815089111513994	1	1
negative regulation of leukocyte chemotaxis	GO:0002689		13	1	2.0510799931968933	-0.7183664803759503	0.47004679746433364	0.8927979358372273	1	1
positive regulation of leukocyte chemotaxis	GO:0002690		68	8	10.728726118260672	-0.2934832864106844	0.6896729147432905	0.8499034982307447	1	1
regulation of cellular extravasation	GO:0002691		16	1	2.5244061454730993	-0.9260058451541948	0.3864422976582265	0.9359833340499569	1	1
negative regulation of cellular extravasation	GO:0002692		5	0	0.7888769204603435	-Inf	0	1	1	1
positive regulation of cellular extravasation	GO:0002693		7	0	1.104427688644481	-Inf	0	1	1	1
negative regulation of leukocyte activation	GO:0002695		81	7	12.779806111457567	-0.6019561285315391	0.5234985006530579	0.9773434008261248	1	1
positive regulation of leukocyte activation	GO:0002696		167	14	26.348489143375474	-0.6323536057159101	0.5090658641542961	0.9982358963499761	1	1
regulation of immune effector process	GO:0002697		192	17	30.29287374567719	-0.577699150885979	0.5352604282644192	0.9976119040627908	1	1
negative regulation of immune effector process	GO:0002698		70	5	11.04427688644481	-0.7924744525296724	0.4385317160500693	0.9905367049628773	1	1
positive regulation of immune effector process	GO:0002699		122	9	19.248596859232382	-0.7602135903114507	0.45201599703231243	0.9973217928099404	1	1
regulation of production of molecular mediator of immune response	GO:0002700		78	6	12.30647995918136	-0.7183664803759503	0.47004679746433364	0.986344404715545	1	1
negative regulation of production of molecular mediator of immune response	GO:0002701		19	2	2.9977322977493053	-0.40470892152090865	0.625564683896595	0.825558070733152	1	1
positive regulation of production of molecular mediator of immune response	GO:0002702		60	3	9.466523045524124	-1.1491493964684047	0.31182806571728006	0.9967313158412411	1	1
regulation of leukocyte mediated immunity	GO:0002703		121	13	19.090821475140313	-0.38425831104961783	0.6369949276034532	0.9491241799438594	1	1
negative regulation of leukocyte mediated immunity	GO:0002704		46	5	7.25766766823516	-0.37262060696940813	0.643571253759105	0.8716092649792222	1	1
positive regulation of leukocyte mediated immunity	GO:0002705		70	4	11.04427688644481	-1.0156180038438822	0.3546943719593138	0.9964520895441449	1	1
regulation of lymphocyte mediated immunity	GO:0002706		101	11	15.935313793298938	-0.37064236695730246	0.6446943141100449	0.9271405219565456	1	1
negative regulation of lymphocyte mediated immunity	GO:0002707		43	4	6.784341515958955	-0.5283228774880856	0.5598804746503361	0.9245079550988751	1	1
positive regulation of lymphocyte mediated immunity	GO:0002708		61	4	9.624298429616191	-0.8779966259678341	0.404493889866012	0.9887135958971525	1	1
regulation of T cell mediated immunity	GO:0002709		59	5	9.308747661432054	-0.6215166543860327	0.5141722588703299	0.9583149120390922	1	1
negative regulation of T cell mediated immunity	GO:0002710		22	2	3.4710584500255117	-0.5513123957127841	0.5483037732141072	0.8829901151101129	1	1
positive regulation of T cell mediated immunity	GO:0002711		35	2	5.522138443222405	-1.0156180038438822	0.3546943719593138	0.9752410911662213	1	1
regulation of B cell mediated immunity	GO:0002712		18	3	2.839956913657237	0.054823407857531446	0.9206658936334867	0.5571788177159394	1	1
negative regulation of B cell mediated immunity	GO:0002713		5	2	0.7888769204603435	0.9302921452114313	1.660243592711515	0.17926462372048302	1	1
positive regulation of B cell mediated immunity	GO:0002714		11	0	1.7355292250127559	-Inf	0	1	1	1
regulation of natural killer cell mediated immunity	GO:0002715		42	4	6.626566131866886	-0.5047923800778914	0.571935864997809	0.9157294312685488	1	1
negative regulation of natural killer cell mediated immunity	GO:0002716		23	1	3.62883383411758	-1.2889113388435631	0.2721969180173993	0.9807834954904975	1	1
positive regulation of natural killer cell mediated immunity	GO:0002717		23	2	3.62883383411758	-0.595764158283618	0.5264801846721091	0.8978639028554195	1	1
regulation of cytokine production involved in immune response	GO:0002718		54	5	8.51987074097171	-0.5329632570445876	0.5575277343592802	0.9362279347007917	1	1
negative regulation of cytokine production involved in immune response	GO:0002719		17	1	2.682181529565168	-0.9866304669706297	0.36469283564378024	0.9460927581740545	1	1
positive regulation of cytokine production involved in immune response	GO:0002720		35	3	5.522138443222405	-0.6101528957357176	0.5195732126581182	0.9213445043085335	1	1
regulation of T cell cytokine production	GO:0002724		26	2	4.1021599863937865	-0.7183664803759503	0.47004679746433364	0.9325601087715927	1	1
negative regulation of T cell cytokine production	GO:0002725		7	1	1.104427688644481	-0.09932727196972693	0.8129096848478663	0.6994625284929428	1	1
positive regulation of T cell cytokine production	GO:0002726		17	1	2.682181529565168	-0.9866304669706297	0.36469283564378024	0.9460927581740545	1	1
regulation of natural killer cell cytokine production	GO:0002727		6	0	0.9466523045524122	-Inf	0	1	1	1
positive regulation of natural killer cell cytokine production	GO:0002729		6	0	0.9466523045524122	-Inf	0	1	1	1
cell surface pattern recognition receptor signaling pathway	GO:0002752		33	4	5.206587675038268	-0.2636303232610033	0.7076892208932586	0.743267773347741	1	1
cytoplasmic pattern recognition receptor signaling pathway	GO:0002753		60	8	9.466523045524124	-0.16832014345667848	0.7674866162952108	0.7504840340367662	1	1
MyD88-dependent toll-like receptor signaling pathway	GO:0002755		12	2	1.8933046091048245	0.054823407857531446	0.9206658936334867	0.586317921862617	1	1
MyD88-independent toll-like receptor signaling pathway	GO:0002756		11	1	1.7355292250127559	-0.5513123957127841	0.5483037732141072	0.8204970178727164	1	1
immune response-activating signaling pathway	GO:0002757		199	25	31.397301434321673	-0.22784612277070523	0.7297347958357706	0.889135446047542	1	1
innate immune response-activating signaling pathway	GO:0002758		109	15	17.19751686603549	-0.13671480404134723	0.7880743247270506	0.7171078992791029	1	1
regulation of antimicrobial humoral response	GO:0002759		6	0	0.9466523045524122	-Inf	0	1	1	1
positive regulation of antimicrobial humoral response	GO:0002760		5	0	0.7888769204603435	-Inf	0	1	1	1
regulation of myeloid leukocyte differentiation	GO:0002761		58	6	9.150972277339985	-0.42210066423277787	0.6159704844077175	0.904198358495355	1	1
negative regulation of myeloid leukocyte differentiation	GO:0002762		25	1	3.9443846023017177	-1.3722929477826145	0.2508847640679904	0.9838193454025062	1	1
positive regulation of myeloid leukocyte differentiation	GO:0002763		31	5	4.89103690685413	0.022033585034540528	0.8970391862957164	0.5541246636717763	1	1
immune response-inhibiting signal transduction	GO:0002765		9	0	1.4199784568286185	-Inf	0	1	1	1
immune response-inhibiting cell surface receptor signaling pathway	GO:0002767		8	0	1.2622030727365496	-Inf	0	1	1	1
immune response-regulating cell surface receptor signaling pathway	GO:0002768		168	15	26.506264527467543	-0.5693309012154625	0.5393688235704328	0.9949592224240409	1	1
peptide secretion	GO:0002790		17	0	2.682181529565168	-Inf	0	1	1	1
regulation of peptide secretion	GO:0002791		73	4	11.517603038721015	-1.057582202942914	0.34066685561683874	0.9981723154122815	1	1
negative regulation of peptide secretion	GO:0002792		12	1	1.8933046091048245	-0.6383237727024138	0.506271076694502	0.8726993542847484	1	1
positive regulation of peptide secretion	GO:0002793		30	3	4.733261522762062	-0.45600221590845946	0.5976018042874565	0.8734512578399616	1	1
regulation of adaptive immune response	GO:0002819		98	9	15.461987641022734	-0.5411600242487663	0.5533916551133736	0.9755292139771075	1	1
negative regulation of adaptive immune response	GO:0002820		36	4	5.679913827314474	-0.350641700250633	0.6561334090262664	0.8415203074473032	1	1
positive regulation of adaptive immune response	GO:0002821		55	3	8.677646125063779	-1.0621380194787748	0.3391752520913584	0.9934406867237144	1	1
regulation of adaptive immune response based on somatic recombination of immune receptors built from immunoglobulin superfamily domains	GO:0002822		89	8	14.042009184194114	-0.5626119509667175	0.5426863995336865	0.973846339302084	1	1
negative regulation of adaptive immune response based on somatic recombination of immune receptors built from immunoglobulin superfamily domains	GO:0002823		33	4	5.206587675038268	-0.2636303232610033	0.7076892208932586	0.7871704335805744	1	1
positive regulation of adaptive immune response based on somatic recombination of immune receptors built from immunoglobulin superfamily domains	GO:0002824		51	2	8.046544588695504	-1.392095575078794	0.24606329546962566	0.9977637664892538	1	1
regulation of T-helper 1 type immune response	GO:0002825		13	0	2.0510799931968933	-Inf	0	1	1	1
positive regulation of T-helper 1 type immune response	GO:0002827		8	0	1.2622030727365496	-Inf	0	1	1	1
regulation of type 2 immune response	GO:0002828		9	1	1.4199784568286185	-0.350641700250633	0.6561334090262664	0.7868500319994607	1	1
positive regulation of type 2 immune response	GO:0002830		5	1	0.7888769204603435	0.23714496465148602	1.0585560331525345	0.5762657973197276	1	1
negative regulation of response to biotic stimulus	GO:0002832		107	9	16.88196609785135	-0.6290213800401002	0.5106314335012265	0.9886545197937615	1	1
regulation of response to tumor cell	GO:0002834		27	2	4.259935370485855	-0.7561068083587973	0.4537583768674764	0.922466050944612	1	1
negative regulation of response to tumor cell	GO:0002835		9	1	1.4199784568286185	-0.350641700250633	0.6561334090262664	0.7868500319994607	1	1
positive regulation of response to tumor cell	GO:0002836		17	1	2.682181529565168	-0.9866304669706297	0.36469283564378024	0.9239788612153117	1	1
regulation of immune response to tumor cell	GO:0002837		26	2	4.1021599863937865	-0.7183664803759503	0.47004679746433364	0.910958947514297	1	1
negative regulation of immune response to tumor cell	GO:0002838		9	1	1.4199784568286185	-0.350641700250633	0.6561334090262664	0.7868500319994607	1	1
positive regulation of immune response to tumor cell	GO:0002839		17	1	2.682181529565168	-0.9866304669706297	0.36469283564378024	0.9239788612153117	1	1
regulation of T cell mediated immune response to tumor cell	GO:0002840		16	0	2.5244061454730993	-Inf	0	1	1	1
negative regulation of T cell mediated immune response to tumor cell	GO:0002841		7	0	1.104427688644481	-Inf	0	1	1	1
positive regulation of T cell mediated immune response to tumor cell	GO:0002842		9	0	1.4199784568286185	-Inf	0	1	1	1
regulation of natural killer cell mediated immune response to tumor cell	GO:0002855		8	2	1.2622030727365496	0.46028851596569575	1.240756211609746	0.3674088486818622	1	1
positive regulation of natural killer cell mediated immune response to tumor cell	GO:0002857		6	1	0.9466523045524122	0.054823407857531446	0.9206658936334867	0.6431395801290278	1	1
regulation of natural killer cell mediated cytotoxicity directed against tumor cell target	GO:0002858		8	2	1.2622030727365496	0.46028851596569575	1.240756211609746	0.3674088486818622	1	1
positive regulation of natural killer cell mediated cytotoxicity directed against tumor cell target	GO:0002860		6	1	0.9466523045524122	0.054823407857531446	0.9206658936334867	0.6431395801290278	1	1
regulation of inflammatory response to antigenic stimulus	GO:0002861		18	1	2.839956913657237	-1.0437888808105784	0.34522000318667345	0.9546061989867662	1	1
negative regulation of inflammatory response to antigenic stimulus	GO:0002862		16	1	2.5244061454730993	-0.9260058451541948	0.3864422976582265	0.9359833340499569	1	1
regulation of myeloid leukocyte mediated immunity	GO:0002886		20	2	3.155507681841374	-0.4560022159084593	0.5976018042874566	0.8470652783357171	1	1
positive regulation of myeloid leukocyte mediated immunity	GO:0002888		9	0	1.4199784568286185	-Inf	0	1	1	1
regulation of immunoglobulin mediated immune response	GO:0002889		17	2	2.682181529565168	-0.2934832864106844	0.6896729147432905	0.7742325480643975	1	1
negative regulation of immunoglobulin mediated immune response	GO:0002890		5	2	0.7888769204603435	0.9302921452114313	1.660243592711515	0.17926462372048302	1	1
positive regulation of immunoglobulin mediated immune response	GO:0002891		11	0	1.7355292250127559	-Inf	0	1	1	1
regulation of B cell apoptotic process	GO:0002902		8	1	1.2622030727365496	-0.23285866459424956	0.7266172585054973	0.7468987684659543	1	1
negative regulation of B cell apoptotic process	GO:0002903		6	0	0.9466523045524122	-Inf	0	1	1	1
regulation of humoral immune response	GO:0002920		25	3	3.9443846023017177	-0.2736806591145047	0.701585653260422	0.7538184116077663	1	1
negative regulation of humoral immune response	GO:0002921		9	2	1.4199784568286185	0.34250548030931227	1.142896492055841	0.4272886601979041	1	1
positive regulation of humoral immune response	GO:0002922		11	1	1.7355292250127559	-0.5513123957127841	0.5483037732141072	0.8204970178727164	1	1
lipid hydroxylation	GO:0002933		7	0	1.104427688644481	-Inf	0	1	1	1
desmosome organization	GO:0002934		8	1	1.2622030727365496	-0.23285866459424956	0.7266172585054973	0.7468987684659543	1	1
tRNA threonylcarbamoyladenosine modification	GO:0002949		5	0	0.7888769204603435	-Inf	0	1	1	1
regionalization	GO:0003002		48	5	7.573218436419298	-0.41518022138820415	0.6197742600254305	0.8833781028008191	1	1
developmental process involved in reproduction	GO:0003006		172	6	27.13736606383582	-1.5091521304998117	0.2193345146528494	0.9999997894693269	1	1
heart morphogenesis	GO:0003007		63	3	9.939849197800328	-1.1979395606378365	0.29741149256349064	0.9981447954668418	1	1
skeletal muscle contraction	GO:0003009		13	1	2.0510799931968933	-0.7183664803759503	0.47004679746433364	0.8927979358372273	1	1
muscle system process	GO:0003012		142	9	22.404104541073757	-0.912019603179455	0.39162449988681064	0.9997738422159579	1	1
circulatory system process	GO:0003013		197	8	31.081750666137538	-1.3571793099725662	0.2546254244347211	0.9999999360019773	1	1
renal system process	GO:0003014		48	5	7.573218436419298	-0.41518022138820415	0.6197742600254305	0.8942103884644784	1	1
heart process	GO:0003015		53	0	8.362095356879642	-Inf	0	1	1	1
vascular process in circulatory system	GO:0003018		88	6	13.884233800102047	-0.838994468164565	0.4197131307359128	0.9956420224990035	1	1
regulation of systemic arterial blood pressure mediated by a chemical signal	GO:0003044		17	1	2.682181529565168	-0.9866304669706297	0.36469283564378024	0.9460927581740545	1	1
regulation of systemic arterial blood pressure	GO:0003073		25	1	3.9443846023017177	-1.3722929477826145	0.2508847640679904	0.9863757326715852	1	1
regulation of systemic arterial blood pressure by renin-angiotensin	GO:0003081		10	1	1.577753840920687	-0.4560022159084593	0.5976018042874566	0.8204970178727164	1	1
renal water homeostasis	GO:0003091		12	2	1.8933046091048245	0.054823407857531446	0.9206658936334867	0.586317921862617	1	1
glomerular filtration	GO:0003094		5	1	0.7888769204603435	0.23714496465148602	1.0585560331525345	0.5762657973197276	1	1
renal sodium ion transport	GO:0003096		9	1	1.4199784568286185	-0.350641700250633	0.6561334090262664	0.7868500319994607	1	1
regulation of systemic arterial blood pressure by endothelin	GO:0003100		5	0	0.7888769204603435	-Inf	0	1	1	1
embryonic heart tube morphogenesis	GO:0003143		8	1	1.2622030727365496	-0.23285866459424956	0.7266172585054973	0.6994625284929428	1	1
outflow tract morphogenesis	GO:0003151		14	1	2.208855377288962	-0.7924744525296722	0.4385317160500693	0.9097242574396893	1	1
endothelium development	GO:0003158		44	2	6.9421169000510234	-1.2444595762727295	0.28425313097344823	0.9951985258503682	1	1
morphogenesis of an endothelium	GO:0003159		9	1	1.4199784568286185	-0.350641700250633	0.6561334090262664	0.7868500319994607	1	1
cardiac conduction system development	GO:0003161		5	0	0.7888769204603435	-Inf	0	1	1	1
heart valve development	GO:0003170		25	0	3.9443846023017177	-Inf	0	1	1	1
atrioventricular valve development	GO:0003171		5	0	0.7888769204603435	-Inf	0	1	1	1
mitral valve development	GO:0003174		5	0	0.7888769204603435	-Inf	0	1	1	1
aortic valve development	GO:0003176		19	0	2.9977322977493053	-Inf	0	1	1	1
pulmonary valve development	GO:0003177		6	0	0.9466523045524122	-Inf	0	1	1	1
heart valve morphogenesis	GO:0003179		25	0	3.9443846023017177	-Inf	0	1	1	1
aortic valve morphogenesis	GO:0003180		19	0	2.9977322977493053	-Inf	0	1	1	1
pulmonary valve morphogenesis	GO:0003184		6	0	0.9466523045524122	-Inf	0	1	1	1
endocardial cushion development	GO:0003197		11	0	1.7355292250127559	-Inf	0	1	1	1
endocardial cushion morphogenesis	GO:0003203		7	0	1.104427688644481	-Inf	0	1	1	1
cardiac chamber development	GO:0003205		33	0	5.206587675038268	-Inf	0	1	1	1
cardiac chamber morphogenesis	GO:0003206		27	0	4.259935370485855	-Inf	0	1	1	1
cardiac ventricle morphogenesis	GO:0003208		21	0	3.313283065933443	-Inf	0	1	1	1
cardiac atrium morphogenesis	GO:0003209		7	0	1.104427688644481	-Inf	0	1	1	1
cardiac left ventricle morphogenesis	GO:0003214		6	0	0.9466523045524122	-Inf	0	1	1	1
ventricular cardiac muscle tissue development	GO:0003229		15	0	2.366630761381031	-Inf	0	1	1	1
cardiac atrium development	GO:0003230		10	0	1.577753840920687	-Inf	0	1	1	1
cardiac ventricle development	GO:0003231		25	0	3.9443846023017177	-Inf	0	1	1	1
regulation of membrane depolarization	GO:0003254		28	1	4.417710754577924	-1.4856216330896175	0.22447173104470095	0.9918672653288341	1	1
endocardial cushion formation	GO:0003272		7	0	1.104427688644481	-Inf	0	1	1	1
cardiac septum development	GO:0003279		16	0	2.5244061454730993	-Inf	0	1	1	1
ventricular septum development	GO:0003281		6	0	0.9466523045524122	-Inf	0	1	1	1
atrial septum development	GO:0003283		8	0	1.2622030727365496	-Inf	0	1	1	1
cardiac muscle hypertrophy	GO:0003300		5	1	0.7888769204603435	0.23714496465148602	1.0585560331525345	0.5762657973197276	1	1
type B pancreatic cell differentiation	GO:0003309		5	0	0.7888769204603435	-Inf	0	1	1	1
amino acid transmembrane transport	GO:0003333		49	4	7.730993820511367	-0.6589430599051497	0.4967185926301342	0.9619136403943873	1	1
cilium movement	GO:0003341		55	6	8.677646125063779	-0.36899083891882956	0.6456330510707288	0.8740995312860365	1	1
epithelial cilium movement involved in extracellular fluid movement	GO:0003351		10	2	1.577753840920687	0.23714496465148602	1.0585560331525345	0.4272886601979041	1	1
regulation of cilium movement	GO:0003352		19	1	2.9977322977493053	-1.097856102080854	0.32768935881794536	0.9617755394453003	1	1
positive regulation of cilium movement	GO:0003353		8	0	1.2622030727365496	-Inf	0	1	1	1
regulation of cilium beat frequency	GO:0003356		7	1	1.104427688644481	-0.09932727196972693	0.8129096848478663	0.6994625284929428	1	1
sphingosine-1-phosphate receptor signaling pathway	GO:0003376		7	0	1.104427688644481	-Inf	0	1	1	1
epithelial cell morphogenesis	GO:0003382		6	0	0.9466523045524122	-Inf	0	1	1	1
detection of calcium ion	GO:0005513		13	0	2.0510799931968933	-Inf	0	1	1	1
carbohydrate metabolic process	GO:0005975		187	17	29.503996825216852	-0.5513123957127843	0.5483037732141071	0.9971517123288252	1	1
polysaccharide metabolic process	GO:0005976		24	2	3.786609218209649	-0.6383237727024138	0.506271076694502	0.910958947514297	1	1
glycogen metabolic process	GO:0005977		19	2	2.9977322977493053	-0.40470892152090865	0.625564683896595	0.825558070733152	1	1
glycogen biosynthetic process	GO:0005978		8	1	1.2622030727365496	-0.23285866459424956	0.7266172585054973	0.7468987684659543	1	1
regulation of glycogen biosynthetic process	GO:0005979		17	1	2.682181529565168	-0.9866304669706297	0.36469283564378024	0.9359833340499569	1	1
disaccharide metabolic process	GO:0005984		8	1	1.2622030727365496	-0.23285866459424956	0.7266172585054973	0.7468987684659543	1	1
monosaccharide metabolic process	GO:0005996		75	6	11.833153806905154	-0.6791457672226691	0.4875085810917311	0.9847505998770738	1	1
fructose metabolic process	GO:0006000		10	1	1.577753840920687	-0.4560022159084593	0.5976018042874566	0.8204970178727164	1	1
fructose 6-phosphate metabolic process	GO:0006002		6	0	0.9466523045524122	-Inf	0	1	1	1
glucose metabolic process	GO:0006006		44	3	6.9421169000510234	-0.838994468164565	0.4197131307359128	0.977904189198584	1	1
glucose catabolic process	GO:0006007		14	1	2.208855377288962	-0.7924744525296722	0.4385317160500693	0.9097242574396893	1	1
galactose metabolic process	GO:0006012		7	0	1.104427688644481	-Inf	0	1	1	1
aminoglycan metabolic process	GO:0006022		53	7	8.362095356879642	-0.17779888741122218	0.7613853422341251	0.7139639752784215	1	1
aminoglycan biosynthetic process	GO:0006023		36	4	5.679913827314474	-0.350641700250633	0.6561334090262664	0.8248541535797292	1	1
glycosaminoglycan biosynthetic process	GO:0006024		31	3	4.89103690685413	-0.4887920387314503	0.5802530490677252	0.8734512578399616	1	1
aminoglycan catabolic process	GO:0006026		15	2	2.366630761381031	-0.16832014345667848	0.7674866162952108	0.6727557550052204	1	1
glycosaminoglycan catabolic process	GO:0006027		13	2	2.0510799931968933	-0.02521929981600501	0.8636537464594634	0.631516375655002	1	1
proteoglycan metabolic process	GO:0006029		61	4	9.624298429616191	-0.8779966259678341	0.404493889866012	0.9912332113543474	1	1
amino sugar metabolic process	GO:0006040		28	4	4.417710754577924	-0.09932727196972693	0.8129096848478663	0.63558230217779	1	1
N-acetylglucosamine metabolic process	GO:0006044		9	0	1.4199784568286185	-Inf	0	1	1	1
UDP-N-acetylglucosamine metabolic process	GO:0006047		9	1	1.4199784568286185	-0.350641700250633	0.6561334090262664	0.7868500319994607	1	1
UDP-N-acetylglucosamine biosynthetic process	GO:0006048		8	0	1.2622030727365496	-Inf	0	1	1	1
N-acetylneuraminate metabolic process	GO:0006054		8	2	1.2622030727365496	0.46028851596569575	1.240756211609746	0.3674088486818622	1	1
alcohol metabolic process	GO:0006066		169	18	26.664039911559613	-0.39294407994132247	0.6321206460342095	0.971257802903478	1	1
ethanol metabolic process	GO:0006067		9	3	1.4199784568286185	0.7479705884174768	1.4929330427012544	0.1578295083757136	1	1
ethanol catabolic process	GO:0006068		9	3	1.4199784568286185	0.7479705884174768	1.4929330427012544	0.1578295083757136	1	1
glycerol metabolic process	GO:0006071		5	1	0.7888769204603435	0.23714496465148602	1.0585560331525345	0.5762657973197276	1	1
cellular aldehyde metabolic process	GO:0006081		37	3	5.837689211406543	-0.6657227468905286	0.49361142941229086	0.930390474689359	1	1
acetyl-CoA metabolic process	GO:0006084		14	4	2.208855377288962	0.5938199085902184	1.355718486679157	0.16776295632413193	1	1
acetyl-CoA biosynthetic process	GO:0006085		11	2	1.7355292250127559	0.14183478484716117	0.9851310298618374	0.5371248474375075	1	1
acetyl-CoA biosynthetic process from pyruvate	GO:0006086		6	0	0.9466523045524122	-Inf	0	1	1	1
lactate metabolic process	GO:0006089		5	0	0.7888769204603435	-Inf	0	1	1	1
pyruvate metabolic process	GO:0006090		38	0	5.9954645954986105	-Inf	0	1	1	1
generation of precursor metabolites and energy	GO:0006091		175	13	27.610692216112025	-0.753253739376391	0.4549723019818796	0.9996374320547596	1	1
gluconeogenesis	GO:0006094		20	1	3.155507681841374	-1.1491493964684045	0.3118280657172801	0.9678129216089626	1	1
glycolytic process	GO:0006096		23	0	3.62883383411758	-Inf	0	1	1	1
pentose-phosphate shunt	GO:0006098		11	1	1.7355292250127559	-0.5513123957127841	0.5483037732141072	0.8488342349162374	1	1
tricarboxylic acid cycle	GO:0006099		14	0	2.208855377288962	-Inf	0	1	1	1
2-oxoglutarate metabolic process	GO:0006103		9	1	1.4199784568286185	-0.350641700250633	0.6561334090262664	0.7868500319994607	1	1
oxaloacetate metabolic process	GO:0006107		6	0	0.9466523045524122	-Inf	0	1	1	1
malate metabolic process	GO:0006108		5	0	0.7888769204603435	-Inf	0	1	1	1
regulation of carbohydrate metabolic process	GO:0006109		85	10	13.410907647825839	-0.2934832864106843	0.6896729147432906	0.8725295489156478	1	1
regulation of glycolytic process	GO:0006110		29	2	4.5754861386699925	-0.8275657723409423	0.42426863940338144	0.9558820733172542	1	1
regulation of gluconeogenesis	GO:0006111		18	2	2.839956913657237	-0.350641700250633	0.6561334090262664	0.8013642643579545	1	1
energy reserve metabolic process	GO:0006112		25	2	3.9443846023017177	-0.6791457672226691	0.4875085810917311	0.922466050944612	1	1
oxidative phosphorylation	GO:0006119		37	0	5.837689211406543	-Inf	0	1	1	1
mitochondrial electron transport, NADH to ubiquinone	GO:0006120		13	0	2.0510799931968933	-Inf	0	1	1	1
regulation of nucleotide metabolic process	GO:0006140		47	5	7.4154430523272294	-0.39412681219037177	0.6314591634873952	0.8833781028008191	1	1
purine nucleobase metabolic process	GO:0006144		8	2	1.2622030727365496	0.46028851596569575	1.240756211609746	0.3674088486818622	1	1
purine nucleoside catabolic process	GO:0006152		6	1	0.9466523045524122	0.054823407857531446	0.9206658936334867	0.6431395801290278	1	1
purine nucleotide metabolic process	GO:0006163		183	12	28.872895288848575	-0.8779966259678342	0.404493889866012	0.9999505417730787	1	1
purine nucleotide biosynthetic process	GO:0006164		57	1	8.993196893247916	-2.1964683907489637	0.11096728633602307	0.9999447905398202	1	1
AMP biosynthetic process	GO:0006167		7	0	1.104427688644481	-Inf	0	1	1	1
cAMP biosynthetic process	GO:0006171		5	0	0.7888769204603435	-Inf	0	1	1	1
GMP biosynthetic process	GO:0006177		7	0	1.104427688644481	-Inf	0	1	1	1
cGMP biosynthetic process	GO:0006182		7	0	1.104427688644481	-Inf	0	1	1	1
IMP biosynthetic process	GO:0006188		5	0	0.7888769204603435	-Inf	0	1	1	1
purine nucleotide catabolic process	GO:0006195		42	2	6.626566131866886	-1.1979395606378367	0.29741149256349064	0.9924431179447739	1	1
pyrimidine nucleobase metabolic process	GO:0006206		5	2	0.7888769204603435	0.9302921452114313	1.660243592711515	0.17926462372048302	1	1
pyrimidine nucleoside metabolic process	GO:0006213		15	3	2.366630761381031	0.23714496465148582	1.0585560331525345	0.42962943276280896	1	1
pyrimidine nucleotide metabolic process	GO:0006220		30	2	4.733261522762062	-0.8614673240166237	0.410882473242539	0.9617699887084894	1	1
pyrimidine nucleotide biosynthetic process	GO:0006221		11	0	1.7355292250127559	-Inf	0	1	1	1
pyrimidine nucleotide catabolic process	GO:0006244		14	2	2.208855377288962	-0.09932727196972693	0.8129096848478663	0.6727557550052204	1	1
DNA replication	GO:0006260		117	17	18.45971993877204	-0.08237771365595362	0.8243389690430453	0.6689840933273989	1	1
DNA-templated DNA replication	GO:0006261		94	16	14.830886104654459	0.07587681705536375	0.9360308892335503	0.39507498699512306	1	1
mitochondrial DNA replication	GO:0006264		10	1	1.577753840920687	-0.4560022159084593	0.5976018042874566	0.8204970178727164	1	1
DNA topological change	GO:0006265		5	1	0.7888769204603435	0.23714496465148602	1.0585560331525345	0.5762657973197276	1	1
DNA replication, synthesis of primer	GO:0006269		5	2	0.7888769204603435	0.9302921452114313	1.660243592711515	0.17926462372048302	1	1
DNA replication initiation	GO:0006270		17	4	2.682181529565168	0.3996638941492609	1.1899406324579982	0.2750500067379058	1	1
regulation of DNA replication	GO:0006275		87	4	13.726458416009978	-1.2330308804491068	0.28743375822267236	0.9997317404182646	1	1
RNA-templated DNA biosynthetic process	GO:0006278		20	2	3.155507681841374	-0.4560022159084593	0.5976018042874566	0.825558070733152	1	1
regulation of DNA repair	GO:0006282		144	15	22.719655309257895	-0.41518022138820415	0.6197742600254305	0.9714138231595023	1	1
transcription-coupled nucleotide-excision repair	GO:0006283		10	2	1.577753840920687	0.23714496465148602	1.0585560331525345	0.4840271591401576	1	1
base-excision repair	GO:0006284		40	4	6.311015363682748	-0.4560022159084593	0.5976018042874566	0.8953947725494596	1	1
base-excision repair, AP site formation	GO:0006285		12	3	1.8933046091048245	0.46028851596569575	1.240756211609746	0.29115947531196185	1	1
base-excision repair, gap-filling	GO:0006287		13	1	2.0510799931968933	-0.7183664803759503	0.47004679746433364	0.8927979358372273	1	1
nucleotide-excision repair	GO:0006289		46	9	7.25766766823516	0.21516605793271087	1.0413733547813018	0.29559481765659995	1	1
nucleotide-excision repair, DNA gap filling	GO:0006297		6	2	0.9466523045524122	0.7479705884174768	1.4929330427012544	0.24189688327322753	1	1
mismatch repair	GO:0006298		20	2	3.155507681841374	-0.4560022159084593	0.5976018042874566	0.8470652783357171	1	1
postreplication repair	GO:0006301		28	6	4.417710754577924	0.3061378361384375	1.1134256698778522	0.2736848382384399	1	1
double-strand break repair	GO:0006302		147	18	23.192981461534103	-0.2534779517969853	0.7138940428760316	0.8936486685586706	1	1
double-strand break repair via nonhomologous end joining	GO:0006303		42	10	6.626566131866886	0.4114983517962638	1.19978782886599	0.1009372821601052	1	1
DNA modification	GO:0006304		23	3	3.62883383411758	-0.19029905017545348	0.7533910997393815	0.7268153437843944	1	1
DNA alkylation repair	GO:0006307		8	0	1.2622030727365496	-Inf	0	1	1	1
DNA catabolic process	GO:0006308		11	0	1.7355292250127559	-Inf	0	1	1	1
DNA recombination	GO:0006310		114	14	17.98639378649583	-0.2505582416936503	0.7156857854851056	0.8708633722832787	1	1
mitotic recombination	GO:0006312		14	3	2.208855377288962	0.3061378361384375	1.1134256698778522	0.3840800995536907	1	1
nucleosome assembly	GO:0006334		39	2	6.15323997959068	-1.1238315884841148	0.3195650808598268	0.988157455771919	1	1
nucleosome disassembly	GO:0006337		18	2	2.839956913657237	-0.350641700250633	0.6561334090262664	0.8013642643579545	1	1
DNA methylation-dependent heterochromatin formation	GO:0006346		9	3	1.4199784568286185	0.7479705884174768	1.4929330427012544	0.1578295083757136	1	1
DNA-templated transcription initiation	GO:0006352		115	6	18.144169170587904	-1.106589782049609	0.3249364846549899	0.9998479000674023	1	1
DNA-templated transcription termination	GO:0006353		10	2	1.577753840920687	0.23714496465148602	1.0585560331525345	0.4840271591401576	1	1
DNA-templated transcription elongation	GO:0006354		25	1	3.9443846023017177	-1.3722929477826145	0.2508847640679904	0.9863757326715852	1	1
regulation of transcription by RNA polymerase I	GO:0006356		33	0	5.206587675038268	-Inf	0	1	1	1
regulation of transcription by RNA polymerase III	GO:0006359		26	2	4.1021599863937865	-0.7183664803759503	0.47004679746433364	0.922466050944612	1	1
transcription by RNA polymerase I	GO:0006360		12	1	1.8933046091048245	-0.6383237727024138	0.506271076694502	0.8726993542847484	1	1
transcription initiation at RNA polymerase I promoter	GO:0006361		7	1	1.104427688644481	-0.09932727196972693	0.8129096848478663	0.6994625284929428	1	1
rRNA processing	GO:0006364		78	1	12.30647995918136	-2.5101259496040056	0.08116884626207051	0.9999979138940102	1	1
transcription initiation at RNA polymerase II promoter	GO:0006367		101	6	15.935313793298938	-0.976778170527618	0.3681495623780132	0.999096072175134	1	1
transcription elongation by RNA polymerase II	GO:0006368		25	1	3.9443846023017177	-1.3722929477826145	0.2508847640679904	0.9863757326715852	1	1
7-methylguanosine mRNA capping	GO:0006370		6	2	0.9466523045524122	0.7479705884174768	1.4929330427012544	0.24189688327322753	1	1
mRNA splice site recognition	GO:0006376		18	2	2.839956913657237	-0.350641700250633	0.6561334090262664	0.8013642643579545	1	1
transcription by RNA polymerase III	GO:0006383		28	2	4.417710754577924	-0.7924744525296722	0.4385317160500693	0.9491310581323991	1	1
tRNA splicing, via endonucleolytic cleavage and ligation	GO:0006388		7	0	1.104427688644481	-Inf	0	1	1	1
mitochondrial transcription	GO:0006390		8	1	1.2622030727365496	-0.23285866459424956	0.7266172585054973	0.7468987684659543	1	1
tRNA metabolic process	GO:0006399		132	6	20.82635070015307	-1.2444595762727295	0.28425313097344823	0.9999791979412316	1	1
tRNA modification	GO:0006400		61	4	9.624298429616191	-0.8779966259678341	0.404493889866012	0.9887135958971525	1	1
RNA catabolic process	GO:0006401		146	17	23.03520607744203	-0.30381040056653397	0.6835201472930235	0.8949342390516485	1	1
mRNA catabolic process	GO:0006402		80	11	12.622030727365496	-0.13754848478992462	0.7875264621380832	0.6526637573782683	1	1
RNA localization	GO:0006403		77	4	12.14870457508929	-1.1109281836482068	0.32357704486374994	0.9989345245580117	1	1
RNA export from nucleus	GO:0006405		50	1	7.8887692046034354	-2.06544012834256	0.12642543277422455	0.9998156110816747	1	1
mRNA export from nucleus	GO:0006406		43	1	6.784341515958955	-1.9146172386079763	0.14686965691578563	0.9993844990410015	1	1
translational initiation	GO:0006413		40	2	6.311015363682748	-1.1491493964684045	0.3118280657172801	0.9912179496251572	1	1
translational elongation	GO:0006414		46	5	7.25766766823516	-0.37262060696940813	0.643571253759105	0.8716092649792222	1	1
translational termination	GO:0006415		9	0	1.4199784568286185	-Inf	0	1	1	1
tRNA aminoacylation for protein translation	GO:0006418		33	0	5.206587675038268	-Inf	0	1	1	1
regulation of translational initiation	GO:0006446		58	5	9.150972277339985	-0.6044222210267325	0.5223149239340653	0.9583149120390922	1	1
regulation of translational elongation	GO:0006448		5	1	0.7888769204603435	0.23714496465148602	1.0585560331525345	0.5762657973197276	1	1
regulation of translational termination	GO:0006449		6	0	0.9466523045524122	-Inf	0	1	1	1
protein folding	GO:0006457		107	2	16.88196609785135	-2.1330987768163743	0.11819422818022429	0.999999753527254	1	1
'de novo' protein folding	GO:0006458		13	0	2.0510799931968933	-Inf	0	1	1	1
signal peptide processing	GO:0006465		8	1	1.2622030727365496	-0.23285866459424956	0.7266172585054973	0.7468987684659543	1	1
negative regulation of protein kinase activity	GO:0006469		68	6	10.728726118260672	-0.5811653588624653	0.5335663291867041	0.9641691140979289	1	1
protein dephosphorylation	GO:0006470		78	7	12.30647995918136	-0.5642158005486921	0.5418929444701851	0.9546839042040133	1	1
protein acetylation	GO:0006473		30	3	4.733261522762062	-0.45600221590845946	0.5976018042874565	0.8734512578399616	1	1
N-terminal protein amino acid acetylation	GO:0006474		12	0	1.8933046091048245	-Inf	0	1	1	1
internal protein amino acid acetylation	GO:0006475		9	1	1.4199784568286185	-0.350641700250633	0.6561334090262664	0.7868500319994607	1	1
protein deacetylation	GO:0006476		13	3	2.0510799931968933	0.38024580829215937	1.1738616425058435	0.33772642600449965	1	1
protein methylation	GO:0006479		40	6	6.311015363682748	-0.050537107800294925	0.8460936236395288	0.5676291126496268	1	1
protein glycosylation	GO:0006486		148	19	23.350756845626172	-0.20619041751208833	0.7433134787912125	0.8334187791145224	1	1
protein N-linked glycosylation	GO:0006487		54	4	8.51987074097171	-0.7561068083587973	0.4537583768674764	0.9790485398223254	1	1
dolichol-linked oligosaccharide biosynthetic process	GO:0006488		20	1	3.155507681841374	-1.1491493964684045	0.3118280657172801	0.9678129216089626	1	1
dolichyl diphosphate biosynthetic process	GO:0006489		5	0	0.7888769204603435	-Inf	0	1	1	1
N-glycan processing	GO:0006491		12	3	1.8933046091048245	0.46028851596569575	1.240756211609746	0.29115947531196185	1	1
protein O-linked glycosylation	GO:0006493		80	14	12.622030727365496	0.10361357202696349	0.9565024639890441	0.32558439776698705	1	1
protein lipidation	GO:0006497		30	2	4.733261522762062	-0.8614673240166237	0.410882473242539	0.9617699887084894	1	1
GPI anchor metabolic process	GO:0006505		24	3	3.786609218209649	-0.23285866459424956	0.7266172585054973	0.7538184116077663	1	1
GPI anchor biosynthetic process	GO:0006506		24	3	3.786609218209649	-0.23285866459424956	0.7266172585054973	0.7538184116077663	1	1
membrane protein ectodomain proteolysis	GO:0006509		21	3	3.313283065933443	-0.09932727196972693	0.8129096848478663	0.6319932023100667	1	1
protein monoubiquitination	GO:0006513		38	2	5.9954645954986105	-1.097856102080854	0.32768935881794536	0.988157455771919	1	1
protein quality control for misfolded or incompletely synthesized proteins	GO:0006515		22	4	3.4710584500255117	0.14183478484716117	0.9851310298618374	0.46580653143968764	1	1
glycoprotein catabolic process	GO:0006516		20	2	3.155507681841374	-0.4560022159084593	0.5976018042874566	0.8470652783357171	1	1
protein deglycosylation	GO:0006517		18	2	2.839956913657237	-0.350641700250633	0.6561334090262664	0.8013642643579545	1	1
peptide metabolic process	GO:0006518		24	4	3.786609218209649	0.054823407857531446	0.9206658936334867	0.5377938690207902	1	1
amino acid metabolic process	GO:0006520		192	19	30.29287374567719	-0.4664735157757547	0.5920170173351861	0.9908091780690658	1	1
regulation of cellular amino acid metabolic process	GO:0006521		5	0	0.7888769204603435	-Inf	0	1	1	1
arginine metabolic process	GO:0006525		7	0	1.104427688644481	-Inf	0	1	1	1
arginine catabolic process	GO:0006527		5	0	0.7888769204603435	-Inf	0	1	1	1
cysteine metabolic process	GO:0006534		5	1	0.7888769204603435	0.23714496465148602	1.0585560331525345	0.5762657973197276	1	1
glutamate metabolic process	GO:0006536		16	3	2.5244061454730993	0.17260644351391496	1.0085246724610224	0.4738960557783739	1	1
glutamate catabolic process	GO:0006538		6	2	0.9466523045524122	0.7479705884174768	1.4929330427012544	0.24189688327322753	1	1
glutamine metabolic process	GO:0006541		6	1	0.9466523045524122	0.054823407857531446	0.9206658936334867	0.6431395801290278	1	1
glycine metabolic process	GO:0006544		10	4	1.577753840920687	0.9302921452114313	1.660243592711515	0.040084024458259114	1	1
L-histidine metabolic process	GO:0006547		7	1	1.104427688644481	-0.09932727196972693	0.8129096848478663	0.6994625284929428	1	1
L-histidine catabolic process	GO:0006548		7	1	1.104427688644481	-0.09932727196972693	0.8129096848478663	0.6994625284929428	1	1
lysine metabolic process	GO:0006553		5	1	0.7888769204603435	0.23714496465148602	1.0585560331525345	0.5762657973197276	1	1
lysine catabolic process	GO:0006554		5	1	0.7888769204603435	0.23714496465148602	1.0585560331525345	0.5762657973197276	1	1
methionine metabolic process	GO:0006555		12	0	1.8933046091048245	-Inf	0	1	1	1
proline metabolic process	GO:0006560		8	0	1.2622030727365496	-Inf	0	1	1	1
L-serine metabolic process	GO:0006563		10	1	1.577753840920687	-0.4560022159084593	0.5976018042874566	0.8204970178727164	1	1
tryptophan metabolic process	GO:0006568		8	0	1.2622030727365496	-Inf	0	1	1	1
tryptophan catabolic process	GO:0006569		7	0	1.104427688644481	-Inf	0	1	1	1
tyrosine metabolic process	GO:0006570		11	1	1.7355292250127559	-0.5513123957127841	0.5483037732141072	0.8488342349162374	1	1
tyrosine catabolic process	GO:0006572		5	0	0.7888769204603435	-Inf	0	1	1	1
cellular modified amino acid metabolic process	GO:0006575		104	18	16.408639945575146	0.09256373584037839	0.9483159893601117	0.34119320855445673	1	1
biogenic amine metabolic process	GO:0006576		52	4	8.204319972787573	-0.7183664803759503	0.47004679746433364	0.9699298910742504	1	1
amino-acid betaine metabolic process	GO:0006577		10	4	1.577753840920687	0.9302921452114313	1.660243592711515	0.058650810918300204	1	1
amino-acid betaine biosynthetic process	GO:0006578		5	4	0.7888769204603435	1.6234393257713766	2.326171521089042	0.0027028124954275308	1	1
melanin metabolic process	GO:0006582		6	1	0.9466523045524122	0.054823407857531446	0.9206658936334867	0.6431395801290278	1	1
catecholamine metabolic process	GO:0006584		19	1	2.9977322977493053	-1.097856102080854	0.32768935881794536	0.9546061989867662	1	1
indolalkylamine metabolic process	GO:0006586		10	0	1.577753840920687	-Inf	0	1	1	1
thyroid hormone generation	GO:0006590		8	2	1.2622030727365496	0.46028851596569575	1.240756211609746	0.3674088486818622	1	1
polyamine metabolic process	GO:0006595		14	0	2.208855377288962	-Inf	0	1	1	1
polyamine biosynthetic process	GO:0006596		6	0	0.9466523045524122	-Inf	0	1	1	1
protein targeting	GO:0006605		119	11	18.775270706956174	-0.5346453432275723	0.5566768944325833	0.9823312836382241	1	1
protein import into nucleus	GO:0006606		43	2	6.784341515958955	-1.2214700580480309	0.2906854261968122	0.9944124196389234	1	1
NLS-bearing protein import into nucleus	GO:0006607		10	0	1.577753840920687	-Inf	0	1	1	1
protein export from nucleus	GO:0006611		18	0	2.839956913657237	-Inf	0	1	1	1
protein targeting to membrane	GO:0006612		27	2	4.259935370485855	-0.7561068083587973	0.4537583768674764	0.922466050944612	1	1
cotranslational protein targeting to membrane	GO:0006613		11	1	1.7355292250127559	-0.5513123957127841	0.5483037732141072	0.8488342349162374	1	1
post-translational protein targeting to endoplasmic reticulum membrane	GO:0006620		9	1	1.4199784568286185	-0.350641700250633	0.6561334090262664	0.6994625284929428	1	1
protein targeting to lysosome	GO:0006622		18	5	2.839956913657237	0.5656490316235221	1.3311399692277321	0.1417299483215427	1	1
protein targeting to vacuole	GO:0006623		21	5	3.313283065933443	0.4114983517962638	1.19978782886599	0.227976181712331	1	1
protein targeting to peroxisome	GO:0006625		7	0	1.104427688644481	-Inf	0	1	1	1
protein targeting to mitochondrion	GO:0006626		46	3	7.25766766823516	-0.8834462307353987	0.40240725407852046	0.9830462827531645	1	1
fatty acid metabolic process	GO:0006631		189	24	29.819547593400987	-0.2171103076261104	0.7364441236852846	0.8835651259575601	1	1
fatty acid biosynthetic process	GO:0006633		68	9	10.728726118260672	-0.17570025075430093	0.762733271785421	0.7658864380230356	1	1
fatty acid beta-oxidation	GO:0006635		40	6	6.311015363682748	-0.050537107800294925	0.8460936236395288	0.6203616486872418	1	1
unsaturated fatty acid biosynthetic process	GO:0006636		24	1	3.786609218209649	-1.3314709532623592	0.26111132566716627	0.9838193454025062	1	1
acyl-CoA metabolic process	GO:0006637		60	10	9.466523045524124	0.05482340785753124	0.9206658936334866	0.4565506210813971	1	1
neutral lipid metabolic process	GO:0006638		46	2	7.25766766823516	-1.2889113388435631	0.2721969180173993	0.9951985258503682	1	1
acylglycerol metabolic process	GO:0006639		46	2	7.25766766823516	-1.2889113388435631	0.2721969180173993	0.9951985258503682	1	1
monoacylglycerol biosynthetic process	GO:0006640		7	0	1.104427688644481	-Inf	0	1	1	1
triglyceride metabolic process	GO:0006641		27	1	4.259935370485855	-1.4492539889187426	0.23264116201088111	0.9885283576275847	1	1
membrane lipid metabolic process	GO:0006643		154	13	24.29740915017858	-0.6254203678665059	0.5123278590633946	0.9970322268599849	1	1
phosphatidylethanolamine biosynthetic process	GO:0006646		7	1	1.104427688644481	-0.09932727196972693	0.8129096848478663	0.6994625284929428	1	1
phosphatidic acid biosynthetic process	GO:0006654		26	6	4.1021599863937865	0.38024580829215937	1.1738616425058435	0.21760872749519097	1	1
phosphatidylglycerol biosynthetic process	GO:0006655		6	1	0.9466523045524122	0.054823407857531446	0.9206658936334867	0.6431395801290278	1	1
phosphatidylcholine biosynthetic process	GO:0006656		18	2	2.839956913657237	-0.350641700250633	0.6561334090262664	0.7742325480643975	1	1
phosphatidylserine metabolic process	GO:0006658		15	4	2.366630761381031	0.5248270371032668	1.2958238993873172	0.20188276671721989	1	1
phosphatidylinositol biosynthetic process	GO:0006661		86	11	13.56868303191791	-0.2098691463695508	0.7409942452160975	0.8172413025005794	1	1
glycerol ether metabolic process	GO:0006662		11	0	1.7355292250127559	-Inf	0	1	1	1
glycolipid metabolic process	GO:0006664		80	5	12.622030727365496	-0.9260058451541948	0.3864422976582265	0.9968453396081264	1	1
sphingolipid metabolic process	GO:0006665		122	10	19.248596859232382	-0.6548530746536244	0.49860110755264236	0.9945602617439828	1	1
sphingosine metabolic process	GO:0006670		19	3	2.9977322977493053	7.561865872556224e-4	0.8819083927546117	0.595716910168776	1	1
ceramide metabolic process	GO:0006672		66	7	10.413175350076536	-0.3971617158855259	0.6297642517614171	0.9054065184976613	1	1
glycosylceramide metabolic process	GO:0006677		10	0	1.577753840920687	-Inf	0	1	1	1
galactosylceramide metabolic process	GO:0006681		5	0	0.7888769204603435	-Inf	0	1	1	1
sphingomyelin metabolic process	GO:0006684		11	1	1.7355292250127559	-0.5513123957127841	0.5483037732141072	0.8488342349162374	1	1
sphingomyelin catabolic process	GO:0006685		5	0	0.7888769204603435	-Inf	0	1	1	1
sphingomyelin biosynthetic process	GO:0006686		5	1	0.7888769204603435	0.23714496465148602	1.0585560331525345	0.5762657973197276	1	1
glycosphingolipid metabolic process	GO:0006687		50	2	7.8887692046034354	-1.3722929477826145	0.2508847640679904	0.9977637664892538	1	1
glycosphingolipid biosynthetic process	GO:0006688		32	0	5.0488122909461985	-Inf	0	1	1	1
ganglioside catabolic process	GO:0006689		6	2	0.9466523045524122	0.7479705884174768	1.4929330427012544	0.24189688327322753	1	1
icosanoid metabolic process	GO:0006690		75	6	11.833153806905154	-0.6791457672226691	0.4875085810917311	0.9847505998770738	1	1
leukotriene metabolic process	GO:0006691		20	4	3.155507681841374	0.23714496465148602	1.0585560331525345	0.39015125470146694	1	1
prostanoid metabolic process	GO:0006692		29	2	4.5754861386699925	-0.8275657723409423	0.42426863940338144	0.9558820733172542	1	1
prostaglandin metabolic process	GO:0006693		26	2	4.1021599863937865	-0.7183664803759503	0.47004679746433364	0.9325601087715927	1	1
steroid biosynthetic process	GO:0006694		60	5	9.466523045524124	-0.638323772702414	0.5062710766945019	0.966501136853348	1	1
cholesterol biosynthetic process	GO:0006695		24	3	3.786609218209649	-0.23285866459424956	0.7266172585054973	0.7268153437843944	1	1
bile acid biosynthetic process	GO:0006699		25	3	3.9443846023017177	-0.2736806591145047	0.701585653260422	0.7538184116077663	1	1
C21-steroid hormone biosynthetic process	GO:0006700		9	0	1.4199784568286185	-Inf	0	1	1	1
androgen biosynthetic process	GO:0006702		8	0	1.2622030727365496	-Inf	0	1	1	1
estrogen biosynthetic process	GO:0006703		8	1	1.2622030727365496	-0.23285866459424956	0.7266172585054973	0.6994625284929428	1	1
glucocorticoid biosynthetic process	GO:0006704		6	0	0.9466523045524122	-Inf	0	1	1	1
steroid catabolic process	GO:0006706		16	2	2.5244061454730993	-0.23285866459424956	0.7266172585054973	0.7439117686956334	1	1
cholesterol catabolic process	GO:0006707		5	0	0.7888769204603435	-Inf	0	1	1	1
isoprenoid metabolic process	GO:0006720		78	4	12.30647995918136	-1.1238315884841148	0.3195650808598268	0.998401836687322	1	1
terpenoid metabolic process	GO:0006721		61	4	9.624298429616191	-0.8779966259678341	0.404493889866012	0.9855115233714395	1	1
one-carbon metabolic process	GO:0006730		8	2	1.2622030727365496	0.46028851596569575	1.240756211609746	0.3674088486818622	1	1
NADH metabolic process	GO:0006734		25	0	3.9443846023017177	-Inf	0	1	1	1
NADP metabolic process	GO:0006739		21	1	3.313283065933443	-1.1979395606378367	0.29741149256349064	0.9728970148697752	1	1
NADPH regeneration	GO:0006740		13	1	2.0510799931968933	-0.7183664803759503	0.47004679746433364	0.8927979358372273	1	1
ubiquinone metabolic process	GO:0006743		18	2	2.839956913657237	-0.350641700250633	0.6561334090262664	0.8013642643579545	1	1
ubiquinone biosynthetic process	GO:0006744		16	2	2.5244061454730993	-0.23285866459424956	0.7266172585054973	0.7439117686956334	1	1
glutathione metabolic process	GO:0006749		25	3	3.9443846023017177	-0.2736806591145047	0.701585653260422	0.7538184116077663	1	1
glutathione biosynthetic process	GO:0006750		6	1	0.9466523045524122	0.054823407857531446	0.9206658936334867	0.6431395801290278	1	1
ATP biosynthetic process	GO:0006754		19	0	2.9977322977493053	-Inf	0	1	1	1
folic acid-containing compound metabolic process	GO:0006760		20	3	3.155507681841374	-0.050537107800294925	0.8460936236395288	0.6319932023100667	1	1
vitamin metabolic process	GO:0006766		79	5	12.464255343273429	-0.9134270629473348	0.39110017321449897	0.9954248855253495	1	1
water-soluble vitamin metabolic process	GO:0006767		49	3	7.730993820511367	-0.9466251323569306	0.37891583285737596	0.9870309650879723	1	1
riboflavin metabolic process	GO:0006771		5	0	0.7888769204603435	-Inf	0	1	1	1
fat-soluble vitamin metabolic process	GO:0006775		30	2	4.733261522762062	-0.8614673240166237	0.410882473242539	0.9491310581323991	1	1
porphyrin-containing compound metabolic process	GO:0006778		29	8	4.5754861386699925	0.5587285887789483	1.3251275464616534	0.05143052789872857	1	1
porphyrin-containing compound biosynthetic process	GO:0006779		18	4	2.839956913657237	0.34250548030931227	1.142896492055841	0.31314145199972365	1	1
protoporphyrinogen IX biosynthetic process	GO:0006782		6	2	0.9466523045524122	0.7479705884174768	1.4929330427012544	0.24189688327322753	1	1
heme biosynthetic process	GO:0006783		18	4	2.839956913657237	0.34250548030931227	1.142896492055841	0.31314145199972365	1	1
heme B biosynthetic process	GO:0006785		9	4	1.4199784568286185	1.0356526608692576	1.7589125919736386	0.040084024458259114	1	1
porphyrin-containing compound catabolic process	GO:0006787		11	3	1.7355292250127559	0.5472998929553256	1.3152208683526203	0.1578295083757136	1	1
sulfur compound metabolic process	GO:0006790		193	22	30.45064912976926	-0.3250648584609833	0.6709860483063125	0.9620962828346087	1	1
superoxide metabolic process	GO:0006801		27	2	4.259935370485855	-0.7561068083587973	0.4537583768674764	0.9325601087715927	1	1
xenobiotic metabolic process	GO:0006805		107	11	16.88196609785135	-0.42835068457794906	0.6125509849249465	0.9325464394166025	1	1
nitric oxide biosynthetic process	GO:0006809		10	1	1.577753840920687	-0.4560022159084593	0.5976018042874566	0.8204970178727164	1	1
potassium ion transport	GO:0006813		98	5	15.461987641022734	-1.1289466891508853	0.31798758663578824	0.9994770060704571	1	1
sodium ion transport	GO:0006814		59	3	9.308747661432054	-1.1323422781520234	0.3169444154986786	0.9967313158412411	1	1
calcium ion transport	GO:0006816		131	10	20.668575316061002	-0.7260293531215195	0.46669902635953087	0.9980539623731883	1	1
phosphate ion transport	GO:0006817		14	1	2.208855377288962	-0.7924744525296722	0.4385317160500693	0.9097242574396893	1	1
monoatomic anion transport	GO:0006820		68	3	10.728726118260672	-1.2743125394224106	0.27610176333170644	0.9990951712718703	1	1
chloride transport	GO:0006821		55	3	8.677646125063779	-1.0621380194787748	0.3391752520913584	0.9942872836002669	1	1
copper ion transport	GO:0006825		7	0	1.104427688644481	-Inf	0	1	1	1
iron ion transport	GO:0006826		25	6	3.9443846023017177	0.41946652144544067	1.2064380657848754	0.19117000162493764	1	1
manganese ion transport	GO:0006828		7	0	1.104427688644481	-Inf	0	1	1	1
zinc ion transport	GO:0006829		24	1	3.786609218209649	-1.3314709532623592	0.26111132566716627	0.9838193454025062	1	1
water transport	GO:0006833		15	2	2.366630761381031	-0.16832014345667848	0.7674866162952108	0.7101598045809759	1	1
dicarboxylic acid transport	GO:0006835		33	4	5.206587675038268	-0.2636303232610033	0.7076892208932586	0.7871704335805744	1	1
neurotransmitter transport	GO:0006836		43	0	6.784341515958955	-Inf	0	1	1	1
serotonin transport	GO:0006837		10	0	1.577753840920687	-Inf	0	1	1	1
mitochondrial transport	GO:0006839		113	9	17.828618402403766	-0.6835803642905349	0.48550662845072523	0.9954557163885482	1	1
pyruvate transport	GO:0006848		6	1	0.9466523045524122	0.054823407857531446	0.9206658936334867	0.6431395801290278	1	1
mitochondrial calcium ion transmembrane transport	GO:0006851		13	0	2.0510799931968933	-Inf	0	1	1	1
xenobiotic transmembrane transport	GO:0006855		15	1	2.366630761381031	-0.8614673240166237	0.410882473242539	0.9239788612153117	1	1
oligopeptide transport	GO:0006857		8	1	1.2622030727365496	-0.23285866459424956	0.7266172585054973	0.7468987684659543	1	1
extracellular transport	GO:0006858		13	2	2.0510799931968933	-0.02521929981600501	0.8636537464594634	0.586317921862617	1	1
nucleotide transport	GO:0006862		33	3	5.206587675038268	-0.5513123957127841	0.5483037732141072	0.9112341226524642	1	1
purine nucleobase transport	GO:0006863		7	0	1.104427688644481	-Inf	0	1	1	1
amino acid transport	GO:0006865		69	4	10.88650150235274	-1.0012292663917823	0.35962546054930206	0.9964520895441449	1	1
glutamine transport	GO:0006868		6	0	0.9466523045524122	-Inf	0	1	1	1
lipid transport	GO:0006869		160	10	25.244061454730993	-0.9260058451541948	0.3864422976582265	0.9998919072254481	1	1
intracellular calcium ion homeostasis	GO:0006874		101	6	15.935313793298938	-0.976778170527618	0.3681495623780132	0.9988420723071985	1	1
intracellular copper ion homeostasis	GO:0006878		10	0	1.577753840920687	-Inf	0	1	1	1
intracellular iron ion homeostasis	GO:0006879		46	7	7.25766766823516	-0.03614837034819526	0.8560451840141694	0.579287634874884	1	1
intracellular zinc ion homeostasis	GO:0006882		14	0	2.208855377288962	-Inf	0	1	1	1
intracellular sodium ion homeostasis	GO:0006883		13	1	2.0510799931968933	-0.7183664803759503	0.47004679746433364	0.8927979358372273	1	1
cell volume homeostasis	GO:0006884		22	1	3.4710584500255117	-1.2444595762727295	0.28425313097344823	0.9771782958107115	1	1
regulation of pH	GO:0006885		47	8	7.4154430523272294	0.07587681705536375	0.9360308892335503	0.44271323053633427	1	1
intracellular protein transport	GO:0006886		180	18	28.39956913657237	-0.45600221590845946	0.5976018042874565	0.9899827386469874	1	1
exocytosis	GO:0006887		75	3	11.833153806905154	-1.3722929477826145	0.2508847640679904	0.9996225926487423	1	1
endoplasmic reticulum to Golgi vesicle-mediated transport	GO:0006888		60	0	9.466523045524124	-Inf	0	1	1	1
retrograde vesicle-mediated transport, Golgi to endoplasmic reticulum	GO:0006890		27	2	4.259935370485855	-0.7561068083587973	0.4537583768674764	0.9414003783632222	1	1
intra-Golgi vesicle-mediated transport	GO:0006891		17	2	2.682181529565168	-0.2934832864106844	0.6896729147432905	0.7742325480643975	1	1
post-Golgi vesicle-mediated transport	GO:0006892		61	7	9.624298429616191	-0.3183808380324115	0.6749089933548292	0.8553881922498858	1	1
Golgi to plasma membrane transport	GO:0006893		32	3	5.0488122909461985	-0.5205407370460303	0.5638443550198389	0.8999556054641106	1	1
Golgi to endosome transport	GO:0006895		10	1	1.577753840920687	-0.4560022159084593	0.5976018042874566	0.7868500319994607	1	1
Golgi to vacuole transport	GO:0006896		10	2	1.577753840920687	0.23714496465148602	1.0585560331525345	0.4840271591401576	1	1
receptor-mediated endocytosis	GO:0006898		102	13	16.093089177391008	-0.21344057873714786	0.7387475758344099	0.8361239993281315	1	1
vesicle budding from membrane	GO:0006900		36	1	5.679913827314474	-1.7369360613705236	0.17516192305379188	0.9971029331037861	1	1
vesicle coating	GO:0006901		13	0	2.0510799931968933	-Inf	0	1	1	1
vesicle targeting	GO:0006903		31	4	4.89103690685413	-0.2011099662796692	0.7465248685943383	0.743267773347741	1	1
vesicle docking involved in exocytosis	GO:0006904		8	0	1.2622030727365496	-Inf	0	1	1	1
vesicle fusion	GO:0006906		39	4	6.15323997959068	-0.43068440792416945	0.6112780014257958	0.8568312760280459	1	1
pinocytosis	GO:0006907		6	0	0.9466523045524122	-Inf	0	1	1	1
phagocytosis	GO:0006909		79	15	12.464255343273429	0.18518522572077492	1.0181743555948068	0.241442745924501	1	1
phagocytosis, recognition	GO:0006910		7	2	1.104427688644481	0.5938199085902184	1.355718486679157	0.3052018899455362	1	1
phagocytosis, engulfment	GO:0006911		14	4	2.208855377288962	0.5938199085902184	1.355718486679157	0.16776295632413193	1	1
nucleocytoplasmic transport	GO:0006913		122	3	19.248596859232382	-1.8588258789795604	0.15523133575386017	0.9999997520139152	1	1
autophagy	GO:0006914		183	18	28.872895288848575	-0.4725315178596699	0.5888051250634868	0.9882813613478829	1	1
cellular component disassembly involved in execution phase of apoptosis	GO:0006921		12	1	1.8933046091048245	-0.6383237727024138	0.506271076694502	0.8726993542847484	1	1
substrate-dependent cell migration	GO:0006929		9	2	1.4199784568286185	0.34250548030931227	1.142896492055841	0.4272886601979041	1	1
chemotaxis	GO:0006935		181	13	28.557344520664437	-0.7869647967187027	0.4408092446747923	0.9997620496866158	1	1
muscle contraction	GO:0006936		130	5	20.510799931968933	-1.4115136609358956	0.2414219726866582	0.999995773395136	1	1
regulation of muscle contraction	GO:0006937		85	5	13.410907647825839	-0.9866304669706296	0.3646928356437803	0.9983210481937919	1	1
smooth muscle contraction	GO:0006939		17	0	2.682181529565168	-Inf	0	1	1	1
regulation of smooth muscle contraction	GO:0006940		13	0	2.0510799931968933	-Inf	0	1	1	1
striated muscle contraction	GO:0006941		64	1	10.097624581892397	-2.3123002062740854	0.09887202367891927	0.999976676833469	1	1
regulation of striated muscle contraction	GO:0006942		63	4	9.939849197800328	-0.9102574881860556	0.39228184408392197	0.9922814242244193	1	1
syncytium formation	GO:0006949		15	1	2.366630761381031	-0.8614673240166237	0.410882473242539	0.9097242574396893	1	1
acute-phase response	GO:0006953		11	0	1.7355292250127559	-Inf	0	1	1	1
inflammatory response	GO:0006954		194	26	30.608424513861333	-0.1631787439562598	0.7708101874181593	0.8054400099895409	1	1
complement activation	GO:0006956		28	4	4.417710754577924	-0.09932727196972693	0.8129096848478663	0.6650167181454056	1	1
complement activation, classical pathway	GO:0006958		5	1	0.7888769204603435	0.23714496465148602	1.0585560331525345	0.5762657973197276	1	1
humoral immune response	GO:0006959		168	8	26.506264527467543	-1.1979395606378367	0.29741149256349064	0.9999930531481871	1	1
cellular defense response	GO:0006968		46	5	7.25766766823516	-0.37262060696940813	0.643571253759105	0.8588488944977704	1	1
response to osmotic stress	GO:0006970		33	2	5.206587675038268	-0.9567775038209486	0.3752592248846453	0.9752410911662213	1	1
hypotonic response	GO:0006971		8	1	1.2622030727365496	-0.23285866459424956	0.7266172585054973	0.7468987684659543	1	1
hyperosmotic response	GO:0006972		10	0	1.577753840920687	-Inf	0	1	1	1
response to oxidative stress	GO:0006979		187	24	29.503996825216852	-0.20647190942105478	0.7431358322120687	0.8894132595287301	1	1
ER overload response	GO:0006983		7	0	1.104427688644481	-Inf	0	1	1	1
ER-nucleus signaling pathway	GO:0006984		26	1	4.1021599863937865	-1.4115136609358956	0.2414219726866582	0.9885283576275847	1	1
response to unfolded protein	GO:0006986		66	3	10.413175350076536	-1.2444595762727295	0.28425313097344823	0.9989545822722106	1	1
response to sterol depletion	GO:0006991		10	1	1.577753840920687	-0.4560022159084593	0.5976018042874566	0.8204970178727164	1	1
nucleus organization	GO:0006997		88	5	13.884233800102047	-1.0213160249585198	0.35275889351391154	0.9983210481937919	1	1
nuclear envelope organization	GO:0006998		44	1	6.9421169000510234	-1.9376067568326747	0.1435547103451045	0.9989683943616541	1	1
nuclear pore organization	GO:0006999		13	0	2.0510799931968933	-Inf	0	1	1	1
nucleolus organization	GO:0007000		7	1	1.104427688644481	-0.09932727196972693	0.8129096848478663	0.6994625284929428	1	1
telomere maintenance via telomerase	GO:0007004		20	2	3.155507681841374	-0.4560022159084593	0.5976018042874566	0.825558070733152	1	1
mitochondrial membrane organization	GO:0007006		72	3	11.359827654628948	-1.3314709532623592	0.26111132566716627	0.999494153540244	1	1
inner mitochondrial membrane organization	GO:0007007		34	0	5.364363059130336	-Inf	0	1	1	1
plasma membrane organization	GO:0007009		65	3	10.255399965984466	-1.229192104141941	0.28850963893215525	0.9967313158412411	1	1
actin filament organization	GO:0007015		104	7	16.408639945575146	-0.851897873000473	0.4146222592478159	0.9979672237523927	1	1
microtubule-based movement	GO:0007018		118	17	18.61749532286411	-0.0908884033238623	0.8185869077558022	0.6689840933273989	1	1
microtubule depolymerization	GO:0007019		10	3	1.577753840920687	0.6426100727596504	1.3986675832653837	0.1578295083757136	1	1
microtubule nucleation	GO:0007020		17	1	2.682181529565168	-0.9866304669706297	0.36469283564378024	0.9460927581740545	1	1
post-chaperonin tubulin folding pathway	GO:0007023		5	0	0.7888769204603435	-Inf	0	1	1	1
negative regulation of microtubule depolymerization	GO:0007026		13	0	2.0510799931968933	-Inf	0	1	1	1
endoplasmic reticulum organization	GO:0007029		60	4	9.466523045524124	-0.8614673240166237	0.410882473242539	0.9900493939075026	1	1
Golgi organization	GO:0007030		77	10	12.14870457508929	-0.1946374517740517	0.7506303734841934	0.7935764503554861	1	1
peroxisome organization	GO:0007031		29	3	4.5754861386699925	-0.42210066423277787	0.6159704844077175	0.8409015413639225	1	1
endosome organization	GO:0007032		51	4	8.046544588695504	-0.6989483945188487	0.4786234588621548	0.9461141817821546	1	1
vacuole organization	GO:0007033		107	12	16.88196609785135	-0.3413393075883194	0.6615062356601539	0.923894195209134	1	1
vacuolar transport	GO:0007034		100	13	15.777538409206871	-0.1936379514409683	0.7512657700252986	0.7397678862937641	1	1
vacuolar acidification	GO:0007035		11	0	1.7355292250127559	-Inf	0	1	1	1
protein catabolic process in the vacuole	GO:0007039		6	1	0.9466523045524122	0.054823407857531446	0.9206658936334867	0.6431395801290278	1	1
lysosome organization	GO:0007040		53	7	8.362095356879642	-0.17779888741122218	0.7613853422341251	0.7333042229246339	1	1
lysosomal transport	GO:0007041		97	13	15.304212256930667	-0.1631787439562598	0.7708101874181593	0.6954817050106246	1	1
lysosomal lumen acidification	GO:0007042		10	0	1.577753840920687	-Inf	0	1	1	1
cell-cell junction assembly	GO:0007043		55	3	8.677646125063779	-1.0621380194787748	0.3391752520913584	0.9942872836002669	1	1
cell-substrate junction assembly	GO:0007044		21	1	3.313283065933443	-1.1979395606378367	0.29741149256349064	0.9728970148697752	1	1
spindle organization	GO:0007051		110	12	17.355292250127558	-0.36899083891882956	0.6456330510707288	0.9436763963910878	1	1
mitotic spindle organization	GO:0007052		70	9	11.04427688644481	-0.20468778762755335	0.7442622816532176	0.7952491243018199	1	1
chromosome segregation	GO:0007059		183	23	28.872895288848575	-0.22740905982668488	0.7300070800963762	0.8712173442386091	1	1
sister chromatid cohesion	GO:0007062		28	5	4.417710754577924	0.12381627934448283	0.9715749296796196	0.4589758063720958	1	1
regulation of sister chromatid cohesion	GO:0007063		15	3	2.366630761381031	0.23714496465148582	1.0585560331525345	0.42962943276280896	1	1
mitotic sister chromatid cohesion	GO:0007064		14	2	2.208855377288962	-0.09932727196972693	0.8129096848478663	0.6727557550052204	1	1
mitotic chromosome condensation	GO:0007076		13	2	2.0510799931968933	-0.02521929981600501	0.8636537464594634	0.586317921862617	1	1
mitotic nuclear membrane disassembly	GO:0007077		8	0	1.2622030727365496	-Inf	0	1	1	1
mitotic metaphase chromosome alignment	GO:0007080		53	3	8.362095356879642	-1.0250967477984259	0.3514800507708714	0.9886690514810321	1	1
mitotic nuclear membrane reassembly	GO:0007084		10	1	1.577753840920687	-0.4560022159084593	0.5976018042874566	0.8204970178727164	1	1
regulation of mitotic nuclear division	GO:0007088		80	6	12.622030727365496	-0.7436842883602403	0.45906466252030825	0.9902370642615178	1	1
mitotic cell cycle checkpoint signaling	GO:0007093		77	5	12.14870457508929	-0.8877846323339971	0.40075302299535337	0.9954248855253495	1	1
mitotic spindle assembly checkpoint signaling	GO:0007094		20	1	3.155507681841374	-1.1491493964684045	0.3118280657172801	0.9678129216089626	1	1
mitotic G2 DNA damage checkpoint signaling	GO:0007095		27	3	4.259935370485855	-0.3506417002506329	0.6561334090262665	0.8013373570208429	1	1
regulation of exit from mitosis	GO:0007096		8	0	1.2622030727365496	-Inf	0	1	1	1
centrosome cycle	GO:0007098		69	9	10.88650150235274	-0.19029905017545348	0.7533910997393815	0.7658864380230356	1	1
centriole replication	GO:0007099		21	4	3.313283065933443	0.18835480048205394	1.0206137216517617	0.42831009540479315	1	1
meiosis I	GO:0007127		22	4	3.4710584500255117	0.14183478484716117	0.9851310298618374	0.42831009540479315	1	1
homologous chromosome pairing at meiosis	GO:0007129		5	1	0.7888769204603435	0.23714496465148602	1.0585560331525345	0.5762657973197276	1	1
reciprocal meiotic recombination	GO:0007131		18	3	2.839956913657237	0.054823407857531446	0.9206658936334867	0.5165059234299028	1	1
homophilic cell adhesion via plasma membrane adhesion molecules	GO:0007156		21	2	3.313283065933443	-0.5047923800778914	0.571935864997809	0.8661310563927106	1	1
heterophilic cell-cell adhesion via plasma membrane cell adhesion molecules	GO:0007157		17	2	2.682181529565168	-0.2934832864106844	0.6896729147432905	0.7439117686956334	1	1
neuron cell-cell adhesion	GO:0007158		10	0	1.577753840920687	-Inf	0	1	1	1
leukocyte cell-cell adhesion	GO:0007159		42	5	6.626566131866886	-0.2816488287636815	0.6967741144248638	0.8140869749679701	1	1
cell-matrix adhesion	GO:0007160		74	6	11.675378422813086	-0.6657227468905286	0.49361142941229086	0.9829836864415755	1	1
negative regulation of cell adhesion	GO:0007162		159	11	25.086286070638923	-0.8244260523362746	0.4255278197480458	0.9996841676564443	1	1
establishment or maintenance of cell polarity	GO:0007163		85	5	13.410907647825839	-0.9866304669706296	0.3646928356437803	0.9985223323044516	1	1
receptor guanylyl cyclase signaling pathway	GO:0007168		10	0	1.577753840920687	-Inf	0	1	1	1
signal complex assembly	GO:0007172		5	0	0.7888769204603435	-Inf	0	1	1	1
epidermal growth factor receptor signaling pathway	GO:0007173		43	2	6.784341515958955	-1.2214700580480309	0.2906854261968122	0.9944124196389234	1	1
negative regulation of epidermal growth factor-activated receptor activity	GO:0007175		8	0	1.2622030727365496	-Inf	0	1	1	1
regulation of epidermal growth factor-activated receptor activity	GO:0007176		9	0	1.4199784568286185	-Inf	0	1	1	1
cell surface receptor protein serine/threonine kinase signaling pathway	GO:0007178		109	9	17.19751686603549	-0.6475404278073378	0.5019820719906118	0.9915902284868442	1	1
transforming growth factor beta receptor signaling pathway	GO:0007179		66	5	10.413175350076536	-0.7336339525067388	0.46339720119146116	0.9848468876250169	1	1
cell surface receptor protein tyrosine phosphatase signaling pathway	GO:0007185		5	0	0.7888769204603435	-Inf	0	1	1	1
G protein-coupled receptor signaling pathway, coupled to cyclic nucleotide second messenger	GO:0007187		43	2	6.784341515958955	-1.2214700580480309	0.2906854261968122	0.9935004626411345	1	1
adenylate cyclase-modulating G protein-coupled receptor signaling pathway	GO:0007188		136	7	21.457452236521345	-1.1201618595951524	0.3207013281765686	0.9999607094262111	1	1
adenylate cyclase-activating G protein-coupled receptor signaling pathway	GO:0007189		83	3	13.095356879641702	-1.473645442042902	0.22713089922295032	0.9998845444560425	1	1
activation of adenylate cyclase activity	GO:0007190		15	3	2.366630761381031	0.23714496465148582	1.0585560331525345	0.3840800995536907	1	1
adenylate cyclase-activating serotonin receptor signaling pathway	GO:0007192		5	0	0.7888769204603435	-Inf	0	1	1	1
adenylate cyclase-inhibiting G protein-coupled receptor signaling pathway	GO:0007193		44	3	6.9421169000510234	-0.838994468164565	0.4197131307359128	0.9748053441864623	1	1
negative regulation of adenylate cyclase activity	GO:0007194		10	1	1.577753840920687	-0.4560022159084593	0.5976018042874566	0.8204970178727164	1	1
adenylate cyclase-inhibiting serotonin receptor signaling pathway	GO:0007198		8	0	1.2622030727365496	-Inf	0	1	1	1
phospholipase C-activating G protein-coupled receptor signaling pathway	GO:0007200		72	4	11.359827654628948	-1.0437888808105784	0.34522000318667345	0.9968895657788579	1	1
positive regulation of cytosolic calcium ion concentration	GO:0007204		67	8	10.570950734168603	-0.27866820062554376	0.6985710997384783	0.8499034982307447	1	1
phospholipase C-activating serotonin receptor signaling pathway	GO:0007208		5	1	0.7888769204603435	0.23714496465148602	1.0585560331525345	0.5762657973197276	1	1
serotonin receptor signaling pathway	GO:0007210		11	0	1.7355292250127559	-Inf	0	1	1	1
G protein-coupled dopamine receptor signaling pathway	GO:0007212		8	0	1.2622030727365496	-Inf	0	1	1	1
G protein-coupled acetylcholine receptor signaling pathway	GO:0007213		8	0	1.2622030727365496	-Inf	0	1	1	1
gamma-aminobutyric acid signaling pathway	GO:0007214		12	0	1.8933046091048245	-Inf	0	1	1	1
glutamate receptor signaling pathway	GO:0007215		29	2	4.5754861386699925	-0.8275657723409423	0.42426863940338144	0.9558820733172542	1	1
G protein-coupled glutamate receptor signaling pathway	GO:0007216		15	1	2.366630761381031	-0.8614673240166237	0.410882473242539	0.9239788612153117	1	1
tachykinin receptor signaling pathway	GO:0007217		8	0	1.2622030727365496	-Inf	0	1	1	1
neuropeptide signaling pathway	GO:0007218		31	2	4.89103690685413	-0.8942571468396145	0.3982964377488585	0.9558820733172542	1	1
Notch signaling pathway	GO:0007219		20	2	3.155507681841374	-0.4560022159084593	0.5976018042874566	0.8470652783357171	1	1
Notch receptor processing	GO:0007220		7	1	1.104427688644481	-0.09932727196972693	0.8129096848478663	0.6994625284929428	1	1
smoothened signaling pathway	GO:0007224		12	1	1.8933046091048245	-0.6383237727024138	0.506271076694502	0.8726993542847484	1	1
integrin-mediated signaling pathway	GO:0007229		56	7	8.835421509155848	-0.23285866459424956	0.7266172585054973	0.7857666144719497	1	1
canonical NF-kappaB signal transduction	GO:0007249		29	3	4.5754861386699925	-0.42210066423277787	0.6159704844077175	0.8579923531368561	1	1
JNK cascade	GO:0007254		25	2	3.9443846023017177	-0.6791457672226691	0.4875085810917311	0.922466050944612	1	1
cell surface receptor signaling pathway via JAK-STAT	GO:0007259		39	3	6.15323997959068	-0.7183664803759503	0.47004679746433364	0.9577847654157476	1	1
tyrosine phosphorylation of STAT protein	GO:0007260		6	0	0.9466523045524122	-Inf	0	1	1	1
nitric oxide mediated signal transduction	GO:0007263		12	0	1.8933046091048245	-Inf	0	1	1	1
small GTPase-mediated signal transduction	GO:0007264		104	7	16.408639945575146	-0.851897873000473	0.4146222592478159	0.9981907319102925	1	1
Ras protein signal transduction	GO:0007265		26	0	4.1021599863937865	-Inf	0	1	1	1
Rho protein signal transduction	GO:0007266		36	4	5.679913827314474	-0.350641700250633	0.6561334090262664	0.8415203074473032	1	1
chemical synaptic transmission	GO:0007268		146	6	23.03520607744203	-1.3452642753946948	0.25761203391266563	0.9999979844240299	1	1
neurotransmitter secretion	GO:0007269		15	0	2.366630761381031	-Inf	0	1	1	1
synaptic transmission, cholinergic	GO:0007271		11	0	1.7355292250127559	-Inf	0	1	1	1
ensheathment of neurons	GO:0007272		17	1	2.682181529565168	-0.9866304669706297	0.36469283564378024	0.9460927581740545	1	1
neuromuscular synaptic transmission	GO:0007274		6	1	0.9466523045524122	0.054823407857531446	0.9206658936334867	0.6431395801290278	1	1
gamete generation	GO:0007276		130	5	20.510799931968933	-1.4115136609358956	0.2414219726866582	0.9999868720036493	1	1
germ cell development	GO:0007281		49	3	7.730993820511367	-0.9466251323569306	0.37891583285737596	0.9830462827531645	1	1
spermatogenesis	GO:0007283		107	4	16.88196609785135	-1.439951596256429	0.23477646256036314	0.9999435618553723	1	1
spermatid development	GO:0007286		38	3	5.9954645954986105	-0.6923909939726897	0.4815501042824095	0.9384695808022732	1	1
sperm axoneme assembly	GO:0007288		11	2	1.7355292250127559	0.14183478484716117	0.9851310298618374	0.5371248474375075	1	1
female gamete generation	GO:0007292		19	1	2.9977322977493053	-1.097856102080854	0.32768935881794536	0.9546061989867662	1	1
single fertilization	GO:0007338		42	1	6.626566131866886	-1.891086741197782	0.15034073964139763	0.9987746332432417	1	1
binding of sperm to zona pellucida	GO:0007339		7	0	1.104427688644481	-Inf	0	1	1	1
acrosome reaction	GO:0007340		8	1	1.2622030727365496	-0.23285866459424956	0.7266172585054973	0.7468987684659543	1	1
fusion of sperm to egg plasma membrane involved in single fertilization	GO:0007342		8	0	1.2622030727365496	-Inf	0	1	1	1
blastoderm segmentation	GO:0007350		6	0	0.9466523045524122	-Inf	0	1	1	1
tripartite regional subdivision	GO:0007351		6	0	0.9466523045524122	-Inf	0	1	1	1
determination of left/right symmetry	GO:0007368		25	2	3.9443846023017177	-0.6791457672226691	0.4875085810917311	0.910958947514297	1	1
gastrulation	GO:0007369		21	2	3.313283065933443	-0.5047923800778914	0.571935864997809	0.8470652783357171	1	1
pattern specification process	GO:0007389		57	6	8.993196893247916	-0.40470892152090865	0.625564683896595	0.8949347018848997	1	1
ectoderm development	GO:0007398		6	1	0.9466523045524122	0.054823407857531446	0.9206658936334867	0.6431395801290278	1	1
neuroblast proliferation	GO:0007405		5	0	0.7888769204603435	-Inf	0	1	1	1
axonogenesis	GO:0007409		61	2	9.624298429616191	-1.5711438065277794	0.20634003861292002	0.9996543529062774	1	1
axon guidance	GO:0007411		35	2	5.522138443222405	-1.0156180038438822	0.3546943719593138	0.9815320007633399	1	1
synapse assembly	GO:0007416		41	0	6.468790747774817	-Inf	0	1	1	1
central nervous system development	GO:0007417		192	15	30.29287374567719	-0.7028622938399851	0.4768839561633847	0.9992137553761047	1	1
brain development	GO:0007420		109	12	17.19751686603549	-0.35985835535555694	0.6508429496559096	0.9054349116428987	1	1
peripheral nervous system development	GO:0007422		16	0	2.5244061454730993	-Inf	0	1	1	1
sensory organ development	GO:0007423		72	8	11.359827654628948	-0.350641700250633	0.6561334090262664	0.8814758315167714	1	1
endoderm development	GO:0007492		16	1	2.5244061454730993	-0.9260058451541948	0.3864422976582265	0.9359833340499569	1	1
mesoderm development	GO:0007498		23	3	3.62883383411758	-0.19029905017545348	0.7533910997393815	0.7268153437843944	1	1
heart development	GO:0007507		118	5	18.61749532286411	-1.314663834945978	0.2654366305048311	0.9999770076845189	1	1
muscle organ development	GO:0007517		78	9	12.30647995918136	-0.3129013722677859	0.6781377884159226	0.8668577398377042	1	1
skeletal muscle tissue development	GO:0007519		19	1	2.9977322977493053	-1.097856102080854	0.32768935881794536	0.9546061989867662	1	1
myoblast fusion	GO:0007520		9	0	1.4199784568286185	-Inf	0	1	1	1
neuromuscular junction development	GO:0007528		6	1	0.9466523045524122	0.054823407857531446	0.9206658936334867	0.6431395801290278	1	1
sex determination	GO:0007530		5	0	0.7888769204603435	-Inf	0	1	1	1
sex differentiation	GO:0007548		48	1	7.573218436419298	-2.0246181338223046	0.13166352286332741	0.9996908870599704	1	1
sex-chromosome dosage compensation	GO:0007549		12	0	1.8933046091048245	-Inf	0	1	1	1
female pregnancy	GO:0007565		53	2	8.362095356879642	-1.4305618559065902	0.23695097112045377	0.9987942475547281	1	1
embryo implantation	GO:0007566		16	1	2.5244061454730993	-0.9260058451541948	0.3864422976582265	0.9359833340499569	1	1
parturition	GO:0007567		5	0	0.7888769204603435	-Inf	0	1	1	1
response to nutrient	GO:0007584		32	4	5.0488122909461985	-0.23285866459424956	0.7266172585054973	0.766023689273821	1	1
respiratory gaseous exchange by respiratory system	GO:0007585		12	2	1.8933046091048245	0.054823407857531446	0.9206658936334867	0.586317921862617	1	1
digestion	GO:0007586		42	3	6.626566131866886	-0.7924744525296722	0.4385317160500693	0.9628434134859871	1	1
excretion	GO:0007588		7	1	1.104427688644481	-0.09932727196972693	0.8129096848478663	0.6994625284929428	1	1
body fluid secretion	GO:0007589		20	0	3.155507681841374	-Inf	0	1	1	1
lactation	GO:0007595		6	0	0.9466523045524122	-Inf	0	1	1	1
blood coagulation	GO:0007596		91	11	14.357559952378253	-0.2663813566328931	0.7060146703655211	0.8692283801796665	1	1
blood coagulation, intrinsic pathway	GO:0007597		6	0	0.9466523045524122	-Inf	0	1	1	1
hemostasis	GO:0007599		96	14	15.146436872838596	-0.07870798476699115	0.8268274006119807	0.6687405566551647	1	1
visual perception	GO:0007601		112	9	17.670843018311697	-0.6746914168732889	0.48952657313672154	0.9944075101819934	1	1
phototransduction	GO:0007602		15	0	2.366630761381031	-Inf	0	1	1	1
phototransduction, visible light	GO:0007603		7	0	1.104427688644481	-Inf	0	1	1	1
sensory perception of sound	GO:0007605		76	3	11.990929190997221	-1.385538174532635	0.247649929011525	0.9996741738865488	1	1
sensory perception of chemical stimulus	GO:0007606		56	4	8.835421509155848	-0.7924744525296722	0.4385317160500693	0.9519500961059997	1	1
sensory perception of smell	GO:0007608		7	0	1.104427688644481	-Inf	0	1	1	1
behavior	GO:0007610		86	8	13.56868303191791	-0.5283228774880856	0.5598804746503361	0.9651980388370278	1	1
learning or memory	GO:0007611		45	6	7.099892284143093	-0.16832014345667848	0.7674866162952108	0.7345947869346332	1	1
learning	GO:0007612		19	2	2.9977322977493053	-0.40470892152090865	0.625564683896595	0.825558070733152	1	1
memory	GO:0007613		15	3	2.366630761381031	0.23714496465148582	1.0585560331525345	0.42962943276280896	1	1
long-term memory	GO:0007616		7	1	1.104427688644481	-0.09932727196972693	0.8129096848478663	0.6994625284929428	1	1
mating behavior	GO:0007617		5	0	0.7888769204603435	-Inf	0	1	1	1
circadian rhythm	GO:0007623		24	2	3.786609218209649	-0.6383237727024138	0.506271076694502	0.910958947514297	1	1
locomotory behavior	GO:0007626		5	0	0.7888769204603435	-Inf	0	1	1	1
feeding behavior	GO:0007631		18	0	2.839956913657237	-Inf	0	1	1	1
mechanosensory behavior	GO:0007638		9	0	1.4199784568286185	-Inf	0	1	1	1
blood circulation	GO:0008015		179	6	28.2417937524803	-1.5490434595271136	0.21088452921633216	0.9999999757937621	1	1
regulation of heart contraction	GO:0008016		117	8	18.45971993877204	-0.8361495160323339	0.42084304459737665	0.9986505964043703	1	1
tRNA processing	GO:0008033		87	4	13.726458416009978	-1.2330308804491068	0.28743375822267236	0.9995925640493628	1	1
cell recognition	GO:0008037		36	6	5.679913827314474	0.054823407857531446	0.9206658936334867	0.5115749788924872	1	1
mitochondrial fusion	GO:0008053		16	0	2.5244061454730993	-Inf	0	1	1	1
regulation of actin polymerization or depolymerization	GO:0008064		60	4	9.466523045524124	-0.8614673240166237	0.410882473242539	0.9872076664704539	1	1
axo-dendritic transport	GO:0008088		15	1	2.366630761381031	-0.8614673240166237	0.410882473242539	0.9239788612153117	1	1
anterograde axonal transport	GO:0008089		6	0	0.9466523045524122	-Inf	0	1	1	1
actin polymerization or depolymerization	GO:0008154		21	3	3.313283065933443	-0.09932727196972693	0.8129096848478663	0.6319932023100667	1	1
negative regulation of DNA replication	GO:0008156		17	1	2.682181529565168	-0.9866304669706297	0.36469283564378024	0.9460927581740545	1	1
steroid metabolic process	GO:0008202		165	15	26.03293837519134	-0.5513123957127841	0.5483037732141072	0.992212218142149	1	1
cholesterol metabolic process	GO:0008203		57	5	8.993196893247916	-0.5870304783148633	0.5307099413479005	0.9535678459387644	1	1
bile acid metabolic process	GO:0008206		31	3	4.89103690685413	-0.4887920387314503	0.5802530490677252	0.8579923531368561	1	1
C21-steroid hormone metabolic process	GO:0008207		17	0	2.682181529565168	-Inf	0	1	1	1
androgen metabolic process	GO:0008209		22	2	3.4710584500255117	-0.5513123957127841	0.5483037732141072	0.8661310563927106	1	1
estrogen metabolic process	GO:0008210		30	3	4.733261522762062	-0.45600221590845946	0.5976018042874565	0.8409015413639225	1	1
glucocorticoid metabolic process	GO:0008211		9	0	1.4199784568286185	-Inf	0	1	1	1
protein alkylation	GO:0008213		40	6	6.311015363682748	-0.050537107800294925	0.8460936236395288	0.5676291126496268	1	1
spermidine metabolic process	GO:0008216		7	0	1.104427688644481	-Inf	0	1	1	1
regulation of blood pressure	GO:0008217		50	2	7.8887692046034354	-1.3722929477826145	0.2508847640679904	0.9977637664892538	1	1
opsonization	GO:0008228		6	0	0.9466523045524122	-Inf	0	1	1	1
regulation of G protein-coupled receptor signaling pathway	GO:0008277		101	7	15.935313793298938	-0.8226274907003597	0.42625062581870293	0.9967780582662585	1	1
cell population proliferation	GO:0008283		145	14	22.87743069334996	-0.4910935357197293	0.579050718967309	0.9847798250378786	1	1
insulin receptor signaling pathway	GO:0008286		27	4	4.259935370485855	-0.06295962779885195	0.8375621926429162	0.63558230217779	1	1
isoprenoid biosynthetic process	GO:0008299		14	0	2.208855377288962	-Inf	0	1	1	1
isoprenoid catabolic process	GO:0008300		10	1	1.577753840920687	-0.4560022159084593	0.5976018042874566	0.7868500319994607	1	1
endosome to lysosome transport	GO:0008333		42	6	6.626566131866886	-0.09932727196972693	0.8129096848478663	0.5944503876421756	1	1
histone mRNA metabolic process	GO:0008334		22	3	3.4710584500255117	-0.14584728760461974	0.7820869716603195	0.6319932023100667	1	1
glial cell migration	GO:0008347		8	0	1.2622030727365496	-Inf	0	1	1	1
asymmetric cell division	GO:0008356		5	0	0.7888769204603435	-Inf	0	1	1	1
regulation of cell shape	GO:0008360		61	8	9.624298429616191	-0.18484944540788883	0.7568690297281967	0.7331077179627554	1	1
regulation of cell size	GO:0008361		65	4	10.255399965984466	-0.9415100316901601	0.3807704176498418	0.9947526340290953	1	1
axon ensheathment	GO:0008366		17	1	2.682181529565168	-0.9866304669706297	0.36469283564378024	0.9460927581740545	1	1
gonad development	GO:0008406		26	0	4.1021599863937865	-Inf	0	1	1	1
respiratory chain complex IV assembly	GO:0008535		24	1	3.786609218209649	-1.3314709532623592	0.26111132566716627	0.9838193454025062	1	1
fibroblast growth factor receptor signaling pathway	GO:0008543		24	0	3.786609218209649	-Inf	0	1	1	1
epidermis development	GO:0008544		102	7	16.093089177391008	-0.8324797871433713	0.42230453269427376	0.995957204420935	1	1
male gonad development	GO:0008584		16	0	2.5244061454730993	-Inf	0	1	1	1
female gonad development	GO:0008585		9	0	1.4199784568286185	-Inf	0	1	1	1
regulation of smoothened signaling pathway	GO:0008589		24	3	3.786609218209649	-0.23285866459424956	0.7266172585054973	0.7268153437843944	1	1
regulation of Notch signaling pathway	GO:0008593		45	4	7.099892284143093	-0.573785251564843	0.5371787106201271	0.9157294312685488	1	1
anterior/posterior axis specification, embryo	GO:0008595		6	0	0.9466523045524122	-Inf	0	1	1	1
attachment of spindle microtubules to kinetochore	GO:0008608		24	2	3.786609218209649	-0.6383237727024138	0.506271076694502	0.910958947514297	1	1
ether lipid biosynthetic process	GO:0008611		7	0	1.104427688644481	-Inf	0	1	1	1
extrinsic apoptotic signaling pathway via death domain receptors	GO:0008625		31	3	4.89103690685413	-0.4887920387314503	0.5802530490677252	0.8873994883212709	1	1
intrinsic apoptotic signaling pathway in response to DNA damage	GO:0008630		35	6	5.522138443222405	0.0829942848242277	0.9412593647641763	0.48254015782818904	1	1
intrinsic apoptotic signaling pathway in response to oxidative stress	GO:0008631		10	1	1.577753840920687	-0.4560022159084593	0.5976018042874566	0.8204970178727164	1	1
apoptotic mitochondrial changes	GO:0008637		29	0	4.5754861386699925	-Inf	0	1	1	1
carbohydrate transport	GO:0008643		33	3	5.206587675038268	-0.5513123957127841	0.5483037732141072	0.8999556054641106	1	1
hexose transmembrane transport	GO:0008645		24	2	3.786609218209649	-0.6383237727024138	0.506271076694502	0.8978639028554195	1	1
amino acid biosynthetic process	GO:0008652		34	1	5.364363059130336	-1.679777647530575	0.1853522859633019	0.9965590123608755	1	1
phospholipid biosynthetic process	GO:0008654		157	20	24.77073530245479	-0.21393065470873074	0.7384396636987841	0.8721210800894088	1	1
dosage compensation by inactivation of X chromosome	GO:0009048		10	0	1.577753840920687	-Inf	0	1	1	1
aerobic respiration	GO:0009060		58	1	9.150972277339985	-2.213860133460833	0.10906167226895286	0.9999447905398202	1	1
fatty acid catabolic process	GO:0009062		57	11	8.993196893247916	0.2014268820494068	1.0307074294570486	0.26202696809318643	1	1
amino acid catabolic process	GO:0009063		78	12	12.30647995918136	-0.02521929981600501	0.8636537464594634	0.5474507516286722	1	1
glutamine family amino acid metabolic process	GO:0009064		37	4	5.837689211406543	-0.3780406744387476	0.6405019578056915	0.8415203074473032	1	1
glutamine family amino acid catabolic process	GO:0009065		18	3	2.839956913657237	0.054823407857531446	0.9206658936334867	0.5165059234299028	1	1
aspartate family amino acid metabolic process	GO:0009066		25	3	3.9443846023017177	-0.2736806591145047	0.701585653260422	0.7786272580656751	1	1
aspartate family amino acid biosynthetic process	GO:0009067		10	0	1.577753840920687	-Inf	0	1	1	1
aspartate family amino acid catabolic process	GO:0009068		7	3	1.104427688644481	0.9992850166983828	1.7247115699814928	0.08363436659245334	1	1
serine family amino acid metabolic process	GO:0009069		19	4	2.9977322977493053	0.28843825903903664	1.0992173202606317	0.31314145199972365	1	1
serine family amino acid biosynthetic process	GO:0009070		8	0	1.2622030727365496	-Inf	0	1	1	1
serine family amino acid catabolic process	GO:0009071		7	1	1.104427688644481	-0.09932727196972693	0.8129096848478663	0.6994625284929428	1	1
aromatic amino acid metabolic process	GO:0009072		26	2	4.1021599863937865	-0.7183664803759503	0.47004679746433364	0.9325601087715927	1	1
aromatic amino acid family catabolic process	GO:0009074		19	1	2.9977322977493053	-1.097856102080854	0.32768935881794536	0.9617755394453003	1	1
pyruvate family amino acid metabolic process	GO:0009078		6	0	0.9466523045524122	-Inf	0	1	1	1
pyruvate family amino acid catabolic process	GO:0009080		5	0	0.7888769204603435	-Inf	0	1	1	1
branched-chain amino acid metabolic process	GO:0009081		19	4	2.9977322977493053	0.28843825903903664	1.0992173202606317	0.35164232463414163	1	1
branched-chain amino acid catabolic process	GO:0009083		17	4	2.682181529565168	0.3996638941492609	1.1899406324579982	0.2750500067379058	1	1
glutamine family amino acid biosynthetic process	GO:0009084		10	1	1.577753840920687	-0.4560022159084593	0.5976018042874566	0.8204970178727164	1	1
methionine biosynthetic process	GO:0009086		8	0	1.2622030727365496	-Inf	0	1	1	1
glycoprotein biosynthetic process	GO:0009101		189	21	29.819547593400987	-0.350641700250633	0.6561334090262664	0.9655108633995414	1	1
vitamin biosynthetic process	GO:0009110		7	0	1.104427688644481	-Inf	0	1	1	1
vitamin catabolic process	GO:0009111		11	0	1.7355292250127559	-Inf	0	1	1	1
nucleobase metabolic process	GO:0009112		12	3	1.8933046091048245	0.46028851596569575	1.240756211609746	0.29115947531196185	1	1
purine nucleobase biosynthetic process	GO:0009113		6	1	0.9466523045524122	0.054823407857531446	0.9206658936334867	0.6431395801290278	1	1
nucleoside metabolic process	GO:0009116		34	7	5.364363059130336	0.2661325015247383	1.0814399437151874	0.2572790513111205	1	1
ribonucleoside metabolic process	GO:0009119		14	2	2.208855377288962	-0.09932727196972693	0.8129096848478663	0.6727557550052204	1	1
deoxyribonucleoside metabolic process	GO:0009120		8	1	1.2622030727365496	-0.23285866459424956	0.7266172585054973	0.7468987684659543	1	1
nucleoside monophosphate metabolic process	GO:0009123		30	1	4.733261522762062	-1.5546145045765691	0.20972987435944143	0.9942346046215891	1	1
nucleoside monophosphate biosynthetic process	GO:0009124		19	0	2.9977322977493053	-Inf	0	1	1	1
nucleoside monophosphate catabolic process	GO:0009125		9	1	1.4199784568286185	-0.350641700250633	0.6561334090262664	0.7868500319994607	1	1
purine nucleoside monophosphate metabolic process	GO:0009126		21	0	3.313283065933443	-Inf	0	1	1	1
purine nucleoside monophosphate biosynthetic process	GO:0009127		12	0	1.8933046091048245	-Inf	0	1	1	1
purine nucleoside monophosphate catabolic process	GO:0009128		7	0	1.104427688644481	-Inf	0	1	1	1
pyrimidine nucleoside monophosphate metabolic process	GO:0009129		7	0	1.104427688644481	-Inf	0	1	1	1
pyrimidine nucleoside monophosphate biosynthetic process	GO:0009130		6	0	0.9466523045524122	-Inf	0	1	1	1
nucleoside diphosphate metabolic process	GO:0009132		35	0	5.522138443222405	-Inf	0	1	1	1
nucleoside diphosphate biosynthetic process	GO:0009133		6	0	0.9466523045524122	-Inf	0	1	1	1
nucleoside diphosphate catabolic process	GO:0009134		26	0	4.1021599863937865	-Inf	0	1	1	1
purine nucleoside diphosphate metabolic process	GO:0009135		27	0	4.259935370485855	-Inf	0	1	1	1
purine nucleoside diphosphate catabolic process	GO:0009137		25	0	3.9443846023017177	-Inf	0	1	1	1
nucleoside triphosphate metabolic process	GO:0009141		84	3	13.253132263733772	-1.4856216330896175	0.22447173104470095	0.9999263044931306	1	1
nucleoside triphosphate biosynthetic process	GO:0009142		25	0	3.9443846023017177	-Inf	0	1	1	1
nucleoside triphosphate catabolic process	GO:0009143		7	1	1.104427688644481	-0.09932727196972693	0.8129096848478663	0.6994625284929428	1	1
purine nucleoside triphosphate metabolic process	GO:0009144		76	3	11.990929190997221	-1.385538174532635	0.247649929011525	0.9997573871126453	1	1
purine nucleoside triphosphate biosynthetic process	GO:0009145		20	0	3.155507681841374	-Inf	0	1	1	1
pyrimidine nucleoside triphosphate metabolic process	GO:0009147		7	0	1.104427688644481	-Inf	0	1	1	1
purine ribonucleotide metabolic process	GO:0009150		129	5	20.353024547876863	-1.4037916148419853	0.24325752934872713	0.9999963357286793	1	1
purine deoxyribonucleotide metabolic process	GO:0009151		9	1	1.4199784568286185	-0.350641700250633	0.6561334090262664	0.7868500319994607	1	1
purine ribonucleotide biosynthetic process	GO:0009152		46	0	7.25766766823516	-Inf	0	1	1	1
purine ribonucleotide catabolic process	GO:0009154		36	0	5.679913827314474	-Inf	0	1	1	1
purine deoxyribonucleotide catabolic process	GO:0009155		5	1	0.7888769204603435	0.23714496465148602	1.0585560331525345	0.5762657973197276	1	1
ribonucleoside monophosphate biosynthetic process	GO:0009156		16	0	2.5244061454730993	-Inf	0	1	1	1
ribonucleoside monophosphate catabolic process	GO:0009158		7	0	1.104427688644481	-Inf	0	1	1	1
ribonucleoside monophosphate metabolic process	GO:0009161		25	0	3.9443846023017177	-Inf	0	1	1	1
deoxyribonucleoside monophosphate metabolic process	GO:0009162		8	1	1.2622030727365496	-0.23285866459424956	0.7266172585054973	0.7468987684659543	1	1
nucleoside biosynthetic process	GO:0009163		10	2	1.577753840920687	0.23714496465148602	1.0585560331525345	0.4840271591401576	1	1
nucleoside catabolic process	GO:0009164		16	4	2.5244061454730993	0.46028851596569575	1.240756211609746	0.23780739969536002	1	1
nucleotide biosynthetic process	GO:0009165		77	2	12.14870457508929	-1.804075364208152	0.16389191509531442	0.9999727913007349	1	1
nucleotide catabolic process	GO:0009166		58	6	9.150972277339985	-0.42210066423277787	0.6159704844077175	0.904198358495355	1	1
purine ribonucleoside monophosphate metabolic process	GO:0009167		20	0	3.155507681841374	-Inf	0	1	1	1
purine ribonucleoside monophosphate biosynthetic process	GO:0009168		11	0	1.7355292250127559	-Inf	0	1	1	1
purine ribonucleoside monophosphate catabolic process	GO:0009169		7	0	1.104427688644481	-Inf	0	1	1	1
purine ribonucleoside diphosphate metabolic process	GO:0009179		26	0	4.1021599863937865	-Inf	0	1	1	1
purine ribonucleoside diphosphate catabolic process	GO:0009181		25	0	3.9443846023017177	-Inf	0	1	1	1
ribonucleoside diphosphate metabolic process	GO:0009185		33	0	5.206587675038268	-Inf	0	1	1	1
cyclic nucleotide metabolic process	GO:0009187		19	0	2.9977322977493053	-Inf	0	1	1	1
cyclic nucleotide biosynthetic process	GO:0009190		12	0	1.8933046091048245	-Inf	0	1	1	1
ribonucleoside diphosphate catabolic process	GO:0009191		26	0	4.1021599863937865	-Inf	0	1	1	1
ribonucleoside triphosphate metabolic process	GO:0009199		78	2	12.30647995918136	-1.81697876904406	0.16180899881236216	0.9999768233400033	1	1
ribonucleoside triphosphate biosynthetic process	GO:0009201		23	0	3.62883383411758	-Inf	0	1	1	1
purine ribonucleoside triphosphate metabolic process	GO:0009205		74	2	11.675378422813086	-1.7643350355586382	0.17047375860197075	0.9999560195279633	1	1
purine ribonucleoside triphosphate biosynthetic process	GO:0009206		20	0	3.155507681841374	-Inf	0	1	1	1
pyrimidine ribonucleoside triphosphate metabolic process	GO:0009208		6	0	0.9466523045524122	-Inf	0	1	1	1
pyrimidine ribonucleotide metabolic process	GO:0009218		10	0	1.577753840920687	-Inf	0	1	1	1
pyrimidine deoxyribonucleotide metabolic process	GO:0009219		15	2	2.366630761381031	-0.16832014345667848	0.7674866162952108	0.7101598045809759	1	1
pyrimidine ribonucleotide biosynthetic process	GO:0009220		7	0	1.104427688644481	-Inf	0	1	1	1
pyrimidine deoxyribonucleotide catabolic process	GO:0009223		12	2	1.8933046091048245	0.054823407857531446	0.9206658936334867	0.586317921862617	1	1
nucleotide-sugar metabolic process	GO:0009225		32	3	5.0488122909461985	-0.5205407370460303	0.5638443550198389	0.8999556054641106	1	1
nucleotide-sugar biosynthetic process	GO:0009226		24	1	3.786609218209649	-1.3314709532623592	0.26111132566716627	0.9838193454025062	1	1
cobalamin metabolic process	GO:0009235		9	0	1.4199784568286185	-Inf	0	1	1	1
glycolipid biosynthetic process	GO:0009247		59	3	9.308747661432054	-1.1323422781520234	0.3169444154986786	0.9971608365525315	1	1
glucan biosynthetic process	GO:0009250		8	1	1.2622030727365496	-0.23285866459424956	0.7266172585054973	0.7468987684659543	1	1
glucan catabolic process	GO:0009251		5	1	0.7888769204603435	0.23714496465148602	1.0585560331525345	0.5762657973197276	1	1
10-formyltetrahydrofolate metabolic process	GO:0009256		5	0	0.7888769204603435	-Inf	0	1	1	1
ribonucleotide metabolic process	GO:0009259		135	5	21.299676852429275	-1.4492539889187428	0.23264116201088106	0.9999984515928404	1	1
ribonucleotide biosynthetic process	GO:0009260		52	0	8.204319972787573	-Inf	0	1	1	1
ribonucleotide catabolic process	GO:0009261		37	0	5.837689211406543	-Inf	0	1	1	1
deoxyribonucleotide metabolic process	GO:0009262		27	3	4.259935370485855	-0.3506417002506329	0.6561334090262665	0.8220567388762243	1	1
deoxyribonucleotide biosynthetic process	GO:0009263		9	0	1.4199784568286185	-Inf	0	1	1	1
deoxyribonucleotide catabolic process	GO:0009264		17	3	2.682181529565168	0.11198182169747993	0.962729308239504	0.5165059234299028	1	1
2'-deoxyribonucleotide biosynthetic process	GO:0009265		9	0	1.4199784568286185	-Inf	0	1	1	1
response to temperature stimulus	GO:0009266		55	5	8.677646125063779	-0.5513123957127841	0.5483037732141072	0.9362279347007917	1	1
cellular response to starvation	GO:0009267		101	8	15.935313793298938	-0.6890960980758372	0.4830264615425898	0.9936876792814111	1	1
response to pH	GO:0009268		25	5	3.9443846023017177	0.23714496465148602	1.0585560331525345	0.32527848757990996	1	1
GDP-mannose biosynthetic process	GO:0009298		5	0	0.7888769204603435	-Inf	0	1	1	1
mRNA transcription	GO:0009299		35	2	5.522138443222405	-1.0156180038438822	0.3546943719593138	0.9815320007633399	1	1
snRNA transcription	GO:0009301		14	1	2.208855377288962	-0.7924744525296722	0.4385317160500693	0.9097242574396893	1	1
rRNA transcription	GO:0009303		14	1	2.208855377288962	-0.7924744525296722	0.4385317160500693	0.9097242574396893	1	1
tRNA transcription	GO:0009304		8	0	1.2622030727365496	-Inf	0	1	1	1
protein secretion	GO:0009306		26	2	4.1021599863937865	-0.7183664803759503	0.47004679746433364	0.9325601087715927	1	1
amine metabolic process	GO:0009308		61	6	9.624298429616191	-0.4725315178596699	0.5888051250634868	0.9278769809654036	1	1
amine biosynthetic process	GO:0009309		18	0	2.839956913657237	-Inf	0	1	1	1
amine catabolic process	GO:0009310		14	4	2.208855377288962	0.5938199085902184	1.355718486679157	0.13593630633683412	1	1
oligosaccharide metabolic process	GO:0009311		43	2	6.784341515958955	-1.2214700580480309	0.2906854261968122	0.9944124196389234	1	1
oligosaccharide biosynthetic process	GO:0009312		22	1	3.4710584500255117	-1.2444595762727295	0.28425313097344823	0.9771782958107115	1	1
oligosaccharide catabolic process	GO:0009313		10	0	1.577753840920687	-Inf	0	1	1	1
2'-deoxyribonucleotide metabolic process	GO:0009394		27	3	4.259935370485855	-0.3506417002506329	0.6561334090262665	0.8220567388762243	1	1
phospholipid catabolic process	GO:0009395		25	3	3.9443846023017177	-0.2736806591145047	0.701585653260422	0.7786272580656751	1	1
toxin metabolic process	GO:0009404		13	0	2.0510799931968933	-Inf	0	1	1	1
response to heat	GO:0009408		43	4	6.784341515958955	-0.5283228774880856	0.5598804746503361	0.9060491973351603	1	1
response to cold	GO:0009409		6	1	0.9466523045524122	0.054823407857531446	0.9206658936334867	0.6431395801290278	1	1
response to xenobiotic stimulus	GO:0009410		154	13	24.29740915017858	-0.6254203678665059	0.5123278590633946	0.9942857213242915	1	1
response to UV	GO:0009411		115	10	18.144169170587904	-0.5957641582836182	0.5264801846721089	0.9910937498911434	1	1
response to light stimulus	GO:0009416		146	13	23.03520607744203	-0.5720743871612134	0.5380190327416966	0.9947882354541875	1	1
carnitine metabolic process	GO:0009437		8	4	1.2622030727365496	1.1534356965256412	1.8705947332904256	0.025389954685605277	1	1
RNA modification	GO:0009451		105	6	16.566415329667215	-1.015618003843882	0.35469437195931386	0.9993786974884717	1	1
7-methylguanosine RNA capping	GO:0009452		6	2	0.9466523045524122	0.7479705884174768	1.4929330427012544	0.24189688327322753	1	1
fertilization	GO:0009566		44	1	6.9421169000510234	-1.9376067568326747	0.1435547103451045	0.999131526272076	1	1
detection of external stimulus	GO:0009581		38	3	5.9954645954986105	-0.6923909939726897	0.4815501042824095	0.952085274735551	1	1
detection of abiotic stimulus	GO:0009582		41	3	6.468790747774817	-0.7683769009506117	0.44856995442302844	0.9673271673926314	1	1
detection of light stimulus	GO:0009583		24	1	3.786609218209649	-1.3314709532623592	0.26111132566716627	0.9838193454025062	1	1
detection of visible light	GO:0009584		8	0	1.2622030727365496	-Inf	0	1	1	1
detection of chemical stimulus	GO:0009593		62	7	9.78207381370826	-0.3346413589041919	0.6653954257119937	0.801425014559227	1	1
detection of biotic stimulus	GO:0009595		28	5	4.417710754577924	0.12381627934448283	0.9715749296796196	0.3924239142051905	1	1
response to symbiont	GO:0009608		5	2	0.7888769204603435	0.9302921452114313	1.660243592711515	0.11977726009276589	1	1
response to wounding	GO:0009611		189	24	29.819547593400987	-0.2171103076261104	0.7364441236852846	0.8645666943889941	1	1
response to mechanical stimulus	GO:0009612		35	2	5.522138443222405	-1.0156180038438822	0.3546943719593138	0.9815320007633399	1	1
response to fungus	GO:0009620		35	1	5.522138443222405	-1.7087651844038274	0.18011384023992916	0.9931524507578191	1	1
response to toxic substance	GO:0009636		80	11	12.622030727365496	-0.13754848478992462	0.7875264621380832	0.7205916922743487	1	1
UV protection	GO:0009650		7	1	1.104427688644481	-0.09932727196972693	0.8129096848478663	0.6994625284929428	1	1
response to salt stress	GO:0009651		5	0	0.7888769204603435	-Inf	0	1	1	1
phenylpropanoid metabolic process	GO:0009698		5	0	0.7888769204603435	-Inf	0	1	1	1
catechol-containing compound metabolic process	GO:0009712		19	1	2.9977322977493053	-1.097856102080854	0.32768935881794536	0.9546061989867662	1	1
catechol-containing compound biosynthetic process	GO:0009713		7	0	1.104427688644481	-Inf	0	1	1	1
response to carbohydrate	GO:0009743		28	2	4.417710754577924	-0.7924744525296722	0.4385317160500693	0.9491310581323991	1	1
response to hexose	GO:0009746		22	2	3.4710584500255117	-0.5513123957127841	0.5483037732141072	0.8829901151101129	1	1
response to glucose	GO:0009749		22	2	3.4710584500255117	-0.5513123957127841	0.5483037732141072	0.8829901151101129	1	1
hormone-mediated signaling pathway	GO:0009755		68	7	10.728726118260672	-0.42701467903520707	0.6132806795076775	0.9208135742139274	1	1
embryo development	GO:0009790		114	12	17.98639378649583	-0.40470892152090865	0.625564683896595	0.9517739701501253	1	1
embryo development ending in birth or egg hatching	GO:0009792		45	5	7.099892284143093	-0.350641700250633	0.6561334090262664	0.8588488944977704	1	1
axis specification	GO:0009798		13	1	2.0510799931968933	-0.7183664803759503	0.47004679746433364	0.8927979358372273	1	1
specification of symmetry	GO:0009799		27	2	4.259935370485855	-0.7561068083587973	0.4537583768674764	0.9325601087715927	1	1
coumarin metabolic process	GO:0009804		5	0	0.7888769204603435	-Inf	0	1	1	1
flavonoid metabolic process	GO:0009812		11	2	1.7355292250127559	0.14183478484716117	0.9851310298618374	0.3052018899455362	1	1
alkaloid metabolic process	GO:0009820		6	0	0.9466523045524122	-Inf	0	1	1	1
determination of bilateral symmetry	GO:0009855		27	2	4.259935370485855	-0.7561068083587973	0.4537583768674764	0.9325601087715927	1	1
embryonic pattern specification	GO:0009880		11	0	1.7355292250127559	-Inf	0	1	1	1
epidermal cell differentiation	GO:0009913		45	2	7.099892284143093	-1.2669324321247881	0.2780959920789925	0.9924431179447739	1	1
hormone transport	GO:0009914		30	0	4.733261522762062	-Inf	0	1	1	1
anterior/posterior axis specification	GO:0009948		6	0	0.9466523045524122	-Inf	0	1	1	1
anterior/posterior pattern specification	GO:0009952		12	2	1.8933046091048245	0.054823407857531446	0.9206658936334867	0.586317921862617	1	1
dorsal/ventral pattern formation	GO:0009953		9	0	1.4199784568286185	-Inf	0	1	1	1
cell-cell recognition	GO:0009988		19	2	2.9977322977493053	-0.40470892152090865	0.625564683896595	0.825558070733152	1	1
glial cell differentiation	GO:0010001		16	0	2.5244061454730993	-Inf	0	1	1	1
cardioblast differentiation	GO:0010002		5	0	0.7888769204603435	-Inf	0	1	1	1
response to metal ion	GO:0010038		123	11	19.40637224332445	-0.5677062054884606	0.5401694949518321	0.9897898251002151	1	1
response to iron ion	GO:0010039		11	1	1.7355292250127559	-0.5513123957127841	0.5483037732141072	0.8488342349162374	1	1
response to zinc ion	GO:0010043		11	2	1.7355292250127559	0.14183478484716117	0.9851310298618374	0.5371248474375075	1	1
response to X-ray	GO:0010165		9	2	1.4199784568286185	0.34250548030931227	1.142896492055841	0.4272886601979041	1	1
body morphogenesis	GO:0010171		13	1	2.0510799931968933	-0.7183664803759503	0.47004679746433364	0.8927979358372273	1	1
response to ionizing radiation	GO:0010212		82	4	12.937581495549635	-1.1738420090587762	0.30445163950702736	0.9993833205075233	1	1
response to UV-B	GO:0010224		15	1	2.366630761381031	-0.8614673240166237	0.410882473242539	0.9239788612153117	1	1
response to UV-C	GO:0010225		7	1	1.104427688644481	-0.09932727196972693	0.8129096848478663	0.6994625284929428	1	1
response to lithium ion	GO:0010226		5	1	0.7888769204603435	0.23714496465148602	1.0585560331525345	0.5762657973197276	1	1
vascular transport	GO:0010232		15	2	2.366630761381031	-0.16832014345667848	0.7674866162952108	0.6727557550052204	1	1
NADH dehydrogenase complex assembly	GO:0010257		32	2	5.0488122909461985	-0.9260058451541948	0.3864422976582265	0.9668989887351941	1	1
regulation of hydrogen peroxide metabolic process	GO:0010310		11	3	1.7355292250127559	0.5472998929553256	1.3152208683526203	0.2450875618020846	1	1
membrane invagination	GO:0010324		26	5	4.1021599863937865	0.19792425149820464	1.0279976255901586	0.35880560906865333	1	1
response to gamma radiation	GO:0010332		20	1	3.155507681841374	-1.1491493964684045	0.3118280657172801	0.9678129216089626	1	1
regulation of G2/M transition of mitotic cell cycle	GO:0010389		69	5	10.88650150235274	-0.7780857150775725	0.444501529160009	0.9880075220446656	1	1
fatty acid omega-oxidation	GO:0010430		6	1	0.9466523045524122	0.054823407857531446	0.9206658936334867	0.6431395801290278	1	1
response to acidic pH	GO:0010447		18	4	2.839956913657237	0.34250548030931227	1.142896492055841	0.31314145199972365	1	1
regulation of cell fate commitment	GO:0010453		13	0	2.0510799931968933	-Inf	0	1	1	1
negative regulation of cell fate commitment	GO:0010454		7	0	1.104427688644481	-Inf	0	1	1	1
centriole-centriole cohesion	GO:0010457		11	1	1.7355292250127559	-0.5513123957127841	0.5483037732141072	0.8204970178727164	1	1
exit from mitosis	GO:0010458		9	0	1.4199784568286185	-Inf	0	1	1	1
positive regulation of heart rate	GO:0010460		8	0	1.2622030727365496	-Inf	0	1	1	1
regulation of mesenchymal cell proliferation	GO:0010464		5	1	0.7888769204603435	0.23714496465148602	1.0585560331525345	0.5762657973197276	1	1
negative regulation of peptidase activity	GO:0010466		17	3	2.682181529565168	0.11198182169747993	0.962729308239504	0.5165059234299028	1	1
regulation of signaling receptor activity	GO:0010469		28	2	4.417710754577924	-0.7924744525296722	0.4385317160500693	0.9325601087715927	1	1
intercellular transport	GO:0010496		6	0	0.9466523045524122	-Inf	0	1	1	1
negative regulation of autophagy	GO:0010507		67	6	10.570950734168603	-0.5663502730773246	0.540838470391083	0.9602865284366751	1	1
positive regulation of autophagy	GO:0010508		123	19	19.40637224332445	-0.021162499120390636	0.8664888855881272	0.5631800208954745	1	1
regulation of phosphatidylinositol biosynthetic process	GO:0010511		5	0	0.7888769204603435	-Inf	0	1	1	1
regulation of calcium ion transport into cytosol	GO:0010522		8	0	1.2622030727365496	-Inf	0	1	1	1
retrotransposon silencing	GO:0010526		17	3	2.682181529565168	0.11198182169747993	0.962729308239504	0.5165059234299028	1	1
regulation of platelet activation	GO:0010543		32	0	5.0488122909461985	-Inf	0	1	1	1
negative regulation of platelet activation	GO:0010544		11	0	1.7355292250127559	-Inf	0	1	1	1
regulation of glycoprotein biosynthetic process	GO:0010559		17	2	2.682181529565168	-0.2934832864106844	0.6896729147432905	0.7742325480643975	1	1
positive regulation of glycoprotein biosynthetic process	GO:0010560		9	0	1.4199784568286185	-Inf	0	1	1	1
negative regulation of phosphorus metabolic process	GO:0010563		129	9	20.353024547876863	-0.8160049499398663	0.428921501412316	0.9989992602309612	1	1
regulation of cellular ketone metabolic process	GO:0010565		71	6	11.202052270536878	-0.6243375307276741	0.5128389100780061	0.9641691140979289	1	1
regulation of ketone biosynthetic process	GO:0010566		13	0	2.0510799931968933	-Inf	0	1	1	1
regulation of double-strand break repair via homologous recombination	GO:0010569		74	5	11.675378422813086	-0.8480443036844831	0.4161368291801367	0.992553289865685	1	1
positive regulation of platelet activation	GO:0010572		8	0	1.2622030727365496	-Inf	0	1	1	1
vascular endothelial growth factor production	GO:0010573		6	0	0.9466523045524122	-Inf	0	1	1	1
regulation of vascular endothelial growth factor production	GO:0010574		21	3	3.313283065933443	-0.09932727196972693	0.8129096848478663	0.6659403867942789	1	1
positive regulation of vascular endothelial growth factor production	GO:0010575		20	3	3.155507681841374	-0.050537107800294925	0.8460936236395288	0.6319932023100667	1	1
miRNA metabolic process	GO:0010586		17	2	2.682181529565168	-0.2934832864106844	0.6896729147432905	0.7742325480643975	1	1
miRNA catabolic process	GO:0010587		11	1	1.7355292250127559	-0.5513123957127841	0.5483037732141072	0.8488342349162374	1	1
regulation of lamellipodium assembly	GO:0010591		24	1	3.786609218209649	-1.3314709532623592	0.26111132566716627	0.9838193454025062	1	1
positive regulation of lamellipodium assembly	GO:0010592		18	0	2.839956913657237	-Inf	0	1	1	1
regulation of endothelial cell migration	GO:0010594		140	15	22.08855377288962	-0.38700934442150803	0.6354479636426911	0.9667252985293218	1	1
positive regulation of endothelial cell migration	GO:0010595		92	8	14.51533533647032	-0.595764158283618	0.5264801846721091	0.9840063679922482	1	1
negative regulation of endothelial cell migration	GO:0010596		47	7	7.4154430523272294	-0.05765457556915889	0.8411986993885507	0.627543189908901	1	1
regulation of cytoplasmic mRNA processing body assembly	GO:0010603		5	1	0.7888769204603435	0.23714496465148602	1.0585560331525345	0.5762657973197276	1	1
regulation of cardiac muscle hypertrophy	GO:0010611		17	0	2.682181529565168	-Inf	0	1	1	1
positive regulation of cardiac muscle hypertrophy	GO:0010613		13	0	2.0510799931968933	-Inf	0	1	1	1
epithelial cell migration	GO:0010631		14	2	2.208855377288962	-0.09932727196972693	0.8129096848478663	0.6727557550052204	1	1
regulation of epithelial cell migration	GO:0010632		44	4	6.9421169000510234	-0.5513123957127841	0.5483037732141072	0.9324544623541315	1	1
negative regulation of epithelial cell migration	GO:0010633		12	0	1.8933046091048245	-Inf	0	1	1	1
positive regulation of epithelial cell migration	GO:0010634		30	3	4.733261522762062	-0.45600221590845946	0.5976018042874565	0.8734512578399616	1	1
regulation of mitochondrial fusion	GO:0010635		14	0	2.208855377288962	-Inf	0	1	1	1
positive regulation of mitochondrial fusion	GO:0010636		6	0	0.9466523045524122	-Inf	0	1	1	1
negative regulation of mitochondrial fusion	GO:0010637		7	0	1.104427688644481	-Inf	0	1	1	1
regulation of platelet-derived growth factor receptor signaling pathway	GO:0010640		13	0	2.0510799931968933	-Inf	0	1	1	1
positive regulation of platelet-derived growth factor receptor signaling pathway	GO:0010641		6	0	0.9466523045524122	-Inf	0	1	1	1
negative regulation of platelet-derived growth factor receptor signaling pathway	GO:0010642		7	0	1.104427688644481	-Inf	0	1	1	1
cell communication by electrical coupling	GO:0010644		11	0	1.7355292250127559	-Inf	0	1	1	1
regulation of cell communication by electrical coupling	GO:0010649		12	0	1.8933046091048245	-Inf	0	1	1	1
negative regulation of muscle cell apoptotic process	GO:0010656		15	2	2.366630761381031	-0.16832014345667848	0.7674866162952108	0.7101598045809759	1	1
regulation of muscle cell apoptotic process	GO:0010660		24	3	3.786609218209649	-0.23285866459424956	0.7266172585054973	0.7538184116077663	1	1
positive regulation of muscle cell apoptotic process	GO:0010661		9	1	1.4199784568286185	-0.350641700250633	0.6561334090262664	0.7868500319994607	1	1
regulation of striated muscle cell apoptotic process	GO:0010662		7	0	1.104427688644481	-Inf	0	1	1	1
negative regulation of striated muscle cell apoptotic process	GO:0010664		6	0	0.9466523045524122	-Inf	0	1	1	1
regulation of cardiac muscle cell apoptotic process	GO:0010665		6	0	0.9466523045524122	-Inf	0	1	1	1
negative regulation of cardiac muscle cell apoptotic process	GO:0010667		5	0	0.7888769204603435	-Inf	0	1	1	1
epithelial structure maintenance	GO:0010669		11	2	1.7355292250127559	0.14183478484716117	0.9851310298618374	0.4840271591401576	1	1
regulation of collagen metabolic process	GO:0010712		20	2	3.155507681841374	-0.4560022159084593	0.5976018042874566	0.8470652783357171	1	1
positive regulation of collagen metabolic process	GO:0010714		13	1	2.0510799931968933	-0.7183664803759503	0.47004679746433364	0.8927979358372273	1	1
regulation of extracellular matrix disassembly	GO:0010715		16	0	2.5244061454730993	-Inf	0	1	1	1
regulation of epithelial to mesenchymal transition	GO:0010717		67	4	10.570950734168603	-0.971815381185489	0.36990211533241235	0.9953917144422615	1	1
positive regulation of epithelial to mesenchymal transition	GO:0010718		36	2	5.679913827314474	-1.0437888808105784	0.34522000318667345	0.9840650842904615	1	1
negative regulation of epithelial to mesenchymal transition	GO:0010719		27	1	4.259935370485855	-1.4492539889187426	0.23264116201088111	0.9885283576275847	1	1
positive regulation of cell development	GO:0010720		114	13	17.98639378649583	-0.3246662138473723	0.6712195363799683	0.9152643669716807	1	1
negative regulation of cell development	GO:0010721		75	5	11.833153806905154	-0.8614673240166236	0.4108824732425391	0.9941556930990729	1	1
protein kinase A signaling	GO:0010737		7	0	1.104427688644481	-Inf	0	1	1	1
regulation of protein kinase A signaling	GO:0010738		5	0	0.7888769204603435	-Inf	0	1	1	1
regulation of macrophage derived foam cell differentiation	GO:0010743		28	0	4.417710754577924	-Inf	0	1	1	1
positive regulation of macrophage derived foam cell differentiation	GO:0010744		16	0	2.5244061454730993	-Inf	0	1	1	1
negative regulation of macrophage derived foam cell differentiation	GO:0010745		12	0	1.8933046091048245	-Inf	0	1	1	1
regulation of nitric oxide mediated signal transduction	GO:0010749		5	1	0.7888769204603435	0.23714496465148602	1.0585560331525345	0.5762657973197276	1	1
regulation of plasminogen activation	GO:0010755		11	0	1.7355292250127559	-Inf	0	1	1	1
positive regulation of plasminogen activation	GO:0010756		6	0	0.9466523045524122	-Inf	0	1	1	1
negative regulation of plasminogen activation	GO:0010757		5	0	0.7888769204603435	-Inf	0	1	1	1
regulation of macrophage chemotaxis	GO:0010758		14	3	2.208855377288962	0.3061378361384375	1.1134256698778522	0.3840800995536907	1	1
positive regulation of macrophage chemotaxis	GO:0010759		11	2	1.7355292250127559	0.14183478484716117	0.9851310298618374	0.5371248474375075	1	1
regulation of fibroblast migration	GO:0010762		11	0	1.7355292250127559	-Inf	0	1	1	1
positive regulation of fibroblast migration	GO:0010763		5	0	0.7888769204603435	-Inf	0	1	1	1
positive regulation of sodium ion transport	GO:0010765		15	0	2.366630761381031	-Inf	0	1	1	1
negative regulation of sodium ion transport	GO:0010766		9	0	1.4199784568286185	-Inf	0	1	1	1
DNA double-strand break processing involved in repair via single-strand annealing	GO:0010792		6	0	0.9466523045524122	-Inf	0	1	1	1
regulation of mRNA export from nucleus	GO:0010793		8	2	1.2622030727365496	0.46028851596569575	1.240756211609746	0.3674088486818622	1	1
regulation of peptidyl-threonine phosphorylation	GO:0010799		11	0	1.7355292250127559	-Inf	0	1	1	1
positive regulation of peptidyl-threonine phosphorylation	GO:0010800		10	0	1.577753840920687	-Inf	0	1	1	1
regulation of tumor necrosis factor-mediated signaling pathway	GO:0010803		51	8	8.046544588695504	-0.005801213958903361	0.8772774642789903	0.5424631801863361	1	1
negative regulation of tumor necrosis factor-mediated signaling pathway	GO:0010804		23	3	3.62883383411758	-0.19029905017545348	0.7533910997393815	0.697540469218688	1	1
regulation of cell-substrate adhesion	GO:0010810		133	8	20.984126084245137	-0.9643247094563313	0.3725618084867906	0.9998384678652612	1	1
positive regulation of cell-substrate adhesion	GO:0010811		70	5	11.04427688644481	-0.7924744525296724	0.4385317160500693	0.9905367049628773	1	1
negative regulation of cell-substrate adhesion	GO:0010812		40	1	6.311015363682748	-1.84229657702835	0.15779743224838302	0.9989683943616541	1	1
bradykinin catabolic process	GO:0010815		6	1	0.9466523045524122	0.054823407857531446	0.9206658936334867	0.6431395801290278	1	1
T cell chemotaxis	GO:0010818		10	1	1.577753840920687	-0.4560022159084593	0.5976018042874566	0.8204970178727164	1	1
regulation of T cell chemotaxis	GO:0010819		11	1	1.7355292250127559	-0.5513123957127841	0.5483037732141072	0.8488342349162374	1	1
positive regulation of T cell chemotaxis	GO:0010820		10	1	1.577753840920687	-0.4560022159084593	0.5976018042874566	0.8204970178727164	1	1
regulation of mitochondrion organization	GO:0010821		90	4	14.199784568286185	-1.2669324321247881	0.2780959920789925	0.9997667961006125	1	1
regulation of centrosome duplication	GO:0010824		40	6	6.311015363682748	-0.050537107800294925	0.8460936236395288	0.5399736009301055	1	1
negative regulation of centrosome duplication	GO:0010826		9	1	1.4199784568286185	-0.350641700250633	0.6561334090262664	0.7868500319994607	1	1
regulation of D-glucose transmembrane transport	GO:0010827		35	3	5.522138443222405	-0.6101528957357176	0.5195732126581182	0.9213445043085335	1	1
positive regulation of D-glucose transmembrane transport	GO:0010828		23	2	3.62883383411758	-0.595764158283618	0.5264801846721091	0.8829901151101129	1	1
negative regulation of D-glucose transmembrane transport	GO:0010829		10	1	1.577753840920687	-0.4560022159084593	0.5976018042874566	0.8204970178727164	1	1
regulation of myotube differentiation	GO:0010830		13	1	2.0510799931968933	-0.7183664803759503	0.47004679746433364	0.8927979358372273	1	1
positive regulation of myotube differentiation	GO:0010831		5	0	0.7888769204603435	-Inf	0	1	1	1
negative regulation of myotube differentiation	GO:0010832		7	1	1.104427688644481	-0.09932727196972693	0.8129096848478663	0.6994625284929428	1	1
telomere maintenance via telomere lengthening	GO:0010833		24	2	3.786609218209649	-0.6383237727024138	0.506271076694502	0.8829901151101129	1	1
regulation of protein ADP-ribosylation	GO:0010835		5	0	0.7888769204603435	-Inf	0	1	1	1
regulation of keratinocyte proliferation	GO:0010837		25	0	3.9443846023017177	-Inf	0	1	1	1
positive regulation of keratinocyte proliferation	GO:0010838		12	0	1.8933046091048245	-Inf	0	1	1	1
negative regulation of keratinocyte proliferation	GO:0010839		7	0	1.104427688644481	-Inf	0	1	1	1
regulation of triglyceride biosynthetic process	GO:0010866		8	1	1.2622030727365496	-0.23285866459424956	0.7266172585054973	0.7468987684659543	1	1
positive regulation of triglyceride biosynthetic process	GO:0010867		5	0	0.7888769204603435	-Inf	0	1	1	1
regulation of cholesterol efflux	GO:0010874		25	2	3.9443846023017177	-0.6791457672226691	0.4875085810917311	0.922466050944612	1	1
positive regulation of cholesterol efflux	GO:0010875		19	2	2.9977322977493053	-0.40470892152090865	0.625564683896595	0.825558070733152	1	1
lipid localization	GO:0010876		160	10	25.244061454730993	-0.9260058451541948	0.3864422976582265	0.9998919072254481	1	1
regulation of release of sequestered calcium ion into cytosol by sarcoplasmic reticulum	GO:0010880		24	2	3.786609218209649	-0.6383237727024138	0.506271076694502	0.910958947514297	1	1
regulation of cardiac muscle contraction by regulation of the release of sequestered calcium ion	GO:0010881		18	1	2.839956913657237	-1.0437888808105784	0.34522000318667345	0.9546061989867662	1	1
regulation of cardiac muscle contraction by calcium ion signaling	GO:0010882		26	2	4.1021599863937865	-0.7183664803759503	0.47004679746433364	0.9325601087715927	1	1
regulation of lipid storage	GO:0010883		24	1	3.786609218209649	-1.3314709532623592	0.26111132566716627	0.9807834954904975	1	1
positive regulation of lipid storage	GO:0010884		10	1	1.577753840920687	-0.4560022159084593	0.5976018042874566	0.8204970178727164	1	1
regulation of cholesterol storage	GO:0010885		11	1	1.7355292250127559	-0.5513123957127841	0.5483037732141072	0.8488342349162374	1	1
negative regulation of cholesterol storage	GO:0010887		7	0	1.104427688644481	-Inf	0	1	1	1
negative regulation of lipid storage	GO:0010888		13	0	2.0510799931968933	-Inf	0	1	1	1
positive regulation of steroid biosynthetic process	GO:0010893		18	1	2.839956913657237	-1.0437888808105784	0.34522000318667345	0.9546061989867662	1	1
negative regulation of steroid biosynthetic process	GO:0010894		16	0	2.5244061454730993	-Inf	0	1	1	1
regulation of triglyceride catabolic process	GO:0010896		7	0	1.104427688644481	-Inf	0	1	1	1
positive regulation of triglyceride catabolic process	GO:0010898		5	0	0.7888769204603435	-Inf	0	1	1	1
regulation of very-low-density lipoprotein particle remodeling	GO:0010901		8	1	1.2622030727365496	-0.23285866459424956	0.7266172585054973	0.7468987684659543	1	1
negative regulation of very-low-density lipoprotein particle remodeling	GO:0010903		6	1	0.9466523045524122	0.054823407857531446	0.9206658936334867	0.6431395801290278	1	1
regulation of glucose metabolic process	GO:0010906		39	6	6.15323997959068	-0.02521929981600501	0.8636537464594634	0.5944503876421756	1	1
positive regulation of glucose metabolic process	GO:0010907		18	2	2.839956913657237	-0.350641700250633	0.6561334090262664	0.8013642643579545	1	1
negative regulation of mitochondrial membrane potential	GO:0010917		6	0	0.9466523045524122	-Inf	0	1	1	1
regulation of inositol phosphate biosynthetic process	GO:0010919		7	0	1.104427688644481	-Inf	0	1	1	1
regulation of phosphatase activity	GO:0010921		7	2	1.104427688644481	0.5938199085902184	1.355718486679157	0.3052018899455362	1	1
cellular component assembly involved in morphogenesis	GO:0010927		20	1	3.155507681841374	-1.1491493964684045	0.3118280657172801	0.9678129216089626	1	1
regulation of macrophage cytokine production	GO:0010935		7	0	1.104427688644481	-Inf	0	1	1	1
negative regulation of transcription by competitive promoter binding	GO:0010944		12	2	1.8933046091048245	0.054823407857531446	0.9206658936334867	0.5371248474375075	1	1
negative regulation of cell cycle process	GO:0010948		183	14	28.872895288848575	-0.723845946140576	0.46765080345224225	0.9994576718991839	1	1
positive regulation of endopeptidase activity	GO:0010950		8	2	1.2622030727365496	0.46028851596569575	1.240756211609746	0.3674088486818622	1	1
negative regulation of endopeptidase activity	GO:0010951		12	2	1.8933046091048245	0.054823407857531446	0.9206658936334867	0.586317921862617	1	1
positive regulation of peptidase activity	GO:0010952		13	3	2.0510799931968933	0.38024580829215937	1.1738616425058435	0.33772642600449965	1	1
positive regulation of protein processing	GO:0010954		12	0	1.8933046091048245	-Inf	0	1	1	1
negative regulation of protein processing	GO:0010955		15	2	2.366630761381031	-0.16832014345667848	0.7674866162952108	0.7101598045809759	1	1
regulation of glucan biosynthetic process	GO:0010962		17	1	2.682181529565168	-0.9866304669706297	0.36469283564378024	0.9359833340499569	1	1
regulation of mitotic sister chromatid separation	GO:0010965		42	2	6.626566131866886	-1.1979395606378367	0.29741149256349064	0.9924431179447739	1	1
regulation of phosphate transport	GO:0010966		5	0	0.7888769204603435	-Inf	0	1	1	1
regulation of microtubule nucleation	GO:0010968		11	1	1.7355292250127559	-0.5513123957127841	0.5483037732141072	0.8488342349162374	1	1
transport along microtubule	GO:0010970		56	10	8.835421509155848	0.12381627934448283	0.9715749296796196	0.38857394071380247	1	1
positive regulation of G2/M transition of mitotic cell cycle	GO:0010971		19	0	2.9977322977493053	-Inf	0	1	1	1
negative regulation of G2/M transition of mitotic cell cycle	GO:0010972		46	4	7.25766766823516	-0.595764158283618	0.5264801846721091	0.9396354933645082	1	1
regulation of neuron projection development	GO:0010975		104	7	16.408639945575146	-0.851897873000473	0.4146222592478159	0.9981907319102925	1	1
positive regulation of neuron projection development	GO:0010976		44	2	6.9421169000510234	-1.2444595762727295	0.28425313097344823	0.9951985258503682	1	1
negative regulation of neuron projection development	GO:0010977		28	3	4.417710754577924	-0.38700934442150786	0.6354479636426911	0.8409015413639225	1	1
regulation of lipoprotein particle clearance	GO:0010984		14	0	2.208855377288962	-Inf	0	1	1	1
negative regulation of lipoprotein particle clearance	GO:0010985		9	0	1.4199784568286185	-Inf	0	1	1	1
regulation of low-density lipoprotein particle clearance	GO:0010988		10	0	1.577753840920687	-Inf	0	1	1	1
negative regulation of low-density lipoprotein particle clearance	GO:0010989		6	0	0.9466523045524122	-Inf	0	1	1	1
ubiquitin recycling	GO:0010992		8	0	1.2622030727365496	-Inf	0	1	1	1
free ubiquitin chain polymerization	GO:0010994		7	0	1.104427688644481	-Inf	0	1	1	1
response to auditory stimulus	GO:0010996		10	0	1.577753840920687	-Inf	0	1	1	1
astrocyte development	GO:0014002		6	0	0.9466523045524122	-Inf	0	1	1	1
oligodendrocyte development	GO:0014003		8	0	1.2622030727365496	-Inf	0	1	1	1
regulation of gliogenesis	GO:0014013		13	2	2.0510799931968933	-0.02521929981600501	0.8636537464594634	0.631516375655002	1	1
positive regulation of gliogenesis	GO:0014015		10	1	1.577753840920687	-0.4560022159084593	0.5976018042874566	0.8204970178727164	1	1
neural crest formation	GO:0014029		8	0	1.2622030727365496	-Inf	0	1	1	1
neural crest cell development	GO:0014032		12	0	1.8933046091048245	-Inf	0	1	1	1
neural crest cell differentiation	GO:0014033		15	0	2.366630761381031	-Inf	0	1	1	1
response to purine-containing compound	GO:0014074		59	7	9.308747661432054	-0.28504441776481976	0.6947311090637719	0.8300935841170695	1	1
striated muscle tissue development	GO:0014706		50	2	7.8887692046034354	-1.3722929477826145	0.2508847640679904	0.9977637664892538	1	1
positive regulation of muscle hypertrophy	GO:0014742		13	0	2.0510799931968933	-Inf	0	1	1	1
regulation of muscle hypertrophy	GO:0014743		17	0	2.682181529565168	-Inf	0	1	1	1
muscle cell migration	GO:0014812		5	0	0.7888769204603435	-Inf	0	1	1	1
regulation of skeletal muscle contraction	GO:0014819		11	1	1.7355292250127559	-0.5513123957127841	0.5483037732141072	0.8488342349162374	1	1
phasic smooth muscle contraction	GO:0014821		9	0	1.4199784568286185	-Inf	0	1	1	1
vascular associated smooth muscle contraction	GO:0014829		6	0	0.9466523045524122	-Inf	0	1	1	1
muscle hypertrophy	GO:0014896		6	1	0.9466523045524122	0.054823407857531446	0.9206658936334867	0.6431395801290278	1	1
striated muscle hypertrophy	GO:0014897		5	1	0.7888769204603435	0.23714496465148602	1.0585560331525345	0.5762657973197276	1	1
myotube differentiation	GO:0014902		15	1	2.366630761381031	-0.8614673240166237	0.410882473242539	0.9239788612153117	1	1
regulation of smooth muscle cell migration	GO:0014910		31	3	4.89103690685413	-0.4887920387314503	0.5802530490677252	0.8873994883212709	1	1
positive regulation of smooth muscle cell migration	GO:0014911		16	1	2.5244061454730993	-0.9260058451541948	0.3864422976582265	0.9359833340499569	1	1
negative regulation of smooth muscle cell migration	GO:0014912		14	2	2.208855377288962	-0.09932727196972693	0.8129096848478663	0.6727557550052204	1	1
heparan sulfate proteoglycan biosynthetic process	GO:0015012		14	0	2.208855377288962	-Inf	0	1	1	1
gas transport	GO:0015669		11	0	1.7355292250127559	-Inf	0	1	1	1
oxygen transport	GO:0015671		8	0	1.2622030727365496	-Inf	0	1	1	1
magnesium ion transport	GO:0015693		10	0	1.577753840920687	-Inf	0	1	1	1
organic cation transport	GO:0015695		66	5	10.413175350076536	-0.7336339525067388	0.46339720119146116	0.9829862543531729	1	1
quaternary ammonium group transport	GO:0015697		11	1	1.7355292250127559	-0.5513123957127841	0.5483037732141072	0.8488342349162374	1	1
inorganic anion transport	GO:0015698		84	6	13.253132263733772	-0.7924744525296722	0.4385317160500693	0.9938186488723446	1	1
bicarbonate transport	GO:0015701		18	3	2.839956913657237	0.054823407857531446	0.9206658936334867	0.5571788177159394	1	1
iodide transport	GO:0015705		6	0	0.9466523045524122	-Inf	0	1	1	1
hexose phosphate transport	GO:0015712		5	1	0.7888769204603435	0.23714496465148602	1.0585560331525345	0.5762657973197276	1	1
monocarboxylic acid transport	GO:0015718		77	5	12.14870457508929	-0.8877846323339971	0.40075302299535337	0.9934008277843771	1	1
bile acid and bile salt transport	GO:0015721		14	0	2.208855377288962	-Inf	0	1	1	1
lactate transport	GO:0015727		5	2	0.7888769204603435	0.9302921452114313	1.660243592711515	0.17926462372048302	1	1
prostaglandin transport	GO:0015732		10	0	1.577753840920687	-Inf	0	1	1	1
C4-dicarboxylate transport	GO:0015740		13	1	2.0510799931968933	-0.7183664803759503	0.47004679746433364	0.8927979358372273	1	1
alpha-ketoglutarate transport	GO:0015742		5	0	0.7888769204603435	-Inf	0	1	1	1
urate transport	GO:0015747		6	1	0.9466523045524122	0.054823407857531446	0.9206658936334867	0.5762657973197276	1	1
organophosphate ester transport	GO:0015748		99	9	15.619763025114803	-0.5513123957127841	0.5483037732141072	0.9797209898399069	1	1
monosaccharide transmembrane transport	GO:0015749		26	2	4.1021599863937865	-0.7183664803759503	0.47004679746433364	0.922466050944612	1	1
fructose transmembrane transport	GO:0015755		6	1	0.9466523045524122	0.054823407857531446	0.9206658936334867	0.6431395801290278	1	1
glucose-6-phosphate transport	GO:0015760		5	1	0.7888769204603435	0.23714496465148602	1.0585560331525345	0.5762657973197276	1	1
nucleotide-sugar transmembrane transport	GO:0015780		8	2	1.2622030727365496	0.46028851596569575	1.240756211609746	0.3674088486818622	1	1
polyol transmembrane transport	GO:0015791		7	1	1.104427688644481	-0.09932727196972693	0.8129096848478663	0.6994625284929428	1	1
glycerol transmembrane transport	GO:0015793		7	1	1.104427688644481	-0.09932727196972693	0.8129096848478663	0.6994625284929428	1	1
acidic amino acid transport	GO:0015800		12	0	1.8933046091048245	-Inf	0	1	1	1
aromatic amino acid transport	GO:0015801		8	0	1.2622030727365496	-Inf	0	1	1	1
basic amino acid transport	GO:0015802		14	1	2.208855377288962	-0.7924744525296722	0.4385317160500693	0.9097242574396893	1	1
branched-chain amino acid transport	GO:0015803		8	2	1.2622030727365496	0.46028851596569575	1.240756211609746	0.3674088486818622	1	1
neutral amino acid transport	GO:0015804		35	3	5.522138443222405	-0.6101528957357176	0.5195732126581182	0.930390474689359	1	1
L-amino acid transport	GO:0015807		40	3	6.311015363682748	-0.7436842883602403	0.45906466252030825	0.9628434134859871	1	1
L-alanine transport	GO:0015808		8	0	1.2622030727365496	-Inf	0	1	1	1
aspartate transmembrane transport	GO:0015810		8	0	1.2622030727365496	-Inf	0	1	1	1
L-cystine transport	GO:0015811		5	0	0.7888769204603435	-Inf	0	1	1	1
L-glutamate transmembrane transport	GO:0015813		10	0	1.577753840920687	-Inf	0	1	1	1
glycine transport	GO:0015816		5	0	0.7888769204603435	-Inf	0	1	1	1
L-leucine transport	GO:0015820		8	2	1.2622030727365496	0.46028851596569575	1.240756211609746	0.3674088486818622	1	1
ornithine transport	GO:0015822		6	1	0.9466523045524122	0.054823407857531446	0.9206658936334867	0.6431395801290278	1	1
proline transport	GO:0015824		6	0	0.9466523045524122	-Inf	0	1	1	1
peptide transport	GO:0015833		29	1	4.5754861386699925	-1.5207129529008876	0.2168524305575589	0.9931524507578191	1	1
amine transport	GO:0015837		5	0	0.7888769204603435	-Inf	0	1	1	1
amino-acid betaine transport	GO:0015838		7	1	1.104427688644481	-0.09932727196972693	0.8129096848478663	0.6994625284929428	1	1
monoamine transport	GO:0015844		17	0	2.682181529565168	-Inf	0	1	1	1
polyamine transport	GO:0015846		6	1	0.9466523045524122	0.054823407857531446	0.9206658936334867	0.6431395801290278	1	1
organic acid transport	GO:0015849		158	12	24.928510686546858	-0.7311055061533802	0.46449276139529455	0.9989729134856968	1	1
organic hydroxy compound transport	GO:0015850		100	9	15.777538409206871	-0.5613627315662856	0.5433050782278831	0.9797209898399069	1	1
nucleobase transport	GO:0015851		8	0	1.2622030727365496	-Inf	0	1	1	1
nucleoside transport	GO:0015858		7	0	1.104427688644481	-Inf	0	1	1	1
uridine transmembrane transport	GO:0015862		6	0	0.9466523045524122	-Inf	0	1	1	1
pyrimidine nucleoside transport	GO:0015864		6	0	0.9466523045524122	-Inf	0	1	1	1
purine nucleotide transport	GO:0015865		27	3	4.259935370485855	-0.3506417002506329	0.6561334090262665	0.8220567388762243	1	1
ATP transport	GO:0015867		13	1	2.0510799931968933	-0.7183664803759503	0.47004679746433364	0.8927979358372273	1	1
purine ribonucleotide transport	GO:0015868		23	3	3.62883383411758	-0.19029905017545348	0.7533910997393815	0.7268153437843944	1	1
choline transport	GO:0015871		9	0	1.4199784568286185	-Inf	0	1	1	1
dopamine transport	GO:0015872		12	0	1.8933046091048245	-Inf	0	1	1	1
norepinephrine transport	GO:0015874		6	0	0.9466523045524122	-Inf	0	1	1	1
carnitine transport	GO:0015879		7	1	1.104427688644481	-0.09932727196972693	0.8129096848478663	0.6994625284929428	1	1
folic acid transport	GO:0015884		6	3	0.9466523045524122	1.1534356965256412	1.8705947332904256	0.05400010461499344	1	1
heme transport	GO:0015886		5	2	0.7888769204603435	0.9302921452114313	1.660243592711515	0.17926462372048302	1	1
thiamine transport	GO:0015888		7	0	1.104427688644481	-Inf	0	1	1	1
cobalamin transport	GO:0015889		9	0	1.4199784568286185	-Inf	0	1	1	1
fatty acid transport	GO:0015908		41	2	6.468790747774817	-1.1738420090587762	0.30445163950702736	0.9897992228181987	1	1
long-chain fatty acid transport	GO:0015909		24	2	3.786609218209649	-0.6383237727024138	0.506271076694502	0.8978639028554195	1	1
phospholipid transport	GO:0015914		52	3	8.204319972787573	-1.0060485528277312	0.35796689037477736	0.9913680021383623	1	1
sterol transport	GO:0015918		48	6	7.573218436419298	-0.23285866459424956	0.7266172585054973	0.7727510272778113	1	1
peroxisomal membrane transport	GO:0015919		18	2	2.839956913657237	-0.350641700250633	0.6561334090262664	0.8013642643579545	1	1
nucleobase-containing compound transport	GO:0015931		113	8	17.828618402403766	-0.8013633999469183	0.43487917974994184	0.9983070586260359	1	1
coenzyme A metabolic process	GO:0015936		10	1	1.577753840920687	-0.4560022159084593	0.5976018042874566	0.8204970178727164	1	1
coenzyme A biosynthetic process	GO:0015937		9	1	1.4199784568286185	-0.350641700250633	0.6561334090262664	0.7868500319994607	1	1
pantothenate metabolic process	GO:0015939		6	0	0.9466523045524122	-Inf	0	1	1	1
nucleobase-containing small molecule interconversion	GO:0015949		8	1	1.2622030727365496	-0.23285866459424956	0.7266172585054973	0.7468987684659543	1	1
energy derivation by oxidation of organic compounds	GO:0015980		95	6	14.988661488746528	-0.9155345452868995	0.39031625197023145	0.9983272981863215	1	1
proton motive force-driven ATP synthesis	GO:0015986		14	0	2.208855377288962	-Inf	0	1	1	1
viral process	GO:0016032		164	12	25.87516299109927	-0.7683769009506117	0.44856995442302844	0.9993888480424067	1	1
lipid catabolic process	GO:0016042		162	20	25.559612222915135	-0.24528118459280687	0.7189324360251631	0.8854227290312797	1	1
detection of bacterium	GO:0016045		14	1	2.208855377288962	-0.7924744525296722	0.4385317160500693	0.9097242574396893	1	1
cell growth	GO:0016049		18	0	2.839956913657237	-Inf	0	1	1	1
vesicle organization	GO:0016050		147	11	23.192981461534103	-0.7459544368947795	0.45809094082724794	0.9984317183781111	1	1
carbohydrate biosynthetic process	GO:0016051		57	3	8.993196893247916	-1.097856102080854	0.32768935881794536	0.9962387132875796	1	1
carbohydrate catabolic process	GO:0016052		52	2	8.204319972787573	-1.4115136609358956	0.2414219726866582	0.9985922263912936	1	1
organic acid biosynthetic process	GO:0016053		156	16	24.61295991836272	-0.43068440792416945	0.6112780014257958	0.9793294313333245	1	1
organic acid catabolic process	GO:0016054		155	24	24.455184534270654	-0.01878840948571471	0.8681507713030767	0.5329337389371998	1	1
Wnt signaling pathway	GO:0016055		70	3	11.04427688644481	-1.303300076295663	0.26839975637620594	0.9993229593811421	1	1
immunoglobulin mediated immune response	GO:0016064		13	1	2.0510799931968933	-0.7183664803759503	0.47004679746433364	0.8927979358372273	1	1
rRNA metabolic process	GO:0016072		102	4	16.093089177391008	-1.392095575078794	0.24606329546962566	0.9999576609426849	1	1
snRNA metabolic process	GO:0016073		37	3	5.837689211406543	-0.6657227468905286	0.49361142941229086	0.9456729606352932	1	1
rRNA catabolic process	GO:0016075		8	2	1.2622030727365496	0.46028851596569575	1.240756211609746	0.3674088486818622	1	1
tRNA decay	GO:0016078		6	2	0.9466523045524122	0.7479705884174768	1.4929330427012544	0.17926462372048302	1	1
synaptic vesicle exocytosis	GO:0016079		10	0	1.577753840920687	-Inf	0	1	1	1
polyprenol metabolic process	GO:0016093		10	0	1.577753840920687	-Inf	0	1	1	1
monoterpenoid metabolic process	GO:0016098		6	0	0.9466523045524122	-Inf	0	1	1	1
diterpenoid metabolic process	GO:0016101		57	3	8.993196893247916	-1.097856102080854	0.32768935881794536	0.9934406867237144	1	1
terpenoid catabolic process	GO:0016115		7	1	1.104427688644481	-0.09932727196972693	0.8129096848478663	0.6994625284929428	1	1
sterol metabolic process	GO:0016125		69	6	10.88650150235274	-0.595764158283618	0.5264801846721091	0.9641691140979289	1	1
sterol biosynthetic process	GO:0016126		26	3	4.1021599863937865	-0.3129013722677859	0.6781377884159226	0.7786272580656751	1	1
sterol catabolic process	GO:0016127		5	0	0.7888769204603435	-Inf	0	1	1	1
glycoside metabolic process	GO:0016137		14	1	2.208855377288962	-0.7924744525296722	0.4385317160500693	0.9097242574396893	1	1
snRNA processing	GO:0016180		22	2	3.4710584500255117	-0.5513123957127841	0.5483037732141072	0.8829901151101129	1	1
endosomal transport	GO:0016197		157	25	24.77073530245479	0.009212896605478988	0.8879030698700403	0.4161306568203667	1	1
regulation of striated muscle tissue development	GO:0016202		10	2	1.577753840920687	0.23714496465148602	1.0585560331525345	0.4840271591401576	1	1
iron-sulfur cluster assembly	GO:0016226		15	0	2.366630761381031	-Inf	0	1	1	1
telomere capping	GO:0016233		15	1	2.366630761381031	-0.8614673240166237	0.410882473242539	0.8726993542847484	1	1
macroautophagy	GO:0016236		154	16	24.29740915017858	-0.41778100308826144	0.6183426027879371	0.9719745400902828	1	1
positive regulation of macroautophagy	GO:0016239		74	10	11.675378422813086	-0.15489712312453788	0.7761845980619783	0.7347199672741673	1	1
autophagosome membrane docking	GO:0016240		7	1	1.104427688644481	-0.09932727196972693	0.8129096848478663	0.6994625284929428	1	1
regulation of macroautophagy	GO:0016241		131	14	20.668575316061002	-0.38955711650030667	0.634017893092311	0.95732656009881	1	1
negative regulation of macroautophagy	GO:0016242		24	3	3.786609218209649	-0.23285866459424956	0.7266172585054973	0.7538184116077663	1	1
attachment of GPI anchor to protein	GO:0016255		6	1	0.9466523045524122	0.054823407857531446	0.9206658936334867	0.6431395801290278	1	1
gap junction assembly	GO:0016264		6	0	0.9466523045524122	-Inf	0	1	1	1
O-glycan processing	GO:0016266		39	5	6.15323997959068	-0.20754085660995972	0.7424615050091643	0.715204816656174	1	1
dephosphorylation	GO:0016311		109	9	17.19751686603549	-0.6475404278073378	0.5019820719906118	0.9861931966938442	1	1
dendrite development	GO:0016358		16	1	2.5244061454730993	-0.9260058451541948	0.3864422976582265	0.9239788612153117	1	1
post-transcriptional gene silencing	GO:0016441		34	7	5.364363059130336	0.2661325015247383	1.0814399437151874	0.28342917606231277	1	1
somatic cell DNA recombination	GO:0016444		8	1	1.2622030727365496	-0.23285866459424956	0.7266172585054973	0.7468987684659543	1	1
somatic diversification of immunoglobulins	GO:0016445		7	0	1.104427688644481	-Inf	0	1	1	1
negative regulation of transcription by RNA polymerase I	GO:0016479		7	0	1.104427688644481	-Inf	0	1	1	1
cytosolic transport	GO:0016482		88	14	13.884233800102047	0.008303392222638501	0.8872571431156642	0.4570127784291833	1	1
protein processing	GO:0016485		100	14	15.777538409206871	-0.11952997928724632	0.7994252257503376	0.7139159183676046	1	1
peptide hormone processing	GO:0016486		24	2	3.786609218209649	-0.6383237727024138	0.506271076694502	0.910958947514297	1	1
negative regulation of angiogenesis	GO:0016525		78	7	12.30647995918136	-0.5642158005486921	0.5418929444701851	0.969348296666766	1	1
protein autoprocessing	GO:0016540		13	3	2.0510799931968933	0.38024580829215937	1.1738616425058435	0.33772642600449965	1	1
base conversion or substitution editing	GO:0016553		8	0	1.2622030727365496	-Inf	0	1	1	1
mRNA modification	GO:0016556		14	2	2.208855377288962	-0.09932727196972693	0.8129096848478663	0.6727557550052204	1	1
protein import into peroxisome matrix	GO:0016558		13	1	2.0510799931968933	-0.7183664803759503	0.47004679746433364	0.8927979358372273	1	1
peroxisome fission	GO:0016559		10	1	1.577753840920687	-0.4560022159084593	0.5976018042874566	0.8204970178727164	1	1
protein import into peroxisome matrix, receptor recycling	GO:0016562		7	1	1.104427688644481	-0.09932727196972693	0.8129096848478663	0.6994625284929428	1	1
protein deubiquitination	GO:0016579		77	3	12.14870457508929	-1.3986102560999878	0.24449667185981566	0.9997187974407061	1	1
Rac protein signal transduction	GO:0016601		13	1	2.0510799931968933	-0.7183664803759503	0.47004679746433364	0.8927979358372273	1	1
protein sumoylation	GO:0016925		33	4	5.206587675038268	-0.2636303232610033	0.7076892208932586	0.7871704335805744	1	1
protein desumoylation	GO:0016926		6	1	0.9466523045524122	0.054823407857531446	0.9206658936334867	0.6431395801290278	1	1
poly(A)+ mRNA export from nucleus	GO:0016973		7	0	1.104427688644481	-Inf	0	1	1	1
cytochrome complex assembly	GO:0017004		35	2	5.522138443222405	-1.0156180038438822	0.3546943719593138	0.9815320007633399	1	1
regulation of transforming growth factor beta receptor signaling pathway	GO:0017015		77	6	12.14870457508929	-0.7054630755400424	0.47573107812500975	0.986344404715545	1	1
protein import	GO:0017038		5	0	0.7888769204603435	-Inf	0	1	1	1
respiratory chain complex III assembly	GO:0017062		10	1	1.577753840920687	-0.4560022159084593	0.5976018042874566	0.8204970178727164	1	1
plasma membrane phospholipid scrambling	GO:0017121		10	0	1.577753840920687	-Inf	0	1	1	1
negative regulation of translation	GO:0017148		84	15	13.253132263733772	0.12381627934448283	0.9715749296796196	0.34348364427055006	1	1
calcium-ion regulated exocytosis	GO:0017156		7	1	1.104427688644481	-0.09932727196972693	0.8129096848478663	0.6994625284929428	1	1
regulation of exocytosis	GO:0017157		79	9	12.464255343273429	-0.32564039804521583	0.670649059864811	0.8856706244620982	1	1
regulation of calcium ion-dependent exocytosis	GO:0017158		7	1	1.104427688644481	-0.09932727196972693	0.8129096848478663	0.6994625284929428	1	1
peptidyl-lysine hydroxylation	GO:0017185		6	0	0.9466523045524122	-Inf	0	1	1	1
peptidyl-lysine methylation	GO:0018022		18	4	2.839956913657237	0.34250548030931227	1.142896492055841	0.2750500067379058	1	1
peptidyl-lysine trimethylation	GO:0018023		7	2	1.104427688644481	0.5938199085902184	1.355718486679157	0.3052018899455362	1	1
peptidyl-lysine monomethylation	GO:0018026		6	2	0.9466523045524122	0.7479705884174768	1.4929330427012544	0.17926462372048302	1	1
peptidyl-serine phosphorylation	GO:0018105		48	2	7.573218436419298	-1.3314709532623592	0.26111132566716627	0.9969608207757836	1	1
peptidyl-threonine phosphorylation	GO:0018107		22	0	3.4710584500255117	-Inf	0	1	1	1
peptidyl-tyrosine phosphorylation	GO:0018108		52	5	8.204319972787573	-0.49522292906174065	0.5768985153235614	0.9292672014507135	1	1
protein hydroxylation	GO:0018126		14	0	2.208855377288962	-Inf	0	1	1	1
keratan sulfate biosynthetic process	GO:0018146		16	1	2.5244061454730993	-0.9260058451541948	0.3864422976582265	0.9359833340499569	1	1
peptide cross-linking	GO:0018149		21	1	3.313283065933443	-1.1979395606378367	0.29741149256349064	0.9728970148697752	1	1
protein oxidation	GO:0018158		6	0	0.9466523045524122	-Inf	0	1	1	1
peptidyl-arginine modification	GO:0018195		5	1	0.7888769204603435	0.23714496465148602	1.0585560331525345	0.5762657973197276	1	1
peptidyl-cysteine modification	GO:0018198		16	0	2.5244061454730993	-Inf	0	1	1	1
peptidyl-glutamic acid modification	GO:0018200		12	2	1.8933046091048245	0.054823407857531446	0.9206658936334867	0.586317921862617	1	1
peptidyl-histidine modification	GO:0018202		5	0	0.7888769204603435	-Inf	0	1	1	1
peptidyl-lysine modification	GO:0018205		87	12	13.726458416009978	-0.13441859178099705	0.789584647474739	0.7229777161038523	1	1
peptidyl-proline modification	GO:0018208		8	0	1.2622030727365496	-Inf	0	1	1	1
peptidyl-serine modification	GO:0018209		60	2	9.466523045524124	-1.5546145045765691	0.20972987435944143	0.9993530383859166	1	1
peptidyl-threonine modification	GO:0018210		31	0	4.89103690685413	-Inf	0	1	1	1
peptidyl-tyrosine modification	GO:0018212		53	5	8.362095356879642	-0.5142711240324351	0.5670544484591667	0.9362279347007917	1	1
peptidyl-arginine methylation	GO:0018216		5	1	0.7888769204603435	0.23714496465148602	1.0585560331525345	0.5762657973197276	1	1
peptidyl-L-cysteine S-palmitoylation	GO:0018230		12	0	1.8933046091048245	-Inf	0	1	1	1
peptidyl-S-diacylglycerol-L-cysteine biosynthetic process from peptidyl-cysteine	GO:0018231		12	0	1.8933046091048245	-Inf	0	1	1	1
protein O-linked glycosylation via serine	GO:0018242		10	0	1.577753840920687	-Inf	0	1	1	1
protein O-linked glycosylation via threonine	GO:0018243		9	0	1.4199784568286185	-Inf	0	1	1	1
protein N-linked glycosylation via asparagine	GO:0018279		40	3	6.311015363682748	-0.7436842883602403	0.45906466252030825	0.9628434134859871	1	1
protein prenylation	GO:0018342		8	2	1.2622030727365496	0.46028851596569575	1.240756211609746	0.3674088486818622	1	1
protein palmitoylation	GO:0018345		24	2	3.786609218209649	-0.6383237727024138	0.506271076694502	0.910958947514297	1	1
internal peptidyl-lysine acetylation	GO:0018393		7	1	1.104427688644481	-0.09932727196972693	0.8129096848478663	0.6994625284929428	1	1
peptidyl-lysine acetylation	GO:0018394		12	2	1.8933046091048245	0.054823407857531446	0.9206658936334867	0.586317921862617	1	1
C-terminal protein amino acid modification	GO:0018410		6	1	0.9466523045524122	0.054823407857531446	0.9206658936334867	0.6431395801290278	1	1
ether metabolic process	GO:0018904		16	1	2.5244061454730993	-0.9260058451541948	0.3864422976582265	0.9359833340499569	1	1
phenol-containing compound metabolic process	GO:0018958		40	5	6.311015363682748	-0.23285866459424956	0.7266172585054973	0.7586110047743441	1	1
viral life cycle	GO:0019058		103	9	16.250864561483077	-0.59092153380783	0.5288219945809765	0.9815596427497938	1	1
virion attachment to host cell	GO:0019062		9	2	1.4199784568286185	0.34250548030931227	1.142896492055841	0.4272886601979041	1	1
receptor-mediated endocytosis of virus by host cell	GO:0019065		7	0	1.104427688644481	-Inf	0	1	1	1
virion assembly	GO:0019068		34	1	5.364363059130336	-1.679777647530575	0.1853522859633019	0.9942346046215891	1	1
viral release from host cell	GO:0019076		28	1	4.417710754577924	-1.4856216330896175	0.22447173104470095	0.9838193454025062	1	1
viral genome replication	GO:0019079		12	0	1.8933046091048245	-Inf	0	1	1	1
viral gene expression	GO:0019080		53	2	8.362095356879642	-1.4305618559065902	0.23695097112045377	0.9985922263912936	1	1
viral translation	GO:0019081		17	0	2.682181529565168	-Inf	0	1	1	1
viral protein processing	GO:0019082		31	2	4.89103690685413	-0.8942571468396145	0.3982964377488585	0.9617699887084894	1	1
viral transcription	GO:0019083		6	0	0.9466523045524122	-Inf	0	1	1	1
reproductive behavior	GO:0019098		5	0	0.7888769204603435	-Inf	0	1	1	1
nonribosomal peptide biosynthetic process	GO:0019184		6	1	0.9466523045524122	0.054823407857531446	0.9206658936334867	0.6431395801290278	1	1
regulation of lipid metabolic process	GO:0019216		167	19	26.348489143375474	-0.3269719561647283	0.6698698979854061	0.9414796752820213	1	1
regulation of fatty acid metabolic process	GO:0019217		48	6	7.573218436419298	-0.23285866459424956	0.7266172585054973	0.7345947869346332	1	1
regulation of steroid metabolic process	GO:0019218		59	4	9.308747661432054	-0.8446602057002425	0.4174709561883012	0.9855115233714395	1	1
transmission of nerve impulse	GO:0019226		8	1	1.2622030727365496	-0.23285866459424956	0.7266172585054973	0.7468987684659543	1	1
neuronal action potential	GO:0019228		8	1	1.2622030727365496	-0.23285866459424956	0.7266172585054973	0.7468987684659543	1	1
regulation of vasoconstriction	GO:0019229		17	1	2.682181529565168	-0.9866304669706297	0.36469283564378024	0.9460927581740545	1	1
sensory perception of pain	GO:0019233		8	1	1.2622030727365496	-0.23285866459424956	0.7266172585054973	0.7468987684659543	1	1
hexose metabolic process	GO:0019318		65	6	10.255399965984466	-0.5360449235819956	0.5559697643789695	0.9560245766526773	1	1
hexose biosynthetic process	GO:0019319		23	1	3.62883383411758	-1.2889113388435631	0.2721969180173993	0.9807834954904975	1	1
hexose catabolic process	GO:0019320		22	1	3.4710584500255117	-1.2444595762727295	0.28425313097344823	0.9771782958107115	1	1
phenol-containing compound catabolic process	GO:0019336		10	1	1.577753840920687	-0.4560022159084593	0.5976018042874566	0.7868500319994607	1	1
dolichol metabolic process	GO:0019348		8	0	1.2622030727365496	-Inf	0	1	1	1
pyridine nucleotide metabolic process	GO:0019362		67	4	10.570950734168603	-0.971815381185489	0.36990211533241235	0.9959553502794697	1	1
pyridine nucleotide catabolic process	GO:0019364		25	0	3.9443846023017177	-Inf	0	1	1	1
fatty acid elongation, saturated fatty acid	GO:0019367		6	0	0.9466523045524122	-Inf	0	1	1	1
fatty acid elongation, unsaturated fatty acid	GO:0019368		5	0	0.7888769204603435	-Inf	0	1	1	1
arachidonate metabolic process	GO:0019369		34	1	5.364363059130336	-1.679777647530575	0.1853522859633019	0.9971029331037861	1	1
leukotriene biosynthetic process	GO:0019370		10	3	1.577753840920687	0.6426100727596504	1.3986675832653837	0.20033466442889086	1	1
lipoxygenase pathway	GO:0019372		9	1	1.4199784568286185	-0.350641700250633	0.6561334090262664	0.7868500319994607	1	1
epoxygenase P450 pathway	GO:0019373		9	0	1.4199784568286185	-Inf	0	1	1	1
galactolipid metabolic process	GO:0019374		6	0	0.9466523045524122	-Inf	0	1	1	1
glycolipid catabolic process	GO:0019377		18	2	2.839956913657237	-0.350641700250633	0.6561334090262664	0.7742325480643975	1	1
galactose catabolic process	GO:0019388		5	0	0.7888769204603435	-Inf	0	1	1	1
fatty acid oxidation	GO:0019395		53	7	8.362095356879642	-0.17779888741122218	0.7613853422341251	0.7333042229246339	1	1
alditol metabolic process	GO:0019400		6	1	0.9466523045524122	0.054823407857531446	0.9206658936334867	0.6431395801290278	1	1
removal of superoxide radicals	GO:0019430		10	0	1.577753840920687	-Inf	0	1	1	1
triglyceride biosynthetic process	GO:0019432		14	1	2.208855377288962	-0.7924744525296722	0.4385317160500693	0.9097242574396893	1	1
triglyceride catabolic process	GO:0019433		10	0	1.577753840920687	-Inf	0	1	1	1
4-hydroxyproline metabolic process	GO:0019471		6	0	0.9466523045524122	-Inf	0	1	1	1
taurine metabolic process	GO:0019530		5	1	0.7888769204603435	0.23714496465148602	1.0585560331525345	0.5762657973197276	1	1
catechol-containing compound catabolic process	GO:0019614		7	1	1.104427688644481	-0.09932727196972693	0.8129096848478663	0.6431395801290278	1	1
urea metabolic process	GO:0019627		7	0	1.104427688644481	-Inf	0	1	1	1
aerobic electron transport chain	GO:0019646		17	0	2.682181529565168	-Inf	0	1	1	1
GDP-mannose metabolic process	GO:0019673		8	0	1.2622030727365496	-Inf	0	1	1	1
NAD metabolic process	GO:0019674		23	3	3.62883383411758	-0.19029905017545348	0.7533910997393815	0.7268153437843944	1	1
deoxyribose phosphate metabolic process	GO:0019692		27	3	4.259935370485855	-0.3506417002506329	0.6561334090262665	0.8220567388762243	1	1
ribose phosphate metabolic process	GO:0019693		136	5	21.457452236521345	-1.4566340962163653	0.23096044973326524	0.9999986597036243	1	1
alkanesulfonate metabolic process	GO:0019694		5	1	0.7888769204603435	0.23714496465148602	1.0585560331525345	0.5762657973197276	1	1
choline metabolic process	GO:0019695		5	2	0.7888769204603435	0.9302921452114313	1.660243592711515	0.17926462372048302	1	1
calcium-mediated signaling	GO:0019722		77	10	12.14870457508929	-0.1946374517740517	0.7506303734841934	0.7504042240826553	1	1
B cell mediated immunity	GO:0019724		17	2	2.682181529565168	-0.2934832864106844	0.6896729147432905	0.7742325480643975	1	1
antimicrobial humoral response	GO:0019730		120	2	18.933046091048247	-2.2477616851365143	0.1054399240494322	0.9999998720823517	1	1
antibacterial humoral response	GO:0019731		42	2	6.626566131866886	-1.1979395606378367	0.29741149256349064	0.9924431179447739	1	1
antifungal humoral response	GO:0019732		13	1	2.0510799931968933	-0.7183664803759503	0.47004679746433364	0.8726993542847484	1	1
secondary metabolic process	GO:0019748		32	1	5.0488122909461985	-1.6191530257141402	0.1967936935189301	0.9942346046215891	1	1
polyol metabolic process	GO:0019751		55	9	8.677646125063779	0.03647426918933492	0.9073985070821192	0.4857799291231908	1	1
one-carbon compound transport	GO:0019755		8	0	1.2622030727365496	-Inf	0	1	1	1
stem cell population maintenance	GO:0019827		14	1	2.208855377288962	-0.7924744525296722	0.4385317160500693	0.9097242574396893	1	1
cytolysis	GO:0019835		7	0	1.104427688644481	-Inf	0	1	1	1
L-ascorbic acid metabolic process	GO:0019852		7	0	1.104427688644481	-Inf	0	1	1	1
antigen processing and presentation	GO:0019882		59	7	9.308747661432054	-0.28504441776481976	0.6947311090637719	0.8161936206960293	1	1
antigen processing and presentation of endogenous antigen	GO:0019883		15	0	2.366630761381031	-Inf	0	1	1	1
antigen processing and presentation of exogenous antigen	GO:0019884		24	3	3.786609218209649	-0.23285866459424956	0.7266172585054973	0.697540469218688	1	1
antigen processing and presentation of endogenous peptide antigen via MHC class I	GO:0019885		9	0	1.4199784568286185	-Inf	0	1	1	1
antigen processing and presentation of exogenous peptide antigen via MHC class II	GO:0019886		17	3	2.682181529565168	0.11198182169747993	0.962729308239504	0.4738960557783739	1	1
axonal transport of mitochondrion	GO:0019896		6	0	0.9466523045524122	-Inf	0	1	1	1
lipid storage	GO:0019915		22	2	3.4710584500255117	-0.5513123957127841	0.5483037732141072	0.8829901151101129	1	1
cGMP-mediated signaling	GO:0019934		15	0	2.366630761381031	-Inf	0	1	1	1
translesion synthesis	GO:0019985		24	5	3.786609218209649	0.27796695917174113	1.0908538296916594	0.32527848757990996	1	1
diencephalon development	GO:0021536		5	0	0.7888769204603435	-Inf	0	1	1	1
telencephalon development	GO:0021537		29	5	4.5754861386699925	0.08872495953321277	0.9454815312979636	0.4589758063720958	1	1
pallium development	GO:0021543		18	4	2.839956913657237	0.34250548030931227	1.142896492055841	0.2750500067379058	1	1
cranial nerve development	GO:0021545		8	0	1.2622030727365496	-Inf	0	1	1	1
nerve development	GO:0021675		9	0	1.4199784568286185	-Inf	0	1	1	1
developmental maturation	GO:0021700		41	1	6.468790747774817	-1.8669891896187214	0.15397921227314784	0.9987746332432417	1	1
olfactory bulb development	GO:0021772		7	1	1.104427688644481	-0.09932727196972693	0.8129096848478663	0.6994625284929428	1	1
glial cell development	GO:0021782		14	0	2.208855377288962	-Inf	0	1	1	1
cerebral cortex cell migration	GO:0021795		6	1	0.9466523045524122	0.054823407857531446	0.9206658936334867	0.6431395801290278	1	1
forebrain generation of neurons	GO:0021872		8	1	1.2622030727365496	-0.23285866459424956	0.7266172585054973	0.7468987684659543	1	1
forebrain neuron differentiation	GO:0021879		8	1	1.2622030727365496	-0.23285866459424956	0.7266172585054973	0.7468987684659543	1	1
forebrain neuron development	GO:0021884		6	0	0.9466523045524122	-Inf	0	1	1	1
forebrain cell migration	GO:0021885		9	2	1.4199784568286185	0.34250548030931227	1.142896492055841	0.4272886601979041	1	1
neural tube development	GO:0021915		9	2	1.4199784568286185	0.34250548030931227	1.142896492055841	0.4272886601979041	1	1
central nervous system neuron differentiation	GO:0021953		24	1	3.786609218209649	-1.3314709532623592	0.26111132566716627	0.9807834954904975	1	1
central nervous system neuron development	GO:0021954		12	0	1.8933046091048245	-Inf	0	1	1	1
cerebral cortex development	GO:0021987		18	4	2.839956913657237	0.34250548030931227	1.142896492055841	0.2750500067379058	1	1
olfactory lobe development	GO:0021988		7	1	1.104427688644481	-0.09932727196972693	0.8129096848478663	0.6994625284929428	1	1
tangential migration from the subventricular zone to the olfactory bulb	GO:0022028		5	1	0.7888769204603435	0.23714496465148602	1.0585560331525345	0.5762657973197276	1	1
telencephalon cell migration	GO:0022029		9	2	1.4199784568286185	0.34250548030931227	1.142896492055841	0.4272886601979041	1	1
regulation of opsin-mediated signaling pathway	GO:0022400		9	0	1.4199784568286185	-Inf	0	1	1	1
negative adaptation of signaling pathway	GO:0022401		8	1	1.2622030727365496	-0.23285866459424956	0.7266172585054973	0.7468987684659543	1	1
molting cycle process	GO:0022404		11	0	1.7355292250127559	-Inf	0	1	1	1
hair cycle process	GO:0022405		11	0	1.7355292250127559	-Inf	0	1	1	1
membrane docking	GO:0022406		29	1	4.5754861386699925	-1.5207129529008876	0.2168524305575589	0.9931524507578191	1	1
negative regulation of cell-cell adhesion	GO:0022408		100	7	15.777538409206871	-0.8126771598471917	0.4302691990589069	0.9967780582662585	1	1
positive regulation of cell-cell adhesion	GO:0022409		172	7	27.13736606383582	-1.3550014506725534	0.25516883603320134	0.999999728351653	1	1
cellular process involved in reproduction in multicellular organism	GO:0022412		58	3	9.150972277339985	-1.1152478447927232	0.3222287536226962	0.9934406867237144	1	1
digestive system process	GO:0022600		28	3	4.417710754577924	-0.38700934442150786	0.6354479636426911	0.8409015413639225	1	1
regulation of cell morphogenesis	GO:0022604		112	12	17.670843018311697	-0.38700934442150786	0.6354479636426911	0.9392018008145278	1	1
gland morphogenesis	GO:0022612		5	1	0.7888769204603435	0.23714496465148602	1.0585560331525345	0.5762657973197276	1	1
DNA strand elongation	GO:0022616		8	3	1.2622030727365496	0.8657536240738603	1.600476592140702	0.11858101373656212	1	1
extracellular matrix disassembly	GO:0022617		43	4	6.784341515958955	-0.5283228774880856	0.5598804746503361	0.9245079550988751	1	1
protein-RNA complex assembly	GO:0022618		115	8	18.144169170587904	-0.8189077095978279	0.4277489929694587	0.9978803457813563	1	1
regulation of transmembrane transporter activity	GO:0022898		70	5	11.04427688644481	-0.7924744525296724	0.4385317160500693	0.9848468876250169	1	1
electron transport chain	GO:0022900		30	2	4.733261522762062	-0.8614673240166237	0.410882473242539	0.9558820733172542	1	1
respiratory electron transport chain	GO:0022904		25	1	3.9443846023017177	-1.3722929477826145	0.2508847640679904	0.9838193454025062	1	1
signal transduction involved in regulation of gene expression	GO:0023019		8	0	1.2622030727365496	-Inf	0	1	1	1
CD40 signaling pathway	GO:0023035		7	0	1.104427688644481	-Inf	0	1	1	1
adaptation of signaling pathway	GO:0023058		8	1	1.2622030727365496	-0.23285866459424956	0.7266172585054973	0.7468987684659543	1	1
signal release	GO:0023061		46	1	7.25766766823516	-1.9820585194035085	0.13735302354105494	0.9995638034405891	1	1
intracellular potassium ion homeostasis	GO:0030007		10	0	1.577753840920687	-Inf	0	1	1	1
establishment of cell polarity	GO:0030010		58	3	9.150972277339985	-1.1152478447927232	0.3222287536226962	0.9967313158412411	1	1
maintenance of cell polarity	GO:0030011		8	1	1.2622030727365496	-0.23285866459424956	0.7266172585054973	0.7468987684659543	1	1
lamellipodium assembly	GO:0030032		15	0	2.366630761381031	-Inf	0	1	1	1
microvillus assembly	GO:0030033		14	0	2.208855377288962	-Inf	0	1	1	1
contractile actin filament bundle assembly	GO:0030038		15	1	2.366630761381031	-0.8614673240166237	0.410882473242539	0.9239788612153117	1	1
actin filament polymerization	GO:0030041		12	3	1.8933046091048245	0.46028851596569575	1.240756211609746	0.2450875618020846	1	1
actin filament depolymerization	GO:0030042		8	0	1.2622030727365496	-Inf	0	1	1	1
parallel actin filament bundle assembly	GO:0030046		5	0	0.7888769204603435	-Inf	0	1	1	1
actin filament-based movement	GO:0030048		48	1	7.573218436419298	-2.0246181338223046	0.13166352286332741	0.9996908870599704	1	1
muscle filament sliding	GO:0030049		7	0	1.104427688644481	-Inf	0	1	1	1
insulin processing	GO:0030070		6	0	0.9466523045524122	-Inf	0	1	1	1
regulation of mitotic metaphase/anaphase transition	GO:0030071		48	3	7.573218436419298	-0.9260058451541948	0.3864422976582265	0.9851664772972895	1	1
peptide hormone secretion	GO:0030072		17	0	2.682181529565168	-Inf	0	1	1	1
insulin secretion	GO:0030073		9	0	1.4199784568286185	-Inf	0	1	1	1
protein repair	GO:0030091		7	1	1.104427688644481	-0.09932727196972693	0.8129096848478663	0.6994625284929428	1	1
hemopoiesis	GO:0030097		178	23	28.08401836838823	-0.19970645727734904	0.7474137632601925	0.8776604112185461	1	1
lymphocyte differentiation	GO:0030098		56	9	8.835421509155848	0.01845576368665642	0.8944838081709775	0.5323221700555106	1	1
myeloid cell differentiation	GO:0030099		96	8	15.146436872838596	-0.6383237727024138	0.506271076694502	0.9893487935893115	1	1
regulation of endocytosis	GO:0030100		161	16	25.401836838823062	-0.4622327656590953	0.5942737471685225	0.98713001436626	1	1
natural killer cell activation	GO:0030101		25	2	3.9443846023017177	-0.6791457672226691	0.4875085810917311	0.910958947514297	1	1
sphingolipid biosynthetic process	GO:0030148		79	6	12.464255343273429	-0.7311055061533802	0.46449276139529455	0.9890738427544729	1	1
sphingolipid catabolic process	GO:0030149		35	4	5.522138443222405	-0.32247082328393684	0.6725064828415734	0.8067601788730798	1	1
protein import into mitochondrial matrix	GO:0030150		10	1	1.577753840920687	-0.4560022159084593	0.5976018042874566	0.8204970178727164	1	1
proteoglycan biosynthetic process	GO:0030166		48	2	7.573218436419298	-1.3314709532623592	0.26111132566716627	0.9973925536317754	1	1
proteoglycan catabolic process	GO:0030167		9	2	1.4199784568286185	0.34250548030931227	1.142896492055841	0.4272886601979041	1	1
platelet activation	GO:0030168		49	4	7.730993820511367	-0.6589430599051497	0.4967185926301342	0.9619136403943873	1	1
regulation of DNA-templated DNA replication initiation	GO:0030174		7	0	1.104427688644481	-Inf	0	1	1	1
positive regulation of Wnt signaling pathway	GO:0030177		91	13	14.357559952378253	-0.09932727196972693	0.8129096848478663	0.6469771353489089	1	1
negative regulation of Wnt signaling pathway	GO:0030178		106	5	16.724190713759285	-1.2074183045923803	0.29468455378541514	0.9998198390703233	1	1
neuron differentiation	GO:0030182		199	11	31.397301434321673	-1.0488266748405355	0.34355054814914426	0.9999973926578364	1	1
B cell differentiation	GO:0030183		18	4	2.839956913657237	0.34250548030931227	1.142896492055841	0.31314145199972365	1	1
regulation of blood coagulation	GO:0030193		46	0	7.25766766823516	-Inf	0	1	1	1
positive regulation of blood coagulation	GO:0030194		14	0	2.208855377288962	-Inf	0	1	1	1
negative regulation of blood coagulation	GO:0030195		33	0	5.206587675038268	-Inf	0	1	1	1
extracellular matrix organization	GO:0030198		83	6	13.095356879641702	-0.7804982614829565	0.44349561023519674	0.9938186488723446	1	1
collagen fibril organization	GO:0030199		20	1	3.155507681841374	-1.1491493964684045	0.3118280657172801	0.9678129216089626	1	1
heparan sulfate proteoglycan catabolic process	GO:0030200		7	2	1.104427688644481	0.5938199085902184	1.355718486679157	0.3052018899455362	1	1
heparan sulfate proteoglycan metabolic process	GO:0030201		23	2	3.62883383411758	-0.595764158283618	0.5264801846721091	0.8978639028554195	1	1
glycosaminoglycan metabolic process	GO:0030203		46	6	7.25766766823516	-0.19029905017545348	0.7533910997393815	0.7345947869346332	1	1
hyaluronan metabolic process	GO:0030212		13	1	2.0510799931968933	-0.7183664803759503	0.47004679746433364	0.8726993542847484	1	1
hyaluronan biosynthetic process	GO:0030213		6	1	0.9466523045524122	0.054823407857531446	0.9206658936334867	0.5762657973197276	1	1
hyaluronan catabolic process	GO:0030214		7	0	1.104427688644481	-Inf	0	1	1	1
keratinocyte differentiation	GO:0030216		36	2	5.679913827314474	-1.0437888808105784	0.34522000318667345	0.9713618809532663	1	1
T cell differentiation	GO:0030217		36	5	5.679913827314474	-0.12749814893642322	0.7941484278932666	0.691524922639138	1	1
erythrocyte differentiation	GO:0030218		24	0	3.786609218209649	-Inf	0	1	1	1
megakaryocyte differentiation	GO:0030219		5	2	0.7888769204603435	0.9302921452114313	1.660243592711515	0.17926462372048302	1	1
platelet formation	GO:0030220		9	0	1.4199784568286185	-Inf	0	1	1	1
monocyte differentiation	GO:0030224		7	2	1.104427688644481	0.5938199085902184	1.355718486679157	0.3052018899455362	1	1
macrophage differentiation	GO:0030225		18	3	2.839956913657237	0.054823407857531446	0.9206658936334867	0.5571788177159394	1	1
myofibril assembly	GO:0030239		15	1	2.366630761381031	-0.8614673240166237	0.410882473242539	0.9239788612153117	1	1
autophagy of peroxisome	GO:0030242		6	2	0.9466523045524122	0.7479705884174768	1.4929330427012544	0.24189688327322753	1	1
lipid modification	GO:0030258		97	11	15.304212256930667	-0.33023282861942593	0.6679646781955855	0.9016781930396719	1	1
chromosome condensation	GO:0030261		17	2	2.682181529565168	-0.2934832864106844	0.6896729147432905	0.7439117686956334	1	1
apoptotic nuclear changes	GO:0030262		11	1	1.7355292250127559	-0.5513123957127841	0.5483037732141072	0.8488342349162374	1	1
maintenance of gastrointestinal epithelium	GO:0030277		8	2	1.2622030727365496	0.46028851596569575	1.240756211609746	0.3674088486818622	1	1
regulation of ossification	GO:0030278		51	3	8.046544588695504	-0.9866304669706296	0.3646928356437803	0.9913680021383623	1	1
negative regulation of ossification	GO:0030279		18	3	2.839956913657237	0.054823407857531446	0.9206658936334867	0.5571788177159394	1	1
bone mineralization	GO:0030282		7	2	1.104427688644481	0.5938199085902184	1.355718486679157	0.3052018899455362	1	1
intestinal cholesterol absorption	GO:0030299		7	0	1.104427688644481	-Inf	0	1	1	1
cholesterol transport	GO:0030301		47	6	7.4154430523272294	-0.21180525539641723	0.7397757016056515	0.7727510272778113	1	1
positive regulation of cell growth	GO:0030307		83	2	13.095356879641702	-1.879110550151066	0.1521383072704643	0.9999896298007881	1	1
negative regulation of cell growth	GO:0030308		88	6	13.884233800102047	-0.838994468164565	0.4197131307359128	0.9961260093065064	1	1
poly-N-acetyllactosamine metabolic process	GO:0030309		5	1	0.7888769204603435	0.23714496465148602	1.0585560331525345	0.5762657973197276	1	1
poly-N-acetyllactosamine biosynthetic process	GO:0030311		5	1	0.7888769204603435	0.23714496465148602	1.0585560331525345	0.5762657973197276	1	1
osteoclast differentiation	GO:0030316		14	1	2.208855377288962	-0.7924744525296722	0.4385317160500693	0.9097242574396893	1	1
flagellated sperm motility	GO:0030317		37	6	5.837689211406543	0.02742443366941676	0.900897925698568	0.5399736009301055	1	1
melanocyte differentiation	GO:0030318		5	2	0.7888769204603435	0.9302921452114313	1.660243592711515	0.17926462372048302	1	1
transepithelial chloride transport	GO:0030321		7	0	1.104427688644481	-Inf	0	1	1	1
respiratory tube development	GO:0030323		15	1	2.366630761381031	-0.8614673240166237	0.410882473242539	0.9097242574396893	1	1
lung development	GO:0030324		15	1	2.366630761381031	-0.8614673240166237	0.410882473242539	0.9097242574396893	1	1
embryonic limb morphogenesis	GO:0030326		19	3	2.9977322977493053	7.561865872556224e-4	0.8819083927546117	0.595716910168776	1	1
DNA damage response, signal transduction by p53 class mediator	GO:0030330		33	6	5.206587675038268	0.14183478484716117	0.9851310298618374	0.4230691472309922	1	1
negative regulation of cell migration	GO:0030336		193	19	30.45064912976926	-0.4716683326528586	0.5892619227854546	0.9921437528199522	1	1
membrane disassembly	GO:0030397		11	0	1.7355292250127559	-Inf	0	1	1	1
siRNA processing	GO:0030422		7	0	1.104427688644481	-Inf	0	1	1	1
regulation of complement activation	GO:0030449		16	3	2.5244061454730993	0.17260644351391496	1.0085246724610224	0.4738960557783739	1	1
tRNA methylation	GO:0030488		26	2	4.1021599863937865	-0.7183664803759503	0.47004679746433364	0.922466050944612	1	1
maturation of SSU-rRNA	GO:0030490		7	0	1.104427688644481	-Inf	0	1	1	1
fatty acid elongation	GO:0030497		13	3	2.0510799931968933	0.38024580829215937	1.1738616425058435	0.33772642600449965	1	1
regulation of bone mineralization	GO:0030500		35	1	5.522138443222405	-1.7087651844038274	0.18011384023992916	0.9975609017020345	1	1
positive regulation of bone mineralization	GO:0030501		21	0	3.313283065933443	-Inf	0	1	1	1
negative regulation of bone mineralization	GO:0030502		7	1	1.104427688644481	-0.09932727196972693	0.8129096848478663	0.6994625284929428	1	1
BMP signaling pathway	GO:0030509		39	4	6.15323997959068	-0.43068440792416945	0.6112780014257958	0.870862629465618	1	1
regulation of BMP signaling pathway	GO:0030510		44	1	6.9421169000510234	-1.9376067568326747	0.1435547103451045	0.9994818472547372	1	1
positive regulation of transforming growth factor beta receptor signaling pathway	GO:0030511		21	1	3.313283065933443	-1.1979395606378367	0.29741149256349064	0.9728970148697752	1	1
negative regulation of transforming growth factor beta receptor signaling pathway	GO:0030512		50	4	7.8887692046034354	-0.6791457672226691	0.4875085810917311	0.9661421817713556	1	1
positive regulation of BMP signaling pathway	GO:0030513		10	0	1.577753840920687	-Inf	0	1	1	1
negative regulation of BMP signaling pathway	GO:0030514		30	1	4.733261522762062	-1.5546145045765691	0.20972987435944143	0.9942346046215891	1	1
regulation of axon extension	GO:0030516		15	2	2.366630761381031	-0.16832014345667848	0.7674866162952108	0.7101598045809759	1	1
negative regulation of axon extension	GO:0030517		5	1	0.7888769204603435	0.23714496465148602	1.0585560331525345	0.5762657973197276	1	1
nuclear receptor-mediated steroid hormone signaling pathway	GO:0030518		38	5	5.9954645954986105	-0.18156537020669897	0.7589703440642616	0.715204816656174	1	1
estrogen receptor signaling pathway	GO:0030520		16	2	2.5244061454730993	-0.23285866459424956	0.7266172585054973	0.7439117686956334	1	1
androgen receptor signaling pathway	GO:0030521		12	1	1.8933046091048245	-0.6383237727024138	0.506271076694502	0.8726993542847484	1	1
intracellular receptor signaling pathway	GO:0030522		113	16	17.828618402403766	-0.10821621938697304	0.8069580780907174	0.70673974235434045	1	1
adult behavior	GO:0030534		20	1	3.155507681841374	-1.1491493964684045	0.3118280657172801	0.9678129216089626	1	1
collagen catabolic process	GO:0030574		20	2	3.155507681841374	-0.4560022159084593	0.5976018042874566	0.8470652783357171	1	1
nuclear body organization	GO:0030575		12	1	1.8933046091048245	-0.6383237727024138	0.506271076694502	0.8726993542847484	1	1
PML body organization	GO:0030578		5	0	0.7888769204603435	-Inf	0	1	1	1
neutrophil chemotaxis	GO:0030593		26	2	4.1021599863937865	-0.7183664803759503	0.47004679746433364	0.922466050944612	1	1
leukocyte chemotaxis	GO:0030595		81	8	12.779806111457567	-0.4684247359070165	0.5909809726684209	0.9342353443763528	1	1
polyketide metabolic process	GO:0030638		10	0	1.577753840920687	-Inf	0	1	1	1
regulation of cellular pH	GO:0030641		44	7	6.9421169000510234	0.008303392222638501	0.8872571431156642	0.5281966018089976	1	1
intracellular phosphate ion homeostasis	GO:0030643		5	0	0.7888769204603435	-Inf	0	1	1	1
aminoglycoside antibiotic metabolic process	GO:0030647		9	0	1.4199784568286185	-Inf	0	1	1	1
regulation of vitamin metabolic process	GO:0030656		9	1	1.4199784568286185	-0.350641700250633	0.6561334090262664	0.7868500319994607	1	1
cytoskeleton-dependent intracellular transport	GO:0030705		65	10	10.255399965984466	-0.02521929981600501	0.8636537464594634	0.5871633381314149	1	1
regulation of nucleotide biosynthetic process	GO:0030808		10	2	1.577753840920687	0.23714496465148602	1.0585560331525345	0.4840271591401576	1	1
positive regulation of nucleotide biosynthetic process	GO:0030810		5	1	0.7888769204603435	0.23714496465148602	1.0585560331525345	0.5762657973197276	1	1
regulation of nucleotide catabolic process	GO:0030811		29	2	4.5754861386699925	-0.8275657723409423	0.42426863940338144	0.9558820733172542	1	1
negative regulation of nucleotide catabolic process	GO:0030812		8	0	1.2622030727365496	-Inf	0	1	1	1
positive regulation of nucleotide catabolic process	GO:0030813		13	1	2.0510799931968933	-0.7183664803759503	0.47004679746433364	0.8927979358372273	1	1
regulation of actin filament length	GO:0030832		60	4	9.466523045524124	-0.8614673240166237	0.410882473242539	0.9872076664704539	1	1
regulation of actin filament polymerization	GO:0030833		48	3	7.573218436419298	-0.9260058451541948	0.3864422976582265	0.9830462827531645	1	1
regulation of actin filament depolymerization	GO:0030834		18	1	2.839956913657237	-1.0437888808105784	0.34522000318667345	0.9546061989867662	1	1
negative regulation of actin filament depolymerization	GO:0030835		7	0	1.104427688644481	-Inf	0	1	1	1
positive regulation of actin filament depolymerization	GO:0030836		9	1	1.4199784568286185	-0.350641700250633	0.6561334090262664	0.7868500319994607	1	1
negative regulation of actin filament polymerization	GO:0030837		15	0	2.366630761381031	-Inf	0	1	1	1
positive regulation of actin filament polymerization	GO:0030838		25	2	3.9443846023017177	-0.6791457672226691	0.4875085810917311	0.8978639028554195	1	1
granulocyte differentiation	GO:0030851		10	0	1.577753840920687	-Inf	0	1	1	1
regulation of granulocyte differentiation	GO:0030852		10	1	1.577753840920687	-0.4560022159084593	0.5976018042874566	0.8204970178727164	1	1
negative regulation of granulocyte differentiation	GO:0030853		5	0	0.7888769204603435	-Inf	0	1	1	1
positive regulation of granulocyte differentiation	GO:0030854		6	1	0.9466523045524122	0.054823407857531446	0.9206658936334867	0.6431395801290278	1	1
epithelial cell differentiation	GO:0030855		139	5	21.93077838879755	-1.4784531436110049	0.2260597685872567	0.9999982115522862	1	1
regulation of epithelial cell differentiation	GO:0030856		63	1	9.939849197800328	-2.296551849305946	0.10043620562633877	0.9999670775726974	1	1
negative regulation of epithelial cell differentiation	GO:0030857		11	0	1.7355292250127559	-Inf	0	1	1	1
positive regulation of epithelial cell differentiation	GO:0030858		30	0	4.733261522762062	-Inf	0	1	1	1
polarized epithelial cell differentiation	GO:0030859		13	1	2.0510799931968933	-0.7183664803759503	0.47004679746433364	0.8927979358372273	1	1
cortical cytoskeleton organization	GO:0030865		18	0	2.839956913657237	-Inf	0	1	1	1
cortical actin cytoskeleton organization	GO:0030866		12	0	1.8933046091048245	-Inf	0	1	1	1
mammary gland development	GO:0030879		15	1	2.366630761381031	-0.8614673240166237	0.410882473242539	0.9239788612153117	1	1
regulation of B cell proliferation	GO:0030888		26	4	4.1021599863937865	-0.02521929981600501	0.8636537464594634	0.6045164994093895	1	1
negative regulation of B cell proliferation	GO:0030889		6	2	0.9466523045524122	0.7479705884174768	1.4929330427012544	0.24189688327322753	1	1
positive regulation of B cell proliferation	GO:0030890		19	2	2.9977322977493053	-0.40470892152090865	0.625564683896595	0.825558070733152	1	1
forebrain development	GO:0030900		38	6	5.9954645954986105	7.561865872556224e-4	0.8819083927546117	0.5399736009301055	1	1
midbrain development	GO:0030901		13	1	2.0510799931968933	-0.7183664803759503	0.47004679746433364	0.8726993542847484	1	1
hindbrain development	GO:0030902		5	1	0.7888769204603435	0.23714496465148602	1.0585560331525345	0.4968655625998786	1	1
regulation of vascular endothelial growth factor receptor signaling pathway	GO:0030947		16	0	2.5244061454730993	-Inf	0	1	1	1
negative regulation of vascular endothelial growth factor receptor signaling pathway	GO:0030948		5	0	0.7888769204603435	-Inf	0	1	1	1
positive regulation of vascular endothelial growth factor receptor signaling pathway	GO:0030949		11	0	1.7355292250127559	-Inf	0	1	1	1
astral microtubule organization	GO:0030953		10	0	1.577753840920687	-Inf	0	1	1	1
endoplasmic reticulum unfolded protein response	GO:0030968		32	2	5.0488122909461985	-0.9260058451541948	0.3864422976582265	0.9713618809532663	1	1
retrograde protein transport, ER to cytosol	GO:0030970		15	0	2.366630761381031	-Inf	0	1	1	1
pancreas development	GO:0031016		20	1	3.155507681841374	-1.1491493964684045	0.3118280657172801	0.9546061989867662	1	1
endocrine pancreas development	GO:0031018		11	0	1.7355292250127559	-Inf	0	1	1	1
microtubule organizing center organization	GO:0031023		79	10	12.464255343273429	-0.22027988238738952	0.734458737437638	0.8066835740842112	1	1
actomyosin structure organization	GO:0031032		42	3	6.626566131866886	-0.7924744525296722	0.4385317160500693	0.9712962240175609	1	1
regulatory ncRNA-mediated gene silencing	GO:0031047		62	10	9.78207381370826	0.022033585034540528	0.8970391862957164	0.47902677608554145	1	1
regulatory ncRNA-mediated heterochromatin formation	GO:0031048		5	0	0.7888769204603435	-Inf	0	1	1	1
primary miRNA processing	GO:0031053		11	1	1.7355292250127559	-0.5513123957127841	0.5483037732141072	0.8488342349162374	1	1
pre-miRNA processing	GO:0031054		13	4	2.0510799931968933	0.6679278807439403	1.4211362069025828	0.13593630633683412	1	1
stress-activated protein kinase signaling cascade	GO:0031098		17	2	2.682181529565168	-0.2934832864106844	0.6896729147432905	0.7742325480643975	1	1
regeneration	GO:0031099		7	2	1.104427688644481	0.5938199085902184	1.355718486679157	0.3052018899455362	1	1
microtubule polymerization or depolymerization	GO:0031109		31	4	4.89103690685413	-0.2011099662796692	0.7465248685943383	0.7188622108089069	1	1
regulation of microtubule polymerization or depolymerization	GO:0031110		57	4	8.993196893247916	-0.810174029629073	0.4312853961499818	0.9855115233714395	1	1
negative regulation of microtubule polymerization or depolymerization	GO:0031111		22	0	3.4710584500255117	-Inf	0	1	1	1
positive regulation of microtubule polymerization or depolymerization	GO:0031112		27	2	4.259935370485855	-0.7561068083587973	0.4537583768674764	0.9414003783632222	1	1
regulation of microtubule polymerization	GO:0031113		43	4	6.784341515958955	-0.5283228774880856	0.5598804746503361	0.9245079550988751	1	1
regulation of microtubule depolymerization	GO:0031114		15	0	2.366630761381031	-Inf	0	1	1	1
negative regulation of microtubule polymerization	GO:0031115		10	0	1.577753840920687	-Inf	0	1	1	1
positive regulation of microtubule polymerization	GO:0031116		24	2	3.786609218209649	-0.6383237727024138	0.506271076694502	0.910958947514297	1	1
tRNA pseudouridine synthesis	GO:0031119		5	0	0.7888769204603435	-Inf	0	1	1	1
cytoplasmic microtubule organization	GO:0031122		29	1	4.5754861386699925	-1.5207129529008876	0.2168524305575589	0.9931524507578191	1	1
RNA 3'-end processing	GO:0031123		41	2	6.468790747774817	-1.1738420090587762	0.30445163950702736	0.9912179496251572	1	1
mRNA 3'-end processing	GO:0031124		20	0	3.155507681841374	-Inf	0	1	1	1
anaphase-promoting complex-dependent catabolic process	GO:0031145		20	1	3.155507681841374	-1.1491493964684045	0.3118280657172801	0.9678129216089626	1	1
SCF-dependent proteasomal ubiquitin-dependent protein catabolic process	GO:0031146		22	2	3.4710584500255117	-0.5513123957127841	0.5483037732141072	0.8661310563927106	1	1
metallo-sulfur cluster assembly	GO:0031163		15	0	2.366630761381031	-Inf	0	1	1	1
rRNA methylation	GO:0031167		14	0	2.208855377288962	-Inf	0	1	1	1
neuron projection development	GO:0031175		128	8	20.195249163784794	-0.9260058451541948	0.3864422976582265	0.9996672219456216	1	1
biomineral tissue development	GO:0031214		16	3	2.5244061454730993	0.17260644351391496	1.0085246724610224	0.4738960557783739	1	1
auditory behavior	GO:0031223		9	0	1.4199784568286185	-Inf	0	1	1	1
regulation of pseudopodium assembly	GO:0031272		9	0	1.4199784568286185	-Inf	0	1	1	1
positive regulation of pseudopodium assembly	GO:0031274		9	0	1.4199784568286185	-Inf	0	1	1	1
positive regulation of cyclase activity	GO:0031281		20	3	3.155507681841374	-0.050537107800294925	0.8460936236395288	0.595716910168776	1	1
membrane protein intracellular domain proteolysis	GO:0031293		11	0	1.7355292250127559	-Inf	0	1	1	1
lymphocyte costimulation	GO:0031294		29	1	4.5754861386699925	-1.5207129529008876	0.2168524305575589	0.9931524507578191	1	1
T cell costimulation	GO:0031295		28	1	4.417710754577924	-1.4856216330896175	0.22447173104470095	0.9918672653288341	1	1
replication fork processing	GO:0031297		40	8	6.311015363682748	0.23714496465148602	1.0585560331525345	0.2661481132163096	1	1
negative regulation of protein-containing complex assembly	GO:0031333		83	7	13.095356879641702	-0.6263475816556981	0.5118905971395131	0.9795479038443713	1	1
positive regulation of protein-containing complex assembly	GO:0031334		135	9	21.299676852429275	-0.8614673240166236	0.4108824732425391	0.9994917324835718	1	1
regulation of vesicle fusion	GO:0031338		8	1	1.2622030727365496	-0.23285866459424956	0.7266172585054973	0.7468987684659543	1	1
positive regulation of vesicle fusion	GO:0031340		6	1	0.9466523045524122	0.054823407857531446	0.9206658936334867	0.6431395801290278	1	1
regulation of cell killing	GO:0031341		67	7	10.570950734168603	-0.41219959325006633	0.6214182038332541	0.9134050588126992	1	1
negative regulation of cell killing	GO:0031342		28	2	4.417710754577924	-0.7924744525296722	0.4385317160500693	0.9491310581323991	1	1
positive regulation of cell killing	GO:0031343		34	3	5.364363059130336	-0.5811653588624653	0.5335663291867041	0.9112341226524642	1	1
negative regulation of cell projection organization	GO:0031345		59	6	9.308747661432054	-0.4391950975920781	0.6066533243099425	0.9127489093851573	1	1
positive regulation of cell projection organization	GO:0031346		124	7	19.56414762741652	-1.0277885394641373	0.3505721496895134	0.9998189699585541	1	1
negative regulation of defense response	GO:0031348		165	14	26.03293837519134	-0.6203052671997358	0.5147457442268095	0.9976540425606866	1	1
N-terminal protein amino acid modification	GO:0031365		17	0	2.682181529565168	-Inf	0	1	1	1
regulation of protein ubiquitination	GO:0031396		142	13	22.404104541073757	-0.5442948230541376	0.5518165156813781	0.9901852250986728	1	1
negative regulation of protein ubiquitination	GO:0031397		54	5	8.51987074097171	-0.5329632570445876	0.5575277343592802	0.9425675677022974	1	1
positive regulation of protein ubiquitination	GO:0031398		81	6	12.779806111457567	-0.7561068083587975	0.4537583768674762	0.9890738427544729	1	1
negative regulation of protein modification process	GO:0031400		161	16	25.401836838823062	-0.4622327656590953	0.5942737471685225	0.9860531100557257	1	1
keratinization	GO:0031424		7	0	1.104427688644481	-Inf	0	1	1	1
regulation of mRNA 3'-end processing	GO:0031440		8	0	1.2622030727365496	-Inf	0	1	1	1
regulation of heterochromatin formation	GO:0031445		7	0	1.104427688644481	-Inf	0	1	1	1
nuclear membrane reassembly	GO:0031468		21	1	3.313283065933443	-1.1979395606378367	0.29741149256349064	0.9460927581740545	1	1
protein-containing complex localization	GO:0031503		47	11	7.4154430523272294	0.3943305481738983	1.1855146370268694	0.1114143670636143	1	1
heterochromatin formation	GO:0031507		44	8	6.9421169000510234	0.14183478484716117	0.9851310298618374	0.3658659376786254	1	1
ruffle organization	GO:0031529		12	0	1.8933046091048245	-Inf	0	1	1	1
regulation of termination of DNA-templated transcription	GO:0031554		6	1	0.9466523045524122	0.054823407857531446	0.9206658936334867	0.6431395801290278	1	1
DNA integrity checkpoint signaling	GO:0031570		78	5	12.30647995918136	-0.9006880371699051	0.39586910468873554	0.9948274854720729	1	1
mitotic G1 DNA damage checkpoint signaling	GO:0031571		14	0	2.208855377288962	-Inf	0	1	1	1
mitotic intra-S DNA damage checkpoint signaling	GO:0031573		6	1	0.9466523045524122	0.054823407857531446	0.9206658936334867	0.6431395801290278	1	1
spindle checkpoint signaling	GO:0031577		21	1	3.313283065933443	-1.1979395606378367	0.29741149256349064	0.9728970148697752	1	1
membrane raft organization	GO:0031579		16	1	2.5244061454730993	-0.9260058451541948	0.3864422976582265	0.9239788612153117	1	1
hemidesmosome assembly	GO:0031581		5	1	0.7888769204603435	0.23714496465148602	1.0585560331525345	0.5762657973197276	1	1
cell-substrate adhesion	GO:0031589		98	7	15.461987641022734	-0.7924744525296722	0.4385317160500693	0.9967780582662585	1	1
receptor internalization	GO:0031623		40	3	6.311015363682748	-0.7436842883602403	0.45906466252030825	0.9628434134859871	1	1
zymogen activation	GO:0031638		19	1	2.9977322977493053	-1.097856102080854	0.32768935881794536	0.9617755394453003	1	1
plasminogen activation	GO:0031639		9	0	1.4199784568286185	-Inf	0	1	1	1
killing of cells of another organism	GO:0031640		82	0	12.937581495549635	-Inf	0	1	1	1
regulation of myelination	GO:0031641		5	0	0.7888769204603435	-Inf	0	1	1	1
regulation of nervous system process	GO:0031644		20	1	3.155507681841374	-1.1491493964684045	0.3118280657172801	0.9546061989867662	1	1
positive regulation of nervous system process	GO:0031646		6	1	0.9466523045524122	0.054823407857531446	0.9206658936334867	0.5762657973197276	1	1
protein destabilization	GO:0031648		38	2	5.9954645954986105	-1.097856102080854	0.32768935881794536	0.988157455771919	1	1
lipopolysaccharide-mediated signaling pathway	GO:0031663		10	1	1.577753840920687	-0.4560022159084593	0.5976018042874566	0.8204970178727164	1	1
regulation of lipopolysaccharide-mediated signaling pathway	GO:0031664		21	4	3.313283065933443	0.18835480048205394	1.0206137216517617	0.31314145199972365	1	1
negative regulation of lipopolysaccharide-mediated signaling pathway	GO:0031665		13	2	2.0510799931968933	-0.02521929981600501	0.8636537464594634	0.4840271591401576	1	1
response to nutrient levels	GO:0031667		162	14	25.559612222915135	-0.6019561285315391	0.5234985006530579	0.997169623938072	1	1
cellular response to nutrient levels	GO:0031669		130	11	20.510799931968933	-0.6230563005716255	0.5134441494433022	0.9952490678613826	1	1
cellular response to nutrient	GO:0031670		18	3	2.839956913657237	0.054823407857531446	0.9206658936334867	0.5571788177159394	1	1
protection from non-homologous end joining at telomere	GO:0031848		5	0	0.7888769204603435	-Inf	0	1	1	1
TOR signaling	GO:0031929		16	1	2.5244061454730993	-0.9260058451541948	0.3864422976582265	0.9359833340499569	1	1
regulation of glucocorticoid metabolic process	GO:0031943		8	0	1.2622030727365496	-Inf	0	1	1	1
regulation of glucocorticoid biosynthetic process	GO:0031946		7	0	1.104427688644481	-Inf	0	1	1	1
regulation of protein autophosphorylation	GO:0031952		12	0	1.8933046091048245	-Inf	0	1	1	1
positive regulation of protein autophosphorylation	GO:0031954		8	0	1.2622030727365496	-Inf	0	1	1	1
response to corticosteroid	GO:0031960		19	1	2.9977322977493053	-1.097856102080854	0.32768935881794536	0.9617755394453003	1	1
regulation of fatty acid beta-oxidation	GO:0031998		11	1	1.7355292250127559	-0.5513123957127841	0.5483037732141072	0.8488342349162374	1	1
positive regulation of fatty acid beta-oxidation	GO:0032000		7	0	1.104427688644481	-Inf	0	1	1	1
regulation of TOR signaling	GO:0032006		130	9	20.510799931968933	-0.8237269960337766	0.4258086270445706	0.999285377030126	1	1
negative regulation of TOR signaling	GO:0032007		55	4	8.677646125063779	-0.7744559470269939	0.44601875289096643	0.9814576218639903	1	1
positive regulation of TOR signaling	GO:0032008		66	3	10.413175350076536	-1.2444595762727295	0.28425313097344823	0.9989545822722106	1	1
ISG15-protein conjugation	GO:0032020		6	1	0.9466523045524122	0.054823407857531446	0.9206658936334867	0.6431395801290278	1	1
positive regulation of insulin secretion	GO:0032024		19	2	2.9977322977493053	-0.40470892152090865	0.625564683896595	0.825558070733152	1	1
mitochondrial DNA metabolic process	GO:0032042		14	1	2.208855377288962	-0.7924744525296722	0.4385317160500693	0.9097242574396893	1	1
cardiolipin metabolic process	GO:0032048		9	1	1.4199784568286185	-0.350641700250633	0.6561334090262664	0.7868500319994607	1	1
negative regulation of translation in response to stress	GO:0032055		6	1	0.9466523045524122	0.054823407857531446	0.9206658936334867	0.6431395801290278	1	1
positive regulation of translation in response to stress	GO:0032056		5	0	0.7888769204603435	-Inf	0	1	1	1
bleb assembly	GO:0032060		7	2	1.104427688644481	0.5938199085902184	1.355718486679157	0.3052018899455362	1	1
regulation of endodeoxyribonuclease activity	GO:0032071		7	2	1.104427688644481	0.5938199085902184	1.355718486679157	0.3052018899455362	1	1
positive regulation of nuclease activity	GO:0032075		5	0	0.7888769204603435	-Inf	0	1	1	1
negative regulation of NF-kappaB transcription factor activity	GO:0032088		46	6	7.25766766823516	-0.19029905017545348	0.7533910997393815	0.6920929229107594	1	1
negative regulation of protein binding	GO:0032091		42	0	6.626566131866886	-Inf	0	1	1	1
positive regulation of protein binding	GO:0032092		23	1	3.62883383411758	-1.2889113388435631	0.2721969180173993	0.9807834954904975	1	1
regulation of response to nutrient levels	GO:0032107		9	1	1.4199784568286185	-0.350641700250633	0.6561334090262664	0.7468987684659543	1	1
activation of protein kinase activity	GO:0032147		31	2	4.89103690685413	-0.8942571468396145	0.3982964377488585	0.9617699887084894	1	1
activation of protein kinase B activity	GO:0032148		7	0	1.104427688644481	-Inf	0	1	1	1
telomere organization	GO:0032200		69	6	10.88650150235274	-0.595764158283618	0.5264801846721091	0.9560245766526773	1	1
telomere maintenance via semi-conservative replication	GO:0032201		5	0	0.7888769204603435	-Inf	0	1	1	1
regulation of telomere maintenance	GO:0032204		79	4	12.464255343273429	-1.1365706142615446	0.31564989117074377	0.9987797820901849	1	1
negative regulation of telomere maintenance	GO:0032205		35	2	5.522138443222405	-1.0156180038438822	0.3546943719593138	0.9713618809532663	1	1
positive regulation of telomere maintenance	GO:0032206		46	3	7.25766766823516	-0.8834462307353987	0.40240725407852046	0.9830462827531645	1	1
regulation of telomere maintenance via telomerase	GO:0032210		42	1	6.626566131866886	-1.891086741197782	0.15034073964139763	0.9989683943616541	1	1
negative regulation of telomere maintenance via telomerase	GO:0032211		22	0	3.4710584500255117	-Inf	0	1	1	1
positive regulation of telomere maintenance via telomerase	GO:0032212		19	0	2.9977322977493053	-Inf	0	1	1	1
regulation of actin filament bundle assembly	GO:0032231		66	4	10.413175350076536	-0.9567775038209486	0.3752592248846453	0.9953917144422615	1	1
negative regulation of actin filament bundle assembly	GO:0032232		21	1	3.313283065933443	-1.1979395606378367	0.29741149256349064	0.9728970148697752	1	1
positive regulation of actin filament bundle assembly	GO:0032233		39	2	6.15323997959068	-1.1238315884841148	0.3195650808598268	0.9897992228181987	1	1
activation of store-operated calcium channel activity	GO:0032237		5	0	0.7888769204603435	-Inf	0	1	1	1
adenosine transport	GO:0032238		5	0	0.7888769204603435	-Inf	0	1	1	1
regulation of nucleobase-containing compound transport	GO:0032239		15	2	2.366630761381031	-0.16832014345667848	0.7674866162952108	0.7101598045809759	1	1
methylation	GO:0032259		96	9	15.146436872838596	-0.5205407370460303	0.5638443550198389	0.9646915463211265	1	1
purine nucleotide salvage	GO:0032261		5	1	0.7888769204603435	0.23714496465148602	1.0585560331525345	0.5762657973197276	1	1
regulation of protein polymerization	GO:0032271		95	7	14.988661488746528	-0.7613838654596412	0.4515205594013098	0.9943426313881254	1	1
negative regulation of protein polymerization	GO:0032272		25	0	3.9443846023017177	-Inf	0	1	1	1
positive regulation of protein polymerization	GO:0032273		53	4	8.362095356879642	-0.737414675346645	0.46176323174198897	0.9699298910742504	1	1
regulation of gonadotropin secretion	GO:0032276		5	0	0.7888769204603435	-Inf	0	1	1	1
regulation of icosanoid secretion	GO:0032303		5	0	0.7888769204603435	-Inf	0	1	1	1
icosanoid secretion	GO:0032309		11	1	1.7355292250127559	-0.5513123957127841	0.5483037732141072	0.8204970178727164	1	1
molybdopterin cofactor biosynthetic process	GO:0032324		5	2	0.7888769204603435	0.9302921452114313	1.660243592711515	0.17926462372048302	1	1
alanine transport	GO:0032328		12	0	1.8933046091048245	-Inf	0	1	1	1
regulation of chondrocyte differentiation	GO:0032330		13	0	2.0510799931968933	-Inf	0	1	1	1
negative regulation of chondrocyte differentiation	GO:0032331		7	0	1.104427688644481	-Inf	0	1	1	1
positive regulation of chondrocyte differentiation	GO:0032332		7	0	1.104427688644481	-Inf	0	1	1	1
regulation of aldosterone metabolic process	GO:0032344		7	0	1.104427688644481	-Inf	0	1	1	1
regulation of aldosterone biosynthetic process	GO:0032347		7	0	1.104427688644481	-Inf	0	1	1	1
regulation of hormone metabolic process	GO:0032350		21	0	3.313283065933443	-Inf	0	1	1	1
negative regulation of hormone metabolic process	GO:0032351		7	0	1.104427688644481	-Inf	0	1	1	1
positive regulation of hormone metabolic process	GO:0032352		8	0	1.2622030727365496	-Inf	0	1	1	1
negative regulation of hormone biosynthetic process	GO:0032353		5	0	0.7888769204603435	-Inf	0	1	1	1
response to estradiol	GO:0032355		22	3	3.4710584500255117	-0.14584728760461974	0.7820869716603195	0.697540469218688	1	1
intracellular lipid transport	GO:0032365		26	3	4.1021599863937865	-0.3129013722677859	0.6781377884159226	0.8013373570208429	1	1
intracellular sterol transport	GO:0032366		16	2	2.5244061454730993	-0.23285866459424956	0.7266172585054973	0.7439117686956334	1	1
intracellular cholesterol transport	GO:0032367		16	2	2.5244061454730993	-0.23285866459424956	0.7266172585054973	0.7439117686956334	1	1
regulation of lipid transport	GO:0032368		77	3	12.14870457508929	-1.3986102560999878	0.24449667185981566	0.9997573871126453	1	1
negative regulation of lipid transport	GO:0032369		21	0	3.313283065933443	-Inf	0	1	1	1
positive regulation of lipid transport	GO:0032370		46	2	7.25766766823516	-1.2889113388435631	0.2721969180173993	0.9958757750772482	1	1
regulation of sterol transport	GO:0032371		43	3	6.784341515958955	-0.8160049499398664	0.428921501412316	0.9748053441864623	1	1
negative regulation of sterol transport	GO:0032372		10	0	1.577753840920687	-Inf	0	1	1	1
positive regulation of sterol transport	GO:0032373		26	2	4.1021599863937865	-0.7183664803759503	0.47004679746433364	0.9325601087715927	1	1
regulation of cholesterol transport	GO:0032374		43	3	6.784341515958955	-0.8160049499398664	0.428921501412316	0.9748053441864623	1	1
negative regulation of cholesterol transport	GO:0032375		10	0	1.577753840920687	-Inf	0	1	1	1
positive regulation of cholesterol transport	GO:0032376		26	2	4.1021599863937865	-0.7183664803759503	0.47004679746433364	0.9325601087715927	1	1
regulation of intracellular lipid transport	GO:0032377		8	1	1.2622030727365496	-0.23285866459424956	0.7266172585054973	0.7468987684659543	1	1
regulation of intracellular sterol transport	GO:0032380		8	1	1.2622030727365496	-0.23285866459424956	0.7266172585054973	0.7468987684659543	1	1
regulation of intracellular cholesterol transport	GO:0032383		8	1	1.2622030727365496	-0.23285866459424956	0.7266172585054973	0.7468987684659543	1	1
regulation of intracellular transport	GO:0032386		175	19	27.610692216112025	-0.37376411767148726	0.6429227616294628	0.9720308663319766	1	1
negative regulation of intracellular transport	GO:0032387		40	3	6.311015363682748	-0.7436842883602403	0.45906466252030825	0.9628434134859871	1	1
positive regulation of intracellular transport	GO:0032388		86	10	13.56868303191791	-0.3051793261738758	0.6827076352391153	0.8815089111513994	1	1
melanosome localization	GO:0032400		7	0	1.104427688644481	-Inf	0	1	1	1
regulation of transporter activity	GO:0032409		77	5	12.14870457508929	-0.8877846323339971	0.40075302299535337	0.9934008277843771	1	1
negative regulation of transporter activity	GO:0032410		27	1	4.259935370485855	-1.4492539889187426	0.23264116201088111	0.9903409722146757	1	1
positive regulation of transporter activity	GO:0032411		34	4	5.364363059130336	-0.2934832864106844	0.6896729147432905	0.743267773347741	1	1
regulation of monoatomic ion transmembrane transporter activity	GO:0032412		69	5	10.88650150235274	-0.7780857150775725	0.444501529160009	0.9829862543531729	1	1
negative regulation of ion transmembrane transporter activity	GO:0032413		23	1	3.62883383411758	-1.2889113388435631	0.2721969180173993	0.9807834954904975	1	1
positive regulation of ion transmembrane transporter activity	GO:0032414		31	4	4.89103690685413	-0.2011099662796692	0.7465248685943383	0.6650167181454056	1	1
lysosome localization	GO:0032418		34	1	5.364363059130336	-1.679777647530575	0.1853522859633019	0.9959130147489164	1	1
regulation of proteasomal ubiquitin-dependent protein catabolic process	GO:0032434		86	9	13.56868303191791	-0.410539841831702	0.6223351056612533	0.9293546044486763	1	1
negative regulation of proteasomal ubiquitin-dependent protein catabolic process	GO:0032435		29	4	4.5754861386699925	-0.13441859178099705	0.789584647474739	0.6927811726651645	1	1
positive regulation of proteasomal ubiquitin-dependent protein catabolic process	GO:0032436		49	5	7.730993820511367	-0.43579950859093985	0.6084951492391398	0.8942103884644784	1	1
melanosome organization	GO:0032438		15	3	2.366630761381031	0.23714496465148582	1.0585560331525345	0.42962943276280896	1	1
endocytic recycling	GO:0032456		43	5	6.784341515958955	-0.3051793261738758	0.6827076352391153	0.8301388239228664	1	1
regulation of protein oligomerization	GO:0032459		5	0	0.7888769204603435	-Inf	0	1	1	1
regulation of cytokinesis	GO:0032465		79	5	12.464255343273429	-0.9134270629473348	0.39110017321449897	0.9959557320523482	1	1
positive regulation of cytokinesis	GO:0032467		39	2	6.15323997959068	-1.1238315884841148	0.3195650808598268	0.9862589199278997	1	1
endoplasmic reticulum calcium ion homeostasis	GO:0032469		18	1	2.839956913657237	-1.0437888808105784	0.34522000318667345	0.9460927581740545	1	1
regulation of type I interferon production	GO:0032479		97	8	15.304212256930667	-0.6486865597379606	0.5014508788500803	0.9881971619549612	1	1
negative regulation of type I interferon production	GO:0032480		35	4	5.522138443222405	-0.32247082328393684	0.6725064828415734	0.8067601788730798	1	1
positive regulation of type I interferon production	GO:0032481		57	3	8.993196893247916	-1.097856102080854	0.32768935881794536	0.995674124344625	1	1
Rap protein signal transduction	GO:0032486		5	0	0.7888769204603435	-Inf	0	1	1	1
regulation of Cdc42 protein signal transduction	GO:0032489		8	1	1.2622030727365496	-0.23285866459424956	0.7266172585054973	0.7468987684659543	1	1
detection of molecule of bacterial origin	GO:0032490		10	4	1.577753840920687	0.9302921452114313	1.660243592711515	0.058650810918300204	1	1
response to bacterial lipoprotein	GO:0032493		5	0	0.7888769204603435	-Inf	0	1	1	1
response to peptidoglycan	GO:0032494		5	1	0.7888769204603435	0.23714496465148602	1.0585560331525345	0.5762657973197276	1	1
response to muramyl dipeptide	GO:0032495		13	1	2.0510799931968933	-0.7183664803759503	0.47004679746433364	0.8726993542847484	1	1
response to lipopolysaccharide	GO:0032496		89	6	14.042009184194114	-0.8502940234184984	0.4152520214064743	0.9956420224990035	1	1
cytokinetic process	GO:0032506		35	2	5.522138443222405	-1.0156180038438822	0.3546943719593138	0.9668989887351941	1	1
maintenance of protein location in cell	GO:0032507		37	6	5.837689211406543	0.02742443366941676	0.900897925698568	0.5399736009301055	1	1
endosome transport via multivesicular body sorting pathway	GO:0032509		10	0	1.577753840920687	-Inf	0	1	1	1
endosome to lysosome transport via multivesicular body sorting pathway	GO:0032510		6	0	0.9466523045524122	-Inf	0	1	1	1
response to retinoic acid	GO:0032526		29	2	4.5754861386699925	-0.8275657723409423	0.42426863940338144	0.9558820733172542	1	1
protein exit from endoplasmic reticulum	GO:0032527		23	0	3.62883383411758	-Inf	0	1	1	1
microvillus organization	GO:0032528		14	0	2.208855377288962	-Inf	0	1	1	1
regulation of microvillus organization	GO:0032530		7	0	1.104427688644481	-Inf	0	1	1	1
regulation of cellular component size	GO:0032535		137	9	21.615227620613414	-0.8761734714063192	0.4051941379198947	0.9995958861640994	1	1
mitochondrial translation	GO:0032543		22	0	3.4710584500255117	-Inf	0	1	1	1
response to progesterone	GO:0032570		11	1	1.7355292250127559	-0.5513123957127841	0.5483037732141072	0.8204970178727164	1	1
regulation of chemokine production	GO:0032642		59	9	9.308747661432054	-0.03372998948391369	0.8577251102592532	0.5323221700555106	1	1
regulation of granulocyte macrophage colony-stimulating factor production	GO:0032645		13	1	2.0510799931968933	-0.7183664803759503	0.47004679746433364	0.8726993542847484	1	1
regulation of interferon-alpha production	GO:0032647		22	3	3.4710584500255117	-0.14584728760461974	0.7820869716603195	0.697540469218688	1	1
regulation of interferon-beta production	GO:0032648		43	2	6.784341515958955	-1.2214700580480309	0.2906854261968122	0.9944124196389234	1	1
regulation of type II interferon production	GO:0032649		67	8	10.570950734168603	-0.27866820062554376	0.6985710997384783	0.8379902501280544	1	1
regulation of interleukin-1 beta production	GO:0032651		59	7	9.308747661432054	-0.28504441776481976	0.6947311090637719	0.8300935841170695	1	1
regulation of interleukin-1 production	GO:0032652		69	8	10.88650150235274	-0.30808208583183694	0.6809871150162635	0.8611057729251059	1	1
regulation of interleukin-10 production	GO:0032653		37	4	5.837689211406543	-0.3780406744387476	0.6405019578056915	0.8568312760280459	1	1
regulation of interleukin-12 production	GO:0032655		34	4	5.364363059130336	-0.2934832864106844	0.6896729147432905	0.8067601788730798	1	1
regulation of interleukin-13 production	GO:0032656		12	0	1.8933046091048245	-Inf	0	1	1	1
regulation of interleukin-17 production	GO:0032660		24	4	3.786609218209649	0.054823407857531446	0.9206658936334867	0.5023746387806436	1	1
regulation of interleukin-2 production	GO:0032663		37	2	5.837689211406543	-1.0711878549986928	0.3362302277386233	0.9840650842904615	1	1
regulation of interleukin-23 production	GO:0032667		5	0	0.7888769204603435	-Inf	0	1	1	1
regulation of interleukin-4 production	GO:0032673		14	0	2.208855377288962	-Inf	0	1	1	1
regulation of interleukin-5 production	GO:0032674		10	0	1.577753840920687	-Inf	0	1	1	1
regulation of interleukin-6 production	GO:0032675		81	7	12.779806111457567	-0.6019561285315391	0.5234985006530579	0.9773434008261248	1	1
regulation of interleukin-8 production	GO:0032677		79	10	12.464255343273429	-0.22027988238738952	0.734458737437638	0.7935764503554861	1	1
regulation of tumor necrosis factor production	GO:0032680		96	8	15.146436872838596	-0.6383237727024138	0.506271076694502	0.9881971619549612	1	1
negative regulation of chemokine production	GO:0032682		14	1	2.208855377288962	-0.7924744525296722	0.4385317160500693	0.8927979358372273	1	1
negative regulation of interferon-beta production	GO:0032688		9	0	1.4199784568286185	-Inf	0	1	1	1
negative regulation of type II interferon production	GO:0032689		22	3	3.4710584500255117	-0.14584728760461974	0.7820869716603195	0.6659403867942789	1	1
negative regulation of interleukin-1 beta production	GO:0032691		23	1	3.62883383411758	-1.2889113388435631	0.2721969180173993	0.9771782958107115	1	1
negative regulation of interleukin-1 production	GO:0032692		26	1	4.1021599863937865	-1.4115136609358956	0.2414219726866582	0.9863757326715852	1	1
negative regulation of interleukin-10 production	GO:0032693		13	1	2.0510799931968933	-0.7183664803759503	0.47004679746433364	0.8927979358372273	1	1
negative regulation of interleukin-12 production	GO:0032695		11	1	1.7355292250127559	-0.5513123957127841	0.5483037732141072	0.8488342349162374	1	1
negative regulation of interleukin-17 production	GO:0032700		8	1	1.2622030727365496	-0.23285866459424956	0.7266172585054973	0.6994625284929428	1	1
negative regulation of interleukin-2 production	GO:0032703		17	2	2.682181529565168	-0.2934832864106844	0.6896729147432905	0.7742325480643975	1	1
negative regulation of interleukin-6 production	GO:0032715		22	0	3.4710584500255117	-Inf	0	1	1	1
negative regulation of interleukin-8 production	GO:0032717		14	2	2.208855377288962	-0.09932727196972693	0.8129096848478663	0.6727557550052204	1	1
negative regulation of tumor necrosis factor production	GO:0032720		41	1	6.468790747774817	-1.8669891896187214	0.15397921227314784	0.9989683943616541	1	1
positive regulation of chemokine production	GO:0032722		48	8	7.573218436419298	0.054823407857531446	0.9206658936334867	0.4171274196007282	1	1
positive regulation of granulocyte macrophage colony-stimulating factor production	GO:0032725		11	1	1.7355292250127559	-0.5513123957127841	0.5483037732141072	0.8488342349162374	1	1
positive regulation of interferon-alpha production	GO:0032727		19	3	2.9977322977493053	7.561865872556224e-4	0.8819083927546117	0.595716910168776	1	1
positive regulation of interferon-beta production	GO:0032728		33	2	5.206587675038268	-0.9567775038209486	0.3752592248846453	0.9752410911662213	1	1
positive regulation of type II interferon production	GO:0032729		45	5	7.099892284143093	-0.350641700250633	0.6561334090262664	0.8588488944977704	1	1
positive regulation of interleukin-1 beta production	GO:0032731		39	7	6.15323997959068	0.12893138001125315	0.975412456386123	0.42011210019060863	1	1
positive regulation of interleukin-1 production	GO:0032732		46	8	7.25766766823516	0.09738302227632739	0.9518814280071203	0.44271323053633427	1	1
positive regulation of interleukin-10 production	GO:0032733		25	3	3.9443846023017177	-0.2736806591145047	0.701585653260422	0.7786272580656751	1	1
positive regulation of interleukin-12 production	GO:0032735		20	3	3.155507681841374	-0.050537107800294925	0.8460936236395288	0.6319932023100667	1	1
positive regulation of interleukin-13 production	GO:0032736		8	0	1.2622030727365496	-Inf	0	1	1	1
positive regulation of interleukin-17 production	GO:0032740		17	3	2.682181529565168	0.11198182169747993	0.962729308239504	0.5165059234299028	1	1
positive regulation of interleukin-2 production	GO:0032743		19	0	2.9977322977493053	-Inf	0	1	1	1
positive regulation of interleukin-4 production	GO:0032753		9	0	1.4199784568286185	-Inf	0	1	1	1
positive regulation of interleukin-5 production	GO:0032754		5	0	0.7888769204603435	-Inf	0	1	1	1
positive regulation of interleukin-6 production	GO:0032755		56	7	8.835421509155848	-0.23285866459424956	0.7266172585054973	0.7857666144719497	1	1
positive regulation of interleukin-8 production	GO:0032757		62	8	9.78207381370826	-0.2011099662796692	0.7465248685943383	0.7828092538184434	1	1
positive regulation of tumor necrosis factor production	GO:0032760		54	7	8.51987074097171	-0.19649102042337466	0.7494530353834133	0.7692012099613665	1	1
negative regulation of ATP-dependent activity	GO:0032780		12	0	1.8933046091048245	-Inf	0	1	1	1
positive regulation of ATP-dependent activity	GO:0032781		18	0	2.839956913657237	-Inf	0	1	1	1
regulation of DNA-templated transcription elongation	GO:0032784		41	1	6.468790747774817	-1.8669891896187214	0.15397921227314784	0.9987746332432417	1	1
negative regulation of DNA-templated transcription, elongation	GO:0032785		20	0	3.155507681841374	-Inf	0	1	1	1
positive regulation of DNA-templated transcription, elongation	GO:0032786		23	1	3.62883383411758	-1.2889113388435631	0.2721969180173993	0.9771782958107115	1	1
ribosome disassembly	GO:0032790		40	5	6.311015363682748	-0.23285866459424956	0.7266172585054973	0.7783609127867872	1	1
receptor catabolic process	GO:0032801		14	3	2.208855377288962	0.3061378361384375	1.1134256698778522	0.33772642600449965	1	1
regulation of low-density lipoprotein particle receptor catabolic process	GO:0032803		5	0	0.7888769204603435	-Inf	0	1	1	1
regulation of natural killer cell activation	GO:0032814		17	1	2.682181529565168	-0.9866304669706297	0.36469283564378024	0.9460927581740545	1	1
positive regulation of natural killer cell activation	GO:0032816		11	0	1.7355292250127559	-Inf	0	1	1	1
regulation of natural killer cell proliferation	GO:0032817		10	0	1.577753840920687	-Inf	0	1	1	1
positive regulation of natural killer cell proliferation	GO:0032819		8	0	1.2622030727365496	-Inf	0	1	1	1
regulation of CD4-positive, CD25-positive, alpha-beta regulatory T cell differentiation	GO:0032829		6	0	0.9466523045524122	-Inf	0	1	1	1
positive regulation of CD4-positive, CD25-positive, alpha-beta regulatory T cell differentiation	GO:0032831		6	0	0.9466523045524122	-Inf	0	1	1	1
glomerulus development	GO:0032835		6	1	0.9466523045524122	0.054823407857531446	0.9206658936334867	0.6431395801290278	1	1
response to insulin	GO:0032868		58	8	9.150972277339985	-0.13441859178099705	0.789584647474739	0.7149224586284512	1	1
cellular response to insulin stimulus	GO:0032869		51	6	8.046544588695504	-0.2934832864106843	0.6896729147432906	0.8364545318508304	1	1
cellular response to hormone stimulus	GO:0032870		194	15	30.608424513861333	-0.7132250808755317	0.4723046327738064	0.9997084457120118	1	1
regulation of stress-activated MAPK cascade	GO:0032872		25	1	3.9443846023017177	-1.3722929477826145	0.2508847640679904	0.9863757326715852	1	1
negative regulation of stress-activated MAPK cascade	GO:0032873		5	0	0.7888769204603435	-Inf	0	1	1	1
positive regulation of stress-activated MAPK cascade	GO:0032874		14	1	2.208855377288962	-0.7924744525296722	0.4385317160500693	0.9097242574396893	1	1
regulation of establishment or maintenance of cell polarity	GO:0032878		15	1	2.366630761381031	-0.8614673240166237	0.410882473242539	0.9239788612153117	1	1
regulation of polysaccharide metabolic process	GO:0032881		26	3	4.1021599863937865	-0.3129013722677859	0.6781377884159226	0.7786272580656751	1	1
regulation of polysaccharide biosynthetic process	GO:0032885		23	2	3.62883383411758	-0.595764158283618	0.5264801846721091	0.8829901151101129	1	1
regulation of microtubule-based process	GO:0032886		171	17	26.97959067974375	-0.46186733536085745	0.5944685332437739	0.985039191311186	1	1
regulation of organic acid transport	GO:0032890		17	1	2.682181529565168	-0.9866304669706297	0.36469283564378024	0.9460927581740545	1	1
negative regulation of organic acid transport	GO:0032891		9	1	1.4199784568286185	-0.350641700250633	0.6561334090262664	0.7868500319994607	1	1
positive regulation of organic acid transport	GO:0032892		6	0	0.9466523045524122	-Inf	0	1	1	1
negative regulation of viral transcription	GO:0032897		15	3	2.366630761381031	0.23714496465148582	1.0585560331525345	0.42962943276280896	1	1
regulation of transforming growth factor beta2 production	GO:0032909		5	1	0.7888769204603435	0.23714496465148602	1.0585560331525345	0.5762657973197276	1	1
circadian regulation of gene expression	GO:0032922		12	2	1.8933046091048245	0.054823407857531446	0.9206658936334867	0.586317921862617	1	1
activin receptor signaling pathway	GO:0032924		18	1	2.839956913657237	-1.0437888808105784	0.34522000318667345	0.9460927581740545	1	1
regulation of activin receptor signaling pathway	GO:0032925		16	1	2.5244061454730993	-0.9260058451541948	0.3864422976582265	0.9359833340499569	1	1
negative regulation of activin receptor signaling pathway	GO:0032926		11	1	1.7355292250127559	-0.5513123957127841	0.5483037732141072	0.8488342349162374	1	1
regulation of superoxide anion generation	GO:0032928		14	1	2.208855377288962	-0.7924744525296722	0.4385317160500693	0.8927979358372273	1	1
positive regulation of superoxide anion generation	GO:0032930		14	1	2.208855377288962	-0.7924744525296722	0.4385317160500693	0.8927979358372273	1	1
SREBP signaling pathway	GO:0032933		8	1	1.2622030727365496	-0.23285866459424956	0.7266172585054973	0.7468987684659543	1	1
secretion by cell	GO:0032940		128	5	20.195249163784794	-1.3960094743999303	0.24512094417302138	0.9999935228856179	1	1
secretion by tissue	GO:0032941		9	0	1.4199784568286185	-Inf	0	1	1	1
mononuclear cell proliferation	GO:0032943		16	3	2.5244061454730993	0.17260644351391496	1.0085246724610224	0.4738960557783739	1	1
regulation of mononuclear cell proliferation	GO:0032944		116	11	18.30194455467997	-0.5091120412224077	0.5697070851644969	0.9788974465797018	1	1
negative regulation of mononuclear cell proliferation	GO:0032945		38	4	5.9954645954986105	-0.40470892152090865	0.625564683896595	0.8415203074473032	1	1
positive regulation of mononuclear cell proliferation	GO:0032946		76	7	11.990929190997221	-0.5382403141454313	0.5548620402129975	0.9661562100949103	1	1
regulation of cytokinetic process	GO:0032954		6	0	0.9466523045524122	-Inf	0	1	1	1
regulation of actin cytoskeleton organization	GO:0032956		174	9	27.452916832019955	-1.1152478447927232	0.3222287536226962	0.9999949160346645	1	1
collagen metabolic process	GO:0032963		32	5	5.0488122909461985	-0.009715113280039765	0.8745206761805723	0.5839763618651823	1	1
collagen biosynthetic process	GO:0032964		8	3	1.2622030727365496	0.8657536240738603	1.600476592140702	0.11858101373656212	1	1
regulation of collagen biosynthetic process	GO:0032965		15	1	2.366630761381031	-0.8614673240166237	0.410882473242539	0.9239788612153117	1	1
positive regulation of collagen biosynthetic process	GO:0032967		12	0	1.8933046091048245	-Inf	0	1	1	1
positive regulation of transcription elongation by RNA polymerase II	GO:0032968		16	0	2.5244061454730993	-Inf	0	1	1	1
regulation of actin filament-based process	GO:0032970		198	11	31.239526050229607	-1.0437888808105784	0.34522000318667345	0.9999966666504239	1	1
mitochondrial respiratory chain complex I assembly	GO:0032981		32	2	5.0488122909461985	-0.9260058451541948	0.3864422976582265	0.9668989887351941	1	1
protein-containing complex disassembly	GO:0032984		100	8	15.777538409206871	-0.6791457672226691	0.4875085810917311	0.9881971619549612	1	1
protein-DNA complex disassembly	GO:0032986		20	2	3.155507681841374	-0.4560022159084593	0.5976018042874566	0.8470652783357171	1	1
protein-RNA complex disassembly	GO:0032988		6	1	0.9466523045524122	0.054823407857531446	0.9206658936334867	0.6431395801290278	1	1
cellular anatomical entity morphogenesis	GO:0032989		20	1	3.155507681841374	-1.1491493964684045	0.3118280657172801	0.9678129216089626	1	1
regulation of mast cell activation	GO:0033003		7	1	1.104427688644481	-0.09932727196972693	0.8129096848478663	0.6994625284929428	1	1
tetrapyrrole metabolic process	GO:0033013		38	8	5.9954645954986105	0.28843825903903664	1.0992173202606317	0.17644230708998773	1	1
tetrapyrrole biosynthetic process	GO:0033014		18	4	2.839956913657237	0.34250548030931227	1.142896492055841	0.31314145199972365	1	1
tetrapyrrole catabolic process	GO:0033015		11	3	1.7355292250127559	0.5472998929553256	1.3152208683526203	0.1578295083757136	1	1
regulation of myeloid cell apoptotic process	GO:0033032		10	0	1.577753840920687	-Inf	0	1	1	1
negative regulation of myeloid cell apoptotic process	GO:0033033		5	0	0.7888769204603435	-Inf	0	1	1	1
positive regulation of myeloid cell apoptotic process	GO:0033034		5	0	0.7888769204603435	-Inf	0	1	1	1
regulation of chromosome organization	GO:0033044		178	12	28.08401836838823	-0.8502940234184984	0.4152520214064743	0.9998787929086331	1	1
regulation of sister chromatid segregation	GO:0033045		60	4	9.466523045524124	-0.8614673240166237	0.410882473242539	0.9887135958971525	1	1
negative regulation of sister chromatid segregation	GO:0033046		22	1	3.4710584500255117	-1.2444595762727295	0.28425313097344823	0.9771782958107115	1	1
regulation of mitotic sister chromatid segregation	GO:0033047		44	2	6.9421169000510234	-1.2444595762727295	0.28425313097344823	0.9944124196389234	1	1
negative regulation of mitotic sister chromatid segregation	GO:0033048		22	1	3.4710584500255117	-1.2444595762727295	0.28425313097344823	0.9771782958107115	1	1
cellular pigmentation	GO:0033059		23	3	3.62883383411758	-0.19029905017545348	0.7533910997393815	0.7268153437843944	1	1
mitochondrial respiratory chain complex assembly	GO:0033108		69	4	10.88650150235274	-1.0012292663917823	0.35962546054930206	0.9959553502794697	1	1
negative regulation of RNA splicing	GO:0033119		17	0	2.682181529565168	-Inf	0	1	1	1
positive regulation of RNA splicing	GO:0033120		22	2	3.4710584500255117	-0.5513123957127841	0.5483037732141072	0.8661310563927106	1	1
regulation of purine nucleotide catabolic process	GO:0033121		29	2	4.5754861386699925	-0.8275657723409423	0.42426863940338144	0.9558820733172542	1	1
negative regulation of purine nucleotide catabolic process	GO:0033122		8	0	1.2622030727365496	-Inf	0	1	1	1
positive regulation of purine nucleotide catabolic process	GO:0033123		13	1	2.0510799931968933	-0.7183664803759503	0.47004679746433364	0.8927979358372273	1	1
regulation of peptidyl-serine phosphorylation	GO:0033135		26	2	4.1021599863937865	-0.7183664803759503	0.47004679746433364	0.922466050944612	1	1
negative regulation of peptidyl-serine phosphorylation	GO:0033137		5	1	0.7888769204603435	0.23714496465148602	1.0585560331525345	0.5762657973197276	1	1
positive regulation of peptidyl-serine phosphorylation	GO:0033138		20	1	3.155507681841374	-1.1491493964684045	0.3118280657172801	0.9617755394453003	1	1
regulation of intracellular steroid hormone receptor signaling pathway	GO:0033143		55	6	8.677646125063779	-0.36899083891882956	0.6456330510707288	0.8740995312860365	1	1
negative regulation of intracellular steroid hormone receptor signaling pathway	GO:0033144		26	4	4.1021599863937865	-0.02521929981600501	0.8636537464594634	0.6045164994093895	1	1
positive regulation of intracellular steroid hormone receptor signaling pathway	GO:0033145		11	1	1.7355292250127559	-0.5513123957127841	0.5483037732141072	0.8204970178727164	1	1
regulation of intracellular estrogen receptor signaling pathway	GO:0033146		25	3	3.9443846023017177	-0.2736806591145047	0.701585653260422	0.7538184116077663	1	1
negative regulation of intracellular estrogen receptor signaling pathway	GO:0033147		9	2	1.4199784568286185	0.34250548030931227	1.142896492055841	0.4272886601979041	1	1
positive regulation of intracellular estrogen receptor signaling pathway	GO:0033148		9	0	1.4199784568286185	-Inf	0	1	1	1
V(D)J recombination	GO:0033151		7	1	1.104427688644481	-0.09932727196972693	0.8129096848478663	0.6994625284929428	1	1
regulation of intracellular protein transport	GO:0033157		93	11	14.67311072056239	-0.28812134326929895	0.692883655117967	0.8863960563541942	1	1
calcineurin-NFAT signaling cascade	GO:0033173		10	2	1.577753840920687	0.23714496465148602	1.0585560331525345	0.4272886601979041	1	1
response to hydroperoxide	GO:0033194		7	0	1.104427688644481	-Inf	0	1	1	1
response to ATP	GO:0033198		18	2	2.839956913657237	-0.350641700250633	0.6561334090262664	0.7742325480643975	1	1
tumor necrosis factor-mediated signaling pathway	GO:0033209		38	2	5.9954645954986105	-1.097856102080854	0.32768935881794536	0.988157455771919	1	1
adiponectin-activated signaling pathway	GO:0033211		5	0	0.7888769204603435	-Inf	0	1	1	1
iron import into cell	GO:0033212		5	0	0.7888769204603435	-Inf	0	1	1	1
regulation of protein sumoylation	GO:0033233		16	4	2.5244061454730993	0.46028851596569575	1.240756211609746	0.23780739969536002	1	1
negative regulation of protein sumoylation	GO:0033234		6	1	0.9466523045524122	0.054823407857531446	0.9206658936334867	0.6431395801290278	1	1
positive regulation of protein sumoylation	GO:0033235		10	3	1.577753840920687	0.6426100727596504	1.3986675832653837	0.20033466442889086	1	1
regulation of amine metabolic process	GO:0033238		6	0	0.9466523045524122	-Inf	0	1	1	1
nuclear DNA replication	GO:0033260		11	0	1.7355292250127559	-Inf	0	1	1	1
regulation of nuclear cell cycle DNA replication	GO:0033262		7	0	1.104427688644481	-Inf	0	1	1	1
response to vitamin	GO:0033273		14	1	2.208855377288962	-0.7924744525296722	0.4385317160500693	0.9097242574396893	1	1
actin-myosin filament sliding	GO:0033275		8	0	1.2622030727365496	-Inf	0	1	1	1
response to vitamin D	GO:0033280		9	1	1.4199784568286185	-0.350641700250633	0.6561334090262664	0.7868500319994607	1	1
cholesterol efflux	GO:0033344		21	2	3.313283065933443	-0.5047923800778914	0.571935864997809	0.8661310563927106	1	1
secretory granule organization	GO:0033363		9	0	1.4199784568286185	-Inf	0	1	1	1
carbohydrate homeostasis	GO:0033500		48	4	7.573218436419298	-0.6383237727024138	0.506271076694502	0.9519500961059997	1	1
fatty acid beta-oxidation using acyl-CoA dehydrogenase	GO:0033539		9	2	1.4199784568286185	0.34250548030931227	1.142896492055841	0.4272886601979041	1	1
fatty acid beta-oxidation using acyl-CoA oxidase	GO:0033540		11	1	1.7355292250127559	-0.5513123957127841	0.5483037732141072	0.8488342349162374	1	1
unsaturated fatty acid metabolic process	GO:0033559		74	3	11.675378422813086	-1.3588699274504739	0.25420435221630244	0.9996741738865488	1	1
transferrin transport	GO:0033572		10	2	1.577753840920687	0.23714496465148602	1.0585560331525345	0.4840271591401576	1	1
regulation of mammary gland epithelial cell proliferation	GO:0033599		8	1	1.2622030727365496	-0.23285866459424956	0.7266172585054973	0.7468987684659543	1	1
negative regulation of catecholamine secretion	GO:0033604		5	0	0.7888769204603435	-Inf	0	1	1	1
mitochondrial proton-transporting ATP synthase complex assembly	GO:0033615		6	0	0.9466523045524122	-Inf	0	1	1	1
mitochondrial cytochrome c oxidase assembly	GO:0033617		21	1	3.313283065933443	-1.1979395606378367	0.29741149256349064	0.9728970148697752	1	1
membrane protein proteolysis	GO:0033619		31	3	4.89103690685413	-0.4887920387314503	0.5802530490677252	0.8734512578399616	1	1
integrin activation	GO:0033622		8	0	1.2622030727365496	-Inf	0	1	1	1
regulation of integrin activation	GO:0033623		13	0	2.0510799931968933	-Inf	0	1	1	1
positive regulation of integrin activation	GO:0033625		8	0	1.2622030727365496	-Inf	0	1	1	1
cell adhesion mediated by integrin	GO:0033627		18	1	2.839956913657237	-1.0437888808105784	0.34522000318667345	0.9546061989867662	1	1
regulation of cell adhesion mediated by integrin	GO:0033628		30	2	4.733261522762062	-0.8614673240166237	0.410882473242539	0.9617699887084894	1	1
negative regulation of cell adhesion mediated by integrin	GO:0033629		8	2	1.2622030727365496	0.46028851596569575	1.240756211609746	0.3674088486818622	1	1
positive regulation of cell adhesion mediated by integrin	GO:0033630		11	0	1.7355292250127559	-Inf	0	1	1	1
regulation of cell-cell adhesion mediated by integrin	GO:0033632		8	0	1.2622030727365496	-Inf	0	1	1	1
negative regulation of kinase activity	GO:0033673		73	6	11.517603038721015	-0.6521170948347497	0.49986379802802205	0.9788616067768856	1	1
positive regulation of kinase activity	GO:0033674		129	11	20.353024547876863	-0.6153342544777152	0.5171047294942289	0.9930030400105258	1	1
regulation of osteoblast proliferation	GO:0033688		11	0	1.7355292250127559	-Inf	0	1	1	1
negative regulation of osteoblast proliferation	GO:0033689		6	0	0.9466523045524122	-Inf	0	1	1	1
phospholipid efflux	GO:0033700		11	0	1.7355292250127559	-Inf	0	1	1	1
nucleoside bisphosphate metabolic process	GO:0033865		16	3	2.5244061454730993	0.17260644351391496	1.0085246724610224	0.4738960557783739	1	1
ribonucleoside bisphosphate metabolic process	GO:0033875		16	3	2.5244061454730993	0.17260644351391496	1.0085246724610224	0.4738960557783739	1	1
P-body assembly	GO:0033962		8	2	1.2622030727365496	0.46028851596569575	1.240756211609746	0.3052018899455362	1	1
purine nucleoside bisphosphate metabolic process	GO:0034032		16	3	2.5244061454730993	0.17260644351391496	1.0085246724610224	0.4738960557783739	1	1
purine ribonucleoside bisphosphate metabolic process	GO:0034035		16	3	2.5244061454730993	0.17260644351391496	1.0085246724610224	0.4738960557783739	1	1
endosomal vesicle fusion	GO:0034058		11	2	1.7355292250127559	0.14183478484716117	0.9851310298618374	0.4840271591401576	1	1
stress granule assembly	GO:0034063		18	1	2.839956913657237	-1.0437888808105784	0.34522000318667345	0.9546061989867662	1	1
protein localization to Golgi apparatus	GO:0034067		25	6	3.9443846023017177	0.41946652144544067	1.2064380657848754	0.16606025073305178	1	1
regulation of maintenance of sister chromatid cohesion	GO:0034091		9	3	1.4199784568286185	0.7479705884174768	1.4929330427012544	0.1578295083757136	1	1
positive regulation of maintenance of sister chromatid cohesion	GO:0034093		6	2	0.9466523045524122	0.7479705884174768	1.4929330427012544	0.24189688327322753	1	1
erythrocyte homeostasis	GO:0034101		27	1	4.259935370485855	-1.4492539889187426	0.23264116201088111	0.9903409722146757	1	1
regulation of tissue remodeling	GO:0034103		21	0	3.313283065933443	-Inf	0	1	1	1
negative regulation of tissue remodeling	GO:0034104		5	0	0.7888769204603435	-Inf	0	1	1	1
positive regulation of tissue remodeling	GO:0034105		8	0	1.2622030727365496	-Inf	0	1	1	1
homotypic cell-cell adhesion	GO:0034109		28	2	4.417710754577924	-0.7924744525296722	0.4385317160500693	0.9491310581323991	1	1
regulation of homotypic cell-cell adhesion	GO:0034110		25	0	3.9443846023017177	-Inf	0	1	1	1
negative regulation of homotypic cell-cell adhesion	GO:0034111		6	0	0.9466523045524122	-Inf	0	1	1	1
positive regulation of homotypic cell-cell adhesion	GO:0034112		16	0	2.5244061454730993	-Inf	0	1	1	1
heterotypic cell-cell adhesion	GO:0034113		25	3	3.9443846023017177	-0.2736806591145047	0.701585653260422	0.7786272580656751	1	1
regulation of heterotypic cell-cell adhesion	GO:0034114		22	1	3.4710584500255117	-1.2444595762727295	0.28425313097344823	0.9771782958107115	1	1
negative regulation of heterotypic cell-cell adhesion	GO:0034115		8	1	1.2622030727365496	-0.23285866459424956	0.7266172585054973	0.7468987684659543	1	1
positive regulation of heterotypic cell-cell adhesion	GO:0034116		13	0	2.0510799931968933	-Inf	0	1	1	1
regulation of toll-like receptor signaling pathway	GO:0034121		18	1	2.839956913657237	-1.0437888808105784	0.34522000318667345	0.9546061989867662	1	1
negative regulation of toll-like receptor signaling pathway	GO:0034122		9	1	1.4199784568286185	-0.350641700250633	0.6561334090262664	0.7868500319994607	1	1
regulation of toll-like receptor 2 signaling pathway	GO:0034135		7	0	1.104427688644481	-Inf	0	1	1	1
positive regulation of toll-like receptor 2 signaling pathway	GO:0034137		6	0	0.9466523045524122	-Inf	0	1	1	1
toll-like receptor 3 signaling pathway	GO:0034138		10	1	1.577753840920687	-0.4560022159084593	0.5976018042874566	0.8204970178727164	1	1
regulation of toll-like receptor 3 signaling pathway	GO:0034139		9	0	1.4199784568286185	-Inf	0	1	1	1
positive regulation of toll-like receptor 3 signaling pathway	GO:0034141		6	0	0.9466523045524122	-Inf	0	1	1	1
toll-like receptor 4 signaling pathway	GO:0034142		23	2	3.62883383411758	-0.595764158283618	0.5264801846721091	0.8661310563927106	1	1
regulation of toll-like receptor 4 signaling pathway	GO:0034143		20	1	3.155507681841374	-1.1491493964684045	0.3118280657172801	0.9617755394453003	1	1
negative regulation of toll-like receptor 4 signaling pathway	GO:0034144		9	0	1.4199784568286185	-Inf	0	1	1	1
positive regulation of toll-like receptor 4 signaling pathway	GO:0034145		10	0	1.577753840920687	-Inf	0	1	1	1
regulation of toll-like receptor 7 signaling pathway	GO:0034155		5	1	0.7888769204603435	0.23714496465148602	1.0585560331525345	0.5762657973197276	1	1
toll-like receptor 9 signaling pathway	GO:0034162		5	0	0.7888769204603435	-Inf	0	1	1	1
regulation of toll-like receptor 9 signaling pathway	GO:0034163		6	0	0.9466523045524122	-Inf	0	1	1	1
regulation of maintenance of mitotic sister chromatid cohesion	GO:0034182		9	3	1.4199784568286185	0.7479705884174768	1.4929330427012544	0.1578295083757136	1	1
positive regulation of maintenance of mitotic sister chromatid cohesion	GO:0034184		6	2	0.9466523045524122	0.7479705884174768	1.4929330427012544	0.24189688327322753	1	1
cellular response to amino acid starvation	GO:0034198		44	2	6.9421169000510234	-1.2444595762727295	0.28425313097344823	0.9951985258503682	1	1
lipid translocation	GO:0034204		24	0	3.786609218209649	-Inf	0	1	1	1
amyloid-beta formation	GO:0034205		9	2	1.4199784568286185	0.34250548030931227	1.142896492055841	0.4272886601979041	1	1
protein hexamerization	GO:0034214		7	1	1.104427688644481	-0.09932727196972693	0.8129096848478663	0.6994625284929428	1	1
carbohydrate transmembrane transport	GO:0034219		33	3	5.206587675038268	-0.5513123957127841	0.5483037732141072	0.8999556054641106	1	1
regulation of transcription elongation by RNA polymerase II	GO:0034243		31	0	4.89103690685413	-Inf	0	1	1	1
negative regulation of transcription elongation by RNA polymerase II	GO:0034244		16	0	2.5244061454730993	-Inf	0	1	1	1
regulation of amide metabolic process	GO:0034248		45	8	7.099892284143093	0.1193619289951024	0.9682401219248767	0.3914757310194937	1	1
negative regulation of amide metabolic process	GO:0034249		19	3	2.9977322977493053	7.561865872556224e-4	0.8819083927546117	0.595716910168776	1	1
positive regulation of amide metabolic process	GO:0034250		16	1	2.5244061454730993	-0.9260058451541948	0.3864422976582265	0.9239788612153117	1	1
negative regulation of GTPase activity	GO:0034260		14	1	2.208855377288962	-0.7924744525296722	0.4385317160500693	0.9097242574396893	1	1
response to monosaccharide	GO:0034284		22	2	3.4710584500255117	-0.5513123957127841	0.5483037732141072	0.8829901151101129	1	1
primary alcohol metabolic process	GO:0034308		45	5	7.099892284143093	-0.350641700250633	0.6561334090262664	0.8588488944977704	1	1
primary alcohol catabolic process	GO:0034310		12	3	1.8933046091048245	0.46028851596569575	1.240756211609746	0.29115947531196185	1	1
diol metabolic process	GO:0034311		25	3	3.9443846023017177	-0.2736806591145047	0.701585653260422	0.7786272580656751	1	1
diol biosynthetic process	GO:0034312		18	3	2.839956913657237	0.054823407857531446	0.9206658936334867	0.5571788177159394	1	1
Arp2/3 complex-mediated actin nucleation	GO:0034314		11	1	1.7355292250127559	-0.5513123957127841	0.5483037732141072	0.8204970178727164	1	1
regulation of Arp2/3 complex-mediated actin nucleation	GO:0034315		9	0	1.4199784568286185	-Inf	0	1	1	1
cell junction assembly	GO:0034329		124	5	19.56414762741652	-1.36426077608535	0.2528661366206281	0.9999900960996855	1	1
cell junction organization	GO:0034330		181	11	28.557344520664437	-0.9540188813818687	0.3762496104990098	0.9999674719405783	1	1
cell junction maintenance	GO:0034331		17	3	2.682181529565168	0.11198182169747993	0.962729308239504	0.5165059234299028	1	1
adherens junction organization	GO:0034332		18	1	2.839956913657237	-1.0437888808105784	0.34522000318667345	0.9546061989867662	1	1
adherens junction assembly	GO:0034333		10	0	1.577753840920687	-Inf	0	1	1	1
adherens junction maintenance	GO:0034334		6	1	0.9466523045524122	0.054823407857531446	0.9206658936334867	0.6431395801290278	1	1
response to type I interferon	GO:0034340		24	3	3.786609218209649	-0.23285866459424956	0.7266172585054973	0.7538184116077663	1	1
response to type II interferon	GO:0034341		51	6	8.046544588695504	-0.2934832864106843	0.6896729147432906	0.8220438781364294	1	1
regulation of glial cell apoptotic process	GO:0034350		6	0	0.9466523045524122	-Inf	0	1	1	1
negative regulation of glial cell apoptotic process	GO:0034351		6	0	0.9466523045524122	-Inf	0	1	1	1
protein-containing complex remodeling	GO:0034367		25	1	3.9443846023017177	-1.3722929477826145	0.2508847640679904	0.9863757326715852	1	1
protein-lipid complex remodeling	GO:0034368		24	1	3.786609218209649	-1.3314709532623592	0.26111132566716627	0.9838193454025062	1	1
plasma lipoprotein particle remodeling	GO:0034369		24	1	3.786609218209649	-1.3314709532623592	0.26111132566716627	0.9838193454025062	1	1
triglyceride-rich lipoprotein particle remodeling	GO:0034370		9	0	1.4199784568286185	-Inf	0	1	1	1
very-low-density lipoprotein particle remodeling	GO:0034372		8	0	1.2622030727365496	-Inf	0	1	1	1
low-density lipoprotein particle remodeling	GO:0034374		9	0	1.4199784568286185	-Inf	0	1	1	1
high-density lipoprotein particle remodeling	GO:0034375		13	0	2.0510799931968933	-Inf	0	1	1	1
plasma lipoprotein particle assembly	GO:0034377		18	1	2.839956913657237	-1.0437888808105784	0.34522000318667345	0.9546061989867662	1	1
very-low-density lipoprotein particle assembly	GO:0034379		8	0	1.2622030727365496	-Inf	0	1	1	1
high-density lipoprotein particle assembly	GO:0034380		9	1	1.4199784568286185	-0.350641700250633	0.6561334090262664	0.7868500319994607	1	1
plasma lipoprotein particle clearance	GO:0034381		21	4	3.313283065933443	0.18835480048205394	1.0206137216517617	0.42831009540479315	1	1
chylomicron remnant clearance	GO:0034382		5	0	0.7888769204603435	-Inf	0	1	1	1
low-density lipoprotein particle clearance	GO:0034383		11	3	1.7355292250127559	0.5472998929553256	1.3152208683526203	0.2450875618020846	1	1
high-density lipoprotein particle clearance	GO:0034384		5	1	0.7888769204603435	0.23714496465148602	1.0585560331525345	0.5762657973197276	1	1
lipid droplet organization	GO:0034389		30	1	4.733261522762062	-1.5546145045765691	0.20972987435944143	0.9942346046215891	1	1
regulation of smooth muscle cell apoptotic process	GO:0034391		16	3	2.5244061454730993	0.17260644351391496	1.0085246724610224	0.4738960557783739	1	1
negative regulation of smooth muscle cell apoptotic process	GO:0034392		8	2	1.2622030727365496	0.46028851596569575	1.240756211609746	0.3674088486818622	1	1
positive regulation of smooth muscle cell apoptotic process	GO:0034393		8	1	1.2622030727365496	-0.23285866459424956	0.7266172585054973	0.7468987684659543	1	1
protein localization to cell surface	GO:0034394		16	0	2.5244061454730993	-Inf	0	1	1	1
nucleobase-containing small molecule biosynthetic process	GO:0034404		10	2	1.577753840920687	0.23714496465148602	1.0585560331525345	0.4840271591401576	1	1
response to fluid shear stress	GO:0034405		25	5	3.9443846023017177	0.23714496465148602	1.0585560331525345	0.35880560906865333	1	1
lipid oxidation	GO:0034440		54	7	8.51987074097171	-0.19649102042337466	0.7494530353834133	0.7517161887914405	1	1
substrate adhesion-dependent cell spreading	GO:0034446		24	1	3.786609218209649	-1.3314709532623592	0.26111132566716627	0.9838193454025062	1	1
microtubule anchoring	GO:0034453		14	1	2.208855377288962	-0.7924744525296722	0.4385317160500693	0.9097242574396893	1	1
microtubule anchoring at centrosome	GO:0034454		7	0	1.104427688644481	-Inf	0	1	1	1
snRNA 3'-end processing	GO:0034472		5	0	0.7888769204603435	-Inf	0	1	1	1
vacuolar transmembrane transport	GO:0034486		6	1	0.9466523045524122	0.054823407857531446	0.9206658936334867	0.6431395801290278	1	1
protein localization to phagophore assembly site	GO:0034497		10	2	1.577753840920687	0.23714496465148602	1.0585560331525345	0.4840271591401576	1	1
early endosome to Golgi transport	GO:0034498		15	2	2.366630761381031	-0.16832014345667848	0.7674866162952108	0.6727557550052204	1	1
protein localization to kinetochore	GO:0034501		11	0	1.7355292250127559	-Inf	0	1	1	1
protein localization to chromosome	GO:0034502		77	8	12.14870457508929	-0.41778100308826144	0.6183426027879371	0.9148233941010935	1	1
protein localization to nucleus	GO:0034504		100	7	15.777538409206871	-0.8126771598471917	0.4302691990589069	0.9974380212684786	1	1
tooth mineralization	GO:0034505		7	1	1.104427688644481	-0.09932727196972693	0.8129096848478663	0.6994625284929428	1	1
centromere complex assembly	GO:0034508		10	1	1.577753840920687	-0.4560022159084593	0.5976018042874566	0.8204970178727164	1	1
mitochondrial respiratory chain complex III assembly	GO:0034551		10	1	1.577753840920687	-0.4560022159084593	0.5976018042874566	0.8204970178727164	1	1
cellular response to oxidative stress	GO:0034599		130	17	20.510799931968933	-0.1877382293137799	0.7550240128183733	0.833410980123228	1	1
cellular response to heat	GO:0034605		29	3	4.5754861386699925	-0.42210066423277787	0.6159704844077175	0.8409015413639225	1	1
response to tumor necrosis factor	GO:0034612		85	11	13.410907647825839	-0.19817310660635937	0.7483857454023586	0.8051843321475093	1	1
cellular response to reactive oxygen species	GO:0034614		67	11	10.570950734168603	0.03978553049299101	0.909784122262283	0.4941272548688662	1	1
response to laminar fluid shear stress	GO:0034616		17	3	2.682181529565168	0.11198182169747993	0.962729308239504	0.5165059234299028	1	1
cellular response to unfolded protein	GO:0034620		46	3	7.25766766823516	-0.8834462307353987	0.40240725407852046	0.9830462827531645	1	1
phosphatidylcholine catabolic process	GO:0034638		9	0	1.4199784568286185	-Inf	0	1	1	1
establishment of mitochondrion localization, microtubule-mediated	GO:0034643		14	0	2.208855377288962	-Inf	0	1	1	1
cellular response to UV	GO:0034644		71	7	11.202052270536878	-0.47018685090041573	0.5900465848963115	0.9452018919318289	1	1
nucleobase-containing small molecule catabolic process	GO:0034656		18	4	2.839956913657237	0.34250548030931227	1.142896492055841	0.31314145199972365	1	1
response to prostaglandin	GO:0034694		17	1	2.682181529565168	-0.9866304669706297	0.36469283564378024	0.9460927581740545	1	1
response to prostaglandin E	GO:0034695		11	1	1.7355292250127559	-0.5513123957127841	0.5483037732141072	0.8488342349162374	1	1
response to gonadotropin	GO:0034698		6	0	0.9466523045524122	-Inf	0	1	1	1
nucleosome organization	GO:0034728		58	5	9.150972277339985	-0.6044222210267325	0.5223149239340653	0.9583149120390922	1	1
iron ion transmembrane transport	GO:0034755		9	4	1.4199784568286185	1.0356526608692576	1.7589125919736386	0.040084024458259114	1	1
negative regulation of transmembrane transport	GO:0034763		66	4	10.413175350076536	-0.9567775038209486	0.3752592248846453	0.9947526340290953	1	1
positive regulation of transmembrane transport	GO:0034764		100	6	15.777538409206871	-0.96682783967445	0.37167109112877733	0.9983272981863215	1	1
regulation of monoatomic ion transmembrane transport	GO:0034765		169	9	26.664039911559613	-1.0860912605012678	0.33143202180288006	0.9999842142197379	1	1
negative regulation of monoatomic ion transmembrane transport	GO:0034766		48	2	7.573218436419298	-1.3314709532623592	0.26111132566716627	0.9969608207757836	1	1
positive regulation of monoatomic ion transmembrane transport	GO:0034767		74	4	11.675378422813086	-1.0711878549986928	0.3362302277386233	0.9968895657788579	1	1
response to histamine	GO:0034776		7	0	1.104427688644481	-Inf	0	1	1	1
protein folding in endoplasmic reticulum	GO:0034975		10	0	1.577753840920687	-Inf	0	1	1	1
response to endoplasmic reticulum stress	GO:0034976		146	11	23.03520607744203	-0.7391284718243795	0.4610242095131139	0.9987261315957401	1	1
mitochondrial protein processing	GO:0034982		5	1	0.7888769204603435	0.23714496465148602	1.0585560331525345	0.5762657973197276	1	1
regulation of Rac protein signal transduction	GO:0035020		10	3	1.577753840920687	0.6426100727596504	1.3986675832653837	0.20033466442889086	1	1
regulation of Rho protein signal transduction	GO:0035023		49	4	7.730993820511367	-0.6589430599051497	0.4967185926301342	0.9619136403943873	1	1
negative regulation of Rho protein signal transduction	GO:0035024		15	0	2.366630761381031	-Inf	0	1	1	1
positive regulation of Rho protein signal transduction	GO:0035025		16	1	2.5244061454730993	-0.9260058451541948	0.3864422976582265	0.9359833340499569	1	1
sperm-egg recognition	GO:0035036		10	0	1.577753840920687	-Inf	0	1	1	1
embryonic heart tube development	GO:0035050		9	1	1.4199784568286185	-0.350641700250633	0.6561334090262664	0.6994625284929428	1	1
cardiocyte differentiation	GO:0035051		21	0	3.313283065933443	-Inf	0	1	1	1
axoneme assembly	GO:0035082		44	5	6.9421169000510234	-0.32816884439857447	0.6691701205097987	0.8450428825463108	1	1
establishment or maintenance of apical/basal cell polarity	GO:0035088		18	1	2.839956913657237	-1.0437888808105784	0.34522000318667345	0.9546061989867662	1	1
establishment of apical/basal cell polarity	GO:0035089		12	1	1.8933046091048245	-0.6383237727024138	0.506271076694502	0.8726993542847484	1	1
response to nicotine	GO:0035094		13	1	2.0510799931968933	-0.7183664803759503	0.47004679746433364	0.8927979358372273	1	1
behavioral response to nicotine	GO:0035095		5	0	0.7888769204603435	-Inf	0	1	1	1
appendage morphogenesis	GO:0035107		25	4	3.9443846023017177	0.014001413337276206	0.8913086549901676	0.5718868709164358	1	1
limb morphogenesis	GO:0035108		25	4	3.9443846023017177	0.014001413337276206	0.8913086549901676	0.5718868709164358	1	1
embryonic appendage morphogenesis	GO:0035113		19	3	2.9977322977493053	7.561865872556224e-4	0.8819083927546117	0.595716910168776	1	1
embryonic forelimb morphogenesis	GO:0035115		5	1	0.7888769204603435	0.23714496465148602	1.0585560331525345	0.5762657973197276	1	1
forelimb morphogenesis	GO:0035136		5	1	0.7888769204603435	0.23714496465148602	1.0585560331525345	0.5762657973197276	1	1
tube formation	GO:0035148		11	1	1.7355292250127559	-0.5513123957127841	0.5483037732141072	0.8488342349162374	1	1
regulation of tube size	GO:0035150		44	4	6.9421169000510234	-0.5513123957127841	0.5483037732141072	0.9245079550988751	1	1
embryonic hemopoiesis	GO:0035162		5	0	0.7888769204603435	-Inf	0	1	1	1
social behavior	GO:0035176		11	1	1.7355292250127559	-0.5513123957127841	0.5483037732141072	0.8488342349162374	1	1
regulatory ncRNA-mediated post-transcriptional gene silencing	GO:0035194		25	5	3.9443846023017177	0.23714496465148602	1.0585560331525345	0.35880560906865333	1	1
miRNA-mediated post-transcriptional gene silencing	GO:0035195		24	5	3.786609218209649	0.27796695917174113	1.0908538296916594	0.32527848757990996	1	1
miRNA processing	GO:0035196		31	7	4.89103690685413	0.35850582165575345	1.1559777589755993	0.20737763443268808	1	1
ionotropic glutamate receptor signaling pathway	GO:0035235		5	1	0.7888769204603435	0.23714496465148602	1.0585560331525345	0.5762657973197276	1	1
tube morphogenesis	GO:0035239		139	14	21.93077838879755	-0.44883372642984665	0.6014492057422078	0.9770853279248685	1	1
organ growth	GO:0035265		7	1	1.104427688644481	-0.09932727196972693	0.8129096848478663	0.6994625284929428	1	1
protein mannosylation	GO:0035268		15	4	2.366630761381031	0.5248270371032668	1.2958238993873172	0.20188276671721989	1	1
protein O-linked mannosylation	GO:0035269		14	4	2.208855377288962	0.5938199085902184	1.355718486679157	0.16776295632413193	1	1
endocrine system development	GO:0035270		22	0	3.4710584500255117	-Inf	0	1	1	1
miRNA-mediated gene silencing by inhibition of translation	GO:0035278		16	5	2.5244061454730993	0.6834320672799056	1.4349544939470962	0.09410886778279984	1	1
miRNA-mediated gene silencing by mRNA destabilization	GO:0035279		8	2	1.2622030727365496	0.46028851596569575	1.240756211609746	0.3674088486818622	1	1
segmentation	GO:0035282		8	0	1.2622030727365496	-Inf	0	1	1	1
tube development	GO:0035295		172	16	27.13736606383582	-0.5283228774880856	0.5598804746503361	0.9939023414808003	1	1
regulation of tube diameter	GO:0035296		44	4	6.9421169000510234	-0.5513123957127841	0.5483037732141072	0.9245079550988751	1	1
regulation of dephosphorylation	GO:0035303		14	2	2.208855377288962	-0.09932727196972693	0.8129096848478663	0.6727557550052204	1	1
wound healing, spreading of epidermal cells	GO:0035313		5	0	0.7888769204603435	-Inf	0	1	1	1
hair cell differentiation	GO:0035315		6	0	0.9466523045524122	-Inf	0	1	1	1
hippo signaling	GO:0035329		17	1	2.682181529565168	-0.9866304669706297	0.36469283564378024	0.9460927581740545	1	1
regulation of hippo signaling	GO:0035330		37	4	5.837689211406543	-0.3780406744387476	0.6405019578056915	0.8415203074473032	1	1
negative regulation of hippo signaling	GO:0035331		24	3	3.786609218209649	-0.23285866459424956	0.7266172585054973	0.7538184116077663	1	1
positive regulation of hippo signaling	GO:0035332		10	1	1.577753840920687	-0.4560022159084593	0.5976018042874566	0.7868500319994607	1	1
peptidyl-tyrosine dephosphorylation	GO:0035335		20	2	3.155507681841374	-0.4560022159084593	0.5976018042874566	0.825558070733152	1	1
long-chain fatty-acyl-CoA metabolic process	GO:0035336		23	1	3.62883383411758	-1.2889113388435631	0.2721969180173993	0.9771782958107115	1	1
fatty-acyl-CoA metabolic process	GO:0035337		35	2	5.522138443222405	-1.0156180038438822	0.3546943719593138	0.9786096278448267	1	1
long-chain fatty-acyl-CoA biosynthetic process	GO:0035338		18	1	2.839956913657237	-1.0437888808105784	0.34522000318667345	0.9460927581740545	1	1
intracellular triglyceride homeostasis	GO:0035356		5	0	0.7888769204603435	-Inf	0	1	1	1
peroxisome proliferator activated receptor signaling pathway	GO:0035357		5	1	0.7888769204603435	0.23714496465148602	1.0585560331525345	0.5762657973197276	1	1
regulation of peroxisome proliferator activated receptor signaling pathway	GO:0035358		5	1	0.7888769204603435	0.23714496465148602	1.0585560331525345	0.5762657973197276	1	1
positive regulation of peroxisome proliferator activated receptor signaling pathway	GO:0035360		5	1	0.7888769204603435	0.23714496465148602	1.0585560331525345	0.5762657973197276	1	1
protein localization to microtubule	GO:0035372		9	2	1.4199784568286185	0.34250548030931227	1.142896492055841	0.4272886601979041	1	1
thioester metabolic process	GO:0035383		60	10	9.466523045524124	0.05482340785753124	0.9206658936334866	0.4565506210813971	1	1
thioester biosynthetic process	GO:0035384		36	3	5.679913827314474	-0.6383237727024138	0.506271076694502	0.930390474689359	1	1
Roundabout signaling pathway	GO:0035385		5	0	0.7888769204603435	-Inf	0	1	1	1
phosphate ion transmembrane transport	GO:0035435		6	1	0.9466523045524122	0.054823407857531446	0.9206658936334867	0.6431395801290278	1	1
maintenance of protein localization in endoplasmic reticulum	GO:0035437		6	1	0.9466523045524122	0.054823407857531446	0.9206658936334867	0.6431395801290278	1	1
response to interferon-alpha	GO:0035455		16	1	2.5244061454730993	-0.9260058451541948	0.3864422976582265	0.9239788612153117	1	1
response to interferon-beta	GO:0035456		23	0	3.62883383411758	-Inf	0	1	1	1
cellular response to interferon-alpha	GO:0035457		7	1	1.104427688644481	-0.09932727196972693	0.8129096848478663	0.6431395801290278	1	1
cellular response to interferon-beta	GO:0035458		17	0	2.682181529565168	-Inf	0	1	1	1
vesicle cargo loading	GO:0035459		17	0	2.682181529565168	-Inf	0	1	1	1
vitamin transmembrane transport	GO:0035461		12	4	1.8933046091048245	0.7479705884174768	1.4929330427012544	0.10687182127245345	1	1
determination of pancreatic left/right asymmetry	GO:0035469		5	1	0.7888769204603435	0.23714496465148602	1.0585560331525345	0.4968655625998786	1	1
SNARE complex assembly	GO:0035493		5	0	0.7888769204603435	-Inf	0	1	1	1
protein K29-linked ubiquitination	GO:0035519		11	1	1.7355292250127559	-0.5513123957127841	0.5483037732141072	0.8204970178727164	1	1
monoubiquitinated protein deubiquitination	GO:0035520		8	0	1.2622030727365496	-Inf	0	1	1	1
positive regulation of chromatin binding	GO:0035563		7	0	1.104427688644481	-Inf	0	1	1	1
non-canonical Wnt signaling pathway	GO:0035567		19	0	2.9977322977493053	-Inf	0	1	1	1
establishment of protein localization to extracellular region	GO:0035592		29	2	4.5754861386699925	-0.8275657723409423	0.42426863940338144	0.9558820733172542	1	1
protein deacylation	GO:0035601		21	4	3.313283065933443	0.18835480048205394	1.0206137216517617	0.42831009540479315	1	1
stress granule disassembly	GO:0035617		5	1	0.7888769204603435	0.23714496465148602	1.0585560331525345	0.5762657973197276	1	1
ceramide transport	GO:0035627		14	0	2.208855377288962	-Inf	0	1	1	1
maintenance of blood-brain barrier	GO:0035633		10	0	1.577753840920687	-Inf	0	1	1	1
endosome to melanosome transport	GO:0035646		9	0	1.4199784568286185	-Inf	0	1	1	1
interleukin-18-mediated signaling pathway	GO:0035655		6	1	0.9466523045524122	0.054823407857531446	0.9206658936334867	0.6431395801290278	1	1
TRIF-dependent toll-like receptor signaling pathway	GO:0035666		8	0	1.2622030727365496	-Inf	0	1	1	1
oligopeptide transmembrane transport	GO:0035672		7	1	1.104427688644481	-0.09932727196972693	0.8129096848478663	0.6994625284929428	1	1
mitochondrial protein catabolic process	GO:0035694		10	2	1.577753840920687	0.23714496465148602	1.0585560331525345	0.4840271591401576	1	1
hematopoietic stem cell migration	GO:0035701		5	0	0.7888769204603435	-Inf	0	1	1	1
CD4-positive, alpha-beta T cell activation	GO:0035710		20	5	3.155507681841374	0.46028851596569575	1.240756211609746	0.19760660436483687	1	1
intraciliary retrograde transport	GO:0035721		7	1	1.104427688644481	-0.09932727196972693	0.8129096848478663	0.6994625284929428	1	1
interleukin-12-mediated signaling pathway	GO:0035722		9	0	1.4199784568286185	-Inf	0	1	1	1
interleukin-15-mediated signaling pathway	GO:0035723		10	1	1.577753840920687	-0.4560022159084593	0.5976018042874566	0.7868500319994607	1	1
sodium ion transmembrane transport	GO:0035725		44	2	6.9421169000510234	-1.2444595762727295	0.28425313097344823	0.9944124196389234	1	1
response to hepatocyte growth factor	GO:0035728		5	1	0.7888769204603435	0.23714496465148602	1.0585560331525345	0.5762657973197276	1	1
cellular response to hepatocyte growth factor stimulus	GO:0035729		5	1	0.7888769204603435	0.23714496465148602	1.0585560331525345	0.5762657973197276	1	1
intraciliary transport involved in cilium assembly	GO:0035735		6	5	0.9466523045524122	1.6642613202916319	2.366251887765647	5.08056399447576e-4	1	1
regulation of lysosomal lumen pH	GO:0035751		17	3	2.682181529565168	0.11198182169747993	0.962729308239504	0.5165059234299028	1	1
endothelial cell chemotaxis	GO:0035767		8	0	1.2622030727365496	-Inf	0	1	1	1
interleukin-4-mediated signaling pathway	GO:0035771		6	0	0.9466523045524122	-Inf	0	1	1	1
positive regulation of insulin secretion involved in cellular response to glucose stimulus	GO:0035774		8	1	1.2622030727365496	-0.23285866459424956	0.7266172585054973	0.7468987684659543	1	1
platelet-derived growth factor receptor-beta signaling pathway	GO:0035791		6	1	0.9466523045524122	0.054823407857531446	0.9206658936334867	0.6431395801290278	1	1
positive regulation of mitochondrial membrane permeability	GO:0035794		15	1	2.366630761381031	-0.8614673240166237	0.410882473242539	0.9239788612153117	1	1
negative regulation of mitochondrial membrane permeability	GO:0035795		9	2	1.4199784568286185	0.34250548030931227	1.142896492055841	0.4272886601979041	1	1
modulation of process of another organism	GO:0035821		96	5	15.146436872838596	-1.1083274019481495	0.32439136221396586	0.9995983759258564	1	1
homologous recombination	GO:0035825		21	3	3.313283065933443	-0.09932727196972693	0.8129096848478663	0.6319932023100667	1	1
glial cell-derived neurotrophic factor receptor signaling pathway	GO:0035860		11	1	1.7355292250127559	-0.5513123957127841	0.5483037732141072	0.8204970178727164	1	1
protein K11-linked deubiquitination	GO:0035871		11	2	1.7355292250127559	0.14183478484716117	0.9851310298618374	0.5371248474375075	1	1
nucleotide-binding domain, leucine rich repeat containing receptor signaling pathway	GO:0035872		16	3	2.5244061454730993	0.17260644351391496	1.0085246724610224	0.4738960557783739	1	1
enteroendocrine cell differentiation	GO:0035883		6	0	0.9466523045524122	-Inf	0	1	1	1
exit from host cell	GO:0035891		28	1	4.417710754577924	-1.4856216330896175	0.22447173104470095	0.9838193454025062	1	1
cellular response to vascular endothelial growth factor stimulus	GO:0035924		31	0	4.89103690685413	-Inf	0	1	1	1
response to topologically incorrect protein	GO:0035966		79	4	12.464255343273429	-1.1365706142615446	0.31564989117074377	0.9991887131519327	1	1
cellular response to topologically incorrect protein	GO:0035967		57	4	8.993196893247916	-0.810174029629073	0.4312853961499818	0.9855115233714395	1	1
peptidyl-threonine dephosphorylation	GO:0035970		9	0	1.4199784568286185	-Inf	0	1	1	1
aggrephagy	GO:0035973		6	1	0.9466523045524122	0.054823407857531446	0.9206658936334867	0.6431395801290278	1	1
endodermal cell differentiation	GO:0035987		11	1	1.7355292250127559	-0.5513123957127841	0.5483037732141072	0.8488342349162374	1	1
response to muscle stretch	GO:0035994		11	0	1.7355292250127559	-Inf	0	1	1	1
detection of muscle stretch	GO:0035995		6	0	0.9466523045524122	-Inf	0	1	1	1
tetrahydrofolate interconversion	GO:0035999		5	1	0.7888769204603435	0.23714496465148602	1.0585560331525345	0.5762657973197276	1	1
protein localization to endosome	GO:0036010		10	2	1.577753840920687	0.23714496465148602	1.0585560331525345	0.4840271591401576	1	1
response to erythropoietin	GO:0036017		5	1	0.7888769204603435	0.23714496465148602	1.0585560331525345	0.5762657973197276	1	1
cellular response to erythropoietin	GO:0036018		5	1	0.7888769204603435	0.23714496465148602	1.0585560331525345	0.5762657973197276	1	1
fucosylation	GO:0036065		6	1	0.9466523045524122	0.054823407857531446	0.9206658936334867	0.6431395801290278	1	1
cleavage furrow formation	GO:0036089		5	1	0.7888769204603435	0.23714496465148602	1.0585560331525345	0.5762657973197276	1	1
phosphatidylinositol-3-phosphate biosynthetic process	GO:0036092		5	2	0.7888769204603435	0.9302921452114313	1.660243592711515	0.17926462372048302	1	1
alpha-linolenic acid metabolic process	GO:0036109		10	0	1.577753840920687	-Inf	0	1	1	1
response to platelet-derived growth factor	GO:0036119		7	0	1.104427688644481	-Inf	0	1	1	1
cellular response to platelet-derived growth factor stimulus	GO:0036120		7	0	1.104427688644481	-Inf	0	1	1	1
phosphatidylglycerol acyl-chain remodeling	GO:0036148		9	2	1.4199784568286185	0.34250548030931227	1.142896492055841	0.4272886601979041	1	1
phosphatidylserine acyl-chain remodeling	GO:0036150		9	3	1.4199784568286185	0.7479705884174768	1.4929330427012544	0.1578295083757136	1	1
phosphatidylcholine acyl-chain remodeling	GO:0036151		13	1	2.0510799931968933	-0.7183664803759503	0.47004679746433364	0.8927979358372273	1	1
phosphatidylethanolamine acyl-chain remodeling	GO:0036152		11	2	1.7355292250127559	0.14183478484716117	0.9851310298618374	0.5371248474375075	1	1
outer dynein arm assembly	GO:0036158		16	1	2.5244061454730993	-0.9260058451541948	0.3864422976582265	0.9359833340499569	1	1
inner dynein arm assembly	GO:0036159		12	2	1.8933046091048245	0.054823407857531446	0.9206658936334867	0.586317921862617	1	1
granulocyte activation	GO:0036230		21	1	3.313283065933443	-1.1979395606378367	0.29741149256349064	0.9728970148697752	1	1
multivesicular body organization	GO:0036257		22	1	3.4710584500255117	-1.2444595762727295	0.28425313097344823	0.9617755394453003	1	1
multivesicular body assembly	GO:0036258		21	1	3.313283065933443	-1.1979395606378367	0.29741149256349064	0.9546061989867662	1	1
RNA capping	GO:0036260		7	2	1.104427688644481	0.5938199085902184	1.355718486679157	0.24189688327322753	1	1
peptidyl-serine autophosphorylation	GO:0036289		5	1	0.7888769204603435	0.23714496465148602	1.0585560331525345	0.4968655625998786	1	1
response to decreased oxygen levels	GO:0036293		94	13	14.830886104654459	-0.1317625477228808	0.791334101285366	0.7107272972238197	1	1
cellular response to decreased oxygen levels	GO:0036294		51	6	8.046544588695504	-0.2934832864106843	0.6896729147432906	0.8220438781364294	1	1
cellular response to increased oxygen levels	GO:0036295		9	0	1.4199784568286185	-Inf	0	1	1	1
response to increased oxygen levels	GO:0036296		9	0	1.4199784568286185	-Inf	0	1	1	1
interstrand cross-link repair	GO:0036297		25	4	3.9443846023017177	0.014001413337276206	0.8913086549901676	0.5377938690207902	1	1
lymph vessel morphogenesis	GO:0036303		7	1	1.104427688644481	-0.09932727196972693	0.8129096848478663	0.6994625284929428	1	1
response to sterol	GO:0036314		17	5	2.682181529565168	0.6228074454634707	1.3811789394231835	0.11676892680708664	1	1
cellular response to sterol	GO:0036315		11	4	1.7355292250127559	0.8349819654071065	1.572179798141526	0.0809936047670405	1	1
vascular endothelial growth factor receptor-2 signaling pathway	GO:0036324		5	0	0.7888769204603435	-Inf	0	1	1	1
dendritic cell migration	GO:0036336		12	4	1.8933046091048245	0.7479705884174768	1.4929330427012544	0.10687182127245345	1	1
platelet morphogenesis	GO:0036344		9	0	1.4199784568286185	-Inf	0	1	1	1
sodium ion export across plasma membrane	GO:0036376		7	0	1.104427688644481	-Inf	0	1	1	1
calcium import into the mitochondrion	GO:0036444		9	0	1.4199784568286185	-Inf	0	1	1	1
TRAIL-activated apoptotic signaling pathway	GO:0036462		8	1	1.2622030727365496	-0.23285866459424956	0.7266172585054973	0.7468987684659543	1	1
synaptic vesicle recycling	GO:0036465		13	2	2.0510799931968933	-0.02521929981600501	0.8636537464594634	0.631516375655002	1	1
regulation of translation in response to endoplasmic reticulum stress	GO:0036490		8	0	1.2622030727365496	-Inf	0	1	1	1
PERK-mediated unfolded protein response	GO:0036499		7	0	1.104427688644481	-Inf	0	1	1	1
ATF6-mediated unfolded protein response	GO:0036500		6	0	0.9466523045524122	-Inf	0	1	1	1
ERAD pathway	GO:0036503		62	5	9.78207381370826	-0.6711135955254047	0.4911526412340279	0.9760341247383042	1	1
protein demannosylation	GO:0036507		15	2	2.366630761381031	-0.16832014345667848	0.7674866162952108	0.7101598045809759	1	1
protein alpha-1,2-demannosylation	GO:0036508		15	2	2.366630761381031	-0.16832014345667848	0.7674866162952108	0.7101598045809759	1	1
signal transduction in absence of ligand	GO:0038034		5	0	0.7888769204603435	-Inf	0	1	1	1
interleukin-5-mediated signaling pathway	GO:0038043		6	0	0.9466523045524122	-Inf	0	1	1	1
nitric oxide-cGMP-mediated signaling	GO:0038060		9	0	1.4199784568286185	-Inf	0	1	1	1
non-canonical NF-kappaB signal transduction	GO:0038061		18	1	2.839956913657237	-1.0437888808105784	0.34522000318667345	0.9460927581740545	1	1
collagen-activated signaling pathway	GO:0038065		6	1	0.9466523045524122	0.054823407857531446	0.9206658936334867	0.6431395801290278	1	1
p38MAPK cascade	GO:0038066		7	1	1.104427688644481	-0.09932727196972693	0.8129096848478663	0.6994625284929428	1	1
peptidyl-tyrosine autophosphorylation	GO:0038083		10	1	1.577753840920687	-0.4560022159084593	0.5976018042874566	0.8204970178727164	1	1
vascular endothelial growth factor signaling pathway	GO:0038084		12	0	1.8933046091048245	-Inf	0	1	1	1
nodal signaling pathway	GO:0038092		7	1	1.104427688644481	-0.09932727196972693	0.8129096848478663	0.6431395801290278	1	1
Fc receptor signaling pathway	GO:0038093		47	4	7.4154430523272294	-0.6172703635045815	0.5161848720954376	0.9519500961059997	1	1
Fc-gamma receptor signaling pathway	GO:0038094		28	3	4.417710754577924	-0.38700934442150786	0.6354479636426911	0.8409015413639225	1	1
Fc-epsilon receptor signaling pathway	GO:0038095		21	2	3.313283065933443	-0.5047923800778914	0.571935864997809	0.8661310563927106	1	1
Fc-gamma receptor signaling pathway involved in phagocytosis	GO:0038096		22	3	3.4710584500255117	-0.14584728760461974	0.7820869716603195	0.697540469218688	1	1
interleukin-2-mediated signaling pathway	GO:0038110		8	0	1.2622030727365496	-Inf	0	1	1	1
interleukin-7-mediated signaling pathway	GO:0038111		8	0	1.2622030727365496	-Inf	0	1	1	1
interleukin-9-mediated signaling pathway	GO:0038113		8	0	1.2622030727365496	-Inf	0	1	1	1
ERBB signaling pathway	GO:0038127		52	2	8.204319972787573	-1.4115136609358956	0.2414219726866582	0.9985922263912936	1	1
ERBB2 signaling pathway	GO:0038128		13	0	2.0510799931968933	-Inf	0	1	1	1
ERBB4 signaling pathway	GO:0038130		5	0	0.7888769204603435	-Inf	0	1	1	1
ERBB2-EGFR signaling pathway	GO:0038134		6	0	0.9466523045524122	-Inf	0	1	1	1
chemokine (C-X-C motif) ligand 12 signaling pathway	GO:0038146		6	2	0.9466523045524122	0.7479705884174768	1.4929330427012544	0.24189688327322753	1	1
interleukin-11-mediated signaling pathway	GO:0038154		5	0	0.7888769204603435	-Inf	0	1	1	1
interleukin-23-mediated signaling pathway	GO:0038155		6	0	0.9466523045524122	-Inf	0	1	1	1
interleukin-3-mediated signaling pathway	GO:0038156		5	0	0.7888769204603435	-Inf	0	1	1	1
C-X-C chemokine receptor CXCR4 signaling pathway	GO:0038159		5	2	0.7888769204603435	0.9302921452114313	1.660243592711515	0.17926462372048302	1	1
erythropoietin-mediated signaling pathway	GO:0038162		5	1	0.7888769204603435	0.23714496465148602	1.0585560331525345	0.5762657973197276	1	1
thrombopoietin-mediated signaling pathway	GO:0038163		5	0	0.7888769204603435	-Inf	0	1	1	1
angiotensin-activated signaling pathway	GO:0038166		9	0	1.4199784568286185	-Inf	0	1	1	1
interleukin-33-mediated signaling pathway	GO:0038172		7	0	1.104427688644481	-Inf	0	1	1	1
interleukin-17A-mediated signaling pathway	GO:0038173		6	0	0.9466523045524122	-Inf	0	1	1	1
neurotrophin signaling pathway	GO:0038179		5	0	0.7888769204603435	-Inf	0	1	1	1
TORC1 signaling	GO:0038202		5	0	0.7888769204603435	-Inf	0	1	1	1
TORC2 signaling	GO:0038203		7	1	1.104427688644481	-0.09932727196972693	0.8129096848478663	0.6994625284929428	1	1
RIG-I signaling pathway	GO:0039529		7	2	1.104427688644481	0.5938199085902184	1.355718486679157	0.3052018899455362	1	1
regulation of cytoplasmic pattern recognition receptor signaling pathway	GO:0039531		107	10	16.88196609785135	-0.523660864382274	0.5622523556711981	0.9772296625534003	1	1
negative regulation of cytoplasmic pattern recognition receptor signaling pathway	GO:0039532		58	6	9.150972277339985	-0.42210066423277787	0.6159704844077175	0.8949347018848997	1	1
regulation of MDA-5 signaling pathway	GO:0039533		7	0	1.104427688644481	-Inf	0	1	1	1
regulation of RIG-I signaling pathway	GO:0039535		20	2	3.155507681841374	-0.4560022159084593	0.5976018042874566	0.8470652783357171	1	1
negative regulation of RIG-I signaling pathway	GO:0039536		7	1	1.104427688644481	-0.09932727196972693	0.8129096848478663	0.6994625284929428	1	1
viral budding via host ESCRT complex	GO:0039702		22	0	3.4710584500255117	-Inf	0	1	1	1
establishment of mitotic spindle localization	GO:0040001		26	1	4.1021599863937865	-1.4115136609358956	0.2414219726866582	0.9885283576275847	1	1
growth	GO:0040007		38	4	5.9954645954986105	-0.40470892152090865	0.625564683896595	0.870862629465618	1	1
locomotion	GO:0040011		182	13	28.715119904756506	-0.7924744525296722	0.4385317160500693	0.9997620496866158	1	1
regulation of multicellular organism growth	GO:0040014		7	0	1.104427688644481	-Inf	0	1	1	1
positive regulation of multicellular organism growth	GO:0040018		7	0	1.104427688644481	-Inf	0	1	1	1
epigenetic regulation of gene expression	GO:0040029		139	18	21.93077838879755	-0.19751929814894056	0.7488004618959487	0.8242735692665537	1	1
regulation of fibroblast growth factor receptor signaling pathway	GO:0040036		14	1	2.208855377288962	-0.7924744525296722	0.4385317160500693	0.9097242574396893	1	1
negative regulation of fibroblast growth factor receptor signaling pathway	GO:0040037		5	0	0.7888769204603435	-Inf	0	1	1	1
protein refolding	GO:0042026		15	0	2.366630761381031	-Inf	0	1	1	1
fluid transport	GO:0042044		15	2	2.366630761381031	-0.16832014345667848	0.7674866162952108	0.7101598045809759	1	1
regulation of epidermal growth factor receptor signaling pathway	GO:0042058		47	1	7.4154430523272294	-2.0035647246244723	0.13444828727981453	0.9996328005432856	1	1
negative regulation of epidermal growth factor receptor signaling pathway	GO:0042059		20	0	3.155507681841374	-Inf	0	1	1	1
wound healing	GO:0042060		157	16	24.77073530245479	-0.43707420602294045	0.6078032142868233	0.9740050973546708	1	1
gliogenesis	GO:0042063		27	0	4.259935370485855	-Inf	0	1	1	1
intraciliary transport	GO:0042073		19	8	2.9977322977493053	0.9815854395989819	1.7081195085996337	0.005589745828547676	1	1
T-helper 1 type immune response	GO:0042088		9	1	1.4199784568286185	-0.350641700250633	0.6561334090262664	0.7868500319994607	1	1
type 2 immune response	GO:0042092		8	0	1.2622030727365496	-Inf	0	1	1	1
T-helper cell differentiation	GO:0042093		18	4	2.839956913657237	0.34250548030931227	1.142896492055841	0.31314145199972365	1	1
T cell proliferation	GO:0042098		9	2	1.4199784568286185	0.34250548030931227	1.142896492055841	0.4272886601979041	1	1
B cell proliferation	GO:0042100		8	0	1.2622030727365496	-Inf	0	1	1	1
positive regulation of T cell proliferation	GO:0042102		57	5	8.993196893247916	-0.5870304783148633	0.5307099413479005	0.9583149120390922	1	1
positive regulation of activated T cell proliferation	GO:0042104		16	3	2.5244061454730993	0.17260644351391496	1.0085246724610224	0.4738960557783739	1	1
T cell activation	GO:0042110		96	11	15.146436872838596	-0.3198700415838792	0.6740334707962954	0.9016781930396719	1	1
B cell activation	GO:0042113		39	8	6.15323997959068	0.26246277263577583	1.0785291403218098	0.2661481132163096	1	1
macrophage activation	GO:0042116		19	2	2.9977322977493053	-0.40470892152090865	0.625564683896595	0.825558070733152	1	1
monocyte activation	GO:0042117		7	1	1.104427688644481	-0.09932727196972693	0.8129096848478663	0.6994625284929428	1	1
endothelial cell activation	GO:0042118		8	0	1.2622030727365496	-Inf	0	1	1	1
neutrophil activation	GO:0042119		18	1	2.839956913657237	-1.0437888808105784	0.34522000318667345	0.9546061989867662	1	1
regulation of T cell proliferation	GO:0042129		86	7	13.56868303191791	-0.6618542701126081	0.4953823322009658	0.9865233501731037	1	1
negative regulation of T cell proliferation	GO:0042130		29	2	4.5754861386699925	-0.8275657723409423	0.42426863940338144	0.9491310581323991	1	1
retrograde transport, endosome to Golgi	GO:0042147		72	13	11.359827654628948	0.13486611553106778	0.979875634244637	0.28760294320064184	1	1
cellular response to glucose starvation	GO:0042149		32	2	5.0488122909461985	-0.9260058451541948	0.3864422976582265	0.9713618809532663	1	1
lipoprotein metabolic process	GO:0042157		42	3	6.626566131866886	-0.7924744525296722	0.4385317160500693	0.9712962240175609	1	1
lipoprotein biosynthetic process	GO:0042158		31	2	4.89103690685413	-0.8942571468396145	0.3982964377488585	0.9668989887351941	1	1
lipoprotein catabolic process	GO:0042159		9	1	1.4199784568286185	-0.350641700250633	0.6561334090262664	0.7868500319994607	1	1
heme catabolic process	GO:0042167		9	3	1.4199784568286185	0.7479705884174768	1.4929330427012544	0.08363436659245334	1	1
heme metabolic process	GO:0042168		28	8	4.417710754577924	0.5938199085902184	1.355718486679157	0.04177423379089817	1	1
negative regulation of protein catabolic process	GO:0042177		82	6	12.937581495549635	-0.7683769009506117	0.44856995442302844	0.9922212638389618	1	1
xenobiotic catabolic process	GO:0042178		22	2	3.4710584500255117	-0.5513123957127841	0.5483037732141072	0.8470652783357171	1	1
cellular ketone metabolic process	GO:0042180		58	3	9.150972277339985	-1.1152478447927232	0.3222287536226962	0.9967313158412411	1	1
ketone biosynthetic process	GO:0042181		24	2	3.786609218209649	-0.6383237727024138	0.506271076694502	0.910958947514297	1	1
ketone catabolic process	GO:0042182		5	0	0.7888769204603435	-Inf	0	1	1	1
cellular modified amino acid catabolic process	GO:0042219		16	1	2.5244061454730993	-0.9260058451541948	0.3864422976582265	0.9359833340499569	1	1
ribosome biogenesis	GO:0042254		172	5	27.13736606383582	-1.6914736872937663	0.1832209593258574	0.9999999860816613	1	1
ribosome assembly	GO:0042255		37	1	5.837689211406543	-1.7643350355586382	0.17047375860197075	0.9975609017020345	1	1
cytosolic ribosome assembly	GO:0042256		7	0	1.104427688644481	-Inf	0	1	1	1
natural killer cell mediated cytotoxicity	GO:0042267		28	2	4.417710754577924	-0.7924744525296722	0.4385317160500693	0.9325601087715927	1	1
regulation of natural killer cell mediated cytotoxicity	GO:0042269		41	4	6.468790747774817	-0.48069482849883083	0.5844991305562128	0.9060491973351603	1	1
protection from natural killer cell mediated cytotoxicity	GO:0042270		6	0	0.9466523045524122	-Inf	0	1	1	1
ribosomal large subunit biogenesis	GO:0042273		36	1	5.679913827314474	-1.7369360613705236	0.17516192305379188	0.9965590123608755	1	1
ribosomal small subunit biogenesis	GO:0042274		75	0	11.833153806905154	-Inf	0	1	1	1
error-prone translesion synthesis	GO:0042276		9	4	1.4199784568286185	1.0356526608692576	1.7589125919736386	0.040084024458259114	1	1
purine nucleoside metabolic process	GO:0042278		12	2	1.8933046091048245	0.054823407857531446	0.9206658936334867	0.586317921862617	1	1
vocal learning	GO:0042297		6	0	0.9466523045524122	-Inf	0	1	1	1
molting cycle	GO:0042303		21	0	3.313283065933443	-Inf	0	1	1	1
regulation of fatty acid biosynthetic process	GO:0042304		23	3	3.62883383411758	-0.19029905017545348	0.7533910997393815	0.697540469218688	1	1
regulation of protein import into nucleus	GO:0042306		32	3	5.0488122909461985	-0.5205407370460303	0.5638443550198389	0.8999556054641106	1	1
positive regulation of protein import into nucleus	GO:0042307		23	3	3.62883383411758	-0.19029905017545348	0.7533910997393815	0.7268153437843944	1	1
negative regulation of protein import into nucleus	GO:0042308		8	0	1.2622030727365496	-Inf	0	1	1	1
vasoconstriction	GO:0042310		9	0	1.4199784568286185	-Inf	0	1	1	1
vasodilation	GO:0042311		14	2	2.208855377288962	-0.09932727196972693	0.8129096848478663	0.6727557550052204	1	1
negative regulation of phosphorylation	GO:0042326		103	9	16.250864561483077	-0.59092153380783	0.5288219945809765	0.9847844593653542	1	1
taxis	GO:0042330		181	13	28.557344520664437	-0.7869647967187027	0.4408092446747923	0.9997620496866158	1	1
keratan sulfate metabolic process	GO:0042339		18	1	2.839956913657237	-1.0437888808105784	0.34522000318667345	0.9546061989867662	1	1
GDP-L-fucose biosynthetic process	GO:0042350		5	1	0.7888769204603435	0.23714496465148602	1.0585560331525345	0.5762657973197276	1	1
vitamin D metabolic process	GO:0042359		12	1	1.8933046091048245	-0.6383237727024138	0.506271076694502	0.8204970178727164	1	1
fat-soluble vitamin catabolic process	GO:0042363		9	0	1.4199784568286185	-Inf	0	1	1	1
vitamin K metabolic process	GO:0042373		9	0	1.4199784568286185	-Inf	0	1	1	1
regulation of membrane potential	GO:0042391		166	8	26.190713759283405	-1.1859633695911207	0.30089096528048936	0.9999968245940007	1	1
cellular modified amino acid biosynthetic process	GO:0042398		21	6	3.313283065933443	0.5938199085902184	1.355718486679157	0.10042395685285604	1	1
biogenic amine biosynthetic process	GO:0042401		17	0	2.682181529565168	-Inf	0	1	1	1
cellular biogenic amine catabolic process	GO:0042402		14	4	2.208855377288962	0.5938199085902184	1.355718486679157	0.13593630633683412	1	1
thyroid hormone metabolic process	GO:0042403		16	4	2.5244061454730993	0.46028851596569575	1.240756211609746	0.23780739969536002	1	1
cristae formation	GO:0042407		13	0	2.0510799931968933	-Inf	0	1	1	1
dopamine biosynthetic process	GO:0042416		5	0	0.7888769204603435	-Inf	0	1	1	1
dopamine metabolic process	GO:0042417		18	1	2.839956913657237	-1.0437888808105784	0.34522000318667345	0.9460927581740545	1	1
dopamine catabolic process	GO:0042420		7	1	1.104427688644481	-0.09932727196972693	0.8129096848478663	0.6431395801290278	1	1
catecholamine biosynthetic process	GO:0042423		7	0	1.104427688644481	-Inf	0	1	1	1
catecholamine catabolic process	GO:0042424		7	1	1.104427688644481	-0.09932727196972693	0.8129096848478663	0.6431395801290278	1	1
indole-containing compound metabolic process	GO:0042430		12	0	1.8933046091048245	-Inf	0	1	1	1
indole-containing compound catabolic process	GO:0042436		7	0	1.104427688644481	-Inf	0	1	1	1
melanin biosynthetic process	GO:0042438		6	1	0.9466523045524122	0.054823407857531446	0.9206658936334867	0.6431395801290278	1	1
pigment metabolic process	GO:0042440		43	9	6.784341515958955	0.2826073387282433	1.0945562158770397	0.13367136230115942	1	1
hormone metabolic process	GO:0042445		123	9	19.40637224332445	-0.7683769009506117	0.44856995442302844	0.9975944368862941	1	1
hormone biosynthetic process	GO:0042446		28	1	4.417710754577924	-1.4856216330896175	0.22447173104470095	0.9903409722146757	1	1
hormone catabolic process	GO:0042447		13	2	2.0510799931968933	-0.02521929981600501	0.8636537464594634	0.631516375655002	1	1
progesterone metabolic process	GO:0042448		9	0	1.4199784568286185	-Inf	0	1	1	1
ribonucleoside catabolic process	GO:0042454		11	2	1.7355292250127559	0.14183478484716117	0.9851310298618374	0.5371248474375075	1	1
ear morphogenesis	GO:0042471		10	1	1.577753840920687	-0.4560022159084593	0.5976018042874566	0.8204970178727164	1	1
inner ear morphogenesis	GO:0042472		7	0	1.104427688644481	-Inf	0	1	1	1
odontogenesis of dentin-containing tooth	GO:0042475		14	2	2.208855377288962	-0.09932727196972693	0.8129096848478663	0.6727557550052204	1	1
odontogenesis	GO:0042476		28	3	4.417710754577924	-0.38700934442150786	0.6354479636426911	0.8409015413639225	1	1
regulation of tyrosine phosphorylation of STAT protein	GO:0042509		22	1	3.4710584500255117	-1.2444595762727295	0.28425313097344823	0.9728970148697752	1	1
positive regulation of tyrosine phosphorylation of STAT protein	GO:0042531		19	1	2.9977322977493053	-1.097856102080854	0.32768935881794536	0.9546061989867662	1	1
benzene-containing compound metabolic process	GO:0042537		11	2	1.7355292250127559	0.14183478484716117	0.9851310298618374	0.5371248474375075	1	1
response to hydrogen peroxide	GO:0042542		35	5	5.522138443222405	-0.09932727196972704	0.8129096848478662	0.6665318748965474	1	1
neuron maturation	GO:0042551		9	0	1.4199784568286185	-Inf	0	1	1	1
myelination	GO:0042552		14	1	2.208855377288962	-0.7924744525296722	0.4385317160500693	0.9097242574396893	1	1
superoxide anion generation	GO:0042554		11	1	1.7355292250127559	-0.5513123957127841	0.5483037732141072	0.8204970178727164	1	1
pteridine-containing compound metabolic process	GO:0042558		26	3	4.1021599863937865	-0.3129013722677859	0.6781377884159226	0.8013373570208429	1	1
pteridine-containing compound biosynthetic process	GO:0042559		7	0	1.104427688644481	-Inf	0	1	1	1
retinol metabolic process	GO:0042572		13	1	2.0510799931968933	-0.7183664803759503	0.47004679746433364	0.8927979358372273	1	1
retinoic acid metabolic process	GO:0042573		20	0	3.155507681841374	-Inf	0	1	1	1
retinal metabolic process	GO:0042574		12	1	1.8933046091048245	-0.6383237727024138	0.506271076694502	0.8488342349162374	1	1
glucose homeostasis	GO:0042593		47	4	7.4154430523272294	-0.6172703635045815	0.5161848720954376	0.9461141817821546	1	1
response to starvation	GO:0042594		111	10	17.513067634219627	-0.5603622312327021	0.5438009989693489	0.9869321495627422	1	1
cholesterol homeostasis	GO:0042632		42	4	6.626566131866886	-0.5047923800778914	0.571935864997809	0.9157294312685488	1	1
hair cycle	GO:0042633		21	0	3.313283065933443	-Inf	0	1	1	1
regulation of hair cycle	GO:0042634		11	1	1.7355292250127559	-0.5513123957127841	0.5483037732141072	0.8204970178727164	1	1
muscle cell differentiation	GO:0042692		55	6	8.677646125063779	-0.36899083891882956	0.6456330510707288	0.8740995312860365	1	1
thiamine-containing compound metabolic process	GO:0042723		6	0	0.9466523045524122	-Inf	0	1	1	1
flavin-containing compound metabolic process	GO:0042726		6	0	0.9466523045524122	-Inf	0	1	1	1
fibrinolysis	GO:0042730		11	0	1.7355292250127559	-Inf	0	1	1	1
embryonic digit morphogenesis	GO:0042733		13	2	2.0510799931968933	-0.02521929981600501	0.8636537464594634	0.631516375655002	1	1
defense response to bacterium	GO:0042742		164	10	25.87516299109927	-0.9506984577445664	0.377444850288692	0.9994689275609778	1	1
hydrogen peroxide metabolic process	GO:0042743		19	2	2.9977322977493053	-0.40470892152090865	0.625564683896595	0.825558070733152	1	1
hydrogen peroxide catabolic process	GO:0042744		12	0	1.8933046091048245	-Inf	0	1	1	1
regulation of circadian rhythm	GO:0042752		30	2	4.733261522762062	-0.8614673240166237	0.410882473242539	0.9617699887084894	1	1
positive regulation of circadian rhythm	GO:0042753		6	0	0.9466523045524122	-Inf	0	1	1	1
long-chain fatty acid catabolic process	GO:0042758		6	1	0.9466523045524122	0.054823407857531446	0.9206658936334867	0.6431395801290278	1	1
long-chain fatty acid biosynthetic process	GO:0042759		22	3	3.4710584500255117	-0.14584728760461974	0.7820869716603195	0.697540469218688	1	1
very long-chain fatty acid biosynthetic process	GO:0042761		11	3	1.7355292250127559	0.5472998929553256	1.3152208683526203	0.2450875618020846	1	1
regulation of sulfur metabolic process	GO:0042762		9	2	1.4199784568286185	0.34250548030931227	1.142896492055841	0.4272886601979041	1	1
signal transduction in response to DNA damage	GO:0042770		108	11	17.03974148194342	-0.43765307724026276	0.6074891951351205	0.9546856738778361	1	1
intrinsic apoptotic signaling pathway in response to DNA damage by p53 class mediator	GO:0042771		17	2	2.682181529565168	-0.2934832864106844	0.6896729147432905	0.7742325480643975	1	1
ATP synthesis coupled electron transport	GO:0042773		17	0	2.682181529565168	-Inf	0	1	1	1
mitochondrial ATP synthesis coupled electron transport	GO:0042775		17	0	2.682181529565168	-Inf	0	1	1	1
proton motive force-driven mitochondrial ATP synthesis	GO:0042776		12	0	1.8933046091048245	-Inf	0	1	1	1
tRNA 3'-end processing	GO:0042780		7	0	1.104427688644481	-Inf	0	1	1	1
mRNA transcription by RNA polymerase II	GO:0042789		30	2	4.733261522762062	-0.8614673240166237	0.410882473242539	0.9617699887084894	1	1
5S class rRNA transcription by RNA polymerase III	GO:0042791		6	0	0.9466523045524122	-Inf	0	1	1	1
snRNA transcription by RNA polymerase II	GO:0042795		9	0	1.4199784568286185	-Inf	0	1	1	1
snRNA transcription by RNA polymerase III	GO:0042796		7	0	1.104427688644481	-Inf	0	1	1	1
tRNA transcription by RNA polymerase III	GO:0042797		7	0	1.104427688644481	-Inf	0	1	1	1
defense response to protozoan	GO:0042832		5	0	0.7888769204603435	-Inf	0	1	1	1
amide transport	GO:0042886		57	3	8.993196893247916	-1.097856102080854	0.32768935881794536	0.9962387132875796	1	1
xenobiotic transport	GO:0042908		34	4	5.364363059130336	-0.2934832864106844	0.6896729147432905	0.8067601788730798	1	1
lipoprotein transport	GO:0042953		12	2	1.8933046091048245	0.054823407857531446	0.9206658936334867	0.586317921862617	1	1
amyloid precursor protein metabolic process	GO:0042982		19	3	2.9977322977493053	7.561865872556224e-4	0.8819083927546117	0.595716910168776	1	1
regulation of amyloid precursor protein biosynthetic process	GO:0042984		5	1	0.7888769204603435	0.23714496465148602	1.0585560331525345	0.5762657973197276	1	1
amyloid precursor protein catabolic process	GO:0042987		15	3	2.366630761381031	0.23714496465148582	1.0585560331525345	0.42962943276280896	1	1
regulation of Golgi to plasma membrane protein transport	GO:0042996		6	0	0.9466523045524122	-Inf	0	1	1	1
Golgi to plasma membrane protein transport	GO:0043001		22	2	3.4710584500255117	-0.5513123957127841	0.5483037732141072	0.8829901151101129	1	1
chordate embryonic development	GO:0043009		41	5	6.468790747774817	-0.25755127718462106	0.711399809532372	0.7968413432817284	1	1
camera-type eye development	GO:0043010		28	2	4.417710754577924	-0.7924744525296722	0.4385317160500693	0.9325601087715927	1	1
T cell homeostasis	GO:0043029		6	0	0.9466523045524122	-Inf	0	1	1	1
regulation of macrophage activation	GO:0043030		21	2	3.313283065933443	-0.5047923800778914	0.571935864997809	0.8661310563927106	1	1
negative regulation of macrophage activation	GO:0043031		5	0	0.7888769204603435	-Inf	0	1	1	1
positive regulation of macrophage activation	GO:0043032		11	1	1.7355292250127559	-0.5513123957127841	0.5483037732141072	0.8488342349162374	1	1
amino acid activation	GO:0043038		36	0	5.679913827314474	-Inf	0	1	1	1
tRNA aminoacylation	GO:0043039		36	0	5.679913827314474	-Inf	0	1	1	1
peptide biosynthetic process	GO:0043043		10	2	1.577753840920687	0.23714496465148602	1.0585560331525345	0.4840271591401576	1	1
epigenetic programming of gene expression	GO:0043045		10	1	1.577753840920687	-0.4560022159084593	0.5976018042874566	0.8204970178727164	1	1
extracellular structure organization	GO:0043062		84	6	13.253132263733772	-0.7924744525296722	0.4385317160500693	0.9944950563820505	1	1
negative regulation of catalytic activity	GO:0043086		150	14	23.666307613810307	-0.5249950873954108	0.5615727091148413	0.9916248629625728	1	1
regulation of GTPase activity	GO:0043087		113	5	17.828618402403766	-1.2713670291926538	0.27689605396227923	0.9999650990124311	1	1
cellular metabolic compound salvage	GO:0043094		21	3	3.313283065933443	-0.09932727196972693	0.8129096848478663	0.6659403867942789	1	1
purine-containing compound salvage	GO:0043101		7	1	1.104427688644481	-0.09932727196972693	0.8129096848478663	0.6994625284929428	1	1
amino acid salvage	GO:0043102		5	0	0.7888769204603435	-Inf	0	1	1	1
receptor metabolic process	GO:0043112		28	5	4.417710754577924	0.12381627934448283	0.9715749296796196	0.4258881334910857	1	1
receptor clustering	GO:0043113		14	2	2.208855377288962	-0.09932727196972693	0.8129096848478663	0.6727557550052204	1	1
regulation of vascular permeability	GO:0043114		31	0	4.89103690685413	-Inf	0	1	1	1
negative regulation of vascular permeability	GO:0043116		13	0	2.0510799931968933	-Inf	0	1	1	1
positive regulation of vascular permeability	GO:0043117		13	0	2.0510799931968933	-Inf	0	1	1	1
regulation of canonical NF-kappaB signal transduction	GO:0043122		181	27	28.557344520664437	-0.05607728817591031	0.842281869418484	0.6445042360261359	1	1
positive regulation of canonical NF-kappaB signal transduction	GO:0043123		122	19	19.248596859232382	-0.012999188481229718	0.8722117084157754	0.5631800208954745	1	1
negative regulation of canonical NF-kappaB signal transduction	GO:0043124		56	8	8.835421509155848	-0.09932727196972693	0.8129096848478663	0.6761578138610083	1	1
surfactant homeostasis	GO:0043129		5	0	0.7888769204603435	-Inf	0	1	1	1
stress fiber assembly	GO:0043149		15	1	2.366630761381031	-0.8614673240166237	0.410882473242539	0.9239788612153117	1	1
induction of bacterial agglutination	GO:0043152		5	0	0.7888769204603435	-Inf	0	1	1	1
proteasome-mediated ubiquitin-dependent protein catabolic process	GO:0043161		170	13	26.821815295651678	-0.7242662025031386	0.4674674771067225	0.9989894410600731	1	1
ubiquitin-dependent protein catabolic process via the multivesicular body sorting pathway	GO:0043162		23	1	3.62883383411758	-1.2889113388435631	0.2721969180173993	0.9617755394453003	1	1
peptide catabolic process	GO:0043171		11	2	1.7355292250127559	0.14183478484716117	0.9851310298618374	0.5371248474375075	1	1
nucleotide salvage	GO:0043173		7	1	1.104427688644481	-0.09932727196972693	0.8129096848478663	0.6994625284929428	1	1
nucleoside salvage	GO:0043174		6	2	0.9466523045524122	0.7479705884174768	1.4929330427012544	0.24189688327322753	1	1
response to amino acid	GO:0043200		34	1	5.364363059130336	-1.679777647530575	0.1853522859633019	0.9965590123608755	1	1
response to L-leucine	GO:0043201		10	0	1.577753840920687	-Inf	0	1	1	1
negative regulation of protein-containing complex disassembly	GO:0043242		30	0	4.733261522762062	-Inf	0	1	1	1
positive regulation of protein-containing complex disassembly	GO:0043243		26	4	4.1021599863937865	-0.02521929981600501	0.8636537464594634	0.6045164994093895	1	1
regulation of protein-containing complex disassembly	GO:0043244		65	4	10.255399965984466	-0.9415100316901601	0.3807704176498418	0.9947526340290953	1	1
telomere maintenance in response to DNA damage	GO:0043247		9	0	1.4199784568286185	-Inf	0	1	1	1
proteasome assembly	GO:0043248		8	0	1.2622030727365496	-Inf	0	1	1	1
sodium-independent organic anion transport	GO:0043252		10	1	1.577753840920687	-0.4560022159084593	0.5976018042874566	0.7868500319994607	1	1
regulation of carbohydrate biosynthetic process	GO:0043255		45	4	7.099892284143093	-0.573785251564843	0.5371787106201271	0.9324544623541315	1	1
regulation of potassium ion transport	GO:0043266		46	2	7.25766766823516	-1.2889113388435631	0.2721969180173993	0.9935004626411345	1	1
negative regulation of potassium ion transport	GO:0043267		17	1	2.682181529565168	-0.9866304669706297	0.36469283564378024	0.9359833340499569	1	1
positive regulation of potassium ion transport	GO:0043268		24	0	3.786609218209649	-Inf	0	1	1	1
positive regulation of monoatomic ion transport	GO:0043270		101	6	15.935313793298938	-0.976778170527618	0.3681495623780132	0.9986903889896308	1	1
negative regulation of monoatomic ion transport	GO:0043271		60	2	9.466523045524124	-1.5546145045765691	0.20972987435944143	0.9995268760631129	1	1
apoptotic cell clearance	GO:0043277		15	2	2.366630761381031	-0.16832014345667848	0.7674866162952108	0.7101598045809759	1	1
response to alkaloid	GO:0043279		12	3	1.8933046091048245	0.46028851596569575	1.240756211609746	0.29115947531196185	1	1
apical junction assembly	GO:0043297		25	2	3.9443846023017177	-0.6791457672226691	0.4875085810917311	0.910958947514297	1	1
leukocyte degranulation	GO:0043299		17	0	2.682181529565168	-Inf	0	1	1	1
regulation of leukocyte degranulation	GO:0043300		23	3	3.62883383411758	-0.19029905017545348	0.7533910997393815	0.7268153437843944	1	1
negative regulation of leukocyte degranulation	GO:0043301		7	2	1.104427688644481	0.5938199085902184	1.355718486679157	0.3052018899455362	1	1
positive regulation of leukocyte degranulation	GO:0043302		14	0	2.208855377288962	-Inf	0	1	1	1
mast cell degranulation	GO:0043303		8	0	1.2622030727365496	-Inf	0	1	1	1
regulation of mast cell degranulation	GO:0043304		10	2	1.577753840920687	0.23714496465148602	1.0585560331525345	0.4840271591401576	1	1
eosinophil activation	GO:0043307		5	0	0.7888769204603435	-Inf	0	1	1	1
eosinophil degranulation	GO:0043308		5	0	0.7888769204603435	-Inf	0	1	1	1
natural killer cell degranulation	GO:0043320		5	0	0.7888769204603435	-Inf	0	1	1	1
regulation of natural killer cell degranulation	GO:0043321		5	0	0.7888769204603435	-Inf	0	1	1	1
positive regulation of natural killer cell degranulation	GO:0043323		5	0	0.7888769204603435	-Inf	0	1	1	1
response to exogenous dsRNA	GO:0043330		20	2	3.155507681841374	-0.4560022159084593	0.5976018042874566	0.8470652783357171	1	1
response to dsRNA	GO:0043331		24	2	3.786609218209649	-0.6383237727024138	0.506271076694502	0.8978639028554195	1	1
CD4-positive, alpha-beta T cell differentiation	GO:0043367		19	4	2.9977322977493053	0.28843825903903664	1.0992173202606317	0.35164232463414163	1	1
positive T cell selection	GO:0043368		9	2	1.4199784568286185	0.34250548030931227	1.142896492055841	0.4272886601979041	1	1
CD4-positive or CD8-positive, alpha-beta T cell lineage commitment	GO:0043369		8	2	1.2622030727365496	0.46028851596569575	1.240756211609746	0.3674088486818622	1	1
regulation of CD4-positive, alpha-beta T cell differentiation	GO:0043370		17	1	2.682181529565168	-0.9866304669706297	0.36469283564378024	0.9460927581740545	1	1
negative regulation of CD4-positive, alpha-beta T cell differentiation	GO:0043371		8	1	1.2622030727365496	-0.23285866459424956	0.7266172585054973	0.7468987684659543	1	1
positive regulation of CD4-positive, alpha-beta T cell differentiation	GO:0043372		10	0	1.577753840920687	-Inf	0	1	1	1
CD4-positive, alpha-beta T cell lineage commitment	GO:0043373		7	2	1.104427688644481	0.5938199085902184	1.355718486679157	0.3052018899455362	1	1
mycotoxin metabolic process	GO:0043385		6	0	0.9466523045524122	-Inf	0	1	1	1
positive regulation of DNA binding	GO:0043388		23	4	3.62883383411758	0.09738302227632739	0.9518814280071203	0.46580653143968764	1	1
negative regulation of DNA binding	GO:0043392		19	2	2.9977322977493053	-0.40470892152090865	0.625564683896595	0.825558070733152	1	1
regulation of protein binding	GO:0043393		63	1	9.939849197800328	-2.296551849305946	0.10043620562633877	0.999976676833469	1	1
steroid hormone receptor signaling pathway	GO:0043401		40	5	6.311015363682748	-0.23285866459424956	0.7266172585054973	0.7586110047743441	1	1
regulation of MAP kinase activity	GO:0043405		56	6	8.835421509155848	-0.38700934442150786	0.6354479636426911	0.8849158068142918	1	1
positive regulation of MAP kinase activity	GO:0043406		33	2	5.206587675038268	-0.9567775038209486	0.3752592248846453	0.9752410911662213	1	1
negative regulation of MAP kinase activity	GO:0043407		16	4	2.5244061454730993	0.46028851596569575	1.240756211609746	0.20188276671721989	1	1
negative regulation of MAPK cascade	GO:0043409		91	7	14.357559952378253	-0.7183664803759503	0.47004679746433364	0.9902185273288169	1	1
macromolecule glycosylation	GO:0043413		148	19	23.350756845626172	-0.20619041751208833	0.7433134787912125	0.8334187791145224	1	1
macromolecule methylation	GO:0043414		87	8	13.726458416009978	-0.5398836998891614	0.5540340262073715	0.9617843784190896	1	1
negative regulation of DNA-binding transcription factor activity	GO:0043433		66	9	10.413175350076536	-0.14584728760461987	0.7820869716603195	0.6799574997549448	1	1
response to peptide hormone	GO:0043434		93	9	14.67311072056239	-0.4887920387314501	0.5802530490677253	0.9677461214700045	1	1
regulation of secondary metabolic process	GO:0043455		9	1	1.4199784568286185	-0.350641700250633	0.6561334090262664	0.7868500319994607	1	1
regulation of cellular respiration	GO:0043457		26	1	4.1021599863937865	-1.4115136609358956	0.2414219726866582	0.9863757326715852	1	1
proton-transporting ATP synthase complex assembly	GO:0043461		6	0	0.9466523045524122	-Inf	0	1	1	1
regulation of ATP-dependent activity	GO:0043462		32	0	5.0488122909461985	-Inf	0	1	1	1
regulation of generation of precursor metabolites and energy	GO:0043467		76	4	11.990929190997221	-1.097856102080854	0.32768935881794536	0.998401836687322	1	1
regulation of carbohydrate catabolic process	GO:0043470		37	4	5.837689211406543	-0.3780406744387476	0.6405019578056915	0.8568312760280459	1	1
pigmentation	GO:0043473		35	5	5.522138443222405	-0.09932727196972704	0.8129096848478662	0.6665318748965474	1	1
pigment accumulation	GO:0043476		9	0	1.4199784568286185	-Inf	0	1	1	1
cellular pigment accumulation	GO:0043482		9	0	1.4199784568286185	-Inf	0	1	1	1
regulation of RNA splicing	GO:0043484		106	11	16.724190713759285	-0.4189609442281102	0.6176939340625995	0.9508541659154699	1	1
endosome to pigment granule transport	GO:0043485		9	0	1.4199784568286185	-Inf	0	1	1	1
regulation of RNA stability	GO:0043487		117	14	18.45971993877204	-0.2765337280969112	0.6998600425701067	0.8863296493035134	1	1
regulation of mRNA stability	GO:0043488		108	14	17.03974148194342	-0.19649102042337466	0.7494530353834133	0.8035012348388997	1	1
RNA stabilization	GO:0043489		49	2	7.730993820511367	-1.352090240465095	0.2558969658473527	0.9977637664892538	1	1
malate-aspartate shuttle	GO:0043490		9	0	1.4199784568286185	-Inf	0	1	1	1
phosphatidylinositol 3-kinase/protein kinase B signal transduction	GO:0043491		27	3	4.259935370485855	-0.3506417002506329	0.6561334090262665	0.8220567388762243	1	1
muscle adaptation	GO:0043500		6	3	0.9466523045524122	1.1534356965256412	1.8705947332904256	0.05400010461499344	1	1
regulation of muscle adaptation	GO:0043502		19	1	2.9977322977493053	-1.097856102080854	0.32768935881794536	0.9617755394453003	1	1
regulation of JUN kinase activity	GO:0043506		18	2	2.839956913657237	-0.350641700250633	0.6561334090262664	0.8013642643579545	1	1
positive regulation of JUN kinase activity	GO:0043507		13	2	2.0510799931968933	-0.02521929981600501	0.8636537464594634	0.631516375655002	1	1
negative regulation of JUN kinase activity	GO:0043508		5	0	0.7888769204603435	-Inf	0	1	1	1
regulation of DNA damage response, signal transduction by p53 class mediator	GO:0043516		29	4	4.5754861386699925	-0.13441859178099705	0.789584647474739	0.6927811726651645	1	1
positive regulation of DNA damage response, signal transduction by p53 class mediator	GO:0043517		13	2	2.0510799931968933	-0.02521929981600501	0.8636537464594634	0.631516375655002	1	1
negative regulation of DNA damage response, signal transduction by p53 class mediator	GO:0043518		12	1	1.8933046091048245	-0.6383237727024138	0.506271076694502	0.8726993542847484	1	1
regulation of neuron apoptotic process	GO:0043523		67	6	10.570950734168603	-0.5663502730773246	0.540838470391083	0.9560245766526773	1	1
negative regulation of neuron apoptotic process	GO:0043524		44	5	6.9421169000510234	-0.32816884439857447	0.6691701205097987	0.8450428825463108	1	1
positive regulation of neuron apoptotic process	GO:0043525		15	1	2.366630761381031	-0.8614673240166237	0.410882473242539	0.9239788612153117	1	1
blood vessel endothelial cell migration	GO:0043534		19	1	2.9977322977493053	-1.097856102080854	0.32768935881794536	0.9617755394453003	1	1
regulation of blood vessel endothelial cell migration	GO:0043535		74	8	11.675378422813086	-0.3780406744387476	0.6405019578056915	0.9148233941010935	1	1
positive regulation of blood vessel endothelial cell migration	GO:0043536		46	4	7.25766766823516	-0.595764158283618	0.5264801846721091	0.9461141817821546	1	1
negative regulation of blood vessel endothelial cell migration	GO:0043537		31	5	4.89103690685413	0.022033585034540528	0.8970391862957164	0.5541246636717763	1	1
endothelial cell migration	GO:0043542		45	4	7.099892284143093	-0.573785251564843	0.5371787106201271	0.9396354933645082	1	1
protein acylation	GO:0043543		57	5	8.993196893247916	-0.5870304783148633	0.5307099413479005	0.9583149120390922	1	1
molybdopterin cofactor metabolic process	GO:0043545		6	2	0.9466523045524122	0.7479705884174768	1.4929330427012544	0.24189688327322753	1	1
positive regulation of GTPase activity	GO:0043547		76	4	11.990929190997221	-1.097856102080854	0.32768935881794536	0.9987797820901849	1	1
regulation of translation in response to stress	GO:0043555		16	2	2.5244061454730993	-0.23285866459424956	0.7266172585054973	0.7101598045809759	1	1
regulation of insulin-like growth factor receptor signaling pathway	GO:0043567		9	1	1.4199784568286185	-0.350641700250633	0.6561334090262664	0.7868500319994607	1	1
maintenance of DNA repeat elements	GO:0043570		5	0	0.7888769204603435	-Inf	0	1	1	1
peroxisomal transport	GO:0043574		18	2	2.839956913657237	-0.350641700250633	0.6561334090262664	0.8013642643579545	1	1
ear development	GO:0043583		16	1	2.5244061454730993	-0.9260058451541948	0.3864422976582265	0.9359833340499569	1	1
skin development	GO:0043588		64	4	10.097624581892397	-0.9260058451541948	0.3864422976582265	0.9887135958971525	1	1
skin morphogenesis	GO:0043589		7	0	1.104427688644481	-Inf	0	1	1	1
amide biosynthetic process	GO:0043604		102	9	16.093089177391008	-0.5811653588624652	0.5335663291867042	0.9832435835932484	1	1
keratinocyte proliferation	GO:0043616		6	0	0.9466523045524122	-Inf	0	1	1	1
cortical microtubule organization	GO:0043622		6	0	0.9466523045524122	-Inf	0	1	1	1
response to estrogen	GO:0043627		23	4	3.62883383411758	0.09738302227632739	0.9518814280071203	0.46580653143968764	1	1
inositol phosphate metabolic process	GO:0043647		19	5	2.9977322977493053	0.5115818103532463	1.2844441522691787	0.1417299483215427	1	1
dicarboxylic acid metabolic process	GO:0043648		58	6	9.150972277339985	-0.42210066423277787	0.6159704844077175	0.9127489093851573	1	1
dicarboxylic acid catabolic process	GO:0043649		17	2	2.682181529565168	-0.2934832864106844	0.6896729147432905	0.7742325480643975	1	1
dicarboxylic acid biosynthetic process	GO:0043650		7	0	1.104427688644481	-Inf	0	1	1	1
linoleic acid metabolic process	GO:0043651		15	1	2.366630761381031	-0.8614673240166237	0.410882473242539	0.9239788612153117	1	1
mitochondrial fragmentation involved in apoptotic process	GO:0043653		6	0	0.9466523045524122	-Inf	0	1	1	1
reverse cholesterol transport	GO:0043691		15	1	2.366630761381031	-0.8614673240166237	0.410882473242539	0.9239788612153117	1	1
regulation of biological process involved in symbiotic interaction	GO:0043903		36	3	5.679913827314474	-0.6383237727024138	0.506271076694502	0.930390474689359	1	1
negative regulation by host of viral transcription	GO:0043922		14	1	2.208855377288962	-0.7924744525296722	0.4385317160500693	0.8927979358372273	1	1
positive regulation by host of viral transcription	GO:0043923		17	1	2.682181529565168	-0.9866304669706297	0.36469283564378024	0.9460927581740545	1	1
cellular component maintenance	GO:0043954		20	3	3.155507681841374	-0.050537107800294925	0.8460936236395288	0.6319932023100667	1	1
negative regulation of gene expression via chromosomal CpG island methylation	GO:0044027		10	3	1.577753840920687	0.6426100727596504	1.3986675832653837	0.20033466442889086	1	1
positive regulation of gene expression via chromosomal CpG island demethylation	GO:0044029		9	1	1.4199784568286185	-0.350641700250633	0.6561334090262664	0.7868500319994607	1	1
glucan metabolic process	GO:0044042		20	2	3.155507681841374	-0.4560022159084593	0.5976018042874566	0.8470652783357171	1	1
regulation of digestive system process	GO:0044058		11	1	1.7355292250127559	-0.5513123957127841	0.5483037732141072	0.8488342349162374	1	1
regulation of endocrine process	GO:0044060		17	1	2.682181529565168	-0.9866304669706297	0.36469283564378024	0.9239788612153117	1	1
regulation of monoatomic anion transport	GO:0044070		10	2	1.577753840920687	0.23714496465148602	1.0585560331525345	0.4840271591401576	1	1
regulation of vacuole organization	GO:0044088		52	7	8.204319972787573	-0.1587506924405277	0.7736805947448722	0.7139639752784215	1	1
positive regulation of vacuole organization	GO:0044090		23	1	3.62883383411758	-1.2889113388435631	0.2721969180173993	0.9807834954904975	1	1
membrane biogenesis	GO:0044091		39	1	6.15323997959068	-1.81697876904406	0.16180899881236216	0.9975609017020345	1	1
'de novo' AMP biosynthetic process	GO:0044208		5	0	0.7888769204603435	-Inf	0	1	1	1
lipid digestion	GO:0044241		8	0	1.2622030727365496	-Inf	0	1	1	1
sulfur compound biosynthetic process	GO:0044272		100	8	15.777538409206871	-0.6791457672226691	0.4875085810917311	0.992203362531485	1	1
sulfur compound catabolic process	GO:0044273		23	4	3.62883383411758	0.09738302227632739	0.9518814280071203	0.5023746387806436	1	1
protein K27-linked ubiquitination	GO:0044314		12	0	1.8933046091048245	-Inf	0	1	1	1
wound healing, spreading of cells	GO:0044319		16	1	2.5244061454730993	-0.9260058451541948	0.3864422976582265	0.9359833340499569	1	1
response to leptin	GO:0044321		5	0	0.7888769204603435	-Inf	0	1	1	1
cell-cell adhesion mediated by cadherin	GO:0044331		5	0	0.7888769204603435	-Inf	0	1	1	1
cellular response to fibroblast growth factor stimulus	GO:0044344		37	2	5.837689211406543	-1.0711878549986928	0.3362302277386233	0.9862589199278997	1	1
clearance of foreign intracellular DNA	GO:0044355		6	0	0.9466523045524122	-Inf	0	1	1	1
protein localization to cytoskeleton	GO:0044380		33	9	5.206587675038268	0.5472998929553254	1.31522086835262	0.06468999329943419	1	1
negative regulation of protein kinase activity by regulation of protein phosphorylation	GO:0044387		5	1	0.7888769204603435	0.23714496465148602	1.0585560331525345	0.5762657973197276	1	1
biological process involved in symbiotic interaction	GO:0044403		102	9	16.093089177391008	-0.5811653588624652	0.5335663291867042	0.9731489881230521	1	1
adhesion of symbiont to host	GO:0044406		11	3	1.7355292250127559	0.5472998929553256	1.3152208683526203	0.2450875618020846	1	1
symbiont entry into host	GO:0044409		40	7	6.311015363682748	0.10361357202696349	0.9565024639890441	0.44761990838680144	1	1
motile cilium assembly	GO:0044458		24	5	3.786609218209649	0.27796695917174113	1.0908538296916594	0.32527848757990996	1	1
long-chain fatty acid import into cell	GO:0044539		7	0	1.104427688644481	-Inf	0	1	1	1
secondary metabolite biosynthetic process	GO:0044550		7	1	1.104427688644481	-0.09932727196972693	0.8129096848478663	0.6994625284929428	1	1
[2Fe-2S] cluster assembly	GO:0044571		9	0	1.4199784568286185	-Inf	0	1	1	1
daunorubicin metabolic process	GO:0044597		9	0	1.4199784568286185	-Inf	0	1	1	1
doxorubicin metabolic process	GO:0044598		10	0	1.577753840920687	-Inf	0	1	1	1
adhesion of symbiont to host cell	GO:0044650		9	2	1.4199784568286185	0.34250548030931227	1.142896492055841	0.4272886601979041	1	1
multi-organism reproductive process	GO:0044703		62	2	9.78207381370826	-1.5874043273995597	0.20305732447723684	0.9996543529062774	1	1
multi-multicellular organism process	GO:0044706		60	2	9.466523045524124	-1.5546145045765691	0.20972987435944143	0.9995268760631129	1	1
epigenetic programming in the zygotic pronuclei	GO:0044725		5	1	0.7888769204603435	0.23714496465148602	1.0585560331525345	0.5762657973197276	1	1
protein transmembrane import into intracellular organelle	GO:0044743		26	3	4.1021599863937865	-0.3129013722677859	0.6781377884159226	0.8013373570208429	1	1
cell cycle phase transition	GO:0044770		94	2	14.830886104654459	-2.0035647246244723	0.13444828727981453	0.9999975822810663	1	1
mitotic cell cycle phase transition	GO:0044772		83	1	13.095356879641702	-2.5722577307110113	0.07628892190367689	0.9999991196234546	1	1
mitotic DNA damage checkpoint signaling	GO:0044773		46	4	7.25766766823516	-0.595764158283618	0.5264801846721091	0.9396354933645082	1	1
mitotic DNA integrity checkpoint signaling	GO:0044774		48	4	7.573218436419298	-0.6383237727024138	0.506271076694502	0.9519500961059997	1	1
cilium organization	GO:0044782		194	35	30.608424513861333	0.13407277951167182	0.9792783452709989	0.2083888970566114	1	1
metaphase/anaphase transition of cell cycle	GO:0044784		5	0	0.7888769204603435	-Inf	0	1	1	1
cell cycle DNA replication	GO:0044786		11	0	1.7355292250127559	-Inf	0	1	1	1
modulation by host of viral process	GO:0044788		44	2	6.9421169000510234	-1.2444595762727295	0.28425313097344823	0.9944124196389234	1	1
suppression of viral release by host	GO:0044790		15	1	2.366630761381031	-0.8614673240166237	0.410882473242539	0.9097242574396893	1	1
negative regulation by host of viral process	GO:0044793		14	1	2.208855377288962	-0.7924744525296722	0.4385317160500693	0.8927979358372273	1	1
positive regulation by host of viral process	GO:0044794		19	0	2.9977322977493053	-Inf	0	1	1	1
mitotic G2/M transition checkpoint	GO:0044818		36	4	5.679913827314474	-0.350641700250633	0.6561334090262664	0.8248541535797292	1	1
mitotic G1/S transition checkpoint signaling	GO:0044819		14	0	2.208855377288962	-Inf	0	1	1	1
modulation by host of viral genome replication	GO:0044827		22	1	3.4710584500255117	-1.2444595762727295	0.28425313097344823	0.9771782958107115	1	1
negative regulation by host of viral genome replication	GO:0044828		10	1	1.577753840920687	-0.4560022159084593	0.5976018042874566	0.8204970178727164	1	1
positive regulation by host of viral genome replication	GO:0044829		9	0	1.4199784568286185	-Inf	0	1	1	1
modulation by host of viral RNA genome replication	GO:0044830		5	0	0.7888769204603435	-Inf	0	1	1	1
cell cycle G2/M phase transition	GO:0044839		36	1	5.679913827314474	-1.7369360613705236	0.17516192305379188	0.9979464964852223	1	1
cell cycle G1/S phase transition	GO:0044843		44	1	6.9421169000510234	-1.9376067568326747	0.1435547103451045	0.9993844990410015	1	1
plasma membrane raft assembly	GO:0044854		5	0	0.7888769204603435	-Inf	0	1	1	1
plasma membrane raft organization	GO:0044857		6	0	0.9466523045524122	-Inf	0	1	1	1
lipoprotein localization	GO:0044872		13	2	2.0510799931968933	-0.02521929981600501	0.8636537464594634	0.631516375655002	1	1
double-strand break repair via single-strand annealing	GO:0045002		6	0	0.9466523045524122	-Inf	0	1	1	1
DNA-templated DNA replication maintenance of fidelity	GO:0045005		43	9	6.784341515958955	0.2826073387282433	1.0945562158770397	0.2081939937977161	1	1
DNA deamination	GO:0045006		9	1	1.4199784568286185	-0.350641700250633	0.6561334090262664	0.7868500319994607	1	1
depyrimidination	GO:0045008		8	2	1.2622030727365496	0.46028851596569575	1.240756211609746	0.3674088486818622	1	1
actin nucleation	GO:0045010		14	1	2.208855377288962	-0.7924744525296722	0.4385317160500693	0.8927979358372273	1	1
glycerolipid biosynthetic process	GO:0045017		158	19	24.928510686546858	-0.27157317677494	0.7028623184112546	0.9150944062440434	1	1
negative regulation of nitric oxide biosynthetic process	GO:0045019		6	0	0.9466523045524122	-Inf	0	1	1	1
early endosome to late endosome transport	GO:0045022		21	4	3.313283065933443	0.18835480048205394	1.0206137216517617	0.39015125470146694	1	1
plasma membrane fusion	GO:0045026		9	0	1.4199784568286185	-Inf	0	1	1	1
protein insertion into mitochondrial inner membrane	GO:0045039		11	0	1.7355292250127559	-Inf	0	1	1	1
protein import into peroxisome membrane	GO:0045046		5	0	0.7888769204603435	-Inf	0	1	1	1
protein targeting to ER	GO:0045047		14	1	2.208855377288962	-0.7924744525296722	0.4385317160500693	0.8726993542847484	1	1
protein insertion into ER membrane	GO:0045048		30	2	4.733261522762062	-0.8614673240166237	0.410882473242539	0.9617699887084894	1	1
protein insertion into ER membrane by stop-transfer membrane-anchor sequence	GO:0045050		11	1	1.7355292250127559	-0.5513123957127841	0.5483037732141072	0.8488342349162374	1	1
constitutive secretory pathway	GO:0045054		5	0	0.7888769204603435	-Inf	0	1	1	1
regulated exocytosis	GO:0045055		42	2	6.626566131866886	-1.1979395606378367	0.29741149256349064	0.9912179496251572	1	1
transcytosis	GO:0045056		10	1	1.577753840920687	-0.4560022159084593	0.5976018042874566	0.8204970178727164	1	1
T cell selection	GO:0045058		12	3	1.8933046091048245	0.46028851596569575	1.240756211609746	0.29115947531196185	1	1
regulation of viral genome replication	GO:0045069		67	4	10.570950734168603	-0.971815381185489	0.36990211533241235	0.9940285491259615	1	1
positive regulation of viral genome replication	GO:0045070		28	2	4.417710754577924	-0.7924744525296722	0.4385317160500693	0.9325601087715927	1	1
negative regulation of viral genome replication	GO:0045071		42	2	6.626566131866886	-1.1979395606378367	0.29741149256349064	0.9924431179447739	1	1
regulation of single stranded viral RNA replication via double stranded DNA intermediate	GO:0045091		9	1	1.4199784568286185	-0.350641700250633	0.6561334090262664	0.7868500319994607	1	1
intermediate filament-based process	GO:0045103		25	1	3.9443846023017177	-1.3722929477826145	0.2508847640679904	0.9807834954904975	1	1
intermediate filament cytoskeleton organization	GO:0045104		25	1	3.9443846023017177	-1.3722929477826145	0.2508847640679904	0.9807834954904975	1	1
intermediate filament organization	GO:0045109		16	1	2.5244061454730993	-0.9260058451541948	0.3864422976582265	0.9239788612153117	1	1
intermediate filament bundle assembly	GO:0045110		7	0	1.104427688644481	-Inf	0	1	1	1
protein neddylation	GO:0045116		8	0	1.2622030727365496	-Inf	0	1	1	1
azole transmembrane transport	GO:0045117		9	0	1.4199784568286185	-Inf	0	1	1	1
cellular extravasation	GO:0045123		26	3	4.1021599863937865	-0.3129013722677859	0.6781377884159226	0.8013373570208429	1	1
regulation of bone resorption	GO:0045124		6	0	0.9466523045524122	-Inf	0	1	1	1
meiotic chromosome segregation	GO:0045132		10	1	1.577753840920687	-0.4560022159084593	0.5976018042874566	0.8204970178727164	1	1
development of primary sexual characteristics	GO:0045137		27	0	4.259935370485855	-Inf	0	1	1	1
homologous chromosome segregation	GO:0045143		5	1	0.7888769204603435	0.23714496465148602	1.0585560331525345	0.5762657973197276	1	1
cell fate commitment	GO:0045165		37	3	5.837689211406543	-0.6657227468905286	0.49361142941229086	0.9456729606352932	1	1
maintenance of protein location	GO:0045185		39	6	6.15323997959068	-0.02521929981600501	0.8636537464594634	0.5944503876421756	1	1
regulation of isotype switching	GO:0045191		9	0	1.4199784568286185	-Inf	0	1	1	1
establishment or maintenance of epithelial cell apical/basal polarity	GO:0045197		16	1	2.5244061454730993	-0.9260058451541948	0.3864422976582265	0.9359833340499569	1	1
establishment of epithelial cell apical/basal polarity	GO:0045198		10	1	1.577753840920687	-0.4560022159084593	0.5976018042874566	0.8204970178727164	1	1
sarcomere organization	GO:0045214		10	0	1.577753840920687	-Inf	0	1	1	1
cell-cell junction organization	GO:0045216		74	7	11.675378422813086	-0.5115720670632703	0.5684409622104565	0.9546839042040133	1	1
cell-cell junction maintenance	GO:0045217		14	3	2.208855377288962	0.3061378361384375	1.1134256698778522	0.3840800995536907	1	1
external encapsulating structure organization	GO:0045229		85	6	13.410907647825839	-0.804308910176675	0.4336747924430446	0.9951005024232364	1	1
mRNA cis splicing, via spliceosome	GO:0045292		11	0	1.7355292250127559	-Inf	0	1	1	1
carnitine biosynthetic process	GO:0045329		5	4	0.7888769204603435	1.6234393257713766	2.326171521089042	0.0027028124954275308	1	1
phospholipid translocation	GO:0045332		22	0	3.4710584500255117	-Inf	0	1	1	1
cellular respiration	GO:0045333		68	3	10.728726118260672	-1.2743125394224106	0.27610176333170644	0.9990951712718703	1	1
regulation of MHC class I biosynthetic process	GO:0045343		6	1	0.9466523045524122	0.054823407857531446	0.9206658936334867	0.6431395801290278	1	1
positive regulation of MHC class I biosynthetic process	GO:0045345		5	1	0.7888769204603435	0.23714496465148602	1.0585560331525345	0.5762657973197276	1	1
regulation of MHC class II biosynthetic process	GO:0045346		8	2	1.2622030727365496	0.46028851596569575	1.240756211609746	0.3674088486818622	1	1
positive regulation of MHC class II biosynthetic process	GO:0045348		5	2	0.7888769204603435	0.9302921452114313	1.660243592711515	0.17926462372048302	1	1
regulation of nitric oxide biosynthetic process	GO:0045428		27	4	4.259935370485855	-0.06295962779885195	0.8375621926429162	0.6045164994093895	1	1
positive regulation of nitric oxide biosynthetic process	GO:0045429		19	4	2.9977322977493053	0.28843825903903664	1.0992173202606317	0.31314145199972365	1	1
fat cell differentiation	GO:0045444		17	1	2.682181529565168	-0.9866304669706297	0.36469283564378024	0.9460927581740545	1	1
myoblast differentiation	GO:0045445		10	1	1.577753840920687	-0.4560022159084593	0.5976018042874566	0.8204970178727164	1	1
endothelial cell differentiation	GO:0045446		36	1	5.679913827314474	-1.7369360613705236	0.17516192305379188	0.9979464964852223	1	1
cell redox homeostasis	GO:0045454		22	2	3.4710584500255117	-0.5513123957127841	0.5483037732141072	0.8661310563927106	1	1
response to ethanol	GO:0045471		13	2	2.0510799931968933	-0.02521929981600501	0.8636537464594634	0.631516375655002	1	1
photoreceptor cell maintenance	GO:0045494		19	1	2.9977322977493053	-1.097856102080854	0.32768935881794536	0.9546061989867662	1	1
regulation of cholesterol biosynthetic process	GO:0045540		17	2	2.682181529565168	-0.2934832864106844	0.6896729147432905	0.7742325480643975	1	1
positive regulation of cholesterol biosynthetic process	GO:0045542		9	1	1.4199784568286185	-0.350641700250633	0.6561334090262664	0.7868500319994607	1	1
mast cell activation	GO:0045576		9	0	1.4199784568286185	-Inf	0	1	1	1
regulation of B cell differentiation	GO:0045577		12	3	1.8933046091048245	0.46028851596569575	1.240756211609746	0.29115947531196185	1	1
positive regulation of B cell differentiation	GO:0045579		6	2	0.9466523045524122	0.7479705884174768	1.4929330427012544	0.24189688327322753	1	1
regulation of T cell differentiation	GO:0045580		49	3	7.730993820511367	-0.9466251323569306	0.37891583285737596	0.9886690514810321	1	1
negative regulation of T cell differentiation	GO:0045581		17	1	2.682181529565168	-0.9866304669706297	0.36469283564378024	0.9460927581740545	1	1
positive regulation of T cell differentiation	GO:0045582		30	2	4.733261522762062	-0.8614673240166237	0.410882473242539	0.9617699887084894	1	1
regulation of regulatory T cell differentiation	GO:0045589		22	2	3.4710584500255117	-0.5513123957127841	0.5483037732141072	0.8829901151101129	1	1
positive regulation of regulatory T cell differentiation	GO:0045591		19	2	2.9977322977493053	-0.40470892152090865	0.625564683896595	0.825558070733152	1	1
regulation of fat cell differentiation	GO:0045598		33	4	5.206587675038268	-0.2636303232610033	0.7076892208932586	0.7871704335805744	1	1
negative regulation of fat cell differentiation	GO:0045599		12	2	1.8933046091048245	0.054823407857531446	0.9206658936334867	0.586317921862617	1	1
positive regulation of fat cell differentiation	GO:0045600		17	2	2.682181529565168	-0.2934832864106844	0.6896729147432905	0.7742325480643975	1	1
regulation of endothelial cell differentiation	GO:0045601		22	1	3.4710584500255117	-1.2444595762727295	0.28425313097344823	0.9771782958107115	1	1
negative regulation of endothelial cell differentiation	GO:0045602		5	0	0.7888769204603435	-Inf	0	1	1	1
regulation of epidermal cell differentiation	GO:0045604		30	0	4.733261522762062	-Inf	0	1	1	1
negative regulation of epidermal cell differentiation	GO:0045605		6	0	0.9466523045524122	-Inf	0	1	1	1
positive regulation of epidermal cell differentiation	GO:0045606		17	0	2.682181529565168	-Inf	0	1	1	1
regulation of keratinocyte differentiation	GO:0045616		25	0	3.9443846023017177	-Inf	0	1	1	1
negative regulation of keratinocyte differentiation	GO:0045617		5	0	0.7888769204603435	-Inf	0	1	1	1
positive regulation of keratinocyte differentiation	GO:0045618		14	0	2.208855377288962	-Inf	0	1	1	1
regulation of lymphocyte differentiation	GO:0045619		61	5	9.624298429616191	-0.6548530746536244	0.49860110755264236	0.973179995289964	1	1
negative regulation of lymphocyte differentiation	GO:0045620		21	2	3.313283065933443	-0.5047923800778914	0.571935864997809	0.8661310563927106	1	1
positive regulation of lymphocyte differentiation	GO:0045621		37	4	5.837689211406543	-0.3780406744387476	0.6405019578056915	0.8568312760280459	1	1
regulation of T-helper cell differentiation	GO:0045622		13	0	2.0510799931968933	-Inf	0	1	1	1
negative regulation of T-helper cell differentiation	GO:0045623		7	0	1.104427688644481	-Inf	0	1	1	1
regulation of myeloid cell differentiation	GO:0045637		102	11	16.093089177391008	-0.3804946634003141	0.6391160202056273	0.9376036885396781	1	1
negative regulation of myeloid cell differentiation	GO:0045638		40	2	6.311015363682748	-1.1491493964684045	0.3118280657172801	0.9897992228181987	1	1
positive regulation of myeloid cell differentiation	GO:0045639		59	8	9.308747661432054	-0.15151302514029713	0.7783881400455421	0.7331077179627554	1	1
regulation of erythrocyte differentiation	GO:0045646		30	3	4.733261522762062	-0.45600221590845946	0.5976018042874565	0.8734512578399616	1	1
negative regulation of erythrocyte differentiation	GO:0045647		5	1	0.7888769204603435	0.23714496465148602	1.0585560331525345	0.5762657973197276	1	1
positive regulation of erythrocyte differentiation	GO:0045648		22	2	3.4710584500255117	-0.5513123957127841	0.5483037732141072	0.8829901151101129	1	1
regulation of macrophage differentiation	GO:0045649		14	2	2.208855377288962	-0.09932727196972693	0.8129096848478663	0.6727557550052204	1	1
negative regulation of macrophage differentiation	GO:0045650		5	1	0.7888769204603435	0.23714496465148602	1.0585560331525345	0.5762657973197276	1	1
positive regulation of macrophage differentiation	GO:0045651		9	1	1.4199784568286185	-0.350641700250633	0.6561334090262664	0.7868500319994607	1	1
regulation of megakaryocyte differentiation	GO:0045652		16	3	2.5244061454730993	0.17260644351391496	1.0085246724610224	0.4738960557783739	1	1
positive regulation of megakaryocyte differentiation	GO:0045654		8	2	1.2622030727365496	0.46028851596569575	1.240756211609746	0.3674088486818622	1	1
regulation of monocyte differentiation	GO:0045655		13	2	2.0510799931968933	-0.02521929981600501	0.8636537464594634	0.631516375655002	1	1
positive regulation of monocyte differentiation	GO:0045657		7	2	1.104427688644481	0.5938199085902184	1.355718486679157	0.3052018899455362	1	1
regulation of myoblast differentiation	GO:0045661		21	1	3.313283065933443	-1.1979395606378367	0.29741149256349064	0.9728970148697752	1	1
negative regulation of myoblast differentiation	GO:0045662		13	0	2.0510799931968933	-Inf	0	1	1	1
positive regulation of myoblast differentiation	GO:0045663		11	1	1.7355292250127559	-0.5513123957127841	0.5483037732141072	0.8488342349162374	1	1
regulation of neuron differentiation	GO:0045664		30	2	4.733261522762062	-0.8614673240166237	0.410882473242539	0.9491310581323991	1	1
negative regulation of neuron differentiation	GO:0045665		9	0	1.4199784568286185	-Inf	0	1	1	1
positive regulation of neuron differentiation	GO:0045666		16	0	2.5244061454730993	-Inf	0	1	1	1
regulation of osteoblast differentiation	GO:0045667		63	5	9.939849197800328	-0.6871139368718459	0.48391649031925116	0.9760341247383042	1	1
negative regulation of osteoblast differentiation	GO:0045668		20	3	3.155507681841374	-0.050537107800294925	0.8460936236395288	0.595716910168776	1	1
positive regulation of osteoblast differentiation	GO:0045669		37	2	5.837689211406543	-1.0711878549986928	0.3362302277386233	0.9862589199278997	1	1
regulation of osteoclast differentiation	GO:0045670		26	1	4.1021599863937865	-1.4115136609358956	0.2414219726866582	0.9863757326715852	1	1
negative regulation of osteoclast differentiation	GO:0045671		13	0	2.0510799931968933	-Inf	0	1	1	1
positive regulation of osteoclast differentiation	GO:0045672		11	1	1.7355292250127559	-0.5513123957127841	0.5483037732141072	0.8488342349162374	1	1
regulation of epidermis development	GO:0045682		30	0	4.733261522762062	-Inf	0	1	1	1
negative regulation of epidermis development	GO:0045683		6	0	0.9466523045524122	-Inf	0	1	1	1
positive regulation of epidermis development	GO:0045684		17	0	2.682181529565168	-Inf	0	1	1	1
regulation of glial cell differentiation	GO:0045685		8	1	1.2622030727365496	-0.23285866459424956	0.7266172585054973	0.7468987684659543	1	1
positive regulation of glial cell differentiation	GO:0045687		5	1	0.7888769204603435	0.23714496465148602	1.0585560331525345	0.5762657973197276	1	1
negative regulation of fatty acid biosynthetic process	GO:0045717		9	2	1.4199784568286185	0.34250548030931227	1.142896492055841	0.4272886601979041	1	1
negative regulation of glycogen biosynthetic process	GO:0045719		6	0	0.9466523045524122	-Inf	0	1	1	1
negative regulation of gluconeogenesis	GO:0045721		9	1	1.4199784568286185	-0.350641700250633	0.6561334090262664	0.7868500319994607	1	1
positive regulation of gluconeogenesis	GO:0045722		5	1	0.7888769204603435	0.23714496465148602	1.0585560331525345	0.5762657973197276	1	1
positive regulation of fatty acid biosynthetic process	GO:0045723		13	0	2.0510799931968933	-Inf	0	1	1	1
positive regulation of cilium assembly	GO:0045724		16	2	2.5244061454730993	-0.23285866459424956	0.7266172585054973	0.7439117686956334	1	1
positive regulation of glycogen biosynthetic process	GO:0045725		10	1	1.577753840920687	-0.4560022159084593	0.5976018042874566	0.8204970178727164	1	1
positive regulation of translation	GO:0045727		89	4	14.042009184194114	-1.2557591315266627	0.2811412690438437	0.9996915265018607	1	1
respiratory burst	GO:0045730		10	0	1.577753840920687	-Inf	0	1	1	1
positive regulation of protein catabolic process	GO:0045732		147	11	23.192981461534103	-0.7459544368947795	0.45809094082724794	0.9987261315957401	1	1
negative regulation of cyclin-dependent protein serine/threonine kinase activity	GO:0045736		9	1	1.4199784568286185	-0.350641700250633	0.6561334090262664	0.7868500319994607	1	1
negative regulation of DNA repair	GO:0045738		35	5	5.522138443222405	-0.09932727196972704	0.8129096848478662	0.640247343886782	1	1
positive regulation of DNA repair	GO:0045739		95	10	14.988661488746528	-0.4047089215209088	0.6255646838965949	0.9361821782649318	1	1
positive regulation of DNA replication	GO:0045740		27	0	4.259935370485855	-Inf	0	1	1	1
positive regulation of epidermal growth factor receptor signaling pathway	GO:0045742		20	0	3.155507681841374	-Inf	0	1	1	1
positive regulation of fibroblast growth factor receptor signaling pathway	GO:0045743		6	1	0.9466523045524122	0.054823407857531446	0.9206658936334867	0.6431395801290278	1	1
negative regulation of G protein-coupled receptor signaling pathway	GO:0045744		38	4	5.9954645954986105	-0.40470892152090865	0.625564683896595	0.8568312760280459	1	1
positive regulation of G protein-coupled receptor signaling pathway	GO:0045745		23	2	3.62883383411758	-0.595764158283618	0.5264801846721091	0.8829901151101129	1	1
negative regulation of Notch signaling pathway	GO:0045746		20	0	3.155507681841374	-Inf	0	1	1	1
positive regulation of Notch signaling pathway	GO:0045747		20	3	3.155507681841374	-0.050537107800294925	0.8460936236395288	0.595716910168776	1	1
regulation of adenylate cyclase activity	GO:0045761		27	4	4.259935370485855	-0.06295962779885195	0.8375621926429162	0.6045164994093895	1	1
positive regulation of adenylate cyclase activity	GO:0045762		17	3	2.682181529565168	0.11198182169747993	0.962729308239504	0.4738960557783739	1	1
regulation of angiogenesis	GO:0045765		189	17	29.819547593400987	-0.56195079391784	0.5430137663734905	0.997391364850569	1	1
positive regulation of angiogenesis	GO:0045766		105	9	16.566415329667215	-0.6101528957357176	0.5195732126581182	0.9897256001600454	1	1
positive regulation of axon extension	GO:0045773		6	0	0.9466523045524122	-Inf	0	1	1	1
negative regulation of blood pressure	GO:0045776		6	0	0.9466523045524122	-Inf	0	1	1	1
positive regulation of ossification	GO:0045778		25	0	3.9443846023017177	-Inf	0	1	1	1
negative regulation of cell size	GO:0045792		5	0	0.7888769204603435	-Inf	0	1	1	1
negative regulation of endocytosis	GO:0045806		42	3	6.626566131866886	-0.7924744525296722	0.4385317160500693	0.9712962240175609	1	1
positive regulation of endocytosis	GO:0045807		86	8	13.56868303191791	-0.5283228774880856	0.5598804746503361	0.971209938560847	1	1
negative regulation of gene expression, epigenetic	GO:0045814		80	17	12.622030727365496	0.2977695864679209	1.1066969076290334	0.10871346893774504	1	1
transcription initiation-coupled chromatin remodeling	GO:0045815		41	1	6.468790747774817	-1.8669891896187214	0.15397921227314784	0.9987746332432417	1	1
negative regulation of glycolytic process	GO:0045820		8	0	1.2622030727365496	-Inf	0	1	1	1
positive regulation of glycolytic process	GO:0045821		13	1	2.0510799931968933	-0.7183664803759503	0.47004679746433364	0.8927979358372273	1	1
negative regulation of heart contraction	GO:0045822		5	0	0.7888769204603435	-Inf	0	1	1	1
positive regulation of heart contraction	GO:0045823		9	0	1.4199784568286185	-Inf	0	1	1	1
negative regulation of innate immune response	GO:0045824		74	6	11.675378422813086	-0.6657227468905286	0.49361142941229086	0.9829836864415755	1	1
positive regulation of isotype switching	GO:0045830		8	0	1.2622030727365496	-Inf	0	1	1	1
negative regulation of lipid metabolic process	GO:0045833		57	5	8.993196893247916	-0.5870304783148633	0.5307099413479005	0.9425675677022974	1	1
positive regulation of lipid metabolic process	GO:0045834		74	4	11.675378422813086	-1.0711878549986928	0.3362302277386233	0.9981723154122815	1	1
negative regulation of membrane potential	GO:0045837		8	0	1.2622030727365496	-Inf	0	1	1	1
negative regulation of mitotic nuclear division	GO:0045839		28	1	4.417710754577924	-1.4856216330896175	0.22447173104470095	0.9918672653288341	1	1
positive regulation of mitotic nuclear division	GO:0045840		27	4	4.259935370485855	-0.06295962779885195	0.8375621926429162	0.63558230217779	1	1
negative regulation of mitotic metaphase/anaphase transition	GO:0045841		22	1	3.4710584500255117	-1.2444595762727295	0.28425313097344823	0.9771782958107115	1	1
positive regulation of mitotic metaphase/anaphase transition	GO:0045842		11	1	1.7355292250127559	-0.5513123957127841	0.5483037732141072	0.8488342349162374	1	1
negative regulation of striated muscle tissue development	GO:0045843		5	0	0.7888769204603435	-Inf	0	1	1	1
positive regulation of protein kinase activity	GO:0045860		121	10	19.090821475140313	-0.646622575517109	0.502407810052786	0.9933626474108955	1	1
negative regulation of proteolysis	GO:0045861		102	12	16.093089177391008	-0.2934832864106843	0.6896729147432906	0.8985082728932133	1	1
positive regulation of proteolysis	GO:0045862		143	15	22.561879925165826	-0.4082115520721108	0.6236231124763426	0.9691487990106513	1	1
negative regulation of single stranded viral RNA replication via double stranded DNA intermediate	GO:0045869		6	0	0.9466523045524122	-Inf	0	1	1	1
positive regulation of sister chromatid cohesion	GO:0045876		9	2	1.4199784568286185	0.34250548030931227	1.142896492055841	0.4272886601979041	1	1
negative regulation of smoothened signaling pathway	GO:0045879		12	3	1.8933046091048245	0.46028851596569575	1.240756211609746	0.29115947531196185	1	1
positive regulation of smoothened signaling pathway	GO:0045880		8	0	1.2622030727365496	-Inf	0	1	1	1
negative regulation of vasoconstriction	GO:0045906		7	0	1.104427688644481	-Inf	0	1	1	1
negative regulation of DNA recombination	GO:0045910		28	1	4.417710754577924	-1.4856216330896175	0.22447173104470095	0.9903409722146757	1	1
positive regulation of DNA recombination	GO:0045911		48	2	7.573218436419298	-1.3314709532623592	0.26111132566716627	0.9969608207757836	1	1
negative regulation of carbohydrate metabolic process	GO:0045912		30	3	4.733261522762062	-0.45600221590845946	0.5976018042874565	0.8579923531368561	1	1
positive regulation of carbohydrate metabolic process	GO:0045913		36	2	5.679913827314474	-1.0437888808105784	0.34522000318667345	0.9840650842904615	1	1
negative regulation of complement activation	GO:0045916		9	2	1.4199784568286185	0.34250548030931227	1.142896492055841	0.4272886601979041	1	1
negative regulation of exocytosis	GO:0045920		18	3	2.839956913657237	0.054823407857531446	0.9206658936334867	0.5571788177159394	1	1
positive regulation of exocytosis	GO:0045921		47	3	7.4154430523272294	-0.9049524359563625	0.3942668823511684	0.9851664772972895	1	1
negative regulation of fatty acid metabolic process	GO:0045922		18	3	2.839956913657237	0.054823407857531446	0.9206658936334867	0.4738960557783739	1	1
positive regulation of fatty acid metabolic process	GO:0045923		23	1	3.62883383411758	-1.2889113388435631	0.2721969180173993	0.9771782958107115	1	1
negative regulation of growth	GO:0045926		99	7	15.619763025114803	-0.8026268239936903	0.4343622174541019	0.9967780582662585	1	1
positive regulation of growth	GO:0045927		98	3	15.461987641022734	-1.639772312916876	0.1928270329127663	0.999991189160362	1	1
negative regulation of mitotic cell cycle	GO:0045930		127	10	20.03747377969273	-0.6950191163789593	0.48037529659511996	0.9970455035193155	1	1
positive regulation of mitotic cell cycle	GO:0045931		78	4	12.30647995918136	-1.1238315884841148	0.3195650808598268	0.9987797820901849	1	1
negative regulation of muscle contraction	GO:0045932		6	0	0.9466523045524122	-Inf	0	1	1	1
positive regulation of muscle contraction	GO:0045933		13	0	2.0510799931968933	-Inf	0	1	1	1
negative regulation of phosphate metabolic process	GO:0045936		129	9	20.353024547876863	-0.8160049499398663	0.428921501412316	0.9989992602309612	1	1
negative regulation of steroid metabolic process	GO:0045939		18	0	2.839956913657237	-Inf	0	1	1	1
positive regulation of steroid metabolic process	GO:0045940		25	1	3.9443846023017177	-1.3722929477826145	0.2508847640679904	0.9863757326715852	1	1
positive regulation of transcription by RNA polymerase I	GO:0045943		23	0	3.62883383411758	-Inf	0	1	1	1
positive regulation of transcription by RNA polymerase III	GO:0045945		17	1	2.682181529565168	-0.9866304669706297	0.36469283564378024	0.9460927581740545	1	1
negative regulation of translational initiation	GO:0045947		16	4	2.5244061454730993	0.46028851596569575	1.240756211609746	0.23780739969536002	1	1
positive regulation of translational initiation	GO:0045948		19	0	2.9977322977493053	-Inf	0	1	1	1
negative regulation of natural killer cell mediated cytotoxicity	GO:0045953		23	1	3.62883383411758	-1.2889113388435631	0.2721969180173993	0.9807834954904975	1	1
positive regulation of natural killer cell mediated cytotoxicity	GO:0045954		20	2	3.155507681841374	-0.4560022159084593	0.5976018042874566	0.8470652783357171	1	1
negative regulation of nucleotide metabolic process	GO:0045980		15	0	2.366630761381031	-Inf	0	1	1	1
positive regulation of nucleotide metabolic process	GO:0045981		19	2	2.9977322977493053	-0.40470892152090865	0.625564683896595	0.825558070733152	1	1
positive regulation of smooth muscle contraction	GO:0045987		8	0	1.2622030727365496	-Inf	0	1	1	1
regulation of embryonic development	GO:0045995		7	2	1.104427688644481	0.5938199085902184	1.355718486679157	0.3052018899455362	1	1
regulation of activated T cell proliferation	GO:0046006		23	3	3.62883383411758	-0.19029905017545348	0.7533910997393815	0.7268153437843944	1	1
negative regulation of activated T cell proliferation	GO:0046007		5	0	0.7888769204603435	-Inf	0	1	1	1
regulation of transcription by glucose	GO:0046015		5	1	0.7888769204603435	0.23714496465148602	1.0585560331525345	0.5762657973197276	1	1
ADP metabolic process	GO:0046031		24	0	3.786609218209649	-Inf	0	1	1	1
ADP catabolic process	GO:0046032		23	0	3.62883383411758	-Inf	0	1	1	1
AMP metabolic process	GO:0046033		12	0	1.8933046091048245	-Inf	0	1	1	1
ATP metabolic process	GO:0046034		62	0	9.78207381370826	-Inf	0	1	1	1
CTP metabolic process	GO:0046036		5	0	0.7888769204603435	-Inf	0	1	1	1
GMP metabolic process	GO:0046037		10	0	1.577753840920687	-Inf	0	1	1	1
GTP metabolic process	GO:0046039		13	2	2.0510799931968933	-0.02521929981600501	0.8636537464594634	0.631516375655002	1	1
IMP metabolic process	GO:0046040		10	0	1.577753840920687	-Inf	0	1	1	1
cAMP metabolic process	GO:0046058		9	0	1.4199784568286185	-Inf	0	1	1	1
cGMP metabolic process	GO:0046068		9	0	1.4199784568286185	-Inf	0	1	1	1
nucleobase biosynthetic process	GO:0046112		7	1	1.104427688644481	-0.09932727196972693	0.8129096848478663	0.6994625284929428	1	1
purine ribonucleoside metabolic process	GO:0046128		8	1	1.2622030727365496	-0.23285866459424956	0.7266172585054973	0.7468987684659543	1	1
purine ribonucleoside catabolic process	GO:0046130		5	1	0.7888769204603435	0.23714496465148602	1.0585560331525345	0.5762657973197276	1	1
pyrimidine ribonucleoside metabolic process	GO:0046131		6	1	0.9466523045524122	0.054823407857531446	0.9206658936334867	0.6431395801290278	1	1
pyrimidine ribonucleoside catabolic process	GO:0046133		6	1	0.9466523045524122	0.054823407857531446	0.9206658936334867	0.6431395801290278	1	1
pyrimidine nucleoside biosynthetic process	GO:0046134		5	1	0.7888769204603435	0.23714496465148602	1.0585560331525345	0.5762657973197276	1	1
pyrimidine nucleoside catabolic process	GO:0046135		8	2	1.2622030727365496	0.46028851596569575	1.240756211609746	0.3674088486818622	1	1
negative regulation of vitamin metabolic process	GO:0046137		6	0	0.9466523045524122	-Inf	0	1	1	1
tetrahydrobiopterin metabolic process	GO:0046146		6	0	0.9466523045524122	-Inf	0	1	1	1
pigment biosynthetic process	GO:0046148		26	5	4.1021599863937865	0.19792425149820464	1.0279976255901586	0.3924239142051905	1	1
pigment catabolic process	GO:0046149		9	3	1.4199784568286185	0.7479705884174768	1.4929330427012544	0.08363436659245334	1	1
alcohol catabolic process	GO:0046164		21	4	3.313283065933443	0.18835480048205394	1.0206137216517617	0.42831009540479315	1	1
alcohol biosynthetic process	GO:0046165		57	6	8.993196893247916	-0.40470892152090865	0.625564683896595	0.8849158068142918	1	1
polyol biosynthetic process	GO:0046173		25	3	3.9443846023017177	-0.2736806591145047	0.701585653260422	0.7538184116077663	1	1
aldehyde biosynthetic process	GO:0046184		8	1	1.2622030727365496	-0.23285866459424956	0.7266172585054973	0.7468987684659543	1	1
aldehyde catabolic process	GO:0046185		7	0	1.104427688644481	-Inf	0	1	1	1
phenol-containing compound biosynthetic process	GO:0046189		13	1	2.0510799931968933	-0.7183664803759503	0.47004679746433364	0.8927979358372273	1	1
nitric oxide metabolic process	GO:0046209		17	1	2.682181529565168	-0.9866304669706297	0.36469283564378024	0.9460927581740545	1	1
aflatoxin metabolic process	GO:0046222		6	0	0.9466523045524122	-Inf	0	1	1	1
regulation of fatty acid oxidation	GO:0046320		16	2	2.5244061454730993	-0.23285866459424956	0.7266172585054973	0.7439117686956334	1	1
positive regulation of fatty acid oxidation	GO:0046321		10	1	1.577753840920687	-0.4560022159084593	0.5976018042874566	0.8204970178727164	1	1
regulation of D-glucose import	GO:0046324		25	3	3.9443846023017177	-0.2736806591145047	0.701585653260422	0.7538184116077663	1	1
negative regulation of D-glucose import	GO:0046325		7	1	1.104427688644481	-0.09932727196972693	0.8129096848478663	0.6994625284929428	1	1
positive regulation of D-glucose import	GO:0046326		17	2	2.682181529565168	-0.2934832864106844	0.6896729147432905	0.7439117686956334	1	1
regulation of JNK cascade	GO:0046328		102	8	16.093089177391008	-0.6989483945188487	0.4786234588621548	0.9929824737435057	1	1
negative regulation of JNK cascade	GO:0046329		26	2	4.1021599863937865	-0.7183664803759503	0.47004679746433364	0.9325601087715927	1	1
positive regulation of JNK cascade	GO:0046330		69	6	10.88650150235274	-0.595764158283618	0.5264801846721091	0.9641691140979289	1	1
phosphatidylethanolamine metabolic process	GO:0046337		20	2	3.155507681841374	-0.4560022159084593	0.5976018042874566	0.8470652783357171	1	1
diacylglycerol metabolic process	GO:0046339		12	1	1.8933046091048245	-0.6383237727024138	0.506271076694502	0.8726993542847484	1	1
amino sugar catabolic process	GO:0046348		8	1	1.2622030727365496	-0.23285866459424956	0.7266172585054973	0.6994625284929428	1	1
amino sugar biosynthetic process	GO:0046349		11	0	1.7355292250127559	-Inf	0	1	1	1
monosaccharide biosynthetic process	GO:0046364		24	1	3.786609218209649	-1.3314709532623592	0.26111132566716627	0.9838193454025062	1	1
monosaccharide catabolic process	GO:0046365		24	1	3.786609218209649	-1.3314709532623592	0.26111132566716627	0.9838193454025062	1	1
GDP-L-fucose metabolic process	GO:0046368		6	1	0.9466523045524122	0.054823407857531446	0.9206658936334867	0.6431395801290278	1	1
deoxyribose phosphate biosynthetic process	GO:0046385		9	0	1.4199784568286185	-Inf	0	1	1	1
deoxyribose phosphate catabolic process	GO:0046386		17	3	2.682181529565168	0.11198182169747993	0.962729308239504	0.5165059234299028	1	1
ribose phosphate biosynthetic process	GO:0046390		53	0	8.362095356879642	-Inf	0	1	1	1
carboxylic acid biosynthetic process	GO:0046394		154	16	24.29740915017858	-0.41778100308826144	0.6183426027879371	0.9759028973826089	1	1
carboxylic acid catabolic process	GO:0046395		155	24	24.455184534270654	-0.01878840948571471	0.8681507713030767	0.5329337389371998	1	1
urate metabolic process	GO:0046415		11	2	1.7355292250127559	0.14183478484716117	0.9851310298618374	0.4840271591401576	1	1
regulation of receptor signaling pathway via JAK-STAT	GO:0046425		41	1	6.468790747774817	-1.8669891896187214	0.15397921227314784	0.9989683943616541	1	1
negative regulation of receptor signaling pathway via JAK-STAT	GO:0046426		15	1	2.366630761381031	-0.8614673240166237	0.410882473242539	0.9097242574396893	1	1
positive regulation of receptor signaling pathway via JAK-STAT	GO:0046427		24	1	3.786609218209649	-1.3314709532623592	0.26111132566716627	0.9838193454025062	1	1
organophosphate catabolic process	GO:0046434		96	10	15.146436872838596	-0.41518022138820415	0.6197742600254305	0.9458187739699739	1	1
icosanoid biosynthetic process	GO:0046456		28	4	4.417710754577924	-0.09932727196972693	0.8129096848478663	0.6650167181454056	1	1
prostanoid biosynthetic process	GO:0046457		16	1	2.5244061454730993	-0.9260058451541948	0.3864422976582265	0.9359833340499569	1	1
short-chain fatty acid metabolic process	GO:0046459		6	2	0.9466523045524122	0.7479705884174768	1.4929330427012544	0.24189688327322753	1	1
neutral lipid biosynthetic process	GO:0046460		18	1	2.839956913657237	-1.0437888808105784	0.34522000318667345	0.9460927581740545	1	1
neutral lipid catabolic process	GO:0046461		18	0	2.839956913657237	-Inf	0	1	1	1
monoacylglycerol metabolic process	GO:0046462		9	0	1.4199784568286185	-Inf	0	1	1	1
acylglycerol biosynthetic process	GO:0046463		18	1	2.839956913657237	-1.0437888808105784	0.34522000318667345	0.9460927581740545	1	1
acylglycerol catabolic process	GO:0046464		18	0	2.839956913657237	-Inf	0	1	1	1
dolichyl diphosphate metabolic process	GO:0046465		5	0	0.7888769204603435	-Inf	0	1	1	1
membrane lipid catabolic process	GO:0046466		38	4	5.9954645954986105	-0.40470892152090865	0.625564683896595	0.8568312760280459	1	1
membrane lipid biosynthetic process	GO:0046467		106	9	16.724190713759285	-0.6196316396902615	0.515064880881473	0.9897256001600454	1	1
phosphatidylcholine metabolic process	GO:0046470		55	6	8.677646125063779	-0.36899083891882956	0.6456330510707288	0.8740995312860365	1	1
phosphatidylglycerol metabolic process	GO:0046471		24	5	3.786609218209649	0.27796695917174113	1.0908538296916594	0.32527848757990996	1	1
phosphatidic acid metabolic process	GO:0046473		31	6	4.89103690685413	0.20435514182849504	1.0329757932270807	0.36272918223797124	1	1
glycerophospholipid biosynthetic process	GO:0046474		144	19	22.719655309257895	-0.17879144332397384	0.7607484142280719	0.8245813888419242	1	1
glycerophospholipid catabolic process	GO:0046475		18	1	2.839956913657237	-1.0437888808105784	0.34522000318667345	0.9546061989867662	1	1
glycosphingolipid catabolic process	GO:0046479		16	2	2.5244061454730993	-0.23285866459424956	0.7266172585054973	0.7101598045809759	1	1
ether lipid metabolic process	GO:0046485		11	0	1.7355292250127559	-Inf	0	1	1	1
phosphatidylinositol metabolic process	GO:0046488		98	13	15.461987641022734	-0.17343524412344877	0.7641899229820331	0.7535491912194485	1	1
heme B metabolic process	GO:0046492		9	4	1.4199784568286185	1.0356526608692576	1.7589125919736386	0.040084024458259114	1	1
nicotinamide nucleotide metabolic process	GO:0046496		67	4	10.570950734168603	-0.971815381185489	0.36990211533241235	0.9959553502794697	1	1
S-adenosylmethionine metabolic process	GO:0046500		7	1	1.104427688644481	-0.09932727196972693	0.8129096848478663	0.6994625284929428	1	1
protoporphyrinogen IX metabolic process	GO:0046501		7	3	1.104427688644481	0.9992850166983828	1.7247115699814928	0.08363436659245334	1	1
glycerolipid catabolic process	GO:0046503		33	1	5.206587675038268	-1.649924684380894	0.19090272047718984	0.9959130147489164	1	1
glycerol ether biosynthetic process	GO:0046504		7	0	1.104427688644481	-Inf	0	1	1	1
sphingosine biosynthetic process	GO:0046512		14	3	2.208855377288962	0.3061378361384375	1.1134256698778522	0.3840800995536907	1	1
ceramide biosynthetic process	GO:0046513		34	3	5.364363059130336	-0.5811653588624653	0.5335663291867041	0.9112341226524642	1	1
ceramide catabolic process	GO:0046514		15	4	2.366630761381031	0.5248270371032668	1.2958238993873172	0.20188276671721989	1	1
sphingoid metabolic process	GO:0046519		20	3	3.155507681841374	-0.050537107800294925	0.8460936236395288	0.6319932023100667	1	1
sphingoid biosynthetic process	GO:0046520		14	3	2.208855377288962	0.3061378361384375	1.1134256698778522	0.3840800995536907	1	1
development of primary female sexual characteristics	GO:0046545		9	0	1.4199784568286185	-Inf	0	1	1	1
development of primary male sexual characteristics	GO:0046546		16	0	2.5244061454730993	-Inf	0	1	1	1
regulation of Ras protein signal transduction	GO:0046578		22	0	3.4710584500255117	-Inf	0	1	1	1
positive regulation of Ras protein signal transduction	GO:0046579		12	0	1.8933046091048245	-Inf	0	1	1	1
negative regulation of Ras protein signal transduction	GO:0046580		7	0	1.104427688644481	-Inf	0	1	1	1
regulation of viral entry into host cell	GO:0046596		19	3	2.9977322977493053	7.561865872556224e-4	0.8819083927546117	0.595716910168776	1	1
negative regulation of viral entry into host cell	GO:0046597		20	2	3.155507681841374	-0.4560022159084593	0.5976018042874566	0.8470652783357171	1	1
positive regulation of viral entry into host cell	GO:0046598		14	2	2.208855377288962	-0.09932727196972693	0.8129096848478663	0.6727557550052204	1	1
regulation of centriole replication	GO:0046599		20	4	3.155507681841374	0.23714496465148602	1.0585560331525345	0.39015125470146694	1	1
negative regulation of centriole replication	GO:0046600		5	1	0.7888769204603435	0.23714496465148602	1.0585560331525345	0.5762657973197276	1	1
positive regulation of centriole replication	GO:0046601		11	2	1.7355292250127559	0.14183478484716117	0.9851310298618374	0.5371248474375075	1	1
regulation of mitotic centrosome separation	GO:0046602		8	1	1.2622030727365496	-0.23285866459424956	0.7266172585054973	0.7468987684659543	1	1
regulation of centrosome cycle	GO:0046605		43	6	6.784341515958955	-0.12285776937992111	0.7972185773508554	0.6203616486872418	1	1
negative regulation of centrosome cycle	GO:0046606		9	1	1.4199784568286185	-0.350641700250633	0.6561334090262664	0.7868500319994607	1	1
xenobiotic export from cell	GO:0046618		12	3	1.8933046091048245	0.46028851596569575	1.240756211609746	0.29115947531196185	1	1
regulation of organ growth	GO:0046620		11	1	1.7355292250127559	-0.5513123957127841	0.5483037732141072	0.8488342349162374	1	1
negative regulation of organ growth	GO:0046621		5	1	0.7888769204603435	0.23714496465148602	1.0585560331525345	0.5762657973197276	1	1
positive regulation of organ growth	GO:0046622		6	0	0.9466523045524122	-Inf	0	1	1	1
regulation of insulin receptor signaling pathway	GO:0046626		30	4	4.733261522762062	-0.16832014345667848	0.7674866162952108	0.7188622108089069	1	1
negative regulation of insulin receptor signaling pathway	GO:0046627		20	1	3.155507681841374	-1.1491493964684045	0.3118280657172801	0.9678129216089626	1	1
positive regulation of insulin receptor signaling pathway	GO:0046628		7	2	1.104427688644481	0.5938199085902184	1.355718486679157	0.3052018899455362	1	1
alpha-beta T cell activation	GO:0046631		31	5	4.89103690685413	0.022033585034540528	0.8970391862957164	0.5541246636717763	1	1
alpha-beta T cell differentiation	GO:0046632		21	4	3.313283065933443	0.18835480048205394	1.0206137216517617	0.42831009540479315	1	1
regulation of alpha-beta T cell activation	GO:0046634		47	4	7.4154430523272294	-0.6172703635045815	0.5161848720954376	0.9461141817821546	1	1
positive regulation of alpha-beta T cell activation	GO:0046635		30	0	4.733261522762062	-Inf	0	1	1	1
negative regulation of alpha-beta T cell activation	GO:0046636		18	4	2.839956913657237	0.34250548030931227	1.142896492055841	0.31314145199972365	1	1
regulation of alpha-beta T cell differentiation	GO:0046637		20	1	3.155507681841374	-1.1491493964684045	0.3118280657172801	0.9678129216089626	1	1
positive regulation of alpha-beta T cell differentiation	GO:0046638		13	0	2.0510799931968933	-Inf	0	1	1	1
negative regulation of alpha-beta T cell differentiation	GO:0046639		8	1	1.2622030727365496	-0.23285866459424956	0.7266172585054973	0.7468987684659543	1	1
regulation of alpha-beta T cell proliferation	GO:0046640		17	1	2.682181529565168	-0.9866304669706297	0.36469283564378024	0.9460927581740545	1	1
positive regulation of alpha-beta T cell proliferation	GO:0046641		14	0	2.208855377288962	-Inf	0	1	1	1
negative regulation of alpha-beta T cell proliferation	GO:0046642		5	1	0.7888769204603435	0.23714496465148602	1.0585560331525345	0.5762657973197276	1	1
lymphocyte activation	GO:0046649		149	18	23.508532229718238	-0.26699167096370807	0.7056435658641247	0.9056086510310465	1	1
lymphocyte proliferation	GO:0046651		15	2	2.366630761381031	-0.16832014345667848	0.7674866162952108	0.7101598045809759	1	1
tetrahydrofolate metabolic process	GO:0046653		13	1	2.0510799931968933	-0.7183664803759503	0.47004679746433364	0.8927979358372273	1	1
folic acid metabolic process	GO:0046655		11	3	1.7355292250127559	0.5472998929553256	1.3152208683526203	0.2450875618020846	1	1
female sex differentiation	GO:0046660		11	0	1.7355292250127559	-Inf	0	1	1	1
male sex differentiation	GO:0046661		19	0	2.9977322977493053	-Inf	0	1	1	1
negative regulation of insulin secretion	GO:0046676		10	0	1.577753840920687	-Inf	0	1	1	1
response to antibiotic	GO:0046677		11	1	1.7355292250127559	-0.5513123957127841	0.5483037732141072	0.8488342349162374	1	1
response to organophosphorus	GO:0046683		49	5	7.730993820511367	-0.43579950859093985	0.6084951492391398	0.8942103884644784	1	1
response to arsenic-containing substance	GO:0046685		14	1	2.208855377288962	-0.7924744525296722	0.4385317160500693	0.9097242574396893	1	1
response to cadmium ion	GO:0046686		8	1	1.2622030727365496	-0.23285866459424956	0.7266172585054973	0.7468987684659543	1	1
response to copper ion	GO:0046688		11	0	1.7355292250127559	-Inf	0	1	1	1
decidualization	GO:0046697		7	0	1.104427688644481	-Inf	0	1	1	1
muscle cell cellular homeostasis	GO:0046716		7	1	1.104427688644481	-0.09932727196972693	0.8129096848478663	0.6431395801290278	1	1
symbiont entry into host cell	GO:0046718		40	7	6.311015363682748	0.10361357202696349	0.9565024639890441	0.44761990838680144	1	1
regulation by virus of viral protein levels in host cell	GO:0046719		8	1	1.2622030727365496	-0.23285866459424956	0.7266172585054973	0.7468987684659543	1	1
non-lytic viral release	GO:0046753		14	0	2.208855377288962	-Inf	0	1	1	1
viral budding	GO:0046755		25	1	3.9443846023017177	-1.3722929477826145	0.2508847640679904	0.9728970148697752	1	1
viral budding from plasma membrane	GO:0046761		13	0	2.0510799931968933	-Inf	0	1	1	1
protein autophosphorylation	GO:0046777		111	8	17.513067634219627	-0.7835057825469118	0.44224442040111933	0.9970420334861303	1	1
regulation of viral transcription	GO:0046782		19	3	2.9977322977493053	7.561865872556224e-4	0.8819083927546117	0.595716910168776	1	1
microtubule polymerization	GO:0046785		22	1	3.4710584500255117	-1.2444595762727295	0.28425313097344823	0.9771782958107115	1	1
transport of virus	GO:0046794		5	2	0.7888769204603435	0.9302921452114313	1.660243592711515	0.17926462372048302	1	1
receptor-mediated virion attachment to host cell	GO:0046813		6	1	0.9466523045524122	0.054823407857531446	0.9206658936334867	0.6431395801290278	1	1
regulation of nucleocytoplasmic transport	GO:0046822		72	7	11.359827654628948	-0.4841730928751557	0.5826721156158077	0.9501442503808311	1	1
negative regulation of nucleocytoplasmic transport	GO:0046823		17	1	2.682181529565168	-0.9866304669706297	0.36469283564378024	0.9460927581740545	1	1
positive regulation of nucleocytoplasmic transport	GO:0046824		39	3	6.15323997959068	-0.7183664803759503	0.47004679746433364	0.9577847654157476	1	1
regulation of protein export from nucleus	GO:0046825		23	2	3.62883383411758	-0.595764158283618	0.5264801846721091	0.8978639028554195	1	1
negative regulation of protein export from nucleus	GO:0046826		5	1	0.7888769204603435	0.23714496465148602	1.0585560331525345	0.5762657973197276	1	1
positive regulation of protein export from nucleus	GO:0046827		12	0	1.8933046091048245	-Inf	0	1	1	1
regulation of RNA export from nucleus	GO:0046831		14	2	2.208855377288962	-0.09932727196972693	0.8129096848478663	0.6727557550052204	1	1
lipid phosphorylation	GO:0046834		8	1	1.2622030727365496	-0.23285866459424956	0.7266172585054973	0.7468987684659543	1	1
carbohydrate phosphorylation	GO:0046835		6	0	0.9466523045524122	-Inf	0	1	1	1
glycolipid transport	GO:0046836		6	1	0.9466523045524122	0.054823407857531446	0.9206658936334867	0.6431395801290278	1	1
phospholipid dephosphorylation	GO:0046839		23	3	3.62883383411758	-0.19029905017545348	0.7533910997393815	0.697540469218688	1	1
filopodium assembly	GO:0046847		9	0	1.4199784568286185	-Inf	0	1	1	1
bone remodeling	GO:0046849		6	1	0.9466523045524122	0.054823407857531446	0.9206658936334867	0.6431395801290278	1	1
regulation of bone remodeling	GO:0046850		8	0	1.2622030727365496	-Inf	0	1	1	1
phosphatidylinositol phosphate biosynthetic process	GO:0046854		23	3	3.62883383411758	-0.19029905017545348	0.7533910997393815	0.7268153437843944	1	1
phosphatidylinositol dephosphorylation	GO:0046856		15	2	2.366630761381031	-0.16832014345667848	0.7674866162952108	0.6727557550052204	1	1
regulation of saliva secretion	GO:0046877		5	0	0.7888769204603435	-Inf	0	1	1	1
hormone secretion	GO:0046879		21	0	3.313283065933443	-Inf	0	1	1	1
regulation of hormone secretion	GO:0046883		101	4	15.935313793298938	-1.3822432786357823	0.2484508685440649	0.9999511101084861	1	1
regulation of hormone biosynthetic process	GO:0046885		13	0	2.0510799931968933	-Inf	0	1	1	1
positive regulation of hormone biosynthetic process	GO:0046886		5	0	0.7888769204603435	-Inf	0	1	1	1
positive regulation of hormone secretion	GO:0046887		46	3	7.25766766823516	-0.8834462307353987	0.40240725407852046	0.9806376674724465	1	1
negative regulation of hormone secretion	GO:0046888		20	1	3.155507681841374	-1.1491493964684045	0.3118280657172801	0.9617755394453003	1	1
positive regulation of lipid biosynthetic process	GO:0046889		51	1	8.046544588695504	-2.085242755638739	0.12395924612983754	0.9998156110816747	1	1
regulation of lipid biosynthetic process	GO:0046890		100	8	15.777538409206871	-0.6791457672226691	0.4875085810917311	0.9913432639632676	1	1
regulation of mitochondrial membrane permeability	GO:0046902		31	3	4.89103690685413	-0.4887920387314503	0.5802530490677252	0.8873994883212709	1	1
secretion	GO:0046903		159	6	25.086286070638923	-1.43056185590659	0.2369509711204538	0.9999993441562594	1	1
regulation of neurotransmitter secretion	GO:0046928		15	2	2.366630761381031	-0.16832014345667848	0.7674866162952108	0.6727557550052204	1	1
pore complex assembly	GO:0046931		19	2	2.9977322977493053	-0.40470892152090865	0.625564683896595	0.825558070733152	1	1
carboxylic acid transport	GO:0046942		157	12	24.77073530245479	-0.7247562784747215	0.4672537724822855	0.9988620285515455	1	1
fatty-acyl-CoA biosynthetic process	GO:0046949		26	1	4.1021599863937865	-1.4115136609358956	0.2414219726866582	0.9863757326715852	1	1
ketone body biosynthetic process	GO:0046951		5	0	0.7888769204603435	-Inf	0	1	1	1
cytosol to endoplasmic reticulum transport	GO:0046967		5	0	0.7888769204603435	-Inf	0	1	1	1
regulation of response to osmotic stress	GO:0047484		8	0	1.2622030727365496	-Inf	0	1	1	1
vesicle transport along microtubule	GO:0047496		9	0	1.4199784568286185	-Inf	0	1	1	1
mitochondrion transport along microtubule	GO:0047497		14	0	2.208855377288962	-Inf	0	1	1	1
antigen processing and presentation of peptide antigen	GO:0048002		41	5	6.468790747774817	-0.25755127718462106	0.711399809532372	0.7783609127867872	1	1
platelet-derived growth factor receptor signaling pathway	GO:0048008		14	1	2.208855377288962	-0.7924744525296722	0.4385317160500693	0.9097242574396893	1	1
insulin-like growth factor receptor signaling pathway	GO:0048009		8	2	1.2622030727365496	0.46028851596569575	1.240756211609746	0.3674088486818622	1	1
vascular endothelial growth factor receptor signaling pathway	GO:0048010		26	0	4.1021599863937865	-Inf	0	1	1	1
hepatocyte growth factor receptor signaling pathway	GO:0048012		6	0	0.9466523045524122	-Inf	0	1	1	1
ephrin receptor signaling pathway	GO:0048013		29	0	4.5754861386699925	-Inf	0	1	1	1
regulation of melanin biosynthetic process	GO:0048021		9	1	1.4199784568286185	-0.350641700250633	0.6561334090262664	0.7868500319994607	1	1
positive regulation of melanin biosynthetic process	GO:0048023		7	1	1.104427688644481	-0.09932727196972693	0.8129096848478663	0.6994625284929428	1	1
regulation of mRNA splicing, via spliceosome	GO:0048024		63	4	9.939849197800328	-0.9102574881860556	0.39228184408392197	0.9922814242244193	1	1
negative regulation of mRNA splicing, via spliceosome	GO:0048025		12	0	1.8933046091048245	-Inf	0	1	1	1
positive regulation of mRNA splicing, via spliceosome	GO:0048026		9	0	1.4199784568286185	-Inf	0	1	1	1
focal adhesion assembly	GO:0048041		15	0	2.366630761381031	-Inf	0	1	1	1
developmental pigmentation	GO:0048066		17	2	2.682181529565168	-0.2934832864106844	0.6896729147432905	0.7742325480643975	1	1
astrocyte activation	GO:0048143		5	0	0.7888769204603435	-Inf	0	1	1	1
regulation of fibroblast proliferation	GO:0048145		37	1	5.837689211406543	-1.7643350355586382	0.17047375860197075	0.9982711513895923	1	1
positive regulation of fibroblast proliferation	GO:0048146		25	0	3.9443846023017177	-Inf	0	1	1	1
negative regulation of fibroblast proliferation	GO:0048147		12	1	1.8933046091048245	-0.6383237727024138	0.506271076694502	0.8726993542847484	1	1
regulation of synaptic plasticity	GO:0048167		27	1	4.259935370485855	-1.4492539889187426	0.23264116201088111	0.9903409722146757	1	1
regulation of neuronal synaptic plasticity	GO:0048168		5	0	0.7888769204603435	-Inf	0	1	1	1
Golgi vesicle transport	GO:0048193		171	13	26.97959067974375	-0.7301313219555368	0.4649154700485667	0.9994509795494846	1	1
Golgi vesicle budding	GO:0048194		6	1	0.9466523045524122	0.054823407857531446	0.9206658936334867	0.6431395801290278	1	1
vesicle targeting, to, from or within Golgi	GO:0048199		16	0	2.5244061454730993	-Inf	0	1	1	1
vesicle targeting, rough ER to cis-Golgi	GO:0048207		11	0	1.7355292250127559	-Inf	0	1	1	1
COPII vesicle coating	GO:0048208		11	0	1.7355292250127559	-Inf	0	1	1	1
plasma membrane to endosome transport	GO:0048227		7	0	1.104427688644481	-Inf	0	1	1	1
male gamete generation	GO:0048232		107	4	16.88196609785135	-1.439951596256429	0.23477646256036314	0.9999435618553723	1	1
eosinophil chemotaxis	GO:0048245		8	0	1.2622030727365496	-Inf	0	1	1	1
macrophage chemotaxis	GO:0048246		8	0	1.2622030727365496	-Inf	0	1	1	1
lymphocyte chemotaxis	GO:0048247		17	1	2.682181529565168	-0.9866304669706297	0.36469283564378024	0.9359833340499569	1	1
elastic fiber assembly	GO:0048251		5	0	0.7888769204603435	-Inf	0	1	1	1
snoRNA localization	GO:0048254		5	0	0.7888769204603435	-Inf	0	1	1	1
mRNA stabilization	GO:0048255		42	2	6.626566131866886	-1.1979395606378367	0.29741149256349064	0.9935004626411345	1	1
regulation of receptor-mediated endocytosis	GO:0048259		72	6	11.359827654628948	-0.6383237727024138	0.506271076694502	0.976468493743881	1	1
positive regulation of receptor-mediated endocytosis	GO:0048260		37	5	5.837689211406543	-0.15489712312453788	0.7761845980619783	0.715204816656174	1	1
negative regulation of receptor-mediated endocytosis	GO:0048261		22	0	3.4710584500255117	-Inf	0	1	1	1
clathrin coat assembly	GO:0048268		11	2	1.7355292250127559	0.14183478484716117	0.9851310298618374	0.5371248474375075	1	1
vesicle docking	GO:0048278		10	0	1.577753840920687	-Inf	0	1	1	1
organelle fusion	GO:0048284		67	5	10.570950734168603	-0.7486718298712792	0.45692775567172916	0.9809122791454424	1	1
organelle fission	GO:0048285		172	20	27.13736606383582	-0.3051793261738758	0.6827076352391153	0.9235433114202037	1	1
organelle inheritance	GO:0048308		9	1	1.4199784568286185	-0.350641700250633	0.6561334090262664	0.7868500319994607	1	1
mitochondrion distribution	GO:0048311		9	2	1.4199784568286185	0.34250548030931227	1.142896492055841	0.4272886601979041	1	1
intracellular distribution of mitochondria	GO:0048312		5	1	0.7888769204603435	0.23714496465148602	1.0585560331525345	0.5762657973197276	1	1
Golgi inheritance	GO:0048313		9	1	1.4199784568286185	-0.350641700250633	0.6561334090262664	0.7868500319994607	1	1
mesoderm morphogenesis	GO:0048332		7	1	1.104427688644481	-0.09932727196972693	0.8129096848478663	0.6994625284929428	1	1
mesodermal cell differentiation	GO:0048333		5	1	0.7888769204603435	0.23714496465148602	1.0585560331525345	0.5762657973197276	1	1
retinoic acid receptor signaling pathway	GO:0048384		9	1	1.4199784568286185	-0.350641700250633	0.6561334090262664	0.7868500319994607	1	1
regulation of retinoic acid receptor signaling pathway	GO:0048385		11	0	1.7355292250127559	-Inf	0	1	1	1
negative regulation of retinoic acid receptor signaling pathway	GO:0048387		6	0	0.9466523045524122	-Inf	0	1	1	1
cell maturation	GO:0048469		21	0	3.313283065933443	-Inf	0	1	1	1
synaptic vesicle endocytosis	GO:0048488		9	2	1.4199784568286185	0.34250548030931227	1.142896492055841	0.4272886601979041	1	1
synaptic vesicle transport	GO:0048489		5	0	0.7888769204603435	-Inf	0	1	1	1
maintenance of animal organ identity	GO:0048496		5	0	0.7888769204603435	-Inf	0	1	1	1
rhythmic process	GO:0048511		29	2	4.5754861386699925	-0.8275657723409423	0.42426863940338144	0.9558820733172542	1	1
blood vessel morphogenesis	GO:0048514		105	8	16.566415329667215	-0.7279359313921011	0.4658692987529052	0.9954225897839553	1	1
spermatid differentiation	GO:0048515		38	3	5.9954645954986105	-0.6923909939726897	0.4815501042824095	0.9384695808022732	1	1
positive regulation of viral process	GO:0048524		60	6	9.466523045524124	-0.45600221590845946	0.5976018042874565	0.9127489093851573	1	1
negative regulation of viral process	GO:0048525		67	5	10.570950734168603	-0.7486718298712792	0.45692775567172916	0.9848468876250169	1	1
hematopoietic or lymphoid organ development	GO:0048534		7	1	1.104427688644481	-0.09932727196972693	0.8129096848478663	0.6994625284929428	1	1
response to steroid hormone	GO:0048545		72	6	11.359827654628948	-0.6383237727024138	0.506271076694502	0.976468493743881	1	1
digestive tract morphogenesis	GO:0048546		5	1	0.7888769204603435	0.23714496465148602	1.0585560331525345	0.5762657973197276	1	1
regulation of pinocytosis	GO:0048548		7	1	1.104427688644481	-0.09932727196972693	0.8129096848478663	0.6994625284929428	1	1
embryonic organ morphogenesis	GO:0048562		27	3	4.259935370485855	-0.3506417002506329	0.6561334090262665	0.8013373570208429	1	1
digestive tract development	GO:0048565		26	3	4.1021599863937865	-0.3129013722677859	0.6781377884159226	0.7786272580656751	1	1
embryonic digestive tract development	GO:0048566		8	2	1.2622030727365496	0.46028851596569575	1.240756211609746	0.3674088486818622	1	1
embryonic organ development	GO:0048568		44	6	6.9421169000510234	-0.14584728760461974	0.7820869716603195	0.6692236688035367	1	1
developmental cell growth	GO:0048588		17	0	2.682181529565168	-Inf	0	1	1	1
developmental growth	GO:0048589		38	4	5.9954645954986105	-0.40470892152090865	0.625564683896595	0.870862629465618	1	1
eye morphogenesis	GO:0048592		15	3	2.366630761381031	0.23714496465148582	1.0585560331525345	0.3840800995536907	1	1
camera-type eye morphogenesis	GO:0048593		10	1	1.577753840920687	-0.4560022159084593	0.5976018042874566	0.7868500319994607	1	1
embryonic morphogenesis	GO:0048598		68	8	10.728726118260672	-0.2934832864106844	0.6896729147432905	0.8499034982307447	1	1
reproductive structure development	GO:0048608		39	1	6.15323997959068	-1.81697876904406	0.16180899881236216	0.9985444945143944	1	1
multicellular organismal reproductive process	GO:0048609		155	5	24.455184534270654	-1.58740432739956	0.20305732447723684	0.9999995148227124	1	1
regulation of muscle organ development	GO:0048634		14	2	2.208855377288962	-0.09932727196972693	0.8129096848478663	0.6727557550052204	1	1
negative regulation of muscle organ development	GO:0048635		6	0	0.9466523045524122	-Inf	0	1	1	1
regulation of developmental growth	GO:0048638		57	6	8.993196893247916	-0.40470892152090865	0.625564683896595	0.904198358495355	1	1
positive regulation of developmental growth	GO:0048639		39	2	6.15323997959068	-1.1238315884841148	0.3195650808598268	0.9897992228181987	1	1
negative regulation of developmental growth	GO:0048640		14	2	2.208855377288962	-0.09932727196972693	0.8129096848478663	0.6727557550052204	1	1
regulation of skeletal muscle tissue development	GO:0048641		5	1	0.7888769204603435	0.23714496465148602	1.0585560331525345	0.5762657973197276	1	1
muscle organ morphogenesis	GO:0048644		19	1	2.9977322977493053	-1.097856102080854	0.32768935881794536	0.9617755394453003	1	1
regulation of smooth muscle cell proliferation	GO:0048660		74	7	11.675378422813086	-0.5115720670632703	0.5684409622104565	0.9588484351102885	1	1
positive regulation of smooth muscle cell proliferation	GO:0048661		40	4	6.311015363682748	-0.4560022159084593	0.5976018042874566	0.8953947725494596	1	1
negative regulation of smooth muscle cell proliferation	GO:0048662		32	5	5.0488122909461985	-0.009715113280039765	0.8745206761805723	0.5839763618651823	1	1
neuron development	GO:0048666		161	9	25.401836838823062	-1.0375969105626572	0.34728221228515943	0.9999797594168676	1	1
cell morphogenesis involved in neuron differentiation	GO:0048667		69	3	10.88650150235274	-1.2889113388435631	0.2721969180173993	0.9993229593811421	1	1
axon extension	GO:0048675		11	0	1.7355292250127559	-Inf	0	1	1	1
response to axon injury	GO:0048678		5	1	0.7888769204603435	0.23714496465148602	1.0585560331525345	0.5762657973197276	1	1
embryonic cranial skeleton morphogenesis	GO:0048701		6	0	0.9466523045524122	-Inf	0	1	1	1
embryonic skeletal system morphogenesis	GO:0048704		10	1	1.577753840920687	-0.4560022159084593	0.5976018042874566	0.8204970178727164	1	1
skeletal system morphogenesis	GO:0048705		36	4	5.679913827314474	-0.350641700250633	0.6561334090262664	0.8415203074473032	1	1
embryonic skeletal system development	GO:0048706		14	2	2.208855377288962	-0.09932727196972693	0.8129096848478663	0.6727557550052204	1	1
astrocyte differentiation	GO:0048708		6	0	0.9466523045524122	-Inf	0	1	1	1
oligodendrocyte differentiation	GO:0048709		9	0	1.4199784568286185	-Inf	0	1	1	1
regulation of astrocyte differentiation	GO:0048710		5	1	0.7888769204603435	0.23714496465148602	1.0585560331525345	0.5762657973197276	1	1
tissue morphogenesis	GO:0048729		113	11	17.828618402403766	-0.48290966882838376	0.5833352175082962	0.9725970879802557	1	1
epidermis morphogenesis	GO:0048730		6	0	0.9466523045524122	-Inf	0	1	1	1
gland development	GO:0048732		43	2	6.784341515958955	-1.2214700580480309	0.2906854261968122	0.9935004626411345	1	1
appendage development	GO:0048736		35	4	5.522138443222405	-0.32247082328393684	0.6725064828415734	0.8248541535797292	1	1
cardiac muscle tissue development	GO:0048738		32	1	5.0488122909461985	-1.6191530257141402	0.1967936935189301	0.9959130147489164	1	1
pigment granule organization	GO:0048753		15	3	2.366630761381031	0.23714496465148582	1.0585560331525345	0.42962943276280896	1	1
branching morphogenesis of an epithelial tube	GO:0048754		13	0	2.0510799931968933	-Inf	0	1	1	1
pigment granule maturation	GO:0048757		9	0	1.4199784568286185	-Inf	0	1	1	1
mesenchymal cell differentiation	GO:0048762		46	2	7.25766766823516	-1.2889113388435631	0.2721969180173993	0.996458933819252	1	1
tissue remodeling	GO:0048771		11	2	1.7355292250127559	0.14183478484716117	0.9851310298618374	0.5371248474375075	1	1
animal organ maturation	GO:0048799		5	0	0.7888769204603435	-Inf	0	1	1	1
genitalia development	GO:0048806		14	1	2.208855377288962	-0.7924744525296722	0.4385317160500693	0.9097242574396893	1	1
neuron projection morphogenesis	GO:0048812		78	4	12.30647995918136	-1.1238315884841148	0.3195650808598268	0.9990700613269299	1	1
dendrite morphogenesis	GO:0048813		7	1	1.104427688644481	-0.09932727196972693	0.8129096848478663	0.6994625284929428	1	1
regulation of dendrite morphogenesis	GO:0048814		9	0	1.4199784568286185	-Inf	0	1	1	1
erythrocyte development	GO:0048821		7	0	1.104427688644481	-Inf	0	1	1	1
inner ear development	GO:0048839		10	0	1.577753840920687	-Inf	0	1	1	1
artery morphogenesis	GO:0048844		6	1	0.9466523045524122	0.054823407857531446	0.9206658936334867	0.6431395801290278	1	1
cell projection morphogenesis	GO:0048858		81	5	12.779806111457567	-0.9384283651527522	0.38189172090220325	0.9975448097659836	1	1
stem cell differentiation	GO:0048863		33	3	5.206587675038268	-0.5513123957127841	0.5483037732141072	0.9112341226524642	1	1
stem cell development	GO:0048864		14	0	2.208855377288962	-Inf	0	1	1	1
multicellular organismal-level homeostasis	GO:0048871		141	11	22.246329156981687	-0.7042817404942113	0.47625444330425926	0.9973846708775557	1	1
homeostasis of number of cells	GO:0048872		41	2	6.468790747774817	-1.1738420090587762	0.30445163950702736	0.9912179496251572	1	1
sensory system development	GO:0048880		55	5	8.677646125063779	-0.5513123957127841	0.5483037732141072	0.9362279347007917	1	1
chromosome localization	GO:0050000		75	8	11.833153806905154	-0.3914636947708881	0.6329493585791638	0.8814758315167714	1	1
3'-phosphoadenosine 5'-phosphosulfate metabolic process	GO:0050427		16	3	2.5244061454730993	0.17260644351391496	1.0085246724610224	0.4738960557783739	1	1
regulation of catecholamine secretion	GO:0050433		10	0	1.577753840920687	-Inf	0	1	1	1
amyloid-beta metabolic process	GO:0050435		17	4	2.682181529565168	0.3996638941492609	1.1899406324579982	0.2750500067379058	1	1
arachidonate secretion	GO:0050482		8	1	1.2622030727365496	-0.23285866459424956	0.7266172585054973	0.6994625284929428	1	1
chondroitin sulfate proteoglycan biosynthetic process	GO:0050650		15	1	2.366630761381031	-0.8614673240166237	0.410882473242539	0.9239788612153117	1	1
dermatan sulfate proteoglycan biosynthetic process	GO:0050651		7	0	1.104427688644481	-Inf	0	1	1	1
chondroitin sulfate proteoglycan metabolic process	GO:0050654		15	1	2.366630761381031	-0.8614673240166237	0.410882473242539	0.9239788612153117	1	1
dermatan sulfate proteoglycan metabolic process	GO:0050655		8	1	1.2622030727365496	-0.23285866459424956	0.7266172585054973	0.7468987684659543	1	1
nucleic acid transport	GO:0050657		64	3	10.097624581892397	-1.2136879176059756	0.29289384077693376	0.9986061722096214	1	1
RNA transport	GO:0050658		64	3	10.097624581892397	-1.2136879176059756	0.29289384077693376	0.9986061722096214	1	1
homocysteine metabolic process	GO:0050667		9	0	1.4199784568286185	-Inf	0	1	1	1
regulation of lymphocyte proliferation	GO:0050670		114	11	17.98639378649583	-0.4917202985105385	0.5787236389657837	0.9769613155886254	1	1
positive regulation of lymphocyte proliferation	GO:0050671		75	7	11.833153806905154	-0.5249950873954108	0.5615727091148413	0.9626641819333448	1	1
negative regulation of lymphocyte proliferation	GO:0050672		37	4	5.837689211406543	-0.3780406744387476	0.6405019578056915	0.8415203074473032	1	1
epithelial cell proliferation	GO:0050673		30	1	4.733261522762062	-1.5546145045765691	0.20972987435944143	0.9931524507578191	1	1
regulation of epithelial cell proliferation	GO:0050678		192	12	30.29287374567719	-0.9260058451541948	0.3864422976582265	0.9999720573401192	1	1
positive regulation of epithelial cell proliferation	GO:0050679		112	8	17.670843018311697	-0.7924744525296722	0.4385317160500693	0.9973516039446733	1	1
negative regulation of epithelial cell proliferation	GO:0050680		65	3	10.255399965984466	-1.229192104141941	0.28850963893215525	0.9987926337344856	1	1
regulation of mRNA processing	GO:0050684		77	4	12.14870457508929	-1.1109281836482068	0.32357704486374994	0.9987797820901849	1	1
positive regulation of mRNA processing	GO:0050685		12	0	1.8933046091048245	-Inf	0	1	1	1
negative regulation of mRNA processing	GO:0050686		12	0	1.8933046091048245	-Inf	0	1	1	1
negative regulation of defense response to virus	GO:0050687		14	1	2.208855377288962	-0.7924744525296722	0.4385317160500693	0.9097242574396893	1	1
regulation of defense response to virus	GO:0050688		48	6	7.573218436419298	-0.23285866459424956	0.7266172585054973	0.7727510272778113	1	1
regulation of defense response to virus by host	GO:0050691		35	4	5.522138443222405	-0.32247082328393684	0.6725064828415734	0.8067601788730798	1	1
regulation of protein secretion	GO:0050708		123	9	19.40637224332445	-0.7683769009506117	0.44856995442302844	0.9984423244398575	1	1
negative regulation of protein secretion	GO:0050709		28	1	4.417710754577924	-1.4856216330896175	0.22447173104470095	0.9918672653288341	1	1
positive regulation of protein secretion	GO:0050714		62	7	9.78207381370826	-0.3346413589041919	0.6653954257119937	0.8775341834057688	1	1
regulation of inflammatory response	GO:0050727		190	15	29.977322977493056	-0.6923909939726897	0.4815501042824095	0.9994137531133556	1	1
negative regulation of inflammatory response	GO:0050728		82	7	12.937581495549635	-0.6142262211233536	0.5176317835489359	0.9773434008261248	1	1
positive regulation of inflammatory response	GO:0050729		77	5	12.14870457508929	-0.8877846323339971	0.40075302299535337	0.9954248855253495	1	1
regulation of peptidyl-tyrosine phosphorylation	GO:0050730		72	4	11.359827654628948	-1.0437888808105784	0.34522000318667345	0.9972745876464931	1	1
positive regulation of peptidyl-tyrosine phosphorylation	GO:0050731		52	4	8.204319972787573	-0.7183664803759503	0.47004679746433364	0.9661421817713556	1	1
negative regulation of peptidyl-tyrosine phosphorylation	GO:0050732		17	1	2.682181529565168	-0.9866304669706297	0.36469283564378024	0.9460927581740545	1	1
regulation of lipoprotein metabolic process	GO:0050746		10	0	1.577753840920687	-Inf	0	1	1	1
regulation of phagocytosis	GO:0050764		51	5	8.046544588695504	-0.47580484320463895	0.5870754597307166	0.9216365974623408	1	1
negative regulation of phagocytosis	GO:0050765		9	2	1.4199784568286185	0.34250548030931227	1.142896492055841	0.4272886601979041	1	1
positive regulation of phagocytosis	GO:0050766		36	2	5.679913827314474	-1.0437888808105784	0.34522000318667345	0.9840650842904615	1	1
regulation of neurogenesis	GO:0050767		58	5	9.150972277339985	-0.6044222210267325	0.5223149239340653	0.9535678459387644	1	1
negative regulation of neurogenesis	GO:0050768		19	2	2.9977322977493053	-0.40470892152090865	0.625564683896595	0.825558070733152	1	1
positive regulation of neurogenesis	GO:0050769		36	3	5.679913827314474	-0.6383237727024138	0.506271076694502	0.9213445043085335	1	1
regulation of axonogenesis	GO:0050770		24	1	3.786609218209649	-1.3314709532623592	0.26111132566716627	0.9807834954904975	1	1
negative regulation of axonogenesis	GO:0050771		8	1	1.2622030727365496	-0.23285866459424956	0.7266172585054973	0.7468987684659543	1	1
positive regulation of axonogenesis	GO:0050772		14	0	2.208855377288962	-Inf	0	1	1	1
regulation of dendrite development	GO:0050773		17	0	2.682181529565168	-Inf	0	1	1	1
negative regulation of immune response	GO:0050777		124	10	19.56414762741652	-0.6711135955254047	0.4911526412340279	0.9963709349008971	1	1
RNA destabilization	GO:0050779		48	10	7.573218436419298	0.27796695917174113	1.0908538296916594	0.17927540310495002	1	1
regulation of viral process	GO:0050792		126	12	19.879698395600656	-0.5047923800778912	0.5719358649978091	0.9805023220855901	1	1
regulation of behavior	GO:0050795		14	2	2.208855377288962	-0.09932727196972693	0.8129096848478663	0.6727557550052204	1	1
regulation of insulin secretion	GO:0050796		58	2	9.150972277339985	-1.5207129529008876	0.2168524305575589	0.9994466713339407	1	1
regulation of synapse structure or activity	GO:0050803		49	4	7.730993820511367	-0.6589430599051497	0.4967185926301342	0.9461141817821546	1	1
modulation of chemical synaptic transmission	GO:0050804		59	5	9.308747661432054	-0.6215166543860327	0.5141722588703299	0.9626135915347466	1	1
positive regulation of synaptic transmission	GO:0050806		15	1	2.366630761381031	-0.8614673240166237	0.410882473242539	0.9239788612153117	1	1
regulation of synapse organization	GO:0050807		49	4	7.730993820511367	-0.6589430599051497	0.4967185926301342	0.9461141817821546	1	1
synapse organization	GO:0050808		81	2	12.779806111457567	-1.8547190970269072	0.15586503474962307	0.9999727913007349	1	1
regulation of steroid biosynthetic process	GO:0050810		47	3	7.4154430523272294	-0.9049524359563625	0.3942668823511684	0.9830462827531645	1	1
coagulation	GO:0050817		93	11	14.67311072056239	-0.28812134326929895	0.692883655117967	0.8863960563541942	1	1
regulation of coagulation	GO:0050818		50	0	7.8887692046034354	-Inf	0	1	1	1
negative regulation of coagulation	GO:0050819		35	0	5.522138443222405	-Inf	0	1	1	1
positive regulation of coagulation	GO:0050820		16	0	2.5244061454730993	-Inf	0	1	1	1
protein stabilization	GO:0050821		164	13	25.87516299109927	-0.6883341932770752	0.4833684049140289	0.9988829368852754	1	1
defense response to Gram-negative bacterium	GO:0050829		73	3	11.517603038721015	-1.3452642753946948	0.25761203391266563	0.995674124344625	1	1
defense response to Gram-positive bacterium	GO:0050830		75	3	11.833153806905154	-1.3722929477826145	0.2508847640679904	0.9975351230075331	1	1
defense response to fungus	GO:0050832		34	1	5.364363059130336	-1.679777647530575	0.1853522859633019	0.9918672653288341	1	1
progesterone receptor signaling pathway	GO:0050847		10	3	1.577753840920687	0.6426100727596504	1.3986675832653837	0.1578295083757136	1	1
regulation of calcium-mediated signaling	GO:0050848		52	4	8.204319972787573	-0.7183664803759503	0.47004679746433364	0.9699298910742504	1	1
negative regulation of calcium-mediated signaling	GO:0050849		12	0	1.8933046091048245	-Inf	0	1	1	1
positive regulation of calcium-mediated signaling	GO:0050850		32	1	5.0488122909461985	-1.6191530257141402	0.1967936935189301	0.9951457918178022	1	1
antigen receptor-mediated signaling pathway	GO:0050851		75	8	11.833153806905154	-0.3914636947708881	0.6329493585791638	0.9073418000479694	1	1
T cell receptor signaling pathway	GO:0050852		51	3	8.046544588695504	-0.9866304669706296	0.3646928356437803	0.9886690514810321	1	1
B cell receptor signaling pathway	GO:0050853		22	5	3.4710584500255117	0.3649783361613709	1.161289059605802	0.2595761332477694	1	1
regulation of antigen receptor-mediated signaling pathway	GO:0050854		40	4	6.311015363682748	-0.4560022159084593	0.5976018042874566	0.8953947725494596	1	1
regulation of B cell receptor signaling pathway	GO:0050855		13	3	2.0510799931968933	0.38024580829215937	1.1738616425058435	0.33772642600449965	1	1
regulation of T cell receptor signaling pathway	GO:0050856		29	2	4.5754861386699925	-0.8275657723409423	0.42426863940338144	0.9558820733172542	1	1
positive regulation of antigen receptor-mediated signaling pathway	GO:0050857		15	0	2.366630761381031	-Inf	0	1	1	1
negative regulation of antigen receptor-mediated signaling pathway	GO:0050858		23	4	3.62883383411758	0.09738302227632739	0.9518814280071203	0.5023746387806436	1	1
negative regulation of B cell receptor signaling pathway	GO:0050859		7	3	1.104427688644481	0.9992850166983828	1.7247115699814928	0.08363436659245334	1	1
negative regulation of T cell receptor signaling pathway	GO:0050860		16	1	2.5244061454730993	-0.9260058451541948	0.3864422976582265	0.9359833340499569	1	1
positive regulation of T cell receptor signaling pathway	GO:0050862		12	0	1.8933046091048245	-Inf	0	1	1	1
regulation of T cell activation	GO:0050863		170	10	26.821815295651678	-0.9866304669706296	0.3646928356437803	0.99996681232976	1	1
regulation of B cell activation	GO:0050864		47	8	7.4154430523272294	0.07587681705536375	0.9360308892335503	0.4681312728760403	1	1
negative regulation of cell activation	GO:0050866		92	7	14.51533533647032	-0.7292955509081406	0.4652783862465783	0.9929437989446919	1	1
positive regulation of cell activation	GO:0050867		177	14	27.92624298429616	-0.6905095258729841	0.4823926650787099	0.999337092574373	1	1
negative regulation of T cell activation	GO:0050868		55	5	8.677646125063779	-0.5513123957127841	0.5483037732141072	0.9425675677022974	1	1
negative regulation of B cell activation	GO:0050869		11	3	1.7355292250127559	0.5472998929553256	1.3152208683526203	0.2450875618020846	1	1
positive regulation of T cell activation	GO:0050870		119	7	18.775270706956174	-0.9866304669706296	0.3646928356437803	0.9997022761098127	1	1
positive regulation of B cell activation	GO:0050871		34	5	5.364363059130336	-0.07033973509647462	0.8325203100715584	0.640247343886782	1	1
regulation of body fluid levels	GO:0050878		168	17	26.506264527467543	-0.4441677582614564	0.6039640321378779	0.985039191311186	1	1
multicellular organismal movement	GO:0050879		15	1	2.366630761381031	-0.8614673240166237	0.410882473242539	0.9239788612153117	1	1
musculoskeletal movement	GO:0050881		15	1	2.366630761381031	-0.8614673240166237	0.410882473242539	0.9239788612153117	1	1
neuromuscular process controlling balance	GO:0050885		11	1	1.7355292250127559	-0.5513123957127841	0.5483037732141072	0.8488342349162374	1	1
endocrine process	GO:0050886		20	1	3.155507681841374	-1.1491493964684045	0.3118280657172801	0.9678129216089626	1	1
cognition	GO:0050890		85	9	13.410907647825839	-0.3988438020685106	0.6288263765139327	0.9167322130542597	1	1
multicellular organismal-level water homeostasis	GO:0050891		18	3	2.839956913657237	0.054823407857531446	0.9206658936334867	0.5165059234299028	1	1
intestinal absorption	GO:0050892		15	1	2.366630761381031	-0.8614673240166237	0.410882473242539	0.9239788612153117	1	1
leukocyte migration	GO:0050900		121	11	19.090821475140313	-0.5513123957127841	0.5483037732141072	0.9838487528590778	1	1
leukocyte tethering or rolling	GO:0050901		16	2	2.5244061454730993	-0.23285866459424956	0.7266172585054973	0.7439117686956334	1	1
neuromuscular process	GO:0050905		36	2	5.679913827314474	-1.0437888808105784	0.34522000318667345	0.9840650842904615	1	1
detection of stimulus involved in sensory perception	GO:0050906		52	4	8.204319972787573	-0.7183664803759503	0.47004679746433364	0.9461141817821546	1	1
detection of chemical stimulus involved in sensory perception	GO:0050907		36	3	5.679913827314474	-0.6383237727024138	0.506271076694502	0.8734512578399616	1	1
detection of light stimulus involved in visual perception	GO:0050908		10	1	1.577753840920687	-0.4560022159084593	0.5976018042874566	0.8204970178727164	1	1
sensory perception of taste	GO:0050909		42	4	6.626566131866886	-0.5047923800778914	0.571935864997809	0.8415203074473032	1	1
detection of chemical stimulus involved in sensory perception of taste	GO:0050912		35	3	5.522138443222405	-0.6101528957357176	0.5195732126581182	0.8579923531368561	1	1
sensory perception of bitter taste	GO:0050913		33	3	5.206587675038268	-0.5513123957127841	0.5483037732141072	0.8409015413639225	1	1
sensory perception of sour taste	GO:0050915		5	1	0.7888769204603435	0.23714496465148602	1.0585560331525345	0.5762657973197276	1	1
positive chemotaxis	GO:0050918		13	0	2.0510799931968933	-Inf	0	1	1	1
negative chemotaxis	GO:0050919		10	0	1.577753840920687	-Inf	0	1	1	1
regulation of chemotaxis	GO:0050920		130	13	20.510799931968933	-0.4560022159084593	0.5976018042874566	0.9769197254072388	1	1
positive regulation of chemotaxis	GO:0050921		96	10	15.146436872838596	-0.41518022138820415	0.6197742600254305	0.9458187739699739	1	1
negative regulation of chemotaxis	GO:0050922		23	2	3.62883383411758	-0.595764158283618	0.5264801846721091	0.8978639028554195	1	1
regulation of positive chemotaxis	GO:0050926		15	0	2.366630761381031	-Inf	0	1	1	1
positive regulation of positive chemotaxis	GO:0050927		14	0	2.208855377288962	-Inf	0	1	1	1
induction of positive chemotaxis	GO:0050930		8	0	1.2622030727365496	-Inf	0	1	1	1
pigment cell differentiation	GO:0050931		14	2	2.208855377288962	-0.09932727196972693	0.8129096848478663	0.6727557550052204	1	1
sensory perception of light stimulus	GO:0050953		120	9	18.933046091048247	-0.7436842883602404	0.45906466252030814	0.9975944368862941	1	1
sensory perception of mechanical stimulus	GO:0050954		77	3	12.14870457508929	-1.3986102560999878	0.24449667185981566	0.9997187974407061	1	1
equilibrioception	GO:0050957		6	1	0.9466523045524122	0.054823407857531446	0.9206658936334867	0.6431395801290278	1	1
detection of light stimulus involved in sensory perception	GO:0050962		10	1	1.577753840920687	-0.4560022159084593	0.5976018042874566	0.8204970178727164	1	1
detection of mechanical stimulus	GO:0050982		11	2	1.7355292250127559	0.14183478484716117	0.9851310298618374	0.5371248474375075	1	1
regulation of lipid catabolic process	GO:0050994		31	4	4.89103690685413	-0.2011099662796692	0.7465248685943383	0.743267773347741	1	1
negative regulation of lipid catabolic process	GO:0050995		13	2	2.0510799931968933	-0.02521929981600501	0.8636537464594634	0.631516375655002	1	1
positive regulation of lipid catabolic process	GO:0050996		15	1	2.366630761381031	-0.8614673240166237	0.410882473242539	0.9239788612153117	1	1
regulation of nitric-oxide synthase activity	GO:0050999		5	1	0.7888769204603435	0.23714496465148602	1.0585560331525345	0.5762657973197276	1	1
actin filament severing	GO:0051014		5	0	0.7888769204603435	-Inf	0	1	1	1
barbed-end actin filament capping	GO:0051016		5	0	0.7888769204603435	-Inf	0	1	1	1
actin filament bundle assembly	GO:0051017		32	2	5.0488122909461985	-0.9260058451541948	0.3864422976582265	0.9713618809532663	1	1
mRNA transport	GO:0051028		47	2	7.4154430523272294	-1.310417544064527	0.26654018947634345	0.9969608207757836	1	1
regulation of membrane protein ectodomain proteolysis	GO:0051043		23	1	3.62883383411758	-1.2889113388435631	0.2721969180173993	0.9807834954904975	1	1
positive regulation of membrane protein ectodomain proteolysis	GO:0051044		15	0	2.366630761381031	-Inf	0	1	1	1
negative regulation of membrane protein ectodomain proteolysis	GO:0051045		5	0	0.7888769204603435	-Inf	0	1	1	1
positive regulation of secretion	GO:0051047		134	10	21.141901468337206	-0.7486718298712792	0.45692775567172916	0.9982490588526187	1	1
negative regulation of secretion	GO:0051048		69	5	10.88650150235274	-0.7780857150775725	0.444501529160009	0.9865144500062338	1	1
negative regulation of DNA metabolic process	GO:0051053		101	8	15.935313793298938	-0.6890960980758372	0.4830264615425898	0.9903945068919728	1	1
positive regulation of DNA metabolic process	GO:0051054		182	12	28.715119904756506	-0.8725171602032087	0.406601758385062	0.9999379927561343	1	1
negative regulation of lipid biosynthetic process	GO:0051055		35	3	5.522138443222405	-0.6101528957357176	0.5195732126581182	0.9213445043085335	1	1
regulation of small GTPase mediated signal transduction	GO:0051056		189	19	29.819547593400987	-0.4507251588076156	0.6004321476000329	0.9874942801560546	1	1
positive regulation of small GTPase mediated signal transduction	GO:0051057		33	1	5.206587675038268	-1.649924684380894	0.19090272047718984	0.9959130147489164	1	1
negative regulation of small GTPase mediated signal transduction	GO:0051058		30	1	4.733261522762062	-1.5546145045765691	0.20972987435944143	0.9942346046215891	1	1
nuclear membrane disassembly	GO:0051081		11	0	1.7355292250127559	-Inf	0	1	1	1
'de novo' post-translational protein folding	GO:0051084		9	0	1.4199784568286185	-Inf	0	1	1	1
chaperone cofactor-dependent protein refolding	GO:0051085		7	0	1.104427688644481	-Inf	0	1	1	1
regulation of DNA-binding transcription factor activity	GO:0051090		183	22	28.872895288848575	-0.2718608223975187	0.7026879688302891	0.9168047103057051	1	1
positive regulation of DNA-binding transcription factor activity	GO:0051091		117	10	18.45971993877204	-0.6130059647181241	0.518212741244077	0.9910937498911434	1	1
positive regulation of NF-kappaB transcription factor activity	GO:0051092		88	9	13.884233800102047	-0.4335293600564008	0.6097289785803396	0.9451754812411315	1	1
regulation of binding	GO:0051098		132	8	20.82635070015307	-0.9567775038209486	0.3752592248846453	0.9997677402105417	1	1
positive regulation of binding	GO:0051099		64	6	10.097624581892397	-0.5205407370460303	0.5638443550198389	0.9462364092490736	1	1
negative regulation of binding	GO:0051100		65	2	10.255399965984466	-1.6346572122501055	0.19380372209245234	0.99978454736226	1	1
regulation of DNA binding	GO:0051101		47	6	7.4154430523272294	-0.21180525539641723	0.7397757016056515	0.7542138565498653	1	1
RNA polymerase II preinitiation complex assembly	GO:0051123		17	2	2.682181529565168	-0.2934832864106844	0.6896729147432905	0.7742325480643975	1	1
regulation of actin nucleation	GO:0051125		15	0	2.366630761381031	-Inf	0	1	1	1
negative regulation of actin nucleation	GO:0051126		5	0	0.7888769204603435	-Inf	0	1	1	1
positive regulation of actin nucleation	GO:0051127		9	0	1.4199784568286185	-Inf	0	1	1	1
chaperone-mediated protein complex assembly	GO:0051131		19	1	2.9977322977493053	-1.097856102080854	0.32768935881794536	0.9617755394453003	1	1
NK T cell activation	GO:0051132		5	0	0.7888769204603435	-Inf	0	1	1	1
regulation of NK T cell activation	GO:0051133		11	1	1.7355292250127559	-0.5513123957127841	0.5483037732141072	0.8488342349162374	1	1
positive regulation of NK T cell activation	GO:0051135		9	0	1.4199784568286185	-Inf	0	1	1	1
regulation of NK T cell proliferation	GO:0051140		6	0	0.9466523045524122	-Inf	0	1	1	1
positive regulation of NK T cell proliferation	GO:0051142		6	0	0.9466523045524122	-Inf	0	1	1	1
smooth muscle cell differentiation	GO:0051145		5	1	0.7888769204603435	0.23714496465148602	1.0585560331525345	0.5762657973197276	1	1
striated muscle cell differentiation	GO:0051146		40	2	6.311015363682748	-1.1491493964684045	0.3118280657172801	0.9912179496251572	1	1
regulation of muscle cell differentiation	GO:0051147		55	7	8.677646125063779	-0.21484015909157117	0.7378684689616064	0.7692012099613665	1	1
negative regulation of muscle cell differentiation	GO:0051148		23	6	3.62883383411758	0.5028481303844918	1.276962264432791	0.12053634649183999	1	1
positive regulation of muscle cell differentiation	GO:0051149		28	1	4.417710754577924	-1.4856216330896175	0.22447173104470095	0.9918672653288341	1	1
regulation of smooth muscle cell differentiation	GO:0051150		20	5	3.155507681841374	0.46028851596569575	1.240756211609746	0.19760660436483687	1	1
negative regulation of smooth muscle cell differentiation	GO:0051151		10	5	1.577753840920687	1.1534356965256412	1.8705947332904256	0.01223384476819754	1	1
positive regulation of smooth muscle cell differentiation	GO:0051152		9	0	1.4199784568286185	-Inf	0	1	1	1
regulation of striated muscle cell differentiation	GO:0051153		26	2	4.1021599863937865	-0.7183664803759503	0.47004679746433364	0.922466050944612	1	1
negative regulation of striated muscle cell differentiation	GO:0051154		12	1	1.8933046091048245	-0.6383237727024138	0.506271076694502	0.8488342349162374	1	1
positive regulation of striated muscle cell differentiation	GO:0051155		14	1	2.208855377288962	-0.7924744525296722	0.4385317160500693	0.9097242574396893	1	1
glucose 6-phosphate metabolic process	GO:0051156		15	1	2.366630761381031	-0.8614673240166237	0.410882473242539	0.9239788612153117	1	1
nuclear export	GO:0051168		75	1	11.833153806905154	-2.470905236450724	0.0844080580049608	0.9999970544192179	1	1
nuclear transport	GO:0051169		123	3	19.40637224332445	-1.8669891896187214	0.15397921227314784	0.999999788060238	1	1
import into nucleus	GO:0051170		47	2	7.4154430523272294	-1.310417544064527	0.26654018947634345	0.9969608207757836	1	1
vitamin transport	GO:0051180		39	5	6.15323997959068	-0.20754085660995972	0.7424615050091643	0.7586110047743441	1	1
prosthetic group metabolic process	GO:0051189		6	2	0.9466523045524122	0.7479705884174768	1.4929330427012544	0.24189688327322753	1	1
protein insertion into mitochondrial membrane	GO:0051204		5	0	0.7888769204603435	-Inf	0	1	1	1
protein insertion into membrane	GO:0051205		40	2	6.311015363682748	-1.1491493964684045	0.3118280657172801	0.988157455771919	1	1
release of sequestered calcium ion into cytosol	GO:0051209		28	2	4.417710754577924	-0.7924744525296722	0.4385317160500693	0.9491310581323991	1	1
cartilage development	GO:0051216		27	2	4.259935370485855	-0.7561068083587973	0.4537583768674764	0.9325601087715927	1	1
positive regulation of protein transport	GO:0051222		129	15	20.353024547876863	-0.3051793261738756	0.6827076352391153	0.9268204116648776	1	1
negative regulation of protein transport	GO:0051224		60	2	9.466523045524124	-1.5546145045765691	0.20972987435944143	0.9995955572029604	1	1
spindle assembly	GO:0051225		63	8	9.939849197800328	-0.21711030762611025	0.7364441236852846	0.7977695089549519	1	1
spindle elongation	GO:0051231		8	1	1.2622030727365496	-0.23285866459424956	0.7266172585054973	0.7468987684659543	1	1
maintenance of location	GO:0051235		51	9	8.046544588695504	0.11198182169748012	0.9627293082395041	0.4141661315107489	1	1
establishment of RNA localization	GO:0051236		66	4	10.413175350076536	-0.9567775038209486	0.3752592248846453	0.9953917144422615	1	1
negative regulation of lymphocyte activation	GO:0051250		68	7	10.728726118260672	-0.42701467903520707	0.6132806795076775	0.9208135742139274	1	1
positive regulation of lymphocyte activation	GO:0051251		152	12	23.981858381994442	-0.6923909939726897	0.4815501042824095	0.998604932735604	1	1
spindle midzone assembly	GO:0051255		8	1	1.2622030727365496	-0.23285866459424956	0.7266172585054973	0.7468987684659543	1	1
mitotic spindle midzone assembly	GO:0051256		7	1	1.104427688644481	-0.09932727196972693	0.8129096848478663	0.6994625284929428	1	1
protein polymerization	GO:0051258		52	4	8.204319972787573	-0.7183664803759503	0.47004679746433364	0.9519500961059997	1	1
protein complex oligomerization	GO:0051259		160	13	25.244061454730993	-0.6636415806867038	0.4945634681095867	0.9986368686041598	1	1
protein homooligomerization	GO:0051260		118	12	18.61749532286411	-0.4391950975920781	0.6066533243099425	0.9702618205459949	1	1
protein depolymerization	GO:0051261		22	3	3.4710584500255117	-0.14584728760461974	0.7820869716603195	0.6659403867942789	1	1
protein tetramerization	GO:0051262		71	7	11.202052270536878	-0.47018685090041573	0.5900465848963115	0.9452018919318289	1	1
regulation of release of sequestered calcium ion into cytosol	GO:0051279		50	2	7.8887692046034354	-1.3722929477826145	0.2508847640679904	0.9973925536317754	1	1
positive regulation of release of sequestered calcium ion into cytosol	GO:0051281		25	0	3.9443846023017177	-Inf	0	1	1	1
regulation of sequestering of calcium ion	GO:0051282		78	4	12.30647995918136	-1.1238315884841148	0.3195650808598268	0.9987797820901849	1	1
negative regulation of sequestering of calcium ion	GO:0051283		28	2	4.417710754577924	-0.7924744525296722	0.4385317160500693	0.9491310581323991	1	1
positive regulation of sequestering of calcium ion	GO:0051284		6	0	0.9466523045524122	-Inf	0	1	1	1
protein homotetramerization	GO:0051289		50	7	7.8887692046034354	-0.11952997928724632	0.7994252257503376	0.6937008176875028	1	1
protein heterotetramerization	GO:0051290		12	0	1.8933046091048245	-Inf	0	1	1	1
protein heterooligomerization	GO:0051291		16	1	2.5244061454730993	-0.9260058451541948	0.3864422976582265	0.9359833340499569	1	1
nuclear pore complex assembly	GO:0051292		11	0	1.7355292250127559	-Inf	0	1	1	1
establishment of spindle localization	GO:0051293		31	1	4.89103690685413	-1.5874043273995597	0.20305732447723684	0.9951457918178022	1	1
establishment of spindle orientation	GO:0051294		26	0	4.1021599863937865	-Inf	0	1	1	1
centrosome duplication	GO:0051298		27	4	4.259935370485855	-0.06295962779885195	0.8375621926429162	0.63558230217779	1	1
cell division	GO:0051301		88	7	13.884233800102047	-0.6848437883373069	0.4849375620411219	0.9850253512461686	1	1
regulation of cell division	GO:0051302		103	10	16.250864561483077	-0.48556101815000363	0.5819443694574777	0.9645331297770864	1	1
establishment of chromosome localization	GO:0051303		73	7	11.517603038721015	-0.4979664150074914	0.5754722123460011	0.9276652891159233	1	1
chromosome separation	GO:0051304		6	0	0.9466523045524122	-Inf	0	1	1	1
metaphase chromosome alignment	GO:0051310		71	7	11.202052270536878	-0.47018685090041573	0.5900465848963115	0.9134050588126992	1	1
attachment of mitotic spindle microtubules to kinetochore	GO:0051315		13	1	2.0510799931968933	-0.7183664803759503	0.47004679746433364	0.8927979358372273	1	1
meiotic cell cycle	GO:0051321		42	5	6.626566131866886	-0.2816488287636815	0.6967741144248638	0.7783609127867872	1	1
regulation of hydrolase activity	GO:0051336		178	16	28.08401836838823	-0.5626119509667175	0.5426863995336865	0.9972246598283218	1	1
regulation of oxidoreductase activity	GO:0051341		23	1	3.62883383411758	-1.2889113388435631	0.2721969180173993	0.9807834954904975	1	1
positive regulation of hydrolase activity	GO:0051345		107	8	16.88196609785135	-0.7468044156964837	0.4577268283174913	0.9966980835984636	1	1
negative regulation of hydrolase activity	GO:0051346		40	6	6.311015363682748	-0.050537107800294925	0.8460936236395288	0.6203616486872418	1	1
positive regulation of transferase activity	GO:0051347		154	12	24.29740915017858	-0.7054630755400424	0.47573107812500975	0.998292881306249	1	1
negative regulation of transferase activity	GO:0051348		88	7	13.884233800102047	-0.6848437883373069	0.4849375620411219	0.9891082005977141	1	1
positive regulation of lyase activity	GO:0051349		18	3	2.839956913657237	0.054823407857531446	0.9206658936334867	0.5165059234299028	1	1
negative regulation of lyase activity	GO:0051350		11	1	1.7355292250127559	-0.5513123957127841	0.5483037732141072	0.8488342349162374	1	1
positive regulation of oxidoreductase activity	GO:0051353		10	1	1.577753840920687	-0.4560022159084593	0.5976018042874566	0.8204970178727164	1	1
negative regulation of oxidoreductase activity	GO:0051354		7	0	1.104427688644481	-Inf	0	1	1	1
kinetochore assembly	GO:0051382		8	1	1.2622030727365496	-0.23285866459424956	0.7266172585054973	0.7468987684659543	1	1
kinetochore organization	GO:0051383		9	1	1.4199784568286185	-0.350641700250633	0.6561334090262664	0.7868500319994607	1	1
response to glucocorticoid	GO:0051384		18	1	2.839956913657237	-1.0437888808105784	0.34522000318667345	0.9546061989867662	1	1
neuron apoptotic process	GO:0051402		12	2	1.8933046091048245	0.054823407857531446	0.9206658936334867	0.586317921862617	1	1
stress-activated MAPK cascade	GO:0051403		15	2	2.366630761381031	-0.16832014345667848	0.7674866162952108	0.7101598045809759	1	1
detoxification of nitrogen compound	GO:0051410		5	2	0.7888769204603435	0.9302921452114313	1.660243592711515	0.17926462372048302	1	1
regulation of ubiquitin-protein transferase activity	GO:0051438		27	1	4.259935370485855	-1.4492539889187426	0.23264116201088111	0.9863757326715852	1	1
positive regulation of ubiquitin-protein transferase activity	GO:0051443		14	0	2.208855377288962	-Inf	0	1	1	1
negative regulation of ubiquitin-protein transferase activity	GO:0051444		11	1	1.7355292250127559	-0.5513123957127841	0.5483037732141072	0.8488342349162374	1	1
regulation of meiotic cell cycle	GO:0051445		6	0	0.9466523045524122	-Inf	0	1	1	1
intracellular pH reduction	GO:0051452		20	1	3.155507681841374	-1.1491493964684045	0.3118280657172801	0.9617755394453003	1	1
regulation of intracellular pH	GO:0051453		42	6	6.626566131866886	-0.09932727196972693	0.8129096848478663	0.645301813223212	1	1
maintenance of protein location in nucleus	GO:0051457		20	2	3.155507681841374	-0.4560022159084593	0.5976018042874566	0.8470652783357171	1	1
regulation of corticotropin secretion	GO:0051459		5	1	0.7888769204603435	0.23714496465148602	1.0585560331525345	0.5762657973197276	1	1
regulation of cytosolic calcium ion concentration	GO:0051480		17	1	2.682181529565168	-0.9866304669706297	0.36469283564378024	0.9460927581740545	1	1
negative regulation of cytosolic calcium ion concentration	GO:0051481		7	2	1.104427688644481	0.5938199085902184	1.355718486679157	0.3052018899455362	1	1
regulation of filopodium assembly	GO:0051489		22	1	3.4710584500255117	-1.2444595762727295	0.28425313097344823	0.9771782958107115	1	1
positive regulation of filopodium assembly	GO:0051491		13	1	2.0510799931968933	-0.7183664803759503	0.47004679746433364	0.8927979358372273	1	1
regulation of stress fiber assembly	GO:0051492		59	4	9.308747661432054	-0.8446602057002425	0.4174709561883012	0.9887135958971525	1	1
negative regulation of cytoskeleton organization	GO:0051494		72	2	11.359827654628948	-1.7369360613705236	0.17516192305379188	0.9999290179152878	1	1
positive regulation of cytoskeleton organization	GO:0051495		119	9	18.775270706956174	-0.7353160386897235	0.46266960941575497	0.9970198240930641	1	1
positive regulation of stress fiber assembly	GO:0051496		34	2	5.364363059130336	-0.9866304669706297	0.36469283564378024	0.9786096278448267	1	1
negative regulation of stress fiber assembly	GO:0051497		20	1	3.155507681841374	-1.1491493964684045	0.3118280657172801	0.9678129216089626	1	1
adenine nucleotide transport	GO:0051503		26	3	4.1021599863937865	-0.3129013722677859	0.6781377884159226	0.8013373570208429	1	1
regulation of keratinocyte migration	GO:0051547		7	0	1.104427688644481	-Inf	0	1	1	1
positive regulation of keratinocyte migration	GO:0051549		6	0	0.9466523045524122	-Inf	0	1	1	1
flavone metabolic process	GO:0051552		6	0	0.9466523045524122	-Inf	0	1	1	1
mitochondrial calcium ion homeostasis	GO:0051560		16	0	2.5244061454730993	-Inf	0	1	1	1
positive regulation of mitochondrial calcium ion concentration	GO:0051561		7	0	1.104427688644481	-Inf	0	1	1	1
regulation of neurotransmitter uptake	GO:0051580		11	0	1.7355292250127559	-Inf	0	1	1	1
regulation of dopamine uptake involved in synaptic transmission	GO:0051584		8	0	1.2622030727365496	-Inf	0	1	1	1
regulation of neurotransmitter transport	GO:0051588		25	2	3.9443846023017177	-0.6791457672226691	0.4875085810917311	0.910958947514297	1	1
negative regulation of neurotransmitter transport	GO:0051589		5	0	0.7888769204603435	-Inf	0	1	1	1
response to cAMP	GO:0051591		28	3	4.417710754577924	-0.38700934442150786	0.6354479636426911	0.8409015413639225	1	1
response to calcium ion	GO:0051592		68	3	10.728726118260672	-1.2743125394224106	0.27610176333170644	0.9990951712718703	1	1
detection of stimulus	GO:0051606		121	11	19.090821475140313	-0.5513123957127841	0.5483037732141072	0.9769613155886254	1	1
defense response to virus	GO:0051607		157	14	24.77073530245479	-0.5706055986474631	0.5387413253217	0.9935699245870315	1	1
histamine transport	GO:0051608		5	0	0.7888769204603435	-Inf	0	1	1	1
serotonin uptake	GO:0051610		9	0	1.4199784568286185	-Inf	0	1	1	1
centrosome localization	GO:0051642		15	1	2.366630761381031	-0.8614673240166237	0.410882473242539	0.9239788612153117	1	1
Golgi localization	GO:0051645		9	1	1.4199784568286185	-0.350641700250633	0.6561334090262664	0.7868500319994607	1	1
mitochondrion localization	GO:0051646		28	2	4.417710754577924	-0.7924744525296722	0.4385317160500693	0.9491310581323991	1	1
nucleus localization	GO:0051647		7	1	1.104427688644481	-0.09932727196972693	0.8129096848478663	0.6994625284929428	1	1
vesicle localization	GO:0051648		61	4	9.624298429616191	-0.8779966259678341	0.404493889866012	0.9912332113543474	1	1
establishment of vesicle localization	GO:0051650		58	4	9.150972277339985	-0.8275657723409423	0.42426863940338144	0.9872076664704539	1	1
maintenance of location in cell	GO:0051651		49	9	7.730993820511367	0.15198715631117904	0.9928155773014794	0.3661654835421898	1	1
spindle localization	GO:0051653		32	1	5.0488122909461985	-1.6191530257141402	0.1967936935189301	0.9959130147489164	1	1
establishment of mitochondrion localization	GO:0051654		17	0	2.682181529565168	-Inf	0	1	1	1
establishment of organelle localization	GO:0051656		193	13	30.45064912976926	-0.8511579543577623	0.41491268705257456	0.9999190720086433	1	1
maintenance of organelle location	GO:0051657		8	3	1.2622030727365496	0.8657536240738603	1.600476592140702	0.11858101373656212	1	1
membrane raft localization	GO:0051665		5	1	0.7888769204603435	0.23714496465148602	1.0585560331525345	0.4968655625998786	1	1
establishment of Golgi localization	GO:0051683		6	0	0.9466523045524122	-Inf	0	1	1	1
actin filament capping	GO:0051693		6	0	0.9466523045524122	-Inf	0	1	1	1
protein delipidation	GO:0051697		5	1	0.7888769204603435	0.23714496465148602	1.0585560331525345	0.5762657973197276	1	1
biological process involved in interaction with host	GO:0051701		76	9	11.990929190997221	-0.2869258858645252	0.6936010022991634	0.8217937637120581	1	1
biological process involved in interaction with symbiont	GO:0051702		25	0	3.9443846023017177	-Inf	0	1	1	1
biological process involved in intraspecies interaction between organisms	GO:0051703		11	1	1.7355292250127559	-0.5513123957127841	0.5483037732141072	0.8488342349162374	1	1
protein de-ADP-ribosylation	GO:0051725		5	1	0.7888769204603435	0.23714496465148602	1.0585560331525345	0.5762657973197276	1	1
response to redox state	GO:0051775		9	0	1.4199784568286185	-Inf	0	1	1	1
positive regulation of cell division	GO:0051781		44	2	6.9421169000510234	-1.2444595762727295	0.28425313097344823	0.9935004626411345	1	1
negative regulation of cell division	GO:0051782		8	1	1.2622030727365496	-0.23285866459424956	0.7266172585054973	0.6994625284929428	1	1
regulation of nuclear division	GO:0051783		84	6	13.253132263733772	-0.7924744525296722	0.4385317160500693	0.9938186488723446	1	1
negative regulation of nuclear division	GO:0051784		29	1	4.5754861386699925	-1.5207129529008876	0.2168524305575589	0.9931524507578191	1	1
positive regulation of nuclear division	GO:0051785		30	4	4.733261522762062	-0.16832014345667848	0.7674866162952108	0.7188622108089069	1	1
response to misfolded protein	GO:0051788		15	1	2.366630761381031	-0.8614673240166237	0.410882473242539	0.9239788612153117	1	1
medium-chain fatty acid metabolic process	GO:0051791		10	2	1.577753840920687	0.23714496465148602	1.0585560331525345	0.4840271591401576	1	1
regulation of hair follicle development	GO:0051797		5	0	0.7888769204603435	-Inf	0	1	1	1
cytolysis by host of symbiont cells	GO:0051838		11	0	1.7355292250127559	-Inf	0	1	1	1
modulation by host of symbiont process	GO:0051851		90	5	14.199784568286185	-1.0437888808105784	0.34522000318667345	0.9991176857438144	1	1
protein autoubiquitination	GO:0051865		57	6	8.993196893247916	-0.40470892152090865	0.625564683896595	0.8849158068142918	1	1
killing by host of symbiont cells	GO:0051873		20	0	3.155507681841374	-Inf	0	1	1	1
pigment granule localization	GO:0051875		7	0	1.104427688644481	-Inf	0	1	1	1
regulation of mitochondrial membrane potential	GO:0051881		39	4	6.15323997959068	-0.43068440792416945	0.6112780014257958	0.8836913865731925	1	1
regulation of focal adhesion assembly	GO:0051893		46	1	7.25766766823516	-1.9820585194035085	0.13735302354105494	0.9996328005432856	1	1
positive regulation of focal adhesion assembly	GO:0051894		16	1	2.5244061454730993	-0.9260058451541948	0.3864422976582265	0.9359833340499569	1	1
negative regulation of focal adhesion assembly	GO:0051895		12	0	1.8933046091048245	-Inf	0	1	1	1
regulation of phosphatidylinositol 3-kinase/protein kinase B signal transduction	GO:0051896		169	9	26.664039911559613	-1.0860912605012678	0.33143202180288006	0.99999256419271	1	1
positive regulation of phosphatidylinositol 3-kinase/protein kinase B signal transduction	GO:0051897		123	3	19.40637224332445	-1.8669891896187214	0.15397921227314784	0.9999998188913299	1	1
negative regulation of phosphatidylinositol 3-kinase/protein kinase B signal transduction	GO:0051898		35	3	5.522138443222405	-0.6101528957357176	0.5195732126581182	0.930390474689359	1	1
membrane depolarization	GO:0051899		28	2	4.417710754577924	-0.7924744525296722	0.4385317160500693	0.9491310581323991	1	1
regulation of mitochondrial depolarization	GO:0051900		10	1	1.577753840920687	-0.4560022159084593	0.5976018042874566	0.8204970178727164	1	1
positive regulation of mitochondrial depolarization	GO:0051901		5	0	0.7888769204603435	-Inf	0	1	1	1
regulation of fibrinolysis	GO:0051917		12	0	1.8933046091048245	-Inf	0	1	1	1
negative regulation of fibrinolysis	GO:0051918		8	0	1.2622030727365496	-Inf	0	1	1	1
sulfation	GO:0051923		13	2	2.0510799931968933	-0.02521929981600501	0.8636537464594634	0.631516375655002	1	1
regulation of calcium ion transport	GO:0051924		132	8	20.82635070015307	-0.9567775038209486	0.3752592248846453	0.9997677402105417	1	1
negative regulation of calcium ion transport	GO:0051926		30	1	4.733261522762062	-1.5546145045765691	0.20972987435944143	0.9942346046215891	1	1
positive regulation of calcium ion transport	GO:0051928		56	2	8.835421509155848	-1.4856216330896175	0.22447173104470095	0.9991162766969042	1	1
regulation of sensory perception of pain	GO:0051930		7	1	1.104427688644481	-0.09932727196972693	0.8129096848478663	0.6431395801290278	1	1
regulation of sensory perception	GO:0051931		7	1	1.104427688644481	-0.09932727196972693	0.8129096848478663	0.6431395801290278	1	1
catecholamine transport	GO:0051937		12	0	1.8933046091048245	-Inf	0	1	1	1
L-glutamate import	GO:0051938		11	0	1.7355292250127559	-Inf	0	1	1	1
regulation of catecholamine uptake involved in synaptic transmission	GO:0051940		8	0	1.2622030727365496	-Inf	0	1	1	1
regulation of amine transport	GO:0051952		20	1	3.155507681841374	-1.1491493964684045	0.3118280657172801	0.9617755394453003	1	1
negative regulation of amine transport	GO:0051953		8	1	1.2622030727365496	-0.23285866459424956	0.7266172585054973	0.7468987684659543	1	1
positive regulation of amine transport	GO:0051954		6	0	0.9466523045524122	-Inf	0	1	1	1
regulation of nervous system development	GO:0051960		69	5	10.88650150235274	-0.7780857150775725	0.444501529160009	0.9865144500062338	1	1
negative regulation of nervous system development	GO:0051961		19	2	2.9977322977493053	-0.40470892152090865	0.625564683896595	0.825558070733152	1	1
positive regulation of nervous system development	GO:0051962		43	3	6.784341515958955	-0.8160049499398664	0.428921501412316	0.9673271673926314	1	1
regulation of synapse assembly	GO:0051963		27	1	4.259935370485855	-1.4492539889187426	0.23264116201088111	0.9838193454025062	1	1
positive regulation of synapse assembly	GO:0051965		8	0	1.2622030727365496	-Inf	0	1	1	1
regulation of transmission of nerve impulse	GO:0051969		6	0	0.9466523045524122	-Inf	0	1	1	1
regulation of chromosome segregation	GO:0051983		72	6	11.359827654628948	-0.6383237727024138	0.506271076694502	0.9738262457034259	1	1
positive regulation of chromosome segregation	GO:0051984		18	1	2.839956913657237	-1.0437888808105784	0.34522000318667345	0.9546061989867662	1	1
negative regulation of chromosome segregation	GO:0051985		24	2	3.786609218209649	-0.6383237727024138	0.506271076694502	0.910958947514297	1	1
positive regulation of attachment of spindle microtubules to kinetochore	GO:0051987		7	0	1.104427688644481	-Inf	0	1	1	1
regulation of attachment of spindle microtubules to kinetochore	GO:0051988		16	2	2.5244061454730993	-0.23285866459424956	0.7266172585054973	0.7439117686956334	1	1
modulation by symbiont of entry into host	GO:0052372		26	3	4.1021599863937865	-0.3129013722677859	0.6781377884159226	0.8013373570208429	1	1
regulation of peptidase activity	GO:0052547		31	5	4.89103690685413	0.022033585034540528	0.8970391862957164	0.5541246636717763	1	1
regulation of endopeptidase activity	GO:0052548		19	3	2.9977322977493053	7.561865872556224e-4	0.8819083927546117	0.595716910168776	1	1
cyclic purine nucleotide metabolic process	GO:0052652		19	0	2.9977322977493053	-Inf	0	1	1	1
imidazole-containing compound metabolic process	GO:0052803		10	1	1.577753840920687	-0.4560022159084593	0.5976018042874566	0.8204970178727164	1	1
imidazole-containing compound catabolic process	GO:0052805		7	1	1.104427688644481	-0.09932727196972693	0.8129096848478663	0.6994625284929428	1	1
muscle cell development	GO:0055001		27	2	4.259935370485855	-0.7561068083587973	0.4537583768674764	0.9325601087715927	1	1
striated muscle cell development	GO:0055002		22	1	3.4710584500255117	-1.2444595762727295	0.28425313097344823	0.9771782958107115	1	1
cardiac cell development	GO:0055006		7	0	1.104427688644481	-Inf	0	1	1	1
cardiac muscle cell differentiation	GO:0055007		13	0	2.0510799931968933	-Inf	0	1	1	1
cardiac muscle tissue morphogenesis	GO:0055008		18	0	2.839956913657237	-Inf	0	1	1	1
ventricular cardiac muscle tissue morphogenesis	GO:0055010		14	0	2.208855377288962	-Inf	0	1	1	1
cardiac muscle cell development	GO:0055013		7	0	1.104427688644481	-Inf	0	1	1	1
regulation of cardiac muscle tissue growth	GO:0055021		8	0	1.2622030727365496	-Inf	0	1	1	1
positive regulation of cardiac muscle tissue growth	GO:0055023		6	0	0.9466523045524122	-Inf	0	1	1	1
phosphate ion homeostasis	GO:0055062		11	0	1.7355292250127559	-Inf	0	1	1	1
copper ion homeostasis	GO:0055070		12	0	1.8933046091048245	-Inf	0	1	1	1
calcium ion homeostasis	GO:0055074		112	7	17.670843018311697	-0.9260058451541948	0.3864422976582265	0.9989970333812009	1	1
potassium ion homeostasis	GO:0055075		12	0	1.8933046091048245	-Inf	0	1	1	1
sodium ion homeostasis	GO:0055078		15	1	2.366630761381031	-0.8614673240166237	0.410882473242539	0.9239788612153117	1	1
lipid homeostasis	GO:0055088		76	9	11.990929190997221	-0.2869258858645252	0.6936010022991634	0.8456186491096953	1	1
fatty acid homeostasis	GO:0055089		5	1	0.7888769204603435	0.23714496465148602	1.0585560331525345	0.5762657973197276	1	1
acylglycerol homeostasis	GO:0055090		23	3	3.62883383411758	-0.19029905017545348	0.7533910997393815	0.697540469218688	1	1
phospholipid homeostasis	GO:0055091		9	1	1.4199784568286185	-0.350641700250633	0.6561334090262664	0.7868500319994607	1	1
sterol homeostasis	GO:0055092		42	4	6.626566131866886	-0.5047923800778914	0.571935864997809	0.9157294312685488	1	1
response to lipoprotein particle	GO:0055094		15	3	2.366630761381031	0.23714496465148582	1.0585560331525345	0.42962943276280896	1	1
regulation of cardiac muscle contraction	GO:0055117		50	4	7.8887692046034354	-0.6791457672226691	0.4875085810917311	0.9619136403943873	1	1
relaxation of cardiac muscle	GO:0055119		8	1	1.2622030727365496	-0.23285866459424956	0.7266172585054973	0.7468987684659543	1	1
digestive system development	GO:0055123		26	3	4.1021599863937865	-0.3129013722677859	0.6781377884159226	0.7786272580656751	1	1
roof of mouth development	GO:0060021		17	2	2.682181529565168	-0.2934832864106844	0.6896729147432905	0.7742325480643975	1	1
retina development in camera-type eye	GO:0060041		12	2	1.8933046091048245	0.054823407857531446	0.9206658936334867	0.5371248474375075	1	1
regulation of cardiac muscle cell proliferation	GO:0060043		6	0	0.9466523045524122	-Inf	0	1	1	1
regulation of acrosome reaction	GO:0060046		8	1	1.2622030727365496	-0.23285866459424956	0.7266172585054973	0.7468987684659543	1	1
heart contraction	GO:0060047		50	0	7.8887692046034354	-Inf	0	1	1	1
cardiac muscle contraction	GO:0060048		46	0	7.25766766823516	-Inf	0	1	1	1
positive regulation of epithelial cell proliferation involved in wound healing	GO:0060054		6	0	0.9466523045524122	-Inf	0	1	1	1
angiogenesis involved in wound healing	GO:0060055		5	0	0.7888769204603435	-Inf	0	1	1	1
canonical Wnt signaling pathway	GO:0060070		46	3	7.25766766823516	-0.8834462307353987	0.40240725407852046	0.9830462827531645	1	1
Wnt signaling pathway, planar cell polarity pathway	GO:0060071		8	0	1.2622030727365496	-Inf	0	1	1	1
maternal process involved in female pregnancy	GO:0060135		9	0	1.4199784568286185	-Inf	0	1	1	1
regulation of syncytium formation by plasma membrane fusion	GO:0060142		7	0	1.104427688644481	-Inf	0	1	1	1
positive regulation of syncytium formation by plasma membrane fusion	GO:0060143		7	0	1.104427688644481	-Inf	0	1	1	1
regulation of post-transcriptional gene silencing	GO:0060147		22	2	3.4710584500255117	-0.5513123957127841	0.5483037732141072	0.8829901151101129	1	1
positive regulation of post-transcriptional gene silencing	GO:0060148		11	2	1.7355292250127559	0.14183478484716117	0.9851310298618374	0.5371248474375075	1	1
negative regulation of post-transcriptional gene silencing	GO:0060149		12	0	1.8933046091048245	-Inf	0	1	1	1
regulation of dopamine receptor signaling pathway	GO:0060159		5	1	0.7888769204603435	0.23714496465148602	1.0585560331525345	0.5762657973197276	1	1
limb development	GO:0060173		35	4	5.522138443222405	-0.32247082328393684	0.6725064828415734	0.8248541535797292	1	1
positive regulation of lipase activity	GO:0060193		7	0	1.104427688644481	-Inf	0	1	1	1
regulation of nuclear-transcribed mRNA poly(A) tail shortening	GO:0060211		11	2	1.7355292250127559	0.14183478484716117	0.9851310298618374	0.5371248474375075	1	1
positive regulation of nuclear-transcribed mRNA poly(A) tail shortening	GO:0060213		9	2	1.4199784568286185	0.34250548030931227	1.142896492055841	0.4272886601979041	1	1
hematopoietic stem cell differentiation	GO:0060218		6	3	0.9466523045524122	1.1534356965256412	1.8705947332904256	0.05400010461499344	1	1
mesenchymal to epithelial transition	GO:0060231		5	0	0.7888769204603435	-Inf	0	1	1	1
regulation of mitotic spindle organization	GO:0060236		38	3	5.9954645954986105	-0.6923909939726897	0.4815501042824095	0.9213445043085335	1	1
anatomical structure homeostasis	GO:0060249		58	4	9.150972277339985	-0.8275657723409423	0.42426863940338144	0.9814576218639903	1	1
regulation of glial cell proliferation	GO:0060251		8	1	1.2622030727365496	-0.23285866459424956	0.7266172585054973	0.7468987684659543	1	1
positive regulation of glial cell proliferation	GO:0060252		5	0	0.7888769204603435	-Inf	0	1	1	1
regulation of transcription initiation by RNA polymerase II	GO:0060260		41	2	6.468790747774817	-1.1738420090587762	0.30445163950702736	0.9924431179447739	1	1
positive regulation of transcription initiation by RNA polymerase II	GO:0060261		33	1	5.206587675038268	-1.649924684380894	0.19090272047718984	0.9965590123608755	1	1
regulation of respiratory burst	GO:0060263		11	2	1.7355292250127559	0.14183478484716117	0.9851310298618374	0.5371248474375075	1	1
positive regulation of respiratory burst	GO:0060267		6	1	0.9466523045524122	0.054823407857531446	0.9206658936334867	0.6431395801290278	1	1
cilium assembly	GO:0060271		180	33	28.39956913657237	0.15013358766185617	0.9914100871718707	0.1885514965273878	1	1
cilium-dependent cell motility	GO:0060285		40	6	6.311015363682748	-0.050537107800294925	0.8460936236395288	0.6203616486872418	1	1
epithelial cilium movement involved in determination of left/right asymmetry	GO:0060287		7	2	1.104427688644481	0.5938199085902184	1.355718486679157	0.24189688327322753	1	1
long-term synaptic potentiation	GO:0060291		9	1	1.4199784568286185	-0.350641700250633	0.6561334090262664	0.7868500319994607	1	1
cilium movement involved in cell motility	GO:0060294		37	6	5.837689211406543	0.02742443366941676	0.900897925698568	0.5399736009301055	1	1
regulation of cilium movement involved in cell motility	GO:0060295		13	0	2.0510799931968933	-Inf	0	1	1	1
regulation of membrane repolarization	GO:0060306		26	1	4.1021599863937865	-1.4115136609358956	0.2414219726866582	0.9863757326715852	1	1
regulation of ventricular cardiac muscle cell membrane repolarization	GO:0060307		16	1	2.5244061454730993	-0.9260058451541948	0.3864422976582265	0.9239788612153117	1	1
regulation of ryanodine-sensitive calcium-release channel activity	GO:0060314		5	0	0.7888769204603435	-Inf	0	1	1	1
cardiac epithelial to mesenchymal transition	GO:0060317		8	0	1.2622030727365496	-Inf	0	1	1	1
head development	GO:0060322		122	12	19.248596859232382	-0.4725315178596699	0.5888051250634868	0.9649604736799223	1	1
head morphogenesis	GO:0060323		13	1	2.0510799931968933	-0.7183664803759503	0.47004679746433364	0.8927979358372273	1	1
face development	GO:0060324		14	1	2.208855377288962	-0.7924744525296722	0.4385317160500693	0.9097242574396893	1	1
face morphogenesis	GO:0060325		12	1	1.8933046091048245	-0.6383237727024138	0.506271076694502	0.8726993542847484	1	1
cell chemotaxis	GO:0060326		113	10	17.828618402403766	-0.5782198486327086	0.5350056534503164	0.9842320828426679	1	1
regulation of response to type II interferon	GO:0060330		10	0	1.577753840920687	-Inf	0	1	1	1
negative regulation of response to type II interferon	GO:0060331		5	0	0.7888769204603435	-Inf	0	1	1	1
type II interferon-mediated signaling pathway	GO:0060333		10	3	1.577753840920687	0.6426100727596504	1.3986675832653837	0.20033466442889086	1	1
regulation of type II interferon-mediated signaling pathway	GO:0060334		10	0	1.577753840920687	-Inf	0	1	1	1
negative regulation of type II interferon-mediated signaling pathway	GO:0060336		5	0	0.7888769204603435	-Inf	0	1	1	1
type I interferon-mediated signaling pathway	GO:0060337		16	2	2.5244061454730993	-0.23285866459424956	0.7266172585054973	0.7439117686956334	1	1
regulation of type I interferon-mediated signaling pathway	GO:0060338		34	2	5.364363059130336	-0.9866304669706297	0.36469283564378024	0.9752410911662213	1	1
negative regulation of type I interferon-mediated signaling pathway	GO:0060339		18	2	2.839956913657237	-0.350641700250633	0.6561334090262664	0.8013642643579545	1	1
positive regulation of type I interferon-mediated signaling pathway	GO:0060340		13	0	2.0510799931968933	-Inf	0	1	1	1
bone development	GO:0060348		42	2	6.626566131866886	-1.1979395606378367	0.29741149256349064	0.9935004626411345	1	1
bone morphogenesis	GO:0060349		19	2	2.9977322977493053	-0.40470892152090865	0.625564683896595	0.825558070733152	1	1
endochondral bone morphogenesis	GO:0060350		5	1	0.7888769204603435	0.23714496465148602	1.0585560331525345	0.5762657973197276	1	1
regulation of cell adhesion molecule production	GO:0060353		6	0	0.9466523045524122	-Inf	0	1	1	1
regulation of atrial cardiac muscle cell membrane depolarization	GO:0060371		7	0	1.104427688644481	-Inf	0	1	1	1
regulation of atrial cardiac muscle cell membrane repolarization	GO:0060372		6	0	0.9466523045524122	-Inf	0	1	1	1
regulation of DNA strand elongation	GO:0060382		17	1	2.682181529565168	-0.9866304669706297	0.36469283564378024	0.9460927581740545	1	1
regulation of SMAD protein signal transduction	GO:0060390		54	5	8.51987074097171	-0.5329632570445876	0.5575277343592802	0.9362279347007917	1	1
positive regulation of SMAD protein signal transduction	GO:0060391		38	3	5.9954645954986105	-0.6923909939726897	0.4815501042824095	0.952085274735551	1	1
negative regulation of SMAD protein signal transduction	GO:0060392		18	2	2.839956913657237	-0.350641700250633	0.6561334090262664	0.7742325480643975	1	1
SMAD protein signal transduction	GO:0060395		15	1	2.366630761381031	-0.8614673240166237	0.410882473242539	0.9239788612153117	1	1
growth hormone receptor signaling pathway	GO:0060396		13	1	2.0510799931968933	-0.7183664803759503	0.47004679746433364	0.8927979358372273	1	1
growth hormone receptor signaling pathway via JAK-STAT	GO:0060397		7	0	1.104427688644481	-Inf	0	1	1	1
calcium ion transport into cytosol	GO:0060402		6	1	0.9466523045524122	0.054823407857531446	0.9206658936334867	0.6431395801290278	1	1
cardiac septum morphogenesis	GO:0060411		10	0	1.577753840920687	-Inf	0	1	1	1
atrial septum morphogenesis	GO:0060413		5	0	0.7888769204603435	-Inf	0	1	1	1
muscle tissue morphogenesis	GO:0060415		19	1	2.9977322977493053	-1.097856102080854	0.32768935881794536	0.9617755394453003	1	1
response to growth hormone	GO:0060416		14	1	2.208855377288962	-0.7924744525296722	0.4385317160500693	0.9097242574396893	1	1
regulation of heart growth	GO:0060420		8	0	1.2622030727365496	-Inf	0	1	1	1
positive regulation of heart growth	GO:0060421		6	0	0.9466523045524122	-Inf	0	1	1	1
lung vasculature development	GO:0060426		5	0	0.7888769204603435	-Inf	0	1	1	1
negative regulation of digestive system process	GO:0060457		6	0	0.9466523045524122	-Inf	0	1	1	1
acrosomal vesicle exocytosis	GO:0060478		5	1	0.7888769204603435	0.23714496465148602	1.0585560331525345	0.5762657973197276	1	1
mesenchyme development	GO:0060485		53	2	8.362095356879642	-1.4305618559065902	0.23695097112045377	0.9987942475547281	1	1
regulation of cell projection assembly	GO:0060491		141	15	22.246329156981687	-0.39412681219037177	0.6314591634873952	0.9667252985293218	1	1
muscle tissue development	GO:0060537		53	3	8.362095356879642	-1.0250967477984259	0.3514800507708714	0.9924730768482899	1	1
skeletal muscle organ development	GO:0060538		22	2	3.4710584500255117	-0.5513123957127841	0.5483037732141072	0.8661310563927106	1	1
respiratory system development	GO:0060541		19	2	2.9977322977493053	-0.40470892152090865	0.625564683896595	0.8013642643579545	1	1
regulation of necroptotic process	GO:0060544		16	3	2.5244061454730993	0.17260644351391496	1.0085246724610224	0.4738960557783739	1	1
regulation of vitamin D biosynthetic process	GO:0060556		6	0	0.9466523045524122	-Inf	0	1	1	1
developmental growth involved in morphogenesis	GO:0060560		20	0	3.155507681841374	-Inf	0	1	1	1
epithelial tube morphogenesis	GO:0060562		38	5	5.9954645954986105	-0.18156537020669897	0.7589703440642616	0.715204816656174	1	1
neuroepithelial cell differentiation	GO:0060563		5	0	0.7888769204603435	-Inf	0	1	1	1
intestinal epithelial cell differentiation	GO:0060575		7	0	1.104427688644481	-Inf	0	1	1	1
multicellular organismal-level iron ion homeostasis	GO:0060586		13	2	2.0510799931968933	-0.02521929981600501	0.8636537464594634	0.631516375655002	1	1
adipose tissue development	GO:0060612		5	2	0.7888769204603435	0.9302921452114313	1.660243592711515	0.17926462372048302	1	1
regulation of chromosome condensation	GO:0060623		7	1	1.104427688644481	-0.09932727196972693	0.8129096848478663	0.6994625284929428	1	1
regulation of ER to Golgi vesicle-mediated transport	GO:0060628		7	2	1.104427688644481	0.5938199085902184	1.355718486679157	0.3052018899455362	1	1
regulation of microtubule-based movement	GO:0060632		30	1	4.733261522762062	-1.5546145045765691	0.20972987435944143	0.9931524507578191	1	1
negative regulation of transcription initiation by RNA polymerase II	GO:0060633		6	1	0.9466523045524122	0.054823407857531446	0.9206658936334867	0.6431395801290278	1	1
regulation of morphogenesis of a branching structure	GO:0060688		12	1	1.8933046091048245	-0.6383237727024138	0.506271076694502	0.8726993542847484	1	1
regulation of ribonuclease activity	GO:0060700		6	0	0.9466523045524122	-Inf	0	1	1	1
positive regulation of inositol phosphate biosynthetic process	GO:0060732		6	0	0.9466523045524122	-Inf	0	1	1	1
regulation of mast cell chemotaxis	GO:0060753		5	0	0.7888769204603435	-Inf	0	1	1	1
regulation of response to cytokine stimulus	GO:0060759		136	15	21.457452236521345	-0.3580218075482556	0.6518945396058988	0.9404869498976373	1	1
positive regulation of response to cytokine stimulus	GO:0060760		53	6	8.362095356879642	-0.33194956723848057	0.6669632888928666	0.8364545318508304	1	1
negative regulation of response to cytokine stimulus	GO:0060761		63	7	9.939849197800328	-0.3506417002506329	0.6561334090262665	0.8668394332910709	1	1
regulation of androgen receptor signaling pathway	GO:0060765		29	3	4.5754861386699925	-0.42210066423277787	0.6159704844077175	0.8579923531368561	1	1
negative regulation of androgen receptor signaling pathway	GO:0060766		15	2	2.366630761381031	-0.16832014345667848	0.7674866162952108	0.7101598045809759	1	1
cell fate commitment involved in formation of primary germ layer	GO:0060795		6	1	0.9466523045524122	0.054823407857531446	0.9206658936334867	0.6431395801290278	1	1
regulation of canonical Wnt signaling pathway	GO:0060828		156	14	24.61295991836272	-0.5642158005486921	0.5418929444701851	0.9935699245870315	1	1
artery development	GO:0060840		7	1	1.104427688644481	-0.09932727196972693	0.8129096848478663	0.6994625284929428	1	1
cardiac cell fate commitment	GO:0060911		6	0	0.9466523045524122	-Inf	0	1	1	1
regulation of miRNA-mediated gene silencing	GO:0060964		22	2	3.4710584500255117	-0.5513123957127841	0.5483037732141072	0.8829901151101129	1	1
negative regulation of miRNA-mediated gene silencing	GO:0060965		12	0	1.8933046091048245	-Inf	0	1	1	1
regulation of gene silencing by regulatory ncRNA	GO:0060966		22	2	3.4710584500255117	-0.5513123957127841	0.5483037732141072	0.8829901151101129	1	1
negative regulation of gene silencing by regulatory ncRNA	GO:0060967		12	0	1.8933046091048245	-Inf	0	1	1	1
left/right pattern formation	GO:0060972		25	2	3.9443846023017177	-0.6791457672226691	0.4875085810917311	0.910958947514297	1	1
kidney morphogenesis	GO:0060993		11	1	1.7355292250127559	-0.5513123957127841	0.5483037732141072	0.8204970178727164	1	1
dendritic spine development	GO:0060996		8	0	1.2622030727365496	-Inf	0	1	1	1
regulation of dendritic spine development	GO:0060998		8	0	1.2622030727365496	-Inf	0	1	1	1
regulation of dendritic spine morphogenesis	GO:0061001		5	1	0.7888769204603435	0.23714496465148602	1.0585560331525345	0.5762657973197276	1	1
hepaticobiliary system development	GO:0061008		11	2	1.7355292250127559	0.14183478484716117	0.9851310298618374	0.4840271591401576	1	1
regulation of mRNA catabolic process	GO:0061013		124	15	19.56414762741652	-0.26564848741724045	0.7064604835599764	0.8844598507697301	1	1
positive regulation of mRNA catabolic process	GO:0061014		56	12	8.835421509155848	0.3061378361384375	1.1134256698778522	0.13389796146028682	1	1
membrane fusion	GO:0061025		70	5	11.04427688644481	-0.7924744525296724	0.4385317160500693	0.9848468876250169	1	1
establishment of endothelial barrier	GO:0061028		25	1	3.9443846023017177	-1.3722929477826145	0.2508847640679904	0.9863757326715852	1	1
regulation of cartilage development	GO:0061035		16	0	2.5244061454730993	-Inf	0	1	1	1
positive regulation of cartilage development	GO:0061036		10	0	1.577753840920687	-Inf	0	1	1	1
negative regulation of cartilage development	GO:0061037		7	0	1.104427688644481	-Inf	0	1	1	1
regulation of wound healing	GO:0061041		90	5	14.199784568286185	-1.0437888808105784	0.34522000318667345	0.9992253077405681	1	1
regulation of vascular wound healing	GO:0061043		6	0	0.9466523045524122	-Inf	0	1	1	1
negative regulation of wound healing	GO:0061045		46	0	7.25766766823516	-Inf	0	1	1	1
muscle structure development	GO:0061061		130	15	20.510799931968933	-0.3129013722677859	0.6781377884159226	0.9163086948603804	1	1
chaperone-mediated protein folding	GO:0061077		30	0	4.733261522762062	-Inf	0	1	1	1
positive regulation of myeloid leukocyte cytokine production involved in immune response	GO:0061081		5	0	0.7888769204603435	-Inf	0	1	1	1
regulation of protein tyrosine kinase activity	GO:0061097		20	1	3.155507681841374	-1.1491493964684045	0.3118280657172801	0.9678129216089626	1	1
positive regulation of protein tyrosine kinase activity	GO:0061098		10	1	1.577753840920687	-0.4560022159084593	0.5976018042874566	0.8204970178727164	1	1
negative regulation of protein tyrosine kinase activity	GO:0061099		11	0	1.7355292250127559	-Inf	0	1	1	1
regulation of proteasomal protein catabolic process	GO:0061136		134	12	21.141901468337206	-0.5663502730773246	0.540838470391083	0.9904029539264789	1	1
morphogenesis of a branching epithelium	GO:0061138		13	0	2.0510799931968933	-Inf	0	1	1	1
endothelial tube morphogenesis	GO:0061154		9	1	1.4199784568286185	-0.350641700250633	0.6561334090262664	0.7868500319994607	1	1
mRNA destabilization	GO:0061157		46	10	7.25766766823516	0.32052657359053716	1.12504165941407	0.14513115288458087	1	1
3'-UTR-mediated mRNA destabilization	GO:0061158		16	3	2.5244061454730993	0.17260644351391496	1.0085246724610224	0.4738960557783739	1	1
establishment of monopolar cell polarity	GO:0061162		13	1	2.0510799931968933	-0.7183664803759503	0.47004679746433364	0.8927979358372273	1	1
regulation of insulin secretion involved in cellular response to glucose stimulus	GO:0061178		15	1	2.366630761381031	-0.8614673240166237	0.410882473242539	0.9239788612153117	1	1
mammary gland epithelium development	GO:0061180		5	1	0.7888769204603435	0.23714496465148602	1.0585560331525345	0.5762657973197276	1	1
establishment or maintenance of bipolar cell polarity	GO:0061245		18	1	2.839956913657237	-1.0437888808105784	0.34522000318667345	0.9546061989867662	1	1
renal tubule development	GO:0061326		9	1	1.4199784568286185	-0.350641700250633	0.6561334090262664	0.7868500319994607	1	1
renal tubule morphogenesis	GO:0061333		7	1	1.104427688644481	-0.09932727196972693	0.8129096848478663	0.6994625284929428	1	1
cardiac conduction	GO:0061337		47	3	7.4154430523272294	-0.9049524359563625	0.3942668823511684	0.9806376674724465	1	1
establishment or maintenance of monopolar cell polarity	GO:0061339		14	1	2.208855377288962	-0.7924744525296722	0.4385317160500693	0.9097242574396893	1	1
neural precursor cell proliferation	GO:0061351		11	0	1.7355292250127559	-Inf	0	1	1	1
determination of heart left/right asymmetry	GO:0061371		8	1	1.2622030727365496	-0.23285866459424956	0.7266172585054973	0.6994625284929428	1	1
regulation of extent of cell growth	GO:0061387		19	2	2.9977322977493053	-0.40470892152090865	0.625564683896595	0.825558070733152	1	1
establishment of skin barrier	GO:0061436		6	1	0.9466523045524122	0.054823407857531446	0.9206658936334867	0.6431395801290278	1	1
connective tissue development	GO:0061448		33	4	5.206587675038268	-0.2636303232610033	0.7076892208932586	0.766023689273821	1	1
trophoblast cell migration	GO:0061450		6	1	0.9466523045524122	0.054823407857531446	0.9206658936334867	0.6431395801290278	1	1
reproductive system development	GO:0061458		40	2	6.311015363682748	-1.1491493964684045	0.3118280657172801	0.9897992228181987	1	1
protein localization to lysosome	GO:0061462		30	5	4.733261522762062	0.05482340785753124	0.9206658936334866	0.5232544247308395	1	1
protein localization to cilium	GO:0061512		29	4	4.5754861386699925	-0.13441859178099705	0.789584647474739	0.6650167181454056	1	1
myeloid cell development	GO:0061515		11	0	1.7355292250127559	-Inf	0	1	1	1
cilium disassembly	GO:0061523		5	0	0.7888769204603435	-Inf	0	1	1	1
axon development	GO:0061564		69	2	10.88650150235274	-1.6943764469517275	0.18269572310069862	0.9999024227661232	1	1
actin filament bundle organization	GO:0061572		33	2	5.206587675038268	-0.9567775038209486	0.3752592248846453	0.9752410911662213	1	1
glycolytic process through fructose-6-phosphate	GO:0061615		14	0	2.208855377288962	-Inf	0	1	1	1
glycolytic process through glucose-6-phosphate	GO:0061620		13	0	2.0510799931968933	-Inf	0	1	1	1
canonical glycolysis	GO:0061621		12	0	1.8933046091048245	-Inf	0	1	1	1
regulation of protein complex stability	GO:0061635		11	2	1.7355292250127559	0.14183478484716117	0.9851310298618374	0.5371248474375075	1	1
cytoskeleton-dependent cytokinesis	GO:0061640		67	7	10.570950734168603	-0.41219959325006633	0.6214182038332541	0.887504767712121	1	1
mitochondrial ribosome assembly	GO:0061668		13	0	2.0510799931968933	-Inf	0	1	1	1
detoxification of inorganic compound	GO:0061687		7	1	1.104427688644481	-0.09932727196972693	0.8129096848478663	0.6994625284929428	1	1
reticulophagy	GO:0061709		9	0	1.4199784568286185	-Inf	0	1	1	1
glucose catabolic process to pyruvate	GO:0061718		12	0	1.8933046091048245	-Inf	0	1	1	1
leukocyte adhesion to vascular endothelial cell	GO:0061756		17	2	2.682181529565168	-0.2934832864106844	0.6896729147432905	0.7742325480643975	1	1
antifungal innate immune response	GO:0061760		10	0	1.577753840920687	-Inf	0	1	1	1
telomeric D-loop disassembly	GO:0061820		8	0	1.2622030727365496	-Inf	0	1	1	1
microtubule organizing center localization	GO:0061842		15	1	2.366630761381031	-0.8614673240166237	0.410882473242539	0.9239788612153117	1	1
antimicrobial humoral immune response mediated by antimicrobial peptide	GO:0061844		97	1	15.304212256930667	-2.7281281014177967	0.06529508098203166	0.9999998138029982	1	1
glial cell activation	GO:0061900		7	0	1.104427688644481	-Inf	0	1	1	1
autophagosome-lysosome fusion	GO:0061909		10	0	1.577753840920687	-Inf	0	1	1	1
process utilizing autophagic mechanism	GO:0061919		183	18	28.872895288848575	-0.4725315178596699	0.5888051250634868	0.9882813613478829	1	1
regulation of protein K48-linked ubiquitination	GO:0061945		5	1	0.7888769204603435	0.23714496465148602	1.0585560331525345	0.5762657973197276	1	1
establishment of protein localization to plasma membrane	GO:0061951		26	2	4.1021599863937865	-0.7183664803759503	0.47004679746433364	0.9325601087715927	1	1
midbody abscission	GO:0061952		22	0	3.4710584500255117	-Inf	0	1	1	1
meiosis I cell cycle process	GO:0061982		24	4	3.786609218209649	0.054823407857531446	0.9206658936334867	0.5023746387806436	1	1
secondary palate development	GO:0062009		9	0	1.4199784568286185	-Inf	0	1	1	1
regulation of small molecule metabolic process	GO:0062012		176	17	27.768467600204094	-0.49068777389634927	0.5792625478108997	0.9907131290496499	1	1
positive regulation of small molecule metabolic process	GO:0062013		81	5	12.779806111457567	-0.9384283651527522	0.38189172090220325	0.9972161958198711	1	1
negative regulation of small molecule metabolic process	GO:0062014		62	4	9.78207381370826	-0.8942571468396145	0.3982964377488585	0.9887135958971525	1	1
positive regulation of mitotic sister chromatid segregation	GO:0062033		9	0	1.4199784568286185	-Inf	0	1	1	1
regulation of programmed necrotic cell death	GO:0062098		17	3	2.682181529565168	0.11198182169747993	0.962729308239504	0.5165059234299028	1	1
negative regulation of programmed necrotic cell death	GO:0062099		5	1	0.7888769204603435	0.23714496465148602	1.0585560331525345	0.5762657973197276	1	1
zinc ion import into organelle	GO:0062111		10	0	1.577753840920687	-Inf	0	1	1	1
regulation of mitochondrial gene expression	GO:0062125		27	1	4.259935370485855	-1.4492539889187426	0.23264116201088111	0.9885283576275847	1	1
R-loop processing	GO:0062176		9	2	1.4199784568286185	0.34250548030931227	1.142896492055841	0.4272886601979041	1	1
cellular response to chemical stress	GO:0062197		157	18	24.77073530245479	-0.319291170366557	0.6743736955143449	0.9500240772715256	1	1
regulation of pattern recognition receptor signaling pathway	GO:0062207		141	12	22.246329156981687	-0.6172703635045815	0.5161848720954376	0.9949956832234759	1	1
positive regulation of pattern recognition receptor signaling pathway	GO:0062208		60	4	9.466523045524124	-0.8614673240166237	0.410882473242539	0.9887135958971525	1	1
intracellular protein transmembrane transport	GO:0065002		19	3	2.9977322977493053	7.561865872556224e-4	0.8819083927546117	0.595716910168776	1	1
protein-DNA complex assembly	GO:0065004		71	6	11.202052270536878	-0.6243375307276741	0.5128389100780061	0.9738262457034259	1	1
protein-lipid complex assembly	GO:0065005		20	2	3.155507681841374	-0.4560022159084593	0.5976018042874566	0.8470652783357171	1	1
neuron cellular homeostasis	GO:0070050		10	0	1.577753840920687	-Inf	0	1	1	1
intrinsic apoptotic signaling pathway in response to endoplasmic reticulum stress	GO:0070059		21	0	3.313283065933443	-Inf	0	1	1	1
proton-transporting V-type ATPase complex assembly	GO:0070070		5	0	0.7888769204603435	-Inf	0	1	1	1
proton-transporting two-sector ATPase complex assembly	GO:0070071		11	0	1.7355292250127559	-Inf	0	1	1	1
glycosylation	GO:0070085		163	20	25.717387607007197	-0.25143505016718487	0.7151473705699722	0.8916508009449293	1	1
chemokine-mediated signaling pathway	GO:0070098		26	4	4.1021599863937865	-0.02521929981600501	0.8636537464594634	0.5718868709164358	1	1
regulation of chemokine-mediated signaling pathway	GO:0070099		8	1	1.2622030727365496	-0.23285866459424956	0.7266172585054973	0.7468987684659543	1	1
negative regulation of chemokine-mediated signaling pathway	GO:0070100		5	0	0.7888769204603435	-Inf	0	1	1	1
interleukin-6-mediated signaling pathway	GO:0070102		11	0	1.7355292250127559	-Inf	0	1	1	1
regulation of interleukin-6-mediated signaling pathway	GO:0070103		5	0	0.7888769204603435	-Inf	0	1	1	1
ciliary neurotrophic factor-mediated signaling pathway	GO:0070120		5	0	0.7888769204603435	-Inf	0	1	1	1
tRNA aminoacylation for mitochondrial protein translation	GO:0070127		5	0	0.7888769204603435	-Inf	0	1	1	1
regulation of mitochondrial translation	GO:0070129		21	1	3.313283065933443	-1.1979395606378367	0.29741149256349064	0.9678129216089626	1	1
positive regulation of mitochondrial translation	GO:0070131		14	1	2.208855377288962	-0.7924744525296722	0.4385317160500693	0.8927979358372273	1	1
response to UV-A	GO:0070141		14	0	2.208855377288962	-Inf	0	1	1	1
regulation of biomineral tissue development	GO:0070167		45	1	7.099892284143093	-1.9600796126847335	0.1403856297198139	0.9994818472547372	1	1
negative regulation of biomineral tissue development	GO:0070168		10	1	1.577753840920687	-0.4560022159084593	0.5976018042874566	0.8204970178727164	1	1
positive regulation of biomineral tissue development	GO:0070169		27	0	4.259935370485855	-Inf	0	1	1	1
regulation of tooth mineralization	GO:0070170		6	0	0.9466523045524122	-Inf	0	1	1	1
kynurenine metabolic process	GO:0070189		5	1	0.7888769204603435	0.23714496465148602	1.0585560331525345	0.5762657973197276	1	1
chromosome organization involved in meiotic cell cycle	GO:0070192		5	1	0.7888769204603435	0.23714496465148602	1.0585560331525345	0.5762657973197276	1	1
protein localization to chromosome, telomeric region	GO:0070198		15	0	2.366630761381031	-Inf	0	1	1	1
establishment of protein localization to chromosome	GO:0070199		14	0	2.208855377288962	-Inf	0	1	1	1
establishment of protein localization to telomere	GO:0070200		6	0	0.9466523045524122	-Inf	0	1	1	1
regulation of establishment of protein localization to chromosome	GO:0070202		7	0	1.104427688644481	-Inf	0	1	1	1
regulation of establishment of protein localization to telomere	GO:0070203		6	0	0.9466523045524122	-Inf	0	1	1	1
protein trimerization	GO:0070206		15	1	2.366630761381031	-0.8614673240166237	0.410882473242539	0.9239788612153117	1	1
protein homotrimerization	GO:0070207		14	1	2.208855377288962	-0.7924744525296722	0.4385317160500693	0.9097242574396893	1	1
protein poly-ADP-ribosylation	GO:0070212		10	1	1.577753840920687	-0.4560022159084593	0.5976018042874566	0.8204970178727164	1	1
protein auto-ADP-ribosylation	GO:0070213		11	2	1.7355292250127559	0.14183478484716117	0.9851310298618374	0.5371248474375075	1	1
lymphocyte apoptotic process	GO:0070227		6	0	0.9466523045524122	-Inf	0	1	1	1
regulation of lymphocyte apoptotic process	GO:0070228		22	1	3.4710584500255117	-1.2444595762727295	0.28425313097344823	0.9728970148697752	1	1
negative regulation of lymphocyte apoptotic process	GO:0070229		10	0	1.577753840920687	-Inf	0	1	1	1
positive regulation of lymphocyte apoptotic process	GO:0070230		8	0	1.2622030727365496	-Inf	0	1	1	1
T cell apoptotic process	GO:0070231		5	0	0.7888769204603435	-Inf	0	1	1	1
regulation of T cell apoptotic process	GO:0070232		12	0	1.8933046091048245	-Inf	0	1	1	1
positive regulation of T cell apoptotic process	GO:0070234		7	0	1.104427688644481	-Inf	0	1	1	1
actin-mediated cell contraction	GO:0070252		40	0	6.311015363682748	-Inf	0	1	1	1
mucus secretion	GO:0070254		5	0	0.7888769204603435	-Inf	0	1	1	1
necroptotic process	GO:0070266		11	2	1.7355292250127559	0.14183478484716117	0.9851310298618374	0.5371248474375075	1	1
cornification	GO:0070268		5	0	0.7888769204603435	-Inf	0	1	1	1
pyroptotic inflammatory response	GO:0070269		21	4	3.313283065933443	0.18835480048205394	1.0206137216517617	0.42831009540479315	1	1
axonemal dynein complex assembly	GO:0070286		25	3	3.9443846023017177	-0.2736806591145047	0.701585653260422	0.7786272580656751	1	1
N-acylphosphatidylethanolamine metabolic process	GO:0070292		8	1	1.2622030727365496	-0.23285866459424956	0.7266172585054973	0.7468987684659543	1	1
renal absorption	GO:0070293		14	1	2.208855377288962	-0.7924744525296722	0.4385317160500693	0.9097242574396893	1	1
renal sodium ion absorption	GO:0070294		9	1	1.4199784568286185	-0.350641700250633	0.6561334090262664	0.7868500319994607	1	1
sarcoplasmic reticulum calcium ion transport	GO:0070296		6	1	0.9466523045524122	0.054823407857531446	0.9206658936334867	0.6431395801290278	1	1
cellular response to hydrogen peroxide	GO:0070301		29	5	4.5754861386699925	0.08872495953321277	0.9454815312979636	0.4914888773969113	1	1
regulation of stress-activated protein kinase signaling cascade	GO:0070302		26	1	4.1021599863937865	-1.4115136609358956	0.2414219726866582	0.9885283576275847	1	1
negative regulation of stress-activated protein kinase signaling cascade	GO:0070303		6	0	0.9466523045524122	-Inf	0	1	1	1
positive regulation of stress-activated protein kinase signaling cascade	GO:0070304		14	1	2.208855377288962	-0.7924744525296722	0.4385317160500693	0.9097242574396893	1	1
response to cGMP	GO:0070305		6	0	0.9466523045524122	-Inf	0	1	1	1
G1 to G0 transition	GO:0070314		8	0	1.2622030727365496	-Inf	0	1	1	1
regulation of G0 to G1 transition	GO:0070316		9	0	1.4199784568286185	-Inf	0	1	1	1
negative regulation of G0 to G1 transition	GO:0070317		5	0	0.7888769204603435	-Inf	0	1	1	1
thyroid hormone transport	GO:0070327		8	0	1.2622030727365496	-Inf	0	1	1	1
triglyceride homeostasis	GO:0070328		23	3	3.62883383411758	-0.19029905017545348	0.7533910997393815	0.697540469218688	1	1
response to bacterial lipopeptide	GO:0070339		5	0	0.7888769204603435	-Inf	0	1	1	1
ERK1 and ERK2 cascade	GO:0070371		19	2	2.9977322977493053	-0.40470892152090865	0.625564683896595	0.825558070733152	1	1
regulation of ERK1 and ERK2 cascade	GO:0070372		166	6	26.190713759283405	-1.473645442042902	0.22713089922295032	0.999999862959263	1	1
negative regulation of ERK1 and ERK2 cascade	GO:0070373		28	1	4.417710754577924	-1.4856216330896175	0.22447173104470095	0.9903409722146757	1	1
positive regulation of ERK1 and ERK2 cascade	GO:0070374		125	5	19.72192301150859	-1.3722929477826145	0.2508847640679904	0.9999925361002047	1	1
DNA cytosine deamination	GO:0070383		5	1	0.7888769204603435	0.23714496465148602	1.0585560331525345	0.5762657973197276	1	1
response to lipoteichoic acid	GO:0070391		6	0	0.9466523045524122	-Inf	0	1	1	1
regulation of nucleotide-binding domain, leucine rich repeat containing receptor signaling pathway	GO:0070424		10	0	1.577753840920687	-Inf	0	1	1	1
nucleotide-binding oligomerization domain containing 2 signaling pathway	GO:0070431		9	2	1.4199784568286185	0.34250548030931227	1.142896492055841	0.4272886601979041	1	1
regulation of nucleotide-binding oligomerization domain containing 2 signaling pathway	GO:0070432		6	0	0.9466523045524122	-Inf	0	1	1	1
cellular detoxification of nitrogen compound	GO:0070458		5	2	0.7888769204603435	0.9302921452114313	1.660243592711515	0.17926462372048302	1	1
rRNA base methylation	GO:0070475		5	0	0.7888769204603435	-Inf	0	1	1	1
response to oxygen levels	GO:0070482		104	13	16.408639945575146	-0.23285866459424956	0.7266172585054973	0.8361239993281315	1	1
leukocyte aggregation	GO:0070486		10	0	1.577753840920687	-Inf	0	1	1	1
thrombin-activated receptor signaling pathway	GO:0070493		5	1	0.7888769204603435	0.23714496465148602	1.0585560331525345	0.5762657973197276	1	1
interleukin-1-mediated signaling pathway	GO:0070498		20	0	3.155507681841374	-Inf	0	1	1	1
regulation of microtubule cytoskeleton organization	GO:0070507		104	10	16.408639945575146	-0.49522292906174065	0.5768985153235614	0.9645331297770864	1	1
cholesterol import	GO:0070508		5	2	0.7888769204603435	0.9302921452114313	1.660243592711515	0.17926462372048302	1	1
calcium ion import	GO:0070509		17	1	2.682181529565168	-0.9866304669706297	0.36469283564378024	0.9359833340499569	1	1
tRNA threonylcarbamoyladenosine metabolic process	GO:0070525		14	0	2.208855377288962	-Inf	0	1	1	1
platelet aggregation	GO:0070527		15	1	2.366630761381031	-0.8614673240166237	0.410882473242539	0.9239788612153117	1	1
protein K63-linked ubiquitination	GO:0070534		48	1	7.573218436419298	-2.0246181338223046	0.13166352286332741	0.9994818472547372	1	1
protein K63-linked deubiquitination	GO:0070536		22	1	3.4710584500255117	-1.2444595762727295	0.28425313097344823	0.9771782958107115	1	1
response to fatty acid	GO:0070542		14	2	2.208855377288962	-0.09932727196972693	0.8129096848478663	0.6727557550052204	1	1
response to interleukin-1	GO:0070555		48	1	7.573218436419298	-2.0246181338223046	0.13166352286332741	0.9996908870599704	1	1
regulation of vitamin D receptor signaling pathway	GO:0070562		7	1	1.104427688644481	-0.09932727196972693	0.8129096848478663	0.6994625284929428	1	1
positive regulation of vitamin D receptor signaling pathway	GO:0070564		5	0	0.7888769204603435	-Inf	0	1	1	1
protein localization to mitochondrion	GO:0070585		65	5	10.255399965984466	-0.7183664803759503	0.47004679746433364	0.9809122791454424	1	1
regulation of cell-cell adhesion involved in gastrulation	GO:0070587		8	1	1.2622030727365496	-0.23285866459424956	0.7266172585054973	0.7468987684659543	1	1
calcium ion transmembrane transport	GO:0070588		95	8	14.988661488746528	-0.6278524728351186	0.5111815810364142	0.9869299473164846	1	1
regulation of protein processing	GO:0070613		30	2	4.733261522762062	-0.8614673240166237	0.410882473242539	0.9617699887084894	1	1
transepithelial transport	GO:0070633		16	2	2.5244061454730993	-0.23285866459424956	0.7266172585054973	0.7101598045809759	1	1
vitamin D3 metabolic process	GO:0070640		5	0	0.7888769204603435	-Inf	0	1	1	1
protein modification by small protein removal	GO:0070646		93	4	14.67311072056239	-1.299722254947779	0.2693391931765573	0.9998239487368454	1	1
leukocyte proliferation	GO:0070661		19	3	2.9977322977493053	7.561865872556224e-4	0.8819083927546117	0.595716910168776	1	1
regulation of leukocyte proliferation	GO:0070663		129	13	20.353024547876863	-0.4482801698145489	0.6017471220514647	0.9728195776738746	1	1
negative regulation of leukocyte proliferation	GO:0070664		39	4	6.15323997959068	-0.43068440792416945	0.6112780014257958	0.8568312760280459	1	1
positive regulation of leukocyte proliferation	GO:0070665		87	8	13.726458416009978	-0.5398836998891614	0.5540340262073715	0.973846339302084	1	1
response to interleukin-2	GO:0070669		8	0	1.2622030727365496	-Inf	0	1	1	1
response to interleukin-4	GO:0070670		10	0	1.577753840920687	-Inf	0	1	1	1
response to interleukin-12	GO:0070671		11	0	1.7355292250127559	-Inf	0	1	1	1
response to interleukin-15	GO:0070672		10	1	1.577753840920687	-0.4560022159084593	0.5976018042874566	0.7868500319994607	1	1
response to interleukin-18	GO:0070673		6	1	0.9466523045524122	0.054823407857531446	0.9206658936334867	0.6431395801290278	1	1
response to cholesterol	GO:0070723		12	3	1.8933046091048245	0.46028851596569575	1.240756211609746	0.29115947531196185	1	1
cyclic nucleotide transport	GO:0070729		9	2	1.4199784568286185	0.34250548030931227	1.142896492055841	0.4272886601979041	1	1
response to interleukin-6	GO:0070741		21	1	3.313283065933443	-1.1979395606378367	0.29741149256349064	0.9728970148697752	1	1
heterochromatin organization	GO:0070828		6	1	0.9466523045524122	0.054823407857531446	0.9206658936334867	0.5762657973197276	1	1
bicellular tight junction assembly	GO:0070830		18	2	2.839956913657237	-0.350641700250633	0.6561334090262664	0.7742325480643975	1	1
inclusion body assembly	GO:0070841		6	0	0.9466523045524122	-Inf	0	1	1	1
aggresome assembly	GO:0070842		5	0	0.7888769204603435	-Inf	0	1	1	1
response to epidermal growth factor	GO:0070849		28	1	4.417710754577924	-1.4856216330896175	0.22447173104470095	0.9918672653288341	1	1
regulation of bile acid biosynthetic process	GO:0070857		8	0	1.2622030727365496	-Inf	0	1	1	1
regulation of protein exit from endoplasmic reticulum	GO:0070861		21	2	3.313283065933443	-0.5047923800778914	0.571935864997809	0.8661310563927106	1	1
negative regulation of protein exit from endoplasmic reticulum	GO:0070862		10	0	1.577753840920687	-Inf	0	1	1	1
positive regulation of protein exit from endoplasmic reticulum	GO:0070863		9	1	1.4199784568286185	-0.350641700250633	0.6561334090262664	0.7868500319994607	1	1
regulation of glycogen metabolic process	GO:0070873		20	2	3.155507681841374	-0.4560022159084593	0.5976018042874566	0.825558070733152	1	1
negative regulation of glycogen metabolic process	GO:0070874		8	1	1.2622030727365496	-0.23285866459424956	0.7266172585054973	0.6994625284929428	1	1
positive regulation of glycogen metabolic process	GO:0070875		12	1	1.8933046091048245	-0.6383237727024138	0.506271076694502	0.8726993542847484	1	1
regulation of calcineurin-NFAT signaling cascade	GO:0070884		20	0	3.155507681841374	-Inf	0	1	1	1
negative regulation of calcineurin-NFAT signaling cascade	GO:0070885		8	0	1.2622030727365496	-Inf	0	1	1	1
positive regulation of calcineurin-NFAT signaling cascade	GO:0070886		11	0	1.7355292250127559	-Inf	0	1	1	1
transcription preinitiation complex assembly	GO:0070897		18	2	2.839956913657237	-0.350641700250633	0.6561334090262664	0.8013642643579545	1	1
mitochondrial tRNA modification	GO:0070900		9	0	1.4199784568286185	-Inf	0	1	1	1
UV-damage excision repair	GO:0070914		10	3	1.577753840920687	0.6426100727596504	1.3986675832653837	0.20033466442889086	1	1
regulatory ncRNA processing	GO:0070918		35	7	5.522138443222405	0.23714496465148582	1.0585560331525345	0.28342917606231277	1	1
regulation of regulatory ncRNA processing	GO:0070920		11	0	1.7355292250127559	-Inf	0	1	1	1
RISC complex assembly	GO:0070922		10	2	1.577753840920687	0.23714496465148602	1.0585560331525345	0.4840271591401576	1	1
CRD-mediated mRNA stabilization	GO:0070934		11	0	1.7355292250127559	-Inf	0	1	1	1
3'-UTR-mediated mRNA stabilization	GO:0070935		14	0	2.208855377288962	-Inf	0	1	1	1
protein K48-linked ubiquitination	GO:0070936		87	11	13.726458416009978	-0.22142996877062673	0.7337392817670249	0.8051843321475093	1	1
protein localization to endoplasmic reticulum	GO:0070972		36	3	5.679913827314474	-0.6383237727024138	0.506271076694502	0.9112341226524642	1	1
protein localization to endoplasmic reticulum exit site	GO:0070973		5	1	0.7888769204603435	0.23714496465148602	1.0585560331525345	0.5762657973197276	1	1
bone maturation	GO:0070977		5	0	0.7888769204603435	-Inf	0	1	1	1
protein K11-linked ubiquitination	GO:0070979		37	2	5.837689211406543	-1.0711878549986928	0.3362302277386233	0.9862589199278997	1	1
demethylation	GO:0070988		10	0	1.577753840920687	-Inf	0	1	1	1
oxidative demethylation	GO:0070989		8	0	1.2622030727365496	-Inf	0	1	1	1
RNA surveillance	GO:0071025		27	2	4.259935370485855	-0.7561068083587973	0.4537583768674764	0.9325601087715927	1	1
nuclear RNA surveillance	GO:0071027		25	2	3.9443846023017177	-0.6791457672226691	0.4875085810917311	0.910958947514297	1	1
histone mRNA catabolic process	GO:0071044		15	3	2.366630761381031	0.23714496465148582	1.0585560331525345	0.3840800995536907	1	1
regulation of phospholipid biosynthetic process	GO:0071071		11	0	1.7355292250127559	-Inf	0	1	1	1
positive regulation of phospholipid biosynthetic process	GO:0071073		8	0	1.2622030727365496	-Inf	0	1	1	1
DNA conformation change	GO:0071103		11	4	1.7355292250127559	0.8349819654071065	1.572179798141526	0.0809936047670405	1	1
response to interleukin-9	GO:0071104		8	0	1.2622030727365496	-Inf	0	1	1	1
protein K48-linked deubiquitination	GO:0071108		21	1	3.313283065933443	-1.1979395606378367	0.29741149256349064	0.9728970148697752	1	1
resolution of DNA recombination intermediates	GO:0071139		9	1	1.4199784568286185	-0.350641700250633	0.6561334090262664	0.7868500319994607	1	1
resolution of mitotic recombination intermediates	GO:0071140		5	0	0.7888769204603435	-Inf	0	1	1	1
protein localization to chromatin	GO:0071168		30	4	4.733261522762062	-0.16832014345667848	0.7674866162952108	0.6650167181454056	1	1
establishment of protein localization to chromatin	GO:0071169		8	0	1.2622030727365496	-Inf	0	1	1	1
spindle assembly checkpoint signaling	GO:0071173		20	1	3.155507681841374	-1.1491493964684045	0.3118280657172801	0.9678129216089626	1	1
mitotic spindle checkpoint signaling	GO:0071174		20	1	3.155507681841374	-1.1491493964684045	0.3118280657172801	0.9678129216089626	1	1
protein targeting to vacuole involved in autophagy	GO:0071211		6	0	0.9466523045524122	-Inf	0	1	1	1
cellular response to abiotic stimulus	GO:0071214		169	17	26.664039911559613	-0.45010249378127093	0.6007668151045596	0.9872109953398002	1	1
cellular response to biotic stimulus	GO:0071216		91	5	14.357559952378253	-1.0548387169971634	0.34156802064880626	0.9991176857438144	1	1
cellular response to misfolded protein	GO:0071218		12	1	1.8933046091048245	-0.6383237727024138	0.506271076694502	0.8726993542847484	1	1
cellular response to molecule of bacterial origin	GO:0071219		75	3	11.833153806905154	-1.3722929477826145	0.2508847640679904	0.9996225926487423	1	1
cellular response to bacterial lipoprotein	GO:0071220		5	0	0.7888769204603435	-Inf	0	1	1	1
cellular response to bacterial lipopeptide	GO:0071221		5	0	0.7888769204603435	-Inf	0	1	1	1
cellular response to lipopolysaccharide	GO:0071222		65	3	10.255399965984466	-1.229192104141941	0.28850963893215525	0.9983915961275749	1	1
cellular response to lipoteichoic acid	GO:0071223		6	0	0.9466523045524122	-Inf	0	1	1	1
cellular response to muramyl dipeptide	GO:0071225		10	1	1.577753840920687	-0.4560022159084593	0.5976018042874566	0.7868500319994607	1	1
cellular response to acid chemical	GO:0071229		32	1	5.0488122909461985	-1.6191530257141402	0.1967936935189301	0.9959130147489164	1	1
cellular response to amino acid stimulus	GO:0071230		29	1	4.5754861386699925	-1.5207129529008876	0.2168524305575589	0.9931524507578191	1	1
cellular response to L-leucine	GO:0071233		10	0	1.577753840920687	-Inf	0	1	1	1
cellular response to arsenic-containing substance	GO:0071243		12	1	1.8933046091048245	-0.6383237727024138	0.506271076694502	0.8726993542847484	1	1
cellular response to metal ion	GO:0071248		67	8	10.570950734168603	-0.27866820062554376	0.6985710997384783	0.8379902501280544	1	1
cellular response to mechanical stimulus	GO:0071260		11	1	1.7355292250127559	-0.5513123957127841	0.5483037732141072	0.8488342349162374	1	1
L-methionine biosynthetic process	GO:0071265		5	0	0.7888769204603435	-Inf	0	1	1	1
L-methionine salvage	GO:0071267		5	0	0.7888769204603435	-Inf	0	1	1	1
cellular response to cadmium ion	GO:0071276		6	1	0.9466523045524122	0.054823407857531446	0.9206658936334867	0.6431395801290278	1	1
cellular response to calcium ion	GO:0071277		34	2	5.364363059130336	-0.9866304669706297	0.36469283564378024	0.9752410911662213	1	1
cellular response to copper ion	GO:0071280		6	0	0.9466523045524122	-Inf	0	1	1	1
cellular response to iron ion	GO:0071281		6	1	0.9466523045524122	0.054823407857531446	0.9206658936334867	0.6431395801290278	1	1
cellular response to zinc ion	GO:0071294		6	2	0.9466523045524122	0.7479705884174768	1.4929330427012544	0.24189688327322753	1	1
cellular response to vitamin	GO:0071295		7	1	1.104427688644481	-0.09932727196972693	0.8129096848478663	0.6994625284929428	1	1
cellular response to retinoic acid	GO:0071300		16	0	2.5244061454730993	-Inf	0	1	1	1
cellular response to alkaloid	GO:0071312		12	3	1.8933046091048245	0.46028851596569575	1.240756211609746	0.29115947531196185	1	1
cellular response to nicotine	GO:0071316		5	0	0.7888769204603435	-Inf	0	1	1	1
cellular response to ATP	GO:0071318		12	2	1.8933046091048245	0.054823407857531446	0.9206658936334867	0.5371248474375075	1	1
cellular response to cAMP	GO:0071320		24	1	3.786609218209649	-1.3314709532623592	0.26111132566716627	0.9838193454025062	1	1
cellular response to cGMP	GO:0071321		5	0	0.7888769204603435	-Inf	0	1	1	1
cellular response to carbohydrate stimulus	GO:0071322		16	1	2.5244061454730993	-0.9260058451541948	0.3864422976582265	0.9359833340499569	1	1
cellular response to monosaccharide stimulus	GO:0071326		13	1	2.0510799931968933	-0.7183664803759503	0.47004679746433364	0.8927979358372273	1	1
cellular response to hexose stimulus	GO:0071331		13	1	2.0510799931968933	-0.7183664803759503	0.47004679746433364	0.8927979358372273	1	1
cellular response to glucose stimulus	GO:0071333		13	1	2.0510799931968933	-0.7183664803759503	0.47004679746433364	0.8927979358372273	1	1
cellular response to type II interferon	GO:0071346		35	5	5.522138443222405	-0.09932727196972704	0.8129096848478662	0.640247343886782	1	1
cellular response to interleukin-1	GO:0071347		37	0	5.837689211406543	-Inf	0	1	1	1
cellular response to interleukin-12	GO:0071349		11	0	1.7355292250127559	-Inf	0	1	1	1
cellular response to interleukin-15	GO:0071350		10	1	1.577753840920687	-0.4560022159084593	0.5976018042874566	0.7868500319994607	1	1
cellular response to interleukin-18	GO:0071351		6	1	0.9466523045524122	0.054823407857531446	0.9206658936334867	0.6431395801290278	1	1
cellular response to interleukin-2	GO:0071352		8	0	1.2622030727365496	-Inf	0	1	1	1
cellular response to interleukin-4	GO:0071353		10	0	1.577753840920687	-Inf	0	1	1	1
cellular response to interleukin-6	GO:0071354		19	1	2.9977322977493053	-1.097856102080854	0.32768935881794536	0.9617755394453003	1	1
cellular response to interleukin-9	GO:0071355		8	0	1.2622030727365496	-Inf	0	1	1	1
cellular response to tumor necrosis factor	GO:0071356		69	8	10.88650150235274	-0.30808208583183694	0.6809871150162635	0.8716213506922056	1	1
cellular response to type I interferon	GO:0071357		17	2	2.682181529565168	-0.2934832864106844	0.6896729147432905	0.7742325480643975	1	1
cellular response to dsRNA	GO:0071359		19	1	2.9977322977493053	-1.097856102080854	0.32768935881794536	0.9546061989867662	1	1
cellular response to exogenous dsRNA	GO:0071360		16	1	2.5244061454730993	-0.9260058451541948	0.3864422976582265	0.9359833340499569	1	1
cellular response to epidermal growth factor stimulus	GO:0071364		25	1	3.9443846023017177	-1.3722929477826145	0.2508847640679904	0.9863757326715852	1	1
cellular response to gonadotropin stimulus	GO:0071371		5	0	0.7888769204603435	-Inf	0	1	1	1
cellular response to peptide hormone stimulus	GO:0071375		82	6	12.937581495549635	-0.7683769009506117	0.44856995442302844	0.9930635471619637	1	1
cellular response to growth hormone stimulus	GO:0071378		13	1	2.0510799931968933	-0.7183664803759503	0.47004679746433364	0.8927979358372273	1	1
cellular response to prostaglandin stimulus	GO:0071379		11	0	1.7355292250127559	-Inf	0	1	1	1
cellular response to prostaglandin E stimulus	GO:0071380		5	0	0.7888769204603435	-Inf	0	1	1	1
cellular response to steroid hormone stimulus	GO:0071383		59	6	9.308747661432054	-0.4391950975920781	0.6066533243099425	0.9127489093851573	1	1
cellular response to corticosteroid stimulus	GO:0071384		13	1	2.0510799931968933	-0.7183664803759503	0.47004679746433364	0.8927979358372273	1	1
cellular response to glucocorticoid stimulus	GO:0071385		12	1	1.8933046091048245	-0.6383237727024138	0.506271076694502	0.8726993542847484	1	1
cellular response to estrogen stimulus	GO:0071391		11	1	1.7355292250127559	-0.5513123957127841	0.5483037732141072	0.8204970178727164	1	1
cellular response to estradiol stimulus	GO:0071392		14	3	2.208855377288962	0.3061378361384375	1.1134256698778522	0.3840800995536907	1	1
cellular response to lipid	GO:0071396		200	22	31.555076818413742	-0.36069203610413436	0.6503660202923164	0.972655583140756	1	1
cellular response to cholesterol	GO:0071397		6	2	0.9466523045524122	0.7479705884174768	1.4929330427012544	0.24189688327322753	1	1
cellular response to fatty acid	GO:0071398		13	2	2.0510799931968933	-0.02521929981600501	0.8636537464594634	0.631516375655002	1	1
cellular response to lipoprotein particle stimulus	GO:0071402		21	4	3.313283065933443	0.18835480048205394	1.0206137216517617	0.42831009540479315	1	1
cellular response to low-density lipoprotein particle stimulus	GO:0071404		15	3	2.366630761381031	0.23714496465148582	1.0585560331525345	0.42962943276280896	1	1
cellular response to purine-containing compound	GO:0071415		6	3	0.9466523045524122	1.1534356965256412	1.8705947332904256	0.05400010461499344	1	1
hematopoietic stem cell proliferation	GO:0071425		8	1	1.2622030727365496	-0.23285866459424956	0.7266172585054973	0.7468987684659543	1	1
cellular response to oxygen radical	GO:0071450		11	0	1.7355292250127559	-Inf	0	1	1	1
cellular response to superoxide	GO:0071451		11	0	1.7355292250127559	-Inf	0	1	1	1
cellular response to oxygen levels	GO:0071453		61	6	9.624298429616191	-0.4725315178596699	0.5888051250634868	0.9278769809654036	1	1
cellular response to hypoxia	GO:0071456		51	6	8.046544588695504	-0.2934832864106843	0.6896729147432906	0.8220438781364294	1	1
protein localization to chromosome, centromeric region	GO:0071459		16	1	2.5244061454730993	-0.9260058451541948	0.3864422976582265	0.9359833340499569	1	1
cellular response to xenobiotic stimulus	GO:0071466		125	11	19.72192301150859	-0.5838355874183442	0.5322643091883312	0.985245540293133	1	1
cellular response to pH	GO:0071467		20	3	3.155507681841374	-0.050537107800294925	0.8460936236395288	0.595716910168776	1	1
cellular response to acidic pH	GO:0071468		14	2	2.208855377288962	-0.09932727196972693	0.8129096848478663	0.6727557550052204	1	1
cellular response to osmotic stress	GO:0071470		23	2	3.62883383411758	-0.595764158283618	0.5264801846721091	0.8978639028554195	1	1
cellular hyperosmotic response	GO:0071474		10	0	1.577753840920687	-Inf	0	1	1	1
cellular hypotonic response	GO:0071476		7	1	1.104427688644481	-0.09932727196972693	0.8129096848478663	0.6994625284929428	1	1
cellular response to radiation	GO:0071478		118	11	18.61749532286411	-0.5262064745817079	0.560956216049311	0.985245540293133	1	1
cellular response to ionizing radiation	GO:0071479		51	4	8.046544588695504	-0.6989483945188487	0.4786234588621548	0.9699298910742504	1	1
cellular response to gamma radiation	GO:0071480		17	1	2.682181529565168	-0.9866304669706297	0.36469283564378024	0.9460927581740545	1	1
cellular response to light stimulus	GO:0071482		75	7	11.833153806905154	-0.5249950873954108	0.5615727091148413	0.9626641819333448	1	1
cellular response to UV-A	GO:0071492		11	0	1.7355292250127559	-Inf	0	1	1	1
cellular response to UV-B	GO:0071493		11	1	1.7355292250127559	-0.5513123957127841	0.5483037732141072	0.8488342349162374	1	1
cellular response to external stimulus	GO:0071496		11	1	1.7355292250127559	-0.5513123957127841	0.5483037732141072	0.8488342349162374	1	1
cellular response to fluid shear stress	GO:0071498		22	4	3.4710584500255117	0.14183478484716117	0.9851310298618374	0.46580653143968764	1	1
cellular response to laminar fluid shear stress	GO:0071499		16	3	2.5244061454730993	0.17260644351391496	1.0085246724610224	0.4738960557783739	1	1
cellular response to sterol depletion	GO:0071501		9	1	1.4199784568286185	-0.350641700250633	0.6561334090262664	0.7868500319994607	1	1
genomic imprinting	GO:0071514		5	0	0.7888769204603435	-Inf	0	1	1	1
semaphorin-plexin signaling pathway	GO:0071526		8	0	1.2622030727365496	-Inf	0	1	1	1
protein localization to centrosome	GO:0071539		21	7	3.313283065933443	0.7479705884174768	1.4929330427012544	0.03675527672624799	1	1
dopaminergic neuron differentiation	GO:0071542		18	0	2.839956913657237	-Inf	0	1	1	1
response to transforming growth factor beta	GO:0071559		83	8	13.095356879641702	-0.49281618903117547	0.578152100195285	0.9617843784190896	1	1
cellular response to transforming growth factor beta stimulus	GO:0071560		80	8	12.622030727365496	-0.4560022159084593	0.5976018042874566	0.9496624133133744	1	1
protein ufmylation	GO:0071569		7	1	1.104427688644481	-0.09932727196972693	0.8129096848478663	0.6994625284929428	1	1
zinc ion transmembrane transport	GO:0071577		23	1	3.62883383411758	-1.2889113388435631	0.2721969180173993	0.9807834954904975	1	1
acyl-CoA biosynthetic process	GO:0071616		36	3	5.679913827314474	-0.6383237727024138	0.506271076694502	0.930390474689359	1	1
granulocyte chemotaxis	GO:0071621		35	2	5.522138443222405	-1.0156180038438822	0.3546943719593138	0.9752410911662213	1	1
regulation of granulocyte chemotaxis	GO:0071622		33	3	5.206587675038268	-0.5513123957127841	0.5483037732141072	0.8999556054641106	1	1
positive regulation of granulocyte chemotaxis	GO:0071624		15	0	2.366630761381031	-Inf	0	1	1	1
vocalization behavior	GO:0071625		14	0	2.208855377288962	-Inf	0	1	1	1
regulation of transforming growth factor beta production	GO:0071634		17	1	2.682181529565168	-0.9866304669706297	0.36469283564378024	0.9460927581740545	1	1
negative regulation of transforming growth factor beta production	GO:0071635		7	0	1.104427688644481	-Inf	0	1	1	1
positive regulation of transforming growth factor beta production	GO:0071636		6	0	0.9466523045524122	-Inf	0	1	1	1
regulation of monocyte chemotactic protein-1 production	GO:0071637		11	1	1.7355292250127559	-0.5513123957127841	0.5483037732141072	0.8488342349162374	1	1
positive regulation of monocyte chemotactic protein-1 production	GO:0071639		8	1	1.2622030727365496	-0.23285866459424956	0.7266172585054973	0.7468987684659543	1	1
regulation of chemokine (C-C motif) ligand 5 production	GO:0071649		8	0	1.2622030727365496	-Inf	0	1	1	1
positive regulation of chemokine (C-C motif) ligand 5 production	GO:0071651		5	0	0.7888769204603435	-Inf	0	1	1	1
mononuclear cell migration	GO:0071674		60	7	9.466523045524124	-0.3018515360812011	0.6846840646116441	0.8300935841170695	1	1
regulation of mononuclear cell migration	GO:0071675		84	11	13.253132263733772	-0.18633864895935673	0.7559175067842914	0.7655308065788731	1	1
negative regulation of mononuclear cell migration	GO:0071676		18	1	2.839956913657237	-1.0437888808105784	0.34522000318667345	0.9546061989867662	1	1
positive regulation of mononuclear cell migration	GO:0071677		60	10	9.466523045524124	0.05482340785753124	0.9206658936334866	0.4565506210813971	1	1
response to indole-3-methanol	GO:0071680		5	2	0.7888769204603435	0.9302921452114313	1.660243592711515	0.17926462372048302	1	1
cellular response to indole-3-methanol	GO:0071681		5	2	0.7888769204603435	0.9302921452114313	1.660243592711515	0.17926462372048302	1	1
protein localization to extracellular region	GO:0071692		30	2	4.733261522762062	-0.8614673240166237	0.410882473242539	0.9617699887084894	1	1
anatomical structure maturation	GO:0071695		32	1	5.0488122909461985	-1.6191530257141402	0.1967936935189301	0.9942346046215891	1	1
membrane assembly	GO:0071709		36	1	5.679913827314474	-1.7369360613705236	0.17516192305379188	0.9959130147489164	1	1
basement membrane organization	GO:0071711		12	1	1.8933046091048245	-0.6383237727024138	0.506271076694502	0.8726993542847484	1	1
icosanoid transport	GO:0071715		23	1	3.62883383411758	-1.2889113388435631	0.2721969180173993	0.9771782958107115	1	1
leukotriene transport	GO:0071716		6	0	0.9466523045524122	-Inf	0	1	1	1
response to nitric oxide	GO:0071731		7	1	1.104427688644481	-0.09932727196972693	0.8129096848478663	0.6994625284929428	1	1
nuclear membrane organization	GO:0071763		36	1	5.679913827314474	-1.7369360613705236	0.17516192305379188	0.9959130147489164	1	1
response to BMP	GO:0071772		42	4	6.626566131866886	-0.5047923800778914	0.571935864997809	0.9060491973351603	1	1
cellular response to BMP stimulus	GO:0071773		42	4	6.626566131866886	-0.5047923800778914	0.571935864997809	0.9060491973351603	1	1
response to fibroblast growth factor	GO:0071774		37	2	5.837689211406543	-1.0711878549986928	0.3362302277386233	0.9862589199278997	1	1
endoplasmic reticulum tubular network organization	GO:0071786		14	1	2.208855377288962	-0.7924744525296722	0.4385317160500693	0.9097242574396893	1	1
response to prostaglandin D	GO:0071798		6	0	0.9466523045524122	-Inf	0	1	1	1
cellular response to prostaglandin D stimulus	GO:0071799		6	0	0.9466523045524122	-Inf	0	1	1	1
regulation of podosome assembly	GO:0071801		9	1	1.4199784568286185	-0.350641700250633	0.6561334090262664	0.7868500319994607	1	1
positive regulation of podosome assembly	GO:0071803		6	0	0.9466523045524122	-Inf	0	1	1	1
potassium ion transmembrane transport	GO:0071805		62	3	9.78207381370826	-1.1819392192913956	0.3020686969097406	0.9967313158412411	1	1
protein transmembrane transport	GO:0071806		33	5	5.206587675038268	-0.04048677194679348	0.8530367897790406	0.6127097930498596	1	1
tail-anchored membrane protein insertion into ER membrane	GO:0071816		17	1	2.682181529565168	-0.9866304669706297	0.36469283564378024	0.9460927581740545	1	1
protein-DNA complex organization	GO:0071824		92	9	14.51533533647032	-0.47798112262723447	0.5859277450017564	0.9613788894680408	1	1
protein-lipid complex organization	GO:0071825		37	3	5.837689211406543	-0.6657227468905286	0.49361142941229086	0.9456729606352932	1	1
protein-RNA complex organization	GO:0071826		121	9	19.090821475140313	-0.7519830911749352	0.4555138512567149	0.9970198240930641	1	1
plasma lipoprotein particle organization	GO:0071827		35	2	5.522138443222405	-1.0156180038438822	0.3546943719593138	0.9815320007633399	1	1
triglyceride-rich lipoprotein particle clearance	GO:0071830		5	0	0.7888769204603435	-Inf	0	1	1	1
response to monoamine	GO:0071867		24	2	3.786609218209649	-0.6383237727024138	0.506271076694502	0.8978639028554195	1	1
cellular response to monoamine stimulus	GO:0071868		24	2	3.786609218209649	-0.6383237727024138	0.506271076694502	0.8978639028554195	1	1
response to catecholamine	GO:0071869		24	2	3.786609218209649	-0.6383237727024138	0.506271076694502	0.8978639028554195	1	1
cellular response to catecholamine stimulus	GO:0071870		24	2	3.786609218209649	-0.6383237727024138	0.506271076694502	0.8978639028554195	1	1
response to epinephrine	GO:0071871		7	0	1.104427688644481	-Inf	0	1	1	1
cellular response to epinephrine stimulus	GO:0071872		7	0	1.104427688644481	-Inf	0	1	1	1
adrenergic receptor signaling pathway	GO:0071875		12	2	1.8933046091048245	0.054823407857531446	0.9206658936334867	0.586317921862617	1	1
adenylate cyclase-activating adrenergic receptor signaling pathway	GO:0071880		8	1	1.2622030727365496	-0.23285866459424956	0.7266172585054973	0.7468987684659543	1	1
leukocyte apoptotic process	GO:0071887		9	0	1.4199784568286185	-Inf	0	1	1	1
DNA biosynthetic process	GO:0071897		54	8	8.51987074097171	-0.06295962779885195	0.8375621926429162	0.6123113043713311	1	1
regulation of protein serine/threonine kinase activity	GO:0071900		118	12	18.61749532286411	-0.4391950975920781	0.6066533243099425	0.9649604736799223	1	1
negative regulation of protein serine/threonine kinase activity	GO:0071901		32	5	5.0488122909461985	-0.009715113280039765	0.8745206761805723	0.5541246636717763	1	1
positive regulation of protein serine/threonine kinase activity	GO:0071902		57	5	8.993196893247916	-0.5870304783148633	0.5307099413479005	0.9535678459387644	1	1
determination of digestive tract left/right asymmetry	GO:0071907		6	1	0.9466523045524122	0.054823407857531446	0.9206658936334867	0.5762657973197276	1	1
determination of liver left/right asymmetry	GO:0071910		6	1	0.9466523045524122	0.054823407857531446	0.9206658936334867	0.5762657973197276	1	1
nitrogen cycle metabolic process	GO:0071941		7	0	1.104427688644481	-Inf	0	1	1	1
multivesicular body sorting pathway	GO:0071985		28	1	4.417710754577924	-1.4856216330896175	0.22447173104470095	0.9807834954904975	1	1
renal system development	GO:0072001		51	8	8.046544588695504	-0.005801213958903361	0.8772774642789903	0.5424631801863361	1	1
nephron development	GO:0072006		17	3	2.682181529565168	0.11198182169747993	0.962729308239504	0.5165059234299028	1	1
nephron epithelium development	GO:0072009		9	1	1.4199784568286185	-0.350641700250633	0.6561334090262664	0.7868500319994607	1	1
nephron morphogenesis	GO:0072028		6	1	0.9466523045524122	0.054823407857531446	0.9206658936334867	0.6431395801290278	1	1
kidney epithelium development	GO:0072073		12	2	1.8933046091048245	0.054823407857531446	0.9206658936334867	0.586317921862617	1	1
nephron tubule morphogenesis	GO:0072078		6	1	0.9466523045524122	0.054823407857531446	0.9206658936334867	0.6431395801290278	1	1
nephron tubule development	GO:0072080		7	1	1.104427688644481	-0.09932727196972693	0.8129096848478663	0.6994625284929428	1	1
nephron epithelium morphogenesis	GO:0072088		6	1	0.9466523045524122	0.054823407857531446	0.9206658936334867	0.6431395801290278	1	1
stem cell proliferation	GO:0072089		11	1	1.7355292250127559	-0.5513123957127841	0.5483037732141072	0.8488342349162374	1	1
regulation of stem cell proliferation	GO:0072091		20	2	3.155507681841374	-0.4560022159084593	0.5976018042874566	0.8470652783357171	1	1
regulation of glomerular mesangial cell proliferation	GO:0072124		5	0	0.7888769204603435	-Inf	0	1	1	1
mesenchyme morphogenesis	GO:0072132		7	0	1.104427688644481	-Inf	0	1	1	1
mesonephric epithelium development	GO:0072163		6	0	0.9466523045524122	-Inf	0	1	1	1
mesonephric tubule development	GO:0072164		6	0	0.9466523045524122	-Inf	0	1	1	1
epithelial tube formation	GO:0072175		5	1	0.7888769204603435	0.23714496465148602	1.0585560331525345	0.5762657973197276	1	1
monocarboxylic acid catabolic process	GO:0072329		67	11	10.570950734168603	0.03978553049299101	0.909784122262283	0.45145877526592326	1	1
monocarboxylic acid biosynthetic process	GO:0072330		103	13	16.250864561483077	-0.22319675368251268	0.7326350213284991	0.8361239993281315	1	1
signal transduction by p53 class mediator	GO:0072331		59	11	9.308747661432054	0.16694070597823749	1.004194625267156	0.32312359164503185	1	1
intrinsic apoptotic signaling pathway by p53 class mediator	GO:0072332		30	5	4.733261522762062	0.05482340785753124	0.9206658936334866	0.5232544247308395	1	1
modified amino acid transport	GO:0072337		24	4	3.786609218209649	0.054823407857531446	0.9206658936334867	0.5377938690207902	1	1
rescue of stalled ribosome	GO:0072344		34	5	5.364363059130336	-0.07033973509647462	0.8325203100715584	0.640247343886782	1	1
sulfur compound transport	GO:0072348		40	2	6.311015363682748	-1.1491493964684045	0.3118280657172801	0.9912179496251572	1	1
tricarboxylic acid metabolic process	GO:0072350		7	0	1.104427688644481	-Inf	0	1	1	1
protein activation cascade	GO:0072376		13	1	2.0510799931968933	-0.7183664803759503	0.47004679746433364	0.8927979358372273	1	1
blood coagulation, fibrin clot formation	GO:0072378		12	1	1.8933046091048245	-0.6383237727024138	0.506271076694502	0.8726993542847484	1	1
organelle transport along microtubule	GO:0072384		28	1	4.417710754577924	-1.4856216330896175	0.22447173104470095	0.9918672653288341	1	1
plus-end-directed organelle transport along microtubule	GO:0072386		5	0	0.7888769204603435	-Inf	0	1	1	1
microtubule anchoring at microtubule organizing center	GO:0072393		7	0	1.104427688644481	-Inf	0	1	1	1
response to cell cycle checkpoint signaling	GO:0072396		6	1	0.9466523045524122	0.054823407857531446	0.9206658936334867	0.6431395801290278	1	1
response to DNA integrity checkpoint signaling	GO:0072402		6	1	0.9466523045524122	0.054823407857531446	0.9206658936334867	0.6431395801290278	1	1
response to DNA damage checkpoint signaling	GO:0072423		6	1	0.9466523045524122	0.054823407857531446	0.9206658936334867	0.6431395801290278	1	1
ammonium transmembrane transport	GO:0072488		6	0	0.9466523045524122	-Inf	0	1	1	1
purine-containing compound biosynthetic process	GO:0072522		103	6	16.250864561483077	-0.9963866419159942	0.3612991713012758	0.9993786974884717	1	1
purine-containing compound catabolic process	GO:0072523		52	5	8.204319972787573	-0.49522292906174065	0.5768985153235614	0.9216365974623408	1	1
pyridine-containing compound metabolic process	GO:0072524		74	5	11.675378422813086	-0.8480443036844831	0.4161368291801367	0.9941556930990729	1	1
pyridine-containing compound biosynthetic process	GO:0072525		7	1	1.104427688644481	-0.09932727196972693	0.8129096848478663	0.6994625284929428	1	1
pyridine-containing compound catabolic process	GO:0072526		29	1	4.5754861386699925	-1.5207129529008876	0.2168524305575589	0.9931524507578191	1	1
pyrimidine-containing compound metabolic process	GO:0072527		51	6	8.046544588695504	-0.2934832864106843	0.6896729147432906	0.8364545318508304	1	1
pyrimidine-containing compound biosynthetic process	GO:0072528		16	1	2.5244061454730993	-0.9260058451541948	0.3864422976582265	0.9359833340499569	1	1
pyrimidine-containing compound catabolic process	GO:0072529		23	5	3.62883383411758	0.32052657359053716	1.12504165941407	0.2921080215701481	1	1
purine-containing compound transmembrane transport	GO:0072530		23	1	3.62883383411758	-1.2889113388435631	0.2721969180173993	0.9807834954904975	1	1
pyrimidine-containing compound transmembrane transport	GO:0072531		11	0	1.7355292250127559	-Inf	0	1	1	1
T-helper 17 type immune response	GO:0072538		6	2	0.9466523045524122	0.7479705884174768	1.4929330427012544	0.24189688327322753	1	1
clathrin-dependent endocytosis	GO:0072583		15	3	2.366630761381031	0.23714496465148582	1.0585560331525345	0.42962943276280896	1	1
reactive oxygen species metabolic process	GO:0072593		57	5	8.993196893247916	-0.5870304783148633	0.5307099413479005	0.9535678459387644	1	1
establishment of protein localization to organelle	GO:0072594		177	13	27.92624298429616	-0.764617498026706	0.4501540691792625	0.9996374320547596	1	1
maintenance of protein localization in organelle	GO:0072595		30	4	4.733261522762062	-0.16832014345667848	0.7674866162952108	0.7188622108089069	1	1
establishment of protein localization to endoplasmic reticulum	GO:0072599		18	1	2.839956913657237	-1.0437888808105784	0.34522000318667345	0.9359833340499569	1	1
establishment of protein localization to mitochondrion	GO:0072655		56	4	8.835421509155848	-0.7924744525296722	0.4385317160500693	0.9836029892428537	1	1
protein localization to plasma membrane	GO:0072659		108	8	17.03974148194342	-0.7561068083587973	0.4537583768674764	0.9966980835984636	1	1
protein localization to peroxisome	GO:0072662		18	1	2.839956913657237	-1.0437888808105784	0.34522000318667345	0.9460927581740545	1	1
establishment of protein localization to peroxisome	GO:0072663		18	1	2.839956913657237	-1.0437888808105784	0.34522000318667345	0.9460927581740545	1	1
protein localization to vacuole	GO:0072665		35	5	5.522138443222405	-0.09932727196972704	0.8129096848478662	0.6665318748965474	1	1
establishment of protein localization to vacuole	GO:0072666		21	5	3.313283065933443	0.4114983517962638	1.19978782886599	0.227976181712331	1	1
neutrophil extravasation	GO:0072672		6	1	0.9466523045524122	0.054823407857531446	0.9206658936334867	0.6431395801290278	1	1
lymphocyte migration	GO:0072676		26	1	4.1021599863937865	-1.4115136609358956	0.2414219726866582	0.9863757326715852	1	1
eosinophil migration	GO:0072677		8	0	1.2622030727365496	-Inf	0	1	1	1
T cell migration	GO:0072678		16	1	2.5244061454730993	-0.9260058451541948	0.3864422976582265	0.9359833340499569	1	1
protein localization to microtubule cytoskeleton	GO:0072698		31	9	4.89103690685413	0.6098202499366595	1.3697511305065313	0.04517346030975621	1	1
response to hydroxyurea	GO:0072710		9	0	1.4199784568286185	-Inf	0	1	1	1
cellular response to hydroxyurea	GO:0072711		8	0	1.2622030727365496	-Inf	0	1	1	1
positive regulation by symbiont of entry into host	GO:0075294		14	2	2.208855377288962	-0.09932727196972693	0.8129096848478663	0.6727557550052204	1	1
endocytosis involved in viral entry into host cell	GO:0075509		9	1	1.4199784568286185	-0.350641700250633	0.6561334090262664	0.7868500319994607	1	1
IRES-dependent viral translational initiation	GO:0075522		11	0	1.7355292250127559	-Inf	0	1	1	1
viral translational termination-reinitiation	GO:0075525		5	0	0.7888769204603435	-Inf	0	1	1	1
intracellular transport of virus	GO:0075733		5	2	0.7888769204603435	0.9302921452114313	1.660243592711515	0.17926462372048302	1	1
regulation of nitric oxide metabolic process	GO:0080164		29	4	4.5754861386699925	-0.13441859178099705	0.789584647474739	0.6650167181454056	1	1
lytic vacuole organization	GO:0080171		53	7	8.362095356879642	-0.17779888741122218	0.7613853422341251	0.7333042229246339	1	1
protein K6-linked ubiquitination	GO:0085020		15	1	2.366630761381031	-0.8614673240166237	0.410882473242539	0.9239788612153117	1	1
extracellular matrix assembly	GO:0085029		9	0	1.4199784568286185	-Inf	0	1	1	1
cardiac muscle cell action potential	GO:0086001		37	0	5.837689211406543	-Inf	0	1	1	1
cardiac muscle cell action potential involved in contraction	GO:0086002		27	0	4.259935370485855	-Inf	0	1	1	1
cardiac muscle cell contraction	GO:0086003		27	0	4.259935370485855	-Inf	0	1	1	1
regulation of cardiac muscle cell contraction	GO:0086004		21	2	3.313283065933443	-0.5047923800778914	0.571935864997809	0.8661310563927106	1	1
ventricular cardiac muscle cell action potential	GO:0086005		12	0	1.8933046091048245	-Inf	0	1	1	1
membrane repolarization	GO:0086009		19	0	2.9977322977493053	-Inf	0	1	1	1
membrane depolarization during action potential	GO:0086010		22	0	3.4710584500255117	-Inf	0	1	1	1
membrane repolarization during action potential	GO:0086011		15	0	2.366630761381031	-Inf	0	1	1	1
membrane depolarization during cardiac muscle cell action potential	GO:0086012		16	0	2.5244061454730993	-Inf	0	1	1	1
membrane repolarization during cardiac muscle cell action potential	GO:0086013		14	0	2.208855377288962	-Inf	0	1	1	1
atrial cardiac muscle cell action potential	GO:0086014		12	0	1.8933046091048245	-Inf	0	1	1	1
SA node cell action potential	GO:0086015		5	0	0.7888769204603435	-Inf	0	1	1	1
AV node cell action potential	GO:0086016		6	0	0.9466523045524122	-Inf	0	1	1	1
SA node cell to atrial cardiac muscle cell signaling	GO:0086018		5	0	0.7888769204603435	-Inf	0	1	1	1
cell-cell signaling involved in cardiac conduction	GO:0086019		19	0	2.9977322977493053	-Inf	0	1	1	1
atrial cardiac muscle cell to AV node cell signaling	GO:0086026		12	0	1.8933046091048245	-Inf	0	1	1	1
AV node cell to bundle of His cell signaling	GO:0086027		6	0	0.9466523045524122	-Inf	0	1	1	1
bundle of His cell to Purkinje myocyte signaling	GO:0086028		5	0	0.7888769204603435	-Inf	0	1	1	1
regulation of cardiac muscle cell membrane potential	GO:0086036		5	0	0.7888769204603435	-Inf	0	1	1	1
cardiac muscle cell-cardiac muscle cell adhesion	GO:0086042		6	1	0.9466523045524122	0.054823407857531446	0.9206658936334867	0.6431395801290278	1	1
bundle of His cell action potential	GO:0086043		5	0	0.7888769204603435	-Inf	0	1	1	1
cell communication by electrical coupling involved in cardiac conduction	GO:0086064		9	0	1.4199784568286185	-Inf	0	1	1	1
cell communication involved in cardiac conduction	GO:0086065		34	1	5.364363059130336	-1.679777647530575	0.1853522859633019	0.9959130147489164	1	1
atrial cardiac muscle cell to AV node cell communication	GO:0086066		13	0	2.0510799931968933	-Inf	0	1	1	1
AV node cell to bundle of His cell communication	GO:0086067		7	0	1.104427688644481	-Inf	0	1	1	1
bundle of His cell to Purkinje myocyte communication	GO:0086069		13	1	2.0510799931968933	-0.7183664803759503	0.47004679746433364	0.8726993542847484	1	1
SA node cell to atrial cardiac muscle cell communication	GO:0086070		5	0	0.7888769204603435	-Inf	0	1	1	1
bundle of His cell-Purkinje myocyte adhesion involved in cell communication	GO:0086073		6	1	0.9466523045524122	0.054823407857531446	0.9206658936334867	0.6431395801290278	1	1
regulation of heart rate by cardiac conduction	GO:0086091		32	2	5.0488122909461985	-0.9260058451541948	0.3864422976582265	0.9668989887351941	1	1
endothelin receptor signaling pathway	GO:0086100		6	0	0.9466523045524122	-Inf	0	1	1	1
amino acid import across plasma membrane	GO:0089718		25	1	3.9443846023017177	-1.3722929477826145	0.2508847640679904	0.9863757326715852	1	1
regulation of neutrophil chemotaxis	GO:0090022		19	1	2.9977322977493053	-1.097856102080854	0.32768935881794536	0.9617755394453003	1	1
positive regulation of neutrophil chemotaxis	GO:0090023		13	0	2.0510799931968933	-Inf	0	1	1	1
regulation of monocyte chemotaxis	GO:0090025		25	5	3.9443846023017177	0.23714496465148602	1.0585560331525345	0.32527848757990996	1	1
positive regulation of monocyte chemotaxis	GO:0090026		21	5	3.313283065933443	0.4114983517962638	1.19978782886599	0.19760660436483687	1	1
regulation of steroid hormone biosynthetic process	GO:0090030		9	0	1.4199784568286185	-Inf	0	1	1	1
regulation of cell migration involved in sprouting angiogenesis	GO:0090049		28	4	4.417710754577924	-0.09932727196972693	0.8129096848478663	0.6650167181454056	1	1
positive regulation of cell migration involved in sprouting angiogenesis	GO:0090050		15	2	2.366630761381031	-0.16832014345667848	0.7674866162952108	0.7101598045809759	1	1
negative regulation of cell migration involved in sprouting angiogenesis	GO:0090051		13	2	2.0510799931968933	-0.02521929981600501	0.8636537464594634	0.631516375655002	1	1
positive regulation of microtubule nucleation	GO:0090063		8	0	1.2622030727365496	-Inf	0	1	1	1
regulation of anatomical structure size	GO:0090066		184	13	29.03067067294064	-0.8034035230618625	0.43404468098757293	0.9998447655073346	1	1
positive regulation of cell cycle process	GO:0090068		165	14	26.03293837519134	-0.6203052671997358	0.5147457442268095	0.9965916643302583	1	1
relaxation of muscle	GO:0090075		10	1	1.577753840920687	-0.4560022159084593	0.5976018042874566	0.8204970178727164	1	1
regulation of inclusion body assembly	GO:0090083		15	0	2.366630761381031	-Inf	0	1	1	1
negative regulation of inclusion body assembly	GO:0090084		9	0	1.4199784568286185	-Inf	0	1	1	1
regulation of protein deubiquitination	GO:0090085		10	0	1.577753840920687	-Inf	0	1	1	1
regulation of peptide transport	GO:0090087		73	4	11.517603038721015	-1.057582202942914	0.34066685561683874	0.9981723154122815	1	1
negative regulation of canonical Wnt signaling pathway	GO:0090090		89	4	14.042009184194114	-1.2557591315266627	0.2811412690438437	0.9996454149997287	1	1
positive regulation of extracellular matrix disassembly	GO:0090091		8	0	1.2622030727365496	-Inf	0	1	1	1
regulation of transmembrane receptor protein serine/threonine kinase signaling pathway	GO:0090092		148	9	23.350756845626172	-0.9534048193423095	0.3764703916911395	0.9998746605255535	1	1
positive regulation of transmembrane receptor protein serine/threonine kinase signaling pathway	GO:0090100		67	4	10.570950734168603	-0.971815381185489	0.36990211533241235	0.9959553502794697	1	1
negative regulation of transmembrane receptor protein serine/threonine kinase signaling pathway	GO:0090101		78	4	12.30647995918136	-1.1238315884841148	0.3195650808598268	0.9987797820901849	1	1
cochlea development	GO:0090102		5	0	0.7888769204603435	-Inf	0	1	1	1
regulation of cell-substrate junction assembly	GO:0090109		46	1	7.25766766823516	-1.9820585194035085	0.13735302354105494	0.9996328005432856	1	1
COPII-coated vesicle cargo loading	GO:0090110		12	0	1.8933046091048245	-Inf	0	1	1	1
COPII-coated vesicle budding	GO:0090114		23	0	3.62883383411758	-Inf	0	1	1	1
tissue migration	GO:0090130		14	2	2.208855377288962	-0.09932727196972693	0.8129096848478663	0.6727557550052204	1	1
epithelium migration	GO:0090132		14	2	2.208855377288962	-0.09932727196972693	0.8129096848478663	0.6727557550052204	1	1
epithelial cell-cell adhesion	GO:0090136		10	2	1.577753840920687	0.23714496465148602	1.0585560331525345	0.4840271591401576	1	1
regulation of mitochondrial fission	GO:0090140		24	2	3.786609218209649	-0.6383237727024138	0.506271076694502	0.8978639028554195	1	1
positive regulation of mitochondrial fission	GO:0090141		16	0	2.5244061454730993	-Inf	0	1	1	1
membrane fission	GO:0090148		8	1	1.2622030727365496	-0.23285866459424956	0.7266172585054973	0.6994625284929428	1	1
establishment of protein localization to membrane	GO:0090150		119	7	18.775270706956174	-0.9866304669706296	0.3646928356437803	0.9995694459202079	1	1
establishment of protein localization to mitochondrial membrane	GO:0090151		18	0	2.839956913657237	-Inf	0	1	1	1
regulation of sphingolipid biosynthetic process	GO:0090153		9	1	1.4199784568286185	-0.350641700250633	0.6561334090262664	0.7868500319994607	1	1
negative regulation of sphingolipid biosynthetic process	GO:0090155		5	0	0.7888769204603435	-Inf	0	1	1	1
endoplasmic reticulum membrane organization	GO:0090158		8	0	1.2622030727365496	-Inf	0	1	1	1
Golgi to lysosome transport	GO:0090160		10	2	1.577753840920687	0.23714496465148602	1.0585560331525345	0.4840271591401576	1	1
Golgi ribbon formation	GO:0090161		10	3	1.577753840920687	0.6426100727596504	1.3986675832653837	0.20033466442889086	1	1
establishment of epithelial cell polarity	GO:0090162		15	2	2.366630761381031	-0.16832014345667848	0.7674866162952108	0.7101598045809759	1	1
regulation of spindle assembly	GO:0090169		29	2	4.5754861386699925	-0.8275657723409423	0.42426863940338144	0.922466050944612	1	1
organelle membrane fusion	GO:0090174		44	5	6.9421169000510234	-0.32816884439857447	0.6691701205097987	0.8140869749679701	1	1
regulation of cholesterol metabolic process	GO:0090181		28	3	4.417710754577924	-0.38700934442150786	0.6354479636426911	0.8409015413639225	1	1
regulation of release of cytochrome c from mitochondria	GO:0090199		34	1	5.364363059130336	-1.679777647530575	0.1853522859633019	0.9965590123608755	1	1
positive regulation of release of cytochrome c from mitochondria	GO:0090200		18	1	2.839956913657237	-1.0437888808105784	0.34522000318667345	0.9546061989867662	1	1
negative regulation of release of cytochrome c from mitochondria	GO:0090201		15	0	2.366630761381031	-Inf	0	1	1	1
positive regulation of cholesterol metabolic process	GO:0090205		16	1	2.5244061454730993	-0.9260058451541948	0.3864422976582265	0.9359833340499569	1	1
regulation of triglyceride metabolic process	GO:0090207		20	1	3.155507681841374	-1.1491493964684045	0.3118280657172801	0.9678129216089626	1	1
positive regulation of triglyceride metabolic process	GO:0090208		11	0	1.7355292250127559	-Inf	0	1	1	1
negative regulation of triglyceride metabolic process	GO:0090209		5	1	0.7888769204603435	0.23714496465148602	1.0585560331525345	0.5762657973197276	1	1
regulation of spindle organization	GO:0090224		41	4	6.468790747774817	-0.48069482849883083	0.5844991305562128	0.8568312760280459	1	1
regulation of spindle checkpoint	GO:0090231		17	0	2.682181529565168	-Inf	0	1	1	1
positive regulation of spindle checkpoint	GO:0090232		7	0	1.104427688644481	-Inf	0	1	1	1
negative regulation of spindle checkpoint	GO:0090233		5	0	0.7888769204603435	-Inf	0	1	1	1
regulation of metaphase plate congression	GO:0090235		12	2	1.8933046091048245	0.054823407857531446	0.9206658936334867	0.586317921862617	1	1
regulation of muscle system process	GO:0090257		102	6	16.093089177391008	-0.9866304669706296	0.3646928356437803	0.9992956696216435	1	1
positive regulation of canonical Wnt signaling pathway	GO:0090263		65	9	10.255399965984466	-0.13057981547383135	0.7921139766548174	0.698558337575269	1	1
regulation of mitotic cell cycle spindle assembly checkpoint	GO:0090266		17	0	2.682181529565168	-Inf	0	1	1	1
positive regulation of mitotic cell cycle spindle assembly checkpoint	GO:0090267		7	0	1.104427688644481	-Inf	0	1	1	1
regulation of peptide hormone secretion	GO:0090276		72	4	11.359827654628948	-1.0437888808105784	0.34522000318667345	0.99791086403541	1	1
positive regulation of peptide hormone secretion	GO:0090277		30	3	4.733261522762062	-0.45600221590845946	0.5976018042874565	0.8734512578399616	1	1
negative regulation of peptide hormone secretion	GO:0090278		11	1	1.7355292250127559	-0.5513123957127841	0.5483037732141072	0.8488342349162374	1	1
regulation of calcium ion import	GO:0090279		18	0	2.839956913657237	-Inf	0	1	1	1
positive regulation of calcium ion import	GO:0090280		7	0	1.104427688644481	-Inf	0	1	1	1
regulation of cellular response to growth factor stimulus	GO:0090287		164	7	25.87516299109927	-1.307373401683299	0.2673340175549442	0.9999991807432087	1	1
negative regulation of cellular response to growth factor stimulus	GO:0090288		57	1	8.993196893247916	-2.1964683907489637	0.11096728633602307	0.9999447905398202	1	1
positive regulation of wound healing	GO:0090303		43	5	6.784341515958955	-0.3051793261738758	0.6827076352391153	0.8301388239228664	1	1
mitotic spindle assembly	GO:0090307		38	7	5.9954645954986105	0.1549068664145141	0.9950317253989204	0.3924775384259911	1	1
regulation of protein deacetylation	GO:0090311		7	0	1.104427688644481	-Inf	0	1	1	1
regulation of protein targeting to membrane	GO:0090313		14	2	2.208855377288962	-0.09932727196972693	0.8129096848478663	0.631516375655002	1	1
positive regulation of protein targeting to membrane	GO:0090314		10	2	1.577753840920687	0.23714496465148602	1.0585560331525345	0.4272886601979041	1	1
positive regulation of intracellular protein transport	GO:0090316		57	8	8.993196893247916	-0.11702684906912772	0.8010877546389439	0.6959349707249258	1	1
negative regulation of intracellular protein transport	GO:0090317		24	1	3.786609218209649	-1.3314709532623592	0.26111132566716627	0.9838193454025062	1	1
regulation of superoxide metabolic process	GO:0090322		17	2	2.682181529565168	-0.2934832864106844	0.6896729147432905	0.7439117686956334	1	1
regulation of DNA-templated DNA replication	GO:0090329		22	1	3.4710584500255117	-1.2444595762727295	0.28425313097344823	0.9771782958107115	1	1
regulation of platelet aggregation	GO:0090330		18	0	2.839956913657237	-Inf	0	1	1	1
negative regulation of platelet aggregation	GO:0090331		5	0	0.7888769204603435	-Inf	0	1	1	1
phagosome maturation	GO:0090382		14	0	2.208855377288962	-Inf	0	1	1	1
phagosome acidification	GO:0090383		5	0	0.7888769204603435	-Inf	0	1	1	1
phagosome-lysosome fusion	GO:0090385		6	0	0.9466523045524122	-Inf	0	1	1	1
cellular senescence	GO:0090398		42	5	6.626566131866886	-0.2816488287636815	0.6967741144248638	0.8140869749679701	1	1
replicative senescence	GO:0090399		9	1	1.4199784568286185	-0.350641700250633	0.6561334090262664	0.7868500319994607	1	1
stress-induced premature senescence	GO:0090400		7	1	1.104427688644481	-0.09932727196972693	0.8129096848478663	0.6994625284929428	1	1
protein localization to nuclear envelope	GO:0090435		5	0	0.7888769204603435	-Inf	0	1	1	1
pyrimidine nucleotide-sugar transmembrane transport	GO:0090481		7	2	1.104427688644481	0.5938199085902184	1.355718486679157	0.3052018899455362	1	1
catecholamine uptake	GO:0090493		8	0	1.2622030727365496	-Inf	0	1	1	1
dopamine uptake	GO:0090494		8	0	1.2622030727365496	-Inf	0	1	1	1
epiboly	GO:0090504		17	1	2.682181529565168	-0.9866304669706297	0.36469283564378024	0.9460927581740545	1	1
epiboly involved in wound healing	GO:0090505		16	1	2.5244061454730993	-0.9260058451541948	0.3864422976582265	0.9359833340499569	1	1
sphingolipid mediated signaling pathway	GO:0090520		7	0	1.104427688644481	-Inf	0	1	1	1
establishment of endothelial intestinal barrier	GO:0090557		10	0	1.577753840920687	-Inf	0	1	1	1
regulation of membrane permeability	GO:0090559		43	4	6.784341515958955	-0.5283228774880856	0.5598804746503361	0.9157294312685488	1	1
inflammatory response to wounding	GO:0090594		7	2	1.104427688644481	0.5938199085902184	1.355718486679157	0.3052018899455362	1	1
sensory organ morphogenesis	GO:0090596		26	5	4.1021599863937865	0.19792425149820464	1.0279976255901586	0.35880560906865333	1	1
ubiquitin-independent protein catabolic process via the multivesicular body sorting pathway	GO:0090611		5	0	0.7888769204603435	-Inf	0	1	1	1
activation of GTPase activity	GO:0090630		17	0	2.682181529565168	-Inf	0	1	1	1
mitochondrial tRNA processing	GO:0090646		13	0	2.0510799931968933	-Inf	0	1	1	1
t-circle formation	GO:0090656		10	0	1.577753840920687	-Inf	0	1	1	1
telomeric loop disassembly	GO:0090657		10	0	1.577753840920687	-Inf	0	1	1	1
scaRNA localization to Cajal body	GO:0090666		5	0	0.7888769204603435	-Inf	0	1	1	1
RNA localization to Cajal body	GO:0090670		5	0	0.7888769204603435	-Inf	0	1	1	1
RNA localization to nucleus	GO:0090685		5	0	0.7888769204603435	-Inf	0	1	1	1
telomere maintenance via telomere trimming	GO:0090737		10	0	1.577753840920687	-Inf	0	1	1	1
acetylcholine receptor signaling pathway	GO:0095500		13	0	2.0510799931968933	-Inf	0	1	1	1
regulation of plasma lipoprotein particle levels	GO:0097006		46	6	7.25766766823516	-0.19029905017545348	0.7533910997393815	0.7542138565498653	1	1
energy homeostasis	GO:0097009		9	1	1.4199784568286185	-0.350641700250633	0.6561334090262664	0.7868500319994607	1	1
cellular response to granulocyte macrophage colony-stimulating factor stimulus	GO:0097011		7	2	1.104427688644481	0.5938199085902184	1.355718486679157	0.3052018899455362	1	1
response to granulocyte macrophage colony-stimulating factor	GO:0097012		7	2	1.104427688644481	0.5938199085902184	1.355718486679157	0.3052018899455362	1	1
dendritic cell differentiation	GO:0097028		9	1	1.4199784568286185	-0.350641700250633	0.6561334090262664	0.7868500319994607	1	1
regulation of membrane lipid distribution	GO:0097035		31	0	4.89103690685413	-Inf	0	1	1	1
dendritic spine organization	GO:0097061		6	0	0.9466523045524122	-Inf	0	1	1	1
craniofacial suture morphogenesis	GO:0097094		8	0	1.2622030727365496	-Inf	0	1	1	1
ammonium ion metabolic process	GO:0097164		12	3	1.8933046091048245	0.46028851596569575	1.240756211609746	0.29115947531196185	1	1
epoxide metabolic process	GO:0097176		5	1	0.7888769204603435	0.23714496465148602	1.0585560331525345	0.5762657973197276	1	1
amelogenesis	GO:0097186		6	1	0.9466523045524122	0.054823407857531446	0.9206658936334867	0.6431395801290278	1	1
apoptotic signaling pathway	GO:0097190		184	22	29.03067067294064	-0.27731042716508325	0.6993908154016982	0.9340218913120685	1	1
extrinsic apoptotic signaling pathway	GO:0097191		57	6	8.993196893247916	-0.40470892152090865	0.625564683896595	0.904198358495355	1	1
intrinsic apoptotic signaling pathway	GO:0097193		97	12	15.304212256930667	-0.24322145162979628	0.7202025522151502	0.8376494677598003	1	1
execution phase of apoptosis	GO:0097194		31	3	4.89103690685413	-0.4887920387314503	0.5802530490677252	0.8873994883212709	1	1
renal filtration	GO:0097205		6	1	0.9466523045524122	0.054823407857531446	0.9206658936334867	0.6431395801290278	1	1
lysosomal membrane organization	GO:0097212		5	1	0.7888769204603435	0.23714496465148602	1.0585560331525345	0.4968655625998786	1	1
cellular response to toxic substance	GO:0097237		44	6	6.9421169000510234	-0.14584728760461974	0.7820869716603195	0.71388716666	1	1
amyloid-beta clearance	GO:0097242		16	3	2.5244061454730993	0.17260644351391496	1.0085246724610224	0.4738960557783739	1	1
self proteolysis	GO:0097264		6	4	0.9466523045524122	1.4411177689774222	2.14798203153101	0.0070923246873874305	1	1
omega-hydroxylase P450 pathway	GO:0097267		12	0	1.8933046091048245	-Inf	0	1	1	1
programmed necrotic cell death	GO:0097300		14	2	2.208855377288962	-0.09932727196972693	0.8129096848478663	0.6727557550052204	1	1
response to alcohol	GO:0097305		64	9	10.097624581892397	-0.11507562893786602	0.8023853284280671	0.6799574997549448	1	1
cellular response to alcohol	GO:0097306		41	5	6.468790747774817	-0.25755127718462106	0.711399809532372	0.7783609127867872	1	1
plasma membrane tubulation	GO:0097320		11	1	1.7355292250127559	-0.5513123957127841	0.5483037732141072	0.8204970178727164	1	1
mitochondrial outer membrane permeabilization	GO:0097345		6	0	0.9466523045524122	-Inf	0	1	1	1
autophagosome maturation	GO:0097352		38	2	5.9954645954986105	-1.097856102080854	0.32768935881794536	0.9786096278448267	1	1
prenylation	GO:0097354		8	2	1.2622030727365496	0.46028851596569575	1.240756211609746	0.3674088486818622	1	1
synaptic vesicle localization	GO:0097479		5	0	0.7888769204603435	-Inf	0	1	1	1
neuron projection guidance	GO:0097485		35	2	5.522138443222405	-1.0156180038438822	0.3546943719593138	0.9815320007633399	1	1
regulation of vesicle size	GO:0097494		6	0	0.9466523045524122	-Inf	0	1	1	1
stress response to metal ion	GO:0097501		5	1	0.7888769204603435	0.23714496465148602	1.0585560331525345	0.5762657973197276	1	1
mannosylation	GO:0097502		15	4	2.366630761381031	0.5248270371032668	1.2958238993873172	0.20188276671721989	1	1
sialylation	GO:0097503		8	1	1.2622030727365496	-0.23285866459424956	0.7266172585054973	0.7468987684659543	1	1
necroptotic signaling pathway	GO:0097527		8	1	1.2622030727365496	-0.23285866459424956	0.7266172585054973	0.7468987684659543	1	1
myeloid leukocyte migration	GO:0097529		66	6	10.413175350076536	-0.5513123957127841	0.5483037732141072	0.9462364092490736	1	1
granulocyte migration	GO:0097530		41	3	6.468790747774817	-0.7683769009506117	0.44856995442302844	0.9577847654157476	1	1
calcium ion transmembrane import into cytosol	GO:0097553		45	4	7.099892284143093	-0.573785251564843	0.5371787106201271	0.9324544623541315	1	1
lamellipodium organization	GO:0097581		19	1	2.9977322977493053	-1.097856102080854	0.32768935881794536	0.9617755394453003	1	1
potassium ion export across plasma membrane	GO:0097623		8	1	1.2622030727365496	-0.23285866459424956	0.7266172585054973	0.6994625284929428	1	1
calcitonin family receptor signaling pathway	GO:0097646		10	0	1.577753840920687	-Inf	0	1	1	1
amylin receptor signaling pathway	GO:0097647		6	0	0.9466523045524122	-Inf	0	1	1	1
double-strand break repair via classical nonhomologous end joining	GO:0097680		9	3	1.4199784568286185	0.7479705884174768	1.4929330427012544	0.1578295083757136	1	1
double-strand break repair via alternative nonhomologous end joining	GO:0097681		8	0	1.2622030727365496	-Inf	0	1	1	1
cell surface receptor signaling pathway via STAT	GO:0097696		55	3	8.677646125063779	-1.0621380194787748	0.3391752520913584	0.9950274563927444	1	1
vascular endothelial cell response to fluid shear stress	GO:0097699		13	2	2.0510799931968933	-0.02521929981600501	0.8636537464594634	0.631516375655002	1	1
calcineurin-mediated signaling	GO:0097720		13	2	2.0510799931968933	-0.02521929981600501	0.8636537464594634	0.586317921862617	1	1
sperm motility	GO:0097722		37	6	5.837689211406543	0.02742443366941676	0.900897925698568	0.5399736009301055	1	1
extracellular exosome biogenesis	GO:0097734		5	0	0.7888769204603435	-Inf	0	1	1	1
blood vessel diameter maintenance	GO:0097746		44	4	6.9421169000510234	-0.5513123957127841	0.5483037732141072	0.9245079550988751	1	1
membrane tubulation	GO:0097749		5	0	0.7888769204603435	-Inf	0	1	1	1
centriole assembly	GO:0098534		26	4	4.1021599863937865	-0.02521929981600501	0.8636537464594634	0.6045164994093895	1	1
detection of other organism	GO:0098543		15	1	2.366630761381031	-0.8614673240166237	0.410882473242539	0.9239788612153117	1	1
detection of external biotic stimulus	GO:0098581		21	4	3.313283065933443	0.18835480048205394	1.0206137216517617	0.42831009540479315	1	1
cellular response to virus	GO:0098586		27	1	4.259935370485855	-1.4492539889187426	0.23264116201088111	0.9903409722146757	1	1
imitative learning	GO:0098596		6	0	0.9466523045524122	-Inf	0	1	1	1
observational learning	GO:0098597		6	0	0.9466523045524122	-Inf	0	1	1	1
learned vocalization behavior or vocal learning	GO:0098598		9	0	1.4199784568286185	-Inf	0	1	1	1
cell-cell adhesion	GO:0098609		169	15	26.664039911559613	-0.5752656367352771	0.5364524726816469	0.9949592224240409	1	1
monoatomic anion transmembrane transport	GO:0098656		38	2	5.9954645954986105	-1.097856102080854	0.32768935881794536	0.9862589199278997	1	1
inorganic cation import across plasma membrane	GO:0098659		38	2	5.9954645954986105	-1.097856102080854	0.32768935881794536	0.9862589199278997	1	1
inorganic anion transmembrane transport	GO:0098661		50	4	7.8887692046034354	-0.6791457672226691	0.4875085810917311	0.9619136403943873	1	1
G protein-coupled serotonin receptor signaling pathway	GO:0098664		13	1	2.0510799931968933	-0.7183664803759503	0.47004679746433364	0.8927979358372273	1	1
calcium ion import across plasma membrane	GO:0098703		6	1	0.9466523045524122	0.054823407857531446	0.9206658936334867	0.5762657973197276	1	1
carbohydrate import across plasma membrane	GO:0098704		6	0	0.9466523045524122	-Inf	0	1	1	1
D-glucose import across plasma membrane	GO:0098708		5	0	0.7888769204603435	-Inf	0	1	1	1
sodium ion import across plasma membrane	GO:0098719		13	1	2.0510799931968933	-0.7183664803759503	0.47004679746433364	0.8927979358372273	1	1
maintenance of cell number	GO:0098727		15	1	2.366630761381031	-0.8614673240166237	0.410882473242539	0.9239788612153117	1	1
macromolecule deacylation	GO:0098732		22	4	3.4710584500255117	0.14183478484716117	0.9851310298618374	0.46580653143968764	1	1
macromolecule depalmitoylation	GO:0098734		7	1	1.104427688644481	-0.09932727196972693	0.8129096848478663	0.6994625284929428	1	1
import across plasma membrane	GO:0098739		82	5	12.937581495549635	-0.9506984577445664	0.377444850288692	0.9975448097659836	1	1
cell-cell adhesion via plasma-membrane adhesion molecules	GO:0098742		53	5	8.362095356879642	-0.5142711240324351	0.5670544484591667	0.9041612609169694	1	1
detoxification	GO:0098754		53	8	8.362095356879642	-0.04426749478669964	0.8504206389053914	0.5896338118384861	1	1
response to interleukin-7	GO:0098760		8	0	1.2622030727365496	-Inf	0	1	1	1
cellular response to interleukin-7	GO:0098761		8	0	1.2622030727365496	-Inf	0	1	1	1
skin epidermis development	GO:0098773		16	1	2.5244061454730993	-0.9260058451541948	0.3864422976582265	0.9239788612153117	1	1
regulation of renal system process	GO:0098801		5	0	0.7888769204603435	-Inf	0	1	1	1
neurotransmitter reuptake	GO:0098810		15	0	2.366630761381031	-Inf	0	1	1	1
nuclear chromosome segregation	GO:0098813		134	18	21.141901468337206	-0.1608851649691602	0.7722960401029153	0.7388775018541119	1	1
modulation of excitatory postsynaptic potential	GO:0098815		5	0	0.7888769204603435	-Inf	0	1	1	1
intestinal lipid absorption	GO:0098856		8	0	1.2622030727365496	-Inf	0	1	1	1
cellular oxidant detoxification	GO:0098869		16	0	2.5244061454730993	-Inf	0	1	1	1
vesicle-mediated transport to the plasma membrane	GO:0098876		71	7	11.202052270536878	-0.47018685090041573	0.5900465848963115	0.9452018919318289	1	1
regulation of action potential	GO:0098900		32	3	5.0488122909461985	-0.5205407370460303	0.5638443550198389	0.8873994883212709	1	1
regulation of cardiac muscle cell action potential	GO:0098901		22	3	3.4710584500255117	-0.14584728760461974	0.7820869716603195	0.697540469218688	1	1
regulation of membrane repolarization during action potential	GO:0098903		5	0	0.7888769204603435	-Inf	0	1	1	1
regulation of cardiac muscle cell action potential involved in regulation of contraction	GO:0098909		6	1	0.9466523045524122	0.054823407857531446	0.9206658936334867	0.6431395801290278	1	1
regulation of ventricular cardiac muscle cell action potential	GO:0098911		9	1	1.4199784568286185	-0.350641700250633	0.6561334090262664	0.7868500319994607	1	1
membrane repolarization during ventricular cardiac muscle cell action potential	GO:0098915		5	0	0.7888769204603435	-Inf	0	1	1	1
anterograde trans-synaptic signaling	GO:0098916		146	6	23.03520607744203	-1.3452642753946948	0.25761203391266563	0.9999979844240299	1	1
postsynaptic signal transduction	GO:0098926		14	0	2.208855377288962	-Inf	0	1	1	1
vesicle-mediated transport between endosomal compartments	GO:0098927		24	4	3.786609218209649	0.054823407857531446	0.9206658936334867	0.46580653143968764	1	1
axonal transport	GO:0098930		13	0	2.0510799931968933	-Inf	0	1	1	1
vesicle-mediated transport in synapse	GO:0099003		22	2	3.4710584500255117	-0.5513123957127841	0.5483037732141072	0.8829901151101129	1	1
vesicle tethering	GO:0099022		7	3	1.104427688644481	0.9992850166983828	1.7247115699814928	0.08363436659245334	1	1
plasma membrane invagination	GO:0099024		20	5	3.155507681841374	0.46028851596569575	1.240756211609746	0.19760660436483687	1	1
vesicle tethering to Golgi	GO:0099041		5	2	0.7888769204603435	0.9302921452114313	1.660243592711515	0.17926462372048302	1	1
clearance of foreign intracellular nucleic acids	GO:0099046		6	0	0.9466523045524122	-Inf	0	1	1	1
presynapse assembly	GO:0099054		11	0	1.7355292250127559	-Inf	0	1	1	1
microtubule-based transport	GO:0099111		67	12	10.570950734168603	0.12679690748262074	0.9738100575795329	0.3443947167630197	1	1
tRNA 5'-end processing	GO:0099116		14	0	2.208855377288962	-Inf	0	1	1	1
regulation of postsynaptic neurotransmitter receptor internalization	GO:0099149		5	1	0.7888769204603435	0.23714496465148602	1.0585560331525345	0.5762657973197276	1	1
presynapse organization	GO:0099172		13	0	2.0510799931968933	-Inf	0	1	1	1
postsynapse organization	GO:0099173		17	1	2.682181529565168	-0.9866304669706297	0.36469283564378024	0.9460927581740545	1	1
regulation of presynapse organization	GO:0099174		14	0	2.208855377288962	-Inf	0	1	1	1
regulation of postsynapse organization	GO:0099175		18	3	2.839956913657237	0.054823407857531446	0.9206658936334867	0.5571788177159394	1	1
regulation of trans-synaptic signaling	GO:0099177		59	5	9.308747661432054	-0.6215166543860327	0.5141722588703299	0.9626135915347466	1	1
synaptic vesicle cycle	GO:0099504		22	2	3.4710584500255117	-0.5513123957127841	0.5483037732141072	0.8829901151101129	1	1
vesicle cytoskeletal trafficking	GO:0099518		13	0	2.0510799931968933	-Inf	0	1	1	1
synaptic signaling	GO:0099536		163	6	25.717387607007197	-1.4554078544931208	0.23123889435021422	0.9999997894693269	1	1
trans-synaptic signaling	GO:0099537		150	6	23.666307613810307	-1.3722929477826145	0.2508847640679904	0.9999988482155495	1	1
synaptic membrane adhesion	GO:0099560		9	0	1.4199784568286185	-Inf	0	1	1	1
inorganic ion import across plasma membrane	GO:0099587		38	2	5.9954645954986105	-1.097856102080854	0.32768935881794536	0.9862589199278997	1	1
regulation of neurotransmitter receptor activity	GO:0099601		10	0	1.577753840920687	-Inf	0	1	1	1
cardiac muscle cell membrane repolarization	GO:0099622		14	0	2.208855377288962	-Inf	0	1	1	1
regulation of cardiac muscle cell membrane repolarization	GO:0099623		19	1	2.9977322977493053	-1.097856102080854	0.32768935881794536	0.9546061989867662	1	1
ventricular cardiac muscle cell membrane repolarization	GO:0099625		8	0	1.2622030727365496	-Inf	0	1	1	1
signal release from synapse	GO:0099643		15	0	2.366630761381031	-Inf	0	1	1	1
mitotic nuclear membrane organization	GO:0101024		10	1	1.577753840920687	-0.4560022159084593	0.5976018042874566	0.8204970178727164	1	1
cellular response to environmental stimulus	GO:0104004		169	17	26.664039911559613	-0.45010249378127093	0.6007668151045596	0.9872109953398002	1	1
regulation of inflammatory response to wounding	GO:0106014		6	0	0.9466523045524122	-Inf	0	1	1	1
negative regulation of inflammatory response to wounding	GO:0106015		6	0	0.9466523045524122	-Inf	0	1	1	1
neuron projection organization	GO:0106027		11	0	1.7355292250127559	-Inf	0	1	1	1
regulation of cellular response to osmotic stress	GO:0106049		7	0	1.104427688644481	-Inf	0	1	1	1
regulation of calcineurin-mediated signaling	GO:0106056		20	0	3.155507681841374	-Inf	0	1	1	1
negative regulation of calcineurin-mediated signaling	GO:0106057		8	0	1.2622030727365496	-Inf	0	1	1	1
positive regulation of calcineurin-mediated signaling	GO:0106058		11	0	1.7355292250127559	-Inf	0	1	1	1
regulation of adenylate cyclase-activating G protein-coupled receptor signaling pathway	GO:0106070		10	1	1.577753840920687	-0.4560022159084593	0.5976018042874566	0.8204970178727164	1	1
negative regulation of adenylate cyclase-activating G protein-coupled receptor signaling pathway	GO:0106072		9	1	1.4199784568286185	-0.350641700250633	0.6561334090262664	0.7868500319994607	1	1
regulation of sterol biosynthetic process	GO:0106118		17	2	2.682181529565168	-0.2934832864106844	0.6896729147432905	0.7742325480643975	1	1
positive regulation of sterol biosynthetic process	GO:0106120		9	1	1.4199784568286185	-0.350641700250633	0.6561334090262664	0.7868500319994607	1	1
protein-DNA covalent cross-linking repair	GO:0106300		8	3	1.2622030727365496	0.8657536240738603	1.600476592140702	0.11858101373656212	1	1
regulation of actomyosin structure organization	GO:0110020		62	4	9.78207381370826	-0.8942571468396145	0.3982964377488585	0.9922814242244193	1	1
DNA strand resection involved in replication fork processing	GO:0110025		6	2	0.9466523045524122	0.7479705884174768	1.4929330427012544	0.24189688327322753	1	1
regulation of actin filament organization	GO:0110053		134	7	21.141901468337206	-1.1053467738100116	0.32532696278921697	0.9999421676605842	1	1
regulation of ferroptosis	GO:0110075		15	1	2.366630761381031	-0.8614673240166237	0.410882473242539	0.9239788612153117	1	1
negative regulation of ferroptosis	GO:0110076		11	1	1.7355292250127559	-0.5513123957127841	0.5483037732141072	0.8488342349162374	1	1
cellular detoxification of aldehyde	GO:0110095		5	0	0.7888769204603435	-Inf	0	1	1	1
cellular response to aldehyde	GO:0110096		5	0	0.7888769204603435	-Inf	0	1	1	1
regulation of calcium import into the mitochondrion	GO:0110097		6	1	0.9466523045524122	0.054823407857531446	0.9206658936334867	0.6431395801290278	1	1
positive regulation of animal organ morphogenesis	GO:0110110		5	0	0.7888769204603435	-Inf	0	1	1	1
RNA decapping	GO:0110154		9	2	1.4199784568286185	0.34250548030931227	1.142896492055841	0.3674088486818622	1	1
mRNA methylguanosine-cap decapping	GO:0110156		6	0	0.9466523045524122	-Inf	0	1	1	1
regulation of plasma membrane bounded cell projection assembly	GO:0120032		140	15	22.08855377288962	-0.38700934442150803	0.6354479636426911	0.964134303251981	1	1
negative regulation of plasma membrane bounded cell projection assembly	GO:0120033		29	3	4.5754861386699925	-0.42210066423277787	0.6159704844077175	0.8579923531368561	1	1
positive regulation of plasma membrane bounded cell projection assembly	GO:0120034		58	4	9.150972277339985	-0.8275657723409423	0.42426863940338144	0.9855115233714395	1	1
plasma membrane bounded cell projection morphogenesis	GO:0120039		81	5	12.779806111457567	-0.9384283651527522	0.38189172090220325	0.9975448097659836	1	1
regulation of macrophage proliferation	GO:0120040		5	1	0.7888769204603435	0.23714496465148602	1.0585560331525345	0.5762657973197276	1	1
positive regulation of macrophage proliferation	GO:0120041		5	1	0.7888769204603435	0.23714496465148602	1.0585560331525345	0.5762657973197276	1	1
steroid hormone biosynthetic process	GO:0120178		26	1	4.1021599863937865	-1.4115136609358956	0.2414219726866582	0.9863757326715852	1	1
negative regulation of protein localization to chromatin	GO:0120186		5	0	0.7888769204603435	-Inf	0	1	1	1
tight junction assembly	GO:0120192		21	2	3.313283065933443	-0.5047923800778914	0.571935864997809	0.8470652783357171	1	1
tight junction organization	GO:0120193		21	2	3.313283065933443	-0.5047923800778914	0.571935864997809	0.8470652783357171	1	1
hydrocarbon metabolic process	GO:0120252		5	0	0.7888769204603435	-Inf	0	1	1	1
olefinic compound metabolic process	GO:0120254		77	3	12.14870457508929	-1.3986102560999878	0.24449667185981566	0.9997573871126453	1	1
olefinic compound biosynthetic process	GO:0120255		8	0	1.2622030727365496	-Inf	0	1	1	1
sperm flagellum assembly	GO:0120316		16	3	2.5244061454730993	0.17260644351391496	1.0085246724610224	0.4738960557783739	1	1
meiotic nuclear division	GO:0140013		28	4	4.417710754577924	-0.09932727196972693	0.8129096848478663	0.63558230217779	1	1
mitotic nuclear division	GO:0140014		125	15	19.72192301150859	-0.2736806591145047	0.701585653260422	0.8692602513010474	1	1
exocytic process	GO:0140029		11	0	1.7355292250127559	-Inf	0	1	1	1
lipid droplet formation	GO:0140042		13	1	2.0510799931968933	-0.7183664803759503	0.47004679746433364	0.8927979358372273	1	1
cellular response to oxidised low-density lipoprotein particle stimulus	GO:0140052		8	3	1.2622030727365496	0.8657536240738603	1.600476592140702	0.11858101373656212	1	1
mitochondrial gene expression	GO:0140053		48	1	7.573218436419298	-2.0246181338223046	0.13166352286332741	0.9996908870599704	1	1
organelle localization by membrane tethering	GO:0140056		24	1	3.786609218209649	-1.3314709532623592	0.26111132566716627	0.9838193454025062	1	1
interleukin-10-mediated signaling pathway	GO:0140105		6	0	0.9466523045524122	-Inf	0	1	1	1
extracellular vesicle biogenesis	GO:0140112		6	0	0.9466523045524122	-Inf	0	1	1	1
export across plasma membrane	GO:0140115		35	5	5.522138443222405	-0.09932727196972704	0.8129096848478662	0.640247343886782	1	1
positive regulation of lymphocyte chemotaxis	GO:0140131		13	1	2.0510799931968933	-0.7183664803759503	0.47004679746433364	0.8927979358372273	1	1
regulation of long-chain fatty acid import into cell	GO:0140212		5	0	0.7888769204603435	-Inf	0	1	1	1
serotonin-gated cation-selective signaling pathway	GO:0140227		5	0	0.7888769204603435	-Inf	0	1	1	1
presynaptic endocytosis	GO:0140238		9	2	1.4199784568286185	0.34250548030931227	1.142896492055841	0.4272886601979041	1	1
cell-cell fusion	GO:0140253		14	0	2.208855377288962	-Inf	0	1	1	1
hexose import across plasma membrane	GO:0140271		6	0	0.9466523045524122	-Inf	0	1	1	1
export from cell	GO:0140352		167	10	26.348489143375474	-0.968825842337123	0.3709615156089052	0.9999525372550373	1	1
lipid import into cell	GO:0140354		7	0	1.104427688644481	-Inf	0	1	1	1
cyclic-GMP-AMP transmembrane import across plasma membrane	GO:0140361		6	1	0.9466523045524122	0.054823407857531446	0.9206658936334867	0.6431395801290278	1	1
antibacterial innate immune response	GO:0140367		6	1	0.9466523045524122	0.054823407857531446	0.9206658936334867	0.5762657973197276	1	1
antiviral innate immune response	GO:0140374		52	4	8.204319972787573	-0.7183664803759503	0.47004679746433364	0.9661421817713556	1	1
signaling receptor ligand precursor processing	GO:0140448		27	3	4.259935370485855	-0.3506417002506329	0.6561334090262665	0.8220567388762243	1	1
integrated stress response signaling	GO:0140467		15	2	2.366630761381031	-0.16832014345667848	0.7674866162952108	0.7101598045809759	1	1
HRI-mediated signaling	GO:0140468		7	1	1.104427688644481	-0.09932727196972693	0.8129096848478663	0.6994625284929428	1	1
negative regulation of mitotic spindle assembly checkpoint signaling	GO:0140499		5	0	0.7888769204603435	-Inf	0	1	1	1
granzyme-mediated programmed cell death signaling pathway	GO:0140507		8	0	1.2622030727365496	-Inf	0	1	1	1
reciprocal homologous recombination	GO:0140527		18	3	2.839956913657237	0.054823407857531446	0.9206658936334867	0.5165059234299028	1	1
ubiquitin-dependent protein catabolic process via the C-end degron rule pathway	GO:0140627		12	0	1.8933046091048245	-Inf	0	1	1	1
canonical inflammasome complex assembly	GO:0140632		5	2	0.7888769204603435	0.9302921452114313	1.660243592711515	0.17926462372048302	1	1
transcription elongation-coupled chromatin remodeling	GO:0140673		6	0	0.9466523045524122	-Inf	0	1	1	1
non-membrane-bounded organelle assembly	GO:0140694		195	19	30.766199897953395	-0.48197770231171977	0.5838247446046315	0.9932972332806669	1	1
facultative heterochromatin formation	GO:0140718		5	1	0.7888769204603435	0.23714496465148602	1.0585560331525345	0.5762657973197276	1	1
constitutive heterochromatin formation	GO:0140719		19	5	2.9977322977493053	0.5115818103532463	1.2844441522691787	0.16876317962065523	1	1
DNA repair-dependent chromatin remodeling	GO:0140861		21	3	3.313283065933443	-0.09932727196972693	0.8129096848478663	0.6319932023100667	1	1
interferon-mediated signaling pathway	GO:0140888		23	4	3.62883383411758	0.09738302227632739	0.9518814280071203	0.5023746387806436	1	1
endolysosomal toll-like receptor signaling pathway	GO:0140894		17	1	2.682181529565168	-0.9866304669706297	0.36469283564378024	0.9460927581740545	1	1
cell surface toll-like receptor signaling pathway	GO:0140895		27	3	4.259935370485855	-0.3506417002506329	0.6561334090262665	0.7786272580656751	1	1
cGAS/STING signaling pathway	GO:0140896		5	0	0.7888769204603435	-Inf	0	1	1	1
multicellular organismal-level chemical homeostasis	GO:0140962		35	5	5.522138443222405	-0.09932727196972704	0.8129096848478662	0.640247343886782	1	1
retrotransposon silencing by heterochromatin formation	GO:0141005		5	0	0.7888769204603435	-Inf	0	1	1	1
disruption of anatomical structure in another organism	GO:0141060		86	0	13.56868303191791	-Inf	0	1	1	1
disruption of cell in another organism	GO:0141061		82	0	12.937581495549635	-Inf	0	1	1	1
inflammasome-mediated signaling pathway	GO:0141084		5	2	0.7888769204603435	0.9302921452114313	1.660243592711515	0.17926462372048302	1	1
regulation of inflammasome-mediated signaling pathway	GO:0141085		38	5	5.9954645954986105	-0.18156537020669897	0.7589703440642616	0.715204816656174	1	1
negative regulation of inflammasome-mediated signaling pathway	GO:0141086		21	4	3.313283065933443	0.18835480048205394	1.0206137216517617	0.39015125470146694	1	1
positive regulation of inflammasome-mediated signaling pathway	GO:0141087		17	1	2.682181529565168	-0.9866304669706297	0.36469283564378024	0.9460927581740545	1	1
transforming growth factor beta receptor superfamily signaling pathway	GO:0141091		103	9	16.250864561483077	-0.59092153380783	0.5288219945809765	0.9847844593653542	1	1
positive regulation of cGAS/STING signaling pathway	GO:0141111		7	2	1.104427688644481	0.5938199085902184	1.355718486679157	0.3052018899455362	1	1
positive regulation of gene expression, epigenetic	GO:0141137		44	1	6.9421169000510234	-1.9376067568326747	0.1435547103451045	0.9992688692874648	1	1
cAMP/PKA signal transduction	GO:0141156		5	0	0.7888769204603435	-Inf	0	1	1	1
regulation of cAMP/PKA signal transduction	GO:0141161		12	1	1.8933046091048245	-0.6383237727024138	0.506271076694502	0.8726993542847484	1	1
negative regulation of cAMP/PKA signal transduction	GO:0141162		5	0	0.7888769204603435	-Inf	0	1	1	1
positive regulation of cAMP/PKA signal transduction	GO:0141163		7	1	1.104427688644481	-0.09932727196972693	0.8129096848478663	0.6994625284929428	1	1
nucleic acid catabolic process	GO:0141188		156	17	24.61295991836272	-0.3700597861077346	0.6450253362316917	0.9445814086311232	1	1
nuclear receptor-mediated signaling pathway	GO:0141193		52	7	8.204319972787573	-0.1587506924405277	0.7736805947448722	0.7139639752784215	1	1
protein branched polyubiquitination	GO:0141198		19	2	2.9977322977493053	-0.40470892152090865	0.625564683896595	0.825558070733152	1	1
pyroptotic cell death	GO:0141201		5	0	0.7888769204603435	-Inf	0	1	1	1
regulation of protein localization to lysosome	GO:0150031		5	0	0.7888769204603435	-Inf	0	1	1	1
visual system development	GO:0150063		53	5	8.362095356879642	-0.5142711240324351	0.5670544484591667	0.9216365974623408	1	1
neuroinflammatory response	GO:0150076		7	0	1.104427688644481	-Inf	0	1	1	1
regulation of neuroinflammatory response	GO:0150077		14	1	2.208855377288962	-0.7924744525296722	0.4385317160500693	0.9097242574396893	1	1
positive regulation of neuroinflammatory response	GO:0150078		9	1	1.4199784568286185	-0.350641700250633	0.6561334090262664	0.7868500319994607	1	1
amyloid-beta clearance by transcytosis	GO:0150093		7	1	1.104427688644481	-0.09932727196972693	0.8129096848478663	0.6994625284929428	1	1
amyloid-beta clearance by cellular catabolic process	GO:0150094		6	1	0.9466523045524122	0.054823407857531446	0.9206658936334867	0.6431395801290278	1	1
transport across blood-brain barrier	GO:0150104		15	2	2.366630761381031	-0.16832014345667848	0.7674866162952108	0.6727557550052204	1	1
protein localization to cell-cell junction	GO:0150105		12	0	1.8933046091048245	-Inf	0	1	1	1
regulation of protein localization to cell-cell junction	GO:0150106		6	1	0.9466523045524122	0.054823407857531446	0.9206658936334867	0.6431395801290278	1	1
cell-substrate junction organization	GO:0150115		21	1	3.313283065933443	-1.1979395606378367	0.29741149256349064	0.9728970148697752	1	1
regulation of cell-substrate junction organization	GO:0150116		47	1	7.4154430523272294	-2.0035647246244723	0.13444828727981453	0.9996908870599704	1	1
positive regulation of cell-substrate junction organization	GO:0150117		17	1	2.682181529565168	-0.9866304669706297	0.36469283564378024	0.9460927581740545	1	1
negative regulation of cell-substrate junction organization	GO:0150118		12	0	1.8933046091048245	-Inf	0	1	1	1
negative regulation of cGAS/STING signaling pathway	GO:0160049		15	1	2.366630761381031	-0.8614673240166237	0.410882473242539	0.9239788612153117	1	1
multi-pass transmembrane protein insertion into ER membrane	GO:0160063		9	0	1.4199784568286185	-Inf	0	1	1	1
lipid droplet fusion	GO:0160077		5	0	0.7888769204603435	-Inf	0	1	1	1
CD27 signaling pathway	GO:0160162		5	0	0.7888769204603435	-Inf	0	1	1	1
paracellular transport	GO:0160184		6	0	0.9466523045524122	-Inf	0	1	1	1
L-amino acid metabolic process	GO:0170033		101	9	15.935313793298938	-0.5713130624194536	0.5383933219802879	0.9797209898399069	1	1
L-amino acid biosynthetic process	GO:0170034		24	1	3.786609218209649	-1.3314709532623592	0.26111132566716627	0.9838193454025062	1	1
L-amino acid catabolic process	GO:0170035		51	7	8.046544588695504	-0.13933260658342603	0.7863548787022334	0.6725275484373395	1	1
import into the mitochondrion	GO:0170036		28	2	4.417710754577924	-0.7924744525296722	0.4385317160500693	0.9491310581323991	1	1
proteinogenic amino acid biosynthetic process	GO:0170038		26	1	4.1021599863937865	-1.4115136609358956	0.2414219726866582	0.9863757326715852	1	1
proteinogenic amino acid metabolic process	GO:0170039		104	11	16.408639945575146	-0.39991274925741566	0.6282309320838759	0.9423295080134264	1	1
proteinogenic amino acid catabolic process	GO:0170040		54	7	8.51987074097171	-0.19649102042337466	0.7494530353834133	0.7333042229246339	1	1
non-proteinogenic amino acid metabolic process	GO:0170041		35	3	5.522138443222405	-0.6101528957357176	0.5195732126581182	0.9213445043085335	1	1
non-proteinogenic amino acid biosynthetic process	GO:0170043		6	0	0.9466523045524122	-Inf	0	1	1	1
non-proteinogenic amino acid catabolic process	GO:0170044		10	1	1.577753840920687	-0.4560022159084593	0.5976018042874566	0.8204970178727164	1	1
co-transcriptional mRNA 3'-end processing, cleavage and polyadenylation pathway	GO:0180010		8	0	1.2622030727365496	-Inf	0	1	1	1
co-transcriptional RNA 3'-end processing, cleavage and polyadenylation pathway	GO:0180012		10	0	1.577753840920687	-Inf	0	1	1	1
GPI anchored protein biosynthesis	GO:0180046		29	4	4.5754861386699925	-0.13441859178099705	0.789584647474739	0.6927811726651645	1	1
regulation of cytokine production involved in inflammatory response	GO:1900015		33	3	5.206587675038268	-0.5513123957127841	0.5483037732141072	0.9112341226524642	1	1
negative regulation of cytokine production involved in inflammatory response	GO:1900016		16	1	2.5244061454730993	-0.9260058451541948	0.3864422976582265	0.9359833340499569	1	1
positive regulation of cytokine production involved in inflammatory response	GO:1900017		14	2	2.208855377288962	-0.09932727196972693	0.8129096848478663	0.6727557550052204	1	1
regulation of substrate adhesion-dependent cell spreading	GO:1900024		42	4	6.626566131866886	-0.5047923800778914	0.571935864997809	0.9157294312685488	1	1
negative regulation of substrate adhesion-dependent cell spreading	GO:1900025		10	0	1.577753840920687	-Inf	0	1	1	1
positive regulation of substrate adhesion-dependent cell spreading	GO:1900026		29	3	4.5754861386699925	-0.42210066423277787	0.6159704844077175	0.8579923531368561	1	1
regulation of ruffle assembly	GO:1900027		13	1	2.0510799931968933	-0.7183664803759503	0.47004679746433364	0.8927979358372273	1	1
positive regulation of ruffle assembly	GO:1900029		7	1	1.104427688644481	-0.09932727196972693	0.8129096848478663	0.6994625284929428	1	1
regulation of cellular response to heat	GO:1900034		15	2	2.366630761381031	-0.16832014345667848	0.7674866162952108	0.7101598045809759	1	1
regulation of cellular response to hypoxia	GO:1900037		10	1	1.577753840920687	-0.4560022159084593	0.5976018042874566	0.8204970178727164	1	1
negative regulation of cellular response to hypoxia	GO:1900038		6	1	0.9466523045524122	0.054823407857531446	0.9206658936334867	0.6431395801290278	1	1
regulation of protein K63-linked ubiquitination	GO:1900044		11	2	1.7355292250127559	0.14183478484716117	0.9851310298618374	0.5371248474375075	1	1
regulation of hemostasis	GO:1900046		46	0	7.25766766823516	-Inf	0	1	1	1
negative regulation of hemostasis	GO:1900047		33	0	5.206587675038268	-Inf	0	1	1	1
positive regulation of hemostasis	GO:1900048		14	0	2.208855377288962	-Inf	0	1	1	1
regulation of cellular response to insulin stimulus	GO:1900076		32	4	5.0488122909461985	-0.23285866459424956	0.7266172585054973	0.766023689273821	1	1
negative regulation of cellular response to insulin stimulus	GO:1900077		20	1	3.155507681841374	-1.1491493964684045	0.3118280657172801	0.9678129216089626	1	1
positive regulation of cellular response to insulin stimulus	GO:1900078		8	2	1.2622030727365496	0.46028851596569575	1.240756211609746	0.3674088486818622	1	1
positive regulation of G1/S transition of mitotic cell cycle	GO:1900087		27	2	4.259935370485855	-0.7561068083587973	0.4537583768674764	0.922466050944612	1	1
regulation of endoplasmic reticulum unfolded protein response	GO:1900101		28	1	4.417710754577924	-1.4856216330896175	0.22447173104470095	0.9903409722146757	1	1
negative regulation of endoplasmic reticulum unfolded protein response	GO:1900102		15	0	2.366630761381031	-Inf	0	1	1	1
positive regulation of endoplasmic reticulum unfolded protein response	GO:1900103		11	1	1.7355292250127559	-0.5513123957127841	0.5483037732141072	0.8488342349162374	1	1
extracellular regulation of signal transduction	GO:1900115		6	0	0.9466523045524122	-Inf	0	1	1	1
extracellular negative regulation of signal transduction	GO:1900116		6	0	0.9466523045524122	-Inf	0	1	1	1
regulation of execution phase of apoptosis	GO:1900117		14	2	2.208855377288962	-0.09932727196972693	0.8129096848478663	0.6727557550052204	1	1
positive regulation of execution phase of apoptosis	GO:1900119		12	2	1.8933046091048245	0.054823407857531446	0.9206658936334867	0.586317921862617	1	1
regulation of receptor binding	GO:1900120		6	0	0.9466523045524122	-Inf	0	1	1	1
regulation of hyaluronan biosynthetic process	GO:1900125		6	1	0.9466523045524122	0.054823407857531446	0.9206658936334867	0.6431395801290278	1	1
regulation of defense response to fungus	GO:1900150		5	0	0.7888769204603435	-Inf	0	1	1	1
regulation of nuclear-transcribed mRNA catabolic process, deadenylation-dependent decay	GO:1900151		20	2	3.155507681841374	-0.4560022159084593	0.5976018042874566	0.8470652783357171	1	1
negative regulation of nuclear-transcribed mRNA catabolic process, deadenylation-dependent decay	GO:1900152		12	0	1.8933046091048245	-Inf	0	1	1	1
positive regulation of nuclear-transcribed mRNA catabolic process, deadenylation-dependent decay	GO:1900153		8	2	1.2622030727365496	0.46028851596569575	1.240756211609746	0.3674088486818622	1	1
regulation of protein localization to nucleus	GO:1900180		83	6	13.095356879641702	-0.7804982614829565	0.44349561023519674	0.9938186488723446	1	1
negative regulation of protein localization to nucleus	GO:1900181		20	0	3.155507681841374	-Inf	0	1	1	1
positive regulation of protein localization to nucleus	GO:1900182		55	5	8.677646125063779	-0.5513123957127841	0.5483037732141072	0.948332743791098	1	1
regulation of amyloid-beta clearance	GO:1900221		10	1	1.577753840920687	-0.4560022159084593	0.5976018042874566	0.8204970178727164	1	1
regulation of NLRP3 inflammasome complex assembly	GO:1900225		34	3	5.364363059130336	-0.5811653588624653	0.5335663291867041	0.9112341226524642	1	1
negative regulation of NLRP3 inflammasome complex assembly	GO:1900226		17	2	2.682181529565168	-0.2934832864106844	0.6896729147432905	0.7439117686956334	1	1
positive regulation of NLRP3 inflammasome complex assembly	GO:1900227		17	1	2.682181529565168	-0.9866304669706297	0.36469283564378024	0.9460927581740545	1	1
positive regulation of RIG-I signaling pathway	GO:1900246		10	1	1.577753840920687	-0.4560022159084593	0.5976018042874566	0.8204970178727164	1	1
positive regulation of DNA-directed DNA polymerase activity	GO:1900264		9	1	1.4199784568286185	-0.350641700250633	0.6561334090262664	0.7868500319994607	1	1
regulation of long-term synaptic potentiation	GO:1900271		5	0	0.7888769204603435	-Inf	0	1	1	1
regulation of post-transcriptional gene silencing by regulatory ncRNA	GO:1900368		22	2	3.4710584500255117	-0.5513123957127841	0.5483037732141072	0.8829901151101129	1	1
negative regulation of post-transcriptional gene silencing by regulatory ncRNA	GO:1900369		12	0	1.8933046091048245	-Inf	0	1	1	1
positive regulation of post-transcriptional gene silencing by RNA	GO:1900370		11	2	1.7355292250127559	0.14183478484716117	0.9851310298618374	0.5371248474375075	1	1
regulation of purine nucleotide biosynthetic process	GO:1900371		10	2	1.577753840920687	0.23714496465148602	1.0585560331525345	0.4840271591401576	1	1
positive regulation of purine nucleotide biosynthetic process	GO:1900373		5	1	0.7888769204603435	0.23714496465148602	1.0585560331525345	0.5762657973197276	1	1
regulation of secondary metabolite biosynthetic process	GO:1900376		9	1	1.4199784568286185	-0.350641700250633	0.6561334090262664	0.7868500319994607	1	1
positive regulation of secondary metabolite biosynthetic process	GO:1900378		7	1	1.104427688644481	-0.09932727196972693	0.8129096848478663	0.6994625284929428	1	1
regulation of cellular response to oxidative stress	GO:1900407		5	2	0.7888769204603435	0.9302921452114313	1.660243592711515	0.17926462372048302	1	1
regulation of defense response to bacterium	GO:1900424		12	0	1.8933046091048245	-Inf	0	1	1	1
positive regulation of defense response to bacterium	GO:1900426		10	0	1.577753840920687	-Inf	0	1	1	1
regulation of purine nucleotide metabolic process	GO:1900542		46	5	7.25766766823516	-0.37262060696940813	0.643571253759105	0.8716092649792222	1	1
negative regulation of purine nucleotide metabolic process	GO:1900543		14	0	2.208855377288962	-Inf	0	1	1	1
positive regulation of purine nucleotide metabolic process	GO:1900544		19	2	2.9977322977493053	-0.40470892152090865	0.625564683896595	0.825558070733152	1	1
regulation of p38MAPK cascade	GO:1900744		28	2	4.417710754577924	-0.7924744525296722	0.4385317160500693	0.9491310581323991	1	1
positive regulation of p38MAPK cascade	GO:1900745		18	2	2.839956913657237	-0.350641700250633	0.6561334090262664	0.8013642643579545	1	1
regulation of vascular endothelial growth factor signaling pathway	GO:1900746		22	0	3.4710584500255117	-Inf	0	1	1	1
negative regulation of vascular endothelial growth factor signaling pathway	GO:1900747		9	0	1.4199784568286185	-Inf	0	1	1	1
positive regulation of vascular endothelial growth factor signaling pathway	GO:1900748		12	0	1.8933046091048245	-Inf	0	1	1	1
mitochondrial RNA modification	GO:1900864		10	0	1.577753840920687	-Inf	0	1	1	1
regulation of potassium ion transmembrane transporter activity	GO:1901016		13	1	2.0510799931968933	-0.7183664803759503	0.47004679746433364	0.8204970178727164	1	1
negative regulation of potassium ion transmembrane transporter activity	GO:1901017		7	1	1.104427688644481	-0.09932727196972693	0.8129096848478663	0.6994625284929428	1	1
positive regulation of potassium ion transmembrane transporter activity	GO:1901018		6	0	0.9466523045524122	-Inf	0	1	1	1
regulation of calcium ion transmembrane transporter activity	GO:1901019		25	0	3.9443846023017177	-Inf	0	1	1	1
negative regulation of calcium ion transmembrane transporter activity	GO:1901020		11	0	1.7355292250127559	-Inf	0	1	1	1
positive regulation of calcium ion transmembrane transporter activity	GO:1901021		9	0	1.4199784568286185	-Inf	0	1	1	1
regulation of mitochondrial outer membrane permeabilization involved in apoptotic signaling pathway	GO:1901028		15	3	2.366630761381031	0.23714496465148582	1.0585560331525345	0.42962943276280896	1	1
negative regulation of mitochondrial outer membrane permeabilization involved in apoptotic signaling pathway	GO:1901029		8	2	1.2622030727365496	0.46028851596569575	1.240756211609746	0.3674088486818622	1	1
positive regulation of mitochondrial outer membrane permeabilization involved in apoptotic signaling pathway	GO:1901030		5	1	0.7888769204603435	0.23714496465148602	1.0585560331525345	0.5762657973197276	1	1
glucosamine-containing compound metabolic process	GO:1901071		12	0	1.8933046091048245	-Inf	0	1	1	1
regulation of relaxation of muscle	GO:1901077		8	0	1.2622030727365496	-Inf	0	1	1	1
regulation of autophagosome maturation	GO:1901096		16	2	2.5244061454730993	-0.23285866459424956	0.7266172585054973	0.7439117686956334	1	1
negative regulation of autophagosome maturation	GO:1901097		5	0	0.7888769204603435	-Inf	0	1	1	1
positive regulation of autophagosome maturation	GO:1901098		7	2	1.104427688644481	0.5938199085902184	1.355718486679157	0.3052018899455362	1	1
negative regulation of signal transduction in absence of ligand	GO:1901099		19	1	2.9977322977493053	-1.097856102080854	0.32768935881794536	0.9617755394453003	1	1
carbohydrate derivative catabolic process	GO:1901136		124	13	19.56414762741652	-0.4087493310579137	0.6233254290192725	0.9595707418121432	1	1
insulin metabolic process	GO:1901142		9	0	1.4199784568286185	-Inf	0	1	1	1
regulation of trophoblast cell migration	GO:1901163		15	0	2.366630761381031	-Inf	0	1	1	1
negative regulation of trophoblast cell migration	GO:1901164		6	0	0.9466523045524122	-Inf	0	1	1	1
positive regulation of trophoblast cell migration	GO:1901165		7	0	1.104427688644481	-Inf	0	1	1	1
regulation of ERBB signaling pathway	GO:1901184		50	2	7.8887692046034354	-1.3722929477826145	0.2508847640679904	0.9977637664892538	1	1
negative regulation of ERBB signaling pathway	GO:1901185		23	1	3.62883383411758	-1.2889113388435631	0.2721969180173993	0.9771782958107115	1	1
positive regulation of ERBB signaling pathway	GO:1901186		21	0	3.313283065933443	-Inf	0	1	1	1
regulation of extracellular matrix assembly	GO:1901201		8	1	1.2622030727365496	-0.23285866459424956	0.7266172585054973	0.7468987684659543	1	1
positive regulation of extracellular matrix assembly	GO:1901203		6	1	0.9466523045524122	0.054823407857531446	0.9206658936334867	0.6431395801290278	1	1
regulation of non-canonical NF-kappaB signal transduction	GO:1901222		61	8	9.624298429616191	-0.18484944540788883	0.7568690297281967	0.6959349707249258	1	1
negative regulation of non-canonical NF-kappaB signal transduction	GO:1901223		21	0	3.313283065933443	-Inf	0	1	1	1
positive regulation of non-canonical NF-kappaB signal transduction	GO:1901224		40	7	6.311015363682748	0.10361357202696349	0.9565024639890441	0.3924775384259911	1	1
regulation of macrophage colony-stimulating factor production	GO:1901256		5	0	0.7888769204603435	-Inf	0	1	1	1
carbohydrate derivative transport	GO:1901264		60	8	9.466523045524124	-0.16832014345667848	0.7674866162952108	0.7331077179627554	1	1
nucleoside phosphate catabolic process	GO:1901292		67	7	10.570950734168603	-0.41219959325006633	0.6214182038332541	0.9134050588126992	1	1
nucleoside phosphate biosynthetic process	GO:1901293		149	7	23.508532229718238	-1.2114532798045594	0.29353091073305443	0.9999937621906686	1	1
regulation of hydrogen peroxide-mediated programmed cell death	GO:1901298		6	1	0.9466523045524122	0.054823407857531446	0.9206658936334867	0.6431395801290278	1	1
negative regulation of hydrogen peroxide-mediated programmed cell death	GO:1901299		6	1	0.9466523045524122	0.054823407857531446	0.9206658936334867	0.6431395801290278	1	1
regulation of flagellated sperm motility	GO:1901317		11	0	1.7355292250127559	-Inf	0	1	1	1
lactone metabolic process	GO:1901334		10	0	1.577753840920687	-Inf	0	1	1	1
regulation of store-operated calcium channel activity	GO:1901339		7	0	1.104427688644481	-Inf	0	1	1	1
positive regulation of store-operated calcium channel activity	GO:1901341		6	0	0.9466523045524122	-Inf	0	1	1	1
regulation of vasculature development	GO:1901342		195	17	30.766199897953395	-0.5932033374219442	0.5277174711258387	0.9984744067470566	1	1
negative regulation of vasculature development	GO:1901343		80	7	12.622030727365496	-0.5895336085329819	0.5294947739157083	0.9749213144187591	1	1
regulation of potassium ion transmembrane transport	GO:1901379		42	2	6.626566131866886	-1.1979395606378367	0.29741149256349064	0.988157455771919	1	1
negative regulation of potassium ion transmembrane transport	GO:1901380		15	1	2.366630761381031	-0.8614673240166237	0.410882473242539	0.9097242574396893	1	1
positive regulation of potassium ion transmembrane transport	GO:1901381		21	0	3.313283065933443	-Inf	0	1	1	1
regulation of voltage-gated calcium channel activity	GO:1901385		9	0	1.4199784568286185	-Inf	0	1	1	1
negative regulation of voltage-gated calcium channel activity	GO:1901386		6	0	0.9466523045524122	-Inf	0	1	1	1
pyruvate transmembrane transport	GO:1901475		5	1	0.7888769204603435	0.23714496465148602	1.0585560331525345	0.5762657973197276	1	1
ether biosynthetic process	GO:1901503		8	1	1.2622030727365496	-0.23285866459424956	0.7266172585054973	0.7468987684659543	1	1
regulation of endothelial tube morphogenesis	GO:1901509		5	0	0.7888769204603435	-Inf	0	1	1	1
icosanoid catabolic process	GO:1901523		6	0	0.9466523045524122	-Inf	0	1	1	1
regulation of mitophagy	GO:1901524		25	5	3.9443846023017177	0.23714496465148602	1.0585560331525345	0.35880560906865333	1	1
negative regulation of mitophagy	GO:1901525		5	2	0.7888769204603435	0.9302921452114313	1.660243592711515	0.17926462372048302	1	1
positive regulation of mitophagy	GO:1901526		16	4	2.5244061454730993	0.46028851596569575	1.240756211609746	0.23780739969536002	1	1
regulation of hematopoietic progenitor cell differentiation	GO:1901532		13	2	2.0510799931968933	-0.02521929981600501	0.8636537464594634	0.631516375655002	1	1
negative regulation of hematopoietic progenitor cell differentiation	GO:1901533		6	1	0.9466523045524122	0.054823407857531446	0.9206658936334867	0.6431395801290278	1	1
regulation of endothelial cell development	GO:1901550		16	1	2.5244061454730993	-0.9260058451541948	0.3864422976582265	0.9359833340499569	1	1
positive regulation of endothelial cell development	GO:1901552		6	0	0.9466523045524122	-Inf	0	1	1	1
fatty acid derivative metabolic process	GO:1901568		56	4	8.835421509155848	-0.7924744525296722	0.4385317160500693	0.9790485398223254	1	1
fatty acid derivative catabolic process	GO:1901569		10	0	1.577753840920687	-Inf	0	1	1	1
fatty acid derivative biosynthetic process	GO:1901570		40	3	6.311015363682748	-0.7436842883602403	0.45906466252030825	0.952085274735551	1	1
alpha-amino acid metabolic process	GO:1901605		129	15	20.353024547876863	-0.3051793261738756	0.6827076352391153	0.910598154950621	1	1
alpha-amino acid catabolic process	GO:1901606		66	10	10.413175350076536	-0.04048677194679348	0.8530367897790406	0.5662857130751855	1	1
alpha-amino acid biosynthetic process	GO:1901607		30	1	4.733261522762062	-1.5546145045765691	0.20972987435944143	0.9931524507578191	1	1
regulation of lymphocyte chemotaxis	GO:1901623		17	1	2.682181529565168	-0.9866304669706297	0.36469283564378024	0.9460927581740545	1	1
nucleoside transmembrane transport	GO:1901642		6	0	0.9466523045524122	-Inf	0	1	1	1
response to ketone	GO:1901654		51	3	8.046544588695504	-0.9866304669706296	0.3646928356437803	0.9886690514810321	1	1
cellular response to ketone	GO:1901655		34	2	5.364363059130336	-0.9866304669706297	0.36469283564378024	0.9752410911662213	1	1
glycosyl compound metabolic process	GO:1901657		49	8	7.730993820511367	0.03420412065479564	0.9057651637089532	0.49328631389941613	1	1
glycosyl compound catabolic process	GO:1901658		20	5	3.155507681841374	0.46028851596569575	1.240756211609746	0.19760660436483687	1	1
glycosyl compound biosynthetic process	GO:1901659		11	2	1.7355292250127559	0.14183478484716117	0.9851310298618374	0.5371248474375075	1	1
quinone metabolic process	GO:1901661		19	2	2.9977322977493053	-0.40470892152090865	0.625564683896595	0.825558070733152	1	1
quinone biosynthetic process	GO:1901663		16	2	2.5244061454730993	-0.23285866459424956	0.7266172585054973	0.7439117686956334	1	1
regulation of mitotic spindle assembly	GO:1901673		23	1	3.62883383411758	-1.2889113388435631	0.2721969180173993	0.9617755394453003	1	1
iron coordination entity transport	GO:1901678		6	3	0.9466523045524122	1.1534356965256412	1.8705947332904256	0.05400010461499344	1	1
nucleotide transmembrane transport	GO:1901679		17	1	2.682181529565168	-0.9866304669706297	0.36469283564378024	0.9460927581740545	1	1
regulation of cell proliferation involved in kidney development	GO:1901722		5	0	0.7888769204603435	-Inf	0	1	1	1
positive regulation of platelet aggregation	GO:1901731		10	0	1.577753840920687	-Inf	0	1	1	1
regulation of signal transduction by p53 class mediator	GO:1901796		90	8	14.199784568286185	-0.573785251564843	0.5371787106201271	0.978467900048484	1	1
negative regulation of signal transduction by p53 class mediator	GO:1901797		30	2	4.733261522762062	-0.8614673240166237	0.410882473242539	0.9617699887084894	1	1
positive regulation of signal transduction by p53 class mediator	GO:1901798		26	3	4.1021599863937865	-0.3129013722677859	0.6781377884159226	0.8013373570208429	1	1
negative regulation of proteasomal protein catabolic process	GO:1901799		41	5	6.468790747774817	-0.25755127718462106	0.711399809532372	0.7968413432817284	1	1
positive regulation of proteasomal protein catabolic process	GO:1901800		75	7	11.833153806905154	-0.5249950873954108	0.5615727091148413	0.9546839042040133	1	1
regulation of transcription of nucleolar large rRNA by RNA polymerase I	GO:1901836		14	0	2.208855377288962	-Inf	0	1	1	1
positive regulation of transcription of nucleolar large rRNA by RNA polymerase I	GO:1901838		10	0	1.577753840920687	-Inf	0	1	1	1
regulation of cell communication by electrical coupling involved in cardiac conduction	GO:1901844		8	0	1.2622030727365496	-Inf	0	1	1	1
positive regulation of cellular respiration	GO:1901857		12	1	1.8933046091048245	-0.6383237727024138	0.506271076694502	0.8726993542847484	1	1
regulation of mitochondrial DNA metabolic process	GO:1901858		6	0	0.9466523045524122	-Inf	0	1	1	1
regulation of muscle tissue development	GO:1901861		10	2	1.577753840920687	0.23714496465148602	1.0585560331525345	0.4840271591401576	1	1
negative regulation of muscle tissue development	GO:1901862		5	0	0.7888769204603435	-Inf	0	1	1	1
regulation of post-translational protein modification	GO:1901873		171	20	26.97959067974375	-0.2993484058630825	0.6861735200756988	0.9363058992493579	1	1
negative regulation of post-translational protein modification	GO:1901874		64	7	10.097624581892397	-0.3663900572187721	0.6471134763326698	0.8967843403423054	1	1
positive regulation of post-translational protein modification	GO:1901875		102	10	16.093089177391008	-0.47580484320463895	0.5870754597307166	0.9613344607410379	1	1
regulation of protein depolymerization	GO:1901879		33	1	5.206587675038268	-1.649924684380894	0.19090272047718984	0.9965590123608755	1	1
negative regulation of protein depolymerization	GO:1901880		20	0	3.155507681841374	-Inf	0	1	1	1
positive regulation of protein depolymerization	GO:1901881		12	1	1.8933046091048245	-0.6383237727024138	0.506271076694502	0.8726993542847484	1	1
regulation of cell junction assembly	GO:1901888		96	2	15.146436872838596	-2.0246181338223046	0.13166352286332741	0.9999979446999605	1	1
negative regulation of cell junction assembly	GO:1901889		17	0	2.682181529565168	-Inf	0	1	1	1
positive regulation of cell junction assembly	GO:1901890		34	1	5.364363059130336	-1.679777647530575	0.1853522859633019	0.9971029331037861	1	1
positive regulation of mitotic sister chromatid separation	GO:1901970		11	1	1.7355292250127559	-0.5513123957127841	0.5483037732141072	0.8488342349162374	1	1
regulation of cell cycle checkpoint	GO:1901976		26	1	4.1021599863937865	-1.4115136609358956	0.2414219726866582	0.9863757326715852	1	1
negative regulation of cell cycle checkpoint	GO:1901977		7	0	1.104427688644481	-Inf	0	1	1	1
positive regulation of cell cycle checkpoint	GO:1901978		10	0	1.577753840920687	-Inf	0	1	1	1
regulation of protein acetylation	GO:1901983		8	1	1.2622030727365496	-0.23285866459424956	0.7266172585054973	0.7468987684659543	1	1
positive regulation of protein acetylation	GO:1901985		5	0	0.7888769204603435	-Inf	0	1	1	1
negative regulation of cell cycle phase transition	GO:1901988		147	10	23.192981461534103	-0.8412646166991044	0.4188134493765682	0.9995247768816724	1	1
positive regulation of cell cycle phase transition	GO:1901989		73	3	11.517603038721015	-1.3452642753946948	0.25761203391266563	0.9994146775185145	1	1
negative regulation of mitotic cell cycle phase transition	GO:1901991		105	8	16.566415329667215	-0.7279359313921011	0.4658692987529052	0.9954225897839553	1	1
positive regulation of mitotic cell cycle phase transition	GO:1901992		57	3	8.993196893247916	-1.097856102080854	0.32768935881794536	0.9950274563927444	1	1
fatty acid transmembrane transport	GO:1902001		11	1	1.7355292250127559	-0.5513123957127841	0.5483037732141072	0.8488342349162374	1	1
regulation of amyloid-beta formation	GO:1902003		29	4	4.5754861386699925	-0.13441859178099705	0.789584647474739	0.6650167181454056	1	1
positive regulation of amyloid-beta formation	GO:1902004		14	1	2.208855377288962	-0.7924744525296722	0.4385317160500693	0.8927979358372273	1	1
regulation of cilium assembly	GO:1902017		75	12	11.833153806905154	0.014001413337276206	0.8913086549901676	0.5277339822980961	1	1
negative regulation of cilium assembly	GO:1902018		22	3	3.4710584500255117	-0.14584728760461974	0.7820869716603195	0.697540469218688	1	1
regulation of cilium-dependent cell motility	GO:1902019		13	0	2.0510799931968933	-Inf	0	1	1	1
L-lysine transport	GO:1902022		6	0	0.9466523045524122	-Inf	0	1	1	1
regulation of NADP metabolic process	GO:1902031		5	0	0.7888769204603435	-Inf	0	1	1	1
regulation of hematopoietic stem cell proliferation	GO:1902033		5	1	0.7888769204603435	0.23714496465148602	1.0585560331525345	0.5762657973197276	1	1
regulation of hematopoietic stem cell differentiation	GO:1902036		7	1	1.104427688644481	-0.09932727196972693	0.8129096848478663	0.6994625284929428	1	1
regulation of extrinsic apoptotic signaling pathway via death domain receptors	GO:1902041		29	3	4.5754861386699925	-0.42210066423277787	0.6159704844077175	0.8579923531368561	1	1
negative regulation of extrinsic apoptotic signaling pathway via death domain receptors	GO:1902042		19	2	2.9977322977493053	-0.40470892152090865	0.625564683896595	0.825558070733152	1	1
positive regulation of flagellated sperm motility	GO:1902093		8	0	1.2622030727365496	-Inf	0	1	1	1
regulation of metaphase/anaphase transition of cell cycle	GO:1902099		49	3	7.730993820511367	-0.9466251323569306	0.37891583285737596	0.9870309650879723	1	1
negative regulation of metaphase/anaphase transition of cell cycle	GO:1902100		23	1	3.62883383411758	-1.2889113388435631	0.2721969180173993	0.9807834954904975	1	1
positive regulation of metaphase/anaphase transition of cell cycle	GO:1902101		11	1	1.7355292250127559	-0.5513123957127841	0.5483037732141072	0.8488342349162374	1	1
regulation of leukocyte differentiation	GO:1902105		117	11	18.45971993877204	-0.5176957849137992	0.5652991535808757	0.9823312836382241	1	1
negative regulation of leukocyte differentiation	GO:1902106		46	3	7.25766766823516	-0.8834462307353987	0.40240725407852046	0.9806376674724465	1	1
positive regulation of leukocyte differentiation	GO:1902107		70	10	11.04427688644481	-0.09932727196972704	0.8129096848478662	0.6838353210174343	1	1
regulation of mitochondrial membrane permeability involved in apoptotic process	GO:1902108		11	0	1.7355292250127559	-Inf	0	1	1	1
positive regulation of mitochondrial membrane permeability involved in apoptotic process	GO:1902110		8	0	1.2622030727365496	-Inf	0	1	1	1
regulation of organelle assembly	GO:1902115		191	25	30.135098361585122	-0.1868147260928426	0.7556134953651827	0.8363888452180452	1	1
negative regulation of organelle assembly	GO:1902116		41	6	6.468790747774817	-0.07522972039066644	0.8291905511793408	0.645301813223212	1	1
positive regulation of organelle assembly	GO:1902117		66	7	10.413175350076536	-0.3971617158855259	0.6297642517614171	0.9134050588126992	1	1
regulation of intrinsic apoptotic signaling pathway in response to DNA damage by p53 class mediator	GO:1902165		13	0	2.0510799931968933	-Inf	0	1	1	1
negative regulation of intrinsic apoptotic signaling pathway in response to DNA damage by p53 class mediator	GO:1902166		12	0	1.8933046091048245	-Inf	0	1	1	1
regulation of keratinocyte apoptotic process	GO:1902172		5	0	0.7888769204603435	-Inf	0	1	1	1
regulation of oxidative stress-induced intrinsic apoptotic signaling pathway	GO:1902175		24	2	3.786609218209649	-0.6383237727024138	0.506271076694502	0.910958947514297	1	1
negative regulation of oxidative stress-induced intrinsic apoptotic signaling pathway	GO:1902176		17	2	2.682181529565168	-0.2934832864106844	0.6896729147432905	0.7742325480643975	1	1
erythrose 4-phosphate/phosphoenolpyruvate family amino acid metabolic process	GO:1902221		19	1	2.9977322977493053	-1.097856102080854	0.32768935881794536	0.9617755394453003	1	1
erythrose 4-phosphate/phosphoenolpyruvate family amino acid catabolic process	GO:1902222		12	0	1.8933046091048245	-Inf	0	1	1	1
ketone body metabolic process	GO:1902224		7	0	1.104427688644481	-Inf	0	1	1	1
regulation of intrinsic apoptotic signaling pathway in response to DNA damage	GO:1902229		28	1	4.417710754577924	-1.4856216330896175	0.22447173104470095	0.9918672653288341	1	1
negative regulation of intrinsic apoptotic signaling pathway in response to DNA damage	GO:1902230		24	1	3.786609218209649	-1.3314709532623592	0.26111132566716627	0.9838193454025062	1	1
regulation of endoplasmic reticulum stress-induced intrinsic apoptotic signaling pathway	GO:1902235		22	1	3.4710584500255117	-1.2444595762727295	0.28425313097344823	0.9771782958107115	1	1
negative regulation of endoplasmic reticulum stress-induced intrinsic apoptotic signaling pathway	GO:1902236		14	1	2.208855377288962	-0.7924744525296722	0.4385317160500693	0.9097242574396893	1	1
positive regulation of endoplasmic reticulum stress-induced intrinsic apoptotic signaling pathway	GO:1902237		6	0	0.9466523045524122	-Inf	0	1	1	1
regulation of intrinsic apoptotic signaling pathway by p53 class mediator	GO:1902253		23	0	3.62883383411758	-Inf	0	1	1	1
negative regulation of intrinsic apoptotic signaling pathway by p53 class mediator	GO:1902254		16	0	2.5244061454730993	-Inf	0	1	1	1
positive regulation of intrinsic apoptotic signaling pathway by p53 class mediator	GO:1902255		7	0	1.104427688644481	-Inf	0	1	1	1
regulation of delayed rectifier potassium channel activity	GO:1902259		6	0	0.9466523045524122	-Inf	0	1	1	1
negative regulation of delayed rectifier potassium channel activity	GO:1902260		6	0	0.9466523045524122	-Inf	0	1	1	1
regulation of chromatin organization	GO:1902275		19	2	2.9977322977493053	-0.40470892152090865	0.625564683896595	0.7742325480643975	1	1
regulation of sodium ion transmembrane transport	GO:1902305		27	0	4.259935370485855	-Inf	0	1	1	1
negative regulation of sodium ion transmembrane transport	GO:1902306		8	0	1.2622030727365496	-Inf	0	1	1	1
positive regulation of sodium ion transmembrane transport	GO:1902307		9	0	1.4199784568286185	-Inf	0	1	1	1
sulfate transmembrane transport	GO:1902358		9	1	1.4199784568286185	-0.350641700250633	0.6561334090262664	0.7868500319994607	1	1
negative regulation of RNA catabolic process	GO:1902369		61	3	9.624298429616191	-1.1656786984196152	0.3068719291264872	0.9978610839551116	1	1
negative regulation of mRNA catabolic process	GO:1902373		53	3	8.362095356879642	-1.0250967477984259	0.3514800507708714	0.9934406867237144	1	1
mitotic cytokinetic process	GO:1902410		25	1	3.9443846023017177	-1.3722929477826145	0.2508847640679904	0.9728970148697752	1	1
regulation of mitotic cytokinesis	GO:1902412		10	0	1.577753840920687	-Inf	0	1	1	1
protein localization to cell junction	GO:1902414		21	0	3.313283065933443	-Inf	0	1	1	1
regulation of attachment of mitotic spindle microtubules to kinetochore	GO:1902423		7	1	1.104427688644481	-0.09932727196972693	0.8129096848478663	0.6994625284929428	1	1
positive regulation of attachment of mitotic spindle microtubules to kinetochore	GO:1902425		5	0	0.7888769204603435	-Inf	0	1	1	1
negative regulation of amyloid-beta formation	GO:1902430		14	3	2.208855377288962	0.3061378361384375	1.1134256698778522	0.3840800995536907	1	1
regulation of mesenchymal stem cell proliferation	GO:1902460		6	0	0.9466523045524122	-Inf	0	1	1	1
positive regulation of mesenchymal stem cell proliferation	GO:1902462		6	0	0.9466523045524122	-Inf	0	1	1	1
regulation of protein localization to synapse	GO:1902473		9	1	1.4199784568286185	-0.350641700250633	0.6561334090262664	0.7868500319994607	1	1
positive regulation of protein localization to synapse	GO:1902474		5	0	0.7888769204603435	-Inf	0	1	1	1
L-alpha-amino acid transmembrane transport	GO:1902475		32	3	5.0488122909461985	-0.5205407370460303	0.5638443550198389	0.8999556054641106	1	1
chloride transmembrane transport	GO:1902476		32	2	5.0488122909461985	-0.9260058451541948	0.3864422976582265	0.9668989887351941	1	1
regulation of protein autoubiquitination	GO:1902498		6	3	0.9466523045524122	1.1534356965256412	1.8705947332904256	0.05400010461499344	1	1
regulation of calcium ion transmembrane transport via high voltage-gated calcium channel	GO:1902514		6	0	0.9466523045524122	-Inf	0	1	1	1
positive regulation of protein K63-linked ubiquitination	GO:1902523		8	1	1.2622030727365496	-0.23285866459424956	0.7266172585054973	0.7468987684659543	1	1
regulation of protein monoubiquitination	GO:1902525		5	1	0.7888769204603435	0.23714496465148602	1.0585560331525345	0.5762657973197276	1	1
positive regulation of protein monoubiquitination	GO:1902527		5	1	0.7888769204603435	0.23714496465148602	1.0585560331525345	0.5762657973197276	1	1
regulation of cellular response to vascular endothelial growth factor stimulus	GO:1902547		24	0	3.786609218209649	-Inf	0	1	1	1
negative regulation of cellular response to vascular endothelial growth factor stimulus	GO:1902548		11	0	1.7355292250127559	-Inf	0	1	1	1
regulation of neutrophil activation	GO:1902563		9	2	1.4199784568286185	0.34250548030931227	1.142896492055841	0.4272886601979041	1	1
negative regulation of neutrophil activation	GO:1902564		7	1	1.104427688644481	-0.09932727196972693	0.8129096848478663	0.6994625284929428	1	1
protein localization to nucleolus	GO:1902570		10	1	1.577753840920687	-0.4560022159084593	0.5976018042874566	0.8204970178727164	1	1
proton transmembrane transport	GO:1902600		27	4	4.259935370485855	-0.06295962779885195	0.8375621926429162	0.5718868709164358	1	1
carnitine transmembrane transport	GO:1902603		5	1	0.7888769204603435	0.23714496465148602	1.0585560331525345	0.5762657973197276	1	1
regulation of neutrophil migration	GO:1902622		21	1	3.313283065933443	-1.1979395606378367	0.29741149256349064	0.9728970148697752	1	1
positive regulation of neutrophil migration	GO:1902624		15	0	2.366630761381031	-Inf	0	1	1	1
tertiary alcohol metabolic process	GO:1902644		14	0	2.208855377288962	-Inf	0	1	1	1
secondary alcohol metabolic process	GO:1902652		63	5	9.939849197800328	-0.6871139368718459	0.48391649031925116	0.9700124237522519	1	1
secondary alcohol biosynthetic process	GO:1902653		24	3	3.786609218209649	-0.23285866459424956	0.7266172585054973	0.7268153437843944	1	1
calcium ion import into cytosol	GO:1902656		8	1	1.2622030727365496	-0.23285866459424956	0.7266172585054973	0.6994625284929428	1	1
mitochondrial outer membrane permeabilization involved in programmed cell death	GO:1902686		10	0	1.577753840920687	-Inf	0	1	1	1
regulation of lamellipodium organization	GO:1902743		35	2	5.522138443222405	-1.0156180038438822	0.3546943719593138	0.9786096278448267	1	1
positive regulation of lamellipodium organization	GO:1902745		25	1	3.9443846023017177	-1.3722929477826145	0.2508847640679904	0.9863757326715852	1	1
regulation of cell cycle G2/M phase transition	GO:1902749		81	5	12.779806111457567	-0.9384283651527522	0.38189172090220325	0.9972161958198711	1	1
negative regulation of cell cycle G2/M phase transition	GO:1902750		48	4	7.573218436419298	-0.6383237727024138	0.506271076694502	0.9519500961059997	1	1
positive regulation of cell cycle G2/M phase transition	GO:1902751		22	0	3.4710584500255117	-Inf	0	1	1	1
late endosome to lysosome transport	GO:1902774		15	0	2.366630761381031	-Inf	0	1	1	1
mitochondrial large ribosomal subunit assembly	GO:1902775		8	0	1.2622030727365496	-Inf	0	1	1	1
regulation of cell cycle G1/S phase transition	GO:1902806		111	8	17.513067634219627	-0.7835057825469118	0.44224442040111933	0.9963161878891835	1	1
negative regulation of cell cycle G1/S phase transition	GO:1902807		45	4	7.099892284143093	-0.573785251564843	0.5371787106201271	0.9324544623541315	1	1
positive regulation of cell cycle G1/S phase transition	GO:1902808		38	2	5.9954645954986105	-1.097856102080854	0.32768935881794536	0.9815320007633399	1	1
microtubule cytoskeleton organization involved in mitosis	GO:1902850		91	11	14.357559952378253	-0.2663813566328931	0.7060146703655211	0.8692283801796665	1	1
regulation of non-motile cilium assembly	GO:1902855		5	1	0.7888769204603435	0.23714496465148602	1.0585560331525345	0.5762657973197276	1	1
regulation of response to oxidative stress	GO:1902882		12	2	1.8933046091048245	0.054823407857531446	0.9206658936334867	0.586317921862617	1	1
negative regulation of response to oxidative stress	GO:1902883		5	0	0.7888769204603435	-Inf	0	1	1	1
regulation of miRNA transcription	GO:1902893		63	5	9.939849197800328	-0.6871139368718459	0.48391649031925116	0.9786028933149619	1	1
negative regulation of miRNA transcription	GO:1902894		22	3	3.4710584500255117	-0.14584728760461974	0.7820869716603195	0.697540469218688	1	1
positive regulation of miRNA transcription	GO:1902895		46	3	7.25766766823516	-0.8834462307353987	0.40240725407852046	0.9830462827531645	1	1
negative regulation of autophagosome assembly	GO:1902902		10	2	1.577753840920687	0.23714496465148602	1.0585560331525345	0.4840271591401576	1	1
negative regulation of supramolecular fiber organization	GO:1902904		74	2	11.675378422813086	-1.7643350355586382	0.17047375860197075	0.9999484020781954	1	1
positive regulation of supramolecular fiber organization	GO:1902905		110	6	17.355292250127558	-1.0621380194787748	0.3391752520913584	0.9997098994454485	1	1
regulation of protein polyubiquitination	GO:1902914		21	3	3.313283065933443	-0.09932727196972693	0.8129096848478663	0.6659403867942789	1	1
positive regulation of protein polyubiquitination	GO:1902916		14	1	2.208855377288962	-0.7924744525296722	0.4385317160500693	0.9097242574396893	1	1
regulation of alcohol biosynthetic process	GO:1902930		33	2	5.206587675038268	-0.9567775038209486	0.3752592248846453	0.9713618809532663	1	1
negative regulation of alcohol biosynthetic process	GO:1902931		9	0	1.4199784568286185	-Inf	0	1	1	1
positive regulation of alcohol biosynthetic process	GO:1902932		17	1	2.682181529565168	-0.9866304669706297	0.36469283564378024	0.9460927581740545	1	1
regulation of dendritic spine maintenance	GO:1902950		5	0	0.7888769204603435	-Inf	0	1	1	1
regulation of protein localization to early endosome	GO:1902965		8	1	1.2622030727365496	-0.23285866459424956	0.7266172585054973	0.7468987684659543	1	1
positive regulation of protein localization to early endosome	GO:1902966		8	1	1.2622030727365496	-0.23285866459424956	0.7266172585054973	0.7468987684659543	1	1
regulation of amyloid precursor protein catabolic process	GO:1902991		36	4	5.679913827314474	-0.350641700250633	0.6561334090262664	0.8248541535797292	1	1
negative regulation of amyloid precursor protein catabolic process	GO:1902992		15	3	2.366630761381031	0.23714496465148582	1.0585560331525345	0.42962943276280896	1	1
positive regulation of amyloid precursor protein catabolic process	GO:1902993		18	1	2.839956913657237	-1.0437888808105784	0.34522000318667345	0.9460927581740545	1	1
positive regulation of protein deubiquitination	GO:1903003		5	0	0.7888769204603435	-Inf	0	1	1	1
organelle disassembly	GO:1903008		63	7	9.939849197800328	-0.3506417002506329	0.6561334090262665	0.887504767712121	1	1
regulation of glycoprotein metabolic process	GO:1903018		22	2	3.4710584500255117	-0.5513123957127841	0.5483037732141072	0.8829901151101129	1	1
negative regulation of glycoprotein metabolic process	GO:1903019		7	1	1.104427688644481	-0.09932727196972693	0.8129096848478663	0.6994625284929428	1	1
positive regulation of glycoprotein metabolic process	GO:1903020		11	0	1.7355292250127559	-Inf	0	1	1	1
regulation of opsonization	GO:1903027		9	2	1.4199784568286185	0.34250548030931227	1.142896492055841	0.4272886601979041	1	1
positive regulation of opsonization	GO:1903028		7	1	1.104427688644481	-0.09932727196972693	0.8129096848478663	0.6994625284929428	1	1
regulation of response to wounding	GO:1903034		98	5	15.461987641022734	-1.1289466891508853	0.31798758663578824	0.9997305424263009	1	1
negative regulation of response to wounding	GO:1903035		53	0	8.362095356879642	-Inf	0	1	1	1
positive regulation of response to wounding	GO:1903036		43	5	6.784341515958955	-0.3051793261738758	0.6827076352391153	0.8301388239228664	1	1
regulation of leukocyte cell-cell adhesion	GO:1903037		182	10	28.715119904756506	-1.0548387169971634	0.34156802064880626	0.9999939744230704	1	1
negative regulation of leukocyte cell-cell adhesion	GO:1903038		66	6	10.413175350076536	-0.5513123957127841	0.5483037732141072	0.9560245766526773	1	1
positive regulation of leukocyte cell-cell adhesion	GO:1903039		133	7	20.984126084245137	-1.097856102080854	0.32768935881794536	0.9999491427998817	1	1
protein localization to membrane raft	GO:1903044		5	0	0.7888769204603435	-Inf	0	1	1	1
meiotic cell cycle process	GO:1903046		34	4	5.364363059130336	-0.2934832864106844	0.6896729147432905	0.7871704335805744	1	1
regulation of proteolysis involved in protein catabolic process	GO:1903050		161	16	25.401836838823062	-0.4622327656590953	0.5942737471685225	0.984894378921136	1	1
negative regulation of proteolysis involved in protein catabolic process	GO:1903051		54	7	8.51987074097171	-0.19649102042337466	0.7494530353834133	0.7692012099613665	1	1
positive regulation of proteolysis involved in protein catabolic process	GO:1903052		88	10	13.884233800102047	-0.32816884439857447	0.6691701205097987	0.8899651754475602	1	1
regulation of extracellular matrix organization	GO:1903053		35	2	5.522138443222405	-1.0156180038438822	0.3546943719593138	0.9815320007633399	1	1
negative regulation of extracellular matrix organization	GO:1903054		8	0	1.2622030727365496	-Inf	0	1	1	1
positive regulation of extracellular matrix organization	GO:1903055		17	1	2.682181529565168	-0.9866304669706297	0.36469283564378024	0.9460927581740545	1	1
regulation of protein lipidation	GO:1903059		6	0	0.9466523045524122	-Inf	0	1	1	1
regulation of protein localization to plasma membrane	GO:1903076		72	6	11.359827654628948	-0.6383237727024138	0.506271076694502	0.976468493743881	1	1
negative regulation of protein localization to plasma membrane	GO:1903077		21	3	3.313283065933443	-0.09932727196972693	0.8129096848478663	0.6319932023100667	1	1
positive regulation of protein localization to plasma membrane	GO:1903078		38	2	5.9954645954986105	-1.097856102080854	0.32768935881794536	0.988157455771919	1	1
protein localization to condensed chromosome	GO:1903083		11	0	1.7355292250127559	-Inf	0	1	1	1
regulation of mitochondrial transcription	GO:1903108		6	0	0.9466523045524122	-Inf	0	1	1	1
regulation of actin filament-based movement	GO:1903115		22	2	3.4710584500255117	-0.5513123957127841	0.5483037732141072	0.8829901151101129	1	1
mononuclear cell differentiation	GO:1903131		83	13	13.095356879641702	-0.007308373249474715	0.8762152402370808	0.5580140887582785	1	1
regulation of establishment of endothelial barrier	GO:1903140		16	1	2.5244061454730993	-0.9260058451541948	0.3864422976582265	0.9359833340499569	1	1
positive regulation of establishment of endothelial barrier	GO:1903142		6	0	0.9466523045524122	-Inf	0	1	1	1
regulation of autophagy of mitochondrion	GO:1903146		30	5	4.733261522762062	0.05482340785753124	0.9206658936334866	0.5232544247308395	1	1
negative regulation of autophagy of mitochondrion	GO:1903147		5	2	0.7888769204603435	0.9302921452114313	1.660243592711515	0.17926462372048302	1	1
regulation of calcium ion transmembrane transport	GO:1903169		88	3	13.884233800102047	-1.5321416487245103	0.21442548578388543	0.9999454383272697	1	1
negative regulation of calcium ion transmembrane transport	GO:1903170		22	1	3.4710584500255117	-1.2444595762727295	0.28425313097344823	0.9771782958107115	1	1
regulation of protein targeting to mitochondrion	GO:1903214		13	4	2.0510799931968933	0.6679278807439403	1.4211362069025828	0.13593630633683412	1	1
melanosome assembly	GO:1903232		5	2	0.7888769204603435	0.9302921452114313	1.660243592711515	0.17926462372048302	1	1
regulation of leukocyte tethering or rolling	GO:1903236		7	0	1.104427688644481	-Inf	0	1	1	1
U2-type prespliceosome assembly	GO:1903241		6	0	0.9466523045524122	-Inf	0	1	1	1
positive regulation of tumor necrosis factor-mediated signaling pathway	GO:1903265		11	2	1.7355292250127559	0.14183478484716117	0.9851310298618374	0.5371248474375075	1	1
regulation of regulated secretory pathway	GO:1903305		40	7	6.311015363682748	0.10361357202696349	0.9565024639890441	0.44761990838680144	1	1
negative regulation of regulated secretory pathway	GO:1903306		9	2	1.4199784568286185	0.34250548030931227	1.142896492055841	0.4272886601979041	1	1
positive regulation of regulated secretory pathway	GO:1903307		21	2	3.313283065933443	-0.5047923800778914	0.571935864997809	0.8661310563927106	1	1
regulation of mRNA metabolic process	GO:1903311		189	18	29.819547593400987	-0.5047923800778914	0.571935864997809	0.9943038499593856	1	1
negative regulation of mRNA metabolic process	GO:1903312		65	3	10.255399965984466	-1.229192104141941	0.28850963893215525	0.9987926337344856	1	1
positive regulation of mRNA metabolic process	GO:1903313		67	12	10.570950734168603	0.12679690748262074	0.9738100575795329	0.304569557232922	1	1
regulation of protein maturation	GO:1903317		32	2	5.0488122909461985	-0.9260058451541948	0.3864422976582265	0.9713618809532663	1	1
negative regulation of protein maturation	GO:1903318		16	2	2.5244061454730993	-0.23285866459424956	0.7266172585054973	0.7439117686956334	1	1
positive regulation of protein maturation	GO:1903319		13	0	2.0510799931968933	-Inf	0	1	1	1
regulation of protein modification by small protein conjugation or removal	GO:1903320		167	19	26.348489143375474	-0.3269719561647283	0.6698698979854061	0.9485607237697828	1	1
negative regulation of protein modification by small protein conjugation or removal	GO:1903321		62	6	9.78207381370826	-0.4887920387314503	0.5802530490677252	0.9406429195788877	1	1
positive regulation of protein modification by small protein conjugation or removal	GO:1903322		101	10	15.935313793298938	-0.4659525467616273	0.5922938832183448	0.9578805275304831	1	1
regulation of protein folding	GO:1903332		8	1	1.2622030727365496	-0.23285866459424956	0.7266172585054973	0.7468987684659543	1	1
positive regulation of bicellular tight junction assembly	GO:1903348		7	0	1.104427688644481	-Inf	0	1	1	1
response to dopamine	GO:1903350		23	2	3.62883383411758	-0.595764158283618	0.5264801846721091	0.8829901151101129	1	1
cellular response to dopamine	GO:1903351		23	2	3.62883383411758	-0.595764158283618	0.5264801846721091	0.8829901151101129	1	1
regulation of Golgi organization	GO:1903358		16	3	2.5244061454730993	0.17260644351391496	1.0085246724610224	0.4738960557783739	1	1
regulation of endoplasmic reticulum tubular network organization	GO:1903371		5	0	0.7888769204603435	-Inf	0	1	1	1
regulation of oxidative stress-induced neuron intrinsic apoptotic signaling pathway	GO:1903376		12	1	1.8933046091048245	-0.6383237727024138	0.506271076694502	0.8726993542847484	1	1
negative regulation of oxidative stress-induced neuron intrinsic apoptotic signaling pathway	GO:1903377		9	1	1.4199784568286185	-0.350641700250633	0.6561334090262664	0.7868500319994607	1	1
regulation of adherens junction organization	GO:1903391		5	0	0.7888769204603435	-Inf	0	1	1	1
L-lysine transmembrane transport	GO:1903401		5	0	0.7888769204603435	-Inf	0	1	1	1
reactive oxygen species biosynthetic process	GO:1903409		6	2	0.9466523045524122	0.7479705884174768	1.4929330427012544	0.24189688327322753	1	1
response to bile acid	GO:1903412		7	1	1.104427688644481	-0.09932727196972693	0.8129096848478663	0.6994625284929428	1	1
regulation of reactive oxygen species biosynthetic process	GO:1903426		18	4	2.839956913657237	0.34250548030931227	1.142896492055841	0.31314145199972365	1	1
negative regulation of reactive oxygen species biosynthetic process	GO:1903427		5	1	0.7888769204603435	0.23714496465148602	1.0585560331525345	0.5762657973197276	1	1
positive regulation of reactive oxygen species biosynthetic process	GO:1903428		7	1	1.104427688644481	-0.09932727196972693	0.8129096848478663	0.6994625284929428	1	1
regulation of cell maturation	GO:1903429		5	1	0.7888769204603435	0.23714496465148602	1.0585560331525345	0.5762657973197276	1	1
regulation of TORC1 signaling	GO:1903432		93	6	14.67311072056239	-0.8942571468396145	0.3982964377488585	0.9981110272964158	1	1
regulation of mitotic cytokinetic process	GO:1903436		6	0	0.9466523045524122	-Inf	0	1	1	1
positive regulation of mitotic cytokinetic process	GO:1903438		6	0	0.9466523045524122	-Inf	0	1	1	1
positive regulation of mitotic cytokinesis	GO:1903490		7	0	1.104427688644481	-Inf	0	1	1	1
regulation of mitotic spindle checkpoint	GO:1903504		17	0	2.682181529565168	-Inf	0	1	1	1
liposaccharide metabolic process	GO:1903509		81	5	12.779806111457567	-0.9384283651527522	0.38189172090220325	0.9972161958198711	1	1
endoplasmic reticulum to cytosol transport	GO:1903513		15	0	2.366630761381031	-Inf	0	1	1	1
release of sequestered calcium ion into cytosol by endoplasmic reticulum	GO:1903514		6	1	0.9466523045524122	0.054823407857531446	0.9206658936334867	0.6431395801290278	1	1
regulation of blood circulation	GO:1903522		133	9	20.984126084245137	-0.8465416737999478	0.41672874655156944	0.9993618267317452	1	1
negative regulation of blood circulation	GO:1903523		6	0	0.9466523045524122	-Inf	0	1	1	1
positive regulation of blood circulation	GO:1903524		9	0	1.4199784568286185	-Inf	0	1	1	1
negative regulation of secretion by cell	GO:1903531		61	5	9.624298429616191	-0.6548530746536244	0.49860110755264236	0.966501136853348	1	1
positive regulation of secretion by cell	GO:1903532		124	10	19.56414762741652	-0.6711135955254047	0.4911526412340279	0.9955519609168236	1	1
regulation of protein targeting	GO:1903533		27	6	4.259935370485855	0.34250548030931244	1.142896492055841	0.21760872749519097	1	1
regulation of exosomal secretion	GO:1903541		17	0	2.682181529565168	-Inf	0	1	1	1
positive regulation of exosomal secretion	GO:1903543		13	0	2.0510799931968933	-Inf	0	1	1	1
regulation of extracellular exosome assembly	GO:1903551		6	0	0.9466523045524122	-Inf	0	1	1	1
regulation of tumor necrosis factor superfamily cytokine production	GO:1903555		100	8	15.777538409206871	-0.6791457672226691	0.4875085810917311	0.9913432639632676	1	1
negative regulation of tumor necrosis factor superfamily cytokine production	GO:1903556		42	1	6.626566131866886	-1.891086741197782	0.15034073964139763	0.999131526272076	1	1
positive regulation of tumor necrosis factor superfamily cytokine production	GO:1903557		56	7	8.835421509155848	-0.23285866459424956	0.7266172585054973	0.7857666144719497	1	1
regulation of protein localization to cilium	GO:1903564		6	1	0.9466523045524122	0.054823407857531446	0.9206658936334867	0.6431395801290278	1	1
negative regulation of response to endoplasmic reticulum stress	GO:1903573		34	1	5.364363059130336	-1.679777647530575	0.1853522859633019	0.9965590123608755	1	1
regulation of ATP metabolic process	GO:1903578		39	5	6.15323997959068	-0.20754085660995972	0.7424615050091643	0.7586110047743441	1	1
negative regulation of ATP metabolic process	GO:1903579		11	0	1.7355292250127559	-Inf	0	1	1	1
positive regulation of ATP metabolic process	GO:1903580		19	2	2.9977322977493053	-0.40470892152090865	0.625564683896595	0.825558070733152	1	1
regulation of blood vessel endothelial cell proliferation involved in sprouting angiogenesis	GO:1903587		15	1	2.366630761381031	-0.8614673240166237	0.410882473242539	0.9239788612153117	1	1
negative regulation of blood vessel endothelial cell proliferation involved in sprouting angiogenesis	GO:1903588		7	0	1.104427688644481	-Inf	0	1	1	1
positive regulation of blood vessel endothelial cell proliferation involved in sprouting angiogenesis	GO:1903589		8	1	1.2622030727365496	-0.23285866459424956	0.7266172585054973	0.7468987684659543	1	1
regulation of histamine secretion by mast cell	GO:1903593		7	0	1.104427688644481	-Inf	0	1	1	1
positive regulation of autophagy of mitochondrion	GO:1903599		17	4	2.682181529565168	0.3996638941492609	1.1899406324579982	0.2750500067379058	1	1
cytochrome metabolic process	GO:1903604		6	0	0.9466523045524122	-Inf	0	1	1	1
protein localization to cytoplasmic stress granule	GO:1903608		8	0	1.2622030727365496	-Inf	0	1	1	1
regulation of chaperone-mediated protein folding	GO:1903644		5	1	0.7888769204603435	0.23714496465148602	1.0585560331525345	0.5762657973197276	1	1
regulation of complement-dependent cytotoxicity	GO:1903659		10	2	1.577753840920687	0.23714496465148602	1.0585560331525345	0.4840271591401576	1	1
regulation of sprouting angiogenesis	GO:1903670		33	4	5.206587675038268	-0.2636303232610033	0.7076892208932586	0.7871704335805744	1	1
negative regulation of sprouting angiogenesis	GO:1903671		10	2	1.577753840920687	0.23714496465148602	1.0585560331525345	0.4840271591401576	1	1
positive regulation of sprouting angiogenesis	GO:1903672		18	1	2.839956913657237	-1.0437888808105784	0.34522000318667345	0.9546061989867662	1	1
regulation of wound healing, spreading of epidermal cells	GO:1903689		9	1	1.4199784568286185	-0.350641700250633	0.6561334090262664	0.7868500319994607	1	1
positive regulation of wound healing, spreading of epidermal cells	GO:1903691		5	1	0.7888769204603435	0.23714496465148602	1.0585560331525345	0.5762657973197276	1	1
regulation of hemopoiesis	GO:1903706		162	17	25.559612222915135	-0.40780011409058176	0.6238509358063432	0.9780657565617062	1	1
negative regulation of hemopoiesis	GO:1903707		47	3	7.4154430523272294	-0.9049524359563625	0.3942668823511684	0.9830462827531645	1	1
positive regulation of hemopoiesis	GO:1903708		70	10	11.04427688644481	-0.09932727196972704	0.8129096848478662	0.6838353210174343	1	1
regulation of aerobic respiration	GO:1903715		18	1	2.839956913657237	-1.0437888808105784	0.34522000318667345	0.9460927581740545	1	1
regulation of centriole elongation	GO:1903722		9	2	1.4199784568286185	0.34250548030931227	1.142896492055841	0.4272886601979041	1	1
positive regulation of centriole elongation	GO:1903724		7	1	1.104427688644481	-0.09932727196972693	0.8129096848478663	0.6994625284929428	1	1
regulation of phospholipid metabolic process	GO:1903725		22	2	3.4710584500255117	-0.5513123957127841	0.5483037732141072	0.8661310563927106	1	1
positive regulation of phospholipid metabolic process	GO:1903727		11	1	1.7355292250127559	-0.5513123957127841	0.5483037732141072	0.8488342349162374	1	1
regulation of plasma membrane organization	GO:1903729		10	0	1.577753840920687	-Inf	0	1	1	1
regulation of establishment of protein localization to mitochondrion	GO:1903747		18	4	2.839956913657237	0.34250548030931227	1.142896492055841	0.31314145199972365	1	1
negative regulation of establishment of protein localization to mitochondrion	GO:1903748		5	2	0.7888769204603435	0.9302921452114313	1.660243592711515	0.17926462372048302	1	1
positive regulation of establishment of protein localization to mitochondrion	GO:1903749		7	0	1.104427688644481	-Inf	0	1	1	1
negative regulation of p38MAPK cascade	GO:1903753		7	0	1.104427688644481	-Inf	0	1	1	1
regulation of potassium ion export across plasma membrane	GO:1903764		8	0	1.2622030727365496	-Inf	0	1	1	1
negative regulation of potassium ion export across plasma membrane	GO:1903765		6	0	0.9466523045524122	-Inf	0	1	1	1
regulation of cardiac conduction	GO:1903779		19	1	2.9977322977493053	-1.097856102080854	0.32768935881794536	0.9546061989867662	1	1
guanine nucleotide transmembrane transport	GO:1903790		7	1	1.104427688644481	-0.09932727196972693	0.8129096848478663	0.6994625284929428	1	1
regulation of miRNA processing	GO:1903798		11	0	1.7355292250127559	-Inf	0	1	1	1
negative regulation of miRNA processing	GO:1903799		6	0	0.9466523045524122	-Inf	0	1	1	1
positive regulation of miRNA processing	GO:1903800		5	0	0.7888769204603435	-Inf	0	1	1	1
negative regulation of voltage-gated potassium channel activity	GO:1903817		7	1	1.104427688644481	-0.09932727196972693	0.8129096848478663	0.6994625284929428	1	1
organic acid transmembrane transport	GO:1903825		77	10	12.14870457508929	-0.1946374517740517	0.7506303734841934	0.7935764503554861	1	1
L-arginine transmembrane transport	GO:1903826		10	1	1.577753840920687	-0.4560022159084593	0.5976018042874566	0.8204970178727164	1	1
negative regulation of protein localization	GO:1903828		126	8	19.879698395600656	-0.9102574881860556	0.39228184408392197	0.9995249550380074	1	1
magnesium ion transmembrane transport	GO:1903830		5	0	0.7888769204603435	-Inf	0	1	1	1
regulation of cellular response to transforming growth factor beta stimulus	GO:1903844		79	6	12.464255343273429	-0.7311055061533802	0.46449276139529455	0.9890738427544729	1	1
positive regulation of cellular response to transforming growth factor beta stimulus	GO:1903846		21	1	3.313283065933443	-1.1979395606378367	0.29741149256349064	0.9728970148697752	1	1
regulation of cristae formation	GO:1903850		5	1	0.7888769204603435	0.23714496465148602	1.0585560331525345	0.5762657973197276	1	1
regulation of dendrite extension	GO:1903859		16	1	2.5244061454730993	-0.9260058451541948	0.3864422976582265	0.9359833340499569	1	1
positive regulation of dendrite extension	GO:1903861		15	1	2.366630761381031	-0.8614673240166237	0.410882473242539	0.9239788612153117	1	1
regulation of IRE1-mediated unfolded protein response	GO:1903894		15	0	2.366630761381031	-Inf	0	1	1	1
positive regulation of IRE1-mediated unfolded protein response	GO:1903896		8	0	1.2622030727365496	-Inf	0	1	1	1
regulation of PERK-mediated unfolded protein response	GO:1903897		8	0	1.2622030727365496	-Inf	0	1	1	1
negative regulation of PERK-mediated unfolded protein response	GO:1903898		6	0	0.9466523045524122	-Inf	0	1	1	1
regulation of viral life cycle	GO:1903900		101	9	15.935313793298938	-0.5713130624194536	0.5383933219802879	0.9797209898399069	1	1
negative regulation of viral life cycle	GO:1903901		6	0	0.9466523045524122	-Inf	0	1	1	1
positive regulation of viral life cycle	GO:1903902		24	4	3.786609218209649	0.054823407857531446	0.9206658936334867	0.5377938690207902	1	1
regulation of TORC2 signaling	GO:1903939		10	0	1.577753840920687	-Inf	0	1	1	1
arachidonate transport	GO:1903963		8	1	1.2622030727365496	-0.23285866459424956	0.7266172585054973	0.6994625284929428	1	1
regulation of glial cell migration	GO:1903975		10	3	1.577753840920687	0.6426100727596504	1.3986675832653837	0.20033466442889086	1	1
positive regulation of glial cell migration	GO:1903977		8	3	1.2622030727365496	0.8657536240738603	1.600476592140702	0.11858101373656212	1	1
regulation of microglial cell activation	GO:1903978		5	1	0.7888769204603435	0.23714496465148602	1.0585560331525345	0.5762657973197276	1	1
positive regulation of vasculature development	GO:1904018		109	9	17.19751686603549	-0.6475404278073378	0.5019820719906118	0.9931337064470258	1	1
epithelial cell apoptotic process	GO:1904019		5	1	0.7888769204603435	0.23714496465148602	1.0585560331525345	0.5762657973197276	1	1
regulation of G protein-coupled receptor internalization	GO:1904020		6	0	0.9466523045524122	-Inf	0	1	1	1
negative regulation of cyclin-dependent protein kinase activity	GO:1904030		11	1	1.7355292250127559	-0.5513123957127841	0.5483037732141072	0.8488342349162374	1	1
regulation of epithelial cell apoptotic process	GO:1904035		17	0	2.682181529565168	-Inf	0	1	1	1
negative regulation of epithelial cell apoptotic process	GO:1904036		7	0	1.104427688644481	-Inf	0	1	1	1
positive regulation of epithelial cell apoptotic process	GO:1904037		7	0	1.104427688644481	-Inf	0	1	1	1
regulation of monoatomic cation transmembrane transport	GO:1904062		161	7	25.401836838823062	-1.2889113388435631	0.2721969180173993	0.9999972121283771	1	1
negative regulation of cation transmembrane transport	GO:1904063		46	2	7.25766766823516	-1.2889113388435631	0.2721969180173993	0.9958757750772482	1	1
positive regulation of cation transmembrane transport	GO:1904064		69	2	10.88650150235274	-1.6943764469517275	0.18269572310069862	0.99978454736226	1	1
regulation of microglial cell migration	GO:1904139		7	2	1.104427688644481	0.5938199085902184	1.355718486679157	0.3052018899455362	1	1
positive regulation of microglial cell migration	GO:1904141		6	2	0.9466523045524122	0.7479705884174768	1.4929330427012544	0.24189688327322753	1	1
regulation of retrograde protein transport, ER to cytosol	GO:1904152		13	0	2.0510799931968933	-Inf	0	1	1	1
negative regulation of retrograde protein transport, ER to cytosol	GO:1904153		9	0	1.4199784568286185	-Inf	0	1	1	1
positive regulation of membrane depolarization	GO:1904181		6	0	0.9466523045524122	-Inf	0	1	1	1
regulation of bile acid metabolic process	GO:1904251		9	0	1.4199784568286185	-Inf	0	1	1	1
negative regulation of TORC1 signaling	GO:1904262		42	3	6.626566131866886	-0.7924744525296722	0.4385317160500693	0.9712962240175609	1	1
positive regulation of TORC1 signaling	GO:1904263		50	3	7.8887692046034354	-0.96682783967445	0.37167109112877733	0.9901069367816498	1	1
regulation of ERAD pathway	GO:1904292		21	1	3.313283065933443	-1.1979395606378367	0.29741149256349064	0.9728970148697752	1	1
negative regulation of ERAD pathway	GO:1904293		6	0	0.9466523045524122	-Inf	0	1	1	1
positive regulation of ERAD pathway	GO:1904294		15	1	2.366630761381031	-0.8614673240166237	0.410882473242539	0.9239788612153117	1	1
response to forskolin	GO:1904321		6	1	0.9466523045524122	0.054823407857531446	0.9206658936334867	0.6431395801290278	1	1
cellular response to forskolin	GO:1904322		6	1	0.9466523045524122	0.054823407857531446	0.9206658936334867	0.6431395801290278	1	1
regulation of protein catabolic process in the vacuole	GO:1904350		9	0	1.4199784568286185	-Inf	0	1	1	1
positive regulation of protein catabolic process in the vacuole	GO:1904352		5	0	0.7888769204603435	-Inf	0	1	1	1
regulation of telomere capping	GO:1904353		12	2	1.8933046091048245	0.054823407857531446	0.9206658936334867	0.586317921862617	1	1
negative regulation of telomere capping	GO:1904354		7	2	1.104427688644481	0.5938199085902184	1.355718486679157	0.3052018899455362	1	1
regulation of telomere maintenance via telomere lengthening	GO:1904356		48	2	7.573218436419298	-1.3314709532623592	0.26111132566716627	0.996458933819252	1	1
negative regulation of telomere maintenance via telomere lengthening	GO:1904357		28	1	4.417710754577924	-1.4856216330896175	0.22447173104470095	0.9885283576275847	1	1
positive regulation of telomere maintenance via telomere lengthening	GO:1904358		22	1	3.4710584500255117	-1.2444595762727295	0.28425313097344823	0.9771782958107115	1	1
regulation of protein localization to cell periphery	GO:1904375		87	8	13.726458416009978	-0.5398836998891614	0.5540340262073715	0.971209938560847	1	1
negative regulation of protein localization to cell periphery	GO:1904376		23	4	3.62883383411758	0.09738302227632739	0.9518814280071203	0.46580653143968764	1	1
positive regulation of protein localization to cell periphery	GO:1904377		46	2	7.25766766823516	-1.2889113388435631	0.2721969180173993	0.996458933819252	1	1
endoplasmic reticulum mannose trimming	GO:1904380		12	1	1.8933046091048245	-0.6383237727024138	0.506271076694502	0.8726993542847484	1	1
cellular response to angiotensin	GO:1904385		13	0	2.0510799931968933	-Inf	0	1	1	1
negative regulation of nitric oxide metabolic process	GO:1904406		6	0	0.9466523045524122	-Inf	0	1	1	1
positive regulation of nitric oxide metabolic process	GO:1904407		20	4	3.155507681841374	0.23714496465148602	1.0585560331525345	0.35164232463414163	1	1
positive regulation of calcium ion transmembrane transport	GO:1904427		36	0	5.679913827314474	-Inf	0	1	1	1
positive regulation of TORC2 signaling	GO:1904515		6	0	0.9466523045524122	-Inf	0	1	1	1
L-alanine transmembrane transport	GO:1904557		5	0	0.7888769204603435	-Inf	0	1	1	1
regulation of termination of RNA polymerase II transcription	GO:1904594		6	1	0.9466523045524122	0.054823407857531446	0.9206658936334867	0.6431395801290278	1	1
response to amyloid-beta	GO:1904645		35	5	5.522138443222405	-0.09932727196972704	0.8129096848478662	0.6665318748965474	1	1
cellular response to amyloid-beta	GO:1904646		28	5	4.417710754577924	0.12381627934448283	0.9715749296796196	0.4589758063720958	1	1
D-glucose transmembrane transport	GO:1904659		19	2	2.9977322977493053	-0.40470892152090865	0.625564683896595	0.8013642643579545	1	1
regulation of ubiquitin protein ligase activity	GO:1904666		17	0	2.682181529565168	-Inf	0	1	1	1
negative regulation of ubiquitin protein ligase activity	GO:1904667		9	0	1.4199784568286185	-Inf	0	1	1	1
positive regulation of ubiquitin protein ligase activity	GO:1904668		8	0	1.2622030727365496	-Inf	0	1	1	1
ATP export	GO:1904669		6	1	0.9466523045524122	0.054823407857531446	0.9206658936334867	0.6431395801290278	1	1
regulation of cytoplasmic translational initiation	GO:1904688		9	1	1.4199784568286185	-0.350641700250633	0.6561334090262664	0.7868500319994607	1	1
positive regulation of cytoplasmic translational initiation	GO:1904690		7	0	1.104427688644481	-Inf	0	1	1	1
regulation of vascular associated smooth muscle cell proliferation	GO:1904705		38	3	5.9954645954986105	-0.6923909939726897	0.4815501042824095	0.952085274735551	1	1
negative regulation of vascular associated smooth muscle cell proliferation	GO:1904706		16	2	2.5244061454730993	-0.23285866459424956	0.7266172585054973	0.7439117686956334	1	1
positive regulation of vascular associated smooth muscle cell proliferation	GO:1904707		22	1	3.4710584500255117	-1.2444595762727295	0.28425313097344823	0.9771782958107115	1	1
regulation of chaperone-mediated autophagy	GO:1904714		6	0	0.9466523045524122	-Inf	0	1	1	1
regulation of protein localization to nucleolus	GO:1904749		7	1	1.104427688644481	-0.09932727196972693	0.8129096848478663	0.6994625284929428	1	1
regulation of vascular associated smooth muscle cell migration	GO:1904752		13	1	2.0510799931968933	-0.7183664803759503	0.47004679746433364	0.8927979358372273	1	1
negative regulation of vascular associated smooth muscle cell migration	GO:1904753		5	1	0.7888769204603435	0.23714496465148602	1.0585560331525345	0.5762657973197276	1	1
positive regulation of vascular associated smooth muscle cell migration	GO:1904754		8	0	1.2622030727365496	-Inf	0	1	1	1
regulation of protein localization to cell cortex	GO:1904776		8	0	1.2622030727365496	-Inf	0	1	1	1
positive regulation of protein localization to cell cortex	GO:1904778		5	0	0.7888769204603435	-Inf	0	1	1	1
regulation of protein localization to centrosome	GO:1904779		12	2	1.8933046091048245	0.054823407857531446	0.9206658936334867	0.586317921862617	1	1
positive regulation of protein localization to centrosome	GO:1904781		7	2	1.104427688644481	0.5938199085902184	1.355718486679157	0.3052018899455362	1	1
regulation of protein localization to chromosome, telomeric region	GO:1904814		10	0	1.577753840920687	-Inf	0	1	1	1
positive regulation of protein localization to chromosome, telomeric region	GO:1904816		6	0	0.9466523045524122	-Inf	0	1	1	1
regulation of cell chemotaxis to fibroblast growth factor	GO:1904847		6	0	0.9466523045524122	-Inf	0	1	1	1
excitatory synapse assembly	GO:1904861		6	0	0.9466523045524122	-Inf	0	1	1	1
inhibitory synapse assembly	GO:1904862		7	0	1.104427688644481	-Inf	0	1	1	1
regulation of telomerase RNA localization to Cajal body	GO:1904872		7	0	1.104427688644481	-Inf	0	1	1	1
cranial skeletal system development	GO:1904888		16	0	2.5244061454730993	-Inf	0	1	1	1
regulation of receptor signaling pathway via STAT	GO:1904892		51	2	8.046544588695504	-1.392095575078794	0.24606329546962566	0.998082801060404	1	1
negative regulation of receptor signaling pathway via STAT	GO:1904893		18	2	2.839956913657237	-0.350641700250633	0.6561334090262664	0.7742325480643975	1	1
positive regulation of receptor signaling pathway via STAT	GO:1904894		31	1	4.89103690685413	-1.5874043273995597	0.20305732447723684	0.9951457918178022	1	1
regulation of endothelial cell-matrix adhesion via fibronectin	GO:1904904		8	0	1.2622030727365496	-Inf	0	1	1	1
positive regulation of endothelial cell-matrix adhesion via fibronectin	GO:1904906		7	0	1.104427688644481	-Inf	0	1	1	1
midbrain dopaminergic neuron differentiation	GO:1904948		9	0	1.4199784568286185	-Inf	0	1	1	1
negative regulation of establishment of protein localization	GO:1904950		71	4	11.202052270536878	-1.0298026388358383	0.3498942396189617	0.9976132210259808	1	1
positive regulation of establishment of protein localization	GO:1904951		155	17	24.455184534270654	-0.36362889577744423	0.6486880419824356	0.9634085581401902	1	1
brush border assembly	GO:1904970		6	2	0.9466523045524122	0.7479705884174768	1.4929330427012544	0.24189688327322753	1	1
regulation of endosome organization	GO:1904978		5	2	0.7888769204603435	0.9302921452114313	1.660243592711515	0.17926462372048302	1	1
regulation of leukocyte adhesion to vascular endothelial cell	GO:1904994		16	1	2.5244061454730993	-0.9260058451541948	0.3864422976582265	0.9359833340499569	1	1
negative regulation of leukocyte adhesion to vascular endothelial cell	GO:1904995		5	1	0.7888769204603435	0.23714496465148602	1.0585560331525345	0.5762657973197276	1	1
positive regulation of leukocyte adhesion to vascular endothelial cell	GO:1904996		10	0	1.577753840920687	-Inf	0	1	1	1
autophagosome organization	GO:1905037		56	5	8.835421509155848	-0.5693309012154625	0.5393688235704328	0.9535678459387644	1	1
regulation of membrane lipid metabolic process	GO:1905038		10	2	1.577753840920687	0.23714496465148602	1.0585560331525345	0.4840271591401576	1	1
carboxylic acid transmembrane transport	GO:1905039		74	10	11.675378422813086	-0.15489712312453788	0.7761845980619783	0.7504042240826553	1	1
regulation of metallopeptidase activity	GO:1905048		5	2	0.7888769204603435	0.9302921452114313	1.660243592711515	0.17926462372048302	1	1
regulation of vascular associated smooth muscle cell differentiation	GO:1905063		10	5	1.577753840920687	1.1534356965256412	1.8705947332904256	0.01223384476819754	1	1
negative regulation of vascular associated smooth muscle cell differentiation	GO:1905064		6	5	0.9466523045524122	1.6642613202916319	2.366251887765647	5.08056399447576e-4	1	1
regulation of type 2 mitophagy	GO:1905089		8	3	1.2622030727365496	0.8657536240738603	1.600476592140702	0.11858101373656212	1	1
positive regulation of type 2 mitophagy	GO:1905091		7	2	1.104427688644481	0.5938199085902184	1.355718486679157	0.3052018899455362	1	1
regulation of guanyl-nucleotide exchange factor activity	GO:1905097		7	0	1.104427688644481	-Inf	0	1	1	1
negative regulation of guanyl-nucleotide exchange factor activity	GO:1905098		5	0	0.7888769204603435	-Inf	0	1	1	1
response to acetylcholine	GO:1905144		13	0	2.0510799931968933	-Inf	0	1	1	1
cellular response to acetylcholine	GO:1905145		13	0	2.0510799931968933	-Inf	0	1	1	1
lysosomal protein catabolic process	GO:1905146		5	1	0.7888769204603435	0.23714496465148602	1.0585560331525345	0.5762657973197276	1	1
regulation of lysosomal protein catabolic process	GO:1905165		7	0	1.104427688644481	-Inf	0	1	1	1
positive regulation of double-strand break repair via homologous recombination	GO:1905168		39	2	6.15323997959068	-1.1238315884841148	0.3195650808598268	0.988157455771919	1	1
regulation of cardiocyte differentiation	GO:1905207		15	1	2.366630761381031	-0.8614673240166237	0.410882473242539	0.9097242574396893	1	1
negative regulation of cardiocyte differentiation	GO:1905208		7	0	1.104427688644481	-Inf	0	1	1	1
positive regulation of cardiocyte differentiation	GO:1905209		8	1	1.2622030727365496	-0.23285866459424956	0.7266172585054973	0.7468987684659543	1	1
negative regulation of chromatin organization	GO:1905268		7	0	1.104427688644481	-Inf	0	1	1	1
regulation of epithelial tube formation	GO:1905276		6	0	0.9466523045524122	-Inf	0	1	1	1
positive regulation of epithelial tube formation	GO:1905278		6	0	0.9466523045524122	-Inf	0	1	1	1
regulation of retrograde transport, endosome to Golgi	GO:1905279		5	2	0.7888769204603435	0.9302921452114313	1.660243592711515	0.17926462372048302	1	1
semi-lunar valve development	GO:1905314		23	0	3.62883383411758	-Inf	0	1	1	1
telomerase holoenzyme complex assembly	GO:1905323		5	0	0.7888769204603435	-Inf	0	1	1	1
regulation of morphogenesis of an epithelium	GO:1905330		21	0	3.313283065933443	-Inf	0	1	1	1
positive regulation of morphogenesis of an epithelium	GO:1905332		13	0	2.0510799931968933	-Inf	0	1	1	1
regulation of aggrephagy	GO:1905335		8	0	1.2622030727365496	-Inf	0	1	1	1
positive regulation of aggrephagy	GO:1905337		6	0	0.9466523045524122	-Inf	0	1	1	1
regulation of vascular associated smooth muscle cell apoptotic process	GO:1905459		7	2	1.104427688644481	0.5938199085902184	1.355718486679157	0.3052018899455362	1	1
positive regulation of vascular associated smooth muscle cell apoptotic process	GO:1905461		5	1	0.7888769204603435	0.23714496465148602	1.0585560331525345	0.5762657973197276	1	1
regulation of protein localization to membrane	GO:1905475		98	10	15.461987641022734	-0.43579950859093985	0.6084951492391398	0.9501401382005166	1	1
negative regulation of protein localization to membrane	GO:1905476		26	4	4.1021599863937865	-0.02521929981600501	0.8636537464594634	0.5718868709164358	1	1
positive regulation of protein localization to membrane	GO:1905477		56	4	8.835421509155848	-0.7924744525296722	0.4385317160500693	0.9814576218639903	1	1
protein localization to microtubule organizing center	GO:1905508		21	7	3.313283065933443	0.7479705884174768	1.4929330427012544	0.03675527672624799	1	1
non-motile cilium assembly	GO:1905515		15	5	2.366630761381031	0.7479705884174765	1.4929330427012542	0.07393347774313976	1	1
macrophage migration	GO:1905517		8	0	1.2622030727365496	-Inf	0	1	1	1
regulation of macrophage migration	GO:1905521		20	5	3.155507681841374	0.46028851596569575	1.240756211609746	0.19760660436483687	1	1
positive regulation of macrophage migration	GO:1905523		16	4	2.5244061454730993	0.46028851596569575	1.240756211609746	0.23780739969536002	1	1
regulation of blood vessel branching	GO:1905553		6	0	0.9466523045524122	-Inf	0	1	1	1
positive regulation of blood vessel branching	GO:1905555		5	0	0.7888769204603435	-Inf	0	1	1	1
regulation of vascular endothelial cell proliferation	GO:1905562		17	2	2.682181529565168	-0.2934832864106844	0.6896729147432905	0.7742325480643975	1	1
negative regulation of vascular endothelial cell proliferation	GO:1905563		5	1	0.7888769204603435	0.23714496465148602	1.0585560331525345	0.5762657973197276	1	1
positive regulation of vascular endothelial cell proliferation	GO:1905564		11	1	1.7355292250127559	-0.5513123957127841	0.5483037732141072	0.8488342349162374	1	1
regulation of blood-brain barrier permeability	GO:1905603		6	0	0.9466523045524122	-Inf	0	1	1	1
regulation of presynapse assembly	GO:1905606		13	0	2.0510799931968933	-Inf	0	1	1	1
regulation of protein localization to chromatin	GO:1905634		8	2	1.2622030727365496	0.46028851596569575	1.240756211609746	0.3674088486818622	1	1
regulation of protein localization to endosome	GO:1905666		9	1	1.4199784568286185	-0.350641700250633	0.6561334090262664	0.7868500319994607	1	1
positive regulation of protein localization to endosome	GO:1905668		8	1	1.2622030727365496	-0.23285866459424956	0.7266172585054973	0.7468987684659543	1	1
regulation of lysosome organization	GO:1905671		10	1	1.577753840920687	-0.4560022159084593	0.5976018042874566	0.8204970178727164	1	1
lipid droplet disassembly	GO:1905691		7	0	1.104427688644481	-Inf	0	1	1	1
negative regulation of membrane permeability	GO:1905709		11	2	1.7355292250127559	0.14183478484716117	0.9851310298618374	0.5371248474375075	1	1
positive regulation of membrane permeability	GO:1905710		19	2	2.9977322977493053	-0.40470892152090865	0.625564683896595	0.825558070733152	1	1
protein localization to perinuclear region of cytoplasm	GO:1905719		9	0	1.4199784568286185	-Inf	0	1	1	1
regulation of chromosome separation	GO:1905818		47	2	7.4154430523272294	-1.310417544064527	0.26654018947634345	0.996458933819252	1	1
negative regulation of chromosome separation	GO:1905819		23	1	3.62883383411758	-1.2889113388435631	0.2721969180173993	0.9807834954904975	1	1
positive regulation of chromosome separation	GO:1905820		13	1	2.0510799931968933	-0.7183664803759503	0.47004679746433364	0.8927979358372273	1	1
positive regulation of chromosome condensation	GO:1905821		5	1	0.7888769204603435	0.23714496465148602	1.0585560331525345	0.5762657973197276	1	1
regulation of 3'-UTR-mediated mRNA stabilization	GO:1905868		8	0	1.2622030727365496	-Inf	0	1	1	1
positive regulation of 3'-UTR-mediated mRNA stabilization	GO:1905870		6	0	0.9466523045524122	-Inf	0	1	1	1
regulation of response to endoplasmic reticulum stress	GO:1905897		67	3	10.570950734168603	-1.2594974536372698	0.2801188834214801	0.9989545822722106	1	1
positive regulation of response to endoplasmic reticulum stress	GO:1905898		31	2	4.89103690685413	-0.8942571468396145	0.3982964377488585	0.9668989887351941	1	1
regulation of amyloid fibril formation	GO:1905906		14	1	2.208855377288962	-0.7924744525296722	0.4385317160500693	0.9097242574396893	1	1
negative regulation of amyloid fibril formation	GO:1905907		10	1	1.577753840920687	-0.4560022159084593	0.5976018042874566	0.8204970178727164	1	1
positive regulation of amyloid fibril formation	GO:1905908		5	0	0.7888769204603435	-Inf	0	1	1	1
regulation of gonad development	GO:1905939		6	0	0.9466523045524122	-Inf	0	1	1	1
regulation of lipid localization	GO:1905952		89	4	14.042009184194114	-1.2557591315266627	0.2811412690438437	0.9997317404182646	1	1
negative regulation of lipid localization	GO:1905953		29	0	4.5754861386699925	-Inf	0	1	1	1
positive regulation of lipid localization	GO:1905954		54	3	8.51987074097171	-1.0437888808105782	0.3452200031866735	0.9934406867237144	1	1
amyloid fibril formation	GO:1990000		26	1	4.1021599863937865	-1.4115136609358956	0.2414219726866582	0.9863757326715852	1	1
response to nerve growth factor	GO:1990089		6	0	0.9466523045524122	-Inf	0	1	1	1
cellular response to nerve growth factor stimulus	GO:1990090		6	0	0.9466523045524122	-Inf	0	1	1	1
ribosome-associated ubiquitin-dependent protein catabolic process	GO:1990116		7	0	1.104427688644481	-Inf	0	1	1	1
neuron projection extension	GO:1990138		15	0	2.366630761381031	-Inf	0	1	1	1
protein localization to site of double-strand break	GO:1990166		15	3	2.366630761381031	0.23714496465148582	1.0585560331525345	0.42962943276280896	1	1
cellular response to leucine starvation	GO:1990253		10	0	1.577753840920687	-Inf	0	1	1	1
neutrophil migration	GO:1990266		31	3	4.89103690685413	-0.4887920387314503	0.5802530490677252	0.8734512578399616	1	1
gap junction-mediated intercellular transport	GO:1990349		5	0	0.7888769204603435	-Inf	0	1	1	1
lipid transport across blood-brain barrier	GO:1990379		5	0	0.7888769204603435	-Inf	0	1	1	1
calcitonin gene-related peptide receptor signaling pathway	GO:1990408		5	0	0.7888769204603435	-Inf	0	1	1	1
adrenomedullin receptor signaling pathway	GO:1990410		5	0	0.7888769204603435	-Inf	0	1	1	1
mitochondrion-endoplasmic reticulum membrane tethering	GO:1990456		7	0	1.104427688644481	-Inf	0	1	1	1
mRNA pseudouridine synthesis	GO:1990481		8	1	1.2622030727365496	-0.23285866459424956	0.7266172585054973	0.7468987684659543	1	1
neuron projection maintenance	GO:1990535		5	0	0.7888769204603435	-Inf	0	1	1	1
mitochondrial transmembrane transport	GO:1990542		64	4	10.097624581892397	-0.9260058451541948	0.3864422976582265	0.9940285491259615	1	1
protein polyufmylation	GO:1990564		5	0	0.7888769204603435	-Inf	0	1	1	1
potassium ion import across plasma membrane	GO:1990573		16	0	2.5244061454730993	-Inf	0	1	1	1
protein K69-linked ufmylation	GO:1990592		5	0	0.7888769204603435	-Inf	0	1	1	1
nucleolar chromatin organization	GO:1990700		5	1	0.7888769204603435	0.23714496465148602	1.0585560331525345	0.5762657973197276	1	1
cellular detoxification	GO:1990748		39	5	6.15323997959068	-0.20754085660995972	0.7424615050091643	0.7586110047743441	1	1
response to angiotensin	GO:1990776		14	1	2.208855377288962	-0.7924744525296722	0.4385317160500693	0.9097242574396893	1	1
protein localization to cell periphery	GO:1990778		111	8	17.513067634219627	-0.7835057825469118	0.44224442040111933	0.9976300513237446	1	1
ligand-gated ion channel signaling pathway	GO:1990806		11	1	1.7355292250127559	-0.5513123957127841	0.5483037732141072	0.8204970178727164	1	1
endoplasmic reticulum tubular network membrane organization	GO:1990809		5	0	0.7888769204603435	-Inf	0	1	1	1
basic amino acid transmembrane transport	GO:1990822		10	1	1.577753840920687	-0.4560022159084593	0.5976018042874566	0.8204970178727164	1	1
response to lectin	GO:1990840		16	1	2.5244061454730993	-0.9260058451541948	0.3864422976582265	0.9359833340499569	1	1
vacuolar localization	GO:1990849		35	1	5.522138443222405	-1.7087651844038274	0.18011384023992916	0.9965590123608755	1	1
cellular response to lectin	GO:1990858		16	1	2.5244061454730993	-0.9260058451541948	0.3864422976582265	0.9359833340499569	1	1
response to chemokine	GO:1990868		35	4	5.522138443222405	-0.32247082328393684	0.6725064828415734	0.8067601788730798	1	1
cellular response to chemokine	GO:1990869		35	4	5.522138443222405	-0.32247082328393684	0.6725064828415734	0.8067601788730798	1	1
response to amino acid starvation	GO:1990928		46	2	7.25766766823516	-1.2889113388435631	0.2721969180173993	0.996458933819252	1	1
xenobiotic detoxification by transmembrane export across the plasma membrane	GO:1990961		9	3	1.4199784568286185	0.7479705884174768	1.4929330427012544	0.1578295083757136	1	1
regulation of DNA damage checkpoint	GO:2000001		9	1	1.4199784568286185	-0.350641700250633	0.6561334090262664	0.7868500319994607	1	1
regulation of protein localization to cell surface	GO:2000008		26	2	4.1021599863937865	-0.7183664803759503	0.47004679746433364	0.9325601087715927	1	1
negative regulation of protein localization to cell surface	GO:2000009		8	0	1.2622030727365496	-Inf	0	1	1	1
positive regulation of protein localization to cell surface	GO:2000010		11	1	1.7355292250127559	-0.5513123957127841	0.5483037732141072	0.8488342349162374	1	1
regulation of male gonad development	GO:2000018		5	0	0.7888769204603435	-Inf	0	1	1	1
regulation of animal organ morphogenesis	GO:2000027		10	0	1.577753840920687	-Inf	0	1	1	1
regulation of stem cell population maintenance	GO:2000036		8	0	1.2622030727365496	-Inf	0	1	1	1
negative regulation of double-strand break repair via homologous recombination	GO:2000042		23	1	3.62883383411758	-1.2889113388435631	0.2721969180173993	0.9771782958107115	1	1
regulation of G1/S transition of mitotic cell cycle	GO:2000045		90	7	14.199784568286185	-0.7073166441893655	0.4749108954441287	0.9902185273288169	1	1
regulation of cell-cell adhesion mediated by cadherin	GO:2000047		20	0	3.155507681841374	-Inf	0	1	1	1
negative regulation of cell-cell adhesion mediated by cadherin	GO:2000048		10	0	1.577753840920687	-Inf	0	1	1	1
positive regulation of cell-cell adhesion mediated by cadherin	GO:2000049		10	0	1.577753840920687	-Inf	0	1	1	1
regulation of non-canonical Wnt signaling pathway	GO:2000050		12	2	1.8933046091048245	0.054823407857531446	0.9206658936334867	0.4840271591401576	1	1
positive regulation of non-canonical Wnt signaling pathway	GO:2000052		7	2	1.104427688644481	0.5938199085902184	1.355718486679157	0.24189688327322753	1	1
regulation of ubiquitin-dependent protein catabolic process	GO:2000058		116	11	18.30194455467997	-0.5091120412224077	0.5697070851644969	0.9788974465797018	1	1
negative regulation of ubiquitin-dependent protein catabolic process	GO:2000059		41	5	6.468790747774817	-0.25755127718462106	0.711399809532372	0.7968413432817284	1	1
positive regulation of ubiquitin-dependent protein catabolic process	GO:2000060		66	7	10.413175350076536	-0.3971617158855259	0.6297642517614171	0.9054065184976613	1	1
regulation of cortisol biosynthetic process	GO:2000064		7	0	1.104427688644481	-Inf	0	1	1	1
regulation of Wnt signaling pathway, planar cell polarity pathway	GO:2000095		6	2	0.9466523045524122	0.7479705884174768	1.4929330427012544	0.11977726009276589	1	1
positive regulation of Wnt signaling pathway, planar cell polarity pathway	GO:2000096		5	2	0.7888769204603435	0.9302921452114313	1.660243592711515	0.11977726009276589	1	1
negative regulation of DNA-templated DNA replication	GO:2000104		6	1	0.9466523045524122	0.054823407857531446	0.9206658936334867	0.6431395801290278	1	1
positive regulation of DNA-templated DNA replication	GO:2000105		8	0	1.2622030727365496	-Inf	0	1	1	1
regulation of leukocyte apoptotic process	GO:2000106		38	1	5.9954645954986105	-1.7910032826407993	0.1660289123218613	0.9982711513895923	1	1
negative regulation of leukocyte apoptotic process	GO:2000107		21	0	3.313283065933443	-Inf	0	1	1	1
positive regulation of leukocyte apoptotic process	GO:2000108		13	0	2.0510799931968933	-Inf	0	1	1	1
regulation of establishment of cell polarity	GO:2000114		13	1	2.0510799931968933	-0.7183664803759503	0.47004679746433364	0.8927979358372273	1	1
negative regulation of G1/S transition of mitotic cell cycle	GO:2000134		42	4	6.626566131866886	-0.5047923800778914	0.571935864997809	0.9157294312685488	1	1
regulation of DNA-templated transcription initiation	GO:2000142		48	3	7.573218436419298	-0.9260058451541948	0.3864422976582265	0.9870309650879723	1	1
negative regulation of DNA-templated transcription initiation	GO:2000143		6	1	0.9466523045524122	0.054823407857531446	0.9206658936334867	0.6431395801290278	1	1
positive regulation of DNA-templated transcription initiation	GO:2000144		40	2	6.311015363682748	-1.1491493964684045	0.3118280657172801	0.9912179496251572	1	1
positive regulation of cilium-dependent cell motility	GO:2000155		8	0	1.2622030727365496	-Inf	0	1	1	1
regulation of neural precursor cell proliferation	GO:2000177		8	4	1.2622030727365496	1.1534356965256412	1.8705947332904256	0.025389954685605277	1	1
positive regulation of neural precursor cell proliferation	GO:2000179		5	3	0.7888769204603435	1.3357572533195956	2.0457595115611698	0.030546214651190465	1	1
negative regulation of blood vessel morphogenesis	GO:2000181		79	7	12.464255343273429	-0.5769548263261217	0.5356247977881993	0.9722629289217166	1	1
regulation of fatty acid transport	GO:2000191		12	0	1.8933046091048245	-Inf	0	1	1	1
negative regulation of fatty acid transport	GO:2000192		7	0	1.104427688644481	-Inf	0	1	1	1
regulation of ribonucleoprotein complex localization	GO:2000197		10	2	1.577753840920687	0.23714496465148602	1.0585560331525345	0.4840271591401576	1	1
regulation of anoikis	GO:2000209		22	2	3.4710584500255117	-0.5513123957127841	0.5483037732141072	0.8470652783357171	1	1
positive regulation of anoikis	GO:2000210		5	0	0.7888769204603435	-Inf	0	1	1	1
regulation of rRNA processing	GO:2000232		14	1	2.208855377288962	-0.7924744525296722	0.4385317160500693	0.9097242574396893	1	1
positive regulation of rRNA processing	GO:2000234		10	0	1.577753840920687	-Inf	0	1	1	1
regulation of reproductive process	GO:2000241		50	1	7.8887692046034354	-2.06544012834256	0.12642543277422455	0.9998156110816747	1	1
negative regulation of reproductive process	GO:2000242		16	0	2.5244061454730993	-Inf	0	1	1	1
positive regulation of reproductive process	GO:2000243		28	0	4.417710754577924	-Inf	0	1	1	1
regulation of fibroblast apoptotic process	GO:2000269		9	0	1.4199784568286185	-Inf	0	1	1	1
positive regulation of fibroblast apoptotic process	GO:2000271		7	0	1.104427688644481	-Inf	0	1	1	1
negative regulation of signaling receptor activity	GO:2000272		12	2	1.8933046091048245	0.054823407857531446	0.9206658936334867	0.586317921862617	1	1
regulation of DNA biosynthetic process	GO:2000278		72	2	11.359827654628948	-1.7369360613705236	0.17516192305379188	0.9999167682145822	1	1
negative regulation of DNA biosynthetic process	GO:2000279		27	0	4.259935370485855	-Inf	0	1	1	1
regulation of myoblast proliferation	GO:2000291		5	0	0.7888769204603435	-Inf	0	1	1	1
regulation of synaptic vesicle exocytosis	GO:2000300		6	2	0.9466523045524122	0.7479705884174768	1.4929330427012544	0.24189688327322753	1	1
regulation of ceramide biosynthetic process	GO:2000303		8	1	1.2622030727365496	-0.23285866459424956	0.7266172585054973	0.7468987684659543	1	1
regulation of AMPA receptor activity	GO:2000311		5	0	0.7888769204603435	-Inf	0	1	1	1
regulation of T-helper 17 type immune response	GO:2000316		9	0	1.4199784568286185	-Inf	0	1	1	1
negative regulation of T-helper 17 type immune response	GO:2000317		6	0	0.9466523045524122	-Inf	0	1	1	1
regulation of T-helper 17 cell differentiation	GO:2000319		8	0	1.2622030727365496	-Inf	0	1	1	1
negative regulation of T-helper 17 cell differentiation	GO:2000320		6	0	0.9466523045524122	-Inf	0	1	1	1
regulation of T-helper 17 cell lineage commitment	GO:2000328		7	0	1.104427688644481	-Inf	0	1	1	1
negative regulation of T-helper 17 cell lineage commitment	GO:2000329		5	0	0.7888769204603435	-Inf	0	1	1	1
regulation of chemokine (C-X-C motif) ligand 2 production	GO:2000341		11	3	1.7355292250127559	0.5472998929553256	1.3152208683526203	0.2450875618020846	1	1
positive regulation of chemokine (C-X-C motif) ligand 2 production	GO:2000343		6	2	0.9466523045524122	0.7479705884174768	1.4929330427012544	0.24189688327322753	1	1
positive regulation of acrosome reaction	GO:2000344		5	0	0.7888769204603435	-Inf	0	1	1	1
regulation of endothelial cell apoptotic process	GO:2000351		46	1	7.25766766823516	-1.9820585194035085	0.13735302354105494	0.9996328005432856	1	1
negative regulation of endothelial cell apoptotic process	GO:2000352		25	0	3.9443846023017177	-Inf	0	1	1	1
positive regulation of endothelial cell apoptotic process	GO:2000353		19	1	2.9977322977493053	-1.097856102080854	0.32768935881794536	0.9617755394453003	1	1
regulation of clathrin-dependent endocytosis	GO:2000369		11	1	1.7355292250127559	-0.5513123957127841	0.5483037732141072	0.8488342349162374	1	1
regulation of reactive oxygen species metabolic process	GO:2000377		80	11	12.622030727365496	-0.13754848478992462	0.7875264621380832	0.7044480090001568	1	1
negative regulation of reactive oxygen species metabolic process	GO:2000378		14	3	2.208855377288962	0.3061378361384375	1.1134256698778522	0.3840800995536907	1	1
positive regulation of reactive oxygen species metabolic process	GO:2000379		46	2	7.25766766823516	-1.2889113388435631	0.2721969180173993	0.9951985258503682	1	1
regulation of lamellipodium morphogenesis	GO:2000392		10	1	1.577753840920687	-0.4560022159084593	0.5976018042874566	0.7868500319994607	1	1
positive regulation of lamellipodium morphogenesis	GO:2000394		6	1	0.9466523045524122	0.054823407857531446	0.9206658936334867	0.6431395801290278	1	1
regulation of lymphocyte migration	GO:2000401		40	2	6.311015363682748	-1.1491493964684045	0.3118280657172801	0.9897992228181987	1	1
negative regulation of lymphocyte migration	GO:2000402		12	0	1.8933046091048245	-Inf	0	1	1	1
positive regulation of lymphocyte migration	GO:2000403		25	2	3.9443846023017177	-0.6791457672226691	0.4875085810917311	0.922466050944612	1	1
regulation of T cell migration	GO:2000404		26	2	4.1021599863937865	-0.7183664803759503	0.47004679746433364	0.922466050944612	1	1
positive regulation of T cell migration	GO:2000406		21	2	3.313283065933443	-0.5047923800778914	0.571935864997809	0.8661310563927106	1	1
regulation of apoptotic cell clearance	GO:2000425		7	2	1.104427688644481	0.5938199085902184	1.355718486679157	0.3052018899455362	1	1
positive regulation of apoptotic cell clearance	GO:2000427		5	1	0.7888769204603435	0.23714496465148602	1.0585560331525345	0.5762657973197276	1	1
regulation of protein neddylation	GO:2000434		11	2	1.7355292250127559	0.14183478484716117	0.9851310298618374	0.5371248474375075	1	1
negative regulation of protein neddylation	GO:2000435		5	0	0.7888769204603435	-Inf	0	1	1	1
positive regulation of protein neddylation	GO:2000436		5	1	0.7888769204603435	0.23714496465148602	1.0585560331525345	0.5762657973197276	1	1
regulation of cAMP-dependent protein kinase activity	GO:2000479		5	1	0.7888769204603435	0.23714496465148602	1.0585560331525345	0.5762657973197276	1	1
regulation of natural killer cell chemotaxis	GO:2000501		7	0	1.104427688644481	-Inf	0	1	1	1
positive regulation of natural killer cell chemotaxis	GO:2000503		5	0	0.7888769204603435	-Inf	0	1	1	1
regulation of dendritic cell chemotaxis	GO:2000508		6	0	0.9466523045524122	-Inf	0	1	1	1
positive regulation of dendritic cell chemotaxis	GO:2000510		6	0	0.9466523045524122	-Inf	0	1	1	1
regulation of CD4-positive, alpha-beta T cell activation	GO:2000514		28	2	4.417710754577924	-0.7924744525296722	0.4385317160500693	0.9414003783632222	1	1
negative regulation of CD4-positive, alpha-beta T cell activation	GO:2000515		14	2	2.208855377288962	-0.09932727196972693	0.8129096848478663	0.6727557550052204	1	1
positive regulation of CD4-positive, alpha-beta T cell activation	GO:2000516		14	0	2.208855377288962	-Inf	0	1	1	1
regulation of entry of bacterium into host cell	GO:2000535		7	0	1.104427688644481	-Inf	0	1	1	1
regulation of endothelial cell chemotaxis to fibroblast growth factor	GO:2000544		6	0	0.9466523045524122	-Inf	0	1	1	1
regulation of T-helper 2 cell cytokine production	GO:2000551		5	0	0.7888769204603435	-Inf	0	1	1	1
regulation of CD4-positive, alpha-beta T cell proliferation	GO:2000561		8	1	1.2622030727365496	-0.23285866459424956	0.7266172585054973	0.7468987684659543	1	1
negative regulation of CD4-positive, alpha-beta T cell proliferation	GO:2000562		5	1	0.7888769204603435	0.23714496465148602	1.0585560331525345	0.5762657973197276	1	1
positive regulation of DNA biosynthetic process	GO:2000573		35	1	5.522138443222405	-1.7087651844038274	0.18011384023992916	0.9975609017020345	1	1
positive regulation of Arp2/3 complex-mediated actin nucleation	GO:2000601		6	0	0.9466523045524122	-Inf	0	1	1	1
regulation of nuclear-transcribed mRNA catabolic process, nonsense-mediated decay	GO:2000622		11	1	1.7355292250127559	-0.5513123957127841	0.5483037732141072	0.8488342349162374	1	1
negative regulation of nuclear-transcribed mRNA catabolic process, nonsense-mediated decay	GO:2000623		7	1	1.104427688644481	-0.09932727196972693	0.8129096848478663	0.6994625284929428	1	1
regulation of miRNA catabolic process	GO:2000625		6	1	0.9466523045524122	0.054823407857531446	0.9206658936334867	0.6431395801290278	1	1
regulation of miRNA metabolic process	GO:2000628		71	6	11.202052270536878	-0.6243375307276741	0.5128389100780061	0.976468493743881	1	1
negative regulation of miRNA metabolic process	GO:2000629		24	4	3.786609218209649	0.054823407857531446	0.9206658936334867	0.5377938690207902	1	1
positive regulation of miRNA metabolic process	GO:2000630		52	3	8.204319972787573	-1.0060485528277312	0.35796689037477736	0.9924730768482899	1	1
regulation of pre-miRNA processing	GO:2000631		5	0	0.7888769204603435	-Inf	0	1	1	1
regulation of primary miRNA processing	GO:2000634		5	0	0.7888769204603435	-Inf	0	1	1	1
positive regulation of miRNA-mediated gene silencing	GO:2000637		11	2	1.7355292250127559	0.14183478484716117	0.9851310298618374	0.5371248474375075	1	1
regulation of early endosome to late endosome transport	GO:2000641		17	1	2.682181529565168	-0.9866304669706297	0.36469283564378024	0.9359833340499569	1	1
positive regulation of early endosome to late endosome transport	GO:2000643		7	1	1.104427688644481	-0.09932727196972693	0.8129096848478663	0.6994625284929428	1	1
regulation of receptor catabolic process	GO:2000644		9	0	1.4199784568286185	-Inf	0	1	1	1
positive regulation of receptor catabolic process	GO:2000646		7	0	1.104427688644481	-Inf	0	1	1	1
positive regulation of stem cell proliferation	GO:2000648		16	0	2.5244061454730993	-Inf	0	1	1	1
regulation of sodium ion transmembrane transporter activity	GO:2000649		9	0	1.4199784568286185	-Inf	0	1	1	1
positive regulation of sodium ion transmembrane transporter activity	GO:2000651		6	0	0.9466523045524122	-Inf	0	1	1	1
regulation of interleukin-1-mediated signaling pathway	GO:2000659		6	0	0.9466523045524122	-Inf	0	1	1	1
negative regulation of interleukin-1-mediated signaling pathway	GO:2000660		5	0	0.7888769204603435	-Inf	0	1	1	1
regulation of dendritic cell apoptotic process	GO:2000668		9	0	1.4199784568286185	-Inf	0	1	1	1
negative regulation of dendritic cell apoptotic process	GO:2000669		7	0	1.104427688644481	-Inf	0	1	1	1
regulation of transcription regulatory region DNA binding	GO:2000677		20	1	3.155507681841374	-1.1491493964684045	0.3118280657172801	0.9617755394453003	1	1
positive regulation of transcription regulatory region DNA binding	GO:2000679		11	1	1.7355292250127559	-0.5513123957127841	0.5483037732141072	0.8204970178727164	1	1
regulation of cardiac muscle cell differentiation	GO:2000725		10	1	1.577753840920687	-0.4560022159084593	0.5976018042874566	0.7868500319994607	1	1
negative regulation of cardiac muscle cell differentiation	GO:2000726		5	0	0.7888769204603435	-Inf	0	1	1	1
positive regulation of cardiac muscle cell differentiation	GO:2000727		5	1	0.7888769204603435	0.23714496465148602	1.0585560331525345	0.5762657973197276	1	1
regulation of stem cell differentiation	GO:2000736		33	2	5.206587675038268	-0.9567775038209486	0.3752592248846453	0.9752410911662213	1	1
negative regulation of stem cell differentiation	GO:2000737		11	0	1.7355292250127559	-Inf	0	1	1	1
positive regulation of stem cell differentiation	GO:2000738		11	1	1.7355292250127559	-0.5513123957127841	0.5483037732141072	0.8488342349162374	1	1
regulation of mesenchymal stem cell differentiation	GO:2000739		10	0	1.577753840920687	-Inf	0	1	1	1
positive regulation of mesenchymal stem cell differentiation	GO:2000741		5	0	0.7888769204603435	-Inf	0	1	1	1
regulation of cytoplasmic translation	GO:2000765		27	1	4.259935370485855	-1.4492539889187426	0.23264116201088111	0.9903409722146757	1	1
negative regulation of cytoplasmic translation	GO:2000766		7	0	1.104427688644481	-Inf	0	1	1	1
positive regulation of cytoplasmic translation	GO:2000767		11	0	1.7355292250127559	-Inf	0	1	1	1
regulation of cellular senescence	GO:2000772		29	4	4.5754861386699925	-0.13441859178099705	0.789584647474739	0.6927811726651645	1	1
negative regulation of cellular senescence	GO:2000773		14	2	2.208855377288962	-0.09932727196972693	0.8129096848478663	0.6727557550052204	1	1
positive regulation of cellular senescence	GO:2000774		10	2	1.577753840920687	0.23714496465148602	1.0585560331525345	0.4840271591401576	1	1
regulation of double-strand break repair	GO:2000779		110	13	17.355292250127558	-0.28894813124529317	0.6923878530519065	0.8885470634148496	1	1
negative regulation of double-strand break repair	GO:2000780		34	5	5.364363059130336	-0.07033973509647462	0.8325203100715584	0.6127097930498596	1	1
positive regulation of double-strand break repair	GO:2000781		70	8	11.04427688644481	-0.32247082328393684	0.6725064828415734	0.8611057729251059	1	1
regulation of autophagosome assembly	GO:2000785		41	5	6.468790747774817	-0.25755127718462106	0.711399809532372	0.7783609127867872	1	1
positive regulation of autophagosome assembly	GO:2000786		18	1	2.839956913657237	-1.0437888808105784	0.34522000318667345	0.9546061989867662	1	1
regulation of termination of RNA polymerase II transcription, poly(A)-coupled	GO:2000804		5	1	0.7888769204603435	0.23714496465148602	1.0585560331525345	0.5762657973197276	1	1
regulation of bicellular tight junction assembly	GO:2000810		18	0	2.839956913657237	-Inf	0	1	1	1
negative regulation of anoikis	GO:2000811		17	2	2.682181529565168	-0.2934832864106844	0.6896729147432905	0.7742325480643975	1	1
negative regulation of mitotic sister chromatid separation	GO:2000816		22	1	3.4710584500255117	-1.2444595762727295	0.28425313097344823	0.9771782958107115	1	1
regulation of steroid hormone secretion	GO:2000831		10	0	1.577753840920687	-Inf	0	1	1	1
positive regulation of steroid hormone secretion	GO:2000833		9	0	1.4199784568286185	-Inf	0	1	1	1
regulation of corticosteroid hormone secretion	GO:2000846		6	0	0.9466523045524122	-Inf	0	1	1	1
positive regulation of corticosteroid hormone secretion	GO:2000848		6	0	0.9466523045524122	-Inf	0	1	1	1
regulation of glucocorticoid secretion	GO:2000849		5	0	0.7888769204603435	-Inf	0	1	1	1
positive regulation of glucocorticoid secretion	GO:2000851		5	0	0.7888769204603435	-Inf	0	1	1	1
regulation of endothelial cell chemotaxis	GO:2001026		20	1	3.155507681841374	-1.1491493964684045	0.3118280657172801	0.9678129216089626	1	1
positive regulation of endothelial cell chemotaxis	GO:2001028		14	1	2.208855377288962	-0.7924744525296722	0.4385317160500693	0.9097242574396893	1	1
regulation of double-strand break repair via nonhomologous end joining	GO:2001032		27	4	4.259935370485855	-0.06295962779885195	0.8375621926429162	0.6045164994093895	1	1
negative regulation of double-strand break repair via nonhomologous end joining	GO:2001033		7	2	1.104427688644481	0.5938199085902184	1.355718486679157	0.3052018899455362	1	1
positive regulation of double-strand break repair via nonhomologous end joining	GO:2001034		15	0	2.366630761381031	-Inf	0	1	1	1
regulation of integrin-mediated signaling pathway	GO:2001044		11	1	1.7355292250127559	-0.5513123957127841	0.5483037732141072	0.8488342349162374	1	1
reactive nitrogen species metabolic process	GO:2001057		19	1	2.9977322977493053	-1.097856102080854	0.32768935881794536	0.9617755394453003	1	1
regulation of endocytic recycling	GO:2001135		12	1	1.8933046091048245	-0.6383237727024138	0.506271076694502	0.8726993542847484	1	1
positive regulation of endocytic recycling	GO:2001137		5	1	0.7888769204603435	0.23714496465148602	1.0585560331525345	0.5762657973197276	1	1
regulation of phospholipid transport	GO:2001138		11	0	1.7355292250127559	-Inf	0	1	1	1
positive regulation of phospholipid transport	GO:2001140		11	0	1.7355292250127559	-Inf	0	1	1	1
regulation of ATP biosynthetic process	GO:2001169		8	2	1.2622030727365496	0.46028851596569575	1.240756211609746	0.3674088486818622	1	1
positive regulation of ATP biosynthetic process	GO:2001171		5	1	0.7888769204603435	0.23714496465148602	1.0585560331525345	0.5762657973197276	1	1
regulation of CD8-positive, alpha-beta T cell activation	GO:2001185		8	2	1.2622030727365496	0.46028851596569575	1.240756211609746	0.3674088486818622	1	1
regulation of T cell activation via T cell receptor contact with antigen bound to MHC molecule on antigen presenting cell	GO:2001188		5	0	0.7888769204603435	-Inf	0	1	1	1
regulation of dendritic cell differentiation	GO:2001198		11	1	1.7355292250127559	-0.5513123957127841	0.5483037732141072	0.8488342349162374	1	1
positive regulation of dendritic cell differentiation	GO:2001200		5	1	0.7888769204603435	0.23714496465148602	1.0585560331525345	0.5762657973197276	1	1
regulation of neuron migration	GO:2001222		11	1	1.7355292250127559	-0.5513123957127841	0.5483037732141072	0.8488342349162374	1	1
negative regulation of apoptotic signaling pathway	GO:2001234		139	11	21.93077838879755	-0.6899957832467348	0.482622950094055	0.9980729159929738	1	1
positive regulation of apoptotic signaling pathway	GO:2001235		75	0	11.833153806905154	-Inf	0	1	1	1
regulation of extrinsic apoptotic signaling pathway	GO:2001236		93	6	14.67311072056239	-0.8942571468396145	0.3982964377488585	0.9978679049797519	1	1
negative regulation of extrinsic apoptotic signaling pathway	GO:2001237		59	5	9.308747661432054	-0.6215166543860327	0.5141722588703299	0.966501136853348	1	1
positive regulation of extrinsic apoptotic signaling pathway	GO:2001238		28	0	4.417710754577924	-Inf	0	1	1	1
regulation of extrinsic apoptotic signaling pathway in absence of ligand	GO:2001239		23	1	3.62883383411758	-1.2889113388435631	0.2721969180173993	0.9807834954904975	1	1
negative regulation of extrinsic apoptotic signaling pathway in absence of ligand	GO:2001240		19	1	2.9977322977493053	-1.097856102080854	0.32768935881794536	0.9617755394453003	1	1
regulation of intrinsic apoptotic signaling pathway	GO:2001242		117	5	18.45971993877204	-1.3061531452780692	0.26765285945855066	0.9999800052417197	1	1
negative regulation of intrinsic apoptotic signaling pathway	GO:2001243		68	4	10.728726118260672	-0.9866304669706297	0.36469283564378024	0.9964520895441449	1	1
positive regulation of intrinsic apoptotic signaling pathway	GO:2001244		41	0	6.468790747774817	-Inf	0	1	1	1
negative regulation of chromosome organization	GO:2001251		62	3	9.78207381370826	-1.1819392192913956	0.3020686969097406	0.9971608365525315	1	1
positive regulation of chromosome organization	GO:2001252		72	6	11.359827654628948	-0.6383237727024138	0.506271076694502	0.9788616067768856	1	1
regulation of store-operated calcium entry	GO:2001256		8	1	1.2622030727365496	-0.23285866459424956	0.7266172585054973	0.7468987684659543	1	1
regulation of cation channel activity	GO:2001257		44	3	6.9421169000510234	-0.838994468164565	0.4197131307359128	0.9673271673926314	1	1
negative regulation of cation channel activity	GO:2001258		16	1	2.5244061454730993	-0.9260058451541948	0.3864422976582265	0.9359833340499569	1	1
positive regulation of cation channel activity	GO:2001259		22	2	3.4710584500255117	-0.5513123957127841	0.5483037732141072	0.825558070733152	1	1
