ID	Description	GeneRatio	BgRatio	pvalue	p.adjust	qvalue	geneID	Count
GO:0033044	regulation of chromosome organization	10/97	150/8513	7.2393534438146774e-6	0.0171645070152846	0.0154160126493022	SMC4/CDK2/CENPE/MAP3K4/PRKCQ/RB1/TOP2A/RUVBL1/BCL7B/CDC20	10
GO:1905820	positive regulation of chromosome separation	4/97	19/8513	5.384598699450152e-5	0.03436972446391988	0.030868588688099587	SMC4/PLSCR1/RB1/CDC20	4
GO:0003323	type B pancreatic cell development	4/97	20/8513	6.672140363320158e-5	0.03436972446391988	0.030868588688099587	CDK6/AKT1/BAD/RHEB	4
GO:0031018	endocrine pancreas development	5/97	39/8513	7.335319408573227e-5	0.03436972446391988	0.030868588688099587	CDK6/AKT1/BAD/RHEB/SOX4	5
GO:0000723	telomere maintenance	7/97	93/8513	8.542818053905568e-5	0.03436972446391988	0.030868588688099587	MAP3K4/PCNA/PRKCQ/RPA1/RPA2/RPA3/RUVBL1	7
GO:0050870	positive regulation of T cell activation	10/97	200/8513	8.697526224526329e-5	0.03436972446391988	0.030868588688099587	AKT1/FOXO3/HLA-DMA/HSPD1/IL4R/NCK1/PRKCQ/BAD/SOX4/XBP1	10
GO:2000074	regulation of type B pancreatic cell development	3/97	9/8513	1.1463025554807281e-4	0.03882690512921152	0.034871730371992676	AKT1/BAD/RHEB	3
GO:0003309	type B pancreatic cell differentiation	4/97	25/8513	1.6675825161623984e-4	0.04942297682276308	0.04438841355521752	CDK6/AKT1/BAD/RHEB	4
