names	GSE139871_GPL10558_MTB_control_blood_monocyte_dn.tsv	GSE16250_GPL570_MTB_control_blood_pmbc_dn.tsv	GSE34151_GPL10558_MTB_control_blood_dcs_dn.tsv	GSE63548_GPL10558_LNTB_control_lymphnode_lymphnode_dn.tsv	GSE83456_GPL10558_EPTB_control_blood_dn.tsv	GSE83456_GPL10558_PTB_control_blood_dn.tsv
GSE139871_GPL10558_MTB_control_blood_monocyte_dn.tsv	1	0.3196084077166715	0.33204895738893925	0.33258800596261895	0.3503068502239177	0.2860782529572338
GSE16250_GPL570_MTB_control_blood_pmbc_dn.tsv	0.3196084077166715	1	0.32049589622912245	0.32536861122443034	0.33881799865681667	0.2815750371471025
GSE34151_GPL10558_MTB_control_blood_dcs_dn.tsv	0.33204895738893925	0.32049589622912245	1	0.3304635384001368	0.35817174515235456	0.29677222898903777
GSE63548_GPL10558_LNTB_control_lymphnode_lymphnode_dn.tsv	0.33258800596261895	0.32536861122443034	0.3304635384001368	1	0.34692290602088427	0.28368231487699164
GSE83456_GPL10558_EPTB_control_blood_dn.tsv	0.3503068502239177	0.33881799865681667	0.35817174515235456	0.34692290602088427	1	0.3880867554222139
GSE83456_GPL10558_PTB_control_blood_dn.tsv	0.2860782529572338	0.2815750371471025	0.29677222898903777	0.28368231487699164	0.3880867554222139	1
