names	GSE139871_GPL10558_MTB_control_blood_monocyte_up.tsv	GSE16250_GPL570_MTB_control_blood_pmbc_up.tsv	GSE34151_GPL10558_MTB_control_blood_dcs_up.tsv	GSE63548_GPL10558_LNTB_control_lymphnode_lymphnode_up.tsv	GSE83456_GPL10558_EPTB_control_blood_up.tsv	GSE83456_GPL10558_PTB_control_blood_up.tsv
GSE139871_GPL10558_MTB_control_blood_monocyte_up.tsv	1	0.2797155225726654	0.3304169980684013	0.3408074287979163	0.31396706761648957	0.37229275578790144
GSE16250_GPL570_MTB_control_blood_pmbc_up.tsv	0.2797155225726654	1	0.2813225421921074	0.27260981912144705	0.26175538451587865	0.2950829012591875
GSE34151_GPL10558_MTB_control_blood_dcs_up.tsv	0.3304169980684013	0.2813225421921074	1	0.3319299044151115	0.3148619078597197	0.375871574509486
GSE63548_GPL10558_LNTB_control_lymphnode_lymphnode_up.tsv	0.3408074287979163	0.27260981912144705	0.3319299044151115	1	0.31357664233576643	0.3733311972658336
GSE83456_GPL10558_EPTB_control_blood_up.tsv	0.31396706761648957	0.26175538451587865	0.3148619078597197	0.31357664233576643	1	0.4296533644043111
GSE83456_GPL10558_PTB_control_blood_up.tsv	0.37229275578790144	0.2950829012591875	0.375871574509486	0.3733311972658336	0.4296533644043111	1
