ID	Description	GeneRatio	BgRatio	RichFactor	FoldEnrichment	zScore	pvalue	p.adjust	qvalue	geneID	Count
GO:0006334	nucleosome assembly	18/635	77/8517	0.23376623376623376	3.135412618877186	5.34247400674286	1.0037250027811222e-5	0.029672560387610056	0.029672560387610056	SART3/SMARCA5/H2BC13/H2BC14/H2BC8/H3C7/H2BC15/NAP1L2/H4C6/NAP1L3/H4C13/NASP/H2BC4/NAP1L4/NAP1L1/H4C1/H4C4/H2BC10	18
GO:0034728	nucleosome organization	20/635	93/8517	0.21505376344086022	2.8844297688595377	5.186193604122378	1.2530642055578571e-5	0.029672560387610056	0.029672560387610056	SART3/SMARCA5/H2BC13/H2BC14/H2BC8/H3C7/H2BC15/NAP1L2/H4C6/SMARCE1/NAP1L3/H4C13/NASP/H2BC4/NAP1L4/NAP1L1/H4C1/NFE2/H4C4/H2BC10	20
