ID	Description	GeneRatio	BgRatio	RichFactor	FoldEnrichment	zScore	pvalue	p.adjust	qvalue	geneID	Count
GO:0030218	erythrocyte differentiation	8/98	101/8517	0.07920792079207921	6.883814912103455	6.417523025720742	1.931747706014651e-5	0.045974843164323737	0.0428152476902949	GATA3/ID2/KIT/SLC11A2/RAC2/STAT5B/CASP3/DYRK3	8
GO:0034101	erythrocyte homeostasis	8/98	111/8517	0.07207207207207207	6.263651406508549	6.022191003704137	3.8408390279301365e-5	0.045974843164323737	0.0428152476902949	GATA3/ID2/KIT/SLC11A2/RAC2/STAT5B/CASP3/DYRK3	8
