names	GSE139871_GPL10558_MTB_control_blood_monocyte_dn.tsv	GSE16250_GPL570_MTB_control_blood_pmbc_dn.tsv	GSE34151_GPL10558_MTB_control_blood_dcs_dn.tsv	GSE63548_GPL10558_LNTB_control_lymphnode_lymphnode_dn.tsv	GSE83456_GPL10558_EPTB_control_blood_dn.tsv	GSE83456_GPL10558_PTB_control_blood_dn.tsv
GSE139871_GPL10558_MTB_control_blood_monocyte_dn.tsv	1	0	0.02834008097165992	0.017391304347826087	0.036585365853658534	0.017699115044247787
GSE16250_GPL570_MTB_control_blood_pmbc_dn.tsv	0	1	0.01276595744680851	0	0.014705882352941176	0.03125
GSE34151_GPL10558_MTB_control_blood_dcs_dn.tsv	0.02834008097165992	0.01276595744680851	1	0.07308970099667775	0.06593406593406594	0.11072664359861592
GSE63548_GPL10558_LNTB_control_lymphnode_lymphnode_dn.tsv	0.017391304347826087	0	0.07308970099667775	1	0.06944444444444445	0.06976744186046512
GSE83456_GPL10558_EPTB_control_blood_dn.tsv	0.036585365853658534	0.014705882352941176	0.06593406593406594	0.06944444444444445	1	0.3103448275862069
GSE83456_GPL10558_PTB_control_blood_dn.tsv	0.017699115044247787	0.03125	0.11072664359861592	0.06976744186046512	0.3103448275862069	1
