names	GSE139871_GPL10558_MTB_control_blood_monocyte_up.tsv	GSE16250_GPL570_MTB_control_blood_pmbc_up.tsv	GSE34151_GPL10558_MTB_control_blood_dcs_up.tsv	GSE63548_GPL10558_LNTB_control_lymphnode_lymphnode_up.tsv	GSE83456_GPL10558_EPTB_control_blood_up.tsv	GSE83456_GPL10558_PTB_control_blood_up.tsv
GSE139871_GPL10558_MTB_control_blood_monocyte_up.tsv	1	0.03076923076923077	0.03365384615384615	0	0	0.013513513513513514
GSE16250_GPL570_MTB_control_blood_pmbc_up.tsv	0.03076923076923077	1	0.06329113924050633	0.043478260869565216	0.05952380952380952	0.04672897196261682
GSE34151_GPL10558_MTB_control_blood_dcs_up.tsv	0.03365384615384615	0.06329113924050633	1	0.12307692307692308	0.021551724137931036	0.05263157894736842
GSE63548_GPL10558_LNTB_control_lymphnode_lymphnode_up.tsv	0	0.043478260869565216	0.12307692307692308	1	0.032	0.0410958904109589
GSE83456_GPL10558_EPTB_control_blood_up.tsv	0	0.05952380952380952	0.021551724137931036	0.032	1	0.27631578947368424
GSE83456_GPL10558_PTB_control_blood_up.tsv	0.013513513513513514	0.04672897196261682	0.05263157894736842	0.0410958904109589	0.27631578947368424	1
