Description	ID	pathway_genes	pathway_size	observed_val	expected_val	log_observed_expected	asinh_observed_expected	pvalue	p.adjust	qvalue
mitochondrial genome maintenance	GO:0000002		21	3	1.7073465859982713	0.5636718273877593	1.3294211503564923	0.2411181636487546	1	1
single strand break repair	GO:0000012		11	0	0.8943244021895708	-Inf	0	1	1	1
regulation of DNA recombination	GO:0000018		89	3	7.235897435897436	-0.8804421046209575	0.40355632377411826	0.9749114358720703	1	1
mitotic spindle elongation	GO:0000022		8	0	0.6504177470469605	-Inf	0	1	1	1
ribosomal large subunit assembly	GO:0000027		15	0	1.219533275713051	-Inf	0	1	1	1
ribosomal small subunit assembly	GO:0000028		8	1	0.6504177470469605	0.43014043476323666	1.2153715796146363	0.4926363899231906	1	1
very long-chain fatty acid metabolic process	GO:0000038		24	0	1.9512532411408816	-Inf	0	1	1	1
transition metal ion transport	GO:0000041		55	2	4.471622010947854	-0.8046040282294531	0.43355428464659024	0.9449363028885791	1	1
autophagosome assembly	GO:0000045		52	2	4.227715355805244	-0.7485145615784096	0.4569950042886458	0.9321560000488758	1	1
urea cycle	GO:0000050		6	0	0.4878133102852204	-Inf	0	1	1	1
citrulline metabolic process	GO:0000052		5	0	0.4065110919043503	-Inf	0	1	1	1
mitotic sister chromatid segregation	GO:0000070		110	3	8.943244021895708	-1.092286100681234	0.32945636997623556	0.9938167007303511	1	1
cell cycle checkpoint signaling	GO:0000075		106	4	8.618035148372227	-0.7675627565491039	0.4489125983007186	0.9739377506997053	1	1
DNA replication checkpoint signaling	GO:0000076		12	0	0.9756266205704408	-Inf	0	1	1	1
DNA damage checkpoint signaling	GO:0000077		72	3	5.8537597234226455	-0.6684718539048732	0.49235623876582574	0.9313817529872108	1	1
regulation of cyclin-dependent protein serine/threonine kinase activity	GO:0000079		32	2	2.601670988187842	-0.2630067457967087	0.7080691948308241	0.7462150593459236	1	1
G1/S transition of mitotic cell cycle	GO:0000082		41	1	3.3333909536156727	-1.2039900902612353	0.2956680805258496	0.9692205771476854	1	1
G2/M transition of mitotic cell cycle	GO:0000086		33	2	2.6829732065687124	-0.2937784044634623	0.6894965182132737	0.761488837763183	1	1
sulfur amino acid metabolic process	GO:0000096		25	0	2.0325554595217517	-Inf	0	1	1	1
sulfur amino acid biosynthetic process	GO:0000097		11	0	0.8943244021895708	-Inf	0	1	1	1
sulfur amino acid catabolic process	GO:0000098		7	0	0.5691155286660905	-Inf	0	1	1	1
sulfur amino acid transport	GO:0000101		10	0	0.8130221838087006	-Inf	0	1	1	1
establishment of mitotic spindle orientation	GO:0000132		23	0	1.8699510227600116	-Inf	0	1	1	1
rRNA modification	GO:0000154		18	0	1.4634399308556614	-Inf	0	1	1	1
MAPK cascade	GO:0000165		89	10	7.235897435897436	0.32353069970497844	1.1274742038068277	0.1854249298952625	1	1
nuclear-transcribed mRNA catabolic process, nonsense-mediated decay	GO:0000184		25	2	2.0325554595217517	-0.01614666786518275	0.8700023797642876	0.614578309981989	1	1
protein polyubiquitination	GO:0000209		193	12	15.691328147507923	-0.2682015626738126	0.7049083075321126	0.85073392115746	1	1
spliceosomal tri-snRNP complex assembly	GO:0000244		11	0	0.8943244021895708	-Inf	0	1	1	1
spliceosomal complex assembly	GO:0000245		39	0	3.1707865168539326	-Inf	0	1	1	1
mitochondrial fission	GO:0000266		9	0	0.7317199654278307	-Inf	0	1	1	1
polysaccharide biosynthetic process	GO:0000271		10	2	0.8130221838087006	0.9001440640089723	1.6322561791244243	0.19267737480574515	1	1
polysaccharide catabolic process	GO:0000272		5	1	0.4065110919043503	0.9001440640089723	1.6322561791244243	0.34560316721562534	1	1
nuclear division	GO:0000280		153	5	12.439239412273121	-0.9114180325152625	0.3918487993606843	0.9943242099266794	1	1
mitotic cytokinesis	GO:0000281		63	3	5.1220397579948145	-0.5349404612803503	0.5565277263826629	0.8829049741805512	1	1
nuclear-transcribed mRNA catabolic process, deadenylation-dependent decay	GO:0000288		12	0	0.9756266205704408	-Inf	0	1	1	1
nuclear-transcribed mRNA poly(A) tail shortening	GO:0000289		6	0	0.4878133102852204	-Inf	0	1	1	1
retrograde transport, vesicle recycling within Golgi	GO:0000301		8	0	0.6504177470469605	-Inf	0	1	1	1
response to reactive oxygen species	GO:0000302		82	7	6.6667819072313454	0.04877287823413281	0.9162782145241883	0.5041700403482712	1	1
response to superoxide	GO:0000303		11	2	0.8943244021895708	0.8048338842046474	1.54458986784587	0.22349837566824932	1	1
response to oxygen radical	GO:0000305		12	2	0.9756266205704408	0.7178225072150176	1.465759593120927	0.25464724061396	1	1
protein deneddylation	GO:0000338		10	0	0.8130221838087006	-Inf	0	1	1	1
RNA splicing, via transesterification reactions	GO:0000375		186	6	15.122212618841832	-0.9244052280420736	0.387032195435701	0.9967057068677592	1	1
RNA splicing, via transesterification reactions with bulged adenosine as nucleophile	GO:0000377		181	6	14.715701526937481	-0.8971555855946981	0.39720076788243475	0.9958350285945763	1	1
alternative mRNA splicing, via spliceosome	GO:0000380		12	1	0.9756266205704408	0.024675326655072338	0.898928862739797	0.6386518936468044	1	1
regulation of alternative mRNA splicing, via spliceosome	GO:0000381		38	2	3.0894842984730624	-0.43485700272336786	0.609007163082252	0.826397929767843	1	1
spliceosomal snRNP assembly	GO:0000387		32	2	2.601670988187842	-0.2630067457967087	0.7080691948308241	0.7131416092407564	1	1
mRNA 3'-splice site recognition	GO:0000389		5	0	0.4065110919043503	-Inf	0	1	1	1
RNA splicing, via endonucleolytic cleavage and ligation	GO:0000394		8	0	0.6504177470469605	-Inf	0	1	1	1
mRNA splicing, via spliceosome	GO:0000398		181	6	14.715701526937481	-0.8971555855946981	0.39720076788243475	0.9958350285945763	1	1
autophagy of mitochondrion	GO:0000422		31	1	2.520368769806972	-0.9244052280420735	0.38703219543570105	0.928001796251679	1	1
mitophagy	GO:0000423		25	1	2.0325554595217517	-0.7092938484251281	0.47403735255445417	0.8801462387911566	1	1
pexophagy	GO:0000425		6	0	0.4878133102852204	-Inf	0	1	1	1
maturation of 5.8S rRNA	GO:0000460		10	0	0.8130221838087006	-Inf	0	1	1	1
small nucleolar ribonucleoprotein complex assembly	GO:0000491		6	1	0.4878133102852204	0.7178225072150176	1.465759593120927	0.3988224139625278	1	1
box C/D snoRNP assembly	GO:0000492		5	1	0.4065110919043503	0.9001440640089723	1.6322561791244243	0.34560316721562534	1	1
embryonic axis specification	GO:0000578		9	0	0.7317199654278307	-Inf	0	1	1	1
telomere maintenance via recombination	GO:0000722		8	0	0.6504177470469605	-Inf	0	1	1	1
telomere maintenance	GO:0000723		65	3	5.284644194756554	-0.5661930047844548	0.5409161061595964	0.8829049741805512	1	1
double-strand break repair via homologous recombination	GO:0000724		76	2	6.178968596946125	-1.1280041832833132	0.3182777063931638	0.9878516254981309	1	1
recombinational repair	GO:0000725		78	2	6.341573033707865	-1.1539796696865738	0.3103720426787347	0.9895187249891952	1	1
DNA double-strand break processing	GO:0000729		17	1	1.3821377124747911	-0.32363136761314343	0.6718259362075856	0.7636073497610661	1	1
DNA synthesis involved in DNA repair	GO:0000731		31	1	2.520368769806972	-0.9244052280420735	0.38703219543570105	0.928001796251679	1	1
syncytium formation by plasma membrane fusion	GO:0000768		13	0	1.056928838951311	-Inf	0	1	1	1
sister chromatid segregation	GO:0000819		112	3	9.105848458657448	-1.1103046061839121	0.32377211591947597	0.9946089256217014	1	1
cell morphogenesis	GO:0000902		114	11	9.268452895419188	0.1712788008469477	1.0075091048242333	0.3117256275784102	1	1
cytokinesis	GO:0000910		69	4	5.609853068280035	-0.33823016703429626	0.6633094229880926	0.804725011093474	1	1
nuclear-transcribed mRNA catabolic process	GO:0000956		62	3	5.040737539613944	-0.5189401199339092	0.5646624726625091	0.8759525072222165	1	1
mitochondrial RNA catabolic process	GO:0000957		6	0	0.4878133102852204	-Inf	0	1	1	1
mitochondrial RNA metabolic process	GO:0000959		35	2	2.8455776433304525	-0.3526189044863957	0.6549957178965378	0.7759587026504595	1	1
mitochondrial RNA processing	GO:0000963		18	1	1.4634399308556614	-0.3807897814530922	0.6389495026159213	0.7828454412068578	1	1
mitochondrial RNA 3'-end processing	GO:0000965		7	0	0.5691155286660905	-Inf	0	1	1	1
RNA 5'-end processing	GO:0000966		22	0	1.7886488043791415	-Inf	0	1	1	1
response to acid chemical	GO:0001101		38	2	3.0894842984730624	-0.43485700272336786	0.609007163082252	0.8148435624310426	1	1
promoter clearance during DNA-templated transcription	GO:0001109		7	0	0.5691155286660905	-Inf	0	1	1	1
RNA polymerase II promoter clearance	GO:0001111		7	0	0.5691155286660905	-Inf	0	1	1	1
formation of extrachromosomal circular DNA	GO:0001325		10	0	0.8130221838087006	-Inf	0	1	1	1
guanine nucleotide transport	GO:0001408		8	0	0.6504177470469605	-Inf	0	1	1	1
skeletal system development	GO:0001501		141	7	11.46361279170268	-0.49326776487978247	0.5779167229109796	0.9413975749439554	1	1
ossification	GO:0001503		48	4	3.9025064822817632	0.024675326655072338	0.898928862739797	0.5551707335905907	1	1
neurotransmitter uptake	GO:0001504		19	0	1.5447421492365312	-Inf	0	1	1	1
action potential	GO:0001508		54	6	4.3903197925669835	0.3123573991068533	1.118439561757897	0.25954289965008426	1	1
RNA methylation	GO:0001510		47	0	3.8212042639008934	-Inf	0	1	1	1
prostaglandin biosynthetic process	GO:0001516		13	0	1.056928838951311	-Inf	0	1	1	1
pseudouridine synthesis	GO:0001522		12	0	0.9756266205704408	-Inf	0	1	1	1
retinoid metabolic process	GO:0001523		55	2	4.471622010947854	-0.8046040282294531	0.43355428464659024	0.9166009379614765	1	1
angiogenesis	GO:0001525		88	10	7.154595217516566	0.33483025495891183	1.1366462816485954	0.16785408191784723	1	1
cilium or flagellum-dependent cell motility	GO:0001539		40	1	3.2520887352348025	-1.1792974776708636	0.30284420349642827	0.9664898323259665	1	1
ovarian follicle development	GO:0001541		6	1	0.4878133102852204	0.7178225072150176	1.465759593120927	0.3988224139625278	1	1
fatty acid alpha-oxidation	GO:0001561		6	0	0.4878133102852204	-Inf	0	1	1	1
response to protozoan	GO:0001562		5	0	0.4065110919043503	-Inf	0	1	1	1
blood vessel development	GO:0001568		113	11	9.187150677038318	0.18008943052910256	1.01425915207304	0.30152495155614045	1	1
vasculogenesis	GO:0001570		10	0	0.8130221838087006	-Inf	0	1	1	1
ganglioside metabolic process	GO:0001573		15	0	1.219533275713051	-Inf	0	1	1	1
ganglioside biosynthetic process	GO:0001574		8	0	0.6504177470469605	-Inf	0	1	1	1
microtubule bundle formation	GO:0001578		60	3	4.878133102852204	-0.48615029711091834	0.5816356077875019	0.8759525072222165	1	1
detection of chemical stimulus involved in sensory perception of bitter taste	GO:0001580		33	0	2.6829732065687124	-Inf	0	1	1	1
osteoblast differentiation	GO:0001649		22	2	1.7886488043791415	0.11168670364470205	0.9625093145711885	0.5439251611637498	1	1
eye development	GO:0001654		53	3	4.309017574186114	-0.36209764844093945	0.6495625078402528	0.7840080594378261	1	1
metanephros development	GO:0001656		5	0	0.4065110919043503	-Inf	0	1	1	1
ureteric bud development	GO:0001657		6	0	0.4878133102852204	-Inf	0	1	1	1
response to hypoxia	GO:0001666		94	8	7.642408527801787	0.04572873585290452	0.9140754504493451	0.4630329218734296	1	1
ameboidal-type cell migration	GO:0001667		30	4	2.439066551426102	0.4946789559008079	1.2699797904718395	0.2240847932658868	1	1
long-chain fatty acid metabolic process	GO:0001676		76	4	6.178968596946125	-0.43485700272336786	0.609007163082252	0.8619291907135047	1	1
intracellular glucose homeostasis	GO:0001678		19	1	1.5447421492365312	-0.43485700272336786	0.609007163082252	0.8005189188821835	1	1
tRNA 5'-leader removal	GO:0001682		11	0	0.8943244021895708	-Inf	0	1	1	1
histamine metabolic process	GO:0001692		5	1	0.4065110919043503	0.9001440640089723	1.6322561791244243	0.34560316721562534	1	1
in utero embryonic development	GO:0001701		7	1	0.5691155286660905	0.5636718273877592	1.3294211503564923	0.4477163890561283	1	1
formation of primary germ layer	GO:0001704		18	3	1.4634399308556614	0.7178225072150174	1.4657595931209269	0.135835898169208	1	1
endoderm formation	GO:0001706		13	2	1.056928838951311	0.6377797995414811	1.3943947275951296	0.25464724061396	1	1
mesoderm formation	GO:0001707		6	1	0.4878133102852204	0.7178225072150176	1.465759593120927	0.34560316721562534	1	1
cell fate specification	GO:0001708		6	1	0.4878133102852204	0.7178225072150176	1.465759593120927	0.34560316721562534	1	1
cell fate determination	GO:0001709		8	2	0.6504177470469605	1.1232876153231819	1.8418840104221779	0.07950693348111477	1	1
morphogenesis of a polarized epithelium	GO:0001738		16	1	1.300835494093921	-0.2630067457967087	0.7080691948308241	0.7426662379148121	1	1
morphogenesis of a branching structure	GO:0001763		15	1	1.219533275713051	-0.1984682246591374	0.7481986024927316	0.719871464965964	1	1
neuron migration	GO:0001764		17	1	1.3821377124747911	-0.32363136761314343	0.6718259362075856	0.7636073497610661	1	1
membrane raft assembly	GO:0001765		8	0	0.6504177470469605	-Inf	0	1	1	1
immunological synapse formation	GO:0001771		5	0	0.4065110919043503	-Inf	0	1	1	1
myeloid dendritic cell activation	GO:0001773		6	1	0.4878133102852204	0.7178225072150176	1.465759593120927	0.3988224139625278	1	1
microglial cell activation	GO:0001774		6	1	0.4878133102852204	0.7178225072150176	1.465759593120927	0.3988224139625278	1	1
leukocyte homeostasis	GO:0001776		10	1	0.8130221838087006	0.20699688344902697	1.0350244837181672	0.5339052003122138	1	1
plasma membrane repair	GO:0001778		17	0	1.3821377124747911	-Inf	0	1	1	1
cytokine production	GO:0001816		10	0	0.8130221838087006	-Inf	0	1	1	1
negative regulation of cytokine production	GO:0001818		183	8	14.878305963699221	-0.6204626347185124	0.5146712140744808	0.9820558168444762	1	1
kidney development	GO:0001822		46	0	3.739902045520023	-Inf	0	1	1	1
mesonephros development	GO:0001823		6	0	0.4878133102852204	-Inf	0	1	1	1
release of cytochrome c from mitochondria	GO:0001836		10	0	0.8130221838087006	-Inf	0	1	1	1
epithelial to mesenchymal transition	GO:0001837		39	3	3.1707865168539326	-0.05536738101846409	0.842769678250708	0.6068649503686352	1	1
phagolysosome assembly	GO:0001845		7	0	0.5691155286660905	-Inf	0	1	1	1
complement activation, lectin pathway	GO:0001867		9	1	0.7317199654278307	0.3123573991068531	1.1184395617578968	0.5339052003122138	1	1
response to yeast	GO:0001878		8	0	0.6504177470469605	-Inf	0	1	1	1
receptor recycling	GO:0001881		14	1	1.138231057332181	-0.1294753531721861	0.7928427126816872	0.6950590755790824	1	1
endothelial cell development	GO:0001885		28	0	2.276462114664362	-Inf	0	1	1	1
liver development	GO:0001889		10	0	0.8130221838087006	-Inf	0	1	1	1
placenta development	GO:0001890		14	2	1.138231057332181	0.5636718273877592	1.3294211503564923	0.31694075149328715	1	1
maternal placenta development	GO:0001893		7	0	0.5691155286660905	-Inf	0	1	1	1
tissue homeostasis	GO:0001894		58	2	4.7155286660904645	-0.8577138535434015	0.41234573348900533	0.9409546294292925	1	1
retina homeostasis	GO:0001895		26	0	2.113857677902622	-Inf	0	1	1	1
cell killing	GO:0001906		119	5	9.674963987323537	-0.6601036042343562	0.4961855287660837	0.9421728212545104	1	1
leukocyte mediated cytotoxicity	GO:0001909		38	3	3.0894842984730624	-0.029391894615203418	0.8607438277072158	0.569478856064477	1	1
regulation of leukocyte mediated cytotoxicity	GO:0001910		55	1	4.471622010947854	-1.4977512087893983	0.22180920790811776	0.9906416156254294	1	1
negative regulation of leukocyte mediated cytotoxicity	GO:0001911		25	1	2.0325554595217517	-0.7092938484251281	0.47403735255445417	0.8801462387911566	1	1
positive regulation of leukocyte mediated cytotoxicity	GO:0001912		32	1	2.601670988187842	-0.956153926356654	0.3754828901181559	0.9338658845389614	1	1
T cell mediated cytotoxicity	GO:0001913		6	1	0.4878133102852204	0.7178225072150176	1.465759593120927	0.28767632085058525	1	1
regulation of T cell mediated cytotoxicity	GO:0001914		21	1	1.7073465859982713	-0.5349404612803503	0.5565277263826629	0.8316703660941647	1	1
negative regulation of T cell mediated cytotoxicity	GO:0001915		7	0	0.5691155286660905	-Inf	0	1	1	1
positive regulation of T cell mediated cytotoxicity	GO:0001916		13	1	1.056928838951311	-0.05536738101846421	0.842769678250708	0.6680506238586684	1	1
regulation of receptor recycling	GO:0001919		15	0	1.219533275713051	-Inf	0	1	1	1
negative regulation of receptor recycling	GO:0001920		5	0	0.4065110919043503	-Inf	0	1	1	1
positive regulation of receptor recycling	GO:0001921		8	0	0.6504177470469605	-Inf	0	1	1	1
negative regulation of protein phosphorylation	GO:0001933		93	2	7.561106309420916	-1.329870336150238	0.2615203246431842	0.9960317131340584	1	1
endothelial cell proliferation	GO:0001935		17	3	1.3821377124747911	0.7749809210549662	1.517406246760778	0.135835898169208	1	1
regulation of endothelial cell proliferation	GO:0001936		103	10	8.374128493229616	0.1774380812074826	1.0122253032798243	0.32689101633858847	1	1
negative regulation of endothelial cell proliferation	GO:0001937		34	4	2.7642754249495822	0.3695158129468019	1.1650191589592633	0.2976432684320877	1	1
positive regulation of endothelial cell proliferation	GO:0001938		65	4	5.284644194756554	-0.2785109323326738	0.6986660096098167	0.7852041820454497	1	1
postsynaptic membrane organization	GO:0001941		5	2	0.4065110919043503	1.5932912445689176	2.2966101973978796	0.055968935390420846	1	1
hair follicle development	GO:0001942		9	0	0.7317199654278307	-Inf	0	1	1	1
vasculature development	GO:0001944		128	14	10.406683952751369	0.29660904213871403	1.1057653084354668	0.1504027032952476	1	1
lymph vessel development	GO:0001945		9	3	0.7317199654278307	1.4109696877749627	2.1186682457038164	0.031043049601571823	1	1
lymphangiogenesis	GO:0001946		6	1	0.4878133102852204	0.7178225072150176	1.465759593120927	0.3988224139625278	1	1
heart looping	GO:0001947		7	0	0.5691155286660905	-Inf	0	1	1	1
regulation of cell-matrix adhesion	GO:0001952		85	8	6.910688562373956	0.14637226163259218	0.988561424825621	0.3872491629246225	1	1
negative regulation of cell-matrix adhesion	GO:0001953		24	1	1.9512532411408816	-0.668471853904873	0.49235623876582585	0.8695235216387899	1	1
positive regulation of cell-matrix adhesion	GO:0001954		40	5	3.2520887352348025	0.43014043476323677	1.2153715796146363	0.22258347332156328	1	1
regulation of cytokine-mediated signaling pathway	GO:0001959		125	6	10.162777297608757	-0.5269722916311734	0.5605667657691671	0.9383470352063735	1	1
negative regulation of cytokine-mediated signaling pathway	GO:0001960		59	2	4.796830884471333	-0.8748082869027014	0.40571919899601877	0.9554026185610376	1	1
positive regulation of cytokine-mediated signaling pathway	GO:0001961		46	3	3.739902045520023	-0.22044713137791272	0.734354080755392	0.7055019520560969	1	1
regulation of systemic arterial blood pressure by hormone	GO:0001990		17	0	1.3821377124747911	-Inf	0	1	1	1
regulation of systemic arterial blood pressure by circulatory renin-angiotensin	GO:0001991		7	0	0.5691155286660905	-Inf	0	1	1	1
regulation of angiotensin levels in blood	GO:0002002		7	0	0.5691155286660905	-Inf	0	1	1	1
angiotensin maturation	GO:0002003		7	0	0.5691155286660905	-Inf	0	1	1	1
morphogenesis of an epithelium	GO:0002009		80	6	6.504177470469605	-0.08068518900275397	0.8254860517525995	0.6165696791657206	1	1
morphogenesis of an epithelial sheet	GO:0002011		20	4	1.6260443676174012	0.9001440640089723	1.6322561791244243	0.07395053587250522	1	1
regulation of the force of heart contraction	GO:0002026		12	2	0.9756266205704408	0.7178225072150176	1.465759593120927	0.25464724061396	1	1
regulation of heart rate	GO:0002027		58	5	4.7155286660904645	0.058576878330753465	0.9233941259450675	0.4824700551949007	1	1
regulation of sodium ion transport	GO:0002028		34	2	2.7642754249495822	-0.32363136761314343	0.6718259362075856	0.7462150593459236	1	1
desensitization of G protein-coupled receptor signaling pathway	GO:0002029		7	0	0.5691155286660905	-Inf	0	1	1	1
G protein-coupled receptor internalization	GO:0002031		6	0	0.4878133102852204	-Inf	0	1	1	1
sprouting angiogenesis	GO:0002040		31	4	2.520368769806972	0.46188913307781715	1.2421101156739072	0.24206631018611494	1	1
cell migration involved in sprouting angiogenesis	GO:0002042		15	2	1.219533275713051	0.4946789559008079	1.2699797904718395	0.3476856241627394	1	1
chondrocyte differentiation	GO:0002062		9	1	0.7317199654278307	0.3123573991068531	1.1184395617578968	0.5339052003122138	1	1
epithelial cell development	GO:0002064		42	0	3.4146931719965425	-Inf	0	1	1	1
columnar/cuboidal epithelial cell differentiation	GO:0002065		14	1	1.138231057332181	-0.1294753531721861	0.7928427126816872	0.6950590755790824	1	1
regulation of oxidative phosphorylation	GO:0002082		12	0	0.9756266205704408	-Inf	0	1	1	1
protein depalmitoylation	GO:0002084		7	0	0.5691155286660905	-Inf	0	1	1	1
regulation of receptor internalization	GO:0002090		41	3	3.3333909536156727	-0.10537780159312553	0.8088553720269323	0.6420242090545026	1	1
negative regulation of receptor internalization	GO:0002091		12	1	0.9756266205704408	0.024675326655072338	0.898928862739797	0.6386518936468044	1	1
positive regulation of receptor internalization	GO:0002092		21	1	1.7073465859982713	-0.5349404612803503	0.5565277263826629	0.8316703660941647	1	1
tRNA wobble base modification	GO:0002097		8	0	0.6504177470469605	-Inf	0	1	1	1
tRNA wobble uridine modification	GO:0002098		6	0	0.4878133102852204	-Inf	0	1	1	1
store-operated calcium entry	GO:0002115		8	0	0.6504177470469605	-Inf	0	1	1	1
desmosome assembly	GO:0002159		6	0	0.4878133102852204	-Inf	0	1	1	1
cytoplasmic translation	GO:0002181		100	11	8.130221838087007	0.3023070632533519	1.110342943093618	0.17991774324232565	1	1
cytoplasmic translational initiation	GO:0002183		18	0	1.4634399308556614	-Inf	0	1	1	1
somatic diversification of immune receptors	GO:0002200		12	0	0.9756266205704408	-Inf	0	1	1	1
activation of innate immune response	GO:0002218		128	4	10.406683952751369	-0.956153926356654	0.3754828901181559	0.992846156248677	1	1
innate immune response activating cell surface receptor signaling pathway	GO:0002220		48	2	3.9025064822817632	-0.668471853904873	0.49235623876582585	0.8906119882131756	1	1
pattern recognition receptor signaling pathway	GO:0002221		94	2	7.642408527801787	-1.3405656252669862	0.2587989875806654	0.9963201948388676	1	1
stimulatory C-type lectin receptor signaling pathway	GO:0002223		16	1	1.300835494093921	-0.2630067457967087	0.7080691948308241	0.7426662379148121	1	1
toll-like receptor signaling pathway	GO:0002224		29	1	2.3577643330452323	-0.8577138535434015	0.41234573348900533	0.9071040750839803	1	1
innate immune response in mucosa	GO:0002227		16	1	1.300835494093921	-0.2630067457967087	0.7080691948308241	0.7426662379148121	1	1
natural killer cell mediated immunity	GO:0002228		31	3	2.520368769806972	0.17420706062603608	1.0097497925884502	0.4671212500551656	1	1
positive regulation of defense response to virus by host	GO:0002230		28	0	2.276462114664362	-Inf	0	1	1	1
response to molecule of bacterial origin	GO:0002237		103	4	8.374128493229616	-0.7388526506666724	0.4611430793292927	0.9688765834486531	1	1
hematopoietic progenitor cell differentiation	GO:0002244		15	0	1.219533275713051	-Inf	0	1	1	1
adaptive immune response	GO:0002250		58	2	4.7155286660904645	-0.8577138535434015	0.41234573348900533	0.948661417972912	1	1
organ or tissue specific immune response	GO:0002251		19	1	1.5447421492365312	-0.43485700272336786	0.609007163082252	0.8005189188821835	1	1
immune effector process	GO:0002252		160	10	13.00835494093921	-0.2630067457967085	0.7080691948308242	0.818721601783227	1	1
lymphocyte homeostasis	GO:0002260		6	1	0.4878133102852204	0.7178225072150176	1.465759593120927	0.34560316721562534	1	1
myeloid cell homeostasis	GO:0002262		31	1	2.520368769806972	-0.9244052280420735	0.38703219543570105	0.928001796251679	1	1
cell activation involved in immune response	GO:0002263		59	5	4.796830884471333	0.041482444971453585	0.9110081444288507	0.5140689381347131	1	1
leukocyte activation involved in inflammatory response	GO:0002269		6	1	0.4878133102852204	0.7178225072150176	1.465759593120927	0.3988224139625278	1	1
myeloid leukocyte activation	GO:0002274		59	6	4.796830884471333	0.22380400176540832	1.048108804255313	0.33189648326123494	1	1
myeloid cell activation involved in immune response	GO:0002275		22	3	1.7886488043791415	0.5171518117528665	1.28922485465582	0.2411181636487546	1	1
eosinophil activation involved in immune response	GO:0002278		5	1	0.4065110919043503	0.9001440640089723	1.6322561791244243	0.34560316721562534	1	1
mast cell activation involved in immune response	GO:0002279		8	0	0.6504177470469605	-Inf	0	1	1	1
macrophage activation involved in immune response	GO:0002281		6	2	0.4878133102852204	1.410969687774963	2.118668245703817	0.07950693348111477	1	1
neutrophil activation involved in immune response	GO:0002283		5	1	0.4065110919043503	0.9001440640089723	1.6322561791244243	0.34560316721562534	1	1
lymphocyte activation involved in immune response	GO:0002285		34	2	2.7642754249495822	-0.32363136761314343	0.6718259362075856	0.7759587026504595	1	1
T cell activation involved in immune response	GO:0002286		24	1	1.9512532411408816	-0.668471853904873	0.49235623876582585	0.8695235216387899	1	1
alpha-beta T cell activation involved in immune response	GO:0002287		19	1	1.5447421492365312	-0.43485700272336786	0.609007163082252	0.8005189188821835	1	1
T cell differentiation involved in immune response	GO:0002292		19	1	1.5447421492365312	-0.43485700272336786	0.609007163082252	0.8005189188821835	1	1
alpha-beta T cell differentiation involved in immune response	GO:0002293		19	1	1.5447421492365312	-0.43485700272336786	0.609007163082252	0.8005189188821835	1	1
CD4-positive, alpha-beta T cell differentiation involved in immune response	GO:0002294		18	1	1.4634399308556614	-0.3807897814530922	0.6389495026159213	0.7828454412068578	1	1
T-helper cell lineage commitment	GO:0002295		6	0	0.4878133102852204	-Inf	0	1	1	1
natural killer cell activation involved in immune response	GO:0002323		6	1	0.4878133102852204	0.7178225072150176	1.465759593120927	0.3988224139625278	1	1
response to tumor cell	GO:0002347		20	4	1.6260443676174012	0.9001440640089723	1.6322561791244243	0.05307486097259935	1	1
defense response to tumor cell	GO:0002357		11	2	0.8943244021895708	0.8048338842046474	1.54458986784587	0.22349837566824932	1	1
T cell lineage commitment	GO:0002360		8	0	0.6504177470469605	-Inf	0	1	1	1
alpha-beta T cell lineage commitment	GO:0002363		7	0	0.5691155286660905	-Inf	0	1	1	1
leukocyte activation involved in immune response	GO:0002366		55	4	4.471622010947854	-0.11145684766950774	0.8047955773214248	0.6495663183007727	1	1
immunoglobulin production	GO:0002377		7	0	0.5691155286660905	-Inf	0	1	1	1
mucosal immune response	GO:0002385		17	1	1.3821377124747911	-0.32363136761314343	0.6718259362075856	0.7636073497610661	1	1
MHC protein complex assembly	GO:0002396		10	1	0.8130221838087006	0.20699688344902697	1.0350244837181672	0.5718194031462658	1	1
MHC class I protein complex assembly	GO:0002397		6	1	0.4878133102852204	0.7178225072150176	1.465759593120927	0.3988224139625278	1	1
dendritic cell chemotaxis	GO:0002407		12	1	0.9756266205704408	0.024675326655072338	0.898928862739797	0.6386518936468044	1	1
immune response to tumor cell	GO:0002418		5	1	0.4065110919043503	0.9001440640089723	1.6322561791244243	0.22462577751705326	1	1
immune response-activating cell surface receptor signaling pathway	GO:0002429		141	10	11.46361279170268	-0.13659282094105002	0.7881545090409638	0.6759418834793243	1	1
complement receptor mediated signaling pathway	GO:0002430		6	0	0.4878133102852204	-Inf	0	1	1	1
Fc receptor mediated stimulatory signaling pathway	GO:0002431		22	2	1.7886488043791415	0.11168670364470205	0.9625093145711885	0.5439251611637498	1	1
immune response-regulating cell surface receptor signaling pathway involved in phagocytosis	GO:0002433		22	2	1.7886488043791415	0.11168670364470205	0.9625093145711885	0.5439251611637498	1	1
inflammatory response to antigenic stimulus	GO:0002437		6	0	0.4878133102852204	-Inf	0	1	1	1
production of molecular mediator of immune response	GO:0002440		8	0	0.6504177470469605	-Inf	0	1	1	1
leukocyte mediated immunity	GO:0002443		75	4	6.097666378565256	-0.4216117759733474	0.6162385955958061	0.8472508510785917	1	1
myeloid leukocyte mediated immunity	GO:0002444		24	1	1.9512532411408816	-0.668471853904873	0.49235623876582585	0.8579600324755672	1	1
neutrophil mediated immunity	GO:0002446		13	1	1.056928838951311	-0.05536738101846421	0.842769678250708	0.6680506238586684	1	1
eosinophil mediated immunity	GO:0002447		5	1	0.4065110919043503	0.9001440640089723	1.6322561791244243	0.34560316721562534	1	1
mast cell mediated immunity	GO:0002448		8	0	0.6504177470469605	-Inf	0	1	1	1
lymphocyte mediated immunity	GO:0002449		56	4	4.552924229328724	-0.1294753531721861	0.7928427126816872	0.6495663183007727	1	1
humoral immune response mediated by circulating immunoglobulin	GO:0002455		6	0	0.4878133102852204	-Inf	0	1	1	1
T cell mediated immunity	GO:0002456		11	1	0.8943244021895708	0.11168670364470205	0.9625093145711885	0.5339052003122138	1	1
adaptive immune response based on somatic recombination of immune receptors built from immunoglobulin superfamily domains	GO:0002460		45	1	3.658599827139153	-1.2970805133272472	0.27003485209268446	0.9740330143503004	1	1
antigen processing and presentation of peptide antigen via MHC class I	GO:0002474		19	2	1.5447421492365312	0.25829017783657743	1.0752242884685586	0.46472284305099365	1	1
antigen processing and presentation via MHC class Ib	GO:0002475		5	0	0.4065110919043503	-Inf	0	1	1	1
antigen processing and presentation of exogenous peptide antigen	GO:0002478		23	3	1.8699510227600116	0.47270004918203257	1.2512707524815427	0.2636608978837491	1	1
antigen processing and presentation of endogenous peptide antigen	GO:0002483		14	1	1.138231057332181	-0.1294753531721861	0.7928427126816872	0.6950590755790824	1	1
antigen processing and presentation of peptide antigen via MHC class II	GO:0002495		19	1	1.5447421492365312	-0.43485700272336786	0.609007163082252	0.7828454412068578	1	1
peptide antigen assembly with MHC protein complex	GO:0002501		10	1	0.8130221838087006	0.20699688344902697	1.0350244837181672	0.5718194031462658	1	1
peptide antigen assembly with MHC class I protein complex	GO:0002502		6	1	0.4878133102852204	0.7178225072150176	1.465759593120927	0.3988224139625278	1	1
antigen processing and presentation of peptide or polysaccharide antigen via MHC class II	GO:0002504		19	1	1.5447421492365312	-0.43485700272336786	0.609007163082252	0.7828454412068578	1	1
tolerance induction	GO:0002507		10	0	0.8130221838087006	-Inf	0	1	1	1
immune system development	GO:0002520		30	0	2.439066551426102	-Inf	0	1	1	1
leukocyte differentiation	GO:0002521		110	10	8.943244021895708	0.11168670364470205	0.9625093145711885	0.4046501972540521	1	1
leukocyte migration involved in inflammatory response	GO:0002523		7	0	0.5691155286660905	-Inf	0	1	1	1
acute inflammatory response	GO:0002526		22	1	1.7886488043791415	-0.5814604769152433	0.5334222975217455	0.8453725187098986	1	1
monocyte chemotaxis	GO:0002548		23	1	1.8699510227600116	-0.6259122394860772	0.5120958595639823	0.8453725187098986	1	1
somatic diversification of immune receptors via germline recombination within a single locus	GO:0002562		8	0	0.6504177470469605	-Inf	0	1	1	1
myeloid leukocyte differentiation	GO:0002573		55	7	4.471622010947854	0.44815894026591485	1.2305163816900462	0.15657875217520717	1	1
regulation of antigen processing and presentation	GO:0002577		11	0	0.8943244021895708	-Inf	0	1	1	1
negative regulation of antigen processing and presentation	GO:0002578		7	0	0.5691155286660905	-Inf	0	1	1	1
regulation of antigen processing and presentation of peptide antigen	GO:0002583		5	0	0.4065110919043503	-Inf	0	1	1	1
regulation of immunoglobulin production	GO:0002637		23	4	1.8699510227600116	0.7603821216338135	1.5041640345098577	0.11177630511791865	1	1
positive regulation of immunoglobulin production	GO:0002639		20	3	1.6260443676174012	0.6124619915571914	1.3720729565968497	0.2189191857887753	1	1
regulation of tolerance induction	GO:0002643		7	0	0.5691155286660905	-Inf	0	1	1	1
regulation of T cell tolerance induction	GO:0002664		6	0	0.4878133102852204	-Inf	0	1	1	1
regulation of acute inflammatory response	GO:0002673		14	1	1.138231057332181	-0.1294753531721861	0.7928427126816872	0.6950590755790824	1	1
negative regulation of acute inflammatory response	GO:0002674		5	0	0.4065110919043503	-Inf	0	1	1	1
positive regulation of acute inflammatory response	GO:0002675		7	0	0.5691155286660905	-Inf	0	1	1	1
regulation of leukocyte migration	GO:0002685		128	8	10.406683952751369	-0.2630067457967087	0.7080691948308241	0.81335911074663	1	1
negative regulation of leukocyte migration	GO:0002686		30	1	2.439066551426102	-0.8916154052190828	0.3992974436281704	0.9216181425198152	1	1
positive regulation of leukocyte migration	GO:0002687		90	5	7.317199654278306	-0.38078978145309206	0.6389495026159214	0.8592398412362227	1	1
regulation of leukocyte chemotaxis	GO:0002688		86	5	6.991990780754826	-0.33532740737633476	0.6649962752853925	0.8309313989007452	1	1
negative regulation of leukocyte chemotaxis	GO:0002689		13	1	1.056928838951311	-0.05536738101846421	0.842769678250708	0.6680506238586684	1	1
positive regulation of leukocyte chemotaxis	GO:0002690		68	3	5.5285508498991645	-0.6113134400649245	0.5190194511611895	0.9177638634038042	1	1
regulation of cellular extravasation	GO:0002691		16	2	1.300835494093921	0.43014043476323666	1.2153715796146363	0.37794987073324315	1	1
negative regulation of cellular extravasation	GO:0002692		5	0	0.4065110919043503	-Inf	0	1	1	1
positive regulation of cellular extravasation	GO:0002693		7	0	0.5691155286660905	-Inf	0	1	1	1
negative regulation of leukocyte activation	GO:0002695		81	4	6.585479688850475	-0.4985728171094754	0.5751573369847224	0.9041533470501955	1	1
positive regulation of leukocyte activation	GO:0002696		167	11	13.577470469605302	-0.21051656317531206	0.7405866170474246	0.7947036887462626	1	1
regulation of immune effector process	GO:0002697		192	10	15.610025929127053	-0.4453283025906632	0.6033377533002444	0.9493197326900755	1	1
negative regulation of immune effector process	GO:0002698		70	3	5.691155286660905	-0.6403009769381767	0.5053483672885217	0.9313817529872108	1	1
positive regulation of immune effector process	GO:0002699		122	8	9.918870642466148	-0.21499752661034802	0.7377696695912641	0.7611813192667725	1	1
regulation of production of molecular mediator of immune response	GO:0002700		78	5	6.341573033707865	-0.2376889378124187	0.7236221519019641	0.7503843924403809	1	1
negative regulation of production of molecular mediator of immune response	GO:0002701		19	1	1.5447421492365312	-0.43485700272336786	0.609007163082252	0.8005189188821835	1	1
positive regulation of production of molecular mediator of immune response	GO:0002702		60	5	4.878133102852204	0.024675326655072338	0.898928862739797	0.5140689381347131	1	1
regulation of leukocyte mediated immunity	GO:0002703		121	4	9.837568424085278	-0.8999142080337779	0.39616047758661005	0.990196281295739	1	1
negative regulation of leukocyte mediated immunity	GO:0002704		46	1	3.739902045520023	-1.3190594200460224	0.2642988664944184	0.97987914452961	1	1
positive regulation of leukocyte mediated immunity	GO:0002705		70	3	5.691155286660905	-0.6403009769381767	0.5053483672885217	0.9270914748070774	1	1
regulation of lymphocyte mediated immunity	GO:0002706		101	3	8.211524056467876	-1.006926251730077	0.35766558595274517	0.9900553653074214	1	1
negative regulation of lymphocyte mediated immunity	GO:0002707		43	1	3.495995390377413	-1.25161813925049	0.28227791446282297	0.9740330143503004	1	1
positive regulation of lymphocyte mediated immunity	GO:0002708		61	3	4.959435321233074	-0.5026795990621289	0.5730285525562685	0.8759525072222165	1	1
regulation of T cell mediated immunity	GO:0002709		59	3	4.796830884471333	-0.469343178794537	0.5904938069457926	0.860941424881039	1	1
negative regulation of T cell mediated immunity	GO:0002710		22	0	1.7886488043791415	-Inf	0	1	1	1
positive regulation of T cell mediated immunity	GO:0002711		35	3	2.8455776433304525	0.05284620362176866	0.9192306947767647	0.5299709995667566	1	1
regulation of B cell mediated immunity	GO:0002712		18	1	1.4634399308556614	-0.3807897814530922	0.6389495026159213	0.7828454412068578	1	1
negative regulation of B cell mediated immunity	GO:0002713		5	0	0.4065110919043503	-Inf	0	1	1	1
positive regulation of B cell mediated immunity	GO:0002714		11	0	0.8943244021895708	-Inf	0	1	1	1
regulation of natural killer cell mediated immunity	GO:0002715		42	1	3.4146931719965425	-1.2280876418402957	0.2888198883263806	0.9717289383377405	1	1
negative regulation of natural killer cell mediated immunity	GO:0002716		23	1	1.8699510227600116	-0.6259122394860772	0.5120958595639823	0.8579600324755672	1	1
positive regulation of natural killer cell mediated immunity	GO:0002717		23	0	1.8699510227600116	-Inf	0	1	1	1
regulation of cytokine production involved in immune response	GO:0002718		54	3	4.3903197925669835	-0.38078978145309206	0.6389495026159214	0.8162786703852003	1	1
negative regulation of cytokine production involved in immune response	GO:0002719		17	1	1.3821377124747911	-0.32363136761314343	0.6718259362075856	0.7636073497610661	1	1
positive regulation of cytokine production involved in immune response	GO:0002720		35	2	2.8455776433304525	-0.3526189044863957	0.6549957178965378	0.7759587026504595	1	1
regulation of T cell cytokine production	GO:0002724		26	2	2.113857677902622	-0.05536738101846421	0.842769678250708	0.6361853947841194	1	1
negative regulation of T cell cytokine production	GO:0002725		7	0	0.5691155286660905	-Inf	0	1	1	1
positive regulation of T cell cytokine production	GO:0002726		17	2	1.3821377124747911	0.3695158129468019	1.1650191589592633	0.4076084483747464	1	1
regulation of natural killer cell cytokine production	GO:0002727		6	0	0.4878133102852204	-Inf	0	1	1	1
positive regulation of natural killer cell cytokine production	GO:0002729		6	0	0.4878133102852204	-Inf	0	1	1	1
cell surface pattern recognition receptor signaling pathway	GO:0002752		33	1	2.6829732065687124	-0.9869255850234077	0.36458975219432327	0.928001796251679	1	1
cytosolic pattern recognition receptor signaling pathway	GO:0002753		60	2	4.878133102852204	-0.8916154052190828	0.3992974436281704	0.9612916953303776	1	1
MyD88-dependent toll-like receptor signaling pathway	GO:0002755		12	1	0.9756266205704408	0.024675326655072338	0.898928862739797	0.6386518936468044	1	1
MyD88-independent toll-like receptor signaling pathway	GO:0002756		11	0	0.8943244021895708	-Inf	0	1	1	1
immune response-activating signaling pathway	GO:0002757		199	11	16.179141457793143	-0.3858275754830493	0.6361121406478784	0.9244795221446757	1	1
innate immune response-activating signaling pathway	GO:0002758		109	3	8.861941803514837	-1.0831536171179614	0.33237274013263296	0.993379378335578	1	1
regulation of antimicrobial humoral response	GO:0002759		6	1	0.4878133102852204	0.7178225072150176	1.465759593120927	0.34560316721562534	1	1
positive regulation of antimicrobial humoral response	GO:0002760		5	0	0.4065110919043503	-Inf	0	1	1	1
regulation of myeloid leukocyte differentiation	GO:0002761		58	6	4.7155286660904645	0.2408984351247081	1.0615050417925094	0.33189648326123494	1	1
negative regulation of myeloid leukocyte differentiation	GO:0002762		25	1	2.0325554595217517	-0.7092938484251281	0.47403735255445417	0.8801462387911566	1	1
positive regulation of myeloid leukocyte differentiation	GO:0002763		31	5	2.520368769806972	0.6850326843920269	1.436383560858906	0.10270955405434642	1	1
immune response-inhibiting signal transduction	GO:0002765		9	0	0.7317199654278307	-Inf	0	1	1	1
immune response-inhibiting cell surface receptor signaling pathway	GO:0002767		8	0	0.6504177470469605	-Inf	0	1	1	1
immune response-regulating cell surface receptor signaling pathway	GO:0002768		168	11	13.65877268798617	-0.21648673016181574	0.7368351757300492	0.7817186299544564	1	1
peptide secretion	GO:0002790		17	0	1.3821377124747911	-Inf	0	1	1	1
regulation of peptide secretion	GO:0002791		73	3	5.935061941803514	-0.6822651760372086	0.4860996192555564	0.9392727038465515	1	1
negative regulation of peptide secretion	GO:0002792		12	0	0.9756266205704408	-Inf	0	1	1	1
positive regulation of peptide secretion	GO:0002793		30	1	2.439066551426102	-0.8916154052190828	0.3992974436281704	0.9146689247438466	1	1
regulation of adaptive immune response	GO:0002819		98	4	7.967617401325267	-0.6890911411076086	0.4830286855608099	0.9606948451746516	1	1
negative regulation of adaptive immune response	GO:0002820		36	1	2.9268798617113228	-1.0739369620130375	0.3353403162326595	0.9529219064485537	1	1
positive regulation of adaptive immune response	GO:0002821		55	3	4.471622010947854	-0.3991389201212887	0.6286619406120891	0.826085279331343	1	1
regulation of adaptive immune response based on somatic recombination of immune receptors built from immunoglobulin superfamily domains	GO:0002822		89	4	7.235897435897436	-0.5927600321691765	0.5279319051955448	0.9345221996065385	1	1
negative regulation of adaptive immune response based on somatic recombination of immune receptors built from immunoglobulin superfamily domains	GO:0002823		33	1	2.6829732065687124	-0.9869255850234077	0.36458975219432327	0.9392526672507046	1	1
positive regulation of adaptive immune response based on somatic recombination of immune receptors built from immunoglobulin superfamily domains	GO:0002824		51	3	4.146413137424373	-0.32363136761314343	0.6718259362075856	0.7840080594378261	1	1
regulation of T-helper 1 type immune response	GO:0002825		13	0	1.056928838951311	-Inf	0	1	1	1
positive regulation of T-helper 1 type immune response	GO:0002827		8	0	0.6504177470469605	-Inf	0	1	1	1
regulation of type 2 immune response	GO:0002828		9	1	0.7317199654278307	0.3123573991068531	1.1184395617578968	0.5339052003122138	1	1
positive regulation of type 2 immune response	GO:0002830		5	1	0.4065110919043503	0.9001440640089723	1.6322561791244243	0.34560316721562534	1	1
negative regulation of response to biotic stimulus	GO:0002832		107	5	8.699337366753097	-0.5538089455847333	0.5470585438789953	0.9324812625476772	1	1
regulation of response to tumor cell	GO:0002834		27	1	2.1951598962834917	-0.7862548895612564	0.4411034563476793	0.8899046725514381	1	1
negative regulation of response to tumor cell	GO:0002835		9	0	0.7317199654278307	-Inf	0	1	1	1
positive regulation of response to tumor cell	GO:0002836		17	1	1.3821377124747911	-0.32363136761314343	0.6718259362075856	0.7426662379148121	1	1
regulation of immune response to tumor cell	GO:0002837		26	1	2.113857677902622	-0.7485145615784096	0.4569950042886458	0.8801462387911566	1	1
negative regulation of immune response to tumor cell	GO:0002838		9	0	0.7317199654278307	-Inf	0	1	1	1
positive regulation of immune response to tumor cell	GO:0002839		17	1	1.3821377124747911	-0.32363136761314343	0.6718259362075856	0.7426662379148121	1	1
regulation of T cell mediated immune response to tumor cell	GO:0002840		16	1	1.300835494093921	-0.2630067457967087	0.7080691948308241	0.719871464965964	1	1
negative regulation of T cell mediated immune response to tumor cell	GO:0002841		7	0	0.5691155286660905	-Inf	0	1	1	1
positive regulation of T cell mediated immune response to tumor cell	GO:0002842		9	1	0.7317199654278307	0.3123573991068531	1.1184395617578968	0.4926363899231906	1	1
regulation of natural killer cell mediated immune response to tumor cell	GO:0002855		8	0	0.6504177470469605	-Inf	0	1	1	1
positive regulation of natural killer cell mediated immune response to tumor cell	GO:0002857		6	0	0.4878133102852204	-Inf	0	1	1	1
regulation of natural killer cell mediated cytotoxicity directed against tumor cell target	GO:0002858		8	0	0.6504177470469605	-Inf	0	1	1	1
positive regulation of natural killer cell mediated cytotoxicity directed against tumor cell target	GO:0002860		6	0	0.4878133102852204	-Inf	0	1	1	1
regulation of inflammatory response to antigenic stimulus	GO:0002861		18	0	1.4634399308556614	-Inf	0	1	1	1
negative regulation of inflammatory response to antigenic stimulus	GO:0002862		16	0	1.300835494093921	-Inf	0	1	1	1
regulation of myeloid leukocyte mediated immunity	GO:0002886		20	1	1.6260443676174012	-0.48615029711091834	0.5816356077875019	0.8167549482694262	1	1
positive regulation of myeloid leukocyte mediated immunity	GO:0002888		9	0	0.7317199654278307	-Inf	0	1	1	1
regulation of immunoglobulin mediated immune response	GO:0002889		17	1	1.3821377124747911	-0.32363136761314343	0.6718259362075856	0.7636073497610661	1	1
negative regulation of immunoglobulin mediated immune response	GO:0002890		5	0	0.4065110919043503	-Inf	0	1	1	1
positive regulation of immunoglobulin mediated immune response	GO:0002891		11	0	0.8943244021895708	-Inf	0	1	1	1
regulation of B cell apoptotic process	GO:0002902		8	1	0.6504177470469605	0.43014043476323666	1.2153715796146363	0.4926363899231906	1	1
negative regulation of B cell apoptotic process	GO:0002903		6	0	0.4878133102852204	-Inf	0	1	1	1
regulation of humoral immune response	GO:0002920		25	2	2.0325554595217517	-0.01614666786518275	0.8700023797642876	0.5919997817214471	1	1
negative regulation of humoral immune response	GO:0002921		9	0	0.7317199654278307	-Inf	0	1	1	1
positive regulation of humoral immune response	GO:0002922		11	0	0.8943244021895708	-Inf	0	1	1	1
lipid hydroxylation	GO:0002933		7	1	0.5691155286660905	0.5636718273877592	1.3294211503564923	0.4477163890561283	1	1
desmosome organization	GO:0002934		8	0	0.6504177470469605	-Inf	0	1	1	1
tRNA threonylcarbamoyladenosine modification	GO:0002949		5	0	0.4065110919043503	-Inf	0	1	1	1
regionalization	GO:0003002		48	2	3.9025064822817632	-0.668471853904873	0.49235623876582585	0.9044291332544852	1	1
developmental process involved in reproduction	GO:0003006		172	5	13.983981561509651	-1.02847458793628	0.3503411019902606	0.9975997553529489	1	1
heart morphogenesis	GO:0003007		63	3	5.1220397579948145	-0.5349404612803503	0.5565277263826629	0.8759525072222165	1	1
skeletal muscle contraction	GO:0003009		13	0	1.056928838951311	-Inf	0	1	1	1
muscle system process	GO:0003012		142	15	11.544915010083548	0.26180511994402206	1.0780079136607847	0.15872829935467136	1	1
circulatory system process	GO:0003013		197	12	16.0165370210314	-0.2887151025069154	0.692527567425494	0.8815597283155651	1	1
renal system process	GO:0003014		48	3	3.9025064822817632	-0.2630067457967087	0.7080691948308241	0.7471842673131515	1	1
heart process	GO:0003015		53	6	4.309017574186114	0.33104953211900584	1.1335734593023223	0.24558079635607918	1	1
vascular process in circulatory system	GO:0003018		88	1	7.154595217516566	-1.967754838035134	0.1393191799046906	0.9994367677561772	1	1
regulation of systemic arterial blood pressure mediated by a chemical signal	GO:0003044		17	0	1.3821377124747911	-Inf	0	1	1	1
regulation of systemic arterial blood pressure	GO:0003073		25	0	2.0325554595217517	-Inf	0	1	1	1
regulation of systemic arterial blood pressure by renin-angiotensin	GO:0003081		10	0	0.8130221838087006	-Inf	0	1	1	1
renal water homeostasis	GO:0003091		12	1	0.9756266205704408	0.024675326655072338	0.898928862739797	0.6386518936468044	1	1
glomerular filtration	GO:0003094		5	0	0.4065110919043503	-Inf	0	1	1	1
renal sodium ion transport	GO:0003096		9	1	0.7317199654278307	0.3123573991068531	1.1184395617578968	0.5339052003122138	1	1
regulation of systemic arterial blood pressure by endothelin	GO:0003100		5	0	0.4065110919043503	-Inf	0	1	1	1
embryonic heart tube morphogenesis	GO:0003143		8	0	0.6504177470469605	-Inf	0	1	1	1
outflow tract morphogenesis	GO:0003151		14	2	1.138231057332181	0.5636718273877592	1.3294211503564923	0.31694075149328715	1	1
endothelium development	GO:0003158		44	1	3.577297608758283	-1.2746076574751886	0.27602230087850416	0.9761494316765322	1	1
morphogenesis of an endothelium	GO:0003159		9	1	0.7317199654278307	0.3123573991068531	1.1184395617578968	0.5339052003122138	1	1
cardiac conduction system development	GO:0003161		5	1	0.4065110919043503	0.9001440640089723	1.6322561791244243	0.34560316721562534	1	1
heart valve development	GO:0003170		25	1	2.0325554595217517	-0.7092938484251281	0.47403735255445417	0.8695235216387899	1	1
atrioventricular valve development	GO:0003171		5	0	0.4065110919043503	-Inf	0	1	1	1
mitral valve development	GO:0003174		5	0	0.4065110919043503	-Inf	0	1	1	1
aortic valve development	GO:0003176		19	0	1.5447421492365312	-Inf	0	1	1	1
pulmonary valve development	GO:0003177		6	1	0.4878133102852204	0.7178225072150176	1.465759593120927	0.34560316721562534	1	1
heart valve morphogenesis	GO:0003179		25	1	2.0325554595217517	-0.7092938484251281	0.47403735255445417	0.8695235216387899	1	1
aortic valve morphogenesis	GO:0003180		19	0	1.5447421492365312	-Inf	0	1	1	1
pulmonary valve morphogenesis	GO:0003184		6	1	0.4878133102852204	0.7178225072150176	1.465759593120927	0.34560316721562534	1	1
endocardial cushion development	GO:0003197		11	0	0.8943244021895708	-Inf	0	1	1	1
endocardial cushion morphogenesis	GO:0003203		7	0	0.5691155286660905	-Inf	0	1	1	1
cardiac chamber development	GO:0003205		33	3	2.6829732065687124	0.11168670364470205	0.9625093145711885	0.4671212500551656	1	1
cardiac chamber morphogenesis	GO:0003206		27	3	2.1951598962834917	0.3123573991068533	1.118439561757897	0.3552932923564186	1	1
cardiac ventricle morphogenesis	GO:0003208		21	1	1.7073465859982713	-0.5349404612803503	0.5565277263826629	0.8316703660941647	1	1
cardiac atrium morphogenesis	GO:0003209		7	1	0.5691155286660905	0.5636718273877592	1.3294211503564923	0.4477163890561283	1	1
cardiac left ventricle morphogenesis	GO:0003214		6	1	0.4878133102852204	0.7178225072150176	1.465759593120927	0.3988224139625278	1	1
ventricular cardiac muscle tissue development	GO:0003229		15	0	1.219533275713051	-Inf	0	1	1	1
cardiac atrium development	GO:0003230		10	1	0.8130221838087006	0.20699688344902697	1.0350244837181672	0.5339052003122138	1	1
cardiac ventricle development	GO:0003231		25	1	2.0325554595217517	-0.7092938484251281	0.47403735255445417	0.8695235216387899	1	1
regulation of membrane depolarization	GO:0003254		28	3	2.276462114664362	0.27598975493597844	1.089278191402854	0.37813228897022433	1	1
endocardial cushion formation	GO:0003272		7	0	0.5691155286660905	-Inf	0	1	1	1
cardiac septum development	GO:0003279		16	2	1.300835494093921	0.43014043476323666	1.2153715796146363	0.31694075149328715	1	1
ventricular septum development	GO:0003281		6	0	0.4878133102852204	-Inf	0	1	1	1
atrial septum development	GO:0003283		8	1	0.6504177470469605	0.43014043476323666	1.2153715796146363	0.4477163890561283	1	1
cardiac muscle hypertrophy	GO:0003300		5	0	0.4065110919043503	-Inf	0	1	1	1
type B pancreatic cell differentiation	GO:0003309		5	0	0.4065110919043503	-Inf	0	1	1	1
amino acid transmembrane transport	GO:0003333		49	2	3.9838087006626335	-0.6890911411076086	0.4830286855608099	0.9107093055889706	1	1
cilium movement	GO:0003341		55	1	4.471622010947854	-1.4977512087893983	0.22180920790811776	0.9889058695594898	1	1
epithelial cilium movement involved in extracellular fluid movement	GO:0003351		10	0	0.8130221838087006	-Inf	0	1	1	1
regulation of cilium movement	GO:0003352		19	1	1.5447421492365312	-0.43485700272336786	0.609007163082252	0.8005189188821835	1	1
positive regulation of cilium movement	GO:0003353		8	1	0.6504177470469605	0.43014043476323666	1.2153715796146363	0.4926363899231906	1	1
regulation of cilium beat frequency	GO:0003356		7	0	0.5691155286660905	-Inf	0	1	1	1
sphingosine-1-phosphate receptor signaling pathway	GO:0003376		7	0	0.5691155286660905	-Inf	0	1	1	1
epithelial cell morphogenesis	GO:0003382		6	0	0.4878133102852204	-Inf	0	1	1	1
detection of calcium ion	GO:0005513		13	1	1.056928838951311	-0.05536738101846421	0.842769678250708	0.6680506238586684	1	1
carbohydrate metabolic process	GO:0005975		187	14	15.203514837222702	-0.08246931079625539	0.8242769204264713	0.65797172103613	1	1
polysaccharide metabolic process	GO:0005976		24	4	1.9512532411408816	0.7178225072150176	1.465759593120927	0.125965754264378	1	1
glycogen metabolic process	GO:0005977		19	3	1.5447421492365312	0.6637552859447419	1.4174248988332587	0.19717388830133464	1	1
glycogen biosynthetic process	GO:0005978		8	1	0.6504177470469605	0.43014043476323666	1.2153715796146363	0.4926363899231906	1	1
regulation of glycogen biosynthetic process	GO:0005979		17	0	1.3821377124747911	-Inf	0	1	1	1
disaccharide metabolic process	GO:0005984		8	0	0.6504177470469605	-Inf	0	1	1	1
monosaccharide metabolic process	GO:0005996		75	5	6.097666378565256	-0.19846822465913755	0.7481986024927315	0.7398874803672448	1	1
fructose metabolic process	GO:0006000		10	2	0.8130221838087006	0.9001440640089723	1.6322561791244243	0.19267737480574515	1	1
fructose 6-phosphate metabolic process	GO:0006002		6	0	0.4878133102852204	-Inf	0	1	1	1
glucose metabolic process	GO:0006006		44	3	3.577297608758283	-0.1759953688070788	0.7625436205347818	0.7055019520560969	1	1
glucose catabolic process	GO:0006007		14	1	1.138231057332181	-0.1294753531721861	0.7928427126816872	0.6950590755790824	1	1
galactose metabolic process	GO:0006012		7	0	0.5691155286660905	-Inf	0	1	1	1
aminoglycan metabolic process	GO:0006022		53	4	4.309017574186114	-0.07441557598915859	0.8297443239959854	0.6347977898161327	1	1
aminoglycan biosynthetic process	GO:0006023		36	3	2.9268798617113228	0.02467532665507212	0.8989288627397969	0.569478856064477	1	1
glycosaminoglycan biosynthetic process	GO:0006024		31	2	2.520368769806972	-0.23125804748212817	0.7276117167426861	0.7301085305639006	1	1
aminoglycan catabolic process	GO:0006026		15	1	1.219533275713051	-0.1984682246591374	0.7481986024927316	0.719871464965964	1	1
glycosaminoglycan catabolic process	GO:0006027		13	1	1.056928838951311	-0.05536738101846421	0.842769678250708	0.6680506238586684	1	1
proteoglycan metabolic process	GO:0006029		61	8	4.959435321233074	0.4781496539495973	1.255899021471191	0.1197643389904143	1	1
amino sugar metabolic process	GO:0006040		28	1	2.276462114664362	-0.8226225337321315	0.42625261943192866	0.9071040750839803	1	1
N-acetylglucosamine metabolic process	GO:0006044		9	1	0.7317199654278307	0.3123573991068531	1.1184395617578968	0.5339052003122138	1	1
UDP-N-acetylglucosamine metabolic process	GO:0006047		9	0	0.7317199654278307	-Inf	0	1	1	1
UDP-N-acetylglucosamine biosynthetic process	GO:0006048		8	0	0.6504177470469605	-Inf	0	1	1	1
N-acetylneuraminate metabolic process	GO:0006054		8	0	0.6504177470469605	-Inf	0	1	1	1
alcohol metabolic process	GO:0006066		169	8	13.740074906367042	-0.5408751968001649	0.5535349550449075	0.9596770479930324	1	1
ethanol metabolic process	GO:0006067		9	0	0.7317199654278307	-Inf	0	1	1	1
ethanol catabolic process	GO:0006068		9	0	0.7317199654278307	-Inf	0	1	1	1
glycerol metabolic process	GO:0006071		5	0	0.4065110919043503	-Inf	0	1	1	1
cellular aldehyde metabolic process	GO:0006081		37	1	3.008182080092192	-1.1013359362011517	0.32658991222787837	0.9442009692082878	1	1
acetyl-CoA metabolic process	GO:0006084		14	1	1.138231057332181	-0.1294753531721861	0.7928427126816872	0.6680506238586684	1	1
acetyl-CoA biosynthetic process	GO:0006085		11	1	0.8943244021895708	0.11168670364470205	0.9625093145711885	0.5718194031462658	1	1
acetyl-CoA biosynthetic process from pyruvate	GO:0006086		6	1	0.4878133102852204	0.7178225072150176	1.465759593120927	0.34560316721562534	1	1
lactate metabolic process	GO:0006089		5	0	0.4065110919043503	-Inf	0	1	1	1
pyruvate metabolic process	GO:0006090		38	5	3.0894842984730624	0.4814337291507873	1.2586915248466826	0.17858005704228283	1	1
generation of precursor metabolites and energy	GO:0006091		175	17	14.22788821665226	0.17800934657577477	1.0126633330602004	0.2415091732191854	1	1
gluconeogenesis	GO:0006094		20	2	1.6260443676174012	0.20699688344902697	1.0350244837181672	0.4920343605245726	1	1
glycolytic process	GO:0006096		23	4	1.8699510227600116	0.7603821216338135	1.5041640345098577	0.11177630511791865	1	1
pentose-phosphate shunt	GO:0006098		11	1	0.8943244021895708	0.11168670364470205	0.9625093145711885	0.6066515058940674	1	1
tricarboxylic acid cycle	GO:0006099		14	4	1.138231057332181	1.2568190079477046	1.969621046209867	0.022483434781429536	1	1
2-oxoglutarate metabolic process	GO:0006103		9	0	0.7317199654278307	-Inf	0	1	1	1
oxaloacetate metabolic process	GO:0006107		6	0	0.4878133102852204	-Inf	0	1	1	1
malate metabolic process	GO:0006108		5	0	0.4065110919043503	-Inf	0	1	1	1
regulation of carbohydrate metabolic process	GO:0006109		85	3	6.910688562373956	-0.8344569913791341	0.4215165404358018	0.9714546427898393	1	1
regulation of glycolytic process	GO:0006110		29	2	2.3577643330452323	-0.16456667298345615	0.7699120039827155	0.6952882846077232	1	1
regulation of gluconeogenesis	GO:0006111		18	1	1.4634399308556614	-0.3807897814530922	0.6389495026159213	0.7828454412068578	1	1
energy reserve metabolic process	GO:0006112		25	3	2.0325554595217517	0.38931844024298157	1.1813619444057044	0.33234670672521316	1	1
oxidative phosphorylation	GO:0006119		37	2	3.008182080092192	-0.4081887556412063	0.6236357337200239	0.8026058061255117	1	1
mitochondrial electron transport, NADH to ubiquinone	GO:0006120		13	0	1.056928838951311	-Inf	0	1	1	1
regulation of nucleotide metabolic process	GO:0006140		47	3	3.8212042639008934	-0.24195333659887633	0.7209853304796112	0.7471842673131515	1	1
purine nucleobase metabolic process	GO:0006144		8	0	0.6504177470469605	-Inf	0	1	1	1
purine nucleoside catabolic process	GO:0006152		6	0	0.4878133102852204	-Inf	0	1	1	1
purine nucleotide metabolic process	GO:0006163		183	10	14.878305963699221	-0.39731908340430255	0.6296764627757817	0.924193563652401	1	1
purine nucleotide biosynthetic process	GO:0006164		57	4	4.634226447709594	-0.14717493027158685	0.781219152133731	0.6914396265886523	1	1
AMP biosynthetic process	GO:0006167		7	0	0.5691155286660905	-Inf	0	1	1	1
cAMP biosynthetic process	GO:0006171		5	0	0.4065110919043503	-Inf	0	1	1	1
GMP biosynthetic process	GO:0006177		7	0	0.5691155286660905	-Inf	0	1	1	1
cGMP biosynthetic process	GO:0006182		7	0	0.5691155286660905	-Inf	0	1	1	1
IMP biosynthetic process	GO:0006188		5	0	0.4065110919043503	-Inf	0	1	1	1
purine nucleotide catabolic process	GO:0006195		42	4	3.4146931719965425	0.15820671927959495	0.9975397110662905	0.4113984927528438	1	1
pyrimidine nucleobase metabolic process	GO:0006206		5	0	0.4065110919043503	-Inf	0	1	1	1
pyrimidine nucleoside metabolic process	GO:0006213		15	0	1.219533275713051	-Inf	0	1	1	1
pyrimidine nucleotide metabolic process	GO:0006220		30	0	2.439066551426102	-Inf	0	1	1	1
pyrimidine nucleotide biosynthetic process	GO:0006221		11	0	0.8943244021895708	-Inf	0	1	1	1
pyrimidine nucleotide catabolic process	GO:0006244		14	0	1.138231057332181	-Inf	0	1	1	1
DNA replication	GO:0006260		117	6	9.512359550561799	-0.46083248912662866	0.5950204159823935	0.9178973826673302	1	1
DNA-templated DNA replication	GO:0006261		94	4	7.642408527801787	-0.6474184447070408	0.5020386351547544	0.950556866258025	1	1
mitochondrial DNA replication	GO:0006264		10	2	0.8130221838087006	0.9001440640089723	1.6322561791244243	0.19267737480574515	1	1
DNA topological change	GO:0006265		5	0	0.4065110919043503	-Inf	0	1	1	1
DNA replication, synthesis of RNA primer	GO:0006269		5	0	0.4065110919043503	-Inf	0	1	1	1
DNA replication initiation	GO:0006270		17	0	1.3821377124747911	-Inf	0	1	1	1
regulation of DNA replication	GO:0006275		87	3	7.073292999135695	-0.85771385354340135	0.41234573348900544	0.9749114358720703	1	1
RNA-templated DNA biosynthetic process	GO:0006278		20	1	1.6260443676174012	-0.48615029711091834	0.5816356077875019	0.8005189188821835	1	1
regulation of DNA repair	GO:0006282		144	3	11.707519446845291	-1.3616190344648185	0.25352107246472166	0.9994767721009452	1	1
transcription-coupled nucleotide-excision repair	GO:0006283		10	1	0.8130221838087006	0.20699688344902697	1.0350244837181672	0.5718194031462658	1	1
base-excision repair	GO:0006284		40	2	3.2520887352348025	-0.48615029711091834	0.5816356077875019	0.8475766689482587	1	1
base-excision repair, AP site formation	GO:0006285		12	0	0.9756266205704408	-Inf	0	1	1	1
base-excision repair, gap-filling	GO:0006287		13	2	1.056928838951311	0.6377797995414811	1.3943947275951296	0.28586713110443496	1	1
nucleotide-excision repair	GO:0006289		46	2	3.739902045520023	-0.6259122394860772	0.5120958595639823	0.8977378623633647	1	1
nucleotide-excision repair, DNA gap filling	GO:0006297		6	0	0.4878133102852204	-Inf	0	1	1	1
mismatch repair	GO:0006298		20	2	1.6260443676174012	0.20699688344902697	1.0350244837181672	0.4920343605245726	1	1
postreplication repair	GO:0006301		28	1	2.276462114664362	-0.8226225337321315	0.42625261943192866	0.9071040750839803	1	1
double-strand break repair	GO:0006302		147	4	11.9514261019879	-1.094556249215773	0.32873512583084086	0.9980469278671757	1	1
double-strand break repair via nonhomologous end joining	GO:0006303		42	0	3.4146931719965425	-Inf	0	1	1	1
DNA modification	GO:0006304		23	0	1.8699510227600116	-Inf	0	1	1	1
DNA dealkylation involved in DNA repair	GO:0006307		8	2	0.6504177470469605	1.1232876153231819	1.8418840104221779	0.13327638298668934	1	1
DNA catabolic process	GO:0006308		11	0	0.8943244021895708	-Inf	0	1	1	1
DNA recombination	GO:0006310		114	2	9.268452895419188	-1.5334692913914774	0.21414526738601447	0.9991376747862861	1	1
mitotic recombination	GO:0006312		14	0	1.138231057332181	-Inf	0	1	1	1
nucleosome assembly	GO:0006334		39	2	3.1707865168539326	-0.4608324891266285	0.5950204159823935	0.826397929767843	1	1
nucleosome disassembly	GO:0006337		18	2	1.4634399308556614	0.3123573991068531	1.1184395617578968	0.43655979518260835	1	1
DNA methylation-dependent heterochromatin formation	GO:0006346		9	0	0.7317199654278307	-Inf	0	1	1	1
DNA-templated transcription initiation	GO:0006352		115	8	9.349755113800057	-0.1559086102403415	0.7755268062266973	0.7087945667298587	1	1
DNA-templated transcription termination	GO:0006353		10	1	0.8130221838087006	0.20699688344902697	1.0350244837181672	0.5718194031462658	1	1
DNA-templated transcription elongation	GO:0006354		25	1	2.0325554595217517	-0.7092938484251281	0.47403735255445417	0.8801462387911566	1	1
regulation of transcription by RNA polymerase I	GO:0006356		33	2	2.6829732065687124	-0.2937784044634623	0.6894965182132737	0.7462150593459236	1	1
regulation of transcription by RNA polymerase III	GO:0006359		26	4	2.113857677902622	0.6377797995414811	1.3943947275951296	0.14086574606821206	1	1
transcription by RNA polymerase I	GO:0006360		12	1	0.9756266205704408	0.024675326655072338	0.898928862739797	0.6386518936468044	1	1
transcription initiation at RNA polymerase I promoter	GO:0006361		7	1	0.5691155286660905	0.5636718273877592	1.3294211503564923	0.4477163890561283	1	1
rRNA processing	GO:0006364		78	0	6.341573033707865	-Inf	0	1	1	1
transcription initiation at RNA polymerase II promoter	GO:0006367		101	6	8.211524056467876	-0.3137790711701317	0.6776198243774136	0.8254911177981414	1	1
transcription elongation by RNA polymerase II	GO:0006368		25	1	2.0325554595217517	-0.7092938484251281	0.47403735255445417	0.8801462387911566	1	1
7-methylguanosine mRNA capping	GO:0006370		6	0	0.4878133102852204	-Inf	0	1	1	1
mRNA splice site recognition	GO:0006376		18	0	1.4634399308556614	-Inf	0	1	1	1
transcription by RNA polymerase III	GO:0006383		28	2	2.276462114664362	-0.1294753531721861	0.7928427126816872	0.6765246818828679	1	1
tRNA splicing, via endonucleolytic cleavage and ligation	GO:0006388		7	0	0.5691155286660905	-Inf	0	1	1	1
mitochondrial transcription	GO:0006390		8	1	0.6504177470469605	0.43014043476323666	1.2153715796146363	0.4926363899231906	1	1
tRNA metabolic process	GO:0006399		132	3	10.73189282627485	-1.2746076574751886	0.27602230087850416	0.9986697816956701	1	1
tRNA modification	GO:0006400		61	0	4.959435321233074	-Inf	0	1	1	1
RNA catabolic process	GO:0006401		146	5	11.870123883607029	-0.8645867328311634	0.40966993747996033	0.9908430038460905	1	1
mRNA catabolic process	GO:0006402		80	3	6.504177470469605	-0.7738323695626993	0.4462798626004201	0.9525937176146889	1	1
RNA localization	GO:0006403		77	3	6.260270815326995	-0.7356111567425014	0.4625420577251324	0.955468790952716	1	1
RNA export from nucleus	GO:0006405		50	3	4.065110919043503	-0.3038287403169638	0.6835092571570985	0.7840080594378261	1	1
mRNA export from nucleus	GO:0006406		43	3	3.495995390377413	-0.1530058505823801	0.7774155632189531	0.6904882305318831	1	1
translational initiation	GO:0006413		40	0	3.2520887352348025	-Inf	0	1	1	1
translational elongation	GO:0006414		46	4	3.739902045520023	0.06723494107386813	0.9297056732049866	0.5208406195644519	1	1
translational termination	GO:0006415		9	1	0.7317199654278307	0.3123573991068531	1.1184395617578968	0.5339052003122138	1	1
tRNA aminoacylation for protein translation	GO:0006418		33	3	2.6829732065687124	0.11168670364470205	0.9625093145711885	0.4885105988335542	1	1
regulation of translational initiation	GO:0006446		58	0	4.7155286660904645	-Inf	0	1	1	1
regulation of translational elongation	GO:0006448		5	0	0.4065110919043503	-Inf	0	1	1	1
regulation of translational termination	GO:0006449		6	0	0.4878133102852204	-Inf	0	1	1	1
protein folding	GO:0006457		107	3	8.699337366753097	-1.064634569350724	0.3383604361776164	0.993379378335578	1	1
'de novo' protein folding	GO:0006458		13	0	1.056928838951311	-Inf	0	1	1	1
signal peptide processing	GO:0006465		8	0	0.6504177470469605	-Inf	0	1	1	1
negative regulation of protein kinase activity	GO:0006469		68	2	5.5285508498991645	-1.0167785481730887	0.354299371971894	0.9765635677665725	1	1
protein dephosphorylation	GO:0006470		78	3	6.341573033707865	-0.7485145615784095	0.4569950042886459	0.946316306450289	1	1
protein acetylation	GO:0006473		30	1	2.439066551426102	-0.8916154052190828	0.3992974436281704	0.9216181425198152	1	1
N-terminal protein amino acid acetylation	GO:0006474		12	0	0.9756266205704408	-Inf	0	1	1	1
internal protein amino acid acetylation	GO:0006475		9	1	0.7317199654278307	0.3123573991068531	1.1184395617578968	0.5339052003122138	1	1
protein deacetylation	GO:0006476		13	1	1.056928838951311	-0.05536738101846421	0.842769678250708	0.6680506238586684	1	1
protein methylation	GO:0006479		40	2	3.2520887352348025	-0.48615029711091834	0.5816356077875019	0.8148435624310426	1	1
protein glycosylation	GO:0006486		148	8	12.032728320368768	-0.4081887556412063	0.6236357337200239	0.9074351326819419	1	1
protein N-linked glycosylation	GO:0006487		54	2	4.3903197925669835	-0.7862548895612564	0.4411034563476793	0.9409546294292925	1	1
dolichol-linked oligosaccharide biosynthetic process	GO:0006488		20	0	1.6260443676174012	-Inf	0	1	1	1
dolichyl diphosphate biosynthetic process	GO:0006489		5	0	0.4065110919043503	-Inf	0	1	1	1
N-glycan processing	GO:0006491		12	0	0.9756266205704408	-Inf	0	1	1	1
protein O-linked glycosylation	GO:0006493		80	4	6.504177470469605	-0.48615029711091834	0.5816356077875019	0.8816752419433547	1	1
protein lipidation	GO:0006497		30	0	2.439066551426102	-Inf	0	1	1	1
GPI anchor metabolic process	GO:0006505		24	1	1.9512532411408816	-0.668471853904873	0.49235623876582585	0.8695235216387899	1	1
GPI anchor biosynthetic process	GO:0006506		24	1	1.9512532411408816	-0.668471853904873	0.49235623876582585	0.8695235216387899	1	1
membrane protein ectodomain proteolysis	GO:0006509		21	1	1.7073465859982713	-0.5349404612803503	0.5565277263826629	0.8167549482694262	1	1
protein monoubiquitination	GO:0006513		38	2	3.0894842984730624	-0.43485700272336786	0.609007163082252	0.826397929767843	1	1
protein quality control for misfolded or incompletely synthesized proteins	GO:0006515		22	0	1.7886488043791415	-Inf	0	1	1	1
glycoprotein catabolic process	GO:0006516		20	3	1.6260443676174012	0.6124619915571914	1.3720729565968497	0.2189191857887753	1	1
protein deglycosylation	GO:0006517		18	1	1.4634399308556614	-0.3807897814530922	0.6389495026159213	0.7828454412068578	1	1
peptide metabolic process	GO:0006518		24	0	1.9512532411408816	-Inf	0	1	1	1
amino acid metabolic process	GO:0006520		192	9	15.610025929127053	-0.5506888182484896	0.5486151657955654	0.9693882669821032	1	1
regulation of cellular amino acid metabolic process	GO:0006521		5	0	0.4065110919043503	-Inf	0	1	1	1
arginine metabolic process	GO:0006525		7	0	0.5691155286660905	-Inf	0	1	1	1
arginine catabolic process	GO:0006527		5	0	0.4065110919043503	-Inf	0	1	1	1
cysteine metabolic process	GO:0006534		5	0	0.4065110919043503	-Inf	0	1	1	1
glutamate metabolic process	GO:0006536		16	1	1.300835494093921	-0.2630067457967087	0.7080691948308241	0.7426662379148121	1	1
glutamate catabolic process	GO:0006538		6	1	0.4878133102852204	0.7178225072150176	1.465759593120927	0.3988224139625278	1	1
glutamine metabolic process	GO:0006541		6	1	0.4878133102852204	0.7178225072150176	1.465759593120927	0.3988224139625278	1	1
glycine metabolic process	GO:0006544		10	0	0.8130221838087006	-Inf	0	1	1	1
histidine metabolic process	GO:0006547		7	0	0.5691155286660905	-Inf	0	1	1	1
histidine catabolic process	GO:0006548		7	0	0.5691155286660905	-Inf	0	1	1	1
lysine metabolic process	GO:0006553		5	0	0.4065110919043503	-Inf	0	1	1	1
lysine catabolic process	GO:0006554		5	0	0.4065110919043503	-Inf	0	1	1	1
methionine metabolic process	GO:0006555		12	0	0.9756266205704408	-Inf	0	1	1	1
proline metabolic process	GO:0006560		8	0	0.6504177470469605	-Inf	0	1	1	1
L-serine metabolic process	GO:0006563		10	0	0.8130221838087006	-Inf	0	1	1	1
tryptophan metabolic process	GO:0006568		8	0	0.6504177470469605	-Inf	0	1	1	1
tryptophan catabolic process	GO:0006569		7	0	0.5691155286660905	-Inf	0	1	1	1
tyrosine metabolic process	GO:0006570		11	0	0.8943244021895708	-Inf	0	1	1	1
tyrosine catabolic process	GO:0006572		5	0	0.4065110919043503	-Inf	0	1	1	1
cellular modified amino acid metabolic process	GO:0006575		104	4	8.455430711610488	-0.7485145615784096	0.4569950042886458	0.9706577688883924	1	1
biogenic amine metabolic process	GO:0006576		52	1	4.227715355805244	-1.4416617421383549	0.23438249745879713	0.9868484560000643	1	1
amino-acid betaine metabolic process	GO:0006577		10	0	0.8130221838087006	-Inf	0	1	1	1
amino-acid betaine biosynthetic process	GO:0006578		5	0	0.4065110919043503	-Inf	0	1	1	1
melanin metabolic process	GO:0006582		6	0	0.4878133102852204	-Inf	0	1	1	1
catecholamine metabolic process	GO:0006584		19	0	1.5447421492365312	-Inf	0	1	1	1
indolalkylamine metabolic process	GO:0006586		10	0	0.8130221838087006	-Inf	0	1	1	1
thyroid hormone generation	GO:0006590		8	0	0.6504177470469605	-Inf	0	1	1	1
polyamine metabolic process	GO:0006595		14	0	1.138231057332181	-Inf	0	1	1	1
polyamine biosynthetic process	GO:0006596		6	0	0.4878133102852204	-Inf	0	1	1	1
protein targeting	GO:0006605		119	5	9.674963987323537	-0.6601036042343562	0.4961855287660837	0.9660731898060768	1	1
protein import into nucleus	GO:0006606		43	1	3.495995390377413	-1.25161813925049	0.28227791446282297	0.9717289383377405	1	1
NLS-bearing protein import into nucleus	GO:0006607		10	0	0.8130221838087006	-Inf	0	1	1	1
protein export from nucleus	GO:0006611		18	0	1.4634399308556614	-Inf	0	1	1	1
protein targeting to membrane	GO:0006612		27	1	2.1951598962834917	-0.7862548895612564	0.4411034563476793	0.8899046725514381	1	1
cotranslational protein targeting to membrane	GO:0006613		11	0	0.8943244021895708	-Inf	0	1	1	1
post-translational protein targeting to endoplasmic reticulum membrane	GO:0006620		9	0	0.7317199654278307	-Inf	0	1	1	1
protein targeting to lysosome	GO:0006622		18	1	1.4634399308556614	-0.3807897814530922	0.6389495026159213	0.7828454412068578	1	1
protein targeting to vacuole	GO:0006623		21	1	1.7073465859982713	-0.5349404612803503	0.5565277263826629	0.8316703660941647	1	1
protein targeting to peroxisome	GO:0006625		7	0	0.5691155286660905	-Inf	0	1	1	1
protein targeting to mitochondrion	GO:0006626		46	3	3.739902045520023	-0.22044713137791272	0.734354080755392	0.7338427569090165	1	1
fatty acid metabolic process	GO:0006631		189	6	15.366119273984442	-0.9404055693885147	0.38117194553190514	0.9979529113217892	1	1
fatty acid biosynthetic process	GO:0006633		68	4	5.5285508498991645	-0.32363136761314343	0.6718259362075856	0.8139313220636812	1	1
fatty acid beta-oxidation	GO:0006635		40	1	3.2520887352348025	-1.1792974776708636	0.30284420349642827	0.9664898323259665	1	1
unsaturated fatty acid biosynthetic process	GO:0006636		24	2	1.9512532411408816	0.024675326655072338	0.898928862739797	0.5919997817214471	1	1
acyl-CoA metabolic process	GO:0006637		60	1	4.878133102852204	-1.584762585779028	0.20358716783066688	0.9933413015309982	1	1
neutral lipid metabolic process	GO:0006638		46	3	3.739902045520023	-0.22044713137791272	0.734354080755392	0.7055019520560969	1	1
acylglycerol metabolic process	GO:0006639		46	3	3.739902045520023	-0.22044713137791272	0.734354080755392	0.7055019520560969	1	1
monoacylglycerol biosynthetic process	GO:0006640		7	1	0.5691155286660905	0.5636718273877592	1.3294211503564923	0.34560316721562534	1	1
triglyceride metabolic process	GO:0006641		27	1	2.1951598962834917	-0.7862548895612564	0.4411034563476793	0.8988690967553691	1	1
membrane lipid metabolic process	GO:0006643		154	7	12.52054163065399	-0.581460476915243	0.5334222975217456	0.9684902011016209	1	1
phosphatidylethanolamine biosynthetic process	GO:0006646		7	0	0.5691155286660905	-Inf	0	1	1	1
phosphatidic acid biosynthetic process	GO:0006654		26	2	2.113857677902622	-0.05536738101846421	0.842769678250708	0.6361853947841194	1	1
phosphatidylglycerol biosynthetic process	GO:0006655		6	0	0.4878133102852204	-Inf	0	1	1	1
phosphatidylcholine biosynthetic process	GO:0006656		18	0	1.4634399308556614	-Inf	0	1	1	1
phosphatidylserine metabolic process	GO:0006658		15	0	1.219533275713051	-Inf	0	1	1	1
phosphatidylinositol biosynthetic process	GO:0006661		86	4	6.991990780754826	-0.5584709586905445	0.5447394738528083	0.9268805845912802	1	1
glycerol ether metabolic process	GO:0006662		11	0	0.8943244021895708	-Inf	0	1	1	1
glycolipid metabolic process	GO:0006664		80	3	6.504177470469605	-0.7738323695626993	0.4462798626004201	0.9607357763907749	1	1
sphingolipid metabolic process	GO:0006665		122	5	9.918870642466148	-0.6850011558560836	0.4848667213261522	0.9712232392010547	1	1
sphingosine metabolic process	GO:0006670		19	1	1.5447421492365312	-0.43485700272336786	0.609007163082252	0.8005189188821835	1	1
ceramide metabolic process	GO:0006672		66	2	5.365946413137425	-0.9869255850234077	0.36458975219432327	0.97292635481838	1	1
glycosylceramide metabolic process	GO:0006677		10	0	0.8130221838087006	-Inf	0	1	1	1
galactosylceramide metabolic process	GO:0006681		5	0	0.4065110919043503	-Inf	0	1	1	1
sphingomyelin metabolic process	GO:0006684		11	0	0.8943244021895708	-Inf	0	1	1	1
sphingomyelin catabolic process	GO:0006685		5	0	0.4065110919043503	-Inf	0	1	1	1
sphingomyelin biosynthetic process	GO:0006686		5	0	0.4065110919043503	-Inf	0	1	1	1
glycosphingolipid metabolic process	GO:0006687		50	1	4.065110919043503	-1.4024410289850733	0.2435799442361706	0.9844098137218278	1	1
glycosphingolipid biosynthetic process	GO:0006688		32	1	2.601670988187842	-0.956153926356654	0.3754828901181559	0.9338658845389614	1	1
ganglioside catabolic process	GO:0006689		6	0	0.4878133102852204	-Inf	0	1	1	1
icosanoid metabolic process	GO:0006690		75	4	6.097666378565256	-0.4216117759733474	0.6162385955958061	0.8619291907135047	1	1
leukotriene metabolic process	GO:0006691		20	1	1.6260443676174012	-0.48615029711091834	0.5816356077875019	0.8167549482694262	1	1
prostanoid metabolic process	GO:0006692		29	1	2.3577643330452323	-0.8577138535434015	0.41234573348900533	0.9146689247438466	1	1
prostaglandin metabolic process	GO:0006693		26	1	2.113857677902622	-0.7485145615784096	0.4569950042886458	0.8899046725514381	1	1
steroid biosynthetic process	GO:0006694		60	6	4.878133102852204	0.20699688344902697	1.0350244837181672	0.3467045119108336	1	1
cholesterol biosynthetic process	GO:0006695		24	3	1.9512532411408816	0.43014043476323666	1.2153715796146363	0.2864435867986237	1	1
bile acid biosynthetic process	GO:0006699		25	0	2.0325554595217517	-Inf	0	1	1	1
C21-steroid hormone biosynthetic process	GO:0006700		9	1	0.7317199654278307	0.3123573991068531	1.1184395617578968	0.5339052003122138	1	1
androgen biosynthetic process	GO:0006702		8	0	0.6504177470469605	-Inf	0	1	1	1
estrogen biosynthetic process	GO:0006703		8	1	0.6504177470469605	0.43014043476323666	1.2153715796146363	0.4477163890561283	1	1
glucocorticoid biosynthetic process	GO:0006704		6	0	0.4878133102852204	-Inf	0	1	1	1
steroid catabolic process	GO:0006706		16	2	1.300835494093921	0.43014043476323666	1.2153715796146363	0.37794987073324315	1	1
cholesterol catabolic process	GO:0006707		5	0	0.4065110919043503	-Inf	0	1	1	1
isoprenoid metabolic process	GO:0006720		78	4	6.341573033707865	-0.4608324891266285	0.5950204159823935	0.8472508510785917	1	1
terpenoid metabolic process	GO:0006721		61	2	4.959435321233074	-0.9081447071702933	0.39307131697061265	0.9449363028885791	1	1
one-carbon metabolic process	GO:0006730		8	0	0.6504177470469605	-Inf	0	1	1	1
NADH metabolic process	GO:0006734		25	2	2.0325554595217517	-0.01614666786518275	0.8700023797642876	0.614578309981989	1	1
NADP metabolic process	GO:0006739		21	1	1.7073465859982713	-0.5349404612803503	0.5565277263826629	0.8316703660941647	1	1
NADPH regeneration	GO:0006740		13	1	1.056928838951311	-0.05536738101846421	0.842769678250708	0.6680506238586684	1	1
ubiquinone metabolic process	GO:0006743		18	1	1.4634399308556614	-0.3807897814530922	0.6389495026159213	0.7828454412068578	1	1
ubiquinone biosynthetic process	GO:0006744		16	0	1.300835494093921	-Inf	0	1	1	1
glutathione metabolic process	GO:0006749		25	2	2.0325554595217517	-0.01614666786518275	0.8700023797642876	0.5919997817214471	1	1
glutathione biosynthetic process	GO:0006750		6	0	0.4878133102852204	-Inf	0	1	1	1
ATP biosynthetic process	GO:0006754		19	2	1.5447421492365312	0.25829017783657743	1.0752242884685586	0.46472284305099365	1	1
folic acid-containing compound metabolic process	GO:0006760		20	0	1.6260443676174012	-Inf	0	1	1	1
vitamin metabolic process	GO:0006766		79	4	6.422875252088735	-0.47357151490405824	0.5882551355183817	0.875383690450365	1	1
water-soluble vitamin metabolic process	GO:0006767		49	1	3.9838087006626335	-1.382238321667554	0.24845207537980313	0.9830259591144737	1	1
riboflavin metabolic process	GO:0006771		5	0	0.4065110919043503	-Inf	0	1	1	1
fat-soluble vitamin metabolic process	GO:0006775		30	3	2.439066551426102	0.20699688344902697	1.0350244837181672	0.400794141011956	1	1
porphyrin-containing compound metabolic process	GO:0006778		29	2	2.3577643330452323	-0.16456667298345615	0.7699120039827155	0.6765246818828679	1	1
porphyrin-containing compound biosynthetic process	GO:0006779		18	2	1.4634399308556614	0.3123573991068531	1.1184395617578968	0.43655979518260835	1	1
protoporphyrinogen IX biosynthetic process	GO:0006782		6	0	0.4878133102852204	-Inf	0	1	1	1
heme biosynthetic process	GO:0006783		18	2	1.4634399308556614	0.3123573991068531	1.1184395617578968	0.43655979518260835	1	1
porphyrin-containing compound catabolic process	GO:0006787		11	0	0.8943244021895708	-Inf	0	1	1	1
sulfur compound metabolic process	GO:0006790		193	10	15.691328147507923	-0.4505231194677672	0.600540722654656	0.951376121357447	1	1
superoxide metabolic process	GO:0006801		27	3	2.1951598962834917	0.3123573991068533	1.118439561757897	0.3552932923564186	1	1
xenobiotic metabolic process	GO:0006805		107	3	8.699337366753097	-1.064634569350724	0.3383604361776164	0.9893635500471708	1	1
nitric oxide biosynthetic process	GO:0006809		10	1	0.8130221838087006	0.20699688344902697	1.0350244837181672	0.5718194031462658	1	1
potassium ion transport	GO:0006813		98	7	7.967617401325267	-0.1294753531721861	0.7928427126816872	0.6396946929312461	1	1
sodium ion transport	GO:0006814		59	2	4.796830884471333	-0.8748082869027014	0.40571919899601877	0.9554026185610376	1	1
calcium ion transport	GO:0006816		131	8	10.650590607893978	-0.2861738050782429	0.6940525777415172	0.8328632847595042	1	1
phosphate ion transport	GO:0006817		14	0	1.138231057332181	-Inf	0	1	1	1
monoatomic anion transport	GO:0006820		68	5	5.5285508498991645	-0.10048781629893372	0.8121309848879507	0.6173573410693685	1	1
chloride transport	GO:0006821		55	5	4.471622010947854	0.11168670364470205	0.9625093145711885	0.41740602629646084	1	1
copper ion transport	GO:0006825		7	1	0.5691155286660905	0.5636718273877592	1.3294211503564923	0.4477163890561283	1	1
iron ion transport	GO:0006826		25	1	2.0325554595217517	-0.7092938484251281	0.47403735255445417	0.8801462387911566	1	1
manganese ion transport	GO:0006828		7	0	0.5691155286660905	-Inf	0	1	1	1
zinc ion transport	GO:0006829		24	0	1.9512532411408816	-Inf	0	1	1	1
water transport	GO:0006833		15	1	1.219533275713051	-0.1984682246591374	0.7481986024927316	0.719871464965964	1	1
dicarboxylic acid transport	GO:0006835		33	2	2.6829732065687124	-0.2937784044634623	0.6894965182132737	0.7462150593459236	1	1
neurotransmitter transport	GO:0006836		43	1	3.495995390377413	-1.25161813925049	0.28227791446282297	0.9717289383377405	1	1
serotonin transport	GO:0006837		10	0	0.8130221838087006	-Inf	0	1	1	1
mitochondrial transport	GO:0006839		113	2	9.187150677038318	-1.5246586617093225	0.21601154304121592	0.9992017111091052	1	1
pyruvate transport	GO:0006848		6	0	0.4878133102852204	-Inf	0	1	1	1
mitochondrial calcium ion transmembrane transport	GO:0006851		13	0	1.056928838951311	-Inf	0	1	1	1
xenobiotic transmembrane transport	GO:0006855		15	0	1.219533275713051	-Inf	0	1	1	1
oligopeptide transport	GO:0006857		8	0	0.6504177470469605	-Inf	0	1	1	1
extracellular transport	GO:0006858		13	0	1.056928838951311	-Inf	0	1	1	1
nucleotide transport	GO:0006862		33	0	2.6829732065687124	-Inf	0	1	1	1
purine nucleobase transport	GO:0006863		7	0	0.5691155286660905	-Inf	0	1	1	1
amino acid transport	GO:0006865		69	2	5.609853068280035	-1.0313773475942416	0.3493650634683716	0.9765635677665725	1	1
glutamine transport	GO:0006868		6	0	0.4878133102852204	-Inf	0	1	1	1
lipid transport	GO:0006869		160	4	13.00835494093921	-1.1792974776708636	0.30284420349642827	0.9992366149355163	1	1
intracellular calcium ion homeostasis	GO:0006874		101	6	8.211524056467876	-0.3137790711701317	0.6776198243774136	0.8181144867305454	1	1
intracellular copper ion homeostasis	GO:0006878		10	0	0.8130221838087006	-Inf	0	1	1	1
intracellular iron ion homeostasis	GO:0006879		46	1	3.739902045520023	-1.3190594200460224	0.2642988664944184	0.97987914452961	1	1
intracellular zinc ion homeostasis	GO:0006882		14	0	1.138231057332181	-Inf	0	1	1	1
intracellular sodium ion homeostasis	GO:0006883		13	1	1.056928838951311	-0.05536738101846421	0.842769678250708	0.6680506238586684	1	1
cell volume homeostasis	GO:0006884		22	0	1.7886488043791415	-Inf	0	1	1	1
regulation of pH	GO:0006885		47	1	3.8212042639008934	-1.3405656252669862	0.2587989875806654	0.97987914452961	1	1
intracellular protein transport	GO:0006886		180	9	14.634399308556612	-0.48615029711091834	0.5816356077875019	0.9581777926914239	1	1
exocytosis	GO:0006887		75	2	6.097666378565256	-1.1147589565332927	0.3223810860941467	0.9859270436187885	1	1
endoplasmic reticulum to Golgi vesicle-mediated transport	GO:0006888		60	3	4.878133102852204	-0.48615029711091834	0.5816356077875019	0.8759525072222165	1	1
retrograde vesicle-mediated transport, Golgi to endoplasmic reticulum	GO:0006890		27	2	2.1951598962834917	-0.09310770900131116	0.8170913356733155	0.6568296432492311	1	1
intra-Golgi vesicle-mediated transport	GO:0006891		17	1	1.3821377124747911	-0.32363136761314343	0.6718259362075856	0.7636073497610661	1	1
post-Golgi vesicle-mediated transport	GO:0006892		61	1	4.959435321233074	-1.6012918877302387	0.20029394892283411	0.9938845151954154	1	1
Golgi to plasma membrane transport	GO:0006893		32	0	2.601670988187842	-Inf	0	1	1	1
Golgi to endosome transport	GO:0006895		10	1	0.8130221838087006	0.20699688344902697	1.0350244837181672	0.5339052003122138	1	1
Golgi to vacuole transport	GO:0006896		10	1	0.8130221838087006	0.20699688344902697	1.0350244837181672	0.5718194031462658	1	1
receptor-mediated endocytosis	GO:0006898		102	3	8.292826274848746	-1.0167785481730887	0.354299371971894	0.9913111476817749	1	1
vesicle budding from membrane	GO:0006900		36	3	2.9268798617113228	0.02467532665507212	0.8989288627397969	0.5299709995667566	1	1
vesicle coating	GO:0006901		13	1	1.056928838951311	-0.05536738101846421	0.842769678250708	0.6680506238586684	1	1
vesicle targeting	GO:0006903		31	1	2.520368769806972	-0.9244052280420735	0.38703219543570105	0.928001796251679	1	1
vesicle docking involved in exocytosis	GO:0006904		8	0	0.6504177470469605	-Inf	0	1	1	1
vesicle fusion	GO:0006906		39	1	3.1707865168539326	-1.1539796696865738	0.3103720426787347	0.9567574160045956	1	1
pinocytosis	GO:0006907		6	0	0.4878133102852204	-Inf	0	1	1	1
phagocytosis	GO:0006909		79	4	6.422875252088735	-0.47357151490405824	0.5882551355183817	0.8876887456477869	1	1
phagocytosis, recognition	GO:0006910		7	0	0.5691155286660905	-Inf	0	1	1	1
phagocytosis, engulfment	GO:0006911		14	0	1.138231057332181	-Inf	0	1	1	1
nucleocytoplasmic transport	GO:0006913		122	5	9.918870642466148	-0.6850011558560836	0.4848667213261522	0.9712232392010547	1	1
autophagy	GO:0006914		183	6	14.878305963699221	-0.9081447071702932	0.3930713169706127	0.9972411719752169	1	1
cellular component disassembly involved in execution phase of apoptosis	GO:0006921		12	1	0.9756266205704408	0.024675326655072338	0.898928862739797	0.6386518936468044	1	1
substrate-dependent cell migration	GO:0006929		9	0	0.7317199654278307	-Inf	0	1	1	1
chemotaxis	GO:0006935		181	11	14.715701526937481	-0.29101978202438256	0.6911466939426268	0.8655964664274378	1	1
muscle contraction	GO:0006936		130	13	10.569288389513108	0.20699688344902697	1.0350244837181672	0.24075231955769685	1	1
regulation of muscle contraction	GO:0006937		85	6	6.910688562373956	-0.1413098108191888	0.7850578926096997	0.6651847074405246	1	1
smooth muscle contraction	GO:0006939		17	0	1.3821377124747911	-Inf	0	1	1	1
regulation of smooth muscle contraction	GO:0006940		13	1	1.056928838951311	-0.05536738101846421	0.842769678250708	0.6386518936468044	1	1
striated muscle contraction	GO:0006941		64	7	5.203341976375684	0.29660904213871403	1.1057653084354668	0.23730239935638847	1	1
regulation of striated muscle contraction	GO:0006942		63	5	5.1220397579948145	-0.02411483751435978	0.8644250289129124	0.5598710494350791	1	1
syncytium formation	GO:0006949		15	1	1.219533275713051	-0.1984682246591374	0.7481986024927316	0.6680506238586684	1	1
acute-phase response	GO:0006953		11	0	0.8943244021895708	-Inf	0	1	1	1
inflammatory response	GO:0006954		194	9	15.772630365888794	-0.5610516052840362	0.5434592549488502	0.9767499456728506	1	1
complement activation	GO:0006956		28	2	2.276462114664362	-0.1294753531721861	0.7928427126816872	0.6568296432492311	1	1
complement activation, classical pathway	GO:0006958		5	0	0.4065110919043503	-Inf	0	1	1	1
humoral immune response	GO:0006959		168	7	13.65877268798617	-0.668471853904873	0.49235623876582585	0.9777790477011873	1	1
cellular defense response	GO:0006968		46	4	3.739902045520023	0.06723494107386813	0.9297056732049866	0.4853007030342952	1	1
response to osmotic stress	GO:0006970		33	1	2.6829732065687124	-0.9869255850234077	0.36458975219432327	0.9338658845389614	1	1
hypotonic response	GO:0006971		8	0	0.6504177470469605	-Inf	0	1	1	1
hyperosmotic response	GO:0006972		10	0	0.8130221838087006	-Inf	0	1	1	1
response to oxidative stress	GO:0006979		187	11	15.203514837222702	-0.32363136761314343	0.6718259362075856	0.8985228281116504	1	1
ER overload response	GO:0006983		7	0	0.5691155286660905	-Inf	0	1	1	1
ER-nucleus signaling pathway	GO:0006984		26	1	2.113857677902622	-0.7485145615784096	0.4569950042886458	0.8899046725514381	1	1
response to unfolded protein	GO:0006986		66	2	5.365946413137425	-0.9869255850234077	0.36458975219432327	0.9709089042722299	1	1
response to sterol depletion	GO:0006991		10	1	0.8130221838087006	0.20699688344902697	1.0350244837181672	0.5718194031462658	1	1
nucleus organization	GO:0006997		88	1	7.154595217516566	-1.967754838035134	0.1393191799046906	0.9993320756153157	1	1
nuclear envelope organization	GO:0006998		44	0	3.577297608758283	-Inf	0	1	1	1
nuclear pore organization	GO:0006999		13	1	1.056928838951311	-0.05536738101846421	0.842769678250708	0.6680506238586684	1	1
nucleolus organization	GO:0007000		7	0	0.5691155286660905	-Inf	0	1	1	1
telomere maintenance via telomerase	GO:0007004		20	1	1.6260443676174012	-0.48615029711091834	0.5816356077875019	0.8005189188821835	1	1
mitochondrial membrane organization	GO:0007006		72	2	5.8537597234226455	-1.0739369620130375	0.3353403162326595	0.9811476723565843	1	1
inner mitochondrial membrane organization	GO:0007007		34	1	2.7642754249495822	-1.0167785481730887	0.354299371971894	0.9442009692082878	1	1
plasma membrane organization	GO:0007009		65	1	5.284644194756554	-1.6648052934525646	0.18811603625682624	0.9938845151954154	1	1
actin filament organization	GO:0007015		104	9	8.455430711610488	0.06241565463791926	0.9261893538021087	0.45002594807208607	1	1
microtubule-based movement	GO:0007018		118	2	9.593661768942667	-1.5679554674626466	0.20698973247980607	0.9994141147760329	1	1
microtubule depolymerization	GO:0007019		10	0	0.8130221838087006	-Inf	0	1	1	1
microtubule nucleation	GO:0007020		17	1	1.3821377124747911	-0.32363136761314343	0.6718259362075856	0.7636073497610661	1	1
post-chaperonin tubulin folding pathway	GO:0007023		5	0	0.4065110919043503	-Inf	0	1	1	1
negative regulation of microtubule depolymerization	GO:0007026		13	1	1.056928838951311	-0.05536738101846421	0.842769678250708	0.6680506238586684	1	1
endoplasmic reticulum organization	GO:0007029		60	1	4.878133102852204	-1.584762585779028	0.20358716783066688	0.9938845151954154	1	1
Golgi organization	GO:0007030		77	4	6.260270815326995	-0.4479290842907205	0.6019361320073551	0.875383690450365	1	1
peroxisome organization	GO:0007031		29	1	2.3577643330452323	-0.8577138535434015	0.41234573348900533	0.9071040750839803	1	1
endosome organization	GO:0007032		51	0	4.146413137424373	-Inf	0	1	1	1
vacuole organization	GO:0007033		107	2	8.699337366753097	-1.4700996774588881	0.227924017973615	0.9987330859207046	1	1
vacuolar transport	GO:0007034		100	2	8.130221838087007	-1.4024410289850733	0.2435799442361706	0.9972817448471822	1	1
vacuolar acidification	GO:0007035		11	0	0.8943244021895708	-Inf	0	1	1	1
protein catabolic process in the vacuole	GO:0007039		6	0	0.4878133102852204	-Inf	0	1	1	1
lysosome organization	GO:0007040		53	0	4.309017574186114	-Inf	0	1	1	1
lysosomal transport	GO:0007041		97	2	7.886315182944397	-1.371981821500365	0.25096123458266356	0.9965880421520379	1	1
lysosomal lumen acidification	GO:0007042		10	0	0.8130221838087006	-Inf	0	1	1	1
cell-cell junction assembly	GO:0007043		55	5	4.471622010947854	0.11168670364470205	0.9625093145711885	0.4501911837581284	1	1
cell-substrate junction assembly	GO:0007044		21	3	1.7073465859982713	0.5636718273877593	1.3294211503564923	0.2411181636487546	1	1
spindle organization	GO:0007051		110	3	8.943244021895708	-1.092286100681234	0.32945636997623556	0.9949671865053713	1	1
mitotic spindle organization	GO:0007052		70	2	5.691155286660905	-1.045766085046341	0.3445638924647699	0.9811476723565843	1	1
chromosome segregation	GO:0007059		183	3	14.878305963699221	-1.6012918877302385	0.20029394892283414	0.9999659350744728	1	1
sister chromatid cohesion	GO:0007062		28	0	2.276462114664362	-Inf	0	1	1	1
regulation of sister chromatid cohesion	GO:0007063		15	1	1.219533275713051	-0.1984682246591374	0.7481986024927316	0.719871464965964	1	1
mitotic sister chromatid cohesion	GO:0007064		14	0	1.138231057332181	-Inf	0	1	1	1
mitotic chromosome condensation	GO:0007076		13	0	1.056928838951311	-Inf	0	1	1	1
mitotic nuclear membrane disassembly	GO:0007077		8	0	0.6504177470469605	-Inf	0	1	1	1
mitotic metaphase chromosome alignment	GO:0007080		53	1	4.309017574186114	-1.4607099371090493	0.23003726617377906	0.9868484560000643	1	1
mitotic nuclear membrane reassembly	GO:0007084		10	0	0.8130221838087006	-Inf	0	1	1	1
regulation of mitotic nuclear division	GO:0007088		80	4	6.504177470469605	-0.48615029711091834	0.5816356077875019	0.8989186352423846	1	1
mitotic cell cycle checkpoint signaling	GO:0007093		77	3	6.260270815326995	-0.7356111567425014	0.4625420577251324	0.9525937176146889	1	1
mitotic spindle assembly checkpoint signaling	GO:0007094		20	1	1.6260443676174012	-0.48615029711091834	0.5816356077875019	0.8167549482694262	1	1
mitotic G2 DNA damage checkpoint signaling	GO:0007095		27	0	2.1951598962834917	-Inf	0	1	1	1
regulation of exit from mitosis	GO:0007096		8	2	0.6504177470469605	1.1232876153231819	1.8418840104221779	0.13327638298668934	1	1
centrosome cycle	GO:0007098		69	4	5.609853068280035	-0.33823016703429626	0.6633094229880926	0.8139313220636812	1	1
centriole replication	GO:0007099		21	2	1.7073465859982713	0.15820671927959495	0.9975397110662905	0.5184465917746591	1	1
meiosis I	GO:0007127		22	1	1.7886488043791415	-0.5814604769152433	0.5334222975217455	0.8167549482694262	1	1
homologous chromosome pairing at meiosis	GO:0007129		5	0	0.4065110919043503	-Inf	0	1	1	1
reciprocal meiotic recombination	GO:0007131		18	1	1.4634399308556614	-0.3807897814530922	0.6389495026159213	0.7426662379148121	1	1
homophilic cell adhesion via plasma membrane adhesion molecules	GO:0007156		21	1	1.7073465859982713	-0.5349404612803503	0.5565277263826629	0.8316703660941647	1	1
heterophilic cell-cell adhesion via plasma membrane cell adhesion molecules	GO:0007157		17	1	1.3821377124747911	-0.32363136761314343	0.6718259362075856	0.7426662379148121	1	1
neuron cell-cell adhesion	GO:0007158		10	2	0.8130221838087006	0.9001440640089723	1.6322561791244243	0.19267737480574515	1	1
leukocyte cell-cell adhesion	GO:0007159		42	2	3.4146931719965425	-0.5349404612803503	0.5565277263826629	0.8663777683554218	1	1
cell-matrix adhesion	GO:0007160		74	12	6.016364160184384	0.6904235330269033	1.4412000351192882	0.015706612718367163	1	1
negative regulation of cell adhesion	GO:0007162		159	6	12.927052722558342	-0.767562756549104	0.4489125983007186	0.9907164022932742	1	1
establishment or maintenance of cell polarity	GO:0007163		85	2	6.910688562373956	-1.2399220994872984	0.28551190632426093	0.9937723465995681	1	1
receptor guanylyl cyclase signaling pathway	GO:0007168		10	0	0.8130221838087006	-Inf	0	1	1	1
signal complex assembly	GO:0007172		5	0	0.4065110919043503	-Inf	0	1	1	1
epidermal growth factor receptor signaling pathway	GO:0007173		43	2	3.495995390377413	-0.5584709586905445	0.5447394738528083	0.8749577458102287	1	1
negative regulation of epidermal growth factor-activated receptor activity	GO:0007175		8	1	0.6504177470469605	0.43014043476323666	1.2153715796146363	0.4926363899231906	1	1
regulation of epidermal growth factor-activated receptor activity	GO:0007176		9	1	0.7317199654278307	0.3123573991068531	1.1184395617578968	0.5339052003122138	1	1
transmembrane receptor protein serine/threonine kinase signaling pathway	GO:0007178		109	8	8.861941803514837	-0.10232436410623513	0.810899716865988	0.6388818860515832	1	1
transforming growth factor beta receptor signaling pathway	GO:0007179		66	5	5.365946413137425	-0.07063485314925258	0.8323191065120148	0.6173573410693685	1	1
transmembrane receptor protein tyrosine phosphatase signaling pathway	GO:0007185		5	0	0.4065110919043503	-Inf	0	1	1	1
G protein-coupled receptor signaling pathway, coupled to cyclic nucleotide second messenger	GO:0007187		43	3	3.495995390377413	-0.1530058505823801	0.7774155632189531	0.674905461493065	1	1
adenylate cyclase-modulating G protein-coupled receptor signaling pathway	GO:0007188		136	7	11.057101699798329	-0.457162760237666	0.5969807746616724	0.9230158955420076	1	1
adenylate cyclase-activating G protein-coupled receptor signaling pathway	GO:0007189		83	5	6.748084125612215	-0.29982071891942486	0.6858922919330448	0.7892154152563328	1	1
activation of adenylate cyclase activity	GO:0007190		15	1	1.219533275713051	-0.1984682246591374	0.7481986024927316	0.719871464965964	1	1
adenylate cyclase-inhibiting G protein-coupled receptor signaling pathway	GO:0007193		44	2	3.577297608758283	-0.5814604769152433	0.5334222975217455	0.8830270693223303	1	1
negative regulation of adenylate cyclase activity	GO:0007194		10	0	0.8130221838087006	-Inf	0	1	1	1
adenylate cyclase-inhibiting serotonin receptor signaling pathway	GO:0007198		8	1	0.6504177470469605	0.43014043476323666	1.2153715796146363	0.4926363899231906	1	1
phospholipase C-activating G protein-coupled receptor signaling pathway	GO:0007200		72	4	5.8537597234226455	-0.3807897814530922	0.6389495026159213	0.8472508510785917	1	1
positive regulation of cytosolic calcium ion concentration	GO:0007204		67	7	5.447248631518295	0.25079950610741986	1.0693043252834387	0.27542174035441175	1	1
phospholipase C-activating serotonin receptor signaling pathway	GO:0007208		5	2	0.4065110919043503	1.5932912445689176	2.2966101973978796	0.055968935390420846	1	1
serotonin receptor signaling pathway	GO:0007210		11	2	0.8943244021895708	0.8048338842046474	1.54458986784587	0.13327638298668934	1	1
dopamine receptor signaling pathway	GO:0007212		8	1	0.6504177470469605	0.43014043476323666	1.2153715796146363	0.4926363899231906	1	1
G protein-coupled acetylcholine receptor signaling pathway	GO:0007213		8	0	0.6504177470469605	-Inf	0	1	1	1
gamma-aminobutyric acid signaling pathway	GO:0007214		12	2	0.9756266205704408	0.7178225072150176	1.465759593120927	0.25464724061396	1	1
glutamate receptor signaling pathway	GO:0007215		29	2	2.3577643330452323	-0.16456667298345615	0.7699120039827155	0.6952882846077232	1	1
G protein-coupled glutamate receptor signaling pathway	GO:0007216		15	1	1.219533275713051	-0.1984682246591374	0.7481986024927316	0.719871464965964	1	1
tachykinin receptor signaling pathway	GO:0007217		8	1	0.6504177470469605	0.43014043476323666	1.2153715796146363	0.4926363899231906	1	1
neuropeptide signaling pathway	GO:0007218		31	3	2.520368769806972	0.17420706062603608	1.0097497925884502	0.4232160450973199	1	1
Notch signaling pathway	GO:0007219		20	2	1.6260443676174012	0.20699688344902697	1.0350244837181672	0.4920343605245726	1	1
Notch receptor processing	GO:0007220		7	1	0.5691155286660905	0.5636718273877592	1.3294211503564923	0.4477163890561283	1	1
smoothened signaling pathway	GO:0007224		12	1	0.9756266205704408	0.024675326655072338	0.898928862739797	0.6386518936468044	1	1
integrin-mediated signaling pathway	GO:0007229		56	7	4.552924229328724	0.43014043476323666	1.2153715796146363	0.15657875217520717	1	1
canonical NF-kappaB signal transduction	GO:0007249		29	1	2.3577643330452323	-0.8577138535434015	0.41234573348900533	0.9146689247438466	1	1
JNK cascade	GO:0007254		25	3	2.0325554595217517	0.38931844024298157	1.1813619444057044	0.33234670672521316	1	1
receptor signaling pathway via JAK-STAT	GO:0007259		39	4	3.1707865168539326	0.23231469143331684	1.0547672527226162	0.3925169908097158	1	1
tyrosine phosphorylation of STAT protein	GO:0007260		6	1	0.4878133102852204	0.7178225072150176	1.465759593120927	0.3988224139625278	1	1
nitric oxide mediated signal transduction	GO:0007263		12	0	0.9756266205704408	-Inf	0	1	1	1
small GTPase mediated signal transduction	GO:0007264		104	6	8.455430711610488	-0.3430494534702452	0.660515999936502	0.8526378339631414	1	1
Ras protein signal transduction	GO:0007265		26	2	2.113857677902622	-0.05536738101846421	0.842769678250708	0.614578309981989	1	1
Rho protein signal transduction	GO:0007266		36	2	2.9268798617113228	-0.3807897814530922	0.6389495026159213	0.8026058061255117	1	1
chemical synaptic transmission	GO:0007268		146	16	11.870123883607029	0.2985640769745174	1.107334887487029	0.11422761165304218	1	1
neurotransmitter secretion	GO:0007269		15	0	1.219533275713051	-Inf	0	1	1	1
synaptic transmission, cholinergic	GO:0007271		11	2	0.8943244021895708	0.8048338842046474	1.54458986784587	0.22349837566824932	1	1
ensheathment of neurons	GO:0007272		17	2	1.3821377124747911	0.3695158129468019	1.1650191589592633	0.4076084483747464	1	1
neuromuscular synaptic transmission	GO:0007274		6	1	0.4878133102852204	0.7178225072150176	1.465759593120927	0.3988224139625278	1	1
gamete generation	GO:0007276		130	6	10.569288389513108	-0.5661930047844548	0.5409161061595964	0.9320972281282441	1	1
germ cell development	GO:0007281		49	1	3.9838087006626335	-1.382238321667554	0.24845207537980313	0.97987914452961	1	1
spermatogenesis	GO:0007283		107	2	8.699337366753097	-1.4700996774588881	0.227924017973615	0.9976650355960291	1	1
spermatid development	GO:0007286		38	0	3.0894842984730624	-Inf	0	1	1	1
sperm axoneme assembly	GO:0007288		11	0	0.8943244021895708	-Inf	0	1	1	1
female gamete generation	GO:0007292		19	4	1.5447421492365312	0.9514373583965228	1.6799416135168004	0.04402091032296211	1	1
single fertilization	GO:0007338		42	1	3.4146931719965425	-1.2280876418402957	0.2888198883263806	0.9602806453623456	1	1
binding of sperm to zona pellucida	GO:0007339		7	1	0.5691155286660905	0.5636718273877592	1.3294211503564923	0.4477163890561283	1	1
acrosome reaction	GO:0007340		8	0	0.6504177470469605	-Inf	0	1	1	1
fusion of sperm to egg plasma membrane involved in single fertilization	GO:0007342		8	0	0.6504177470469605	-Inf	0	1	1	1
blastoderm segmentation	GO:0007350		6	0	0.4878133102852204	-Inf	0	1	1	1
tripartite regional subdivision	GO:0007351		6	0	0.4878133102852204	-Inf	0	1	1	1
determination of left/right symmetry	GO:0007368		25	1	2.0325554595217517	-0.7092938484251281	0.47403735255445417	0.8695235216387899	1	1
gastrulation	GO:0007369		21	4	1.7073465859982713	0.8513538998395402	1.5872182658801237	0.05307486097259935	1	1
pattern specification process	GO:0007389		57	2	4.634226447709594	-0.8403221108315322	0.41918676437383456	0.948661417972912	1	1
ectoderm development	GO:0007398		6	0	0.4878133102852204	-Inf	0	1	1	1
neuroblast proliferation	GO:0007405		5	1	0.4065110919043503	0.9001440640089723	1.6322561791244243	0.34560316721562534	1	1
axonogenesis	GO:0007409		61	10	4.959435321233074	0.701293205263807	1.4509274138576358	0.024379190946722	1	1
axon guidance	GO:0007411		35	7	2.8455776433304525	0.9001440640089723	1.6322561791244243	0.02068485278236009	1	1
synapse assembly	GO:0007416		41	2	3.3333909536156727	-0.5108429097012899	0.568816005248427	0.7896543088998988	1	1
central nervous system development	GO:0007417		192	12	15.610025929127053	-0.2630067457967087	0.7080691948308241	0.8357453658338032	1	1
brain development	GO:0007420		109	5	8.861941803514837	-0.5723279933519707	0.5378944005869155	0.9358624740038191	1	1
peripheral nervous system development	GO:0007422		16	0	1.300835494093921	-Inf	0	1	1	1
sensory organ development	GO:0007423		72	3	5.8537597234226455	-0.6684718539048732	0.49235623876582574	0.9270914748070774	1	1
endoderm development	GO:0007492		16	2	1.300835494093921	0.43014043476323666	1.2153715796146363	0.3476856241627394	1	1
mesoderm development	GO:0007498		23	3	1.8699510227600116	0.47270004918203257	1.2512707524815427	0.2636608978837491	1	1
heart development	GO:0007507		118	7	9.593661768942667	-0.31519249896727874	0.6767863287904957	0.8220707942795514	1	1
muscle organ development	GO:0007517		78	5	6.341573033707865	-0.2376889378124187	0.7236221519019641	0.7605628757033042	1	1
skeletal muscle tissue development	GO:0007519		19	2	1.5447421492365312	0.25829017783657743	1.0752242884685586	0.46472284305099365	1	1
myoblast fusion	GO:0007520		9	0	0.7317199654278307	-Inf	0	1	1	1
neuromuscular junction development	GO:0007528		6	0	0.4878133102852204	-Inf	0	1	1	1
sex determination	GO:0007530		5	0	0.4065110919043503	-Inf	0	1	1	1
sex differentiation	GO:0007548		48	3	3.9025064822817632	-0.2630067457967087	0.7080691948308241	0.7471842673131515	1	1
dosage compensation	GO:0007549		12	0	0.9756266205704408	-Inf	0	1	1	1
female pregnancy	GO:0007565		53	3	4.309017574186114	-0.36209764844093945	0.6495625078402528	0.8162786703852003	1	1
embryo implantation	GO:0007566		16	0	1.300835494093921	-Inf	0	1	1	1
parturition	GO:0007567		5	0	0.4065110919043503	-Inf	0	1	1	1
response to nutrient	GO:0007584		32	3	2.601670988187842	0.14245836231145573	0.9856020675923204	0.4885105988335542	1	1
respiratory gaseous exchange by respiratory system	GO:0007585		12	1	0.9756266205704408	0.024675326655072338	0.898928862739797	0.6386518936468044	1	1
digestion	GO:0007586		42	2	3.4146931719965425	-0.5349404612803503	0.5565277263826629	0.8572600394572143	1	1
excretion	GO:0007588		7	0	0.5691155286660905	-Inf	0	1	1	1
body fluid secretion	GO:0007589		20	0	1.6260443676174012	-Inf	0	1	1	1
lactation	GO:0007595		6	0	0.4878133102852204	-Inf	0	1	1	1
blood coagulation	GO:0007596		91	11	7.3985018726591765	0.39661774272459316	1.187411816048011	0.11937840568104492	1	1
blood coagulation, intrinsic pathway	GO:0007597		6	1	0.4878133102852204	0.7178225072150176	1.465759593120927	0.3988224139625278	1	1
hemostasis	GO:0007599		96	12	7.8050129645635264	0.43014043476323666	1.2153715796146363	0.08870441657795106	1	1
visual perception	GO:0007601		112	2	9.105848458657448	-1.5157697142920767	0.21791038447576938	0.9992017111091052	1	1
phototransduction	GO:0007602		15	0	1.219533275713051	-Inf	0	1	1	1
phototransduction, visible light	GO:0007603		7	0	0.5691155286660905	-Inf	0	1	1	1
sensory perception of sound	GO:0007605		76	1	6.178968596946125	-1.8211513638432584	0.16114102552062814	0.9979780618349745	1	1
sensory perception of chemical stimulus	GO:0007606		56	0	4.552924229328724	-Inf	0	1	1	1
sensory perception of smell	GO:0007608		7	0	0.5691155286660905	-Inf	0	1	1	1
behavior	GO:0007610		86	7	6.991990780754826	0.0011448292448782342	0.8821833351872053	0.5302371337218124	1	1
learning or memory	GO:0007611		45	4	3.658599827139153	0.0892138477926435	0.9458422393028091	0.503210896473305	1	1
learning	GO:0007612		19	2	1.5447421492365312	0.25829017783657743	1.0752242884685586	0.46472284305099365	1	1
memory	GO:0007613		15	1	1.219533275713051	-0.1984682246591374	0.7481986024927316	0.719871464965964	1	1
long-term memory	GO:0007616		7	0	0.5691155286660905	-Inf	0	1	1	1
mating behavior	GO:0007617		5	0	0.4065110919043503	-Inf	0	1	1	1
circadian rhythm	GO:0007623		24	3	1.9512532411408816	0.43014043476323666	1.2153715796146363	0.3093689914463734	1	1
locomotory behavior	GO:0007626		5	0	0.4065110919043503	-Inf	0	1	1	1
feeding behavior	GO:0007631		18	1	1.4634399308556614	-0.3807897814530922	0.6389495026159213	0.7828454412068578	1	1
mechanosensory behavior	GO:0007638		9	1	0.7317199654278307	0.3123573991068531	1.1184395617578968	0.5339052003122138	1	1
blood circulation	GO:0008015		179	12	14.553097090175743	-0.1928971796096822	0.7517369333307689	0.7902221308735222	1	1
regulation of heart contraction	GO:0008016		117	8	9.512359550561799	-0.17315041667484768	0.7643732356428531	0.7270462462185389	1	1
tRNA processing	GO:0008033		87	1	7.073292999135695	-1.956326142211511	0.14091009297955204	0.9992726493395865	1	1
cell recognition	GO:0008037		36	2	2.9268798617113228	-0.3807897814530922	0.6389495026159213	0.7896543088998988	1	1
mitochondrial fusion	GO:0008053		16	1	1.300835494093921	-0.2630067457967087	0.7080691948308241	0.6950590755790824	1	1
regulation of actin polymerization or depolymerization	GO:0008064		60	4	4.878133102852204	-0.1984682246591374	0.7481986024927316	0.7296255495298654	1	1
axo-dendritic transport	GO:0008088		15	0	1.219533275713051	-Inf	0	1	1	1
anterograde axonal transport	GO:0008089		6	0	0.4878133102852204	-Inf	0	1	1	1
actin polymerization or depolymerization	GO:0008154		21	0	1.7073465859982713	-Inf	0	1	1	1
negative regulation of DNA replication	GO:0008156		17	0	1.3821377124747911	-Inf	0	1	1	1
steroid metabolic process	GO:0008202		165	11	13.414866032843559	-0.19846822465913727	0.7481986024927317	0.7467411571111313	1	1
cholesterol metabolic process	GO:0008203		57	6	4.634226447709594	0.25829017783657743	1.0752242884685586	0.28804979638080813	1	1
bile acid metabolic process	GO:0008206		31	0	2.520368769806972	-Inf	0	1	1	1
C21-steroid hormone metabolic process	GO:0008207		17	1	1.3821377124747911	-0.32363136761314343	0.6718259362075856	0.7636073497610661	1	1
androgen metabolic process	GO:0008209		22	3	1.7886488043791415	0.5171518117528665	1.28922485465582	0.2411181636487546	1	1
estrogen metabolic process	GO:0008210		30	3	2.439066551426102	0.20699688344902697	1.0350244837181672	0.400794141011956	1	1
glucocorticoid metabolic process	GO:0008211		9	0	0.7317199654278307	-Inf	0	1	1	1
protein alkylation	GO:0008213		40	2	3.2520887352348025	-0.48615029711091834	0.5816356077875019	0.8148435624310426	1	1
spermidine metabolic process	GO:0008216		7	0	0.5691155286660905	-Inf	0	1	1	1
regulation of blood pressure	GO:0008217		50	4	4.065110919043503	-0.01614666786518275	0.8700023797642876	0.5881394827254243	1	1
opsonization	GO:0008228		6	0	0.4878133102852204	-Inf	0	1	1	1
regulation of G protein-coupled receptor signaling pathway	GO:0008277		101	5	8.211524056467876	-0.4961006279640865	0.5764419003402762	0.9130775326024323	1	1
cell population proliferation	GO:0008283		145	8	11.788821665226159	-0.3877102242976658	0.6350543092614609	0.8909785489562815	1	1
insulin receptor signaling pathway	GO:0008286		27	3	2.1951598962834917	0.3123573991068533	1.118439561757897	0.37813228897022433	1	1
isoprenoid biosynthetic process	GO:0008299		14	2	1.138231057332181	0.5636718273877592	1.3294211503564923	0.31694075149328715	1	1
isoprenoid catabolic process	GO:0008300		10	0	0.8130221838087006	-Inf	0	1	1	1
endosome to lysosome transport	GO:0008333		42	1	3.4146931719965425	-1.2280876418402957	0.2888198883263806	0.9635170032415239	1	1
histone mRNA metabolic process	GO:0008334		22	0	1.7886488043791415	-Inf	0	1	1	1
glial cell migration	GO:0008347		8	2	0.6504177470469605	1.1232876153231819	1.8418840104221779	0.13327638298668934	1	1
asymmetric cell division	GO:0008356		5	1	0.4065110919043503	0.9001440640089723	1.6322561791244243	0.34560316721562534	1	1
regulation of cell shape	GO:0008360		61	4	4.959435321233074	-0.21499752661034802	0.7377696695912641	0.7415381460277453	1	1
regulation of cell size	GO:0008361		65	1	5.284644194756554	-1.6648052934525646	0.18811603625682624	0.9960041871324492	1	1
axon ensheathment	GO:0008366		17	2	1.3821377124747911	0.3695158129468019	1.1650191589592633	0.4076084483747464	1	1
gonad development	GO:0008406		26	3	2.113857677902622	0.35009772708970016	1.1490949685358696	0.33234670672521316	1	1
respiratory chain complex IV assembly	GO:0008535		24	1	1.9512532411408816	-0.668471853904873	0.49235623876582585	0.8695235216387899	1	1
fibroblast growth factor receptor signaling pathway	GO:0008543		24	0	1.9512532411408816	-Inf	0	1	1	1
epidermis development	GO:0008544		102	8	8.292826274848746	-0.03594929516136241	0.8561833920091366	0.5486568190219376	1	1
male gonad development	GO:0008584		16	1	1.300835494093921	-0.2630067457967087	0.7080691948308241	0.719871464965964	1	1
female gonad development	GO:0008585		9	1	0.7317199654278307	0.3123573991068531	1.1184395617578968	0.5339052003122138	1	1
regulation of smoothened signaling pathway	GO:0008589		24	2	1.9512532411408816	0.024675326655072338	0.898928862739797	0.5684472158651903	1	1
regulation of Notch signaling pathway	GO:0008593		45	4	3.658599827139153	0.0892138477926435	0.9458422393028091	0.46713520764215477	1	1
anterior/posterior axis specification, embryo	GO:0008595		6	0	0.4878133102852204	-Inf	0	1	1	1
attachment of spindle microtubules to kinetochore	GO:0008608		24	0	1.9512532411408816	-Inf	0	1	1	1
ether lipid biosynthetic process	GO:0008611		7	0	0.5691155286660905	-Inf	0	1	1	1
extrinsic apoptotic signaling pathway via death domain receptors	GO:0008625		31	1	2.520368769806972	-0.9244052280420735	0.38703219543570105	0.928001796251679	1	1
intrinsic apoptotic signaling pathway in response to DNA damage	GO:0008630		35	3	2.8455776433304525	0.05284620362176866	0.9192306947767647	0.5499811995347115	1	1
intrinsic apoptotic signaling pathway in response to oxidative stress	GO:0008631		10	0	0.8130221838087006	-Inf	0	1	1	1
apoptotic mitochondrial changes	GO:0008637		29	0	2.3577643330452323	-Inf	0	1	1	1
carbohydrate transport	GO:0008643		33	1	2.6829732065687124	-0.9869255850234077	0.36458975219432327	0.9216181425198152	1	1
hexose transmembrane transport	GO:0008645		24	0	1.9512532411408816	-Inf	0	1	1	1
amino acid biosynthetic process	GO:0008652		34	1	2.7642754249495822	-1.0167785481730887	0.354299371971894	0.9392526672507046	1	1
phospholipid biosynthetic process	GO:0008654		157	7	12.7644482857966	-0.6007536798499222	0.5240764189485211	0.9754222674961939	1	1
dosage compensation by inactivation of X chromosome	GO:0009048		10	0	0.8130221838087006	-Inf	0	1	1	1
aerobic respiration	GO:0009060		58	6	4.7155286660904645	0.2408984351247081	1.0615050417925094	0.31716870112810597	1	1
fatty acid catabolic process	GO:0009062		57	1	4.634226447709594	-1.5334692913914774	0.21414526738601447	0.9906416156254294	1	1
amino acid catabolic process	GO:0009063		78	4	6.341573033707865	-0.4608324891266285	0.5950204159823935	0.8619291907135047	1	1
glutamine family amino acid metabolic process	GO:0009064		37	2	3.008182080092192	-0.4081887556412063	0.6236357337200239	0.8026058061255117	1	1
glutamine family amino acid catabolic process	GO:0009065		18	1	1.4634399308556614	-0.3807897814530922	0.6389495026159213	0.7636073497610661	1	1
aspartate family amino acid metabolic process	GO:0009066		25	1	2.0325554595217517	-0.7092938484251281	0.47403735255445417	0.8801462387911566	1	1
aspartate family amino acid biosynthetic process	GO:0009067		10	0	0.8130221838087006	-Inf	0	1	1	1
aspartate family amino acid catabolic process	GO:0009068		7	1	0.5691155286660905	0.5636718273877592	1.3294211503564923	0.4477163890561283	1	1
serine family amino acid metabolic process	GO:0009069		19	0	1.5447421492365312	-Inf	0	1	1	1
serine family amino acid biosynthetic process	GO:0009070		8	0	0.6504177470469605	-Inf	0	1	1	1
serine family amino acid catabolic process	GO:0009071		7	0	0.5691155286660905	-Inf	0	1	1	1
aromatic amino acid metabolic process	GO:0009072		26	1	2.113857677902622	-0.7485145615784096	0.4569950042886458	0.8801462387911566	1	1
aromatic amino acid family catabolic process	GO:0009074		19	1	1.5447421492365312	-0.43485700272336786	0.609007163082252	0.7828454412068578	1	1
pyruvate family amino acid metabolic process	GO:0009078		6	1	0.4878133102852204	0.7178225072150176	1.465759593120927	0.34560316721562534	1	1
pyruvate family amino acid catabolic process	GO:0009080		5	1	0.4065110919043503	0.9001440640089723	1.6322561791244243	0.28767632085058525	1	1
branched-chain amino acid metabolic process	GO:0009081		19	1	1.5447421492365312	-0.43485700272336786	0.609007163082252	0.7828454412068578	1	1
branched-chain amino acid catabolic process	GO:0009083		17	1	1.3821377124747911	-0.32363136761314343	0.6718259362075856	0.7426662379148121	1	1
glutamine family amino acid biosynthetic process	GO:0009084		10	1	0.8130221838087006	0.20699688344902697	1.0350244837181672	0.5718194031462658	1	1
methionine biosynthetic process	GO:0009086		8	0	0.6504177470469605	-Inf	0	1	1	1
glycoprotein biosynthetic process	GO:0009101		189	11	15.366119273984442	-0.33426976581819906	0.6656116982195726	0.894810182493068	1	1
vitamin biosynthetic process	GO:0009110		7	0	0.5691155286660905	-Inf	0	1	1	1
vitamin catabolic process	GO:0009111		11	1	0.8943244021895708	0.11168670364470205	0.9625093145711885	0.6066515058940674	1	1
nucleobase metabolic process	GO:0009112		12	0	0.9756266205704408	-Inf	0	1	1	1
purine nucleobase biosynthetic process	GO:0009113		6	0	0.4878133102852204	-Inf	0	1	1	1
nucleoside metabolic process	GO:0009116		34	2	2.7642754249495822	-0.32363136761314343	0.6718259362075856	0.761488837763183	1	1
ribonucleoside metabolic process	GO:0009119		14	1	1.138231057332181	-0.1294753531721861	0.7928427126816872	0.6680506238586684	1	1
deoxyribonucleoside metabolic process	GO:0009120		8	1	0.6504177470469605	0.43014043476323666	1.2153715796146363	0.4477163890561283	1	1
nucleoside monophosphate metabolic process	GO:0009123		30	1	2.439066551426102	-0.8916154052190828	0.3992974436281704	0.9146689247438466	1	1
nucleoside monophosphate biosynthetic process	GO:0009124		19	1	1.5447421492365312	-0.43485700272336786	0.609007163082252	0.8005189188821835	1	1
nucleoside monophosphate catabolic process	GO:0009125		9	0	0.7317199654278307	-Inf	0	1	1	1
purine nucleoside monophosphate metabolic process	GO:0009126		21	1	1.7073465859982713	-0.5349404612803503	0.5565277263826629	0.8167549482694262	1	1
purine nucleoside monophosphate biosynthetic process	GO:0009127		12	1	0.9756266205704408	0.024675326655072338	0.898928862739797	0.6386518936468044	1	1
purine nucleoside monophosphate catabolic process	GO:0009128		7	0	0.5691155286660905	-Inf	0	1	1	1
pyrimidine nucleoside monophosphate metabolic process	GO:0009129		7	0	0.5691155286660905	-Inf	0	1	1	1
pyrimidine nucleoside monophosphate biosynthetic process	GO:0009130		6	0	0.4878133102852204	-Inf	0	1	1	1
nucleoside diphosphate metabolic process	GO:0009132		35	4	2.8455776433304525	0.3405282760735496	1.141284839673628	0.3165288665752443	1	1
nucleoside diphosphate biosynthetic process	GO:0009133		6	0	0.4878133102852204	-Inf	0	1	1	1
nucleoside diphosphate catabolic process	GO:0009134		26	4	2.113857677902622	0.6377797995414811	1.3943947275951296	0.15642288355263542	1	1
purine nucleoside diphosphate metabolic process	GO:0009135		27	4	2.1951598962834917	0.6000394715586341	1.3611670150072073	0.17258131944597774	1	1
purine nucleoside diphosphate catabolic process	GO:0009137		25	4	2.0325554595217517	0.6770005126947626	1.4292169516584297	0.14086574606821206	1	1
nucleoside triphosphate metabolic process	GO:0009141		84	6	6.829386343993085	-0.12947535317218598	0.7928427126816873	0.6879779559270123	1	1
nucleoside triphosphate biosynthetic process	GO:0009142		25	3	2.0325554595217517	0.38931844024298157	1.1813619444057044	0.33234670672521316	1	1
nucleoside triphosphate catabolic process	GO:0009143		7	0	0.5691155286660905	-Inf	0	1	1	1
purine nucleoside triphosphate metabolic process	GO:0009144		76	5	6.178968596946125	-0.211713451409158	0.7398334487992843	0.7503843924403809	1	1
purine nucleoside triphosphate biosynthetic process	GO:0009145		20	2	1.6260443676174012	0.20699688344902697	1.0350244837181672	0.4920343605245726	1	1
pyrimidine nucleoside triphosphate metabolic process	GO:0009147		7	0	0.5691155286660905	-Inf	0	1	1	1
purine ribonucleotide metabolic process	GO:0009150		129	7	10.487986171132238	-0.40432027886328614	0.6257804059214871	0.8998130209898043	1	1
purine deoxyribonucleotide metabolic process	GO:0009151		9	1	0.7317199654278307	0.3123573991068531	1.1184395617578968	0.4926363899231906	1	1
purine ribonucleotide biosynthetic process	GO:0009152		46	3	3.739902045520023	-0.22044713137791272	0.734354080755392	0.7338427569090165	1	1
purine ribonucleotide catabolic process	GO:0009154		36	4	2.9268798617113228	0.3123573991068531	1.1184395617578968	0.3165288665752443	1	1
purine deoxyribonucleotide catabolic process	GO:0009155		5	0	0.4065110919043503	-Inf	0	1	1	1
ribonucleoside monophosphate biosynthetic process	GO:0009156		16	0	1.300835494093921	-Inf	0	1	1	1
ribonucleoside monophosphate catabolic process	GO:0009158		7	0	0.5691155286660905	-Inf	0	1	1	1
ribonucleoside monophosphate metabolic process	GO:0009161		25	0	2.0325554595217517	-Inf	0	1	1	1
deoxyribonucleoside monophosphate metabolic process	GO:0009162		8	1	0.6504177470469605	0.43014043476323666	1.2153715796146363	0.4477163890561283	1	1
nucleoside biosynthetic process	GO:0009163		10	0	0.8130221838087006	-Inf	0	1	1	1
nucleoside catabolic process	GO:0009164		16	0	1.300835494093921	-Inf	0	1	1	1
nucleotide biosynthetic process	GO:0009165		77	4	6.260270815326995	-0.4479290842907205	0.6019361320073551	0.875383690450365	1	1
nucleotide catabolic process	GO:0009166		58	4	4.7155286660904645	-0.16456667298345615	0.7699120039827155	0.6778904890149126	1	1
purine ribonucleoside monophosphate metabolic process	GO:0009167		20	0	1.6260443676174012	-Inf	0	1	1	1
purine ribonucleoside monophosphate biosynthetic process	GO:0009168		11	0	0.8943244021895708	-Inf	0	1	1	1
purine ribonucleoside monophosphate catabolic process	GO:0009169		7	0	0.5691155286660905	-Inf	0	1	1	1
purine ribonucleoside diphosphate metabolic process	GO:0009179		26	4	2.113857677902622	0.6377797995414811	1.3943947275951296	0.15642288355263542	1	1
purine ribonucleoside diphosphate catabolic process	GO:0009181		25	4	2.0325554595217517	0.6770005126947626	1.4292169516584297	0.14086574606821206	1	1
ribonucleoside diphosphate metabolic process	GO:0009185		33	4	2.6829732065687124	0.39936877609648297	1.189695530293269	0.278901648385059	1	1
cyclic nucleotide metabolic process	GO:0009187		19	0	1.5447421492365312	-Inf	0	1	1	1
cyclic nucleotide biosynthetic process	GO:0009190		12	0	0.9756266205704408	-Inf	0	1	1	1
ribonucleoside diphosphate catabolic process	GO:0009191		26	4	2.113857677902622	0.6377797995414811	1.3943947275951296	0.15642288355263542	1	1
ribonucleoside triphosphate metabolic process	GO:0009199		78	5	6.341573033707865	-0.2376889378124187	0.7236221519019641	0.7704254234113578	1	1
ribonucleoside triphosphate biosynthetic process	GO:0009201		23	2	1.8699510227600116	0.06723494107386813	0.9297056732049866	0.5684472158651903	1	1
purine ribonucleoside triphosphate metabolic process	GO:0009205		74	5	6.016364160184384	-0.18504520432699667	0.7567439021832036	0.7290702517886141	1	1
purine ribonucleoside triphosphate biosynthetic process	GO:0009206		20	2	1.6260443676174012	0.20699688344902697	1.0350244837181672	0.4920343605245726	1	1
pyrimidine ribonucleoside triphosphate metabolic process	GO:0009208		6	0	0.4878133102852204	-Inf	0	1	1	1
pyrimidine ribonucleotide metabolic process	GO:0009218		10	0	0.8130221838087006	-Inf	0	1	1	1
pyrimidine deoxyribonucleotide metabolic process	GO:0009219		15	0	1.219533275713051	-Inf	0	1	1	1
pyrimidine ribonucleotide biosynthetic process	GO:0009220		7	0	0.5691155286660905	-Inf	0	1	1	1
pyrimidine deoxyribonucleotide catabolic process	GO:0009223		12	0	0.9756266205704408	-Inf	0	1	1	1
nucleotide-sugar metabolic process	GO:0009225		32	1	2.601670988187842	-0.956153926356654	0.3754828901181559	0.9338658845389614	1	1
nucleotide-sugar biosynthetic process	GO:0009226		24	0	1.9512532411408816	-Inf	0	1	1	1
cobalamin metabolic process	GO:0009235		9	0	0.7317199654278307	-Inf	0	1	1	1
glycolipid biosynthetic process	GO:0009247		59	3	4.796830884471333	-0.469343178794537	0.5904938069457926	0.8686361593375991	1	1
glucan biosynthetic process	GO:0009250		8	1	0.6504177470469605	0.43014043476323666	1.2153715796146363	0.4926363899231906	1	1
glucan catabolic process	GO:0009251		5	1	0.4065110919043503	0.9001440640089723	1.6322561791244243	0.34560316721562534	1	1
10-formyltetrahydrofolate metabolic process	GO:0009256		5	0	0.4065110919043503	-Inf	0	1	1	1
ribonucleotide metabolic process	GO:0009259		135	7	10.975799481417459	-0.44978265294004355	0.6009387794894357	0.9230158955420076	1	1
ribonucleotide biosynthetic process	GO:0009260		52	3	4.227715355805244	-0.3430494534702452	0.660515999936502	0.8060061677114796	1	1
ribonucleotide catabolic process	GO:0009261		37	4	3.008182080092192	0.28495842491873896	1.0964344397624082	0.3355069777072836	1	1
deoxyribonucleotide metabolic process	GO:0009262		27	1	2.1951598962834917	-0.7862548895612564	0.4411034563476793	0.8899046725514381	1	1
deoxyribonucleotide biosynthetic process	GO:0009263		9	1	0.7317199654278307	0.3123573991068531	1.1184395617578968	0.5339052003122138	1	1
deoxyribonucleotide catabolic process	GO:0009264		17	0	1.3821377124747911	-Inf	0	1	1	1
2'-deoxyribonucleotide biosynthetic process	GO:0009265		9	1	0.7317199654278307	0.3123573991068531	1.1184395617578968	0.5339052003122138	1	1
response to temperature stimulus	GO:0009266		55	3	4.471622010947854	-0.3991389201212887	0.6286619406120891	0.826085279331343	1	1
cellular response to starvation	GO:0009267		101	7	8.211524056467876	-0.15962839134287343	0.7731110561880912	0.7037767051828043	1	1
response to pH	GO:0009268		25	1	2.0325554595217517	-0.7092938484251281	0.47403735255445417	0.8695235216387899	1	1
GDP-mannose biosynthetic process	GO:0009298		5	0	0.4065110919043503	-Inf	0	1	1	1
mRNA transcription	GO:0009299		35	2	2.8455776433304525	-0.3526189044863957	0.6549957178965378	0.7896543088998988	1	1
snRNA transcription	GO:0009301		14	2	1.138231057332181	0.5636718273877592	1.3294211503564923	0.31694075149328715	1	1
rRNA transcription	GO:0009303		14	1	1.138231057332181	-0.1294753531721861	0.7928427126816872	0.6950590755790824	1	1
tRNA transcription	GO:0009304		8	0	0.6504177470469605	-Inf	0	1	1	1
protein secretion	GO:0009306		26	0	2.113857677902622	-Inf	0	1	1	1
amine metabolic process	GO:0009308		61	1	4.959435321233074	-1.6012918877302387	0.20029394892283411	0.9938845151954154	1	1
amine biosynthetic process	GO:0009309		18	1	1.4634399308556614	-0.3807897814530922	0.6389495026159213	0.7828454412068578	1	1
amine catabolic process	GO:0009310		14	0	1.138231057332181	-Inf	0	1	1	1
oligosaccharide metabolic process	GO:0009311		43	2	3.495995390377413	-0.5584709586905445	0.5447394738528083	0.8749577458102287	1	1
oligosaccharide biosynthetic process	GO:0009312		22	2	1.7886488043791415	0.11168670364470205	0.9625093145711885	0.5439251611637498	1	1
oligosaccharide catabolic process	GO:0009313		10	0	0.8130221838087006	-Inf	0	1	1	1
2'-deoxyribonucleotide metabolic process	GO:0009394		27	1	2.1951598962834917	-0.7862548895612564	0.4411034563476793	0.8899046725514381	1	1
phospholipid catabolic process	GO:0009395		25	0	2.0325554595217517	-Inf	0	1	1	1
toxin metabolic process	GO:0009404		13	1	1.056928838951311	-0.05536738101846421	0.842769678250708	0.6386518936468044	1	1
response to heat	GO:0009408		43	3	3.495995390377413	-0.1530058505823801	0.7774155632189531	0.674905461493065	1	1
response to cold	GO:0009409		6	0	0.4878133102852204	-Inf	0	1	1	1
response to xenobiotic stimulus	GO:0009410		154	9	12.52054163065399	-0.33014604863433705	0.6680153278680054	0.8312884258335168	1	1
response to UV	GO:0009411		115	5	9.349755113800057	-0.625912239486077	0.5120958595639824	0.9600846020964111	1	1
response to light stimulus	GO:0009416		146	5	11.870123883607029	-0.8645867328311634	0.40966993747996033	0.9927812955648434	1	1
carnitine metabolic process	GO:0009437		8	0	0.6504177470469605	-Inf	0	1	1	1
RNA modification	GO:0009451		105	0	8.536732929991357	-Inf	0	1	1	1
7-methylguanosine RNA capping	GO:0009452		6	0	0.4878133102852204	-Inf	0	1	1	1
fertilization	GO:0009566		44	1	3.577297608758283	-1.2746076574751886	0.27602230087850416	0.9635170032415239	1	1
detection of external stimulus	GO:0009581		38	0	3.0894842984730624	-Inf	0	1	1	1
detection of abiotic stimulus	GO:0009582		41	1	3.3333909536156727	-1.2039900902612353	0.2956680805258496	0.9635170032415239	1	1
detection of light stimulus	GO:0009583		24	0	1.9512532411408816	-Inf	0	1	1	1
detection of visible light	GO:0009584		8	0	0.6504177470469605	-Inf	0	1	1	1
detection of chemical stimulus	GO:0009593		62	1	5.040737539613944	-1.6175524086020188	0.19710492019240813	0.9906416156254294	1	1
detection of biotic stimulus	GO:0009595		28	2	2.276462114664362	-0.1294753531721861	0.7928427126816872	0.6361853947841194	1	1
response to symbiont	GO:0009608		5	0	0.4065110919043503	-Inf	0	1	1	1
response to wounding	GO:0009611		189	16	15.366119273984442	0.040423683623211644	0.9102443194157318	0.43619726536333125	1	1
response to mechanical stimulus	GO:0009612		35	2	2.8455776433304525	-0.3526189044863957	0.6549957178965378	0.7896543088998988	1	1
response to fungus	GO:0009620		35	0	2.8455776433304525	-Inf	0	1	1	1
response to toxic substance	GO:0009636		80	10	6.504177470469605	0.43014043476323677	1.2153715796146363	0.10642420534186843	1	1
UV protection	GO:0009650		7	1	0.5691155286660905	0.5636718273877592	1.3294211503564923	0.4477163890561283	1	1
response to salt stress	GO:0009651		5	0	0.4065110919043503	-Inf	0	1	1	1
phenylpropanoid metabolic process	GO:0009698		5	0	0.4065110919043503	-Inf	0	1	1	1
catechol-containing compound metabolic process	GO:0009712		19	0	1.5447421492365312	-Inf	0	1	1	1
catechol-containing compound biosynthetic process	GO:0009713		7	0	0.5691155286660905	-Inf	0	1	1	1
response to carbohydrate	GO:0009743		28	3	2.276462114664362	0.27598975493597844	1.089278191402854	0.400794141011956	1	1
response to hexose	GO:0009746		22	0	1.7886488043791415	-Inf	0	1	1	1
response to glucose	GO:0009749		22	0	1.7886488043791415	-Inf	0	1	1	1
hormone-mediated signaling pathway	GO:0009755		68	4	5.5285508498991645	-0.32363136761314343	0.6718259362075856	0.804725011093474	1	1
embryo development	GO:0009790		114	7	9.268452895419188	-0.2807063228961096	0.69734197143094	0.7927154789655649	1	1
embryo development ending in birth or egg hatching	GO:0009792		45	2	3.658599827139153	-0.6039333327673018	0.5225493825040345	0.8830270693223303	1	1
axis specification	GO:0009798		13	0	1.056928838951311	-Inf	0	1	1	1
specification of symmetry	GO:0009799		27	2	2.1951598962834917	-0.09310770900131116	0.8170913356733155	0.6361853947841194	1	1
coumarin metabolic process	GO:0009804		5	0	0.4065110919043503	-Inf	0	1	1	1
flavonoid metabolic process	GO:0009812		11	0	0.8943244021895708	-Inf	0	1	1	1
alkaloid metabolic process	GO:0009820		6	1	0.4878133102852204	0.7178225072150176	1.465759593120927	0.3988224139625278	1	1
determination of bilateral symmetry	GO:0009855		27	2	2.1951598962834917	-0.09310770900131116	0.8170913356733155	0.6361853947841194	1	1
embryonic pattern specification	GO:0009880		11	0	0.8943244021895708	-Inf	0	1	1	1
epidermal cell differentiation	GO:0009913		45	4	3.658599827139153	0.0892138477926435	0.9458422393028091	0.46713520764215477	1	1
hormone transport	GO:0009914		30	0	2.439066551426102	-Inf	0	1	1	1
anterior/posterior axis specification	GO:0009948		6	0	0.4878133102852204	-Inf	0	1	1	1
anterior/posterior pattern specification	GO:0009952		12	0	0.9756266205704408	-Inf	0	1	1	1
dorsal/ventral pattern formation	GO:0009953		9	1	0.7317199654278307	0.3123573991068531	1.1184395617578968	0.5339052003122138	1	1
cell-cell recognition	GO:0009988		19	1	1.5447421492365312	-0.43485700272336786	0.609007163082252	0.7828454412068578	1	1
glial cell differentiation	GO:0010001		16	2	1.300835494093921	0.43014043476323666	1.2153715796146363	0.37794987073324315	1	1
cardioblast differentiation	GO:0010002		5	1	0.4065110919043503	0.9001440640089723	1.6322561791244243	0.28767632085058525	1	1
response to metal ion	GO:0010038		123	9	10.000172860847018	-0.1053778015931254	0.8088553720269324	0.6681035877204429	1	1
response to iron ion	GO:0010039		11	1	0.8943244021895708	0.11168670364470205	0.9625093145711885	0.6066515058940674	1	1
response to zinc ion	GO:0010043		11	1	0.8943244021895708	0.11168670364470205	0.9625093145711885	0.6066515058940674	1	1
response to X-ray	GO:0010165		9	0	0.7317199654278307	-Inf	0	1	1	1
body morphogenesis	GO:0010171		13	0	1.056928838951311	-Inf	0	1	1	1
response to ionizing radiation	GO:0010212		82	5	6.6667819072313454	-0.28769935838708005	0.6931368090561362	0.7981504329420274	1	1
response to UV-B	GO:0010224		15	1	1.219533275713051	-0.1984682246591374	0.7481986024927316	0.719871464965964	1	1
response to UV-C	GO:0010225		7	0	0.5691155286660905	-Inf	0	1	1	1
response to lithium ion	GO:0010226		5	0	0.4065110919043503	-Inf	0	1	1	1
vascular transport	GO:0010232		15	0	1.219533275713051	-Inf	0	1	1	1
NADH dehydrogenase complex assembly	GO:0010257		32	0	2.601670988187842	-Inf	0	1	1	1
regulation of hydrogen peroxide metabolic process	GO:0010310		11	1	0.8943244021895708	0.11168670364470205	0.9625093145711885	0.5718194031462658	1	1
membrane invagination	GO:0010324		26	0	2.113857677902622	-Inf	0	1	1	1
response to gamma radiation	GO:0010332		20	3	1.6260443676174012	0.6124619915571914	1.3720729565968497	0.2189191857887753	1	1
regulation of G2/M transition of mitotic cell cycle	GO:0010389		69	2	5.609853068280035	-1.0313773475942416	0.3493650634683716	0.9797257889460308	1	1
fatty acid omega-oxidation	GO:0010430		6	0	0.4878133102852204	-Inf	0	1	1	1
response to acidic pH	GO:0010447		18	1	1.4634399308556614	-0.3807897814530922	0.6389495026159213	0.7828454412068578	1	1
regulation of cell fate commitment	GO:0010453		13	1	1.056928838951311	-0.05536738101846421	0.842769678250708	0.6386518936468044	1	1
negative regulation of cell fate commitment	GO:0010454		7	1	0.5691155286660905	0.5636718273877592	1.3294211503564923	0.3988224139625278	1	1
centriole-centriole cohesion	GO:0010457		11	0	0.8943244021895708	-Inf	0	1	1	1
exit from mitosis	GO:0010458		9	1	0.7317199654278307	0.3123573991068531	1.1184395617578968	0.5339052003122138	1	1
positive regulation of heart rate	GO:0010460		8	0	0.6504177470469605	-Inf	0	1	1	1
regulation of mesenchymal cell proliferation	GO:0010464		5	0	0.4065110919043503	-Inf	0	1	1	1
negative regulation of peptidase activity	GO:0010466		17	0	1.3821377124747911	-Inf	0	1	1	1
regulation of signaling receptor activity	GO:0010469		28	4	2.276462114664362	0.5636718273877592	1.3294211503564923	0.14086574606821206	1	1
intercellular transport	GO:0010496		6	0	0.4878133102852204	-Inf	0	1	1	1
negative regulation of autophagy	GO:0010507		67	2	5.447248631518295	-1.001963462387948	0.3593723299180604	0.9748083527109674	1	1
positive regulation of autophagy	GO:0010508		123	4	10.000172860847018	-0.9163080178094541	0.3900288999833461	0.9913529516052472	1	1
regulation of phosphatidylinositol biosynthetic process	GO:0010511		5	1	0.4065110919043503	0.9001440640089723	1.6322561791244243	0.34560316721562534	1	1
regulation of calcium ion transport into cytosol	GO:0010522		8	1	0.6504177470469605	0.43014043476323666	1.2153715796146363	0.4926363899231906	1	1
retrotransposon silencing	GO:0010526		17	0	1.3821377124747911	-Inf	0	1	1	1
regulation of platelet activation	GO:0010543		32	1	2.601670988187842	-0.956153926356654	0.3754828901181559	0.9338658845389614	1	1
negative regulation of platelet activation	GO:0010544		11	0	0.8943244021895708	-Inf	0	1	1	1
regulation of glycoprotein biosynthetic process	GO:0010559		17	0	1.3821377124747911	-Inf	0	1	1	1
positive regulation of glycoprotein biosynthetic process	GO:0010560		9	0	0.7317199654278307	-Inf	0	1	1	1
negative regulation of phosphorus metabolic process	GO:0010563		129	5	10.487986171132238	-0.7407925154844991	0.4603076278546952	0.9805512374026794	1	1
regulation of cellular ketone metabolic process	GO:0010565		71	3	5.772457505041774	-0.6544856119301329	0.49877053836543456	0.9225561345425791	1	1
regulation of ketone biosynthetic process	GO:0010566		13	0	1.056928838951311	-Inf	0	1	1	1
regulation of double-strand break repair via homologous recombination	GO:0010569		74	0	6.016364160184384	-Inf	0	1	1	1
positive regulation of platelet activation	GO:0010572		8	0	0.6504177470469605	-Inf	0	1	1	1
vascular endothelial growth factor production	GO:0010573		6	0	0.4878133102852204	-Inf	0	1	1	1
regulation of vascular endothelial growth factor production	GO:0010574		21	1	1.7073465859982713	-0.5349404612803503	0.5565277263826629	0.8316703660941647	1	1
positive regulation of vascular endothelial growth factor production	GO:0010575		20	1	1.6260443676174012	-0.48615029711091834	0.5816356077875019	0.8167549482694262	1	1
miRNA metabolic process	GO:0010586		17	0	1.3821377124747911	-Inf	0	1	1	1
miRNA catabolic process	GO:0010587		11	0	0.8943244021895708	-Inf	0	1	1	1
regulation of lamellipodium assembly	GO:0010591		24	1	1.9512532411408816	-0.668471853904873	0.49235623876582585	0.8695235216387899	1	1
positive regulation of lamellipodium assembly	GO:0010592		18	0	1.4634399308556614	-Inf	0	1	1	1
regulation of endothelial cell migration	GO:0010594		140	12	11.38231057332181	0.05284620362176866	0.9192306947767647	0.46831857895494	1	1
positive regulation of endothelial cell migration	GO:0010595		92	8	7.479804091040046	0.06723494107386813	0.9297056732049866	0.4755259509285652	1	1
negative regulation of endothelial cell migration	GO:0010596		47	4	3.8212042639008934	0.04572873585290452	0.9140754504493451	0.5381672709817001	1	1
regulation of cytoplasmic mRNA processing body assembly	GO:0010603		5	0	0.4065110919043503	-Inf	0	1	1	1
regulation of cardiac muscle hypertrophy	GO:0010611		17	1	1.3821377124747911	-0.32363136761314343	0.6718259362075856	0.7636073497610661	1	1
positive regulation of cardiac muscle hypertrophy	GO:0010613		13	0	1.056928838951311	-Inf	0	1	1	1
epithelial cell migration	GO:0010631		14	2	1.138231057332181	0.5636718273877592	1.3294211503564923	0.31694075149328715	1	1
regulation of epithelial cell migration	GO:0010632		44	3	3.577297608758283	-0.1759953688070788	0.7625436205347818	0.7055019520560969	1	1
negative regulation of epithelial cell migration	GO:0010633		12	2	0.9756266205704408	0.7178225072150176	1.465759593120927	0.25464724061396	1	1
positive regulation of epithelial cell migration	GO:0010634		30	1	2.439066551426102	-0.8916154052190828	0.3992974436281704	0.9216181425198152	1	1
regulation of mitochondrial fusion	GO:0010635		14	0	1.138231057332181	-Inf	0	1	1	1
positive regulation of mitochondrial fusion	GO:0010636		6	0	0.4878133102852204	-Inf	0	1	1	1
negative regulation of mitochondrial fusion	GO:0010637		7	0	0.5691155286660905	-Inf	0	1	1	1
regulation of platelet-derived growth factor receptor signaling pathway	GO:0010640		13	1	1.056928838951311	-0.05536738101846421	0.842769678250708	0.6680506238586684	1	1
positive regulation of platelet-derived growth factor receptor signaling pathway	GO:0010641		6	1	0.4878133102852204	0.7178225072150176	1.465759593120927	0.3988224139625278	1	1
negative regulation of platelet-derived growth factor receptor signaling pathway	GO:0010642		7	0	0.5691155286660905	-Inf	0	1	1	1
cell communication by electrical coupling	GO:0010644		11	0	0.8943244021895708	-Inf	0	1	1	1
regulation of cell communication by electrical coupling	GO:0010649		12	3	0.9756266205704408	1.1232876153231819	1.8418840104221779	0.06775405093969679	1	1
negative regulation of muscle cell apoptotic process	GO:0010656		15	0	1.219533275713051	-Inf	0	1	1	1
regulation of muscle cell apoptotic process	GO:0010660		24	1	1.9512532411408816	-0.668471853904873	0.49235623876582585	0.8695235216387899	1	1
positive regulation of muscle cell apoptotic process	GO:0010661		9	1	0.7317199654278307	0.3123573991068531	1.1184395617578968	0.5339052003122138	1	1
regulation of striated muscle cell apoptotic process	GO:0010662		7	0	0.5691155286660905	-Inf	0	1	1	1
negative regulation of striated muscle cell apoptotic process	GO:0010664		6	0	0.4878133102852204	-Inf	0	1	1	1
regulation of cardiac muscle cell apoptotic process	GO:0010665		6	0	0.4878133102852204	-Inf	0	1	1	1
negative regulation of cardiac muscle cell apoptotic process	GO:0010667		5	0	0.4065110919043503	-Inf	0	1	1	1
epithelial structure maintenance	GO:0010669		11	0	0.8943244021895708	-Inf	0	1	1	1
regulation of collagen metabolic process	GO:0010712		20	0	1.6260443676174012	-Inf	0	1	1	1
positive regulation of collagen metabolic process	GO:0010714		13	0	1.056928838951311	-Inf	0	1	1	1
regulation of extracellular matrix disassembly	GO:0010715		16	1	1.300835494093921	-0.2630067457967087	0.7080691948308241	0.7426662379148121	1	1
regulation of epithelial to mesenchymal transition	GO:0010717		67	1	5.447248631518295	-1.6951106429478935	0.18256310844050816	0.9963302768927798	1	1
positive regulation of epithelial to mesenchymal transition	GO:0010718		36	1	2.9268798617113228	-1.0739369620130375	0.3353403162326595	0.9529219064485537	1	1
negative regulation of epithelial to mesenchymal transition	GO:0010719		27	0	2.1951598962834917	-Inf	0	1	1	1
positive regulation of cell development	GO:0010720		114	10	9.268452895419188	0.07596862104262286	0.9360982190931653	0.4046501972540521	1	1
negative regulation of cell development	GO:0010721		75	2	6.097666378565256	-1.1147589565332927	0.3223810860941467	0.9869237858169877	1	1
protein kinase A signaling	GO:0010737		7	0	0.5691155286660905	-Inf	0	1	1	1
regulation of protein kinase A signaling	GO:0010738		5	1	0.4065110919043503	0.9001440640089723	1.6322561791244243	0.34560316721562534	1	1
regulation of macrophage derived foam cell differentiation	GO:0010743		28	3	2.276462114664362	0.27598975493597844	1.089278191402854	0.400794141011956	1	1
positive regulation of macrophage derived foam cell differentiation	GO:0010744		16	1	1.300835494093921	-0.2630067457967087	0.7080691948308241	0.7426662379148121	1	1
negative regulation of macrophage derived foam cell differentiation	GO:0010745		12	2	0.9756266205704408	0.7178225072150176	1.465759593120927	0.25464724061396	1	1
regulation of nitric oxide mediated signal transduction	GO:0010749		5	1	0.4065110919043503	0.9001440640089723	1.6322561791244243	0.34560316721562534	1	1
regulation of plasminogen activation	GO:0010755		11	2	0.8943244021895708	0.8048338842046474	1.54458986784587	0.22349837566824932	1	1
positive regulation of plasminogen activation	GO:0010756		6	1	0.4878133102852204	0.7178225072150176	1.465759593120927	0.3988224139625278	1	1
negative regulation of plasminogen activation	GO:0010757		5	1	0.4065110919043503	0.9001440640089723	1.6322561791244243	0.34560316721562534	1	1
regulation of macrophage chemotaxis	GO:0010758		14	1	1.138231057332181	-0.1294753531721861	0.7928427126816872	0.6950590755790824	1	1
positive regulation of macrophage chemotaxis	GO:0010759		11	1	0.8943244021895708	0.11168670364470205	0.9625093145711885	0.6066515058940674	1	1
regulation of fibroblast migration	GO:0010762		11	0	0.8943244021895708	-Inf	0	1	1	1
positive regulation of fibroblast migration	GO:0010763		5	0	0.4065110919043503	-Inf	0	1	1	1
positive regulation of sodium ion transport	GO:0010765		15	0	1.219533275713051	-Inf	0	1	1	1
negative regulation of sodium ion transport	GO:0010766		9	0	0.7317199654278307	-Inf	0	1	1	1
DNA double-strand break processing involved in repair via single-strand annealing	GO:0010792		6	0	0.4878133102852204	-Inf	0	1	1	1
regulation of mRNA export from nucleus	GO:0010793		8	0	0.6504177470469605	-Inf	0	1	1	1
regulation of peptidyl-threonine phosphorylation	GO:0010799		11	0	0.8943244021895708	-Inf	0	1	1	1
positive regulation of peptidyl-threonine phosphorylation	GO:0010800		10	0	0.8130221838087006	-Inf	0	1	1	1
regulation of tumor necrosis factor-mediated signaling pathway	GO:0010803		51	2	4.146413137424373	-0.7290964757213078	0.46536486680458244	0.9221256412332952	1	1
negative regulation of tumor necrosis factor-mediated signaling pathway	GO:0010804		23	1	1.8699510227600116	-0.6259122394860772	0.5120958595639823	0.8453725187098986	1	1
regulation of cell-substrate adhesion	GO:0010810		133	10	10.81319504465572	-0.07818205878463555	0.8271844333751618	0.6483336373010615	1	1
positive regulation of cell-substrate adhesion	GO:0010811		70	7	5.691155286660905	0.20699688344902697	1.0350244837181672	0.3418614379468419	1	1
negative regulation of cell-substrate adhesion	GO:0010812		40	1	3.2520887352348025	-1.1792974776708636	0.30284420349642827	0.9664898323259665	1	1
bradykinin catabolic process	GO:0010815		6	0	0.4878133102852204	-Inf	0	1	1	1
T cell chemotaxis	GO:0010818		10	0	0.8130221838087006	-Inf	0	1	1	1
regulation of T cell chemotaxis	GO:0010819		11	0	0.8943244021895708	-Inf	0	1	1	1
positive regulation of T cell chemotaxis	GO:0010820		10	0	0.8130221838087006	-Inf	0	1	1	1
regulation of mitochondrion organization	GO:0010821		90	4	7.317199654278306	-0.6039333327673018	0.5225493825040345	0.9345221996065385	1	1
regulation of centrosome duplication	GO:0010824		40	0	3.2520887352348025	-Inf	0	1	1	1
negative regulation of centrosome duplication	GO:0010826		9	0	0.7317199654278307	-Inf	0	1	1	1
regulation of glucose transmembrane transport	GO:0010827		35	1	2.8455776433304525	-1.045766085046341	0.3445638924647699	0.9442009692082878	1	1
positive regulation of glucose transmembrane transport	GO:0010828		23	1	1.8699510227600116	-0.6259122394860772	0.5120958595639823	0.8453725187098986	1	1
negative regulation of glucose transmembrane transport	GO:0010829		10	0	0.8130221838087006	-Inf	0	1	1	1
regulation of myotube differentiation	GO:0010830		13	1	1.056928838951311	-0.05536738101846421	0.842769678250708	0.6680506238586684	1	1
positive regulation of myotube differentiation	GO:0010831		5	0	0.4065110919043503	-Inf	0	1	1	1
negative regulation of myotube differentiation	GO:0010832		7	1	0.5691155286660905	0.5636718273877592	1.3294211503564923	0.4477163890561283	1	1
telomere maintenance via telomere lengthening	GO:0010833		24	1	1.9512532411408816	-0.668471853904873	0.49235623876582585	0.8453725187098986	1	1
regulation of protein ADP-ribosylation	GO:0010835		5	0	0.4065110919043503	-Inf	0	1	1	1
regulation of keratinocyte proliferation	GO:0010837		25	2	2.0325554595217517	-0.01614666786518275	0.8700023797642876	0.5439251611637498	1	1
positive regulation of keratinocyte proliferation	GO:0010838		12	1	0.9756266205704408	0.024675326655072338	0.898928862739797	0.6066515058940674	1	1
negative regulation of keratinocyte proliferation	GO:0010839		7	1	0.5691155286660905	0.5636718273877592	1.3294211503564923	0.4477163890561283	1	1
regulation of triglyceride biosynthetic process	GO:0010866		8	0	0.6504177470469605	-Inf	0	1	1	1
positive regulation of triglyceride biosynthetic process	GO:0010867		5	0	0.4065110919043503	-Inf	0	1	1	1
regulation of cholesterol efflux	GO:0010874		25	1	2.0325554595217517	-0.7092938484251281	0.47403735255445417	0.8801462387911566	1	1
positive regulation of cholesterol efflux	GO:0010875		19	0	1.5447421492365312	-Inf	0	1	1	1
lipid localization	GO:0010876		160	4	13.00835494093921	-1.1792974776708636	0.30284420349642827	0.9992366149355163	1	1
regulation of release of sequestered calcium ion into cytosol by sarcoplasmic reticulum	GO:0010880		24	2	1.9512532411408816	0.024675326655072338	0.898928862739797	0.5919997817214471	1	1
regulation of cardiac muscle contraction by regulation of the release of sequestered calcium ion	GO:0010881		18	2	1.4634399308556614	0.3123573991068531	1.1184395617578968	0.43655979518260835	1	1
regulation of cardiac muscle contraction by calcium ion signaling	GO:0010882		26	2	2.113857677902622	-0.05536738101846421	0.842769678250708	0.6361853947841194	1	1
regulation of lipid storage	GO:0010883		24	3	1.9512532411408816	0.43014043476323666	1.2153715796146363	0.2864435867986237	1	1
positive regulation of lipid storage	GO:0010884		10	1	0.8130221838087006	0.20699688344902697	1.0350244837181672	0.5339052003122138	1	1
regulation of cholesterol storage	GO:0010885		11	2	0.8943244021895708	0.8048338842046474	1.54458986784587	0.22349837566824932	1	1
negative regulation of cholesterol storage	GO:0010887		7	1	0.5691155286660905	0.5636718273877592	1.3294211503564923	0.4477163890561283	1	1
negative regulation of lipid storage	GO:0010888		13	2	1.056928838951311	0.6377797995414811	1.3943947275951296	0.28586713110443496	1	1
positive regulation of steroid biosynthetic process	GO:0010893		18	2	1.4634399308556614	0.3123573991068531	1.1184395617578968	0.4076084483747464	1	1
negative regulation of steroid biosynthetic process	GO:0010894		16	0	1.300835494093921	-Inf	0	1	1	1
regulation of triglyceride catabolic process	GO:0010896		7	0	0.5691155286660905	-Inf	0	1	1	1
positive regulation of triglyceride catabolic process	GO:0010898		5	0	0.4065110919043503	-Inf	0	1	1	1
regulation of very-low-density lipoprotein particle remodeling	GO:0010901		8	0	0.6504177470469605	-Inf	0	1	1	1
negative regulation of very-low-density lipoprotein particle remodeling	GO:0010903		6	0	0.4878133102852204	-Inf	0	1	1	1
regulation of glucose metabolic process	GO:0010906		39	1	3.1707865168539326	-1.1539796696865738	0.3103720426787347	0.9635170032415239	1	1
positive regulation of glucose metabolic process	GO:0010907		18	0	1.4634399308556614	-Inf	0	1	1	1
negative regulation of mitochondrial membrane potential	GO:0010917		6	0	0.4878133102852204	-Inf	0	1	1	1
regulation of inositol phosphate biosynthetic process	GO:0010919		7	0	0.5691155286660905	-Inf	0	1	1	1
regulation of phosphatase activity	GO:0010921		7	0	0.5691155286660905	-Inf	0	1	1	1
cellular component assembly involved in morphogenesis	GO:0010927		20	1	1.6260443676174012	-0.48615029711091834	0.5816356077875019	0.8005189188821835	1	1
regulation of macrophage cytokine production	GO:0010935		7	0	0.5691155286660905	-Inf	0	1	1	1
negative regulation of transcription by competitive promoter binding	GO:0010944		12	0	0.9756266205704408	-Inf	0	1	1	1
negative regulation of cell cycle process	GO:0010948		183	6	14.878305963699221	-0.9081447071702932	0.3930713169706127	0.9970727179347669	1	1
positive regulation of endopeptidase activity	GO:0010950		8	0	0.6504177470469605	-Inf	0	1	1	1
negative regulation of endopeptidase activity	GO:0010951		12	0	0.9756266205704408	-Inf	0	1	1	1
positive regulation of peptidase activity	GO:0010952		13	0	1.056928838951311	-Inf	0	1	1	1
positive regulation of protein processing	GO:0010954		12	1	0.9756266205704408	0.024675326655072338	0.898928862739797	0.6386518936468044	1	1
negative regulation of protein processing	GO:0010955		15	1	1.219533275713051	-0.1984682246591374	0.7481986024927316	0.719871464965964	1	1
regulation of glucan biosynthetic process	GO:0010962		17	0	1.3821377124747911	-Inf	0	1	1	1
regulation of mitotic sister chromatid separation	GO:0010965		42	2	3.4146931719965425	-0.5349404612803503	0.5565277263826629	0.8663777683554218	1	1
regulation of phosphate transport	GO:0010966		5	0	0.4065110919043503	-Inf	0	1	1	1
regulation of microtubule nucleation	GO:0010968		11	0	0.8943244021895708	-Inf	0	1	1	1
transport along microtubule	GO:0010970		56	1	4.552924229328724	-1.5157697142920767	0.21791038447576938	0.9914048919463843	1	1
positive regulation of G2/M transition of mitotic cell cycle	GO:0010971		19	1	1.5447421492365312	-0.43485700272336786	0.609007163082252	0.8005189188821835	1	1
negative regulation of G2/M transition of mitotic cell cycle	GO:0010972		46	0	3.739902045520023	-Inf	0	1	1	1
regulation of neuron projection development	GO:0010975		104	2	8.455430711610488	-1.4416617421383549	0.23438249745879713	0.9981422917343183	1	1
positive regulation of neuron projection development	GO:0010976		44	0	3.577297608758283	-Inf	0	1	1	1
negative regulation of neuron projection development	GO:0010977		28	0	2.276462114664362	-Inf	0	1	1	1
regulation of lipoprotein particle clearance	GO:0010984		14	2	1.138231057332181	0.5636718273877592	1.3294211503564923	0.31694075149328715	1	1
negative regulation of lipoprotein particle clearance	GO:0010985		9	1	0.7317199654278307	0.3123573991068531	1.1184395617578968	0.5339052003122138	1	1
regulation of low-density lipoprotein particle clearance	GO:0010988		10	1	0.8130221838087006	0.20699688344902697	1.0350244837181672	0.5718194031462658	1	1
negative regulation of low-density lipoprotein particle clearance	GO:0010989		6	1	0.4878133102852204	0.7178225072150176	1.465759593120927	0.3988224139625278	1	1
ubiquitin recycling	GO:0010992		8	1	0.6504177470469605	0.43014043476323666	1.2153715796146363	0.4477163890561283	1	1
free ubiquitin chain polymerization	GO:0010994		7	1	0.5691155286660905	0.5636718273877592	1.3294211503564923	0.3988224139625278	1	1
response to auditory stimulus	GO:0010996		10	1	0.8130221838087006	0.20699688344902697	1.0350244837181672	0.5718194031462658	1	1
astrocyte development	GO:0014002		6	2	0.4878133102852204	1.410969687774963	2.118668245703817	0.07950693348111477	1	1
oligodendrocyte development	GO:0014003		8	0	0.6504177470469605	-Inf	0	1	1	1
regulation of gliogenesis	GO:0014013		13	1	1.056928838951311	-0.05536738101846421	0.842769678250708	0.6680506238586684	1	1
positive regulation of gliogenesis	GO:0014015		10	1	0.8130221838087006	0.20699688344902697	1.0350244837181672	0.5718194031462658	1	1
neural crest formation	GO:0014029		8	0	0.6504177470469605	-Inf	0	1	1	1
neural crest cell development	GO:0014032		12	0	0.9756266205704408	-Inf	0	1	1	1
neural crest cell differentiation	GO:0014033		15	0	1.219533275713051	-Inf	0	1	1	1
response to purine-containing compound	GO:0014074		59	4	4.796830884471333	-0.18166110634275606	0.7589090296653783	0.7173063816919196	1	1
striated muscle tissue development	GO:0014706		50	4	4.065110919043503	-0.01614666786518275	0.8700023797642876	0.5881394827254243	1	1
positive regulation of muscle hypertrophy	GO:0014742		13	0	1.056928838951311	-Inf	0	1	1	1
regulation of muscle hypertrophy	GO:0014743		17	1	1.3821377124747911	-0.32363136761314343	0.6718259362075856	0.7636073497610661	1	1
muscle cell migration	GO:0014812		5	2	0.4065110919043503	1.5932912445689176	2.2966101973978796	0.055968935390420846	1	1
regulation of skeletal muscle contraction	GO:0014819		11	1	0.8943244021895708	0.11168670364470205	0.9625093145711885	0.5718194031462658	1	1
phasic smooth muscle contraction	GO:0014821		9	0	0.7317199654278307	-Inf	0	1	1	1
vascular associated smooth muscle contraction	GO:0014829		6	0	0.4878133102852204	-Inf	0	1	1	1
muscle hypertrophy	GO:0014896		6	0	0.4878133102852204	-Inf	0	1	1	1
striated muscle hypertrophy	GO:0014897		5	0	0.4065110919043503	-Inf	0	1	1	1
myotube differentiation	GO:0014902		15	0	1.219533275713051	-Inf	0	1	1	1
regulation of smooth muscle cell migration	GO:0014910		31	2	2.520368769806972	-0.23125804748212817	0.7276117167426861	0.7301085305639006	1	1
positive regulation of smooth muscle cell migration	GO:0014911		16	2	1.300835494093921	0.43014043476323666	1.2153715796146363	0.37794987073324315	1	1
negative regulation of smooth muscle cell migration	GO:0014912		14	0	1.138231057332181	-Inf	0	1	1	1
heparan sulfate proteoglycan biosynthetic process	GO:0015012		14	2	1.138231057332181	0.5636718273877592	1.3294211503564923	0.31694075149328715	1	1
gas transport	GO:0015669		11	0	0.8943244021895708	-Inf	0	1	1	1
oxygen transport	GO:0015671		8	0	0.6504177470469605	-Inf	0	1	1	1
magnesium ion transport	GO:0015693		10	0	0.8130221838087006	-Inf	0	1	1	1
organic cation transport	GO:0015695		66	1	5.365946413137425	-1.680072765583353	0.18529821080290185	0.9956491435583866	1	1
quaternary ammonium group transport	GO:0015697		11	1	0.8943244021895708	0.11168670364470205	0.9625093145711885	0.6066515058940674	1	1
inorganic anion transport	GO:0015698		84	5	6.829386343993085	-0.31179690996614057	0.6787899952928559	0.7981504329420274	1	1
bicarbonate transport	GO:0015701		18	1	1.4634399308556614	-0.3807897814530922	0.6389495026159213	0.7828454412068578	1	1
iodide transport	GO:0015705		6	0	0.4878133102852204	-Inf	0	1	1	1
hexose phosphate transport	GO:0015712		5	0	0.4065110919043503	-Inf	0	1	1	1
monocarboxylic acid transport	GO:0015718		77	1	6.260270815326995	-1.834223445410611	0.15906586991778066	0.998433998984849	1	1
bile acid and bile salt transport	GO:0015721		14	0	1.138231057332181	-Inf	0	1	1	1
lactate transport	GO:0015727		5	0	0.4065110919043503	-Inf	0	1	1	1
prostaglandin transport	GO:0015732		10	0	0.8130221838087006	-Inf	0	1	1	1
C4-dicarboxylate transport	GO:0015740		13	2	1.056928838951311	0.6377797995414811	1.3943947275951296	0.28586713110443496	1	1
alpha-ketoglutarate transport	GO:0015742		5	0	0.4065110919043503	-Inf	0	1	1	1
urate transport	GO:0015747		6	0	0.4878133102852204	-Inf	0	1	1	1
organophosphate ester transport	GO:0015748		99	1	8.048919619706137	-2.0855378736915173	0.12392285503722458	0.9997795507706071	1	1
monosaccharide transmembrane transport	GO:0015749		26	0	2.113857677902622	-Inf	0	1	1	1
fructose transmembrane transport	GO:0015755		6	0	0.4878133102852204	-Inf	0	1	1	1
glucose-6-phosphate transport	GO:0015760		5	0	0.4065110919043503	-Inf	0	1	1	1
nucleotide-sugar transmembrane transport	GO:0015780		8	0	0.6504177470469605	-Inf	0	1	1	1
polyol transmembrane transport	GO:0015791		7	1	0.5691155286660905	0.5636718273877592	1.3294211503564923	0.4477163890561283	1	1
glycerol transmembrane transport	GO:0015793		7	1	0.5691155286660905	0.5636718273877592	1.3294211503564923	0.4477163890561283	1	1
acidic amino acid transport	GO:0015800		12	1	0.9756266205704408	0.024675326655072338	0.898928862739797	0.6386518936468044	1	1
aromatic amino acid transport	GO:0015801		8	0	0.6504177470469605	-Inf	0	1	1	1
basic amino acid transport	GO:0015802		14	0	1.138231057332181	-Inf	0	1	1	1
branched-chain amino acid transport	GO:0015803		8	0	0.6504177470469605	-Inf	0	1	1	1
neutral amino acid transport	GO:0015804		35	1	2.8455776433304525	-1.045766085046341	0.3445638924647699	0.948746459217358	1	1
L-amino acid transport	GO:0015807		40	1	3.2520887352348025	-1.1792974776708636	0.30284420349642827	0.9635170032415239	1	1
L-alanine transport	GO:0015808		8	0	0.6504177470469605	-Inf	0	1	1	1
aspartate transmembrane transport	GO:0015810		8	1	0.6504177470469605	0.43014043476323666	1.2153715796146363	0.4926363899231906	1	1
L-cystine transport	GO:0015811		5	0	0.4065110919043503	-Inf	0	1	1	1
L-glutamate transmembrane transport	GO:0015813		10	1	0.8130221838087006	0.20699688344902697	1.0350244837181672	0.5718194031462658	1	1
glycine transport	GO:0015816		5	0	0.4065110919043503	-Inf	0	1	1	1
leucine transport	GO:0015820		8	0	0.6504177470469605	-Inf	0	1	1	1
ornithine transport	GO:0015822		6	0	0.4878133102852204	-Inf	0	1	1	1
proline transport	GO:0015824		6	0	0.4878133102852204	-Inf	0	1	1	1
peptide transport	GO:0015833		29	0	2.3577643330452323	-Inf	0	1	1	1
amine transport	GO:0015837		5	0	0.4065110919043503	-Inf	0	1	1	1
amino-acid betaine transport	GO:0015838		7	1	0.5691155286660905	0.5636718273877592	1.3294211503564923	0.4477163890561283	1	1
monoamine transport	GO:0015844		17	0	1.3821377124747911	-Inf	0	1	1	1
polyamine transport	GO:0015846		6	0	0.4878133102852204	-Inf	0	1	1	1
organic acid transport	GO:0015849		158	4	12.84575050417747	-1.1667186954640036	0.3065625843972493	0.9989993133137273	1	1
organic hydroxy compound transport	GO:0015850		100	2	8.130221838087007	-1.4024410289850733	0.2435799442361706	0.9978362002465211	1	1
nucleobase transport	GO:0015851		8	0	0.6504177470469605	-Inf	0	1	1	1
nucleoside transport	GO:0015858		7	0	0.5691155286660905	-Inf	0	1	1	1
uridine transport	GO:0015862		6	0	0.4878133102852204	-Inf	0	1	1	1
pyrimidine nucleoside transport	GO:0015864		6	0	0.4878133102852204	-Inf	0	1	1	1
purine nucleotide transport	GO:0015865		27	0	2.1951598962834917	-Inf	0	1	1	1
ATP transport	GO:0015867		13	0	1.056928838951311	-Inf	0	1	1	1
purine ribonucleotide transport	GO:0015868		23	0	1.8699510227600116	-Inf	0	1	1	1
choline transport	GO:0015871		9	0	0.7317199654278307	-Inf	0	1	1	1
dopamine transport	GO:0015872		12	0	0.9756266205704408	-Inf	0	1	1	1
norepinephrine transport	GO:0015874		6	0	0.4878133102852204	-Inf	0	1	1	1
carnitine transport	GO:0015879		7	1	0.5691155286660905	0.5636718273877592	1.3294211503564923	0.4477163890561283	1	1
folic acid transport	GO:0015884		6	0	0.4878133102852204	-Inf	0	1	1	1
heme transport	GO:0015886		5	1	0.4065110919043503	0.9001440640089723	1.6322561791244243	0.34560316721562534	1	1
thiamine transport	GO:0015888		7	0	0.5691155286660905	-Inf	0	1	1	1
cobalamin transport	GO:0015889		9	0	0.7317199654278307	-Inf	0	1	1	1
fatty acid transport	GO:0015908		41	0	3.3333909536156727	-Inf	0	1	1	1
long-chain fatty acid transport	GO:0015909		24	0	1.9512532411408816	-Inf	0	1	1	1
phospholipid transport	GO:0015914		52	1	4.227715355805244	-1.4416617421383549	0.23438249745879713	0.9879208570971465	1	1
sterol transport	GO:0015918		48	1	3.9025064822817632	-1.3616190344648182	0.2535210724647217	0.9815193621660256	1	1
peroxisomal membrane transport	GO:0015919		18	1	1.4634399308556614	-0.3807897814530922	0.6389495026159213	0.7828454412068578	1	1
nucleobase-containing compound transport	GO:0015931		113	3	9.187150677038318	-1.1191935536011584	0.32100177093786225	0.9959087073632924	1	1
coenzyme A metabolic process	GO:0015936		10	0	0.8130221838087006	-Inf	0	1	1	1
coenzyme A biosynthetic process	GO:0015937		9	0	0.7317199654278307	-Inf	0	1	1	1
pantothenate metabolic process	GO:0015939		6	0	0.4878133102852204	-Inf	0	1	1	1
nucleobase-containing small molecule interconversion	GO:0015949		8	0	0.6504177470469605	-Inf	0	1	1	1
energy derivation by oxidation of organic compounds	GO:0015980		95	10	7.723710746182657	0.25829017783657743	1.0752242884685586	0.23267638799640558	1	1
proton motive force-driven ATP synthesis	GO:0015986		14	1	1.138231057332181	-0.1294753531721861	0.7928427126816872	0.6950590755790824	1	1
viral process	GO:0016032		164	8	13.333563814462691	-0.5108429097012899	0.568816005248427	0.9558191322967847	1	1
lipid catabolic process	GO:0016042		162	5	13.17095937770095	-0.968576446355211	0.3710500190433123	0.9969218435930292	1	1
detection of bacterium	GO:0016045		14	1	1.138231057332181	-0.1294753531721861	0.7928427126816872	0.6950590755790824	1	1
cell growth	GO:0016049		18	4	1.4634399308556614	1.0055045796667985	1.7305503401522517	0.05307486097259935	1	1
vesicle organization	GO:0016050		147	7	11.9514261019879	-0.5349404612803503	0.5565277263826629	0.9465975479329335	1	1
carbohydrate biosynthetic process	GO:0016051		57	6	4.634226447709594	0.25829017783657743	1.0752242884685586	0.31716870112810597	1	1
carbohydrate catabolic process	GO:0016052		52	6	4.227715355805244	0.35009772708970016	1.1490949685358696	0.24558079635607918	1	1
organic acid biosynthetic process	GO:0016053		156	6	12.68314606741573	-0.7485145615784095	0.4569950042886459	0.989022824391792	1	1
organic acid catabolic process	GO:0016054		155	4	12.60184384903486	-1.1475487793562833	0.3123119627381121	0.998503188472264	1	1
Wnt signaling pathway	GO:0016055		70	2	5.691155286660905	-1.045766085046341	0.3445638924647699	0.9797257889460308	1	1
immunoglobulin mediated immune response	GO:0016064		13	0	1.056928838951311	-Inf	0	1	1	1
rRNA metabolic process	GO:0016072		102	2	8.292826274848746	-1.422243656281253	0.2388935285701193	0.9979949927962986	1	1
snRNA metabolic process	GO:0016073		37	2	3.008182080092192	-0.4081887556412063	0.6236357337200239	0.8148435624310426	1	1
rRNA catabolic process	GO:0016075		8	1	0.6504177470469605	0.43014043476323666	1.2153715796146363	0.4926363899231906	1	1
tRNA catabolic process	GO:0016078		6	0	0.4878133102852204	-Inf	0	1	1	1
synaptic vesicle exocytosis	GO:0016079		10	0	0.8130221838087006	-Inf	0	1	1	1
polyprenol metabolic process	GO:0016093		10	0	0.8130221838087006	-Inf	0	1	1	1
monoterpenoid metabolic process	GO:0016098		6	1	0.4878133102852204	0.7178225072150176	1.465759593120927	0.3988224139625278	1	1
diterpenoid metabolic process	GO:0016101		57	2	4.634226447709594	-0.8403221108315322	0.41918676437383456	0.9273040834205144	1	1
terpenoid catabolic process	GO:0016115		7	0	0.5691155286660905	-Inf	0	1	1	1
sterol metabolic process	GO:0016125		69	7	5.609853068280035	0.2213856209011265	1.0462207707046356	0.3016535215799249	1	1
sterol biosynthetic process	GO:0016126		26	3	2.113857677902622	0.35009772708970016	1.1490949685358696	0.33234670672521316	1	1
sterol catabolic process	GO:0016127		5	0	0.4065110919043503	-Inf	0	1	1	1
glycoside metabolic process	GO:0016137		14	0	1.138231057332181	-Inf	0	1	1	1
snRNA processing	GO:0016180		22	0	1.7886488043791415	-Inf	0	1	1	1
endosomal transport	GO:0016197		157	4	12.7644482857966	-1.1603694677853449	0.30845572393935544	0.9987755027671734	1	1
regulation of striated muscle tissue development	GO:0016202		10	0	0.8130221838087006	-Inf	0	1	1	1
iron-sulfur cluster assembly	GO:0016226		15	1	1.219533275713051	-0.1984682246591374	0.7481986024927316	0.719871464965964	1	1
telomere capping	GO:0016233		15	1	1.219533275713051	-0.1984682246591374	0.7481986024927316	0.6386518936468044	1	1
macroautophagy	GO:0016236		154	6	12.52054163065399	-0.7356111567425014	0.4625420577251324	0.9870408509250034	1	1
positive regulation of macroautophagy	GO:0016239		74	2	6.016364160184384	-1.1013359362011517	0.32658991222787837	0.984856483154775	1	1
autophagosome membrane docking	GO:0016240		7	0	0.5691155286660905	-Inf	0	1	1	1
regulation of macroautophagy	GO:0016241		131	5	10.650590607893978	-0.7561774343239784	0.45372836286676776	0.9826431971601783	1	1
negative regulation of macroautophagy	GO:0016242		24	0	1.9512532411408816	-Inf	0	1	1	1
attachment of GPI anchor to protein	GO:0016255		6	0	0.4878133102852204	-Inf	0	1	1	1
gap junction assembly	GO:0016264		6	0	0.4878133102852204	-Inf	0	1	1	1
O-glycan processing	GO:0016266		39	4	3.1707865168539326	0.23231469143331684	1.0547672527226162	0.3545284226363752	1	1
dephosphorylation	GO:0016311		109	4	8.861941803514837	-0.7954715446661804	0.43729717189289025	0.9706577688883924	1	1
dendrite development	GO:0016358		16	1	1.300835494093921	-0.2630067457967087	0.7080691948308241	0.7426662379148121	1	1
post-transcriptional gene silencing	GO:0016441		34	3	2.7642754249495822	0.08183374049502086	0.940405663158651	0.5299709995667566	1	1
somatic cell DNA recombination	GO:0016444		8	0	0.6504177470469605	-Inf	0	1	1	1
somatic diversification of immunoglobulins	GO:0016445		7	0	0.5691155286660905	-Inf	0	1	1	1
negative regulation of transcription by RNA polymerase I	GO:0016479		7	1	0.5691155286660905	0.5636718273877592	1.3294211503564923	0.3988224139625278	1	1
cytosolic transport	GO:0016482		88	3	7.154595217516566	-0.8691425493670242	0.4079048227924729	0.9732359410599497	1	1
protein processing	GO:0016485		100	5	8.130221838087007	-0.48615029711091834	0.5816356077875019	0.9130775326024323	1	1
peptide hormone processing	GO:0016486		24	0	1.9512532411408816	-Inf	0	1	1	1
negative regulation of angiogenesis	GO:0016525		78	7	6.341573033707865	0.09878329880879422	0.9529188476072487	0.43720029204274824	1	1
protein autoprocessing	GO:0016540		13	2	1.056928838951311	0.6377797995414811	1.3943947275951296	0.28586713110443496	1	1
base conversion or substitution editing	GO:0016553		8	0	0.6504177470469605	-Inf	0	1	1	1
mRNA modification	GO:0016556		14	0	1.138231057332181	-Inf	0	1	1	1
protein import into peroxisome matrix	GO:0016558		13	1	1.056928838951311	-0.05536738101846421	0.842769678250708	0.6680506238586684	1	1
peroxisome fission	GO:0016559		10	0	0.8130221838087006	-Inf	0	1	1	1
protein import into peroxisome matrix, receptor recycling	GO:0016562		7	1	0.5691155286660905	0.5636718273877592	1.3294211503564923	0.4477163890561283	1	1
protein deubiquitination	GO:0016579		77	2	6.260270815326995	-1.1410762648506658	0.31427591640666747	0.9869237858169877	1	1
Rac protein signal transduction	GO:0016601		13	0	1.056928838951311	-Inf	0	1	1	1
protein sumoylation	GO:0016925		33	2	2.6829732065687124	-0.2937784044634623	0.6894965182132737	0.761488837763183	1	1
protein desumoylation	GO:0016926		6	0	0.4878133102852204	-Inf	0	1	1	1
poly(A)+ mRNA export from nucleus	GO:0016973		7	0	0.5691155286660905	-Inf	0	1	1	1
cytochrome complex assembly	GO:0017004		35	3	2.8455776433304525	0.05284620362176866	0.9192306947767647	0.5499811995347115	1	1
regulation of transforming growth factor beta receptor signaling pathway	GO:0017015		77	2	6.260270815326995	-1.1410762648506658	0.31427591640666747	0.9887151677526753	1	1
protein import	GO:0017038		5	0	0.4065110919043503	-Inf	0	1	1	1
respiratory chain complex III assembly	GO:0017062		10	1	0.8130221838087006	0.20699688344902697	1.0350244837181672	0.5718194031462658	1	1
plasma membrane phospholipid scrambling	GO:0017121		10	0	0.8130221838087006	-Inf	0	1	1	1
negative regulation of translation	GO:0017148		84	2	6.829386343993085	-1.2280876418402957	0.2888198883263806	0.9927692681463256	1	1
calcium-ion regulated exocytosis	GO:0017156		7	0	0.5691155286660905	-Inf	0	1	1	1
regulation of exocytosis	GO:0017157		79	2	6.422875252088735	-1.1667186954640036	0.3065625843972493	0.9895187249891952	1	1
regulation of calcium ion-dependent exocytosis	GO:0017158		7	0	0.5691155286660905	-Inf	0	1	1	1
peptidyl-lysine hydroxylation	GO:0017185		6	0	0.4878133102852204	-Inf	0	1	1	1
peptidyl-lysine methylation	GO:0018022		18	0	1.4634399308556614	-Inf	0	1	1	1
peptidyl-lysine trimethylation	GO:0018023		7	0	0.5691155286660905	-Inf	0	1	1	1
peptidyl-lysine monomethylation	GO:0018026		6	0	0.4878133102852204	-Inf	0	1	1	1
peptidyl-serine phosphorylation	GO:0018105		48	2	3.9025064822817632	-0.668471853904873	0.49235623876582585	0.9044291332544852	1	1
peptidyl-threonine phosphorylation	GO:0018107		22	2	1.7886488043791415	0.11168670364470205	0.9625093145711885	0.5184465917746591	1	1
peptidyl-tyrosine phosphorylation	GO:0018108		52	5	4.227715355805244	0.16777617029574549	1.0048324882452515	0.41740602629646084	1	1
protein hydroxylation	GO:0018126		14	0	1.138231057332181	-Inf	0	1	1	1
keratan sulfate biosynthetic process	GO:0018146		16	2	1.300835494093921	0.43014043476323666	1.2153715796146363	0.37794987073324315	1	1
peptide cross-linking	GO:0018149		21	1	1.7073465859982713	-0.5349404612803503	0.5565277263826629	0.8316703660941647	1	1
protein oxidation	GO:0018158		6	1	0.4878133102852204	0.7178225072150176	1.465759593120927	0.34560316721562534	1	1
peptidyl-arginine modification	GO:0018195		5	1	0.4065110919043503	0.9001440640089723	1.6322561791244243	0.34560316721562534	1	1
peptidyl-cysteine modification	GO:0018198		16	0	1.300835494093921	-Inf	0	1	1	1
peptidyl-glutamic acid modification	GO:0018200		12	0	0.9756266205704408	-Inf	0	1	1	1
peptidyl-histidine modification	GO:0018202		5	0	0.4065110919043503	-Inf	0	1	1	1
peptidyl-lysine modification	GO:0018205		87	4	7.073292999135695	-0.5700317810916204	0.5390237248137554	0.9268805845912802	1	1
peptidyl-proline modification	GO:0018208		8	0	0.6504177470469605	-Inf	0	1	1	1
peptidyl-serine modification	GO:0018209		60	3	4.878133102852204	-0.48615029711091834	0.5816356077875019	0.8528536716684211	1	1
peptidyl-threonine modification	GO:0018210		31	3	2.520368769806972	0.17420706062603608	1.0097497925884502	0.400794141011956	1	1
peptidyl-tyrosine modification	GO:0018212		53	6	4.309017574186114	0.33104953211900584	1.1335734593023223	0.25954289965008426	1	1
peptidyl-arginine methylation	GO:0018216		5	1	0.4065110919043503	0.9001440640089723	1.6322561791244243	0.34560316721562534	1	1
peptidyl-L-cysteine S-palmitoylation	GO:0018230		12	0	0.9756266205704408	-Inf	0	1	1	1
peptidyl-S-diacylglycerol-L-cysteine biosynthetic process from peptidyl-cysteine	GO:0018231		12	0	0.9756266205704408	-Inf	0	1	1	1
protein O-linked glycosylation via serine	GO:0018242		10	1	0.8130221838087006	0.20699688344902697	1.0350244837181672	0.4926363899231906	1	1
protein O-linked glycosylation via threonine	GO:0018243		9	1	0.7317199654278307	0.3123573991068531	1.1184395617578968	0.4477163890561283	1	1
protein N-linked glycosylation via asparagine	GO:0018279		40	2	3.2520887352348025	-0.48615029711091834	0.5816356077875019	0.8475766689482587	1	1
protein prenylation	GO:0018342		8	0	0.6504177470469605	-Inf	0	1	1	1
protein palmitoylation	GO:0018345		24	0	1.9512532411408816	-Inf	0	1	1	1
internal peptidyl-lysine acetylation	GO:0018393		7	1	0.5691155286660905	0.5636718273877592	1.3294211503564923	0.4477163890561283	1	1
peptidyl-lysine acetylation	GO:0018394		12	1	0.9756266205704408	0.024675326655072338	0.898928862739797	0.6386518936468044	1	1
C-terminal protein amino acid modification	GO:0018410		6	0	0.4878133102852204	-Inf	0	1	1	1
ether metabolic process	GO:0018904		16	0	1.300835494093921	-Inf	0	1	1	1
phenol-containing compound metabolic process	GO:0018958		40	1	3.2520887352348025	-1.1792974776708636	0.30284420349642827	0.9635170032415239	1	1
viral life cycle	GO:0019058		103	2	8.374128493229616	-1.4319998312266178	0.236616705674924	0.9981422917343183	1	1
virion attachment to host cell	GO:0019062		9	0	0.7317199654278307	-Inf	0	1	1	1
receptor-mediated endocytosis of virus by host cell	GO:0019065		7	0	0.5691155286660905	-Inf	0	1	1	1
virion assembly	GO:0019068		34	1	2.7642754249495822	-1.0167785481730887	0.354299371971894	0.9338658845389614	1	1
viral release from host cell	GO:0019076		28	0	2.276462114664362	-Inf	0	1	1	1
viral genome replication	GO:0019079		12	0	0.9756266205704408	-Inf	0	1	1	1
viral gene expression	GO:0019080		53	6	4.309017574186114	0.33104953211900584	1.1335734593023223	0.24558079635607918	1	1
viral translation	GO:0019081		17	1	1.3821377124747911	-0.32363136761314343	0.6718259362075856	0.7636073497610661	1	1
viral protein processing	GO:0019082		31	4	2.520368769806972	0.46188913307781715	1.2421101156739072	0.2240847932658868	1	1
viral transcription	GO:0019083		6	1	0.4878133102852204	0.7178225072150176	1.465759593120927	0.3988224139625278	1	1
reproductive behavior	GO:0019098		5	0	0.4065110919043503	-Inf	0	1	1	1
nonribosomal peptide biosynthetic process	GO:0019184		6	0	0.4878133102852204	-Inf	0	1	1	1
regulation of lipid metabolic process	GO:0019216		167	7	13.577470469605302	-0.6625016869183693	0.49508558180930545	0.9809254414537314	1	1
regulation of fatty acid metabolic process	GO:0019217		48	3	3.9025064822817632	-0.2630067457967087	0.7080691948308241	0.7338427569090165	1	1
regulation of steroid metabolic process	GO:0019218		59	2	4.796830884471333	-0.8748082869027014	0.40571919899601877	0.948661417972912	1	1
transmission of nerve impulse	GO:0019226		8	0	0.6504177470469605	-Inf	0	1	1	1
neuronal action potential	GO:0019228		8	0	0.6504177470469605	-Inf	0	1	1	1
regulation of vasoconstriction	GO:0019229		17	0	1.3821377124747911	-Inf	0	1	1	1
sensory perception of pain	GO:0019233		8	0	0.6504177470469605	-Inf	0	1	1	1
hexose metabolic process	GO:0019318		65	5	5.284644194756554	-0.05536738101846409	0.842769678250708	0.6173573410693685	1	1
hexose biosynthetic process	GO:0019319		23	2	1.8699510227600116	0.06723494107386813	0.9297056732049866	0.5684472158651903	1	1
hexose catabolic process	GO:0019320		22	1	1.7886488043791415	-0.5814604769152433	0.5334222975217455	0.8453725187098986	1	1
phenol-containing compound catabolic process	GO:0019336		10	1	0.8130221838087006	0.20699688344902697	1.0350244837181672	0.5339052003122138	1	1
dolichol metabolic process	GO:0019348		8	0	0.6504177470469605	-Inf	0	1	1	1
pyridine nucleotide metabolic process	GO:0019362		67	6	5.447248631518295	0.09664882628016161	0.9513377478961743	0.4507200846153012	1	1
pyridine nucleotide catabolic process	GO:0019364		25	4	2.0325554595217517	0.6770005126947626	1.4292169516584297	0.14086574606821206	1	1
fatty acid elongation, saturated fatty acid	GO:0019367		6	0	0.4878133102852204	-Inf	0	1	1	1
fatty acid elongation, unsaturated fatty acid	GO:0019368		5	0	0.4065110919043503	-Inf	0	1	1	1
arachidonic acid metabolic process	GO:0019369		34	1	2.7642754249495822	-1.0167785481730887	0.354299371971894	0.9392526672507046	1	1
leukotriene biosynthetic process	GO:0019370		10	1	0.8130221838087006	0.20699688344902697	1.0350244837181672	0.5718194031462658	1	1
lipoxygenase pathway	GO:0019372		9	0	0.7317199654278307	-Inf	0	1	1	1
epoxygenase P450 pathway	GO:0019373		9	0	0.7317199654278307	-Inf	0	1	1	1
galactolipid metabolic process	GO:0019374		6	0	0.4878133102852204	-Inf	0	1	1	1
glycolipid catabolic process	GO:0019377		18	0	1.4634399308556614	-Inf	0	1	1	1
galactose catabolic process	GO:0019388		5	0	0.4065110919043503	-Inf	0	1	1	1
fatty acid oxidation	GO:0019395		53	1	4.309017574186114	-1.4607099371090493	0.23003726617377906	0.9856809192828183	1	1
alditol metabolic process	GO:0019400		6	0	0.4878133102852204	-Inf	0	1	1	1
removal of superoxide radicals	GO:0019430		10	2	0.8130221838087006	0.9001440640089723	1.6322561791244243	0.19267737480574515	1	1
triglyceride biosynthetic process	GO:0019432		14	1	1.138231057332181	-0.1294753531721861	0.7928427126816872	0.6950590755790824	1	1
triglyceride catabolic process	GO:0019433		10	0	0.8130221838087006	-Inf	0	1	1	1
4-hydroxyproline metabolic process	GO:0019471		6	1	0.4878133102852204	0.7178225072150176	1.465759593120927	0.34560316721562534	1	1
taurine metabolic process	GO:0019530		5	0	0.4065110919043503	-Inf	0	1	1	1
catechol-containing compound catabolic process	GO:0019614		7	0	0.5691155286660905	-Inf	0	1	1	1
urea metabolic process	GO:0019627		7	0	0.5691155286660905	-Inf	0	1	1	1
aerobic electron transport chain	GO:0019646		17	0	1.3821377124747911	-Inf	0	1	1	1
GDP-mannose metabolic process	GO:0019673		8	0	0.6504177470469605	-Inf	0	1	1	1
NAD metabolic process	GO:0019674		23	1	1.8699510227600116	-0.6259122394860772	0.5120958595639823	0.8453725187098986	1	1
deoxyribose phosphate metabolic process	GO:0019692		27	1	2.1951598962834917	-0.7862548895612564	0.4411034563476793	0.8899046725514381	1	1
ribose phosphate metabolic process	GO:0019693		136	7	11.057101699798329	-0.457162760237666	0.5969807746616724	0.9263913163261643	1	1
alkanesulfonate metabolic process	GO:0019694		5	0	0.4065110919043503	-Inf	0	1	1	1
choline metabolic process	GO:0019695		5	0	0.4065110919043503	-Inf	0	1	1	1
calcium-mediated signaling	GO:0019722		77	3	6.260270815326995	-0.7356111567425014	0.4625420577251324	0.9495459533845183	1	1
B cell mediated immunity	GO:0019724		17	0	1.3821377124747911	-Inf	0	1	1	1
antimicrobial humoral response	GO:0019730		120	3	9.756266205704408	-1.1792974776708636	0.30284420349642827	0.9956156770312317	1	1
antibacterial humoral response	GO:0019731		42	2	3.4146931719965425	-0.5349404612803503	0.5565277263826629	0.8572600394572143	1	1
antifungal humoral response	GO:0019732		13	0	1.056928838951311	-Inf	0	1	1	1
secondary metabolic process	GO:0019748		32	1	2.601670988187842	-0.956153926356654	0.3754828901181559	0.9216181425198152	1	1
polyol metabolic process	GO:0019751		55	1	4.471622010947854	-1.4977512087893983	0.22180920790811776	0.9906416156254294	1	1
one-carbon compound transport	GO:0019755		8	0	0.6504177470469605	-Inf	0	1	1	1
stem cell population maintenance	GO:0019827		14	0	1.138231057332181	-Inf	0	1	1	1
cytolysis	GO:0019835		7	0	0.5691155286660905	-Inf	0	1	1	1
L-ascorbic acid metabolic process	GO:0019852		7	0	0.5691155286660905	-Inf	0	1	1	1
antigen processing and presentation	GO:0019882		59	5	4.796830884471333	0.041482444971453585	0.9110081444288507	0.5140689381347131	1	1
antigen processing and presentation of endogenous antigen	GO:0019883		15	1	1.219533275713051	-0.1984682246591374	0.7481986024927316	0.719871464965964	1	1
antigen processing and presentation of exogenous antigen	GO:0019884		24	3	1.9512532411408816	0.43014043476323666	1.2153715796146363	0.2864435867986237	1	1
antigen processing and presentation of endogenous peptide antigen via MHC class I	GO:0019885		9	1	0.7317199654278307	0.3123573991068531	1.1184395617578968	0.5339052003122138	1	1
antigen processing and presentation of exogenous peptide antigen via MHC class II	GO:0019886		17	1	1.3821377124747911	-0.32363136761314343	0.6718259362075856	0.7426662379148121	1	1
axonal transport of mitochondrion	GO:0019896		6	0	0.4878133102852204	-Inf	0	1	1	1
lipid storage	GO:0019915		22	0	1.7886488043791415	-Inf	0	1	1	1
cGMP-mediated signaling	GO:0019934		15	0	1.219533275713051	-Inf	0	1	1	1
translesion synthesis	GO:0019985		24	1	1.9512532411408816	-0.668471853904873	0.49235623876582585	0.8695235216387899	1	1
diencephalon development	GO:0021536		5	0	0.4065110919043503	-Inf	0	1	1	1
telencephalon development	GO:0021537		29	3	2.3577643330452323	0.2408984351247081	1.0615050417925094	0.400794141011956	1	1
pallium development	GO:0021543		18	1	1.4634399308556614	-0.3807897814530922	0.6389495026159213	0.7636073497610661	1	1
cranial nerve development	GO:0021545		8	0	0.6504177470469605	-Inf	0	1	1	1
nerve development	GO:0021675		9	0	0.7317199654278307	-Inf	0	1	1	1
developmental maturation	GO:0021700		41	1	3.3333909536156727	-1.2039900902612353	0.2956680805258496	0.9664898323259665	1	1
olfactory bulb development	GO:0021772		7	2	0.5691155286660905	1.2568190079477046	1.969621046209867	0.10545856340092526	1	1
glial cell development	GO:0021782		14	2	1.138231057332181	0.5636718273877592	1.3294211503564923	0.31694075149328715	1	1
cerebral cortex cell migration	GO:0021795		6	1	0.4878133102852204	0.7178225072150176	1.465759593120927	0.3988224139625278	1	1
forebrain generation of neurons	GO:0021872		8	2	0.6504177470469605	1.1232876153231819	1.8418840104221779	0.13327638298668934	1	1
forebrain neuron differentiation	GO:0021879		8	2	0.6504177470469605	1.1232876153231819	1.8418840104221779	0.13327638298668934	1	1
forebrain neuron development	GO:0021884		6	2	0.4878133102852204	1.410969687774963	2.118668245703817	0.07950693348111477	1	1
forebrain cell migration	GO:0021885		9	3	0.7317199654278307	1.4109696877749627	2.1186682457038164	0.031043049601571823	1	1
neural tube development	GO:0021915		9	0	0.7317199654278307	-Inf	0	1	1	1
central nervous system neuron differentiation	GO:0021953		24	2	1.9512532411408816	0.024675326655072338	0.898928862739797	0.5919997817214471	1	1
central nervous system neuron development	GO:0021954		12	2	0.9756266205704408	0.7178225072150176	1.465759593120927	0.25464724061396	1	1
cerebral cortex development	GO:0021987		18	1	1.4634399308556614	-0.3807897814530922	0.6389495026159213	0.7636073497610661	1	1
olfactory lobe development	GO:0021988		7	2	0.5691155286660905	1.2568190079477046	1.969621046209867	0.10545856340092526	1	1
tangential migration from the subventricular zone to the olfactory bulb	GO:0022028		5	2	0.4065110919043503	1.5932912445689176	2.2966101973978796	0.055968935390420846	1	1
telencephalon cell migration	GO:0022029		9	3	0.7317199654278307	1.4109696877749627	2.1186682457038164	0.031043049601571823	1	1
regulation of rhodopsin mediated signaling pathway	GO:0022400		9	0	0.7317199654278307	-Inf	0	1	1	1
negative adaptation of signaling pathway	GO:0022401		8	0	0.6504177470469605	-Inf	0	1	1	1
molting cycle process	GO:0022404		11	0	0.8943244021895708	-Inf	0	1	1	1
hair cycle process	GO:0022405		11	0	0.8943244021895708	-Inf	0	1	1	1
membrane docking	GO:0022406		29	0	2.3577643330452323	-Inf	0	1	1	1
negative regulation of cell-cell adhesion	GO:0022408		100	3	8.130221838087007	-0.996975920876909	0.36109512281338835	0.9900553653074214	1	1
positive regulation of cell-cell adhesion	GO:0022409		172	14	13.983981561509651	0.0011448292448782342	0.8821833351872053	0.520662667277797	1	1
cellular process involved in reproduction in multicellular organism	GO:0022412		58	1	4.7155286660904645	-1.5508610341033469	0.2105071418842151	0.9889058695594898	1	1
digestive system process	GO:0022600		28	1	2.276462114664362	-0.8226225337321315	0.42625261943192866	0.8988690967553691	1	1
regulation of cell morphogenesis	GO:0022604		112	7	9.105848458657448	-0.2630067457967087	0.7080691948308241	0.7927154789655649	1	1
gland morphogenesis	GO:0022612		5	0	0.4065110919043503	-Inf	0	1	1	1
DNA strand elongation	GO:0022616		8	1	0.6504177470469605	0.43014043476323666	1.2153715796146363	0.4926363899231906	1	1
extracellular matrix disassembly	GO:0022617		43	2	3.495995390377413	-0.5584709586905445	0.5447394738528083	0.8749577458102287	1	1
protein-RNA complex assembly	GO:0022618		115	5	9.349755113800057	-0.625912239486077	0.5120958595639824	0.9531407217376626	1	1
regulation of transmembrane transporter activity	GO:0022898		70	5	5.691155286660905	-0.1294753531721861	0.7928427126816872	0.6443736941205429	1	1
electron transport chain	GO:0022900		30	2	2.439066551426102	-0.1984682246591374	0.7481986024927316	0.6952882846077232	1	1
respiratory electron transport chain	GO:0022904		25	2	2.0325554595217517	-0.01614666786518275	0.8700023797642876	0.5919997817214471	1	1
signal transduction involved in regulation of gene expression	GO:0023019		8	0	0.6504177470469605	-Inf	0	1	1	1
CD40 signaling pathway	GO:0023035		7	0	0.5691155286660905	-Inf	0	1	1	1
adaptation of signaling pathway	GO:0023058		8	0	0.6504177470469605	-Inf	0	1	1	1
signal release	GO:0023061		46	0	3.739902045520023	-Inf	0	1	1	1
intracellular potassium ion homeostasis	GO:0030007		10	1	0.8130221838087006	0.20699688344902697	1.0350244837181672	0.5718194031462658	1	1
establishment of cell polarity	GO:0030010		58	1	4.7155286660904645	-1.5508610341033469	0.2105071418842151	0.9927498736360113	1	1
maintenance of cell polarity	GO:0030011		8	0	0.6504177470469605	-Inf	0	1	1	1
lamellipodium assembly	GO:0030032		15	0	1.219533275713051	-Inf	0	1	1	1
microvillus assembly	GO:0030033		14	0	1.138231057332181	-Inf	0	1	1	1
contractile actin filament bundle assembly	GO:0030038		15	2	1.219533275713051	0.4946789559008079	1.2699797904718395	0.3476856241627394	1	1
actin filament polymerization	GO:0030041		12	0	0.9756266205704408	-Inf	0	1	1	1
actin filament depolymerization	GO:0030042		8	0	0.6504177470469605	-Inf	0	1	1	1
parallel actin filament bundle assembly	GO:0030046		5	0	0.4065110919043503	-Inf	0	1	1	1
actin filament-based movement	GO:0030048		48	4	3.9025064822817632	0.024675326655072338	0.898928862739797	0.5381672709817001	1	1
muscle filament sliding	GO:0030049		7	0	0.5691155286660905	-Inf	0	1	1	1
insulin processing	GO:0030070		6	0	0.4878133102852204	-Inf	0	1	1	1
regulation of mitotic metaphase/anaphase transition	GO:0030071		48	2	3.9025064822817632	-0.668471853904873	0.49235623876582585	0.9107093055889706	1	1
peptide hormone secretion	GO:0030072		17	0	1.3821377124747911	-Inf	0	1	1	1
insulin secretion	GO:0030073		9	0	0.7317199654278307	-Inf	0	1	1	1
protein repair	GO:0030091		7	0	0.5691155286660905	-Inf	0	1	1	1
hemopoiesis	GO:0030097		178	16	14.471794871794872	0.10038714839076882	0.9541078926518015	0.37525619798544957	1	1
lymphocyte differentiation	GO:0030098		56	4	4.552924229328724	-0.1294753531721861	0.7928427126816872	0.6778904890149126	1	1
myeloid cell differentiation	GO:0030099		96	8	7.8050129645635264	0.024675326655072338	0.898928862739797	0.5246932212533342	1	1
regulation of endocytosis	GO:0030100		161	5	13.089657159320081	-0.96238447610729	0.37325356437710144	0.9971068466469528	1	1
natural killer cell activation	GO:0030101		25	2	2.0325554595217517	-0.01614666786518275	0.8700023797642876	0.614578309981989	1	1
sphingolipid biosynthetic process	GO:0030148		79	3	6.422875252088735	-0.7612535873558391	0.45157568928201863	0.9581799927649132	1	1
sphingolipid catabolic process	GO:0030149		35	1	2.8455776433304525	-1.045766085046341	0.3445638924647699	0.9442009692082878	1	1
protein import into mitochondrial matrix	GO:0030150		10	0	0.8130221838087006	-Inf	0	1	1	1
proteoglycan biosynthetic process	GO:0030166		48	5	3.9025064822817632	0.24781887796928215	1.066953339954059	0.35112918228389983	1	1
proteoglycan catabolic process	GO:0030167		9	3	0.7317199654278307	1.4109696877749627	2.1186682457038164	0.031043049601571823	1	1
platelet activation	GO:0030168		49	6	3.9838087006626335	0.40952114756050106	1.1981401489543668	0.2051558263204789	1	1
regulation of DNA-templated DNA replication initiation	GO:0030174		7	1	0.5691155286660905	0.5636718273877592	1.3294211503564923	0.3988224139625278	1	1
positive regulation of Wnt signaling pathway	GO:0030177		91	3	7.3985018726591765	-0.9026652414056678	0.39512549874363734	0.977968071330477	1	1
negative regulation of Wnt signaling pathway	GO:0030178		106	5	8.618035148372227	-0.5444192052348942	0.5517540936053343	0.9086539762991854	1	1
neuron differentiation	GO:0030182		199	14	16.179141457793143	-0.14466551866616117	0.7828599951873	0.7453244030477099	1	1
B cell differentiation	GO:0030183		18	1	1.4634399308556614	-0.3807897814530922	0.6389495026159213	0.7828454412068578	1	1
regulation of blood coagulation	GO:0030193		46	4	3.739902045520023	0.06723494107386813	0.9297056732049866	0.5208406195644519	1	1
positive regulation of blood coagulation	GO:0030194		14	1	1.138231057332181	-0.1294753531721861	0.7928427126816872	0.6950590755790824	1	1
negative regulation of blood coagulation	GO:0030195		33	3	2.6829732065687124	0.11168670364470205	0.9625093145711885	0.5094714938784041	1	1
extracellular matrix organization	GO:0030198		83	3	6.748084125612215	-0.8106463426854155	0.43109348833793637	0.9695614128127045	1	1
collagen fibril organization	GO:0030199		20	0	1.6260443676174012	-Inf	0	1	1	1
heparan sulfate proteoglycan catabolic process	GO:0030200		7	2	0.5691155286660905	1.2568190079477046	1.969621046209867	0.10545856340092526	1	1
heparan sulfate proteoglycan metabolic process	GO:0030201		23	4	1.8699510227600116	0.7603821216338135	1.5041640345098577	0.11177630511791865	1	1
glycosaminoglycan metabolic process	GO:0030203		46	3	3.739902045520023	-0.22044713137791272	0.734354080755392	0.7338427569090165	1	1
hyaluronan metabolic process	GO:0030212		13	0	1.056928838951311	-Inf	0	1	1	1
hyaluronan biosynthetic process	GO:0030213		6	0	0.4878133102852204	-Inf	0	1	1	1
hyaluronan catabolic process	GO:0030214		7	0	0.5691155286660905	-Inf	0	1	1	1
keratinocyte differentiation	GO:0030216		36	3	2.9268798617113228	0.02467532665507212	0.8989288627397969	0.5299709995667566	1	1
T cell differentiation	GO:0030217		36	3	2.9268798617113228	0.02467532665507212	0.8989288627397969	0.569478856064477	1	1
erythrocyte differentiation	GO:0030218		24	1	1.9512532411408816	-0.668471853904873	0.49235623876582585	0.8695235216387899	1	1
megakaryocyte differentiation	GO:0030219		5	0	0.4065110919043503	-Inf	0	1	1	1
platelet formation	GO:0030220		9	0	0.7317199654278307	-Inf	0	1	1	1
monocyte differentiation	GO:0030224		7	0	0.5691155286660905	-Inf	0	1	1	1
macrophage differentiation	GO:0030225		18	3	1.4634399308556614	0.7178225072150174	1.4657595931209269	0.17599767391184992	1	1
myofibril assembly	GO:0030239		15	1	1.219533275713051	-0.1984682246591374	0.7481986024927316	0.719871464965964	1	1
autophagy of peroxisome	GO:0030242		6	0	0.4878133102852204	-Inf	0	1	1	1
lipid modification	GO:0030258		97	6	7.886315182944397	-0.27336953283225524	0.7017740193633769	0.7775005350570782	1	1
chromosome condensation	GO:0030261		17	1	1.3821377124747911	-0.32363136761314343	0.6718259362075856	0.7426662379148121	1	1
apoptotic nuclear changes	GO:0030262		11	1	0.8943244021895708	0.11168670364470205	0.9625093145711885	0.6066515058940674	1	1
maintenance of gastrointestinal epithelium	GO:0030277		8	0	0.6504177470469605	-Inf	0	1	1	1
regulation of ossification	GO:0030278		51	3	4.146413137424373	-0.32363136761314343	0.6718259362075856	0.7952538076464255	1	1
negative regulation of ossification	GO:0030279		18	0	1.4634399308556614	-Inf	0	1	1	1
bone mineralization	GO:0030282		7	1	0.5691155286660905	0.5636718273877592	1.3294211503564923	0.4477163890561283	1	1
intestinal cholesterol absorption	GO:0030299		7	0	0.5691155286660905	-Inf	0	1	1	1
cholesterol transport	GO:0030301		47	1	3.8212042639008934	-1.3405656252669862	0.2587989875806654	0.9815193621660256	1	1
positive regulation of cell growth	GO:0030307		83	2	6.748084125612215	-1.21611145079358	0.2922043959899942	0.9922100427165998	1	1
negative regulation of cell growth	GO:0030308		88	5	7.154595217516566	-0.35831692560103345	0.6517254702551244	0.8384132191254149	1	1
poly-N-acetyllactosamine metabolic process	GO:0030309		5	1	0.4065110919043503	0.9001440640089723	1.6322561791244243	0.34560316721562534	1	1
poly-N-acetyllactosamine biosynthetic process	GO:0030311		5	1	0.4065110919043503	0.9001440640089723	1.6322561791244243	0.34560316721562534	1	1
osteoclast differentiation	GO:0030316		14	3	1.138231057332181	0.9691369354959237	1.6964715190836939	0.09942540877132375	1	1
flagellated sperm motility	GO:0030317		37	1	3.008182080092192	-1.1013359362011517	0.32658991222787837	0.9567574160045956	1	1
melanocyte differentiation	GO:0030318		5	0	0.4065110919043503	-Inf	0	1	1	1
transepithelial chloride transport	GO:0030321		7	1	0.5691155286660905	0.5636718273877592	1.3294211503564923	0.4477163890561283	1	1
respiratory tube development	GO:0030323		15	0	1.219533275713051	-Inf	0	1	1	1
lung development	GO:0030324		15	0	1.219533275713051	-Inf	0	1	1	1
embryonic limb morphogenesis	GO:0030326		19	0	1.5447421492365312	-Inf	0	1	1	1
DNA damage response, signal transduction by p53 class mediator	GO:0030330		33	2	2.6829732065687124	-0.2937784044634623	0.6894965182132737	0.761488837763183	1	1
negative regulation of cell migration	GO:0030336		193	8	15.691328147507923	-0.6736666707819771	0.48999183375037747	0.9901900453735524	1	1
membrane disassembly	GO:0030397		11	0	0.8943244021895708	-Inf	0	1	1	1
siRNA processing	GO:0030422		7	1	0.5691155286660905	0.5636718273877592	1.3294211503564923	0.4477163890561283	1	1
regulation of complement activation	GO:0030449		16	1	1.300835494093921	-0.2630067457967087	0.7080691948308241	0.7426662379148121	1	1
tRNA methylation	GO:0030488		26	0	2.113857677902622	-Inf	0	1	1	1
maturation of SSU-rRNA	GO:0030490		7	0	0.5691155286660905	-Inf	0	1	1	1
fatty acid elongation	GO:0030497		13	0	1.056928838951311	-Inf	0	1	1	1
regulation of bone mineralization	GO:0030500		35	2	2.8455776433304525	-0.3526189044863957	0.6549957178965378	0.7896543088998988	1	1
positive regulation of bone mineralization	GO:0030501		21	2	1.7073465859982713	0.15820671927959495	0.9975397110662905	0.5184465917746591	1	1
negative regulation of bone mineralization	GO:0030502		7	0	0.5691155286660905	-Inf	0	1	1	1
BMP signaling pathway	GO:0030509		39	5	3.1707865168539326	0.4554582427475266	1.2366742042325094	0.17858005704228283	1	1
regulation of BMP signaling pathway	GO:0030510		44	4	3.577297608758283	0.11168670364470205	0.9625093145711885	0.44874221692086713	1	1
positive regulation of transforming growth factor beta receptor signaling pathway	GO:0030511		21	1	1.7073465859982713	-0.5349404612803503	0.5565277263826629	0.8316703660941647	1	1
negative regulation of transforming growth factor beta receptor signaling pathway	GO:0030512		50	1	4.065110919043503	-1.4024410289850733	0.2435799442361706	0.9856809192828183	1	1
positive regulation of BMP signaling pathway	GO:0030513		10	1	0.8130221838087006	0.20699688344902697	1.0350244837181672	0.5339052003122138	1	1
negative regulation of BMP signaling pathway	GO:0030514		30	2	2.439066551426102	-0.1984682246591374	0.7481986024927316	0.6952882846077232	1	1
regulation of axon extension	GO:0030516		15	0	1.219533275713051	-Inf	0	1	1	1
negative regulation of axon extension	GO:0030517		5	0	0.4065110919043503	-Inf	0	1	1	1
intracellular steroid hormone receptor signaling pathway	GO:0030518		38	2	3.0894842984730624	-0.43485700272336786	0.609007163082252	0.826397929767843	1	1
intracellular estrogen receptor signaling pathway	GO:0030520		16	1	1.300835494093921	-0.2630067457967087	0.7080691948308241	0.7426662379148121	1	1
androgen receptor signaling pathway	GO:0030521		12	2	0.9756266205704408	0.7178225072150176	1.465759593120927	0.25464724061396	1	1
intracellular receptor signaling pathway	GO:0030522		113	7	9.187150677038318	-0.27189569321395474	0.7026668348670418	0.8220707942795514	1	1
adult behavior	GO:0030534		20	4	1.6260443676174012	0.9001440640089723	1.6322561791244243	0.07395053587250522	1	1
collagen catabolic process	GO:0030574		20	2	1.6260443676174012	0.20699688344902697	1.0350244837181672	0.4920343605245726	1	1
nuclear body organization	GO:0030575		12	0	0.9756266205704408	-Inf	0	1	1	1
PML body organization	GO:0030578		5	0	0.4065110919043503	-Inf	0	1	1	1
neutrophil chemotaxis	GO:0030593		26	0	2.113857677902622	-Inf	0	1	1	1
leukocyte chemotaxis	GO:0030595		81	3	6.585479688850475	-0.7862548895612563	0.4411034563476793	0.9581799927649132	1	1
polyketide metabolic process	GO:0030638		10	0	0.8130221838087006	-Inf	0	1	1	1
regulation of cellular pH	GO:0030641		44	1	3.577297608758283	-1.2746076574751886	0.27602230087850416	0.9740330143503004	1	1
intracellular phosphate ion homeostasis	GO:0030643		5	0	0.4065110919043503	-Inf	0	1	1	1
aminoglycoside antibiotic metabolic process	GO:0030647		9	0	0.7317199654278307	-Inf	0	1	1	1
regulation of vitamin metabolic process	GO:0030656		9	1	0.7317199654278307	0.3123573991068531	1.1184395617578968	0.5339052003122138	1	1
cytoskeleton-dependent intracellular transport	GO:0030705		65	1	5.284644194756554	-1.6648052934525646	0.18811603625682624	0.9960041871324492	1	1
regulation of nucleotide biosynthetic process	GO:0030808		10	1	0.8130221838087006	0.20699688344902697	1.0350244837181672	0.5718194031462658	1	1
positive regulation of nucleotide biosynthetic process	GO:0030810		5	1	0.4065110919043503	0.9001440640089723	1.6322561791244243	0.34560316721562534	1	1
regulation of actin filament length	GO:0030832		60	4	4.878133102852204	-0.1984682246591374	0.7481986024927316	0.7296255495298654	1	1
regulation of actin filament polymerization	GO:0030833		48	4	3.9025064822817632	0.024675326655072338	0.898928862739797	0.5551707335905907	1	1
regulation of actin filament depolymerization	GO:0030834		18	0	1.4634399308556614	-Inf	0	1	1	1
negative regulation of actin filament depolymerization	GO:0030835		7	0	0.5691155286660905	-Inf	0	1	1	1
positive regulation of actin filament depolymerization	GO:0030836		9	0	0.7317199654278307	-Inf	0	1	1	1
negative regulation of actin filament polymerization	GO:0030837		15	1	1.219533275713051	-0.1984682246591374	0.7481986024927316	0.719871464965964	1	1
positive regulation of actin filament polymerization	GO:0030838		25	3	2.0325554595217517	0.38931844024298157	1.1813619444057044	0.33234670672521316	1	1
granulocyte differentiation	GO:0030851		10	1	0.8130221838087006	0.20699688344902697	1.0350244837181672	0.5718194031462658	1	1
regulation of granulocyte differentiation	GO:0030852		10	1	0.8130221838087006	0.20699688344902697	1.0350244837181672	0.5718194031462658	1	1
negative regulation of granulocyte differentiation	GO:0030853		5	0	0.4065110919043503	-Inf	0	1	1	1
positive regulation of granulocyte differentiation	GO:0030854		6	1	0.4878133102852204	0.7178225072150176	1.465759593120927	0.3988224139625278	1	1
epithelial cell differentiation	GO:0030855		139	7	11.301008354940938	-0.4789818076323057	0.5854006141154717	0.9357539038216222	1	1
regulation of epithelial cell differentiation	GO:0030856		63	4	5.1220397579948145	-0.24725838882856943	0.717714735855517	0.7415381460277453	1	1
negative regulation of epithelial cell differentiation	GO:0030857		11	0	0.8943244021895708	-Inf	0	1	1	1
positive regulation of epithelial cell differentiation	GO:0030858		30	4	2.439066551426102	0.4946789559008079	1.2699797904718395	0.20647097227212768	1	1
polarized epithelial cell differentiation	GO:0030859		13	0	1.056928838951311	-Inf	0	1	1	1
cortical cytoskeleton organization	GO:0030865		18	1	1.4634399308556614	-0.3807897814530922	0.6389495026159213	0.7828454412068578	1	1
cortical actin cytoskeleton organization	GO:0030866		12	1	0.9756266205704408	0.024675326655072338	0.898928862739797	0.6386518936468044	1	1
mammary gland development	GO:0030879		15	0	1.219533275713051	-Inf	0	1	1	1
regulation of B cell proliferation	GO:0030888		26	5	2.113857677902622	0.8609233508556908	1.5960259560401024	0.055301489903883456	1	1
negative regulation of B cell proliferation	GO:0030889		6	3	0.4878133102852204	1.8164347958831273	2.516127434313278	0.008892939209033167	1	1
positive regulation of B cell proliferation	GO:0030890		19	2	1.5447421492365312	0.25829017783657743	1.0752242884685586	0.46472284305099365	1	1
forebrain development	GO:0030900		38	3	3.0894842984730624	-0.029391894615203418	0.8607438277072158	0.5884450707787217	1	1
midbrain development	GO:0030901		13	0	1.056928838951311	-Inf	0	1	1	1
hindbrain development	GO:0030902		5	0	0.4065110919043503	-Inf	0	1	1	1
regulation of vascular endothelial growth factor receptor signaling pathway	GO:0030947		16	2	1.300835494093921	0.43014043476323666	1.2153715796146363	0.37794987073324315	1	1
negative regulation of vascular endothelial growth factor receptor signaling pathway	GO:0030948		5	0	0.4065110919043503	-Inf	0	1	1	1
positive regulation of vascular endothelial growth factor receptor signaling pathway	GO:0030949		11	2	0.8943244021895708	0.8048338842046474	1.54458986784587	0.22349837566824932	1	1
astral microtubule organization	GO:0030953		10	1	0.8130221838087006	0.20699688344902697	1.0350244837181672	0.5718194031462658	1	1
endoplasmic reticulum unfolded protein response	GO:0030968		32	0	2.601670988187842	-Inf	0	1	1	1
retrograde protein transport, ER to cytosol	GO:0030970		15	1	1.219533275713051	-0.1984682246591374	0.7481986024927316	0.719871464965964	1	1
pancreas development	GO:0031016		20	0	1.6260443676174012	-Inf	0	1	1	1
endocrine pancreas development	GO:0031018		11	0	0.8943244021895708	-Inf	0	1	1	1
microtubule organizing center organization	GO:0031023		79	4	6.422875252088735	-0.47357151490405824	0.5882551355183817	0.8876887456477869	1	1
actomyosin structure organization	GO:0031032		42	3	3.4146931719965425	-0.12947535317218598	0.7928427126816873	0.674905461493065	1	1
regulatory ncRNA-mediated gene silencing	GO:0031047		62	4	5.040737539613944	-0.23125804748212817	0.7276117167426861	0.7415381460277453	1	1
regulatory ncRNA-mediated heterochromatin formation	GO:0031048		5	0	0.4065110919043503	-Inf	0	1	1	1
primary miRNA processing	GO:0031053		11	2	0.8943244021895708	0.8048338842046474	1.54458986784587	0.22349837566824932	1	1
pre-miRNA processing	GO:0031054		13	1	1.056928838951311	-0.05536738101846421	0.842769678250708	0.6680506238586684	1	1
stress-activated protein kinase signaling cascade	GO:0031098		17	5	1.3821377124747911	1.2858065448209568	1.9975315150457764	0.009533377382661223	1	1
regeneration	GO:0031099		7	0	0.5691155286660905	-Inf	0	1	1	1
microtubule polymerization or depolymerization	GO:0031109		31	1	2.520368769806972	-0.9244052280420735	0.38703219543570105	0.9216181425198152	1	1
regulation of microtubule polymerization or depolymerization	GO:0031110		57	2	4.634226447709594	-0.8403221108315322	0.41918676437383456	0.952145336020348	1	1
negative regulation of microtubule polymerization or depolymerization	GO:0031111		22	1	1.7886488043791415	-0.5814604769152433	0.5334222975217455	0.8453725187098986	1	1
positive regulation of microtubule polymerization or depolymerization	GO:0031112		27	1	2.1951598962834917	-0.7862548895612564	0.4411034563476793	0.8988690967553691	1	1
regulation of microtubule polymerization	GO:0031113		43	1	3.495995390377413	-1.25161813925049	0.28227791446282297	0.9740330143503004	1	1
regulation of microtubule depolymerization	GO:0031114		15	1	1.219533275713051	-0.1984682246591374	0.7481986024927316	0.719871464965964	1	1
negative regulation of microtubule polymerization	GO:0031115		10	0	0.8130221838087006	-Inf	0	1	1	1
positive regulation of microtubule polymerization	GO:0031116		24	1	1.9512532411408816	-0.668471853904873	0.49235623876582585	0.8695235216387899	1	1
tRNA pseudouridine synthesis	GO:0031119		5	0	0.4065110919043503	-Inf	0	1	1	1
cytoplasmic microtubule organization	GO:0031122		29	1	2.3577643330452323	-0.8577138535434015	0.41234573348900533	0.9146689247438466	1	1
RNA 3'-end processing	GO:0031123		41	0	3.3333909536156727	-Inf	0	1	1	1
mRNA 3'-end processing	GO:0031124		20	0	1.6260443676174012	-Inf	0	1	1	1
anaphase-promoting complex-dependent catabolic process	GO:0031145		20	1	1.6260443676174012	-0.48615029711091834	0.5816356077875019	0.8167549482694262	1	1
SCF-dependent proteasomal ubiquitin-dependent protein catabolic process	GO:0031146		22	2	1.7886488043791415	0.11168670364470205	0.9625093145711885	0.5439251611637498	1	1
metallo-sulfur cluster assembly	GO:0031163		15	1	1.219533275713051	-0.1984682246591374	0.7481986024927316	0.719871464965964	1	1
rRNA methylation	GO:0031167		14	0	1.138231057332181	-Inf	0	1	1	1
neuron projection development	GO:0031175		128	12	10.406683952751369	0.14245836231145573	0.9856020675923204	0.3468943902041257	1	1
biomineral tissue development	GO:0031214		16	1	1.300835494093921	-0.2630067457967087	0.7080691948308241	0.7426662379148121	1	1
auditory behavior	GO:0031223		9	1	0.7317199654278307	0.3123573991068531	1.1184395617578968	0.5339052003122138	1	1
regulation of pseudopodium assembly	GO:0031272		9	1	0.7317199654278307	0.3123573991068531	1.1184395617578968	0.5339052003122138	1	1
positive regulation of pseudopodium assembly	GO:0031274		9	1	0.7317199654278307	0.3123573991068531	1.1184395617578968	0.5339052003122138	1	1
positive regulation of cyclase activity	GO:0031281		20	2	1.6260443676174012	0.20699688344902697	1.0350244837181672	0.4920343605245726	1	1
membrane protein intracellular domain proteolysis	GO:0031293		11	0	0.8943244021895708	-Inf	0	1	1	1
lymphocyte costimulation	GO:0031294		29	1	2.3577643330452323	-0.8577138535434015	0.41234573348900533	0.9146689247438466	1	1
T cell costimulation	GO:0031295		28	1	2.276462114664362	-0.8226225337321315	0.42625261943192866	0.9071040750839803	1	1
replication fork processing	GO:0031297		40	1	3.2520887352348025	-1.1792974776708636	0.30284420349642827	0.9635170032415239	1	1
negative regulation of protein-containing complex assembly	GO:0031333		83	4	6.748084125612215	-0.5229642702336346	0.562607464102172	0.8989186352423846	1	1
positive regulation of protein-containing complex assembly	GO:0031334		135	7	10.975799481417459	-0.44978265294004355	0.6009387794894357	0.9296368677662497	1	1
regulation of vesicle fusion	GO:0031338		8	0	0.6504177470469605	-Inf	0	1	1	1
positive regulation of vesicle fusion	GO:0031340		6	0	0.4878133102852204	-Inf	0	1	1	1
regulation of cell killing	GO:0031341		67	5	5.447248631518295	-0.08567273051379305	0.8221088343042633	0.6310161325819968	1	1
negative regulation of cell killing	GO:0031342		28	2	2.276462114664362	-0.1294753531721861	0.7928427126816872	0.6765246818828679	1	1
positive regulation of cell killing	GO:0031343		34	2	2.7642754249495822	-0.32363136761314343	0.6718259362075856	0.761488837763183	1	1
negative regulation of cell projection organization	GO:0031345		59	2	4.796830884471333	-0.8748082869027014	0.40571919899601877	0.9554026185610376	1	1
positive regulation of cell projection organization	GO:0031346		124	4	10.081475079227888	-0.9244052280420735	0.38703219543570105	0.9907919789002948	1	1
negative regulation of defense response	GO:0031348		165	12	13.414866032843559	-0.11145684766950749	0.804795577321425	0.682324719714427	1	1
N-terminal protein amino acid modification	GO:0031365		17	0	1.3821377124747911	-Inf	0	1	1	1
regulation of protein ubiquitination	GO:0031396		142	8	11.544915010083548	-0.36680353947835204	0.6468779386372937	0.8953069842245873	1	1
negative regulation of protein ubiquitination	GO:0031397		54	0	4.3903197925669835	-Inf	0	1	1	1
positive regulation of protein ubiquitination	GO:0031398		81	8	6.585479688850475	0.19457436345046994	1.0254095603871178	0.3244153086637445	1	1
negative regulation of protein modification process	GO:0031400		161	3	13.089657159320081	-1.4732100998732807	0.22722813300973313	0.999848993131687	1	1
keratinization	GO:0031424		7	0	0.5691155286660905	-Inf	0	1	1	1
regulation of mRNA 3'-end processing	GO:0031440		8	0	0.6504177470469605	-Inf	0	1	1	1
regulation of heterochromatin formation	GO:0031445		7	2	0.5691155286660905	1.2568190079477046	1.969621046209867	0.10545856340092526	1	1
nuclear membrane reassembly	GO:0031468		21	0	1.7073465859982713	-Inf	0	1	1	1
protein-containing complex localization	GO:0031503		47	3	3.8212042639008934	-0.24195333659887633	0.7209853304796112	0.7471842673131515	1	1
heterochromatin formation	GO:0031507		44	0	3.577297608758283	-Inf	0	1	1	1
ruffle organization	GO:0031529		12	1	0.9756266205704408	0.024675326655072338	0.898928862739797	0.6386518936468044	1	1
regulation of termination of DNA-templated transcription	GO:0031554		6	0	0.4878133102852204	-Inf	0	1	1	1
DNA integrity checkpoint signaling	GO:0031570		78	3	6.341573033707865	-0.7485145615784095	0.4569950042886459	0.9525937176146889	1	1
mitotic G1 DNA damage checkpoint signaling	GO:0031571		14	1	1.138231057332181	-0.1294753531721861	0.7928427126816872	0.6950590755790824	1	1
mitotic intra-S DNA damage checkpoint signaling	GO:0031573		6	1	0.4878133102852204	0.7178225072150176	1.465759593120927	0.34560316721562534	1	1
spindle checkpoint signaling	GO:0031577		21	1	1.7073465859982713	-0.5349404612803503	0.5565277263826629	0.8316703660941647	1	1
membrane raft organization	GO:0031579		16	1	1.300835494093921	-0.2630067457967087	0.7080691948308241	0.719871464965964	1	1
hemidesmosome assembly	GO:0031581		5	1	0.4065110919043503	0.9001440640089723	1.6322561791244243	0.34560316721562534	1	1
cell-substrate adhesion	GO:0031589		98	14	7.967617401325267	0.5636718273877592	1.3294211503564923	0.02691166776341784	1	1
receptor internalization	GO:0031623		40	3	3.2520887352348025	-0.08068518900275397	0.8254860517525995	0.6420242090545026	1	1
zymogen activation	GO:0031638		19	2	1.5447421492365312	0.25829017783657743	1.0752242884685586	0.46472284305099365	1	1
plasminogen activation	GO:0031639		9	1	0.7317199654278307	0.3123573991068531	1.1184395617578968	0.5339052003122138	1	1
killing of cells of another organism	GO:0031640		82	1	6.6667819072313454	-1.8971372708211804	0.14944055600316059	0.997798314181821	1	1
regulation of myelination	GO:0031641		5	0	0.4065110919043503	-Inf	0	1	1	1
regulation of nervous system process	GO:0031644		20	2	1.6260443676174012	0.20699688344902697	1.0350244837181672	0.46472284305099365	1	1
positive regulation of nervous system process	GO:0031646		6	1	0.4878133102852204	0.7178225072150176	1.465759593120927	0.3988224139625278	1	1
protein destabilization	GO:0031648		38	2	3.0894842984730624	-0.43485700272336786	0.609007163082252	0.8148435624310426	1	1
lipopolysaccharide-mediated signaling pathway	GO:0031663		10	1	0.8130221838087006	0.20699688344902697	1.0350244837181672	0.5718194031462658	1	1
regulation of lipopolysaccharide-mediated signaling pathway	GO:0031664		21	1	1.7073465859982713	-0.5349404612803503	0.5565277263826629	0.7828454412068578	1	1
negative regulation of lipopolysaccharide-mediated signaling pathway	GO:0031665		13	0	1.056928838951311	-Inf	0	1	1	1
response to nutrient levels	GO:0031667		162	11	13.17095937770095	-0.1801190859909408	0.7598970408517485	0.7611641868964275	1	1
cellular response to nutrient levels	GO:0031669		130	10	10.569288389513108	-0.05536738101846409	0.842769678250708	0.599586589218804	1	1
cellular response to nutrient	GO:0031670		18	3	1.4634399308556614	0.7178225072150174	1.4657595931209269	0.17599767391184992	1	1
protection from non-homologous end joining at telomere	GO:0031848		5	0	0.4065110919043503	-Inf	0	1	1	1
TOR signaling	GO:0031929		16	0	1.300835494093921	-Inf	0	1	1	1
regulation of glucocorticoid metabolic process	GO:0031943		8	0	0.6504177470469605	-Inf	0	1	1	1
regulation of glucocorticoid biosynthetic process	GO:0031946		7	0	0.5691155286660905	-Inf	0	1	1	1
regulation of protein autophosphorylation	GO:0031952		12	0	0.9756266205704408	-Inf	0	1	1	1
positive regulation of protein autophosphorylation	GO:0031954		8	0	0.6504177470469605	-Inf	0	1	1	1
response to corticosteroid	GO:0031960		19	2	1.5447421492365312	0.25829017783657743	1.0752242884685586	0.46472284305099365	1	1
regulation of fatty acid beta-oxidation	GO:0031998		11	1	0.8943244021895708	0.11168670364470205	0.9625093145711885	0.6066515058940674	1	1
positive regulation of fatty acid beta-oxidation	GO:0032000		7	1	0.5691155286660905	0.5636718273877592	1.3294211503564923	0.4477163890561283	1	1
regulation of TOR signaling	GO:0032006		130	10	10.569288389513108	-0.05536738101846409	0.842769678250708	0.6194744923638131	1	1
negative regulation of TOR signaling	GO:0032007		55	4	4.471622010947854	-0.11145684766950774	0.8047955773214248	0.6639318865991973	1	1
positive regulation of TOR signaling	GO:0032008		66	6	5.365946413137425	0.11168670364470205	0.9625093145711885	0.4507200846153012	1	1
ISG15-protein conjugation	GO:0032020		6	1	0.4878133102852204	0.7178225072150176	1.465759593120927	0.3988224139625278	1	1
positive regulation of insulin secretion	GO:0032024		19	1	1.5447421492365312	-0.43485700272336786	0.609007163082252	0.7828454412068578	1	1
mitochondrial DNA metabolic process	GO:0032042		14	2	1.138231057332181	0.5636718273877592	1.3294211503564923	0.31694075149328715	1	1
cardiolipin metabolic process	GO:0032048		9	1	0.7317199654278307	0.3123573991068531	1.1184395617578968	0.5339052003122138	1	1
negative regulation of translation in response to stress	GO:0032055		6	0	0.4878133102852204	-Inf	0	1	1	1
positive regulation of translation in response to stress	GO:0032056		5	0	0.4065110919043503	-Inf	0	1	1	1
bleb assembly	GO:0032060		7	0	0.5691155286660905	-Inf	0	1	1	1
regulation of endodeoxyribonuclease activity	GO:0032071		7	0	0.5691155286660905	-Inf	0	1	1	1
positive regulation of nuclease activity	GO:0032075		5	0	0.4065110919043503	-Inf	0	1	1	1
negative regulation of NF-kappaB transcription factor activity	GO:0032088		46	1	3.739902045520023	-1.3190594200460224	0.2642988664944184	0.9717289383377405	1	1
negative regulation of protein binding	GO:0032091		42	5	3.4146931719965425	0.3813502705938047	1.174773543285943	0.23792639751098366	1	1
positive regulation of protein binding	GO:0032092		23	1	1.8699510227600116	-0.6259122394860772	0.5120958595639823	0.8579600324755672	1	1
regulation of response to nutrient levels	GO:0032107		9	1	0.7317199654278307	0.3123573991068531	1.1184395617578968	0.5339052003122138	1	1
activation of protein kinase activity	GO:0032147		31	3	2.520368769806972	0.17420706062603608	1.0097497925884502	0.44534173974525726	1	1
activation of protein kinase B activity	GO:0032148		7	0	0.5691155286660905	-Inf	0	1	1	1
telomere organization	GO:0032200		69	3	5.609853068280035	-0.6259122394860772	0.5120958595639823	0.9073592120685026	1	1
telomere maintenance via semi-conservative replication	GO:0032201		5	1	0.4065110919043503	0.9001440640089723	1.6322561791244243	0.34560316721562534	1	1
regulation of telomere maintenance	GO:0032204		79	4	6.422875252088735	-0.47357151490405824	0.5882551355183817	0.875383690450365	1	1
negative regulation of telomere maintenance	GO:0032205		35	2	2.8455776433304525	-0.3526189044863957	0.6549957178965378	0.7462150593459236	1	1
positive regulation of telomere maintenance	GO:0032206		46	2	3.739902045520023	-0.6259122394860772	0.5120958595639823	0.8977378623633647	1	1
regulation of telomere maintenance via telomerase	GO:0032210		42	1	3.4146931719965425	-1.2280876418402957	0.2888198883263806	0.9664898323259665	1	1
negative regulation of telomere maintenance via telomerase	GO:0032211		22	1	1.7886488043791415	-0.5814604769152433	0.5334222975217455	0.8167549482694262	1	1
positive regulation of telomere maintenance via telomerase	GO:0032212		19	0	1.5447421492365312	-Inf	0	1	1	1
regulation of actin filament bundle assembly	GO:0032231		66	2	5.365946413137425	-0.9869255850234077	0.36458975219432327	0.9748083527109674	1	1
negative regulation of actin filament bundle assembly	GO:0032232		21	0	1.7073465859982713	-Inf	0	1	1	1
positive regulation of actin filament bundle assembly	GO:0032233		39	1	3.1707865168539326	-1.1539796696865738	0.3103720426787347	0.9635170032415239	1	1
activation of store-operated calcium channel activity	GO:0032237		5	0	0.4065110919043503	-Inf	0	1	1	1
adenosine transport	GO:0032238		5	0	0.4065110919043503	-Inf	0	1	1	1
regulation of nucleobase-containing compound transport	GO:0032239		15	0	1.219533275713051	-Inf	0	1	1	1
methylation	GO:0032259		96	2	7.8050129645635264	-1.3616190344648182	0.2535210724647217	0.9960317131340584	1	1
purine nucleotide salvage	GO:0032261		5	1	0.4065110919043503	0.9001440640089723	1.6322561791244243	0.34560316721562534	1	1
regulation of protein polymerization	GO:0032271		95	5	7.723710746182657	-0.43485700272336786	0.609007163082252	0.8941823147302297	1	1
negative regulation of protein polymerization	GO:0032272		25	1	2.0325554595217517	-0.7092938484251281	0.47403735255445417	0.8801462387911566	1	1
positive regulation of protein polymerization	GO:0032273		53	4	4.309017574186114	-0.07441557598915859	0.8297443239959854	0.6347977898161327	1	1
regulation of gonadotropin secretion	GO:0032276		5	0	0.4065110919043503	-Inf	0	1	1	1
regulation of icosanoid secretion	GO:0032303		5	0	0.4065110919043503	-Inf	0	1	1	1
icosanoid secretion	GO:0032309		11	0	0.8943244021895708	-Inf	0	1	1	1
molybdopterin cofactor biosynthetic process	GO:0032324		5	1	0.4065110919043503	0.9001440640089723	1.6322561791244243	0.34560316721562534	1	1
alanine transport	GO:0032328		12	1	0.9756266205704408	0.024675326655072338	0.898928862739797	0.6386518936468044	1	1
regulation of chondrocyte differentiation	GO:0032330		13	2	1.056928838951311	0.6377797995414811	1.3943947275951296	0.25464724061396	1	1
negative regulation of chondrocyte differentiation	GO:0032331		7	0	0.5691155286660905	-Inf	0	1	1	1
positive regulation of chondrocyte differentiation	GO:0032332		7	2	0.5691155286660905	1.2568190079477046	1.969621046209867	0.07950693348111477	1	1
regulation of aldosterone metabolic process	GO:0032344		7	0	0.5691155286660905	-Inf	0	1	1	1
regulation of aldosterone biosynthetic process	GO:0032347		7	0	0.5691155286660905	-Inf	0	1	1	1
regulation of hormone metabolic process	GO:0032350		21	1	1.7073465859982713	-0.5349404612803503	0.5565277263826629	0.8167549482694262	1	1
negative regulation of hormone metabolic process	GO:0032351		7	0	0.5691155286660905	-Inf	0	1	1	1
positive regulation of hormone metabolic process	GO:0032352		8	1	0.6504177470469605	0.43014043476323666	1.2153715796146363	0.4926363899231906	1	1
negative regulation of hormone biosynthetic process	GO:0032353		5	0	0.4065110919043503	-Inf	0	1	1	1
response to estradiol	GO:0032355		22	2	1.7886488043791415	0.11168670364470205	0.9625093145711885	0.5439251611637498	1	1
intracellular lipid transport	GO:0032365		26	0	2.113857677902622	-Inf	0	1	1	1
intracellular sterol transport	GO:0032366		16	0	1.300835494093921	-Inf	0	1	1	1
intracellular cholesterol transport	GO:0032367		16	0	1.300835494093921	-Inf	0	1	1	1
regulation of lipid transport	GO:0032368		77	8	6.260270815326995	0.24521809626922483	1.0649041261555456	0.2755983721932341	1	1
negative regulation of lipid transport	GO:0032369		21	2	1.7073465859982713	0.15820671927959495	0.9975397110662905	0.5184465917746591	1	1
positive regulation of lipid transport	GO:0032370		46	3	3.739902045520023	-0.22044713137791272	0.734354080755392	0.7199513131691535	1	1
regulation of sterol transport	GO:0032371		43	2	3.495995390377413	-0.5584709586905445	0.5447394738528083	0.8749577458102287	1	1
negative regulation of sterol transport	GO:0032372		10	1	0.8130221838087006	0.20699688344902697	1.0350244837181672	0.5718194031462658	1	1
positive regulation of sterol transport	GO:0032373		26	1	2.113857677902622	-0.7485145615784096	0.4569950042886458	0.8899046725514381	1	1
regulation of cholesterol transport	GO:0032374		43	2	3.495995390377413	-0.5584709586905445	0.5447394738528083	0.8749577458102287	1	1
negative regulation of cholesterol transport	GO:0032375		10	1	0.8130221838087006	0.20699688344902697	1.0350244837181672	0.5718194031462658	1	1
positive regulation of cholesterol transport	GO:0032376		26	1	2.113857677902622	-0.7485145615784096	0.4569950042886458	0.8899046725514381	1	1
regulation of intracellular lipid transport	GO:0032377		8	0	0.6504177470469605	-Inf	0	1	1	1
regulation of intracellular sterol transport	GO:0032380		8	0	0.6504177470469605	-Inf	0	1	1	1
regulation of intracellular cholesterol transport	GO:0032383		8	0	0.6504177470469605	-Inf	0	1	1	1
regulation of intracellular transport	GO:0032386		175	9	14.22788821665226	-0.45797942014422194	0.5965440725109733	0.9480566578748588	1	1
negative regulation of intracellular transport	GO:0032387		40	2	3.2520887352348025	-0.48615029711091834	0.5816356077875019	0.8475766689482587	1	1
positive regulation of intracellular transport	GO:0032388		86	5	6.991990780754826	-0.33532740737633476	0.6649962752853925	0.8309313989007452	1	1
melanosome localization	GO:0032400		7	0	0.5691155286660905	-Inf	0	1	1	1
regulation of transporter activity	GO:0032409		77	5	6.260270815326995	-0.2247855329765108	0.73164303176924	0.7290702517886141	1	1
negative regulation of transporter activity	GO:0032410		27	4	2.1951598962834917	0.6000394715586341	1.3611670150072073	0.17258131944597774	1	1
positive regulation of transporter activity	GO:0032411		34	0	2.7642754249495822	-Inf	0	1	1	1
regulation of monoatomic ion transmembrane transporter activity	GO:0032412		69	4	5.609853068280035	-0.33823016703429626	0.6633094229880926	0.7951517981398661	1	1
negative regulation of ion transmembrane transporter activity	GO:0032413		23	4	1.8699510227600116	0.7603821216338135	1.5041640345098577	0.11177630511791865	1	1
positive regulation of ion transmembrane transporter activity	GO:0032414		31	0	2.520368769806972	-Inf	0	1	1	1
lysosome localization	GO:0032418		34	0	2.7642754249495822	-Inf	0	1	1	1
regulation of proteasomal ubiquitin-dependent protein catabolic process	GO:0032434		86	8	6.991990780754826	0.1346762218694008	0.9797326479053148	0.37459679568448523	1	1
negative regulation of proteasomal ubiquitin-dependent protein catabolic process	GO:0032435		29	3	2.3577643330452323	0.2408984351247081	1.0615050417925094	0.4232160450973199	1	1
positive regulation of proteasomal ubiquitin-dependent protein catabolic process	GO:0032436		49	4	3.9838087006626335	0.004056039452336655	0.8842445462841195	0.5551707335905907	1	1
melanosome organization	GO:0032438		15	2	1.219533275713051	0.4946789559008079	1.2699797904718395	0.3476856241627394	1	1
endocytic recycling	GO:0032456		43	0	3.495995390377413	-Inf	0	1	1	1
regulation of protein oligomerization	GO:0032459		5	0	0.4065110919043503	-Inf	0	1	1	1
regulation of cytokinesis	GO:0032465		79	4	6.422875252088735	-0.47357151490405824	0.5882551355183817	0.875383690450365	1	1
positive regulation of cytokinesis	GO:0032467		39	2	3.1707865168539326	-0.4608324891266285	0.5950204159823935	0.8026058061255117	1	1
endoplasmic reticulum calcium ion homeostasis	GO:0032469		18	3	1.4634399308556614	0.7178225072150174	1.4657595931209269	0.1555105384219749	1	1
regulation of type I interferon production	GO:0032479		97	4	7.886315182944397	-0.6788346409404197	0.48764930125481454	0.9558939483382889	1	1
negative regulation of type I interferon production	GO:0032480		35	1	2.8455776433304525	-1.045766085046341	0.3445638924647699	0.948746459217358	1	1
positive regulation of type I interferon production	GO:0032481		57	3	4.634226447709594	-0.43485700272336786	0.609007163082252	0.8354402827581976	1	1
Rap protein signal transduction	GO:0032486		5	0	0.4065110919043503	-Inf	0	1	1	1
regulation of Cdc42 protein signal transduction	GO:0032489		8	0	0.6504177470469605	-Inf	0	1	1	1
detection of molecule of bacterial origin	GO:0032490		10	0	0.8130221838087006	-Inf	0	1	1	1
response to bacterial lipoprotein	GO:0032493		5	0	0.4065110919043503	-Inf	0	1	1	1
response to peptidoglycan	GO:0032494		5	0	0.4065110919043503	-Inf	0	1	1	1
response to muramyl dipeptide	GO:0032495		13	0	1.056928838951311	-Inf	0	1	1	1
response to lipopolysaccharide	GO:0032496		89	3	7.235897435897436	-0.8804421046209575	0.40355632377411826	0.976486962067161	1	1
cytokinetic process	GO:0032506		35	1	2.8455776433304525	-1.045766085046341	0.3445638924647699	0.9392526672507046	1	1
maintenance of protein location in cell	GO:0032507		37	1	3.008182080092192	-1.1013359362011517	0.32658991222787837	0.9567574160045956	1	1
endosome transport via multivesicular body sorting pathway	GO:0032509		10	0	0.8130221838087006	-Inf	0	1	1	1
endosome to lysosome transport via multivesicular body sorting pathway	GO:0032510		6	0	0.4878133102852204	-Inf	0	1	1	1
response to retinoic acid	GO:0032526		29	1	2.3577643330452323	-0.8577138535434015	0.41234573348900533	0.9146689247438466	1	1
protein exit from endoplasmic reticulum	GO:0032527		23	3	1.8699510227600116	0.47270004918203257	1.2512707524815427	0.2864435867986237	1	1
microvillus organization	GO:0032528		14	0	1.138231057332181	-Inf	0	1	1	1
regulation of microvillus organization	GO:0032530		7	0	0.5691155286660905	-Inf	0	1	1	1
regulation of cellular component size	GO:0032535		137	6	11.138403918179199	-0.6186394801569972	0.5155352284110306	0.9710370717924798	1	1
mitochondrial translation	GO:0032543		22	1	1.7886488043791415	-0.5814604769152433	0.5334222975217455	0.8316703660941647	1	1
response to progesterone	GO:0032570		11	0	0.8943244021895708	-Inf	0	1	1	1
regulation of chemokine production	GO:0032642		59	3	4.796830884471333	-0.469343178794537	0.5904938069457926	0.860941424881039	1	1
regulation of granulocyte macrophage colony-stimulating factor production	GO:0032645		13	0	1.056928838951311	-Inf	0	1	1	1
regulation of interferon-alpha production	GO:0032647		22	0	1.7886488043791415	-Inf	0	1	1	1
regulation of interferon-beta production	GO:0032648		43	1	3.495995390377413	-1.25161813925049	0.28227791446282297	0.9740330143503004	1	1
regulation of type II interferon production	GO:0032649		67	3	5.447248631518295	-0.5964983542797837	0.5261258983703097	0.9127024222555805	1	1
regulation of interleukin-1 beta production	GO:0032651		59	0	4.796830884471333	-Inf	0	1	1	1
regulation of interleukin-1 production	GO:0032652		69	2	5.609853068280035	-1.0313773475942416	0.3493650634683716	0.9782001566521481	1	1
regulation of interleukin-10 production	GO:0032653		37	1	3.008182080092192	-1.1013359362011517	0.32658991222787837	0.9567574160045956	1	1
regulation of interleukin-12 production	GO:0032655		34	3	2.7642754249495822	0.08183374049502086	0.940405663158651	0.5299709995667566	1	1
regulation of interleukin-13 production	GO:0032656		12	1	0.9756266205704408	0.024675326655072338	0.898928862739797	0.6386518936468044	1	1
regulation of interleukin-17 production	GO:0032660		24	1	1.9512532411408816	-0.668471853904873	0.49235623876582585	0.8695235216387899	1	1
regulation of interleukin-2 production	GO:0032663		37	2	3.008182080092192	-0.4081887556412063	0.6236357337200239	0.8026058061255117	1	1
regulation of interleukin-23 production	GO:0032667		5	1	0.4065110919043503	0.9001440640089723	1.6322561791244243	0.34560316721562534	1	1
regulation of interleukin-4 production	GO:0032673		14	0	1.138231057332181	-Inf	0	1	1	1
regulation of interleukin-5 production	GO:0032674		10	1	0.8130221838087006	0.20699688344902697	1.0350244837181672	0.5718194031462658	1	1
regulation of interleukin-6 production	GO:0032675		81	3	6.585479688850475	-0.7862548895612563	0.4411034563476793	0.9654131167964912	1	1
regulation of interleukin-8 production	GO:0032677		79	3	6.422875252088735	-0.7612535873558391	0.45157568928201863	0.9607357763907749	1	1
regulation of tumor necrosis factor production	GO:0032680		96	5	7.8050129645635264	-0.4453283025906632	0.6033377533002444	0.8941823147302297	1	1
negative regulation of chemokine production	GO:0032682		14	2	1.138231057332181	0.5636718273877592	1.3294211503564923	0.28586713110443496	1	1
negative regulation of interferon-beta production	GO:0032688		9	0	0.7317199654278307	-Inf	0	1	1	1
negative regulation of type II interferon production	GO:0032689		22	0	1.7886488043791415	-Inf	0	1	1	1
negative regulation of interleukin-1 beta production	GO:0032691		23	0	1.8699510227600116	-Inf	0	1	1	1
negative regulation of interleukin-1 production	GO:0032692		26	1	2.113857677902622	-0.7485145615784096	0.4569950042886458	0.8801462387911566	1	1
negative regulation of interleukin-10 production	GO:0032693		13	0	1.056928838951311	-Inf	0	1	1	1
negative regulation of interleukin-12 production	GO:0032695		11	1	0.8943244021895708	0.11168670364470205	0.9625093145711885	0.6066515058940674	1	1
negative regulation of interleukin-17 production	GO:0032700		8	1	0.6504177470469605	0.43014043476323666	1.2153715796146363	0.4926363899231906	1	1
negative regulation of interleukin-2 production	GO:0032703		17	1	1.3821377124747911	-0.32363136761314343	0.6718259362075856	0.7636073497610661	1	1
negative regulation of interleukin-6 production	GO:0032715		22	1	1.7886488043791415	-0.5814604769152433	0.5334222975217455	0.8453725187098986	1	1
negative regulation of interleukin-8 production	GO:0032717		14	2	1.138231057332181	0.5636718273877592	1.3294211503564923	0.31694075149328715	1	1
negative regulation of tumor necrosis factor production	GO:0032720		41	2	3.3333909536156727	-0.5108429097012899	0.568816005248427	0.8475766689482587	1	1
positive regulation of chemokine production	GO:0032722		48	1	3.9025064822817632	-1.3616190344648182	0.2535210724647217	0.9815193621660256	1	1
positive regulation of granulocyte macrophage colony-stimulating factor production	GO:0032725		11	0	0.8943244021895708	-Inf	0	1	1	1
positive regulation of interferon-alpha production	GO:0032727		19	0	1.5447421492365312	-Inf	0	1	1	1
positive regulation of interferon-beta production	GO:0032728		33	1	2.6829732065687124	-0.9869255850234077	0.36458975219432327	0.9392526672507046	1	1
positive regulation of type II interferon production	GO:0032729		45	3	3.658599827139153	-0.1984682246591374	0.7481986024927316	0.7055019520560969	1	1
positive regulation of interleukin-1 beta production	GO:0032731		39	0	3.1707865168539326	-Inf	0	1	1	1
positive regulation of interleukin-1 production	GO:0032732		46	1	3.739902045520023	-1.3190594200460224	0.2642988664944184	0.97987914452961	1	1
positive regulation of interleukin-10 production	GO:0032733		25	1	2.0325554595217517	-0.7092938484251281	0.47403735255445417	0.8801462387911566	1	1
positive regulation of interleukin-12 production	GO:0032735		20	2	1.6260443676174012	0.20699688344902697	1.0350244837181672	0.4920343605245726	1	1
positive regulation of interleukin-13 production	GO:0032736		8	1	0.6504177470469605	0.43014043476323666	1.2153715796146363	0.4926363899231906	1	1
positive regulation of interleukin-17 production	GO:0032740		17	0	1.3821377124747911	-Inf	0	1	1	1
positive regulation of interleukin-2 production	GO:0032743		19	1	1.5447421492365312	-0.43485700272336786	0.609007163082252	0.7828454412068578	1	1
positive regulation of interleukin-4 production	GO:0032753		9	0	0.7317199654278307	-Inf	0	1	1	1
positive regulation of interleukin-5 production	GO:0032754		5	1	0.4065110919043503	0.9001440640089723	1.6322561791244243	0.34560316721562534	1	1
positive regulation of interleukin-6 production	GO:0032755		56	2	4.552924229328724	-0.8226225337321315	0.42625261943192866	0.948661417972912	1	1
positive regulation of interleukin-8 production	GO:0032757		62	1	5.040737539613944	-1.6175524086020188	0.19710492019240813	0.9948416918263955	1	1
positive regulation of tumor necrosis factor production	GO:0032760		54	3	4.3903197925669835	-0.38078978145309206	0.6389495026159214	0.826085279331343	1	1
negative regulation of ATP-dependent activity	GO:0032780		12	1	0.9756266205704408	0.024675326655072338	0.898928862739797	0.6386518936468044	1	1
positive regulation of ATP-dependent activity	GO:0032781		18	2	1.4634399308556614	0.3123573991068531	1.1184395617578968	0.43655979518260835	1	1
regulation of DNA-templated transcription elongation	GO:0032784		41	3	3.3333909536156727	-0.10537780159312553	0.8088553720269323	0.6247272803318782	1	1
negative regulation of DNA-templated transcription, elongation	GO:0032785		20	0	1.6260443676174012	-Inf	0	1	1	1
positive regulation of DNA-templated transcription, elongation	GO:0032786		23	3	1.8699510227600116	0.47270004918203257	1.2512707524815427	0.2636608978837491	1	1
ribosome disassembly	GO:0032790		40	4	3.2520887352348025	0.20699688344902697	1.0350244837181672	0.4113984927528438	1	1
receptor catabolic process	GO:0032801		14	0	1.138231057332181	-Inf	0	1	1	1
regulation of low-density lipoprotein particle receptor catabolic process	GO:0032803		5	0	0.4065110919043503	-Inf	0	1	1	1
regulation of natural killer cell activation	GO:0032814		17	1	1.3821377124747911	-0.32363136761314343	0.6718259362075856	0.7636073497610661	1	1
positive regulation of natural killer cell activation	GO:0032816		11	1	0.8943244021895708	0.11168670364470205	0.9625093145711885	0.6066515058940674	1	1
regulation of natural killer cell proliferation	GO:0032817		10	1	0.8130221838087006	0.20699688344902697	1.0350244837181672	0.5718194031462658	1	1
positive regulation of natural killer cell proliferation	GO:0032819		8	1	0.6504177470469605	0.43014043476323666	1.2153715796146363	0.4926363899231906	1	1
regulation of CD4-positive, CD25-positive, alpha-beta regulatory T cell differentiation	GO:0032829		6	1	0.4878133102852204	0.7178225072150176	1.465759593120927	0.3988224139625278	1	1
positive regulation of CD4-positive, CD25-positive, alpha-beta regulatory T cell differentiation	GO:0032831		6	1	0.4878133102852204	0.7178225072150176	1.465759593120927	0.3988224139625278	1	1
glomerulus development	GO:0032835		6	0	0.4878133102852204	-Inf	0	1	1	1
response to insulin	GO:0032868		58	3	4.7155286660904645	-0.45224874543523724	0.5996138812232417	0.860941424881039	1	1
cellular response to insulin stimulus	GO:0032869		51	3	4.146413137424373	-0.32363136761314343	0.6718259362075856	0.7952538076464255	1	1
cellular response to hormone stimulus	GO:0032870		194	13	15.772630365888794	-0.1933268251587189	0.7514636346442585	0.7923735600981209	1	1
regulation of stress-activated MAPK cascade	GO:0032872		25	1	2.0325554595217517	-0.7092938484251281	0.47403735255445417	0.8801462387911566	1	1
negative regulation of stress-activated MAPK cascade	GO:0032873		5	0	0.4065110919043503	-Inf	0	1	1	1
positive regulation of stress-activated MAPK cascade	GO:0032874		14	1	1.138231057332181	-0.1294753531721861	0.7928427126816872	0.6950590755790824	1	1
regulation of establishment or maintenance of cell polarity	GO:0032878		15	1	1.219533275713051	-0.1984682246591374	0.7481986024927316	0.719871464965964	1	1
regulation of polysaccharide metabolic process	GO:0032881		26	0	2.113857677902622	-Inf	0	1	1	1
regulation of polysaccharide biosynthetic process	GO:0032885		23	0	1.8699510227600116	-Inf	0	1	1	1
regulation of microtubule-based process	GO:0032886		171	4	13.90267934312878	-1.2457872189396966	0.28388581574837235	0.9995873474140449	1	1
regulation of organic acid transport	GO:0032890		17	2	1.3821377124747911	0.3695158129468019	1.1650191589592633	0.4076084483747464	1	1
negative regulation of organic acid transport	GO:0032891		9	0	0.7317199654278307	-Inf	0	1	1	1
positive regulation of organic acid transport	GO:0032892		6	0	0.4878133102852204	-Inf	0	1	1	1
negative regulation of viral transcription	GO:0032897		15	1	1.219533275713051	-0.1984682246591374	0.7481986024927316	0.719871464965964	1	1
regulation of transforming growth factor beta2 production	GO:0032909		5	2	0.4065110919043503	1.5932912445689176	2.2966101973978796	0.055968935390420846	1	1
circadian regulation of gene expression	GO:0032922		12	2	0.9756266205704408	0.7178225072150176	1.465759593120927	0.25464724061396	1	1
activin receptor signaling pathway	GO:0032924		18	1	1.4634399308556614	-0.3807897814530922	0.6389495026159213	0.7636073497610661	1	1
regulation of activin receptor signaling pathway	GO:0032925		16	1	1.300835494093921	-0.2630067457967087	0.7080691948308241	0.7426662379148121	1	1
negative regulation of activin receptor signaling pathway	GO:0032926		11	1	0.8943244021895708	0.11168670364470205	0.9625093145711885	0.6066515058940674	1	1
regulation of superoxide anion generation	GO:0032928		14	0	1.138231057332181	-Inf	0	1	1	1
positive regulation of superoxide anion generation	GO:0032930		14	0	1.138231057332181	-Inf	0	1	1	1
SREBP signaling pathway	GO:0032933		8	1	0.6504177470469605	0.43014043476323666	1.2153715796146363	0.4926363899231906	1	1
secretion by cell	GO:0032940		128	2	10.406683952751369	-1.6493011069165993	0.1910203731357861	0.9997510936137188	1	1
secretion by tissue	GO:0032941		9	0	0.7317199654278307	-Inf	0	1	1	1
mononuclear cell proliferation	GO:0032943		16	1	1.300835494093921	-0.2630067457967087	0.7080691948308241	0.7426662379148121	1	1
regulation of mononuclear cell proliferation	GO:0032944		116	9	9.431057332180929	-0.04678363732707272	0.8486823997997539	0.5972730329865634	1	1
negative regulation of mononuclear cell proliferation	GO:0032945		38	3	3.0894842984730624	-0.029391894615203418	0.8607438277072158	0.6068649503686352	1	1
positive regulation of mononuclear cell proliferation	GO:0032946		76	6	6.178968596946125	-0.029391894615203418	0.8607438277072158	0.5776290516877809	1	1
regulation of cytokinetic process	GO:0032954		6	1	0.4878133102852204	0.7178225072150176	1.465759593120927	0.3988224139625278	1	1
regulation of actin cytoskeleton organization	GO:0032956		174	7	14.14658599827139	-0.7035631737161431	0.47657303201878437	0.9886719547324434	1	1
collagen metabolic process	GO:0032963		32	2	2.601670988187842	-0.2630067457967087	0.7080691948308241	0.7462150593459236	1	1
collagen biosynthetic process	GO:0032964		8	0	0.6504177470469605	-Inf	0	1	1	1
regulation of collagen biosynthetic process	GO:0032965		15	0	1.219533275713051	-Inf	0	1	1	1
positive regulation of collagen biosynthetic process	GO:0032967		12	0	0.9756266205704408	-Inf	0	1	1	1
positive regulation of transcription elongation by RNA polymerase II	GO:0032968		16	2	1.300835494093921	0.43014043476323666	1.2153715796146363	0.3476856241627394	1	1
regulation of actin filament-based process	GO:0032970		198	8	16.097839239412274	-0.6992435125716268	0.4784921054053651	0.9920217329439754	1	1
mitochondrial respiratory chain complex I assembly	GO:0032981		32	0	2.601670988187842	-Inf	0	1	1	1
protein-containing complex disassembly	GO:0032984		100	4	8.130221838087007	-0.7092938484251281	0.47403735255445417	0.9606948451746516	1	1
protein-DNA complex disassembly	GO:0032986		20	2	1.6260443676174012	0.20699688344902697	1.0350244837181672	0.4920343605245726	1	1
protein-RNA complex disassembly	GO:0032988		6	0	0.4878133102852204	-Inf	0	1	1	1
cellular component morphogenesis	GO:0032989		20	1	1.6260443676174012	-0.48615029711091834	0.5816356077875019	0.8005189188821835	1	1
regulation of mast cell activation	GO:0033003		7	0	0.5691155286660905	-Inf	0	1	1	1
tetrapyrrole metabolic process	GO:0033013		38	2	3.0894842984730624	-0.43485700272336786	0.609007163082252	0.8026058061255117	1	1
tetrapyrrole biosynthetic process	GO:0033014		18	2	1.4634399308556614	0.3123573991068531	1.1184395617578968	0.43655979518260835	1	1
tetrapyrrole catabolic process	GO:0033015		11	0	0.8943244021895708	-Inf	0	1	1	1
regulation of myeloid cell apoptotic process	GO:0033032		10	0	0.8130221838087006	-Inf	0	1	1	1
negative regulation of myeloid cell apoptotic process	GO:0033033		5	0	0.4065110919043503	-Inf	0	1	1	1
positive regulation of myeloid cell apoptotic process	GO:0033034		5	0	0.4065110919043503	-Inf	0	1	1	1
regulation of chromosome organization	GO:0033044		178	8	14.471794871794872	-0.5927600321691765	0.5279319051955448	0.9770970275993531	1	1
regulation of sister chromatid segregation	GO:0033045		60	2	4.878133102852204	-0.8916154052190828	0.3992974436281704	0.9612916953303776	1	1
negative regulation of sister chromatid segregation	GO:0033046		22	1	1.7886488043791415	-0.5814604769152433	0.5334222975217455	0.8453725187098986	1	1
regulation of mitotic sister chromatid segregation	GO:0033047		44	1	3.577297608758283	-1.2746076574751886	0.27602230087850416	0.9761494316765322	1	1
negative regulation of mitotic sister chromatid segregation	GO:0033048		22	1	1.7886488043791415	-0.5814604769152433	0.5334222975217455	0.8453725187098986	1	1
cellular pigmentation	GO:0033059		23	2	1.8699510227600116	0.06723494107386813	0.9297056732049866	0.5684472158651903	1	1
mitochondrial respiratory chain complex assembly	GO:0033108		69	2	5.609853068280035	-1.0313773475942416	0.3493650634683716	0.9748083527109674	1	1
negative regulation of RNA splicing	GO:0033119		17	2	1.3821377124747911	0.3695158129468019	1.1650191589592633	0.4076084483747464	1	1
positive regulation of RNA splicing	GO:0033120		22	0	1.7886488043791415	-Inf	0	1	1	1
regulation of peptidyl-serine phosphorylation	GO:0033135		26	3	2.113857677902622	0.35009772708970016	1.1490949685358696	0.33234670672521316	1	1
negative regulation of peptidyl-serine phosphorylation	GO:0033137		5	0	0.4065110919043503	-Inf	0	1	1	1
positive regulation of peptidyl-serine phosphorylation	GO:0033138		20	3	1.6260443676174012	0.6124619915571914	1.3720729565968497	0.19717388830133464	1	1
regulation of intracellular steroid hormone receptor signaling pathway	GO:0033143		55	3	4.471622010947854	-0.3991389201212887	0.6286619406120891	0.8354402827581976	1	1
negative regulation of intracellular steroid hormone receptor signaling pathway	GO:0033144		26	1	2.113857677902622	-0.7485145615784096	0.4569950042886458	0.8899046725514381	1	1
positive regulation of intracellular steroid hormone receptor signaling pathway	GO:0033145		11	0	0.8943244021895708	-Inf	0	1	1	1
regulation of intracellular estrogen receptor signaling pathway	GO:0033146		25	0	2.0325554595217517	-Inf	0	1	1	1
negative regulation of intracellular estrogen receptor signaling pathway	GO:0033147		9	0	0.7317199654278307	-Inf	0	1	1	1
positive regulation of intracellular estrogen receptor signaling pathway	GO:0033148		9	0	0.7317199654278307	-Inf	0	1	1	1
V(D)J recombination	GO:0033151		7	0	0.5691155286660905	-Inf	0	1	1	1
regulation of intracellular protein transport	GO:0033157		93	5	7.561106309420916	-0.41357960427608287	0.6206566449285866	0.883467845864138	1	1
calcineurin-NFAT signaling cascade	GO:0033173		10	0	0.8130221838087006	-Inf	0	1	1	1
response to hydroperoxide	GO:0033194		7	0	0.5691155286660905	-Inf	0	1	1	1
response to ATP	GO:0033198		18	1	1.4634399308556614	-0.3807897814530922	0.6389495026159213	0.7828454412068578	1	1
tumor necrosis factor-mediated signaling pathway	GO:0033209		38	0	3.0894842984730624	-Inf	0	1	1	1
adiponectin-activated signaling pathway	GO:0033211		5	0	0.4065110919043503	-Inf	0	1	1	1
iron import into cell	GO:0033212		5	0	0.4065110919043503	-Inf	0	1	1	1
regulation of protein sumoylation	GO:0033233		16	0	1.300835494093921	-Inf	0	1	1	1
negative regulation of protein sumoylation	GO:0033234		6	0	0.4878133102852204	-Inf	0	1	1	1
positive regulation of protein sumoylation	GO:0033235		10	0	0.8130221838087006	-Inf	0	1	1	1
regulation of amine metabolic process	GO:0033238		6	0	0.4878133102852204	-Inf	0	1	1	1
nuclear DNA replication	GO:0033260		11	1	0.8943244021895708	0.11168670364470205	0.9625093145711885	0.6066515058940674	1	1
regulation of nuclear cell cycle DNA replication	GO:0033262		7	0	0.5691155286660905	-Inf	0	1	1	1
response to vitamin	GO:0033273		14	2	1.138231057332181	0.5636718273877592	1.3294211503564923	0.31694075149328715	1	1
actin-myosin filament sliding	GO:0033275		8	0	0.6504177470469605	-Inf	0	1	1	1
response to vitamin D	GO:0033280		9	2	0.7317199654278307	1.0055045796667985	1.7305503401522517	0.1624859068110088	1	1
cholesterol efflux	GO:0033344		21	0	1.7073465859982713	-Inf	0	1	1	1
secretory granule organization	GO:0033363		9	0	0.7317199654278307	-Inf	0	1	1	1
carbohydrate homeostasis	GO:0033500		48	1	3.9025064822817632	-1.3616190344648182	0.2535210724647217	0.9815193621660256	1	1
fatty acid beta-oxidation using acyl-CoA dehydrogenase	GO:0033539		9	1	0.7317199654278307	0.3123573991068531	1.1184395617578968	0.5339052003122138	1	1
fatty acid beta-oxidation using acyl-CoA oxidase	GO:0033540		11	0	0.8943244021895708	-Inf	0	1	1	1
unsaturated fatty acid metabolic process	GO:0033559		74	4	6.016364160184384	-0.4081887556412063	0.6236357337200239	0.8547476264472944	1	1
transferrin transport	GO:0033572		10	0	0.8130221838087006	-Inf	0	1	1	1
regulation of mammary gland epithelial cell proliferation	GO:0033599		8	0	0.6504177470469605	-Inf	0	1	1	1
negative regulation of catecholamine secretion	GO:0033604		5	0	0.4065110919043503	-Inf	0	1	1	1
mitochondrial proton-transporting ATP synthase complex assembly	GO:0033615		6	0	0.4878133102852204	-Inf	0	1	1	1
mitochondrial cytochrome c oxidase assembly	GO:0033617		21	1	1.7073465859982713	-0.5349404612803503	0.5565277263826629	0.8316703660941647	1	1
membrane protein proteolysis	GO:0033619		31	1	2.520368769806972	-0.9244052280420735	0.38703219543570105	0.9216181425198152	1	1
integrin activation	GO:0033622		8	2	0.6504177470469605	1.1232876153231819	1.8418840104221779	0.13327638298668934	1	1
regulation of integrin activation	GO:0033623		13	1	1.056928838951311	-0.05536738101846421	0.842769678250708	0.6680506238586684	1	1
positive regulation of integrin activation	GO:0033625		8	0	0.6504177470469605	-Inf	0	1	1	1
cell adhesion mediated by integrin	GO:0033627		18	5	1.4634399308556614	1.2286481309810082	1.942554881523537	0.012332083049231954	1	1
regulation of cell adhesion mediated by integrin	GO:0033628		30	2	2.439066551426102	-0.1984682246591374	0.7481986024927316	0.7131416092407564	1	1
negative regulation of cell adhesion mediated by integrin	GO:0033629		8	0	0.6504177470469605	-Inf	0	1	1	1
positive regulation of cell adhesion mediated by integrin	GO:0033630		11	2	0.8943244021895708	0.8048338842046474	1.54458986784587	0.22349837566824932	1	1
regulation of cell-cell adhesion mediated by integrin	GO:0033632		8	1	0.6504177470469605	0.43014043476323666	1.2153715796146363	0.4926363899231906	1	1
negative regulation of kinase activity	GO:0033673		73	3	5.935061941803514	-0.6822651760372086	0.4860996192555564	0.9392727038465515	1	1
positive regulation of kinase activity	GO:0033674		129	8	10.487986171132238	-0.2707888862387636	0.7033378587196676	0.8200460022252538	1	1
regulation of osteoblast proliferation	GO:0033688		11	0	0.8943244021895708	-Inf	0	1	1	1
negative regulation of osteoblast proliferation	GO:0033689		6	0	0.4878133102852204	-Inf	0	1	1	1
phospholipid efflux	GO:0033700		11	0	0.8943244021895708	-Inf	0	1	1	1
nucleoside bisphosphate metabolic process	GO:0033865		16	2	1.300835494093921	0.43014043476323666	1.2153715796146363	0.3476856241627394	1	1
ribonucleoside bisphosphate metabolic process	GO:0033875		16	2	1.300835494093921	0.43014043476323666	1.2153715796146363	0.3476856241627394	1	1
P-body assembly	GO:0033962		8	1	0.6504177470469605	0.43014043476323666	1.2153715796146363	0.4926363899231906	1	1
purine nucleoside bisphosphate metabolic process	GO:0034032		16	2	1.300835494093921	0.43014043476323666	1.2153715796146363	0.3476856241627394	1	1
purine ribonucleoside bisphosphate metabolic process	GO:0034035		16	2	1.300835494093921	0.43014043476323666	1.2153715796146363	0.3476856241627394	1	1
endosomal vesicle fusion	GO:0034058		11	0	0.8943244021895708	-Inf	0	1	1	1
stress granule assembly	GO:0034063		18	1	1.4634399308556614	-0.3807897814530922	0.6389495026159213	0.7828454412068578	1	1
protein localization to Golgi apparatus	GO:0034067		25	1	2.0325554595217517	-0.7092938484251281	0.47403735255445417	0.8695235216387899	1	1
regulation of maintenance of sister chromatid cohesion	GO:0034091		9	0	0.7317199654278307	-Inf	0	1	1	1
positive regulation of maintenance of sister chromatid cohesion	GO:0034093		6	0	0.4878133102852204	-Inf	0	1	1	1
erythrocyte homeostasis	GO:0034101		27	1	2.1951598962834917	-0.7862548895612564	0.4411034563476793	0.8988690967553691	1	1
regulation of tissue remodeling	GO:0034103		21	2	1.7073465859982713	0.15820671927959495	0.9975397110662905	0.5184465917746591	1	1
negative regulation of tissue remodeling	GO:0034104		5	1	0.4065110919043503	0.9001440640089723	1.6322561791244243	0.34560316721562534	1	1
positive regulation of tissue remodeling	GO:0034105		8	0	0.6504177470469605	-Inf	0	1	1	1
homotypic cell-cell adhesion	GO:0034109		28	1	2.276462114664362	-0.8226225337321315	0.42625261943192866	0.9071040750839803	1	1
regulation of homotypic cell-cell adhesion	GO:0034110		25	2	2.0325554595217517	-0.01614666786518275	0.8700023797642876	0.614578309981989	1	1
negative regulation of homotypic cell-cell adhesion	GO:0034111		6	0	0.4878133102852204	-Inf	0	1	1	1
positive regulation of homotypic cell-cell adhesion	GO:0034112		16	2	1.300835494093921	0.43014043476323666	1.2153715796146363	0.37794987073324315	1	1
heterotypic cell-cell adhesion	GO:0034113		25	4	2.0325554595217517	0.6770005126947626	1.4292169516584297	0.14086574606821206	1	1
regulation of heterotypic cell-cell adhesion	GO:0034114		22	1	1.7886488043791415	-0.5814604769152433	0.5334222975217455	0.8453725187098986	1	1
negative regulation of heterotypic cell-cell adhesion	GO:0034115		8	1	0.6504177470469605	0.43014043476323666	1.2153715796146363	0.4926363899231906	1	1
positive regulation of heterotypic cell-cell adhesion	GO:0034116		13	0	1.056928838951311	-Inf	0	1	1	1
regulation of toll-like receptor signaling pathway	GO:0034121		18	0	1.4634399308556614	-Inf	0	1	1	1
negative regulation of toll-like receptor signaling pathway	GO:0034122		9	0	0.7317199654278307	-Inf	0	1	1	1
regulation of toll-like receptor 2 signaling pathway	GO:0034135		7	0	0.5691155286660905	-Inf	0	1	1	1
positive regulation of toll-like receptor 2 signaling pathway	GO:0034137		6	0	0.4878133102852204	-Inf	0	1	1	1
toll-like receptor 3 signaling pathway	GO:0034138		10	0	0.8130221838087006	-Inf	0	1	1	1
regulation of toll-like receptor 3 signaling pathway	GO:0034139		9	0	0.7317199654278307	-Inf	0	1	1	1
positive regulation of toll-like receptor 3 signaling pathway	GO:0034141		6	0	0.4878133102852204	-Inf	0	1	1	1
toll-like receptor 4 signaling pathway	GO:0034142		23	0	1.8699510227600116	-Inf	0	1	1	1
regulation of toll-like receptor 4 signaling pathway	GO:0034143		20	0	1.6260443676174012	-Inf	0	1	1	1
negative regulation of toll-like receptor 4 signaling pathway	GO:0034144		9	0	0.7317199654278307	-Inf	0	1	1	1
positive regulation of toll-like receptor 4 signaling pathway	GO:0034145		10	0	0.8130221838087006	-Inf	0	1	1	1
regulation of toll-like receptor 7 signaling pathway	GO:0034155		5	0	0.4065110919043503	-Inf	0	1	1	1
toll-like receptor 9 signaling pathway	GO:0034162		5	1	0.4065110919043503	0.9001440640089723	1.6322561791244243	0.34560316721562534	1	1
regulation of toll-like receptor 9 signaling pathway	GO:0034163		6	0	0.4878133102852204	-Inf	0	1	1	1
regulation of maintenance of mitotic sister chromatid cohesion	GO:0034182		9	0	0.7317199654278307	-Inf	0	1	1	1
positive regulation of maintenance of mitotic sister chromatid cohesion	GO:0034184		6	0	0.4878133102852204	-Inf	0	1	1	1
cellular response to amino acid starvation	GO:0034198		44	3	3.577297608758283	-0.1759953688070788	0.7625436205347818	0.6904882305318831	1	1
lipid translocation	GO:0034204		24	1	1.9512532411408816	-0.668471853904873	0.49235623876582585	0.8695235216387899	1	1
amyloid-beta formation	GO:0034205		9	1	0.7317199654278307	0.3123573991068531	1.1184395617578968	0.5339052003122138	1	1
protein hexamerization	GO:0034214		7	0	0.5691155286660905	-Inf	0	1	1	1
carbohydrate transmembrane transport	GO:0034219		33	1	2.6829732065687124	-0.9869255850234077	0.36458975219432327	0.9216181425198152	1	1
regulation of transcription elongation by RNA polymerase II	GO:0034243		31	2	2.520368769806972	-0.23125804748212817	0.7276117167426861	0.6952882846077232	1	1
negative regulation of transcription elongation by RNA polymerase II	GO:0034244		16	0	1.300835494093921	-Inf	0	1	1	1
regulation of amide metabolic process	GO:0034248		45	4	3.658599827139153	0.0892138477926435	0.9458422393028091	0.503210896473305	1	1
negative regulation of amide metabolic process	GO:0034249		19	2	1.5447421492365312	0.25829017783657743	1.0752242884685586	0.46472284305099365	1	1
positive regulation of amide metabolic process	GO:0034250		16	1	1.300835494093921	-0.2630067457967087	0.7080691948308241	0.7426662379148121	1	1
negative regulation of GTPase activity	GO:0034260		14	0	1.138231057332181	-Inf	0	1	1	1
response to monosaccharide	GO:0034284		22	0	1.7886488043791415	-Inf	0	1	1	1
primary alcohol metabolic process	GO:0034308		45	1	3.658599827139153	-1.2970805133272472	0.27003485209268446	0.9740330143503004	1	1
primary alcohol catabolic process	GO:0034310		12	0	0.9756266205704408	-Inf	0	1	1	1
diol metabolic process	GO:0034311		25	1	2.0325554595217517	-0.7092938484251281	0.47403735255445417	0.8801462387911566	1	1
diol biosynthetic process	GO:0034312		18	0	1.4634399308556614	-Inf	0	1	1	1
Arp2/3 complex-mediated actin nucleation	GO:0034314		11	1	0.8943244021895708	0.11168670364470205	0.9625093145711885	0.5718194031462658	1	1
regulation of Arp2/3 complex-mediated actin nucleation	GO:0034315		9	0	0.7317199654278307	-Inf	0	1	1	1
cell junction assembly	GO:0034329		124	10	10.081475079227888	-0.00811449616791844	0.8756474272851845	0.4827845908702185	1	1
cell junction organization	GO:0034330		181	14	14.715701526937481	-0.04985772520749441	0.8465618175039534	0.5297602099765759	1	1
cell junction maintenance	GO:0034331		17	0	1.3821377124747911	-Inf	0	1	1	1
adherens junction organization	GO:0034332		18	0	1.4634399308556614	-Inf	0	1	1	1
adherens junction assembly	GO:0034333		10	0	0.8130221838087006	-Inf	0	1	1	1
adherens junction maintenance	GO:0034334		6	0	0.4878133102852204	-Inf	0	1	1	1
response to type I interferon	GO:0034340		24	3	1.9512532411408816	0.43014043476323666	1.2153715796146363	0.3093689914463734	1	1
response to type II interferon	GO:0034341		51	5	4.146413137424373	0.18719425615284738	1.019720178543586	0.38431197403691186	1	1
regulation of glial cell apoptotic process	GO:0034350		6	0	0.4878133102852204	-Inf	0	1	1	1
negative regulation of glial cell apoptotic process	GO:0034351		6	0	0.4878133102852204	-Inf	0	1	1	1
protein-containing complex remodeling	GO:0034367		25	1	2.0325554595217517	-0.7092938484251281	0.47403735255445417	0.8801462387911566	1	1
protein-lipid complex remodeling	GO:0034368		24	1	1.9512532411408816	-0.668471853904873	0.49235623876582585	0.8695235216387899	1	1
plasma lipoprotein particle remodeling	GO:0034369		24	1	1.9512532411408816	-0.668471853904873	0.49235623876582585	0.8695235216387899	1	1
triglyceride-rich lipoprotein particle remodeling	GO:0034370		9	0	0.7317199654278307	-Inf	0	1	1	1
very-low-density lipoprotein particle remodeling	GO:0034372		8	0	0.6504177470469605	-Inf	0	1	1	1
low-density lipoprotein particle remodeling	GO:0034374		9	0	0.7317199654278307	-Inf	0	1	1	1
high-density lipoprotein particle remodeling	GO:0034375		13	1	1.056928838951311	-0.05536738101846421	0.842769678250708	0.6680506238586684	1	1
plasma lipoprotein particle assembly	GO:0034377		18	1	1.4634399308556614	-0.3807897814530922	0.6389495026159213	0.7828454412068578	1	1
very-low-density lipoprotein particle assembly	GO:0034379		8	1	0.6504177470469605	0.43014043476323666	1.2153715796146363	0.4926363899231906	1	1
high-density lipoprotein particle assembly	GO:0034380		9	0	0.7317199654278307	-Inf	0	1	1	1
plasma lipoprotein particle clearance	GO:0034381		21	0	1.7073465859982713	-Inf	0	1	1	1
chylomicron remnant clearance	GO:0034382		5	0	0.4065110919043503	-Inf	0	1	1	1
low-density lipoprotein particle clearance	GO:0034383		11	0	0.8943244021895708	-Inf	0	1	1	1
high-density lipoprotein particle clearance	GO:0034384		5	0	0.4065110919043503	-Inf	0	1	1	1
lipid droplet organization	GO:0034389		30	0	2.439066551426102	-Inf	0	1	1	1
regulation of smooth muscle cell apoptotic process	GO:0034391		16	1	1.300835494093921	-0.2630067457967087	0.7080691948308241	0.7426662379148121	1	1
negative regulation of smooth muscle cell apoptotic process	GO:0034392		8	0	0.6504177470469605	-Inf	0	1	1	1
positive regulation of smooth muscle cell apoptotic process	GO:0034393		8	1	0.6504177470469605	0.43014043476323666	1.2153715796146363	0.4926363899231906	1	1
protein localization to cell surface	GO:0034394		16	2	1.300835494093921	0.43014043476323666	1.2153715796146363	0.37794987073324315	1	1
nucleobase-containing small molecule biosynthetic process	GO:0034404		10	0	0.8130221838087006	-Inf	0	1	1	1
response to fluid shear stress	GO:0034405		25	3	2.0325554595217517	0.38931844024298157	1.1813619444057044	0.33234670672521316	1	1
lipid oxidation	GO:0034440		54	1	4.3903197925669835	-1.4794020701212018	0.2258489305148007	0.9868484560000643	1	1
substrate adhesion-dependent cell spreading	GO:0034446		24	3	1.9512532411408816	0.43014043476323666	1.2153715796146363	0.3093689914463734	1	1
microtubule anchoring	GO:0034453		14	0	1.138231057332181	-Inf	0	1	1	1
microtubule anchoring at centrosome	GO:0034454		7	0	0.5691155286660905	-Inf	0	1	1	1
snRNA 3'-end processing	GO:0034472		5	0	0.4065110919043503	-Inf	0	1	1	1
vacuolar transmembrane transport	GO:0034486		6	0	0.4878133102852204	-Inf	0	1	1	1
protein localization to phagophore assembly site	GO:0034497		10	0	0.8130221838087006	-Inf	0	1	1	1
early endosome to Golgi transport	GO:0034498		15	2	1.219533275713051	0.4946789559008079	1.2699797904718395	0.31694075149328715	1	1
protein localization to kinetochore	GO:0034501		11	0	0.8943244021895708	-Inf	0	1	1	1
protein localization to chromosome	GO:0034502		77	1	6.260270815326995	-1.834223445410611	0.15906586991778066	0.9982947572284449	1	1
protein localization to nucleus	GO:0034504		100	5	8.130221838087007	-0.48615029711091834	0.5816356077875019	0.9130775326024323	1	1
tooth mineralization	GO:0034505		7	0	0.5691155286660905	-Inf	0	1	1	1
centromere complex assembly	GO:0034508		10	1	0.8130221838087006	0.20699688344902697	1.0350244837181672	0.5718194031462658	1	1
mitochondrial respiratory chain complex III assembly	GO:0034551		10	1	0.8130221838087006	0.20699688344902697	1.0350244837181672	0.5718194031462658	1	1
cellular response to oxidative stress	GO:0034599		130	9	10.569288389513108	-0.1607278966762904	0.7723979958990926	0.7310073007440308	1	1
cellular response to heat	GO:0034605		29	3	2.3577643330452323	0.2408984351247081	1.0615050417925094	0.4232160450973199	1	1
response to tumor necrosis factor	GO:0034612		85	1	6.910688562373956	-1.9330692800472438	0.14420308852104927	0.9992079398955863	1	1
cellular response to reactive oxygen species	GO:0034614		67	7	5.447248631518295	0.25079950610741986	1.0693043252834387	0.3016535215799249	1	1
response to laminar fluid shear stress	GO:0034616		17	2	1.3821377124747911	0.3695158129468019	1.1650191589592633	0.4076084483747464	1	1
cellular response to unfolded protein	GO:0034620		46	1	3.739902045520023	-1.3190594200460224	0.2642988664944184	0.9761494316765322	1	1
phosphatidylcholine catabolic process	GO:0034638		9	0	0.7317199654278307	-Inf	0	1	1	1
establishment of mitochondrion localization, microtubule-mediated	GO:0034643		14	0	1.138231057332181	-Inf	0	1	1	1
cellular response to UV	GO:0034644		71	2	5.772457505041774	-1.0599507200382974	0.33989063078022935	0.9811476723565843	1	1
nucleobase-containing small molecule catabolic process	GO:0034656		18	0	1.4634399308556614	-Inf	0	1	1	1
response to prostaglandin	GO:0034694		17	2	1.3821377124747911	0.3695158129468019	1.1650191589592633	0.4076084483747464	1	1
response to prostaglandin E	GO:0034695		11	2	0.8943244021895708	0.8048338842046474	1.54458986784587	0.22349837566824932	1	1
response to gonadotropin	GO:0034698		6	2	0.4878133102852204	1.410969687774963	2.118668245703817	0.07950693348111477	1	1
nucleosome organization	GO:0034728		58	4	4.7155286660904645	-0.16456667298345615	0.7699120039827155	0.6914396265886523	1	1
iron ion transmembrane transport	GO:0034755		9	1	0.7317199654278307	0.3123573991068531	1.1184395617578968	0.5339052003122138	1	1
negative regulation of transmembrane transport	GO:0034763		66	5	5.365946413137425	-0.07063485314925258	0.8323191065120148	0.6310161325819968	1	1
positive regulation of transmembrane transport	GO:0034764		100	4	8.130221838087007	-0.7092938484251281	0.47403735255445417	0.9558939483382889	1	1
regulation of monoatomic ion transmembrane transport	GO:0034765		169	11	13.740074906367042	-0.22242146568163035	0.7331194386650234	0.7817186299544564	1	1
negative regulation of monoatomic ion transmembrane transport	GO:0034766		48	5	3.9025064822817632	0.24781887796928215	1.066953339954059	0.35112918228389983	1	1
positive regulation of monoatomic ion transmembrane transport	GO:0034767		74	3	6.016364160184384	-0.6958708280929873	0.4799950993888658	0.9313817529872108	1	1
response to histamine	GO:0034776		7	0	0.5691155286660905	-Inf	0	1	1	1
protein folding in endoplasmic reticulum	GO:0034975		10	0	0.8130221838087006	-Inf	0	1	1	1
response to endoplasmic reticulum stress	GO:0034976		146	7	11.870123883607029	-0.5281144962099503	0.559986317338766	0.949040144908523	1	1
mitochondrial protein processing	GO:0034982		5	0	0.4065110919043503	-Inf	0	1	1	1
regulation of Rac protein signal transduction	GO:0035020		10	0	0.8130221838087006	-Inf	0	1	1	1
regulation of Rho protein signal transduction	GO:0035023		49	3	3.9838087006626335	-0.2836260329994443	0.6955839625633006	0.7722559448350821	1	1
negative regulation of Rho protein signal transduction	GO:0035024		15	0	1.219533275713051	-Inf	0	1	1	1
positive regulation of Rho protein signal transduction	GO:0035025		16	2	1.300835494093921	0.43014043476323666	1.2153715796146363	0.37794987073324315	1	1
sperm-egg recognition	GO:0035036		10	1	0.8130221838087006	0.20699688344902697	1.0350244837181672	0.5718194031462658	1	1
embryonic heart tube development	GO:0035050		9	0	0.7317199654278307	-Inf	0	1	1	1
cardiocyte differentiation	GO:0035051		21	4	1.7073465859982713	0.8513538998395402	1.5872182658801237	0.06305786383459769	1	1
axoneme assembly	GO:0035082		44	1	3.577297608758283	-1.2746076574751886	0.27602230087850416	0.9761494316765322	1	1
establishment or maintenance of apical/basal cell polarity	GO:0035088		18	0	1.4634399308556614	-Inf	0	1	1	1
establishment of apical/basal cell polarity	GO:0035089		12	0	0.9756266205704408	-Inf	0	1	1	1
response to nicotine	GO:0035094		13	3	1.056928838951311	1.0432449076496455	1.7660704113290866	0.08293784291634643	1	1
behavioral response to nicotine	GO:0035095		5	1	0.4065110919043503	0.9001440640089723	1.6322561791244243	0.34560316721562534	1	1
appendage morphogenesis	GO:0035107		25	1	2.0325554595217517	-0.7092938484251281	0.47403735255445417	0.8801462387911566	1	1
limb morphogenesis	GO:0035108		25	1	2.0325554595217517	-0.7092938484251281	0.47403735255445417	0.8801462387911566	1	1
embryonic appendage morphogenesis	GO:0035113		19	0	1.5447421492365312	-Inf	0	1	1	1
embryonic forelimb morphogenesis	GO:0035115		5	0	0.4065110919043503	-Inf	0	1	1	1
forelimb morphogenesis	GO:0035136		5	0	0.4065110919043503	-Inf	0	1	1	1
tube formation	GO:0035148		11	0	0.8943244021895708	-Inf	0	1	1	1
regulation of tube size	GO:0035150		44	0	3.577297608758283	-Inf	0	1	1	1
embryonic hemopoiesis	GO:0035162		5	1	0.4065110919043503	0.9001440640089723	1.6322561791244243	0.34560316721562534	1	1
social behavior	GO:0035176		11	2	0.8943244021895708	0.8048338842046474	1.54458986784587	0.22349837566824932	1	1
regulatory ncRNA-mediated post-transcriptional gene silencing	GO:0035194		25	1	2.0325554595217517	-0.7092938484251281	0.47403735255445417	0.8801462387911566	1	1
miRNA-mediated post-transcriptional gene silencing	GO:0035195		24	0	1.9512532411408816	-Inf	0	1	1	1
miRNA processing	GO:0035196		31	3	2.520368769806972	0.17420706062603608	1.0097497925884502	0.4671212500551656	1	1
ionotropic glutamate receptor signaling pathway	GO:0035235		5	0	0.4065110919043503	-Inf	0	1	1	1
tube morphogenesis	GO:0035239		139	10	11.301008354940938	-0.1223068636935734	0.7975835971659363	0.6848533301318799	1	1
organ growth	GO:0035265		7	0	0.5691155286660905	-Inf	0	1	1	1
protein mannosylation	GO:0035268		15	0	1.219533275713051	-Inf	0	1	1	1
protein O-linked mannosylation	GO:0035269		14	0	1.138231057332181	-Inf	0	1	1	1
endocrine system development	GO:0035270		22	1	1.7886488043791415	-0.5814604769152433	0.5334222975217455	0.8316703660941647	1	1
miRNA-mediated gene silencing by inhibition of translation	GO:0035278		16	0	1.300835494093921	-Inf	0	1	1	1
miRNA-mediated gene silencing by mRNA destabilization	GO:0035279		8	0	0.6504177470469605	-Inf	0	1	1	1
segmentation	GO:0035282		8	0	0.6504177470469605	-Inf	0	1	1	1
tube development	GO:0035295		172	12	13.983981561509651	-0.1530058505823801	0.7774155632189531	0.7215386553450639	1	1
regulation of tube diameter	GO:0035296		44	0	3.577297608758283	-Inf	0	1	1	1
regulation of dephosphorylation	GO:0035303		14	0	1.138231057332181	-Inf	0	1	1	1
wound healing, spreading of epidermal cells	GO:0035313		5	1	0.4065110919043503	0.9001440640089723	1.6322561791244243	0.34560316721562534	1	1
hair cell differentiation	GO:0035315		6	0	0.4878133102852204	-Inf	0	1	1	1
hippo signaling	GO:0035329		17	0	1.3821377124747911	-Inf	0	1	1	1
regulation of hippo signaling	GO:0035330		37	2	3.008182080092192	-0.4081887556412063	0.6236357337200239	0.7896543088998988	1	1
negative regulation of hippo signaling	GO:0035331		24	2	1.9512532411408816	0.024675326655072338	0.898928862739797	0.5919997817214471	1	1
positive regulation of hippo signaling	GO:0035332		10	0	0.8130221838087006	-Inf	0	1	1	1
peptidyl-tyrosine dephosphorylation	GO:0035335		20	0	1.6260443676174012	-Inf	0	1	1	1
long-chain fatty-acyl-CoA metabolic process	GO:0035336		23	0	1.8699510227600116	-Inf	0	1	1	1
fatty-acyl-CoA metabolic process	GO:0035337		35	0	2.8455776433304525	-Inf	0	1	1	1
long-chain fatty-acyl-CoA biosynthetic process	GO:0035338		18	0	1.4634399308556614	-Inf	0	1	1	1
intracellular triglyceride homeostasis	GO:0035356		5	0	0.4065110919043503	-Inf	0	1	1	1
peroxisome proliferator activated receptor signaling pathway	GO:0035357		5	1	0.4065110919043503	0.9001440640089723	1.6322561791244243	0.34560316721562534	1	1
regulation of peroxisome proliferator activated receptor signaling pathway	GO:0035358		5	0	0.4065110919043503	-Inf	0	1	1	1
positive regulation of peroxisome proliferator activated receptor signaling pathway	GO:0035360		5	0	0.4065110919043503	-Inf	0	1	1	1
protein localization to microtubule	GO:0035372		9	1	0.7317199654278307	0.3123573991068531	1.1184395617578968	0.5339052003122138	1	1
thioester metabolic process	GO:0035383		60	1	4.878133102852204	-1.584762585779028	0.20358716783066688	0.9933413015309982	1	1
thioester biosynthetic process	GO:0035384		36	1	2.9268798617113228	-1.0739369620130375	0.3353403162326595	0.948746459217358	1	1
Roundabout signaling pathway	GO:0035385		5	1	0.4065110919043503	0.9001440640089723	1.6322561791244243	0.34560316721562534	1	1
phosphate ion transmembrane transport	GO:0035435		6	0	0.4878133102852204	-Inf	0	1	1	1
maintenance of protein localization in endoplasmic reticulum	GO:0035437		6	0	0.4878133102852204	-Inf	0	1	1	1
response to interferon-alpha	GO:0035455		16	0	1.300835494093921	-Inf	0	1	1	1
response to interferon-beta	GO:0035456		23	1	1.8699510227600116	-0.6259122394860772	0.5120958595639823	0.8453725187098986	1	1
cellular response to interferon-alpha	GO:0035457		7	0	0.5691155286660905	-Inf	0	1	1	1
cellular response to interferon-beta	GO:0035458		17	1	1.3821377124747911	-0.32363136761314343	0.6718259362075856	0.7426662379148121	1	1
vesicle cargo loading	GO:0035459		17	3	1.3821377124747911	0.7749809210549662	1.517406246760778	0.1555105384219749	1	1
vitamin transmembrane transport	GO:0035461		12	0	0.9756266205704408	-Inf	0	1	1	1
determination of pancreatic left/right asymmetry	GO:0035469		5	0	0.4065110919043503	-Inf	0	1	1	1
SNARE complex assembly	GO:0035493		5	0	0.4065110919043503	-Inf	0	1	1	1
protein K29-linked ubiquitination	GO:0035519		11	0	0.8943244021895708	-Inf	0	1	1	1
monoubiquitinated protein deubiquitination	GO:0035520		8	2	0.6504177470469605	1.1232876153231819	1.8418840104221779	0.13327638298668934	1	1
positive regulation of chromatin binding	GO:0035563		7	0	0.5691155286660905	-Inf	0	1	1	1
non-canonical Wnt signaling pathway	GO:0035567		19	0	1.5447421492365312	-Inf	0	1	1	1
establishment of protein localization to extracellular region	GO:0035592		29	0	2.3577643330452323	-Inf	0	1	1	1
protein deacylation	GO:0035601		21	1	1.7073465859982713	-0.5349404612803503	0.5565277263826629	0.8316703660941647	1	1
stress granule disassembly	GO:0035617		5	0	0.4065110919043503	-Inf	0	1	1	1
ceramide transport	GO:0035627		14	0	1.138231057332181	-Inf	0	1	1	1
maintenance of blood-brain barrier	GO:0035633		10	1	0.8130221838087006	0.20699688344902697	1.0350244837181672	0.5718194031462658	1	1
endosome to melanosome transport	GO:0035646		9	0	0.7317199654278307	-Inf	0	1	1	1
interleukin-18-mediated signaling pathway	GO:0035655		6	0	0.4878133102852204	-Inf	0	1	1	1
TRIF-dependent toll-like receptor signaling pathway	GO:0035666		8	0	0.6504177470469605	-Inf	0	1	1	1
oligopeptide transmembrane transport	GO:0035672		7	0	0.5691155286660905	-Inf	0	1	1	1
mitochondrial protein catabolic process	GO:0035694		10	1	0.8130221838087006	0.20699688344902697	1.0350244837181672	0.5718194031462658	1	1
hematopoietic stem cell migration	GO:0035701		5	0	0.4065110919043503	-Inf	0	1	1	1
CD4-positive, alpha-beta T cell activation	GO:0035710		20	1	1.6260443676174012	-0.48615029711091834	0.5816356077875019	0.8167549482694262	1	1
intraciliary retrograde transport	GO:0035721		7	0	0.5691155286660905	-Inf	0	1	1	1
interleukin-12-mediated signaling pathway	GO:0035722		9	1	0.7317199654278307	0.3123573991068531	1.1184395617578968	0.4926363899231906	1	1
interleukin-15-mediated signaling pathway	GO:0035723		10	2	0.8130221838087006	0.9001440640089723	1.6322561791244243	0.1624859068110088	1	1
sodium ion transmembrane transport	GO:0035725		44	1	3.577297608758283	-1.2746076574751886	0.27602230087850416	0.9740330143503004	1	1
response to hepatocyte growth factor	GO:0035728		5	0	0.4065110919043503	-Inf	0	1	1	1
cellular response to hepatocyte growth factor stimulus	GO:0035729		5	0	0.4065110919043503	-Inf	0	1	1	1
intraciliary transport involved in cilium assembly	GO:0035735		6	0	0.4878133102852204	-Inf	0	1	1	1
regulation of lysosomal lumen pH	GO:0035751		17	0	1.3821377124747911	-Inf	0	1	1	1
endothelial cell chemotaxis	GO:0035767		8	1	0.6504177470469605	0.43014043476323666	1.2153715796146363	0.4926363899231906	1	1
interleukin-4-mediated signaling pathway	GO:0035771		6	2	0.4878133102852204	1.410969687774963	2.118668245703817	0.07950693348111477	1	1
positive regulation of insulin secretion involved in cellular response to glucose stimulus	GO:0035774		8	0	0.6504177470469605	-Inf	0	1	1	1
platelet-derived growth factor receptor-beta signaling pathway	GO:0035791		6	0	0.4878133102852204	-Inf	0	1	1	1
positive regulation of mitochondrial membrane permeability	GO:0035794		15	1	1.219533275713051	-0.1984682246591374	0.7481986024927316	0.6950590755790824	1	1
negative regulation of mitochondrial membrane permeability	GO:0035795		9	0	0.7317199654278307	-Inf	0	1	1	1
modulation of process of another organism	GO:0035821		96	2	7.8050129645635264	-1.3616190344648182	0.2535210724647217	0.9970675162690975	1	1
homologous recombination	GO:0035825		21	1	1.7073465859982713	-0.5349404612803503	0.5565277263826629	0.7828454412068578	1	1
glial cell-derived neurotrophic factor receptor signaling pathway	GO:0035860		11	1	0.8943244021895708	0.11168670364470205	0.9625093145711885	0.5718194031462658	1	1
protein K11-linked deubiquitination	GO:0035871		11	0	0.8943244021895708	-Inf	0	1	1	1
nucleotide-binding domain, leucine rich repeat containing receptor signaling pathway	GO:0035872		16	1	1.300835494093921	-0.2630067457967087	0.7080691948308241	0.7426662379148121	1	1
enteroendocrine cell differentiation	GO:0035883		6	0	0.4878133102852204	-Inf	0	1	1	1
exit from host cell	GO:0035891		28	0	2.276462114664362	-Inf	0	1	1	1
cellular response to vascular endothelial growth factor stimulus	GO:0035924		31	5	2.520368769806972	0.6850326843920269	1.436383560858906	0.10270955405434642	1	1
response to topologically incorrect protein	GO:0035966		79	3	6.422875252088735	-0.7612535873558391	0.45157568928201863	0.955468790952716	1	1
cellular response to topologically incorrect protein	GO:0035967		57	1	4.634226447709594	-1.5334692913914774	0.21414526738601447	0.9906416156254294	1	1
peptidyl-threonine dephosphorylation	GO:0035970		9	1	0.7317199654278307	0.3123573991068531	1.1184395617578968	0.4926363899231906	1	1
aggrephagy	GO:0035973		6	1	0.4878133102852204	0.7178225072150176	1.465759593120927	0.3988224139625278	1	1
endodermal cell differentiation	GO:0035987		11	2	0.8943244021895708	0.8048338842046474	1.54458986784587	0.22349837566824932	1	1
response to muscle stretch	GO:0035994		11	1	0.8943244021895708	0.11168670364470205	0.9625093145711885	0.6066515058940674	1	1
detection of muscle stretch	GO:0035995		6	0	0.4878133102852204	-Inf	0	1	1	1
tetrahydrofolate interconversion	GO:0035999		5	0	0.4065110919043503	-Inf	0	1	1	1
protein localization to endosome	GO:0036010		10	0	0.8130221838087006	-Inf	0	1	1	1
response to erythropoietin	GO:0036017		5	0	0.4065110919043503	-Inf	0	1	1	1
cellular response to erythropoietin	GO:0036018		5	0	0.4065110919043503	-Inf	0	1	1	1
fucosylation	GO:0036065		6	0	0.4878133102852204	-Inf	0	1	1	1
cleavage furrow formation	GO:0036089		5	0	0.4065110919043503	-Inf	0	1	1	1
phosphatidylinositol-3-phosphate biosynthetic process	GO:0036092		5	0	0.4065110919043503	-Inf	0	1	1	1
alpha-linolenic acid metabolic process	GO:0036109		10	1	0.8130221838087006	0.20699688344902697	1.0350244837181672	0.5718194031462658	1	1
response to platelet-derived growth factor	GO:0036119		7	0	0.5691155286660905	-Inf	0	1	1	1
cellular response to platelet-derived growth factor stimulus	GO:0036120		7	0	0.5691155286660905	-Inf	0	1	1	1
phosphatidylglycerol acyl-chain remodeling	GO:0036148		9	1	0.7317199654278307	0.3123573991068531	1.1184395617578968	0.5339052003122138	1	1
phosphatidylserine acyl-chain remodeling	GO:0036150		9	0	0.7317199654278307	-Inf	0	1	1	1
phosphatidylcholine acyl-chain remodeling	GO:0036151		13	0	1.056928838951311	-Inf	0	1	1	1
phosphatidylethanolamine acyl-chain remodeling	GO:0036152		11	1	0.8943244021895708	0.11168670364470205	0.9625093145711885	0.6066515058940674	1	1
outer dynein arm assembly	GO:0036158		16	0	1.300835494093921	-Inf	0	1	1	1
inner dynein arm assembly	GO:0036159		12	0	0.9756266205704408	-Inf	0	1	1	1
granulocyte activation	GO:0036230		21	2	1.7073465859982713	0.15820671927959495	0.9975397110662905	0.5184465917746591	1	1
multivesicular body organization	GO:0036257		22	0	1.7886488043791415	-Inf	0	1	1	1
multivesicular body assembly	GO:0036258		21	0	1.7073465859982713	-Inf	0	1	1	1
RNA capping	GO:0036260		7	0	0.5691155286660905	-Inf	0	1	1	1
peptidyl-serine autophosphorylation	GO:0036289		5	0	0.4065110919043503	-Inf	0	1	1	1
response to decreased oxygen levels	GO:0036293		94	8	7.642408527801787	0.04572873585290452	0.9140754504493451	0.4630329218734296	1	1
cellular response to decreased oxygen levels	GO:0036294		51	4	4.146413137424373	-0.03594929516136241	0.8561833920091366	0.5881394827254243	1	1
cellular response to increased oxygen levels	GO:0036295		9	0	0.7317199654278307	-Inf	0	1	1	1
response to increased oxygen levels	GO:0036296		9	0	0.7317199654278307	-Inf	0	1	1	1
interstrand cross-link repair	GO:0036297		25	0	2.0325554595217517	-Inf	0	1	1	1
lymph vessel morphogenesis	GO:0036303		7	2	0.5691155286660905	1.2568190079477046	1.969621046209867	0.10545856340092526	1	1
response to sterol	GO:0036314		17	0	1.3821377124747911	-Inf	0	1	1	1
cellular response to sterol	GO:0036315		11	0	0.8943244021895708	-Inf	0	1	1	1
vascular endothelial growth factor receptor-2 signaling pathway	GO:0036324		5	1	0.4065110919043503	0.9001440640089723	1.6322561791244243	0.28767632085058525	1	1
dendritic cell migration	GO:0036336		12	1	0.9756266205704408	0.024675326655072338	0.898928862739797	0.6386518936468044	1	1
platelet morphogenesis	GO:0036344		9	0	0.7317199654278307	-Inf	0	1	1	1
sodium ion export across plasma membrane	GO:0036376		7	1	0.5691155286660905	0.5636718273877592	1.3294211503564923	0.4477163890561283	1	1
calcium import into the mitochondrion	GO:0036444		9	0	0.7317199654278307	-Inf	0	1	1	1
TRAIL-activated apoptotic signaling pathway	GO:0036462		8	0	0.6504177470469605	-Inf	0	1	1	1
synaptic vesicle recycling	GO:0036465		13	1	1.056928838951311	-0.05536738101846421	0.842769678250708	0.6680506238586684	1	1
regulation of translation in response to endoplasmic reticulum stress	GO:0036490		8	0	0.6504177470469605	-Inf	0	1	1	1
PERK-mediated unfolded protein response	GO:0036499		7	0	0.5691155286660905	-Inf	0	1	1	1
ATF6-mediated unfolded protein response	GO:0036500		6	0	0.4878133102852204	-Inf	0	1	1	1
ERAD pathway	GO:0036503		62	3	5.040737539613944	-0.5189401199339092	0.5646624726625091	0.88950789152046	1	1
protein demannosylation	GO:0036507		15	1	1.219533275713051	-0.1984682246591374	0.7481986024927316	0.719871464965964	1	1
protein alpha-1,2-demannosylation	GO:0036508		15	1	1.219533275713051	-0.1984682246591374	0.7481986024927316	0.719871464965964	1	1
signal transduction in absence of ligand	GO:0038034		5	0	0.4065110919043503	-Inf	0	1	1	1
interleukin-5-mediated signaling pathway	GO:0038043		6	0	0.4878133102852204	-Inf	0	1	1	1
nitric oxide-cGMP-mediated signaling pathway	GO:0038060		9	0	0.7317199654278307	-Inf	0	1	1	1
non-canonical NF-kappaB signal transduction	GO:0038061		18	1	1.4634399308556614	-0.3807897814530922	0.6389495026159213	0.7636073497610661	1	1
collagen-activated signaling pathway	GO:0038065		6	0	0.4878133102852204	-Inf	0	1	1	1
p38MAPK cascade	GO:0038066		7	2	0.5691155286660905	1.2568190079477046	1.969621046209867	0.10545856340092526	1	1
peptidyl-tyrosine autophosphorylation	GO:0038083		10	1	0.8130221838087006	0.20699688344902697	1.0350244837181672	0.5718194031462658	1	1
vascular endothelial growth factor signaling pathway	GO:0038084		12	3	0.9756266205704408	1.1232876153231819	1.8418840104221779	0.06775405093969679	1	1
nodal signaling pathway	GO:0038092		7	1	0.5691155286660905	0.5636718273877592	1.3294211503564923	0.3988224139625278	1	1
Fc receptor signaling pathway	GO:0038093		47	3	3.8212042639008934	-0.24195333659887633	0.7209853304796112	0.7471842673131515	1	1
Fc-gamma receptor signaling pathway	GO:0038094		28	2	2.276462114664362	-0.1294753531721861	0.7928427126816872	0.6765246818828679	1	1
Fc-epsilon receptor signaling pathway	GO:0038095		21	2	1.7073465859982713	0.15820671927959495	0.9975397110662905	0.5184465917746591	1	1
Fc-gamma receptor signaling pathway involved in phagocytosis	GO:0038096		22	2	1.7886488043791415	0.11168670364470205	0.9625093145711885	0.5439251611637498	1	1
interleukin-2-mediated signaling pathway	GO:0038110		8	2	0.6504177470469605	1.1232876153231819	1.8418840104221779	0.13327638298668934	1	1
interleukin-7-mediated signaling pathway	GO:0038111		8	1	0.6504177470469605	0.43014043476323666	1.2153715796146363	0.4926363899231906	1	1
interleukin-9-mediated signaling pathway	GO:0038113		8	1	0.6504177470469605	0.43014043476323666	1.2153715796146363	0.4926363899231906	1	1
ERBB signaling pathway	GO:0038127		52	2	4.227715355805244	-0.7485145615784096	0.4569950042886458	0.9321560000488758	1	1
ERBB2 signaling pathway	GO:0038128		13	0	1.056928838951311	-Inf	0	1	1	1
ERBB4 signaling pathway	GO:0038130		5	0	0.4065110919043503	-Inf	0	1	1	1
ERBB2-EGFR signaling pathway	GO:0038134		6	0	0.4878133102852204	-Inf	0	1	1	1
chemokine (C-X-C motif) ligand 12 signaling pathway	GO:0038146		6	0	0.4878133102852204	-Inf	0	1	1	1
interleukin-11-mediated signaling pathway	GO:0038154		5	0	0.4065110919043503	-Inf	0	1	1	1
interleukin-23-mediated signaling pathway	GO:0038155		6	1	0.4878133102852204	0.7178225072150176	1.465759593120927	0.3988224139625278	1	1
interleukin-3-mediated signaling pathway	GO:0038156		5	0	0.4065110919043503	-Inf	0	1	1	1
C-X-C chemokine receptor CXCR4 signaling pathway	GO:0038159		5	0	0.4065110919043503	-Inf	0	1	1	1
erythropoietin-mediated signaling pathway	GO:0038162		5	0	0.4065110919043503	-Inf	0	1	1	1
thrombopoietin-mediated signaling pathway	GO:0038163		5	1	0.4065110919043503	0.9001440640089723	1.6322561791244243	0.34560316721562534	1	1
angiotensin-activated signaling pathway	GO:0038166		9	1	0.7317199654278307	0.3123573991068531	1.1184395617578968	0.5339052003122138	1	1
interleukin-33-mediated signaling pathway	GO:0038172		7	1	0.5691155286660905	0.5636718273877592	1.3294211503564923	0.4477163890561283	1	1
interleukin-17A-mediated signaling pathway	GO:0038173		6	0	0.4878133102852204	-Inf	0	1	1	1
neurotrophin signaling pathway	GO:0038179		5	0	0.4065110919043503	-Inf	0	1	1	1
TORC1 signaling	GO:0038202		5	0	0.4065110919043503	-Inf	0	1	1	1
TORC2 signaling	GO:0038203		7	0	0.5691155286660905	-Inf	0	1	1	1
RIG-I signaling pathway	GO:0039529		7	0	0.5691155286660905	-Inf	0	1	1	1
regulation of viral-induced cytoplasmic pattern recognition receptor signaling pathway	GO:0039531		107	4	8.699337366753097	-0.7769524968989429	0.44497472040834496	0.9739377506997053	1	1
negative regulation of viral-induced cytoplasmic pattern recognition receptor signaling pathway	GO:0039532		58	2	4.7155286660904645	-0.8577138535434015	0.41234573348900533	0.948661417972912	1	1
regulation of MDA-5 signaling pathway	GO:0039533		7	0	0.5691155286660905	-Inf	0	1	1	1
regulation of RIG-I signaling pathway	GO:0039535		20	0	1.6260443676174012	-Inf	0	1	1	1
negative regulation of RIG-I signaling pathway	GO:0039536		7	0	0.5691155286660905	-Inf	0	1	1	1
viral budding via host ESCRT complex	GO:0039702		22	0	1.7886488043791415	-Inf	0	1	1	1
establishment of mitotic spindle localization	GO:0040001		26	0	2.113857677902622	-Inf	0	1	1	1
growth	GO:0040007		38	4	3.0894842984730624	0.25829017783657743	1.0752242884685586	0.37354647556306564	1	1
locomotion	GO:0040011		182	11	14.797003745318353	-0.2965294378353522	0.6878537937086197	0.8655964664274378	1	1
regulation of multicellular organism growth	GO:0040014		7	0	0.5691155286660905	-Inf	0	1	1	1
positive regulation of multicellular organism growth	GO:0040018		7	0	0.5691155286660905	-Inf	0	1	1	1
epigenetic regulation of gene expression	GO:0040029		139	7	11.301008354940938	-0.4789818076323057	0.5854006141154717	0.9263913163261643	1	1
regulation of fibroblast growth factor receptor signaling pathway	GO:0040036		14	1	1.138231057332181	-0.1294753531721861	0.7928427126816872	0.6950590755790824	1	1
negative regulation of fibroblast growth factor receptor signaling pathway	GO:0040037		5	0	0.4065110919043503	-Inf	0	1	1	1
protein refolding	GO:0042026		15	1	1.219533275713051	-0.1984682246591374	0.7481986024927316	0.719871464965964	1	1
fluid transport	GO:0042044		15	1	1.219533275713051	-0.1984682246591374	0.7481986024927316	0.719871464965964	1	1
regulation of epidermal growth factor receptor signaling pathway	GO:0042058		47	2	3.8212042639008934	-0.6474184447070408	0.5020386351547544	0.9044291332544852	1	1
negative regulation of epidermal growth factor receptor signaling pathway	GO:0042059		20	1	1.6260443676174012	-0.48615029711091834	0.5816356077875019	0.8167549482694262	1	1
wound healing	GO:0042060		157	16	12.7644482857966	0.22592489333454585	1.0497660536466693	0.1792917493608709	1	1
gliogenesis	GO:0042063		27	4	2.1951598962834917	0.6000394715586341	1.3611670150072073	0.17258131944597774	1	1
intraciliary transport	GO:0042073		19	0	1.5447421492365312	-Inf	0	1	1	1
T-helper 1 type immune response	GO:0042088		9	0	0.7317199654278307	-Inf	0	1	1	1
type 2 immune response	GO:0042092		8	3	0.6504177470469605	1.5287527234313463	2.2334492168669837	0.022005104643632888	1	1
T-helper cell differentiation	GO:0042093		18	1	1.4634399308556614	-0.3807897814530922	0.6389495026159213	0.7828454412068578	1	1
T cell proliferation	GO:0042098		9	0	0.7317199654278307	-Inf	0	1	1	1
B cell proliferation	GO:0042100		8	1	0.6504177470469605	0.43014043476323666	1.2153715796146363	0.4926363899231906	1	1
positive regulation of T cell proliferation	GO:0042102		57	3	4.634226447709594	-0.43485700272336786	0.609007163082252	0.8443581956115911	1	1
positive regulation of activated T cell proliferation	GO:0042104		16	1	1.300835494093921	-0.2630067457967087	0.7080691948308241	0.7426662379148121	1	1
T cell activation	GO:0042110		96	6	7.8050129645635264	-0.2630067457967087	0.7080691948308241	0.7945056093905669	1	1
B cell activation	GO:0042113		39	4	3.1707865168539326	0.23231469143331684	1.0547672527226162	0.3925169908097158	1	1
macrophage activation	GO:0042116		19	3	1.5447421492365312	0.6637552859447419	1.4174248988332587	0.19717388830133464	1	1
monocyte activation	GO:0042117		7	0	0.5691155286660905	-Inf	0	1	1	1
endothelial cell activation	GO:0042118		8	2	0.6504177470469605	1.1232876153231819	1.8418840104221779	0.13327638298668934	1	1
neutrophil activation	GO:0042119		18	2	1.4634399308556614	0.3123573991068531	1.1184395617578968	0.43655979518260835	1	1
regulation of T cell proliferation	GO:0042129		86	3	6.991990780754826	-0.8461530311423254	0.4168819633630108	0.9732359410599497	1	1
negative regulation of T cell proliferation	GO:0042130		29	0	2.3577643330452323	-Inf	0	1	1	1
retrograde transport, endosome to Golgi	GO:0042147		72	2	5.8537597234226455	-1.0739369620130375	0.3353403162326595	0.9811476723565843	1	1
cellular response to glucose starvation	GO:0042149		32	2	2.601670988187842	-0.2630067457967087	0.7080691948308241	0.7462150593459236	1	1
lipoprotein metabolic process	GO:0042157		42	1	3.4146931719965425	-1.2280876418402957	0.2888198883263806	0.9717289383377405	1	1
lipoprotein biosynthetic process	GO:0042158		31	0	2.520368769806972	-Inf	0	1	1	1
lipoprotein catabolic process	GO:0042159		9	1	0.7317199654278307	0.3123573991068531	1.1184395617578968	0.5339052003122138	1	1
heme catabolic process	GO:0042167		9	0	0.7317199654278307	-Inf	0	1	1	1
heme metabolic process	GO:0042168		28	2	2.276462114664362	-0.1294753531721861	0.7928427126816872	0.6568296432492311	1	1
negative regulation of protein catabolic process	GO:0042177		82	6	6.6667819072313454	-0.10537780159312553	0.8088553720269323	0.6413701229310635	1	1
xenobiotic catabolic process	GO:0042178		22	2	1.7886488043791415	0.11168670364470205	0.9625093145711885	0.4920343605245726	1	1
cellular ketone metabolic process	GO:0042180		58	2	4.7155286660904645	-0.8577138535434015	0.41234573348900533	0.9554026185610376	1	1
ketone biosynthetic process	GO:0042181		24	1	1.9512532411408816	-0.668471853904873	0.49235623876582585	0.8695235216387899	1	1
ketone catabolic process	GO:0042182		5	0	0.4065110919043503	-Inf	0	1	1	1
cellular modified amino acid catabolic process	GO:0042219		16	2	1.300835494093921	0.43014043476323666	1.2153715796146363	0.37794987073324315	1	1
ribosome biogenesis	GO:0042254		172	5	13.983981561509651	-1.02847458793628	0.3503411019902606	0.9982465015112352	1	1
ribosome assembly	GO:0042255		37	1	3.008182080092192	-1.1013359362011517	0.32658991222787837	0.948746459217358	1	1
cytosolic ribosome assembly	GO:0042256		7	0	0.5691155286660905	-Inf	0	1	1	1
natural killer cell mediated cytotoxicity	GO:0042267		28	2	2.276462114664362	-0.1294753531721861	0.7928427126816872	0.6765246818828679	1	1
regulation of natural killer cell mediated cytotoxicity	GO:0042269		41	1	3.3333909536156727	-1.2039900902612353	0.2956680805258496	0.9692205771476854	1	1
protection from natural killer cell mediated cytotoxicity	GO:0042270		6	1	0.4878133102852204	0.7178225072150176	1.465759593120927	0.3988224139625278	1	1
ribosomal large subunit biogenesis	GO:0042273		36	1	2.9268798617113228	-1.0739369620130375	0.3353403162326595	0.9392526672507046	1	1
ribosomal small subunit biogenesis	GO:0042274		75	4	6.097666378565256	-0.4216117759733474	0.6162385955958061	0.8619291907135047	1	1
error-prone translesion synthesis	GO:0042276		9	0	0.7317199654278307	-Inf	0	1	1	1
purine nucleoside metabolic process	GO:0042278		12	1	0.9756266205704408	0.024675326655072338	0.898928862739797	0.6066515058940674	1	1
vocal learning	GO:0042297		6	1	0.4878133102852204	0.7178225072150176	1.465759593120927	0.3988224139625278	1	1
molting cycle	GO:0042303		21	0	1.7073465859982713	-Inf	0	1	1	1
regulation of fatty acid biosynthetic process	GO:0042304		23	1	1.8699510227600116	-0.6259122394860772	0.5120958595639823	0.8579600324755672	1	1
regulation of protein import into nucleus	GO:0042306		32	3	2.601670988187842	0.14245836231145573	0.9856020675923204	0.4885105988335542	1	1
positive regulation of protein import into nucleus	GO:0042307		23	3	1.8699510227600116	0.47270004918203257	1.2512707524815427	0.2864435867986237	1	1
negative regulation of protein import into nucleus	GO:0042308		8	0	0.6504177470469605	-Inf	0	1	1	1
vasoconstriction	GO:0042310		9	0	0.7317199654278307	-Inf	0	1	1	1
vasodilation	GO:0042311		14	0	1.138231057332181	-Inf	0	1	1	1
negative regulation of phosphorylation	GO:0042326		103	3	8.374128493229616	-1.0265347231184534	0.3509947737359003	0.9907036953643225	1	1
taxis	GO:0042330		181	11	14.715701526937481	-0.29101978202438256	0.6911466939426268	0.8655964664274378	1	1
keratan sulfate metabolic process	GO:0042339		18	2	1.4634399308556614	0.3123573991068531	1.1184395617578968	0.43655979518260835	1	1
GDP-L-fucose biosynthetic process	GO:0042350		5	0	0.4065110919043503	-Inf	0	1	1	1
vitamin D metabolic process	GO:0042359		12	1	0.9756266205704408	0.024675326655072338	0.898928862739797	0.5718194031462658	1	1
fat-soluble vitamin catabolic process	GO:0042363		9	1	0.7317199654278307	0.3123573991068531	1.1184395617578968	0.5339052003122138	1	1
vitamin K metabolic process	GO:0042373		9	1	0.7317199654278307	0.3123573991068531	1.1184395617578968	0.5339052003122138	1	1
regulation of membrane potential	GO:0042391		166	16	13.49616825122443	0.17018291032631072	1.006671235401568	0.2591059390140221	1	1
cellular modified amino acid biosynthetic process	GO:0042398		21	0	1.7073465859982713	-Inf	0	1	1	1
biogenic amine biosynthetic process	GO:0042401		17	1	1.3821377124747911	-0.32363136761314343	0.6718259362075856	0.7636073497610661	1	1
cellular biogenic amine catabolic process	GO:0042402		14	0	1.138231057332181	-Inf	0	1	1	1
thyroid hormone metabolic process	GO:0042403		16	1	1.300835494093921	-0.2630067457967087	0.7080691948308241	0.7426662379148121	1	1
cristae formation	GO:0042407		13	1	1.056928838951311	-0.05536738101846421	0.842769678250708	0.6680506238586684	1	1
dopamine biosynthetic process	GO:0042416		5	0	0.4065110919043503	-Inf	0	1	1	1
dopamine metabolic process	GO:0042417		18	0	1.4634399308556614	-Inf	0	1	1	1
dopamine catabolic process	GO:0042420		7	0	0.5691155286660905	-Inf	0	1	1	1
catecholamine biosynthetic process	GO:0042423		7	0	0.5691155286660905	-Inf	0	1	1	1
catecholamine catabolic process	GO:0042424		7	0	0.5691155286660905	-Inf	0	1	1	1
indole-containing compound metabolic process	GO:0042430		12	0	0.9756266205704408	-Inf	0	1	1	1
indole-containing compound catabolic process	GO:0042436		7	0	0.5691155286660905	-Inf	0	1	1	1
melanin biosynthetic process	GO:0042438		6	0	0.4878133102852204	-Inf	0	1	1	1
pigment metabolic process	GO:0042440		43	2	3.495995390377413	-0.5584709586905445	0.5447394738528083	0.8372990459535707	1	1
hormone metabolic process	GO:0042445		123	6	10.000172860847018	-0.5108429097012899	0.568816005248427	0.9252933611001171	1	1
hormone biosynthetic process	GO:0042446		28	2	2.276462114664362	-0.1294753531721861	0.7928427126816872	0.6568296432492311	1	1
hormone catabolic process	GO:0042447		13	2	1.056928838951311	0.6377797995414811	1.3943947275951296	0.28586713110443496	1	1
progesterone metabolic process	GO:0042448		9	1	0.7317199654278307	0.3123573991068531	1.1184395617578968	0.5339052003122138	1	1
ribonucleoside catabolic process	GO:0042454		11	0	0.8943244021895708	-Inf	0	1	1	1
ear morphogenesis	GO:0042471		10	0	0.8130221838087006	-Inf	0	1	1	1
inner ear morphogenesis	GO:0042472		7	0	0.5691155286660905	-Inf	0	1	1	1
odontogenesis of dentin-containing tooth	GO:0042475		14	0	1.138231057332181	-Inf	0	1	1	1
odontogenesis	GO:0042476		28	1	2.276462114664362	-0.8226225337321315	0.42625261943192866	0.9071040750839803	1	1
regulation of tyrosine phosphorylation of STAT protein	GO:0042509		22	2	1.7886488043791415	0.11168670364470205	0.9625093145711885	0.5439251611637498	1	1
positive regulation of tyrosine phosphorylation of STAT protein	GO:0042531		19	2	1.5447421492365312	0.25829017783657743	1.0752242884685586	0.46472284305099365	1	1
benzene-containing compound metabolic process	GO:0042537		11	1	0.8943244021895708	0.11168670364470205	0.9625093145711885	0.6066515058940674	1	1
response to hydrogen peroxide	GO:0042542		35	3	2.8455776433304525	0.05284620362176866	0.9192306947767647	0.5499811995347115	1	1
neuron maturation	GO:0042551		9	0	0.7317199654278307	-Inf	0	1	1	1
myelination	GO:0042552		14	2	1.138231057332181	0.5636718273877592	1.3294211503564923	0.31694075149328715	1	1
superoxide anion generation	GO:0042554		11	1	0.8943244021895708	0.11168670364470205	0.9625093145711885	0.5718194031462658	1	1
pteridine-containing compound metabolic process	GO:0042558		26	0	2.113857677902622	-Inf	0	1	1	1
pteridine-containing compound biosynthetic process	GO:0042559		7	0	0.5691155286660905	-Inf	0	1	1	1
retinol metabolic process	GO:0042572		13	1	1.056928838951311	-0.05536738101846421	0.842769678250708	0.6386518936468044	1	1
retinoic acid metabolic process	GO:0042573		20	1	1.6260443676174012	-0.48615029711091834	0.5816356077875019	0.7636073497610661	1	1
retinal metabolic process	GO:0042574		12	0	0.9756266205704408	-Inf	0	1	1	1
glucose homeostasis	GO:0042593		47	1	3.8212042639008934	-1.3405656252669862	0.2587989875806654	0.97987914452961	1	1
response to starvation	GO:0042594		111	7	9.024546240276578	-0.25403807581394827	0.7135506836527434	0.7927154789655649	1	1
cholesterol homeostasis	GO:0042632		42	1	3.4146931719965425	-1.2280876418402957	0.2888198883263806	0.9717289383377405	1	1
hair cycle	GO:0042633		21	0	1.7073465859982713	-Inf	0	1	1	1
regulation of hair cycle	GO:0042634		11	1	0.8943244021895708	0.11168670364470205	0.9625093145711885	0.5339052003122138	1	1
muscle cell differentiation	GO:0042692		55	4	4.471622010947854	-0.11145684766950774	0.8047955773214248	0.6196319265838803	1	1
thiamine-containing compound metabolic process	GO:0042723		6	0	0.4878133102852204	-Inf	0	1	1	1
flavin-containing compound metabolic process	GO:0042726		6	0	0.4878133102852204	-Inf	0	1	1	1
fibrinolysis	GO:0042730		11	0	0.8943244021895708	-Inf	0	1	1	1
embryonic digit morphogenesis	GO:0042733		13	0	1.056928838951311	-Inf	0	1	1	1
defense response to bacterium	GO:0042742		164	3	13.333563814462691	-1.491672162713016	0.22313975687182258	0.9995473754749635	1	1
hydrogen peroxide metabolic process	GO:0042743		19	1	1.5447421492365312	-0.43485700272336786	0.609007163082252	0.8005189188821835	1	1
hydrogen peroxide catabolic process	GO:0042744		12	1	0.9756266205704408	0.024675326655072338	0.898928862739797	0.6386518936468044	1	1
regulation of circadian rhythm	GO:0042752		30	5	2.439066551426102	0.7178225072150176	1.465759593120927	0.09198113581269327	1	1
positive regulation of circadian rhythm	GO:0042753		6	0	0.4878133102852204	-Inf	0	1	1	1
long-chain fatty acid catabolic process	GO:0042758		6	0	0.4878133102852204	-Inf	0	1	1	1
long-chain fatty acid biosynthetic process	GO:0042759		22	3	1.7886488043791415	0.5171518117528665	1.28922485465582	0.2636608978837491	1	1
very long-chain fatty acid biosynthetic process	GO:0042761		11	0	0.8943244021895708	-Inf	0	1	1	1
regulation of sulfur metabolic process	GO:0042762		9	1	0.7317199654278307	0.3123573991068531	1.1184395617578968	0.5339052003122138	1	1
signal transduction in response to DNA damage	GO:0042770		108	4	8.780639585133967	-0.7862548895612564	0.4411034563476793	0.9768713528596162	1	1
intrinsic apoptotic signaling pathway in response to DNA damage by p53 class mediator	GO:0042771		17	0	1.3821377124747911	-Inf	0	1	1	1
ATP synthesis coupled electron transport	GO:0042773		17	0	1.3821377124747911	-Inf	0	1	1	1
mitochondrial ATP synthesis coupled electron transport	GO:0042775		17	0	1.3821377124747911	-Inf	0	1	1	1
proton motive force-driven mitochondrial ATP synthesis	GO:0042776		12	1	0.9756266205704408	0.024675326655072338	0.898928862739797	0.6386518936468044	1	1
tRNA 3'-end processing	GO:0042780		7	0	0.5691155286660905	-Inf	0	1	1	1
mRNA transcription by RNA polymerase II	GO:0042789		30	1	2.439066551426102	-0.8916154052190828	0.3992974436281704	0.9216181425198152	1	1
5S class rRNA transcription by RNA polymerase III	GO:0042791		6	0	0.4878133102852204	-Inf	0	1	1	1
snRNA transcription by RNA polymerase II	GO:0042795		9	2	0.7317199654278307	1.0055045796667985	1.7305503401522517	0.1624859068110088	1	1
snRNA transcription by RNA polymerase III	GO:0042796		7	1	0.5691155286660905	0.5636718273877592	1.3294211503564923	0.4477163890561283	1	1
tRNA transcription by RNA polymerase III	GO:0042797		7	0	0.5691155286660905	-Inf	0	1	1	1
defense response to protozoan	GO:0042832		5	0	0.4065110919043503	-Inf	0	1	1	1
amide transport	GO:0042886		57	0	4.634226447709594	-Inf	0	1	1	1
xenobiotic transport	GO:0042908		34	0	2.7642754249495822	-Inf	0	1	1	1
lipoprotein transport	GO:0042953		12	1	0.9756266205704408	0.024675326655072338	0.898928862739797	0.6386518936468044	1	1
amyloid precursor protein metabolic process	GO:0042982		19	1	1.5447421492365312	-0.43485700272336786	0.609007163082252	0.8005189188821835	1	1
regulation of amyloid precursor protein biosynthetic process	GO:0042984		5	0	0.4065110919043503	-Inf	0	1	1	1
amyloid precursor protein catabolic process	GO:0042987		15	1	1.219533275713051	-0.1984682246591374	0.7481986024927316	0.719871464965964	1	1
regulation of Golgi to plasma membrane protein transport	GO:0042996		6	0	0.4878133102852204	-Inf	0	1	1	1
Golgi to plasma membrane protein transport	GO:0043001		22	0	1.7886488043791415	-Inf	0	1	1	1
chordate embryonic development	GO:0043009		41	2	3.3333909536156727	-0.5108429097012899	0.568816005248427	0.8475766689482587	1	1
camera-type eye development	GO:0043010		28	2	2.276462114664362	-0.1294753531721861	0.7928427126816872	0.614578309981989	1	1
T cell homeostasis	GO:0043029		6	1	0.4878133102852204	0.7178225072150176	1.465759593120927	0.34560316721562534	1	1
regulation of macrophage activation	GO:0043030		21	0	1.7073465859982713	-Inf	0	1	1	1
negative regulation of macrophage activation	GO:0043031		5	0	0.4065110919043503	-Inf	0	1	1	1
positive regulation of macrophage activation	GO:0043032		11	0	0.8943244021895708	-Inf	0	1	1	1
amino acid activation	GO:0043038		36	3	2.9268798617113228	0.02467532665507212	0.8989288627397969	0.5499811995347115	1	1
tRNA aminoacylation	GO:0043039		36	3	2.9268798617113228	0.02467532665507212	0.8989288627397969	0.5499811995347115	1	1
peptide biosynthetic process	GO:0043043		10	0	0.8130221838087006	-Inf	0	1	1	1
post-fertilization epigenetic regulation of gene expression	GO:0043045		10	1	0.8130221838087006	0.20699688344902697	1.0350244837181672	0.5718194031462658	1	1
extracellular structure organization	GO:0043062		84	3	6.829386343993085	-0.8226225337321312	0.4262526194319287	0.9714546427898393	1	1
negative regulation of catalytic activity	GO:0043086		150	3	12.195332757130512	-1.4024410289850735	0.24357994423617055	0.9996854417742294	1	1
regulation of GTPase activity	GO:0043087		113	6	9.187150677038318	-0.426046373041213	0.613809972896301	0.9011718697276935	1	1
cellular metabolic compound salvage	GO:0043094		21	1	1.7073465859982713	-0.5349404612803503	0.5565277263826629	0.8167549482694262	1	1
purine-containing compound salvage	GO:0043101		7	1	0.5691155286660905	0.5636718273877592	1.3294211503564923	0.3988224139625278	1	1
amino acid salvage	GO:0043102		5	0	0.4065110919043503	-Inf	0	1	1	1
receptor metabolic process	GO:0043112		28	1	2.276462114664362	-0.8226225337321315	0.42625261943192866	0.8988690967553691	1	1
receptor clustering	GO:0043113		14	3	1.138231057332181	0.9691369354959237	1.6964715190836939	0.09942540877132375	1	1
regulation of vascular permeability	GO:0043114		31	1	2.520368769806972	-0.9244052280420735	0.38703219543570105	0.928001796251679	1	1
negative regulation of vascular permeability	GO:0043116		13	1	1.056928838951311	-0.05536738101846421	0.842769678250708	0.6680506238586684	1	1
positive regulation of vascular permeability	GO:0043117		13	1	1.056928838951311	-0.05536738101846421	0.842769678250708	0.6680506238586684	1	1
regulation of canonical NF-kappaB signal transduction	GO:0043122		181	9	14.715701526937481	-0.4916904774865338	0.578739197869955	0.9633688657546039	1	1
positive regulation of canonical NF-kappaB signal transduction	GO:0043123		122	6	9.918870642466148	-0.5026795990621289	0.5730285525562685	0.9383470352063735	1	1
negative regulation of canonical NF-kappaB signal transduction	GO:0043124		56	4	4.552924229328724	-0.1294753531721861	0.7928427126816872	0.6778904890149126	1	1
surfactant homeostasis	GO:0043129		5	0	0.4065110919043503	-Inf	0	1	1	1
stress fiber assembly	GO:0043149		15	2	1.219533275713051	0.4946789559008079	1.2699797904718395	0.3476856241627394	1	1
induction of bacterial agglutination	GO:0043152		5	0	0.4065110919043503	-Inf	0	1	1	1
proteasome-mediated ubiquitin-dependent protein catabolic process	GO:0043161		170	9	13.821377124747912	-0.42899188327096976	0.6122010203118399	0.9243209423896419	1	1
ubiquitin-dependent protein catabolic process via the multivesicular body sorting pathway	GO:0043162		23	0	1.8699510227600116	-Inf	0	1	1	1
peptide catabolic process	GO:0043171		11	0	0.8943244021895708	-Inf	0	1	1	1
nucleotide salvage	GO:0043173		7	1	0.5691155286660905	0.5636718273877592	1.3294211503564923	0.4477163890561283	1	1
nucleoside salvage	GO:0043174		6	0	0.4878133102852204	-Inf	0	1	1	1
response to amino acid	GO:0043200		34	2	2.7642754249495822	-0.32363136761314343	0.6718259362075856	0.761488837763183	1	1
response to leucine	GO:0043201		10	0	0.8130221838087006	-Inf	0	1	1	1
negative regulation of protein-containing complex disassembly	GO:0043242		30	1	2.439066551426102	-0.8916154052190828	0.3992974436281704	0.9216181425198152	1	1
positive regulation of protein-containing complex disassembly	GO:0043243		26	0	2.113857677902622	-Inf	0	1	1	1
regulation of protein-containing complex disassembly	GO:0043244		65	3	5.284644194756554	-0.5661930047844548	0.5409161061595964	0.9073592120685026	1	1
telomere maintenance in response to DNA damage	GO:0043247		9	1	0.7317199654278307	0.3123573991068531	1.1184395617578968	0.4477163890561283	1	1
proteasome assembly	GO:0043248		8	0	0.6504177470469605	-Inf	0	1	1	1
sodium-independent organic anion transport	GO:0043252		10	0	0.8130221838087006	-Inf	0	1	1	1
regulation of carbohydrate biosynthetic process	GO:0043255		45	1	3.658599827139153	-1.2970805133272472	0.27003485209268446	0.9761494316765322	1	1
regulation of potassium ion transport	GO:0043266		46	4	3.739902045520023	0.06723494107386813	0.9297056732049866	0.4853007030342952	1	1
negative regulation of potassium ion transport	GO:0043267		17	2	1.3821377124747911	0.3695158129468019	1.1650191589592633	0.4076084483747464	1	1
positive regulation of potassium ion transport	GO:0043268		24	2	1.9512532411408816	0.024675326655072338	0.898928862739797	0.5439251611637498	1	1
positive regulation of monoatomic ion transport	GO:0043270		101	4	8.211524056467876	-0.7192441792782961	0.46966229358434625	0.9583583408205011	1	1
negative regulation of monoatomic ion transport	GO:0043271		60	5	4.878133102852204	0.024675326655072338	0.898928862739797	0.5448380319606732	1	1
apoptotic cell clearance	GO:0043277		15	1	1.219533275713051	-0.1984682246591374	0.7481986024927316	0.719871464965964	1	1
response to alkaloid	GO:0043279		12	1	0.9756266205704408	0.024675326655072338	0.898928862739797	0.6386518936468044	1	1
apical junction assembly	GO:0043297		25	2	2.0325554595217517	-0.01614666786518275	0.8700023797642876	0.5919997817214471	1	1
leukocyte degranulation	GO:0043299		17	1	1.3821377124747911	-0.32363136761314343	0.6718259362075856	0.7426662379148121	1	1
regulation of leukocyte degranulation	GO:0043300		23	1	1.8699510227600116	-0.6259122394860772	0.5120958595639823	0.8579600324755672	1	1
negative regulation of leukocyte degranulation	GO:0043301		7	0	0.5691155286660905	-Inf	0	1	1	1
positive regulation of leukocyte degranulation	GO:0043302		14	1	1.138231057332181	-0.1294753531721861	0.7928427126816872	0.6950590755790824	1	1
mast cell degranulation	GO:0043303		8	0	0.6504177470469605	-Inf	0	1	1	1
regulation of mast cell degranulation	GO:0043304		10	1	0.8130221838087006	0.20699688344902697	1.0350244837181672	0.5718194031462658	1	1
eosinophil activation	GO:0043307		5	1	0.4065110919043503	0.9001440640089723	1.6322561791244243	0.34560316721562534	1	1
eosinophil degranulation	GO:0043308		5	1	0.4065110919043503	0.9001440640089723	1.6322561791244243	0.34560316721562534	1	1
natural killer cell degranulation	GO:0043320		5	1	0.4065110919043503	0.9001440640089723	1.6322561791244243	0.34560316721562534	1	1
regulation of natural killer cell degranulation	GO:0043321		5	0	0.4065110919043503	-Inf	0	1	1	1
positive regulation of natural killer cell degranulation	GO:0043323		5	0	0.4065110919043503	-Inf	0	1	1	1
response to exogenous dsRNA	GO:0043330		20	1	1.6260443676174012	-0.48615029711091834	0.5816356077875019	0.8167549482694262	1	1
response to dsRNA	GO:0043331		24	1	1.9512532411408816	-0.668471853904873	0.49235623876582585	0.8579600324755672	1	1
CD4-positive, alpha-beta T cell differentiation	GO:0043367		19	1	1.5447421492365312	-0.43485700272336786	0.609007163082252	0.8005189188821835	1	1
positive T cell selection	GO:0043368		9	1	0.7317199654278307	0.3123573991068531	1.1184395617578968	0.5339052003122138	1	1
CD4-positive or CD8-positive, alpha-beta T cell lineage commitment	GO:0043369		8	0	0.6504177470469605	-Inf	0	1	1	1
regulation of CD4-positive, alpha-beta T cell differentiation	GO:0043370		17	2	1.3821377124747911	0.3695158129468019	1.1650191589592633	0.4076084483747464	1	1
negative regulation of CD4-positive, alpha-beta T cell differentiation	GO:0043371		8	1	0.6504177470469605	0.43014043476323666	1.2153715796146363	0.4926363899231906	1	1
positive regulation of CD4-positive, alpha-beta T cell differentiation	GO:0043372		10	1	0.8130221838087006	0.20699688344902697	1.0350244837181672	0.5718194031462658	1	1
CD4-positive, alpha-beta T cell lineage commitment	GO:0043373		7	0	0.5691155286660905	-Inf	0	1	1	1
mycotoxin metabolic process	GO:0043385		6	1	0.4878133102852204	0.7178225072150176	1.465759593120927	0.3988224139625278	1	1
positive regulation of DNA binding	GO:0043388		23	1	1.8699510227600116	-0.6259122394860772	0.5120958595639823	0.8453725187098986	1	1
negative regulation of DNA binding	GO:0043392		19	2	1.5447421492365312	0.25829017783657743	1.0752242884685586	0.46472284305099365	1	1
regulation of protein binding	GO:0043393		63	6	5.1220397579948145	0.15820671927959495	0.9975397110662905	0.39137886162849544	1	1
steroid hormone mediated signaling pathway	GO:0043401		40	2	3.2520887352348025	-0.48615029711091834	0.5816356077875019	0.8475766689482587	1	1
regulation of MAP kinase activity	GO:0043405		56	2	4.552924229328724	-0.8226225337321315	0.42625261943192866	0.9449363028885791	1	1
positive regulation of MAP kinase activity	GO:0043406		33	2	2.6829732065687124	-0.2937784044634623	0.6894965182132737	0.761488837763183	1	1
negative regulation of MAP kinase activity	GO:0043407		16	0	1.300835494093921	-Inf	0	1	1	1
negative regulation of MAPK cascade	GO:0043409		91	2	7.3985018726591765	-1.3081303495138321	0.2671364160832119	0.9953865319739921	1	1
macromolecule glycosylation	GO:0043413		148	8	12.032728320368768	-0.4081887556412063	0.6236357337200239	0.9074351326819419	1	1
macromolecule methylation	GO:0043414		87	2	7.073292999135695	-1.2631789616515658	0.27911548673838155	0.9922100427165998	1	1
negative regulation of DNA-binding transcription factor activity	GO:0043433		66	5	5.365946413137425	-0.07063485314925258	0.8323191065120148	0.5598710494350791	1	1
response to peptide hormone	GO:0043434		93	5	7.561106309420916	-0.41357960427608287	0.6206566449285866	0.883467845864138	1	1
regulation of secondary metabolic process	GO:0043455		9	0	0.7317199654278307	-Inf	0	1	1	1
regulation of cellular respiration	GO:0043457		26	1	2.113857677902622	-0.7485145615784096	0.4569950042886458	0.8801462387911566	1	1
proton-transporting ATP synthase complex assembly	GO:0043461		6	0	0.4878133102852204	-Inf	0	1	1	1
regulation of ATP-dependent activity	GO:0043462		32	3	2.601670988187842	0.14245836231145573	0.9856020675923204	0.4885105988335542	1	1
regulation of generation of precursor metabolites and energy	GO:0043467		76	3	6.178968596946125	-0.7225390751751487	0.46822129199465573	0.946316306450289	1	1
regulation of carbohydrate catabolic process	GO:0043470		37	2	3.008182080092192	-0.4081887556412063	0.6236357337200239	0.8148435624310426	1	1
pigmentation	GO:0043473		35	2	2.8455776433304525	-0.3526189044863957	0.6549957178965378	0.7896543088998988	1	1
pigment accumulation	GO:0043476		9	0	0.7317199654278307	-Inf	0	1	1	1
cellular pigment accumulation	GO:0043482		9	0	0.7317199654278307	-Inf	0	1	1	1
regulation of RNA splicing	GO:0043484		106	5	8.618035148372227	-0.5444192052348942	0.5517540936053343	0.9324812625476772	1	1
endosome to pigment granule transport	GO:0043485		9	0	0.7317199654278307	-Inf	0	1	1	1
regulation of RNA stability	GO:0043487		117	4	9.512359550561799	-0.8662975972347929	0.409006275301305	0.9866227120963151	1	1
regulation of mRNA stability	GO:0043488		108	4	8.780639585133967	-0.7862548895612564	0.4411034563476793	0.9768713528596162	1	1
RNA stabilization	GO:0043489		49	2	3.9838087006626335	-0.6890911411076086	0.4830286855608099	0.9107093055889706	1	1
malate-aspartate shuttle	GO:0043490		9	1	0.7317199654278307	0.3123573991068531	1.1184395617578968	0.5339052003122138	1	1
phosphatidylinositol 3-kinase/protein kinase B signal transduction	GO:0043491		27	2	2.1951598962834917	-0.09310770900131116	0.8170913356733155	0.6568296432492311	1	1
muscle adaptation	GO:0043500		6	0	0.4878133102852204	-Inf	0	1	1	1
regulation of muscle adaptation	GO:0043502		19	1	1.5447421492365312	-0.43485700272336786	0.609007163082252	0.8005189188821835	1	1
regulation of JUN kinase activity	GO:0043506		18	1	1.4634399308556614	-0.3807897814530922	0.6389495026159213	0.7828454412068578	1	1
positive regulation of JUN kinase activity	GO:0043507		13	1	1.056928838951311	-0.05536738101846421	0.842769678250708	0.6680506238586684	1	1
negative regulation of JUN kinase activity	GO:0043508		5	0	0.4065110919043503	-Inf	0	1	1	1
regulation of DNA damage response, signal transduction by p53 class mediator	GO:0043516		29	3	2.3577643330452323	0.2408984351247081	1.0615050417925094	0.4232160450973199	1	1
positive regulation of DNA damage response, signal transduction by p53 class mediator	GO:0043517		13	1	1.056928838951311	-0.05536738101846421	0.842769678250708	0.6680506238586684	1	1
negative regulation of DNA damage response, signal transduction by p53 class mediator	GO:0043518		12	2	0.9756266205704408	0.7178225072150176	1.465759593120927	0.25464724061396	1	1
regulation of neuron apoptotic process	GO:0043523		67	1	5.447248631518295	-1.6951106429478935	0.18256310844050816	0.9956491435583866	1	1
negative regulation of neuron apoptotic process	GO:0043524		44	1	3.577297608758283	-1.2746076574751886	0.27602230087850416	0.9740330143503004	1	1
positive regulation of neuron apoptotic process	GO:0043525		15	0	1.219533275713051	-Inf	0	1	1	1
blood vessel endothelial cell migration	GO:0043534		19	2	1.5447421492365312	0.25829017783657743	1.0752242884685586	0.46472284305099365	1	1
regulation of blood vessel endothelial cell migration	GO:0043535		74	7	6.016364160184384	0.15142703229421633	0.9923907399699599	0.39632002168558167	1	1
positive regulation of blood vessel endothelial cell migration	GO:0043536		46	5	3.739902045520023	0.29037849238807795	1.1007704707290484	0.3180988040162611	1	1
negative regulation of blood vessel endothelial cell migration	GO:0043537		31	2	2.520368769806972	-0.23125804748212817	0.7276117167426861	0.7301085305639006	1	1
endothelial cell migration	GO:0043542		45	5	3.658599827139153	0.3123573991068533	1.118439561757897	0.30172122028444565	1	1
protein acylation	GO:0043543		57	1	4.634226447709594	-1.5334692913914774	0.21414526738601447	0.9921059554450635	1	1
molybdopterin cofactor metabolic process	GO:0043545		6	2	0.4878133102852204	1.410969687774963	2.118668245703817	0.07950693348111477	1	1
positive regulation of GTPase activity	GO:0043547		76	3	6.178968596946125	-0.7225390751751487	0.46822129199465573	0.9495459533845183	1	1
regulation of translation in response to stress	GO:0043555		16	0	1.300835494093921	-Inf	0	1	1	1
regulation of insulin-like growth factor receptor signaling pathway	GO:0043567		9	1	0.7317199654278307	0.3123573991068531	1.1184395617578968	0.5339052003122138	1	1
maintenance of DNA repeat elements	GO:0043570		5	1	0.4065110919043503	0.9001440640089723	1.6322561791244243	0.34560316721562534	1	1
peroxisomal transport	GO:0043574		18	1	1.4634399308556614	-0.3807897814530922	0.6389495026159213	0.7828454412068578	1	1
ear development	GO:0043583		16	0	1.300835494093921	-Inf	0	1	1	1
skin development	GO:0043588		64	5	5.203341976375684	-0.039863194482498907	0.8534687824030471	0.5598710494350791	1	1
skin morphogenesis	GO:0043589		7	0	0.5691155286660905	-Inf	0	1	1	1
amide biosynthetic process	GO:0043604		102	1	8.292826274848746	-2.115390836841198	0.12029580577500479	0.9997975766087315	1	1
keratinocyte proliferation	GO:0043616		6	0	0.4878133102852204	-Inf	0	1	1	1
cortical microtubule organization	GO:0043622		6	1	0.4878133102852204	0.7178225072150176	1.465759593120927	0.3988224139625278	1	1
response to estrogen	GO:0043627		23	0	1.8699510227600116	-Inf	0	1	1	1
inositol phosphate metabolic process	GO:0043647		19	0	1.5447421492365312	-Inf	0	1	1	1
dicarboxylic acid metabolic process	GO:0043648		58	3	4.7155286660904645	-0.45224874543523724	0.5996138812232417	0.860941424881039	1	1
dicarboxylic acid catabolic process	GO:0043649		17	2	1.3821377124747911	0.3695158129468019	1.1650191589592633	0.4076084483747464	1	1
dicarboxylic acid biosynthetic process	GO:0043650		7	1	0.5691155286660905	0.5636718273877592	1.3294211503564923	0.4477163890561283	1	1
linoleic acid metabolic process	GO:0043651		15	1	1.219533275713051	-0.1984682246591374	0.7481986024927316	0.719871464965964	1	1
mitochondrial fragmentation involved in apoptotic process	GO:0043653		6	0	0.4878133102852204	-Inf	0	1	1	1
reverse cholesterol transport	GO:0043691		15	1	1.219533275713051	-0.1984682246591374	0.7481986024927316	0.719871464965964	1	1
regulation of biological process involved in symbiotic interaction	GO:0043903		36	1	2.9268798617113228	-1.0739369620130375	0.3353403162326595	0.9442009692082878	1	1
negative regulation by host of viral transcription	GO:0043922		14	0	1.138231057332181	-Inf	0	1	1	1
positive regulation by host of viral transcription	GO:0043923		17	0	1.3821377124747911	-Inf	0	1	1	1
cellular component maintenance	GO:0043954		20	0	1.6260443676174012	-Inf	0	1	1	1
negative regulation of gene expression via CpG island methylation	GO:0044027		10	1	0.8130221838087006	0.20699688344902697	1.0350244837181672	0.5718194031462658	1	1
positive regulation of gene expression via CpG island demethylation	GO:0044029		9	0	0.7317199654278307	-Inf	0	1	1	1
glucan metabolic process	GO:0044042		20	3	1.6260443676174012	0.6124619915571914	1.3720729565968497	0.2189191857887753	1	1
regulation of digestive system process	GO:0044058		11	0	0.8943244021895708	-Inf	0	1	1	1
regulation of endocrine process	GO:0044060		17	2	1.3821377124747911	0.3695158129468019	1.1650191589592633	0.3476856241627394	1	1
regulation of monoatomic anion transport	GO:0044070		10	0	0.8130221838087006	-Inf	0	1	1	1
regulation of vacuole organization	GO:0044088		52	4	4.227715355805244	-0.05536738101846421	0.842769678250708	0.6040760881002327	1	1
positive regulation of vacuole organization	GO:0044090		23	0	1.8699510227600116	-Inf	0	1	1	1
membrane biogenesis	GO:0044091		39	0	3.1707865168539326	-Inf	0	1	1	1
'de novo' AMP biosynthetic process	GO:0044208		5	0	0.4065110919043503	-Inf	0	1	1	1
lipid digestion	GO:0044241		8	0	0.6504177470469605	-Inf	0	1	1	1
sulfur compound biosynthetic process	GO:0044272		100	5	8.130221838087007	-0.48615029711091834	0.5816356077875019	0.9130775326024323	1	1
sulfur compound catabolic process	GO:0044273		23	2	1.8699510227600116	0.06723494107386813	0.9297056732049866	0.5684472158651903	1	1
protein K27-linked ubiquitination	GO:0044314		12	0	0.9756266205704408	-Inf	0	1	1	1
wound healing, spreading of cells	GO:0044319		16	3	1.300835494093921	0.835605542871401	1.5727518787682635	0.135835898169208	1	1
response to leptin	GO:0044321		5	0	0.4065110919043503	-Inf	0	1	1	1
cell-cell adhesion mediated by cadherin	GO:0044331		5	0	0.4065110919043503	-Inf	0	1	1	1
cellular response to fibroblast growth factor stimulus	GO:0044344		37	0	3.008182080092192	-Inf	0	1	1	1
clearance of foreign intracellular DNA	GO:0044355		6	0	0.4878133102852204	-Inf	0	1	1	1
protein localization to cytoskeleton	GO:0044380		33	1	2.6829732065687124	-0.9869255850234077	0.36458975219432327	0.9338658845389614	1	1
negative regulation of protein kinase activity by regulation of protein phosphorylation	GO:0044387		5	0	0.4065110919043503	-Inf	0	1	1	1
biological process involved in symbiotic interaction	GO:0044403		102	3	8.292826274848746	-1.0167785481730887	0.354299371971894	0.9878382601605318	1	1
adhesion of symbiont to host	GO:0044406		11	0	0.8943244021895708	-Inf	0	1	1	1
entry into host	GO:0044409		40	1	3.2520887352348025	-1.1792974776708636	0.30284420349642827	0.9664898323259665	1	1
motile cilium assembly	GO:0044458		24	0	1.9512532411408816	-Inf	0	1	1	1
long-chain fatty acid import into cell	GO:0044539		7	0	0.5691155286660905	-Inf	0	1	1	1
secondary metabolite biosynthetic process	GO:0044550		7	0	0.5691155286660905	-Inf	0	1	1	1
[2Fe-2S] cluster assembly	GO:0044571		9	1	0.7317199654278307	0.3123573991068531	1.1184395617578968	0.5339052003122138	1	1
daunorubicin metabolic process	GO:0044597		9	0	0.7317199654278307	-Inf	0	1	1	1
doxorubicin metabolic process	GO:0044598		10	0	0.8130221838087006	-Inf	0	1	1	1
adhesion of symbiont to host cell	GO:0044650		9	0	0.7317199654278307	-Inf	0	1	1	1
multi-organism reproductive process	GO:0044703		62	3	5.040737539613944	-0.5189401199339092	0.5646624726625091	0.88950789152046	1	1
multi-multicellular organism process	GO:0044706		60	3	4.878133102852204	-0.48615029711091834	0.5816356077875019	0.8759525072222165	1	1
epigenetic programming in the zygotic pronuclei	GO:0044725		5	0	0.4065110919043503	-Inf	0	1	1	1
protein transmembrane import into intracellular organelle	GO:0044743		26	1	2.113857677902622	-0.7485145615784096	0.4569950042886458	0.8899046725514381	1	1
cell cycle phase transition	GO:0044770		94	4	7.642408527801787	-0.6474184447070408	0.5020386351547544	0.953295563765318	1	1
mitotic cell cycle phase transition	GO:0044772		83	4	6.748084125612215	-0.5229642702336346	0.562607464102172	0.913907325542347	1	1
mitotic DNA damage checkpoint signaling	GO:0044773		46	2	3.739902045520023	-0.6259122394860772	0.5120958595639823	0.8906119882131756	1	1
mitotic DNA integrity checkpoint signaling	GO:0044774		48	2	3.9025064822817632	-0.668471853904873	0.49235623876582585	0.9044291332544852	1	1
cilium organization	GO:0044782		194	3	15.772630365888794	-1.6596638939521458	0.1890743425320416	0.9999862235463962	1	1
metaphase/anaphase transition of cell cycle	GO:0044784		5	0	0.4065110919043503	-Inf	0	1	1	1
cell cycle DNA replication	GO:0044786		11	1	0.8943244021895708	0.11168670364470205	0.9625093145711885	0.6066515058940674	1	1
modulation by host of viral process	GO:0044788		44	2	3.577297608758283	-0.5814604769152433	0.5334222975217455	0.8830270693223303	1	1
suppression of viral release by host	GO:0044790		15	1	1.219533275713051	-0.1984682246591374	0.7481986024927316	0.6680506238586684	1	1
negative regulation by host of viral process	GO:0044793		14	0	1.138231057332181	-Inf	0	1	1	1
positive regulation by host of viral process	GO:0044794		19	0	1.5447421492365312	-Inf	0	1	1	1
mitotic G2/M transition checkpoint	GO:0044818		36	0	2.9268798617113228	-Inf	0	1	1	1
mitotic G1/S transition checkpoint signaling	GO:0044819		14	1	1.138231057332181	-0.1294753531721861	0.7928427126816872	0.6950590755790824	1	1
modulation by host of viral genome replication	GO:0044827		22	0	1.7886488043791415	-Inf	0	1	1	1
negative regulation by host of viral genome replication	GO:0044828		10	0	0.8130221838087006	-Inf	0	1	1	1
positive regulation by host of viral genome replication	GO:0044829		9	0	0.7317199654278307	-Inf	0	1	1	1
modulation by host of viral RNA genome replication	GO:0044830		5	0	0.4065110919043503	-Inf	0	1	1	1
cell cycle G2/M phase transition	GO:0044839		36	2	2.9268798617113228	-0.3807897814530922	0.6389495026159213	0.8026058061255117	1	1
cell cycle G1/S phase transition	GO:0044843		44	1	3.577297608758283	-1.2746076574751886	0.27602230087850416	0.9761494316765322	1	1
plasma membrane raft assembly	GO:0044854		5	0	0.4065110919043503	-Inf	0	1	1	1
plasma membrane raft organization	GO:0044857		6	0	0.4878133102852204	-Inf	0	1	1	1
lipoprotein localization	GO:0044872		13	1	1.056928838951311	-0.05536738101846421	0.842769678250708	0.6680506238586684	1	1
double-strand break repair via single-strand annealing	GO:0045002		6	0	0.4878133102852204	-Inf	0	1	1	1
DNA-templated DNA replication maintenance of fidelity	GO:0045005		43	2	3.495995390377413	-0.5584709586905445	0.5447394738528083	0.8663777683554218	1	1
DNA deamination	GO:0045006		9	0	0.7317199654278307	-Inf	0	1	1	1
depyrimidination	GO:0045008		8	0	0.6504177470469605	-Inf	0	1	1	1
actin nucleation	GO:0045010		14	1	1.138231057332181	-0.1294753531721861	0.7928427126816872	0.6680506238586684	1	1
glycerolipid biosynthetic process	GO:0045017		158	7	12.84575050417747	-0.6071029075285809	0.5210309021271061	0.9741595030859302	1	1
negative regulation of nitric oxide biosynthetic process	GO:0045019		6	0	0.4878133102852204	-Inf	0	1	1	1
early endosome to late endosome transport	GO:0045022		21	1	1.7073465859982713	-0.5349404612803503	0.5565277263826629	0.8167549482694262	1	1
plasma membrane fusion	GO:0045026		9	0	0.7317199654278307	-Inf	0	1	1	1
protein insertion into mitochondrial inner membrane	GO:0045039		11	0	0.8943244021895708	-Inf	0	1	1	1
protein import into peroxisome membrane	GO:0045046		5	0	0.4065110919043503	-Inf	0	1	1	1
protein targeting to ER	GO:0045047		14	0	1.138231057332181	-Inf	0	1	1	1
protein insertion into ER membrane	GO:0045048		30	0	2.439066551426102	-Inf	0	1	1	1
protein insertion into ER membrane by stop-transfer membrane-anchor sequence	GO:0045050		11	0	0.8943244021895708	-Inf	0	1	1	1
constitutive secretory pathway	GO:0045054		5	0	0.4065110919043503	-Inf	0	1	1	1
regulated exocytosis	GO:0045055		42	2	3.4146931719965425	-0.5349404612803503	0.5565277263826629	0.8572600394572143	1	1
transcytosis	GO:0045056		10	1	0.8130221838087006	0.20699688344902697	1.0350244837181672	0.5718194031462658	1	1
T cell selection	GO:0045058		12	2	0.9756266205704408	0.7178225072150176	1.465759593120927	0.25464724061396	1	1
regulation of viral genome replication	GO:0045069		67	3	5.447248631518295	-0.5964983542797837	0.5261258983703097	0.9073592120685026	1	1
positive regulation of viral genome replication	GO:0045070		28	3	2.276462114664362	0.27598975493597844	1.089278191402854	0.37813228897022433	1	1
negative regulation of viral genome replication	GO:0045071		42	1	3.4146931719965425	-1.2280876418402957	0.2888198883263806	0.9692205771476854	1	1
regulation of single stranded viral RNA replication via double stranded DNA intermediate	GO:0045091		9	0	0.7317199654278307	-Inf	0	1	1	1
intermediate filament-based process	GO:0045103		25	1	2.0325554595217517	-0.7092938484251281	0.47403735255445417	0.8453725187098986	1	1
intermediate filament cytoskeleton organization	GO:0045104		25	1	2.0325554595217517	-0.7092938484251281	0.47403735255445417	0.8453725187098986	1	1
intermediate filament organization	GO:0045109		16	0	1.300835494093921	-Inf	0	1	1	1
intermediate filament bundle assembly	GO:0045110		7	0	0.5691155286660905	-Inf	0	1	1	1
protein neddylation	GO:0045116		8	0	0.6504177470469605	-Inf	0	1	1	1
azole transmembrane transport	GO:0045117		9	0	0.7317199654278307	-Inf	0	1	1	1
cellular extravasation	GO:0045123		26	1	2.113857677902622	-0.7485145615784096	0.4569950042886458	0.8899046725514381	1	1
regulation of bone resorption	GO:0045124		6	2	0.4878133102852204	1.410969687774963	2.118668245703817	0.07950693348111477	1	1
meiotic chromosome segregation	GO:0045132		10	0	0.8130221838087006	-Inf	0	1	1	1
development of primary sexual characteristics	GO:0045137		27	3	2.1951598962834917	0.3123573991068533	1.118439561757897	0.3552932923564186	1	1
homologous chromosome segregation	GO:0045143		5	0	0.4065110919043503	-Inf	0	1	1	1
cell fate commitment	GO:0045165		37	6	3.008182080092192	0.6904235330269033	1.4412000351192882	0.05383793160352714	1	1
maintenance of protein location	GO:0045185		39	2	3.1707865168539326	-0.4608324891266285	0.5950204159823935	0.8372990459535707	1	1
regulation of isotype switching	GO:0045191		9	1	0.7317199654278307	0.3123573991068531	1.1184395617578968	0.5339052003122138	1	1
establishment or maintenance of epithelial cell apical/basal polarity	GO:0045197		16	0	1.300835494093921	-Inf	0	1	1	1
establishment of epithelial cell apical/basal polarity	GO:0045198		10	0	0.8130221838087006	-Inf	0	1	1	1
sarcomere organization	GO:0045214		10	0	0.8130221838087006	-Inf	0	1	1	1
cell-cell junction organization	GO:0045216		74	5	6.016364160184384	-0.18504520432699667	0.7567439021832036	0.7064706318780243	1	1
cell-cell junction maintenance	GO:0045217		14	0	1.138231057332181	-Inf	0	1	1	1
external encapsulating structure organization	GO:0045229		85	3	6.910688562373956	-0.8344569913791341	0.4215165404358018	0.9732359410599497	1	1
mRNA cis splicing, via spliceosome	GO:0045292		11	0	0.8943244021895708	-Inf	0	1	1	1
carnitine biosynthetic process	GO:0045329		5	0	0.4065110919043503	-Inf	0	1	1	1
phospholipid translocation	GO:0045332		22	1	1.7886488043791415	-0.5814604769152433	0.5334222975217455	0.8453725187098986	1	1
cellular respiration	GO:0045333		68	7	5.5285508498991645	0.23598442032227931	1.0576450804059638	0.3016535215799249	1	1
regulation of MHC class I biosynthetic process	GO:0045343		6	0	0.4878133102852204	-Inf	0	1	1	1
positive regulation of MHC class I biosynthetic process	GO:0045345		5	0	0.4065110919043503	-Inf	0	1	1	1
regulation of MHC class II biosynthetic process	GO:0045346		8	1	0.6504177470469605	0.43014043476323666	1.2153715796146363	0.4926363899231906	1	1
positive regulation of MHC class II biosynthetic process	GO:0045348		5	0	0.4065110919043503	-Inf	0	1	1	1
regulation of nitric oxide biosynthetic process	GO:0045428		27	2	2.1951598962834917	-0.09310770900131116	0.8170913356733155	0.6361853947841194	1	1
positive regulation of nitric oxide biosynthetic process	GO:0045429		19	2	1.5447421492365312	0.25829017783657743	1.0752242884685586	0.43655979518260835	1	1
fat cell differentiation	GO:0045444		17	1	1.3821377124747911	-0.32363136761314343	0.6718259362075856	0.7636073497610661	1	1
myoblast differentiation	GO:0045445		10	1	0.8130221838087006	0.20699688344902697	1.0350244837181672	0.5339052003122138	1	1
endothelial cell differentiation	GO:0045446		36	1	2.9268798617113228	-1.0739369620130375	0.3353403162326595	0.9529219064485537	1	1
cell redox homeostasis	GO:0045454		22	1	1.7886488043791415	-0.5814604769152433	0.5334222975217455	0.8316703660941647	1	1
response to ethanol	GO:0045471		13	3	1.056928838951311	1.0432449076496455	1.7660704113290866	0.08293784291634643	1	1
photoreceptor cell maintenance	GO:0045494		19	0	1.5447421492365312	-Inf	0	1	1	1
regulation of cholesterol biosynthetic process	GO:0045540		17	1	1.3821377124747911	-0.32363136761314343	0.6718259362075856	0.7636073497610661	1	1
positive regulation of cholesterol biosynthetic process	GO:0045542		9	1	0.7317199654278307	0.3123573991068531	1.1184395617578968	0.5339052003122138	1	1
mast cell activation	GO:0045576		9	0	0.7317199654278307	-Inf	0	1	1	1
regulation of B cell differentiation	GO:0045577		12	1	0.9756266205704408	0.024675326655072338	0.898928862739797	0.6386518936468044	1	1
positive regulation of B cell differentiation	GO:0045579		6	1	0.4878133102852204	0.7178225072150176	1.465759593120927	0.3988224139625278	1	1
regulation of T cell differentiation	GO:0045580		49	4	3.9838087006626335	0.004056039452336655	0.8842445462841195	0.5551707335905907	1	1
negative regulation of T cell differentiation	GO:0045581		17	1	1.3821377124747911	-0.32363136761314343	0.6718259362075856	0.7636073497610661	1	1
positive regulation of T cell differentiation	GO:0045582		30	3	2.439066551426102	0.20699688344902697	1.0350244837181672	0.4232160450973199	1	1
regulation of regulatory T cell differentiation	GO:0045589		22	1	1.7886488043791415	-0.5814604769152433	0.5334222975217455	0.8453725187098986	1	1
positive regulation of regulatory T cell differentiation	GO:0045591		19	1	1.5447421492365312	-0.43485700272336786	0.609007163082252	0.8005189188821835	1	1
regulation of fat cell differentiation	GO:0045598		33	0	2.6829732065687124	-Inf	0	1	1	1
negative regulation of fat cell differentiation	GO:0045599		12	0	0.9756266205704408	-Inf	0	1	1	1
positive regulation of fat cell differentiation	GO:0045600		17	0	1.3821377124747911	-Inf	0	1	1	1
regulation of endothelial cell differentiation	GO:0045601		22	0	1.7886488043791415	-Inf	0	1	1	1
negative regulation of endothelial cell differentiation	GO:0045602		5	0	0.4065110919043503	-Inf	0	1	1	1
regulation of epidermal cell differentiation	GO:0045604		30	2	2.439066551426102	-0.1984682246591374	0.7481986024927316	0.6765246818828679	1	1
negative regulation of epidermal cell differentiation	GO:0045605		6	0	0.4878133102852204	-Inf	0	1	1	1
positive regulation of epidermal cell differentiation	GO:0045606		17	2	1.3821377124747911	0.3695158129468019	1.1650191589592633	0.37794987073324315	1	1
regulation of keratinocyte differentiation	GO:0045616		25	2	2.0325554595217517	-0.01614666786518275	0.8700023797642876	0.5684472158651903	1	1
negative regulation of keratinocyte differentiation	GO:0045617		5	0	0.4065110919043503	-Inf	0	1	1	1
positive regulation of keratinocyte differentiation	GO:0045618		14	2	1.138231057332181	0.5636718273877592	1.3294211503564923	0.28586713110443496	1	1
regulation of lymphocyte differentiation	GO:0045619		61	5	4.959435321233074	0.008146024703861712	0.887145410818523	0.5448380319606732	1	1
negative regulation of lymphocyte differentiation	GO:0045620		21	1	1.7073465859982713	-0.5349404612803503	0.5565277263826629	0.8316703660941647	1	1
positive regulation of lymphocyte differentiation	GO:0045621		37	4	3.008182080092192	0.28495842491873896	1.0964344397624082	0.3355069777072836	1	1
regulation of T-helper cell differentiation	GO:0045622		13	1	1.056928838951311	-0.05536738101846421	0.842769678250708	0.6680506238586684	1	1
negative regulation of T-helper cell differentiation	GO:0045623		7	1	0.5691155286660905	0.5636718273877592	1.3294211503564923	0.4477163890561283	1	1
regulation of myeloid cell differentiation	GO:0045637		102	7	8.292826274848746	-0.16948068778588507	0.7667377784743584	0.7328302928627959	1	1
negative regulation of myeloid cell differentiation	GO:0045638		40	1	3.2520887352348025	-1.1792974776708636	0.30284420349642827	0.9664898323259665	1	1
positive regulation of myeloid cell differentiation	GO:0045639		59	6	4.796830884471333	0.22380400176540832	1.048108804255313	0.3467045119108336	1	1
regulation of erythrocyte differentiation	GO:0045646		30	1	2.439066551426102	-0.8916154052190828	0.3992974436281704	0.9216181425198152	1	1
negative regulation of erythrocyte differentiation	GO:0045647		5	0	0.4065110919043503	-Inf	0	1	1	1
positive regulation of erythrocyte differentiation	GO:0045648		22	1	1.7886488043791415	-0.5814604769152433	0.5334222975217455	0.8453725187098986	1	1
regulation of macrophage differentiation	GO:0045649		14	3	1.138231057332181	0.9691369354959237	1.6964715190836939	0.09942540877132375	1	1
negative regulation of macrophage differentiation	GO:0045650		5	0	0.4065110919043503	-Inf	0	1	1	1
positive regulation of macrophage differentiation	GO:0045651		9	3	0.7317199654278307	1.4109696877749627	2.1186682457038164	0.031043049601571823	1	1
regulation of megakaryocyte differentiation	GO:0045652		16	0	1.300835494093921	-Inf	0	1	1	1
positive regulation of megakaryocyte differentiation	GO:0045654		8	0	0.6504177470469605	-Inf	0	1	1	1
regulation of monocyte differentiation	GO:0045655		13	0	1.056928838951311	-Inf	0	1	1	1
positive regulation of monocyte differentiation	GO:0045657		7	0	0.5691155286660905	-Inf	0	1	1	1
regulation of myoblast differentiation	GO:0045661		21	0	1.7073465859982713	-Inf	0	1	1	1
negative regulation of myoblast differentiation	GO:0045662		13	0	1.056928838951311	-Inf	0	1	1	1
positive regulation of myoblast differentiation	GO:0045663		11	0	0.8943244021895708	-Inf	0	1	1	1
regulation of neuron differentiation	GO:0045664		30	1	2.439066551426102	-0.8916154052190828	0.3992974436281704	0.8988690967553691	1	1
negative regulation of neuron differentiation	GO:0045665		9	0	0.7317199654278307	-Inf	0	1	1	1
positive regulation of neuron differentiation	GO:0045666		16	0	1.300835494093921	-Inf	0	1	1	1
regulation of osteoblast differentiation	GO:0045667		63	0	5.1220397579948145	-Inf	0	1	1	1
negative regulation of osteoblast differentiation	GO:0045668		20	0	1.6260443676174012	-Inf	0	1	1	1
positive regulation of osteoblast differentiation	GO:0045669		37	0	3.008182080092192	-Inf	0	1	1	1
regulation of osteoclast differentiation	GO:0045670		26	3	2.113857677902622	0.35009772708970016	1.1490949685358696	0.3552932923564186	1	1
negative regulation of osteoclast differentiation	GO:0045671		13	1	1.056928838951311	-0.05536738101846421	0.842769678250708	0.6680506238586684	1	1
positive regulation of osteoclast differentiation	GO:0045672		11	2	0.8943244021895708	0.8048338842046474	1.54458986784587	0.22349837566824932	1	1
regulation of epidermis development	GO:0045682		30	2	2.439066551426102	-0.1984682246591374	0.7481986024927316	0.6765246818828679	1	1
negative regulation of epidermis development	GO:0045683		6	0	0.4878133102852204	-Inf	0	1	1	1
positive regulation of epidermis development	GO:0045684		17	2	1.3821377124747911	0.3695158129468019	1.1650191589592633	0.37794987073324315	1	1
regulation of glial cell differentiation	GO:0045685		8	1	0.6504177470469605	0.43014043476323666	1.2153715796146363	0.4926363899231906	1	1
positive regulation of glial cell differentiation	GO:0045687		5	1	0.4065110919043503	0.9001440640089723	1.6322561791244243	0.34560316721562534	1	1
negative regulation of fatty acid biosynthetic process	GO:0045717		9	0	0.7317199654278307	-Inf	0	1	1	1
negative regulation of glycogen biosynthetic process	GO:0045719		6	0	0.4878133102852204	-Inf	0	1	1	1
negative regulation of gluconeogenesis	GO:0045721		9	1	0.7317199654278307	0.3123573991068531	1.1184395617578968	0.5339052003122138	1	1
positive regulation of gluconeogenesis	GO:0045722		5	0	0.4065110919043503	-Inf	0	1	1	1
positive regulation of fatty acid biosynthetic process	GO:0045723		13	1	1.056928838951311	-0.05536738101846421	0.842769678250708	0.6680506238586684	1	1
positive regulation of cilium assembly	GO:0045724		16	1	1.300835494093921	-0.2630067457967087	0.7080691948308241	0.7426662379148121	1	1
positive regulation of glycogen biosynthetic process	GO:0045725		10	0	0.8130221838087006	-Inf	0	1	1	1
positive regulation of translation	GO:0045727		89	1	7.235897435897436	-1.9790543932890672	0.13776367895129515	0.9993866497832924	1	1
respiratory burst	GO:0045730		10	0	0.8130221838087006	-Inf	0	1	1	1
positive regulation of protein catabolic process	GO:0045732		147	8	11.9514261019879	-0.4014090686558277	0.6273981623240383	0.8994903205465647	1	1
negative regulation of cyclin-dependent protein serine/threonine kinase activity	GO:0045736		9	0	0.7317199654278307	-Inf	0	1	1	1
negative regulation of DNA repair	GO:0045738		35	1	2.8455776433304525	-1.045766085046341	0.3445638924647699	0.9442009692082878	1	1
positive regulation of DNA repair	GO:0045739		95	1	7.723710746182657	-2.0442949151574683	0.12911242926260447	0.9996322532326642	1	1
positive regulation of DNA replication	GO:0045740		27	2	2.1951598962834917	-0.09310770900131116	0.8170913356733155	0.6568296432492311	1	1
positive regulation of epidermal growth factor receptor signaling pathway	GO:0045742		20	1	1.6260443676174012	-0.48615029711091834	0.5816356077875019	0.8167549482694262	1	1
positive regulation of fibroblast growth factor receptor signaling pathway	GO:0045743		6	1	0.4878133102852204	0.7178225072150176	1.465759593120927	0.3988224139625278	1	1
negative regulation of G protein-coupled receptor signaling pathway	GO:0045744		38	3	3.0894842984730624	-0.029391894615203418	0.8607438277072158	0.5884450707787217	1	1
positive regulation of G protein-coupled receptor signaling pathway	GO:0045745		23	2	1.8699510227600116	0.06723494107386813	0.9297056732049866	0.5439251611637498	1	1
negative regulation of Notch signaling pathway	GO:0045746		20	2	1.6260443676174012	0.20699688344902697	1.0350244837181672	0.46472284305099365	1	1
positive regulation of Notch signaling pathway	GO:0045747		20	2	1.6260443676174012	0.20699688344902697	1.0350244837181672	0.46472284305099365	1	1
regulation of adenylate cyclase activity	GO:0045761		27	1	2.1951598962834917	-0.7862548895612564	0.4411034563476793	0.8988690967553691	1	1
positive regulation of adenylate cyclase activity	GO:0045762		17	1	1.3821377124747911	-0.32363136761314343	0.6718259362075856	0.7636073497610661	1	1
regulation of angiogenesis	GO:0045765		189	16	15.366119273984442	0.040423683623211644	0.9102443194157318	0.4536592114357386	1	1
positive regulation of angiogenesis	GO:0045766		105	11	8.536732929991357	0.25351689908391983	1.0714499871735659	0.2330832221098362	1	1
positive regulation of axon extension	GO:0045773		6	0	0.4878133102852204	-Inf	0	1	1	1
negative regulation of blood pressure	GO:0045776		6	0	0.4878133102852204	-Inf	0	1	1	1
positive regulation of ossification	GO:0045778		25	3	2.0325554595217517	0.38931844024298157	1.1813619444057044	0.33234670672521316	1	1
negative regulation of cell size	GO:0045792		5	0	0.4065110919043503	-Inf	0	1	1	1
negative regulation of endocytosis	GO:0045806		42	1	3.4146931719965425	-1.2280876418402957	0.2888198883263806	0.9717289383377405	1	1
positive regulation of endocytosis	GO:0045807		86	3	6.991990780754826	-0.8461530311423254	0.4168819633630108	0.9732359410599497	1	1
negative regulation of gene expression, epigenetic	GO:0045814		80	1	6.504177470469605	-1.872444658230809	0.15314797668805988	0.9986793218932186	1	1
transcription initiation-coupled chromatin remodeling	GO:0045815		41	3	3.3333909536156727	-0.10537780159312553	0.8088553720269323	0.6247272803318782	1	1
negative regulation of glycolytic process	GO:0045820		8	1	0.6504177470469605	0.43014043476323666	1.2153715796146363	0.4926363899231906	1	1
positive regulation of glycolytic process	GO:0045821		13	1	1.056928838951311	-0.05536738101846421	0.842769678250708	0.6680506238586684	1	1
negative regulation of heart contraction	GO:0045822		5	1	0.4065110919043503	0.9001440640089723	1.6322561791244243	0.34560316721562534	1	1
positive regulation of heart contraction	GO:0045823		9	0	0.7317199654278307	-Inf	0	1	1	1
negative regulation of innate immune response	GO:0045824		74	3	6.016364160184384	-0.6958708280929873	0.4799950993888658	0.946316306450289	1	1
positive regulation of isotype switching	GO:0045830		8	0	0.6504177470469605	-Inf	0	1	1	1
negative regulation of lipid metabolic process	GO:0045833		57	1	4.634226447709594	-1.5334692913914774	0.21414526738601447	0.9898106099393049	1	1
positive regulation of lipid metabolic process	GO:0045834		74	5	6.016364160184384	-0.18504520432699667	0.7567439021832036	0.7179314759684714	1	1
negative regulation of membrane potential	GO:0045837		8	0	0.6504177470469605	-Inf	0	1	1	1
negative regulation of mitotic nuclear division	GO:0045839		28	1	2.276462114664362	-0.8226225337321315	0.42625261943192866	0.9071040750839803	1	1
positive regulation of mitotic nuclear division	GO:0045840		27	1	2.1951598962834917	-0.7862548895612564	0.4411034563476793	0.8988690967553691	1	1
negative regulation of mitotic metaphase/anaphase transition	GO:0045841		22	1	1.7886488043791415	-0.5814604769152433	0.5334222975217455	0.8453725187098986	1	1
positive regulation of mitotic metaphase/anaphase transition	GO:0045842		11	1	0.8943244021895708	0.11168670364470205	0.9625093145711885	0.6066515058940674	1	1
negative regulation of striated muscle tissue development	GO:0045843		5	0	0.4065110919043503	-Inf	0	1	1	1
positive regulation of protein kinase activity	GO:0045860		121	8	9.837568424085278	-0.2067670274738326	0.7429496186280413	0.7611813192667725	1	1
negative regulation of proteolysis	GO:0045861		102	6	8.292826274848746	-0.32363136761314343	0.6718259362075856	0.8461965399053433	1	1
positive regulation of proteolysis	GO:0045862		143	10	11.62621722846442	-0.1506775608227889	0.7789328102795119	0.727133220172589	1	1
negative regulation of single stranded viral RNA replication via double stranded DNA intermediate	GO:0045869		6	0	0.4878133102852204	-Inf	0	1	1	1
positive regulation of sister chromatid cohesion	GO:0045876		9	1	0.7317199654278307	0.3123573991068531	1.1184395617578968	0.5339052003122138	1	1
negative regulation of smoothened signaling pathway	GO:0045879		12	2	0.9756266205704408	0.7178225072150176	1.465759593120927	0.25464724061396	1	1
positive regulation of smoothened signaling pathway	GO:0045880		8	0	0.6504177470469605	-Inf	0	1	1	1
negative regulation of vasoconstriction	GO:0045906		7	0	0.5691155286660905	-Inf	0	1	1	1
negative regulation of DNA recombination	GO:0045910		28	1	2.276462114664362	-0.8226225337321315	0.42625261943192866	0.8988690967553691	1	1
positive regulation of DNA recombination	GO:0045911		48	0	3.9025064822817632	-Inf	0	1	1	1
negative regulation of carbohydrate metabolic process	GO:0045912		30	2	2.439066551426102	-0.1984682246591374	0.7481986024927316	0.6952882846077232	1	1
positive regulation of carbohydrate metabolic process	GO:0045913		36	1	2.9268798617113228	-1.0739369620130375	0.3353403162326595	0.9529219064485537	1	1
negative regulation of complement activation	GO:0045916		9	0	0.7317199654278307	-Inf	0	1	1	1
negative regulation of exocytosis	GO:0045920		18	0	1.4634399308556614	-Inf	0	1	1	1
positive regulation of exocytosis	GO:0045921		47	2	3.8212042639008934	-0.6474184447070408	0.5020386351547544	0.9044291332544852	1	1
negative regulation of fatty acid metabolic process	GO:0045922		18	0	1.4634399308556614	-Inf	0	1	1	1
positive regulation of fatty acid metabolic process	GO:0045923		23	2	1.8699510227600116	0.06723494107386813	0.9297056732049866	0.5684472158651903	1	1
negative regulation of growth	GO:0045926		99	5	8.048919619706137	-0.476099961257417	0.5869197162533177	0.9040346145864997	1	1
positive regulation of growth	GO:0045927		98	3	7.967617401325267	-0.9767732135593896	0.3681513090790812	0.9878382601605318	1	1
negative regulation of mitotic cell cycle	GO:0045930		127	5	10.325381734370499	-0.7251671975814183	0.4670746507064501	0.9782247582263934	1	1
positive regulation of mitotic cell cycle	GO:0045931		78	8	6.341573033707865	0.23231469143331684	1.0547672527226162	0.2755983721932341	1	1
negative regulation of muscle contraction	GO:0045932		6	0	0.4878133102852204	-Inf	0	1	1	1
positive regulation of muscle contraction	GO:0045933		13	1	1.056928838951311	-0.05536738101846421	0.842769678250708	0.6386518936468044	1	1
negative regulation of phosphate metabolic process	GO:0045936		129	5	10.487986171132238	-0.7407925154844991	0.4603076278546952	0.9805512374026794	1	1
negative regulation of steroid metabolic process	GO:0045939		18	0	1.4634399308556614	-Inf	0	1	1	1
positive regulation of steroid metabolic process	GO:0045940		25	2	2.0325554595217517	-0.01614666786518275	0.8700023797642876	0.5919997817214471	1	1
positive regulation of transcription by RNA polymerase I	GO:0045943		23	0	1.8699510227600116	-Inf	0	1	1	1
positive regulation of transcription by RNA polymerase III	GO:0045945		17	3	1.3821377124747911	0.7749809210549662	1.517406246760778	0.1555105384219749	1	1
negative regulation of translational initiation	GO:0045947		16	0	1.300835494093921	-Inf	0	1	1	1
positive regulation of translational initiation	GO:0045948		19	0	1.5447421492365312	-Inf	0	1	1	1
negative regulation of natural killer cell mediated cytotoxicity	GO:0045953		23	1	1.8699510227600116	-0.6259122394860772	0.5120958595639823	0.8579600324755672	1	1
positive regulation of natural killer cell mediated cytotoxicity	GO:0045954		20	0	1.6260443676174012	-Inf	0	1	1	1
negative regulation of nucleotide metabolic process	GO:0045980		15	1	1.219533275713051	-0.1984682246591374	0.7481986024927316	0.719871464965964	1	1
positive regulation of nucleotide metabolic process	GO:0045981		19	2	1.5447421492365312	0.25829017783657743	1.0752242884685586	0.46472284305099365	1	1
positive regulation of smooth muscle contraction	GO:0045987		8	1	0.6504177470469605	0.43014043476323666	1.2153715796146363	0.4477163890561283	1	1
regulation of embryonic development	GO:0045995		7	0	0.5691155286660905	-Inf	0	1	1	1
regulation of activated T cell proliferation	GO:0046006		23	1	1.8699510227600116	-0.6259122394860772	0.5120958595639823	0.8579600324755672	1	1
negative regulation of activated T cell proliferation	GO:0046007		5	0	0.4065110919043503	-Inf	0	1	1	1
regulation of transcription by glucose	GO:0046015		5	0	0.4065110919043503	-Inf	0	1	1	1
ADP metabolic process	GO:0046031		24	4	1.9512532411408816	0.7178225072150176	1.465759593120927	0.125965754264378	1	1
ADP catabolic process	GO:0046032		23	4	1.8699510227600116	0.7603821216338135	1.5041640345098577	0.11177630511791865	1	1
AMP metabolic process	GO:0046033		12	0	0.9756266205704408	-Inf	0	1	1	1
ATP metabolic process	GO:0046034		62	5	5.040737539613944	-0.00811449616791844	0.8756474272851845	0.5746510659093411	1	1
CTP metabolic process	GO:0046036		5	0	0.4065110919043503	-Inf	0	1	1	1
GMP metabolic process	GO:0046037		10	0	0.8130221838087006	-Inf	0	1	1	1
GTP metabolic process	GO:0046039		13	0	1.056928838951311	-Inf	0	1	1	1
IMP metabolic process	GO:0046040		10	0	0.8130221838087006	-Inf	0	1	1	1
cAMP metabolic process	GO:0046058		9	0	0.7317199654278307	-Inf	0	1	1	1
cGMP metabolic process	GO:0046068		9	0	0.7317199654278307	-Inf	0	1	1	1
nucleobase biosynthetic process	GO:0046112		7	0	0.5691155286660905	-Inf	0	1	1	1
purine ribonucleoside metabolic process	GO:0046128		8	1	0.6504177470469605	0.43014043476323666	1.2153715796146363	0.4477163890561283	1	1
purine ribonucleoside catabolic process	GO:0046130		5	0	0.4065110919043503	-Inf	0	1	1	1
pyrimidine ribonucleoside metabolic process	GO:0046131		6	0	0.4878133102852204	-Inf	0	1	1	1
pyrimidine ribonucleoside catabolic process	GO:0046133		6	0	0.4878133102852204	-Inf	0	1	1	1
pyrimidine nucleoside biosynthetic process	GO:0046134		5	0	0.4065110919043503	-Inf	0	1	1	1
pyrimidine nucleoside catabolic process	GO:0046135		8	0	0.6504177470469605	-Inf	0	1	1	1
negative regulation of vitamin metabolic process	GO:0046137		6	0	0.4878133102852204	-Inf	0	1	1	1
tetrahydrobiopterin metabolic process	GO:0046146		6	0	0.4878133102852204	-Inf	0	1	1	1
pigment biosynthetic process	GO:0046148		26	2	2.113857677902622	-0.05536738101846421	0.842769678250708	0.6361853947841194	1	1
pigment catabolic process	GO:0046149		9	0	0.7317199654278307	-Inf	0	1	1	1
alcohol catabolic process	GO:0046164		21	0	1.7073465859982713	-Inf	0	1	1	1
alcohol biosynthetic process	GO:0046165		57	3	4.634226447709594	-0.43485700272336786	0.609007163082252	0.8443581956115911	1	1
polyol biosynthetic process	GO:0046173		25	0	2.0325554595217517	-Inf	0	1	1	1
aldehyde biosynthetic process	GO:0046184		8	0	0.6504177470469605	-Inf	0	1	1	1
aldehyde catabolic process	GO:0046185		7	0	0.5691155286660905	-Inf	0	1	1	1
phenol-containing compound biosynthetic process	GO:0046189		13	0	1.056928838951311	-Inf	0	1	1	1
nitric oxide metabolic process	GO:0046209		17	1	1.3821377124747911	-0.32363136761314343	0.6718259362075856	0.7636073497610661	1	1
aflatoxin metabolic process	GO:0046222		6	1	0.4878133102852204	0.7178225072150176	1.465759593120927	0.3988224139625278	1	1
regulation of fatty acid oxidation	GO:0046320		16	1	1.300835494093921	-0.2630067457967087	0.7080691948308241	0.7426662379148121	1	1
positive regulation of fatty acid oxidation	GO:0046321		10	1	0.8130221838087006	0.20699688344902697	1.0350244837181672	0.5718194031462658	1	1
regulation of glucose import	GO:0046324		25	0	2.0325554595217517	-Inf	0	1	1	1
negative regulation of glucose import	GO:0046325		7	0	0.5691155286660905	-Inf	0	1	1	1
positive regulation of glucose import	GO:0046326		17	0	1.3821377124747911	-Inf	0	1	1	1
regulation of JNK cascade	GO:0046328		102	3	8.292826274848746	-1.0167785481730887	0.354299371971894	0.9900553653074214	1	1
negative regulation of JNK cascade	GO:0046329		26	0	2.113857677902622	-Inf	0	1	1	1
positive regulation of JNK cascade	GO:0046330		69	3	5.609853068280035	-0.6259122394860772	0.5120958595639823	0.9177638634038042	1	1
phosphatidylethanolamine metabolic process	GO:0046337		20	1	1.6260443676174012	-0.48615029711091834	0.5816356077875019	0.8167549482694262	1	1
diacylglycerol metabolic process	GO:0046339		12	2	0.9756266205704408	0.7178225072150176	1.465759593120927	0.25464724061396	1	1
amino sugar catabolic process	GO:0046348		8	0	0.6504177470469605	-Inf	0	1	1	1
amino sugar biosynthetic process	GO:0046349		11	0	0.8943244021895708	-Inf	0	1	1	1
monosaccharide biosynthetic process	GO:0046364		24	2	1.9512532411408816	0.024675326655072338	0.898928862739797	0.5919997817214471	1	1
monosaccharide catabolic process	GO:0046365		24	1	1.9512532411408816	-0.668471853904873	0.49235623876582585	0.8695235216387899	1	1
GDP-L-fucose metabolic process	GO:0046368		6	0	0.4878133102852204	-Inf	0	1	1	1
deoxyribose phosphate biosynthetic process	GO:0046385		9	1	0.7317199654278307	0.3123573991068531	1.1184395617578968	0.5339052003122138	1	1
deoxyribose phosphate catabolic process	GO:0046386		17	0	1.3821377124747911	-Inf	0	1	1	1
ribose phosphate biosynthetic process	GO:0046390		53	3	4.309017574186114	-0.36209764844093945	0.6495625078402528	0.8162786703852003	1	1
carboxylic acid biosynthetic process	GO:0046394		154	6	12.52054163065399	-0.7356111567425014	0.4625420577251324	0.9877361809182528	1	1
carboxylic acid catabolic process	GO:0046395		155	4	12.60184384903486	-1.1475487793562833	0.3123119627381121	0.998503188472264	1	1
urate metabolic process	GO:0046415		11	0	0.8943244021895708	-Inf	0	1	1	1
regulation of receptor signaling pathway via JAK-STAT	GO:0046425		41	5	3.3333909536156727	0.40544782217286524	1.194748834557805	0.23792639751098366	1	1
negative regulation of receptor signaling pathway via JAK-STAT	GO:0046426		15	1	1.219533275713051	-0.1984682246591374	0.7481986024927316	0.719871464965964	1	1
positive regulation of receptor signaling pathway via JAK-STAT	GO:0046427		24	3	1.9512532411408816	0.43014043476323666	1.2153715796146363	0.3093689914463734	1	1
organophosphate catabolic process	GO:0046434		96	4	7.8050129645635264	-0.668471853904873	0.49235623876582585	0.953295563765318	1	1
icosanoid biosynthetic process	GO:0046456		28	2	2.276462114664362	-0.1294753531721861	0.7928427126816872	0.6765246818828679	1	1
prostanoid biosynthetic process	GO:0046457		16	0	1.300835494093921	-Inf	0	1	1	1
short-chain fatty acid metabolic process	GO:0046459		6	0	0.4878133102852204	-Inf	0	1	1	1
neutral lipid biosynthetic process	GO:0046460		18	1	1.4634399308556614	-0.3807897814530922	0.6389495026159213	0.7426662379148121	1	1
neutral lipid catabolic process	GO:0046461		18	1	1.4634399308556614	-0.3807897814530922	0.6389495026159213	0.7828454412068578	1	1
monoacylglycerol metabolic process	GO:0046462		9	1	0.7317199654278307	0.3123573991068531	1.1184395617578968	0.4477163890561283	1	1
acylglycerol biosynthetic process	GO:0046463		18	1	1.4634399308556614	-0.3807897814530922	0.6389495026159213	0.7426662379148121	1	1
acylglycerol catabolic process	GO:0046464		18	1	1.4634399308556614	-0.3807897814530922	0.6389495026159213	0.7828454412068578	1	1
dolichyl diphosphate metabolic process	GO:0046465		5	0	0.4065110919043503	-Inf	0	1	1	1
membrane lipid catabolic process	GO:0046466		38	1	3.0894842984730624	-1.1280041832833132	0.3182777063931638	0.9567574160045956	1	1
membrane lipid biosynthetic process	GO:0046467		106	5	8.618035148372227	-0.5444192052348942	0.5517540936053343	0.9358624740038191	1	1
phosphatidylcholine metabolic process	GO:0046470		55	1	4.471622010947854	-1.4977512087893983	0.22180920790811776	0.9906416156254294	1	1
phosphatidylglycerol metabolic process	GO:0046471		24	2	1.9512532411408816	0.024675326655072338	0.898928862739797	0.5919997817214471	1	1
phosphatidic acid metabolic process	GO:0046473		31	2	2.520368769806972	-0.23125804748212817	0.7276117167426861	0.7301085305639006	1	1
glycerophospholipid biosynthetic process	GO:0046474		144	6	11.707519446845291	-0.6684718539048732	0.49235623876582574	0.9799892563035746	1	1
glycerophospholipid catabolic process	GO:0046475		18	0	1.4634399308556614	-Inf	0	1	1	1
glycosphingolipid catabolic process	GO:0046479		16	0	1.300835494093921	-Inf	0	1	1	1
ether lipid metabolic process	GO:0046485		11	0	0.8943244021895708	-Inf	0	1	1	1
phosphatidylinositol metabolic process	GO:0046488		98	4	7.967617401325267	-0.6890911411076086	0.4830286855608099	0.9583583408205011	1	1
nicotinamide nucleotide metabolic process	GO:0046496		67	6	5.447248631518295	0.09664882628016161	0.9513377478961743	0.4507200846153012	1	1
S-adenosylmethionine metabolic process	GO:0046500		7	0	0.5691155286660905	-Inf	0	1	1	1
protoporphyrinogen IX metabolic process	GO:0046501		7	0	0.5691155286660905	-Inf	0	1	1	1
glycerolipid catabolic process	GO:0046503		33	1	2.6829732065687124	-0.9869255850234077	0.36458975219432327	0.9392526672507046	1	1
glycerol ether biosynthetic process	GO:0046504		7	0	0.5691155286660905	-Inf	0	1	1	1
sphingosine biosynthetic process	GO:0046512		14	0	1.138231057332181	-Inf	0	1	1	1
ceramide biosynthetic process	GO:0046513		34	0	2.7642754249495822	-Inf	0	1	1	1
ceramide catabolic process	GO:0046514		15	0	1.219533275713051	-Inf	0	1	1	1
sphingoid metabolic process	GO:0046519		20	1	1.6260443676174012	-0.48615029711091834	0.5816356077875019	0.8167549482694262	1	1
sphingoid biosynthetic process	GO:0046520		14	0	1.138231057332181	-Inf	0	1	1	1
development of primary female sexual characteristics	GO:0046545		9	1	0.7317199654278307	0.3123573991068531	1.1184395617578968	0.5339052003122138	1	1
development of primary male sexual characteristics	GO:0046546		16	1	1.300835494093921	-0.2630067457967087	0.7080691948308241	0.719871464965964	1	1
regulation of Ras protein signal transduction	GO:0046578		22	1	1.7886488043791415	-0.5814604769152433	0.5334222975217455	0.8316703660941647	1	1
positive regulation of Ras protein signal transduction	GO:0046579		12	1	0.9756266205704408	0.024675326655072338	0.898928862739797	0.6066515058940674	1	1
negative regulation of Ras protein signal transduction	GO:0046580		7	0	0.5691155286660905	-Inf	0	1	1	1
regulation of viral entry into host cell	GO:0046596		19	0	1.5447421492365312	-Inf	0	1	1	1
negative regulation of viral entry into host cell	GO:0046597		20	0	1.6260443676174012	-Inf	0	1	1	1
positive regulation of viral entry into host cell	GO:0046598		14	0	1.138231057332181	-Inf	0	1	1	1
regulation of centriole replication	GO:0046599		20	0	1.6260443676174012	-Inf	0	1	1	1
negative regulation of centriole replication	GO:0046600		5	0	0.4065110919043503	-Inf	0	1	1	1
positive regulation of centriole replication	GO:0046601		11	0	0.8943244021895708	-Inf	0	1	1	1
regulation of mitotic centrosome separation	GO:0046602		8	0	0.6504177470469605	-Inf	0	1	1	1
regulation of centrosome cycle	GO:0046605		43	0	3.495995390377413	-Inf	0	1	1	1
negative regulation of centrosome cycle	GO:0046606		9	0	0.7317199654278307	-Inf	0	1	1	1
xenobiotic export from cell	GO:0046618		12	0	0.9756266205704408	-Inf	0	1	1	1
regulation of organ growth	GO:0046620		11	1	0.8943244021895708	0.11168670364470205	0.9625093145711885	0.6066515058940674	1	1
negative regulation of organ growth	GO:0046621		5	0	0.4065110919043503	-Inf	0	1	1	1
positive regulation of organ growth	GO:0046622		6	1	0.4878133102852204	0.7178225072150176	1.465759593120927	0.3988224139625278	1	1
regulation of insulin receptor signaling pathway	GO:0046626		30	2	2.439066551426102	-0.1984682246591374	0.7481986024927316	0.6952882846077232	1	1
negative regulation of insulin receptor signaling pathway	GO:0046627		20	2	1.6260443676174012	0.20699688344902697	1.0350244837181672	0.46472284305099365	1	1
positive regulation of insulin receptor signaling pathway	GO:0046628		7	0	0.5691155286660905	-Inf	0	1	1	1
alpha-beta T cell activation	GO:0046631		31	2	2.520368769806972	-0.23125804748212817	0.7276117167426861	0.7301085305639006	1	1
alpha-beta T cell differentiation	GO:0046632		21	1	1.7073465859982713	-0.5349404612803503	0.5565277263826629	0.8316703660941647	1	1
regulation of alpha-beta T cell activation	GO:0046634		47	4	3.8212042639008934	0.04572873585290452	0.9140754504493451	0.503210896473305	1	1
positive regulation of alpha-beta T cell activation	GO:0046635		30	3	2.439066551426102	0.20699688344902697	1.0350244837181672	0.400794141011956	1	1
negative regulation of alpha-beta T cell activation	GO:0046636		18	1	1.4634399308556614	-0.3807897814530922	0.6389495026159213	0.7828454412068578	1	1
regulation of alpha-beta T cell differentiation	GO:0046637		20	2	1.6260443676174012	0.20699688344902697	1.0350244837181672	0.46472284305099365	1	1
positive regulation of alpha-beta T cell differentiation	GO:0046638		13	1	1.056928838951311	-0.05536738101846421	0.842769678250708	0.6386518936468044	1	1
negative regulation of alpha-beta T cell differentiation	GO:0046639		8	1	0.6504177470469605	0.43014043476323666	1.2153715796146363	0.4926363899231906	1	1
regulation of alpha-beta T cell proliferation	GO:0046640		17	2	1.3821377124747911	0.3695158129468019	1.1650191589592633	0.4076084483747464	1	1
positive regulation of alpha-beta T cell proliferation	GO:0046641		14	2	1.138231057332181	0.5636718273877592	1.3294211503564923	0.31694075149328715	1	1
negative regulation of alpha-beta T cell proliferation	GO:0046642		5	0	0.4065110919043503	-Inf	0	1	1	1
lymphocyte activation	GO:0046649		149	10	12.11403053874964	-0.1917792365083409	0.7524483875194178	0.765507414065479	1	1
lymphocyte proliferation	GO:0046651		15	1	1.219533275713051	-0.1984682246591374	0.7481986024927316	0.719871464965964	1	1
tetrahydrofolate metabolic process	GO:0046653		13	0	1.056928838951311	-Inf	0	1	1	1
folic acid metabolic process	GO:0046655		11	0	0.8943244021895708	-Inf	0	1	1	1
female sex differentiation	GO:0046660		11	1	0.8943244021895708	0.11168670364470205	0.9625093145711885	0.6066515058940674	1	1
male sex differentiation	GO:0046661		19	1	1.5447421492365312	-0.43485700272336786	0.609007163082252	0.7828454412068578	1	1
negative regulation of insulin secretion	GO:0046676		10	0	0.8130221838087006	-Inf	0	1	1	1
response to antibiotic	GO:0046677		11	2	0.8943244021895708	0.8048338842046474	1.54458986784587	0.22349837566824932	1	1
response to organophosphorus	GO:0046683		49	3	3.9838087006626335	-0.2836260329994443	0.6955839625633006	0.7722559448350821	1	1
response to arsenic-containing substance	GO:0046685		14	3	1.138231057332181	0.9691369354959237	1.6964715190836939	0.09942540877132375	1	1
response to cadmium ion	GO:0046686		8	2	0.6504177470469605	1.1232876153231819	1.8418840104221779	0.13327638298668934	1	1
response to copper ion	GO:0046688		11	2	0.8943244021895708	0.8048338842046474	1.54458986784587	0.22349837566824932	1	1
decidualization	GO:0046697		7	0	0.5691155286660905	-Inf	0	1	1	1
muscle cell cellular homeostasis	GO:0046716		7	1	0.5691155286660905	0.5636718273877592	1.3294211503564923	0.3988224139625278	1	1
viral entry into host cell	GO:0046718		40	1	3.2520887352348025	-1.1792974776708636	0.30284420349642827	0.9664898323259665	1	1
regulation by virus of viral protein levels in host cell	GO:0046719		8	3	0.6504177470469605	1.5287527234313463	2.2334492168669837	0.022005104643632888	1	1
non-lytic viral release	GO:0046753		14	0	1.138231057332181	-Inf	0	1	1	1
viral budding	GO:0046755		25	0	2.0325554595217517	-Inf	0	1	1	1
viral budding from plasma membrane	GO:0046761		13	0	1.056928838951311	-Inf	0	1	1	1
protein autophosphorylation	GO:0046777		111	8	9.024546240276578	-0.12050668318942562	0.7987771495471587	0.6597867022185238	1	1
regulation of viral transcription	GO:0046782		19	2	1.5447421492365312	0.25829017783657743	1.0752242884685586	0.46472284305099365	1	1
microtubule polymerization	GO:0046785		22	1	1.7886488043791415	-0.5814604769152433	0.5334222975217455	0.8453725187098986	1	1
transport of virus	GO:0046794		5	0	0.4065110919043503	-Inf	0	1	1	1
receptor-mediated virion attachment to host cell	GO:0046813		6	0	0.4878133102852204	-Inf	0	1	1	1
regulation of nucleocytoplasmic transport	GO:0046822		72	4	5.8537597234226455	-0.3807897814530922	0.6389495026159213	0.8472508510785917	1	1
negative regulation of nucleocytoplasmic transport	GO:0046823		17	0	1.3821377124747911	-Inf	0	1	1	1
positive regulation of nucleocytoplasmic transport	GO:0046824		39	3	3.1707865168539326	-0.05536738101846409	0.842769678250708	0.6247272803318782	1	1
regulation of protein export from nucleus	GO:0046825		23	1	1.8699510227600116	-0.6259122394860772	0.5120958595639823	0.8579600324755672	1	1
negative regulation of protein export from nucleus	GO:0046826		5	0	0.4065110919043503	-Inf	0	1	1	1
positive regulation of protein export from nucleus	GO:0046827		12	0	0.9756266205704408	-Inf	0	1	1	1
regulation of RNA export from nucleus	GO:0046831		14	0	1.138231057332181	-Inf	0	1	1	1
lipid phosphorylation	GO:0046834		8	2	0.6504177470469605	1.1232876153231819	1.8418840104221779	0.13327638298668934	1	1
carbohydrate phosphorylation	GO:0046835		6	0	0.4878133102852204	-Inf	0	1	1	1
glycolipid transport	GO:0046836		6	0	0.4878133102852204	-Inf	0	1	1	1
phospholipid dephosphorylation	GO:0046839		23	1	1.8699510227600116	-0.6259122394860772	0.5120958595639823	0.8453725187098986	1	1
filopodium assembly	GO:0046847		9	1	0.7317199654278307	0.3123573991068531	1.1184395617578968	0.5339052003122138	1	1
bone remodeling	GO:0046849		6	1	0.4878133102852204	0.7178225072150176	1.465759593120927	0.3988224139625278	1	1
regulation of bone remodeling	GO:0046850		8	2	0.6504177470469605	1.1232876153231819	1.8418840104221779	0.13327638298668934	1	1
phosphatidylinositol phosphate biosynthetic process	GO:0046854		23	1	1.8699510227600116	-0.6259122394860772	0.5120958595639823	0.8579600324755672	1	1
phosphatidylinositol dephosphorylation	GO:0046856		15	0	1.219533275713051	-Inf	0	1	1	1
regulation of saliva secretion	GO:0046877		5	0	0.4065110919043503	-Inf	0	1	1	1
hormone secretion	GO:0046879		21	0	1.7073465859982713	-Inf	0	1	1	1
regulation of hormone secretion	GO:0046883		101	7	8.211524056467876	-0.15962839134287343	0.7731110561880912	0.6936426789984378	1	1
regulation of hormone biosynthetic process	GO:0046885		13	0	1.056928838951311	-Inf	0	1	1	1
positive regulation of hormone biosynthetic process	GO:0046886		5	0	0.4065110919043503	-Inf	0	1	1	1
positive regulation of hormone secretion	GO:0046887		46	4	3.739902045520023	0.06723494107386813	0.9297056732049866	0.4853007030342952	1	1
negative regulation of hormone secretion	GO:0046888		20	1	1.6260443676174012	-0.48615029711091834	0.5816356077875019	0.8005189188821835	1	1
positive regulation of lipid biosynthetic process	GO:0046889		51	5	4.146413137424373	0.18719425615284738	1.019720178543586	0.38431197403691186	1	1
regulation of lipid biosynthetic process	GO:0046890		100	5	8.130221838087007	-0.48615029711091834	0.5816356077875019	0.9086539762991854	1	1
regulation of mitochondrial membrane permeability	GO:0046902		31	1	2.520368769806972	-0.9244052280420735	0.38703219543570105	0.9216181425198152	1	1
secretion	GO:0046903		159	2	12.927052722558342	-1.8661750452172137	0.15410364160051301	0.9999747433154621	1	1
regulation of neurotransmitter secretion	GO:0046928		15	1	1.219533275713051	-0.1984682246591374	0.7481986024927316	0.6950590755790824	1	1
pore complex assembly	GO:0046931		19	1	1.5447421492365312	-0.43485700272336786	0.609007163082252	0.8005189188821835	1	1
carboxylic acid transport	GO:0046942		157	4	12.7644482857966	-1.1603694677853449	0.30845572393935544	0.9989295481897735	1	1
fatty-acyl-CoA biosynthetic process	GO:0046949		26	0	2.113857677902622	-Inf	0	1	1	1
ketone body biosynthetic process	GO:0046951		5	0	0.4065110919043503	-Inf	0	1	1	1
cytosol to endoplasmic reticulum transport	GO:0046967		5	0	0.4065110919043503	-Inf	0	1	1	1
regulation of response to osmotic stress	GO:0047484		8	0	0.6504177470469605	-Inf	0	1	1	1
vesicle transport along microtubule	GO:0047496		9	1	0.7317199654278307	0.3123573991068531	1.1184395617578968	0.5339052003122138	1	1
mitochondrion transport along microtubule	GO:0047497		14	0	1.138231057332181	-Inf	0	1	1	1
antigen processing and presentation of peptide antigen	GO:0048002		41	3	3.3333909536156727	-0.10537780159312553	0.8088553720269323	0.6420242090545026	1	1
platelet-derived growth factor receptor signaling pathway	GO:0048008		14	0	1.138231057332181	-Inf	0	1	1	1
insulin-like growth factor receptor signaling pathway	GO:0048009		8	0	0.6504177470469605	-Inf	0	1	1	1
vascular endothelial growth factor receptor signaling pathway	GO:0048010		26	3	2.113857677902622	0.35009772708970016	1.1490949685358696	0.33234670672521316	1	1
hepatocyte growth factor receptor signaling pathway	GO:0048012		6	0	0.4878133102852204	-Inf	0	1	1	1
ephrin receptor signaling pathway	GO:0048013		29	0	2.3577643330452323	-Inf	0	1	1	1
regulation of melanin biosynthetic process	GO:0048021		9	0	0.7317199654278307	-Inf	0	1	1	1
positive regulation of melanin biosynthetic process	GO:0048023		7	0	0.5691155286660905	-Inf	0	1	1	1
regulation of mRNA splicing, via spliceosome	GO:0048024		63	3	5.1220397579948145	-0.5349404612803503	0.5565277263826629	0.88950789152046	1	1
negative regulation of mRNA splicing, via spliceosome	GO:0048025		12	1	0.9756266205704408	0.024675326655072338	0.898928862739797	0.6386518936468044	1	1
positive regulation of mRNA splicing, via spliceosome	GO:0048026		9	0	0.7317199654278307	-Inf	0	1	1	1
focal adhesion assembly	GO:0048041		15	2	1.219533275713051	0.4946789559008079	1.2699797904718395	0.3476856241627394	1	1
developmental pigmentation	GO:0048066		17	0	1.3821377124747911	-Inf	0	1	1	1
astrocyte activation	GO:0048143		5	2	0.4065110919043503	1.5932912445689176	2.2966101973978796	0.055968935390420846	1	1
regulation of fibroblast proliferation	GO:0048145		37	2	3.008182080092192	-0.4081887556412063	0.6236357337200239	0.8148435624310426	1	1
positive regulation of fibroblast proliferation	GO:0048146		25	2	2.0325554595217517	-0.01614666786518275	0.8700023797642876	0.614578309981989	1	1
negative regulation of fibroblast proliferation	GO:0048147		12	0	0.9756266205704408	-Inf	0	1	1	1
regulation of synaptic plasticity	GO:0048167		27	4	2.1951598962834917	0.6000394715586341	1.3611670150072073	0.17258131944597774	1	1
regulation of neuronal synaptic plasticity	GO:0048168		5	0	0.4065110919043503	-Inf	0	1	1	1
Golgi vesicle transport	GO:0048193		171	8	13.90267934312878	-0.5526400383797512	0.5476412807644452	0.9694997501229857	1	1
Golgi vesicle budding	GO:0048194		6	1	0.4878133102852204	0.7178225072150176	1.465759593120927	0.3988224139625278	1	1
vesicle targeting, to, from or within Golgi	GO:0048199		16	1	1.300835494093921	-0.2630067457967087	0.7080691948308241	0.7426662379148121	1	1
vesicle targeting, rough ER to cis-Golgi	GO:0048207		11	1	0.8943244021895708	0.11168670364470205	0.9625093145711885	0.6066515058940674	1	1
COPII vesicle coating	GO:0048208		11	1	0.8943244021895708	0.11168670364470205	0.9625093145711885	0.6066515058940674	1	1
plasma membrane to endosome transport	GO:0048227		7	2	0.5691155286660905	1.2568190079477046	1.969621046209867	0.10545856340092526	1	1
male gamete generation	GO:0048232		107	2	8.699337366753097	-1.4700996774588881	0.227924017973615	0.9976650355960291	1	1
eosinophil chemotaxis	GO:0048245		8	0	0.6504177470469605	-Inf	0	1	1	1
macrophage chemotaxis	GO:0048246		8	0	0.6504177470469605	-Inf	0	1	1	1
lymphocyte chemotaxis	GO:0048247		17	0	1.3821377124747911	-Inf	0	1	1	1
elastic fiber assembly	GO:0048251		5	0	0.4065110919043503	-Inf	0	1	1	1
snoRNA localization	GO:0048254		5	0	0.4065110919043503	-Inf	0	1	1	1
mRNA stabilization	GO:0048255		42	2	3.4146931719965425	-0.5349404612803503	0.5565277263826629	0.8572600394572143	1	1
regulation of receptor-mediated endocytosis	GO:0048259		72	4	5.8537597234226455	-0.3807897814530922	0.6389495026159213	0.8394297277896713	1	1
positive regulation of receptor-mediated endocytosis	GO:0048260		37	2	3.008182080092192	-0.4081887556412063	0.6236357337200239	0.8148435624310426	1	1
negative regulation of receptor-mediated endocytosis	GO:0048261		22	1	1.7886488043791415	-0.5814604769152433	0.5334222975217455	0.8453725187098986	1	1
clathrin coat assembly	GO:0048268		11	0	0.8943244021895708	-Inf	0	1	1	1
vesicle docking	GO:0048278		10	0	0.8130221838087006	-Inf	0	1	1	1
organelle fusion	GO:0048284		67	2	5.447248631518295	-1.001963462387948	0.3593723299180604	0.9687467912514072	1	1
organelle fission	GO:0048285		172	5	13.983981561509651	-1.02847458793628	0.3503411019902606	0.9981323809475862	1	1
organelle inheritance	GO:0048308		9	0	0.7317199654278307	-Inf	0	1	1	1
mitochondrion distribution	GO:0048311		9	0	0.7317199654278307	-Inf	0	1	1	1
intracellular distribution of mitochondria	GO:0048312		5	0	0.4065110919043503	-Inf	0	1	1	1
Golgi inheritance	GO:0048313		9	0	0.7317199654278307	-Inf	0	1	1	1
mesoderm morphogenesis	GO:0048332		7	1	0.5691155286660905	0.5636718273877592	1.3294211503564923	0.3988224139625278	1	1
mesodermal cell differentiation	GO:0048333		5	1	0.4065110919043503	0.9001440640089723	1.6322561791244243	0.28767632085058525	1	1
retinoic acid receptor signaling pathway	GO:0048384		9	1	0.7317199654278307	0.3123573991068531	1.1184395617578968	0.5339052003122138	1	1
regulation of retinoic acid receptor signaling pathway	GO:0048385		11	0	0.8943244021895708	-Inf	0	1	1	1
negative regulation of retinoic acid receptor signaling pathway	GO:0048387		6	0	0.4878133102852204	-Inf	0	1	1	1
cell maturation	GO:0048469		21	0	1.7073465859982713	-Inf	0	1	1	1
synaptic vesicle endocytosis	GO:0048488		9	0	0.7317199654278307	-Inf	0	1	1	1
synaptic vesicle transport	GO:0048489		5	0	0.4065110919043503	-Inf	0	1	1	1
maintenance of animal organ identity	GO:0048496		5	0	0.4065110919043503	-Inf	0	1	1	1
rhythmic process	GO:0048511		29	4	2.3577643330452323	0.5285805075764891	1.2990558716202665	0.20647097227212768	1	1
blood vessel morphogenesis	GO:0048514		105	10	8.536732929991357	0.15820671927959495	0.9975397110662905	0.33785577833467373	1	1
spermatid differentiation	GO:0048515		38	0	3.0894842984730624	-Inf	0	1	1	1
positive regulation of viral process	GO:0048524		60	4	4.878133102852204	-0.1984682246591374	0.7481986024927316	0.7173063816919196	1	1
negative regulation of viral process	GO:0048525		67	2	5.447248631518295	-1.001963462387948	0.3593723299180604	0.97292635481838	1	1
hematopoietic or lymphoid organ development	GO:0048534		7	0	0.5691155286660905	-Inf	0	1	1	1
response to steroid hormone	GO:0048545		72	4	5.8537597234226455	-0.3807897814530922	0.6389495026159213	0.8472508510785917	1	1
digestive tract morphogenesis	GO:0048546		5	0	0.4065110919043503	-Inf	0	1	1	1
regulation of pinocytosis	GO:0048548		7	0	0.5691155286660905	-Inf	0	1	1	1
embryonic organ morphogenesis	GO:0048562		27	1	2.1951598962834917	-0.7862548895612564	0.4411034563476793	0.8899046725514381	1	1
digestive tract development	GO:0048565		26	1	2.113857677902622	-0.7485145615784096	0.4569950042886458	0.8801462387911566	1	1
embryonic digestive tract development	GO:0048566		8	0	0.6504177470469605	-Inf	0	1	1	1
embryonic organ development	GO:0048568		44	2	3.577297608758283	-0.5814604769152433	0.5334222975217455	0.8663777683554218	1	1
developmental cell growth	GO:0048588		17	4	1.3821377124747911	1.0626629935067473	1.7844045293311224	0.04402091032296211	1	1
developmental growth	GO:0048589		38	4	3.0894842984730624	0.25829017783657743	1.0752242884685586	0.37354647556306564	1	1
eye morphogenesis	GO:0048592		15	1	1.219533275713051	-0.1984682246591374	0.7481986024927316	0.719871464965964	1	1
camera-type eye morphogenesis	GO:0048593		10	1	0.8130221838087006	0.20699688344902697	1.0350244837181672	0.5718194031462658	1	1
embryonic morphogenesis	GO:0048598		68	5	5.5285508498991645	-0.10048781629893372	0.8121309848879507	0.6173573410693685	1	1
reproductive structure development	GO:0048608		39	3	3.1707865168539326	-0.05536738101846409	0.842769678250708	0.6068649503686352	1	1
multicellular organismal reproductive process	GO:0048609		155	6	12.60184384903486	-0.742083671248119	0.45975229068262147	0.9788908691751869	1	1
regulation of muscle organ development	GO:0048634		14	0	1.138231057332181	-Inf	0	1	1	1
negative regulation of muscle organ development	GO:0048635		6	0	0.4878133102852204	-Inf	0	1	1	1
regulation of developmental growth	GO:0048638		57	2	4.634226447709594	-0.8403221108315322	0.41918676437383456	0.948661417972912	1	1
positive regulation of developmental growth	GO:0048639		39	2	3.1707865168539326	-0.4608324891266285	0.5950204159823935	0.8372990459535707	1	1
negative regulation of developmental growth	GO:0048640		14	0	1.138231057332181	-Inf	0	1	1	1
regulation of skeletal muscle tissue development	GO:0048641		5	0	0.4065110919043503	-Inf	0	1	1	1
muscle organ morphogenesis	GO:0048644		19	0	1.5447421492365312	-Inf	0	1	1	1
regulation of smooth muscle cell proliferation	GO:0048660		74	2	6.016364160184384	-1.1013359362011517	0.32658991222787837	0.984856483154775	1	1
positive regulation of smooth muscle cell proliferation	GO:0048661		40	1	3.2520887352348025	-1.1792974776708636	0.30284420349642827	0.9664898323259665	1	1
negative regulation of smooth muscle cell proliferation	GO:0048662		32	1	2.601670988187842	-0.956153926356654	0.3754828901181559	0.928001796251679	1	1
neuron development	GO:0048666		161	13	13.089657159320081	-0.006873031079853701	0.8765219803360883	0.5523310949512497	1	1
cell morphogenesis involved in neuron differentiation	GO:0048667		69	10	5.609853068280035	0.5780605648398588	1.341948391537286	0.05144244114207793	1	1
axon extension	GO:0048675		11	4	0.8943244021895708	1.4979810647645926	2.2033974050768532	0.009019138585625825	1	1
response to axon injury	GO:0048678		5	0	0.4065110919043503	-Inf	0	1	1	1
embryonic cranial skeleton morphogenesis	GO:0048701		6	1	0.4878133102852204	0.7178225072150176	1.465759593120927	0.3988224139625278	1	1
embryonic skeletal system morphogenesis	GO:0048704		10	1	0.8130221838087006	0.20699688344902697	1.0350244837181672	0.5718194031462658	1	1
skeletal system morphogenesis	GO:0048705		36	2	2.9268798617113228	-0.3807897814530922	0.6389495026159213	0.8026058061255117	1	1
embryonic skeletal system development	GO:0048706		14	1	1.138231057332181	-0.1294753531721861	0.7928427126816872	0.6950590755790824	1	1
astrocyte differentiation	GO:0048708		6	2	0.4878133102852204	1.410969687774963	2.118668245703817	0.07950693348111477	1	1
oligodendrocyte differentiation	GO:0048709		9	0	0.7317199654278307	-Inf	0	1	1	1
regulation of astrocyte differentiation	GO:0048710		5	1	0.4065110919043503	0.9001440640089723	1.6322561791244243	0.34560316721562534	1	1
tissue morphogenesis	GO:0048729		113	7	9.187150677038318	-0.27189569321395474	0.7026668348670418	0.8003785297168423	1	1
epidermis morphogenesis	GO:0048730		6	0	0.4878133102852204	-Inf	0	1	1	1
gland development	GO:0048732		43	2	3.495995390377413	-0.5584709586905445	0.5447394738528083	0.8663777683554218	1	1
appendage development	GO:0048736		35	1	2.8455776433304525	-1.045766085046341	0.3445638924647699	0.948746459217358	1	1
cardiac muscle tissue development	GO:0048738		32	2	2.601670988187842	-0.2630067457967087	0.7080691948308241	0.7462150593459236	1	1
pigment granule organization	GO:0048753		15	2	1.219533275713051	0.4946789559008079	1.2699797904718395	0.3476856241627394	1	1
branching morphogenesis of an epithelial tube	GO:0048754		13	1	1.056928838951311	-0.05536738101846421	0.842769678250708	0.6680506238586684	1	1
pigment granule maturation	GO:0048757		9	0	0.7317199654278307	-Inf	0	1	1	1
mesenchymal cell differentiation	GO:0048762		46	3	3.739902045520023	-0.22044713137791272	0.734354080755392	0.7199513131691535	1	1
tissue remodeling	GO:0048771		11	1	0.8943244021895708	0.11168670364470205	0.9625093145711885	0.6066515058940674	1	1
animal organ maturation	GO:0048799		5	0	0.4065110919043503	-Inf	0	1	1	1
genitalia development	GO:0048806		14	0	1.138231057332181	-Inf	0	1	1	1
neuron projection morphogenesis	GO:0048812		78	10	6.341573033707865	0.4554582427475266	1.2366742042325094	0.09981393841433966	1	1
dendrite morphogenesis	GO:0048813		7	0	0.5691155286660905	-Inf	0	1	1	1
regulation of dendrite morphogenesis	GO:0048814		9	1	0.7317199654278307	0.3123573991068531	1.1184395617578968	0.4926363899231906	1	1
erythrocyte development	GO:0048821		7	1	0.5691155286660905	0.5636718273877592	1.3294211503564923	0.4477163890561283	1	1
inner ear development	GO:0048839		10	0	0.8130221838087006	-Inf	0	1	1	1
artery morphogenesis	GO:0048844		6	0	0.4878133102852204	-Inf	0	1	1	1
cell projection morphogenesis	GO:0048858		81	11	6.585479688850475	0.5130280945690044	1.2856848159229393	0.0628856058515706	1	1
stem cell differentiation	GO:0048863		33	1	2.6829732065687124	-0.9869255850234077	0.36458975219432327	0.928001796251679	1	1
stem cell development	GO:0048864		14	0	1.138231057332181	-Inf	0	1	1	1
multicellular organismal-level homeostasis	GO:0048871		141	6	11.46361279170268	-0.6474184447070406	0.5020386351547544	0.9678711451963184	1	1
homeostasis of number of cells	GO:0048872		41	3	3.3333909536156727	-0.10537780159312553	0.8088553720269323	0.6420242090545026	1	1
sensory system development	GO:0048880		55	3	4.471622010947854	-0.3991389201212887	0.6286619406120891	0.8060061677114796	1	1
chromosome localization	GO:0050000		75	2	6.097666378565256	-1.1147589565332927	0.3223810860941467	0.9837068591550184	1	1
3'-phosphoadenosine 5'-phosphosulfate metabolic process	GO:0050427		16	2	1.300835494093921	0.43014043476323666	1.2153715796146363	0.3476856241627394	1	1
regulation of catecholamine secretion	GO:0050433		10	1	0.8130221838087006	0.20699688344902697	1.0350244837181672	0.5339052003122138	1	1
amyloid-beta metabolic process	GO:0050435		17	1	1.3821377124747911	-0.32363136761314343	0.6718259362075856	0.7636073497610661	1	1
arachidonic acid secretion	GO:0050482		8	0	0.6504177470469605	-Inf	0	1	1	1
chondroitin sulfate proteoglycan biosynthetic process	GO:0050650		15	0	1.219533275713051	-Inf	0	1	1	1
dermatan sulfate proteoglycan biosynthetic process	GO:0050651		7	0	0.5691155286660905	-Inf	0	1	1	1
chondroitin sulfate proteoglycan metabolic process	GO:0050654		15	0	1.219533275713051	-Inf	0	1	1	1
dermatan sulfate proteoglycan metabolic process	GO:0050655		8	0	0.6504177470469605	-Inf	0	1	1	1
nucleic acid transport	GO:0050657		64	3	5.203341976375684	-0.5506888182484896	0.5486151657955654	0.9017212876059002	1	1
RNA transport	GO:0050658		64	3	5.203341976375684	-0.5506888182484896	0.5486151657955654	0.9017212876059002	1	1
homocysteine metabolic process	GO:0050667		9	0	0.7317199654278307	-Inf	0	1	1	1
regulation of lymphocyte proliferation	GO:0050670		114	8	9.268452895419188	-0.14717493027158685	0.781219152133731	0.7087945667298587	1	1
positive regulation of lymphocyte proliferation	GO:0050671		75	5	6.097666378565256	-0.19846822465913755	0.7481986024927315	0.7290702517886141	1	1
negative regulation of lymphocyte proliferation	GO:0050672		37	3	3.008182080092192	-0.0027236475330420042	0.8794489893483999	0.5884450707787217	1	1
epithelial cell proliferation	GO:0050673		30	3	2.439066551426102	0.20699688344902697	1.0350244837181672	0.400794141011956	1	1
regulation of epithelial cell proliferation	GO:0050678		192	15	15.610025929127053	-0.039863194482498907	0.8534687824030471	0.5608756810672648	1	1
positive regulation of epithelial cell proliferation	GO:0050679		112	7	9.105848458657448	-0.2630067457967087	0.7080691948308241	0.8003785297168423	1	1
negative regulation of epithelial cell proliferation	GO:0050680		65	6	5.284644194756554	0.12695417577549054	0.9739280716429587	0.4211500670133306	1	1
regulation of mRNA processing	GO:0050684		77	3	6.260270815326995	-0.7356111567425014	0.4625420577251324	0.9525937176146889	1	1
positive regulation of mRNA processing	GO:0050685		12	0	0.9756266205704408	-Inf	0	1	1	1
negative regulation of mRNA processing	GO:0050686		12	1	0.9756266205704408	0.024675326655072338	0.898928862739797	0.6386518936468044	1	1
negative regulation of defense response to virus	GO:0050687		14	2	1.138231057332181	0.5636718273877592	1.3294211503564923	0.31694075149328715	1	1
regulation of defense response to virus	GO:0050688		48	2	3.9025064822817632	-0.668471853904873	0.49235623876582585	0.9044291332544852	1	1
regulation of defense response to virus by host	GO:0050691		35	1	2.8455776433304525	-1.045766085046341	0.3445638924647699	0.9442009692082878	1	1
regulation of protein secretion	GO:0050708		123	3	10.000172860847018	-1.2039900902612353	0.2956680805258496	0.9978172754658186	1	1
negative regulation of protein secretion	GO:0050709		28	0	2.276462114664362	-Inf	0	1	1	1
positive regulation of protein secretion	GO:0050714		62	2	5.040737539613944	-0.9244052280420735	0.38703219543570105	0.9639488723185075	1	1
regulation of inflammatory response	GO:0050727		190	13	15.447421492365313	-0.17249273825587688	0.7647966290369336	0.7610929969418446	1	1
negative regulation of inflammatory response	GO:0050728		82	7	6.6667819072313454	0.04877287823413281	0.9162782145241883	0.47764101060487496	1	1
positive regulation of inflammatory response	GO:0050729		77	3	6.260270815326995	-0.7356111567425014	0.4625420577251324	0.9525937176146889	1	1
regulation of peptidyl-tyrosine phosphorylation	GO:0050730		72	5	5.8537597234226455	-0.15764623013888243	0.7743976911574938	0.6946879621074323	1	1
positive regulation of peptidyl-tyrosine phosphorylation	GO:0050731		52	4	4.227715355805244	-0.05536738101846421	0.842769678250708	0.6040760881002327	1	1
negative regulation of peptidyl-tyrosine phosphorylation	GO:0050732		17	1	1.3821377124747911	-0.32363136761314343	0.6718259362075856	0.7636073497610661	1	1
regulation of lipoprotein metabolic process	GO:0050746		10	1	0.8130221838087006	0.20699688344902697	1.0350244837181672	0.5718194031462658	1	1
regulation of phagocytosis	GO:0050764		51	1	4.146413137424373	-1.422243656281253	0.2388935285701193	0.9868484560000643	1	1
negative regulation of phagocytosis	GO:0050765		9	0	0.7317199654278307	-Inf	0	1	1	1
positive regulation of phagocytosis	GO:0050766		36	1	2.9268798617113228	-1.0739369620130375	0.3353403162326595	0.9529219064485537	1	1
regulation of neurogenesis	GO:0050767		58	3	4.7155286660904645	-0.45224874543523724	0.5996138812232417	0.8354402827581976	1	1
negative regulation of neurogenesis	GO:0050768		19	0	1.5447421492365312	-Inf	0	1	1	1
positive regulation of neurogenesis	GO:0050769		36	3	2.9268798617113228	0.02467532665507212	0.8989288627397969	0.5094714938784041	1	1
regulation of axonogenesis	GO:0050770		24	0	1.9512532411408816	-Inf	0	1	1	1
negative regulation of axonogenesis	GO:0050771		8	0	0.6504177470469605	-Inf	0	1	1	1
positive regulation of axonogenesis	GO:0050772		14	0	1.138231057332181	-Inf	0	1	1	1
regulation of dendrite development	GO:0050773		17	1	1.3821377124747911	-0.32363136761314343	0.6718259362075856	0.7426662379148121	1	1
negative regulation of immune response	GO:0050777		124	4	10.081475079227888	-0.9244052280420735	0.38703219543570105	0.992378271511964	1	1
RNA destabilization	GO:0050779		48	1	3.9025064822817632	-1.3616190344648182	0.2535210724647217	0.9815193621660256	1	1
regulation of viral process	GO:0050792		126	6	10.244079515989629	-0.5349404612803503	0.5565277263826629	0.9412757258551485	1	1
regulation of behavior	GO:0050795		14	1	1.138231057332181	-0.1294753531721861	0.7928427126816872	0.6950590755790824	1	1
regulation of insulin secretion	GO:0050796		58	2	4.7155286660904645	-0.8577138535434015	0.41234573348900533	0.952145336020348	1	1
regulation of synapse structure or activity	GO:0050803		49	1	3.9838087006626335	-1.382238321667554	0.24845207537980313	0.97987914452961	1	1
modulation of chemical synaptic transmission	GO:0050804		59	5	4.796830884471333	0.041482444971453585	0.9110081444288507	0.5140689381347131	1	1
positive regulation of synaptic transmission	GO:0050806		15	2	1.219533275713051	0.4946789559008079	1.2699797904718395	0.3476856241627394	1	1
regulation of synapse organization	GO:0050807		49	1	3.9838087006626335	-1.382238321667554	0.24845207537980313	0.97987914452961	1	1
synapse organization	GO:0050808		81	6	6.585479688850475	-0.09310770900131103	0.8170913356733155	0.5506031522479427	1	1
regulation of steroid biosynthetic process	GO:0050810		47	2	3.8212042639008934	-0.6474184447070408	0.5020386351547544	0.8906119882131756	1	1
coagulation	GO:0050817		93	11	7.561106309420916	0.3748777560881872	1.169434077967678	0.13329004967383598	1	1
regulation of coagulation	GO:0050818		50	5	4.065110919043503	0.20699688344902697	1.0350244837181672	0.38431197403691186	1	1
negative regulation of coagulation	GO:0050819		35	3	2.8455776433304525	0.05284620362176866	0.9192306947767647	0.5499811995347115	1	1
positive regulation of coagulation	GO:0050820		16	2	1.300835494093921	0.43014043476323666	1.2153715796146363	0.37794987073324315	1	1
protein stabilization	GO:0050821		164	13	13.333563814462691	-0.02533509391958909	0.8635729088970489	0.5430328943924305	1	1
defense response to Gram-negative bacterium	GO:0050829		73	0	5.935061941803514	-Inf	0	1	1	1
defense response to Gram-positive bacterium	GO:0050830		75	2	6.097666378565256	-1.1147589565332927	0.3223810860941467	0.9639488723185075	1	1
defense response to fungus	GO:0050832		34	0	2.7642754249495822	-Inf	0	1	1	1
progesterone receptor signaling pathway	GO:0050847		10	0	0.8130221838087006	-Inf	0	1	1	1
regulation of calcium-mediated signaling	GO:0050848		52	3	4.227715355805244	-0.3430494534702452	0.660515999936502	0.7840080594378261	1	1
negative regulation of calcium-mediated signaling	GO:0050849		12	0	0.9756266205704408	-Inf	0	1	1	1
positive regulation of calcium-mediated signaling	GO:0050850		32	2	2.601670988187842	-0.2630067457967087	0.7080691948308241	0.7131416092407564	1	1
antigen receptor-mediated signaling pathway	GO:0050851		75	6	6.097666378565256	-0.016146667865182974	0.8700023797642875	0.5506031522479427	1	1
T cell receptor signaling pathway	GO:0050852		51	4	4.146413137424373	-0.03594929516136241	0.8561833920091366	0.5718332820303431	1	1
B cell receptor signaling pathway	GO:0050853		22	2	1.7886488043791415	0.11168670364470205	0.9625093145711885	0.5439251611637498	1	1
regulation of antigen receptor-mediated signaling pathway	GO:0050854		40	1	3.2520887352348025	-1.1792974776708636	0.30284420349642827	0.9664898323259665	1	1
regulation of B cell receptor signaling pathway	GO:0050855		13	0	1.056928838951311	-Inf	0	1	1	1
regulation of T cell receptor signaling pathway	GO:0050856		29	1	2.3577643330452323	-0.8577138535434015	0.41234573348900533	0.9146689247438466	1	1
positive regulation of antigen receptor-mediated signaling pathway	GO:0050857		15	0	1.219533275713051	-Inf	0	1	1	1
negative regulation of antigen receptor-mediated signaling pathway	GO:0050858		23	1	1.8699510227600116	-0.6259122394860772	0.5120958595639823	0.8579600324755672	1	1
negative regulation of B cell receptor signaling pathway	GO:0050859		7	0	0.5691155286660905	-Inf	0	1	1	1
negative regulation of T cell receptor signaling pathway	GO:0050860		16	1	1.300835494093921	-0.2630067457967087	0.7080691948308241	0.7426662379148121	1	1
positive regulation of T cell receptor signaling pathway	GO:0050862		12	0	0.9756266205704408	-Inf	0	1	1	1
regulation of T cell activation	GO:0050863		170	9	13.821377124747912	-0.42899188327096976	0.6122010203118399	0.9302824473114861	1	1
regulation of B cell activation	GO:0050864		47	6	3.8212042639008934	0.451193843961069	1.2330751066425876	0.17966417638895982	1	1
negative regulation of cell activation	GO:0050866		92	4	7.479804091040046	-0.6259122394860772	0.5120958595639823	0.9476713169937718	1	1
positive regulation of cell activation	GO:0050867		177	11	14.390492653414	-0.26867248333238586	0.7046222779619156	0.8512404368024972	1	1
negative regulation of T cell activation	GO:0050868		55	1	4.471622010947854	-1.4977512087893983	0.22180920790811776	0.9906416156254294	1	1
negative regulation of B cell activation	GO:0050869		11	3	0.8943244021895708	1.2102989923128118	1.9249574379519336	0.053982870924476636	1	1
positive regulation of T cell activation	GO:0050870		119	8	9.674963987323537	-0.19009997498862072	0.7535179515138604	0.7445095833438569	1	1
positive regulation of B cell activation	GO:0050871		34	3	2.7642754249495822	0.08183374049502086	0.940405663158651	0.5299709995667566	1	1
regulation of body fluid levels	GO:0050878		168	16	13.65877268798617	0.15820671927959495	0.9975397110662905	0.2749022884301052	1	1
multicellular organismal movement	GO:0050879		15	0	1.219533275713051	-Inf	0	1	1	1
musculoskeletal movement	GO:0050881		15	0	1.219533275713051	-Inf	0	1	1	1
neuromuscular process controlling balance	GO:0050885		11	1	0.8943244021895708	0.11168670364470205	0.9625093145711885	0.6066515058940674	1	1
endocrine process	GO:0050886		20	0	1.6260443676174012	-Inf	0	1	1	1
cognition	GO:0050890		85	6	6.910688562373956	-0.1413098108191888	0.7850578926096997	0.6879779559270123	1	1
multicellular organismal-level water homeostasis	GO:0050891		18	1	1.4634399308556614	-0.3807897814530922	0.6389495026159213	0.7636073497610661	1	1
intestinal absorption	GO:0050892		15	0	1.219533275713051	-Inf	0	1	1	1
leukocyte migration	GO:0050900		121	5	9.837568424085278	-0.6767706567195679	0.48858370843944243	0.9678776070054558	1	1
leukocyte tethering or rolling	GO:0050901		16	1	1.300835494093921	-0.2630067457967087	0.7080691948308241	0.7426662379148121	1	1
neuromuscular process	GO:0050905		36	1	2.9268798617113228	-1.0739369620130375	0.3353403162326595	0.9529219064485537	1	1
detection of stimulus involved in sensory perception	GO:0050906		52	0	4.227715355805244	-Inf	0	1	1	1
detection of chemical stimulus involved in sensory perception	GO:0050907		36	0	2.9268798617113228	-Inf	0	1	1	1
detection of light stimulus involved in visual perception	GO:0050908		10	0	0.8130221838087006	-Inf	0	1	1	1
sensory perception of taste	GO:0050909		42	0	3.4146931719965425	-Inf	0	1	1	1
detection of chemical stimulus involved in sensory perception of taste	GO:0050912		35	0	2.8455776433304525	-Inf	0	1	1	1
sensory perception of bitter taste	GO:0050913		33	0	2.6829732065687124	-Inf	0	1	1	1
sensory perception of sour taste	GO:0050915		5	0	0.4065110919043503	-Inf	0	1	1	1
positive chemotaxis	GO:0050918		13	1	1.056928838951311	-0.05536738101846421	0.842769678250708	0.6386518936468044	1	1
negative chemotaxis	GO:0050919		10	3	0.8130221838087006	1.3056091721171366	2.016631590676753	0.04172003483206278	1	1
regulation of chemotaxis	GO:0050920		130	8	10.569288389513108	-0.2785109323326738	0.6986660096098167	0.8328632847595042	1	1
positive regulation of chemotaxis	GO:0050921		96	6	7.8050129645635264	-0.2630067457967087	0.7080691948308241	0.7945056093905669	1	1
negative regulation of chemotaxis	GO:0050922		23	1	1.8699510227600116	-0.6259122394860772	0.5120958595639823	0.8579600324755672	1	1
regulation of positive chemotaxis	GO:0050926		15	2	1.219533275713051	0.4946789559008079	1.2699797904718395	0.3476856241627394	1	1
positive regulation of positive chemotaxis	GO:0050927		14	2	1.138231057332181	0.5636718273877592	1.3294211503564923	0.31694075149328715	1	1
induction of positive chemotaxis	GO:0050930		8	0	0.6504177470469605	-Inf	0	1	1	1
pigment cell differentiation	GO:0050931		14	0	1.138231057332181	-Inf	0	1	1	1
sensory perception of light stimulus	GO:0050953		120	2	9.756266205704408	-1.584762585779028	0.20358716783066688	0.9995704634203743	1	1
sensory perception of mechanical stimulus	GO:0050954		77	1	6.260270815326995	-1.834223445410611	0.15906586991778066	0.998143144276292	1	1
equilibrioception	GO:0050957		6	0	0.4878133102852204	-Inf	0	1	1	1
detection of light stimulus involved in sensory perception	GO:0050962		10	0	0.8130221838087006	-Inf	0	1	1	1
detection of mechanical stimulus	GO:0050982		11	0	0.8943244021895708	-Inf	0	1	1	1
regulation of lipid catabolic process	GO:0050994		31	2	2.520368769806972	-0.23125804748212817	0.7276117167426861	0.7301085305639006	1	1
negative regulation of lipid catabolic process	GO:0050995		13	1	1.056928838951311	-0.05536738101846421	0.842769678250708	0.6680506238586684	1	1
positive regulation of lipid catabolic process	GO:0050996		15	1	1.219533275713051	-0.1984682246591374	0.7481986024927316	0.719871464965964	1	1
regulation of nitric-oxide synthase activity	GO:0050999		5	0	0.4065110919043503	-Inf	0	1	1	1
actin filament severing	GO:0051014		5	0	0.4065110919043503	-Inf	0	1	1	1
barbed-end actin filament capping	GO:0051016		5	0	0.4065110919043503	-Inf	0	1	1	1
actin filament bundle assembly	GO:0051017		32	3	2.601670988187842	0.14245836231145573	0.9856020675923204	0.4885105988335542	1	1
mRNA transport	GO:0051028		47	3	3.8212042639008934	-0.24195333659887633	0.7209853304796112	0.7471842673131515	1	1
regulation of membrane protein ectodomain proteolysis	GO:0051043		23	3	1.8699510227600116	0.47270004918203257	1.2512707524815427	0.2864435867986237	1	1
positive regulation of membrane protein ectodomain proteolysis	GO:0051044		15	2	1.219533275713051	0.4946789559008079	1.2699797904718395	0.3476856241627394	1	1
negative regulation of membrane protein ectodomain proteolysis	GO:0051045		5	1	0.4065110919043503	0.9001440640089723	1.6322561791244243	0.34560316721562534	1	1
positive regulation of secretion	GO:0051047		134	7	10.89449726303659	-0.44234767445252543	0.6049472640021701	0.9158596419137841	1	1
negative regulation of secretion	GO:0051048		69	1	5.609853068280035	-1.7245245281541868	0.17732698886236836	0.996629772485601	1	1
negative regulation of DNA metabolic process	GO:0051053		101	4	8.211524056467876	-0.7192441792782961	0.46966229358434625	0.9606948451746516	1	1
positive regulation of DNA metabolic process	GO:0051054		182	4	14.797003745318353	-1.3081303495138321	0.2671364160832119	0.9998074904537047	1	1
negative regulation of lipid biosynthetic process	GO:0051055		35	0	2.8455776433304525	-Inf	0	1	1	1
regulation of small GTPase mediated signal transduction	GO:0051056		189	10	15.366119273984442	-0.429579945622524	0.6118801958808794	0.9378511452124974	1	1
positive regulation of small GTPase mediated signal transduction	GO:0051057		33	3	2.6829732065687124	0.11168670364470205	0.9625093145711885	0.4885105988335542	1	1
negative regulation of small GTPase mediated signal transduction	GO:0051058		30	0	2.439066551426102	-Inf	0	1	1	1
nuclear membrane disassembly	GO:0051081		11	0	0.8943244021895708	-Inf	0	1	1	1
'de novo' post-translational protein folding	GO:0051084		9	0	0.7317199654278307	-Inf	0	1	1	1
chaperone cofactor-dependent protein refolding	GO:0051085		7	0	0.5691155286660905	-Inf	0	1	1	1
regulation of DNA-binding transcription factor activity	GO:0051090		183	10	14.878305963699221	-0.39731908340430255	0.6296764627757817	0.9080478187366041	1	1
positive regulation of DNA-binding transcription factor activity	GO:0051091		117	5	9.512359550561799	-0.6431540459205833	0.5040194289604304	0.9578822157621973	1	1
positive regulation of NF-kappaB transcription factor activity	GO:0051092		88	4	7.154595217516566	-0.5814604769152433	0.5334222975217455	0.9268805845912802	1	1
regulation of binding	GO:0051098		132	9	10.73189282627485	-0.17599536880707894	0.7625436205347818	0.7393031294665267	1	1
positive regulation of binding	GO:0051099		64	2	5.203341976375684	-0.956153926356654	0.3754828901181559	0.9687467912514072	1	1
negative regulation of binding	GO:0051100		65	7	5.284644194756554	0.28110485560274884	1.0933567571500666	0.26253314039496445	1	1
regulation of DNA binding	GO:0051101		47	3	3.8212042639008934	-0.24195333659887633	0.7209853304796112	0.7338427569090165	1	1
RNA polymerase II preinitiation complex assembly	GO:0051123		17	1	1.3821377124747911	-0.32363136761314343	0.6718259362075856	0.7636073497610661	1	1
regulation of actin nucleation	GO:0051125		15	0	1.219533275713051	-Inf	0	1	1	1
negative regulation of actin nucleation	GO:0051126		5	0	0.4065110919043503	-Inf	0	1	1	1
positive regulation of actin nucleation	GO:0051127		9	0	0.7317199654278307	-Inf	0	1	1	1
chaperone-mediated protein complex assembly	GO:0051131		19	0	1.5447421492365312	-Inf	0	1	1	1
NK T cell activation	GO:0051132		5	0	0.4065110919043503	-Inf	0	1	1	1
regulation of NK T cell activation	GO:0051133		11	1	0.8943244021895708	0.11168670364470205	0.9625093145711885	0.6066515058940674	1	1
positive regulation of NK T cell activation	GO:0051135		9	1	0.7317199654278307	0.3123573991068531	1.1184395617578968	0.5339052003122138	1	1
regulation of NK T cell proliferation	GO:0051140		6	1	0.4878133102852204	0.7178225072150176	1.465759593120927	0.3988224139625278	1	1
positive regulation of NK T cell proliferation	GO:0051142		6	1	0.4878133102852204	0.7178225072150176	1.465759593120927	0.3988224139625278	1	1
smooth muscle cell differentiation	GO:0051145		5	1	0.4065110919043503	0.9001440640089723	1.6322561791244243	0.28767632085058525	1	1
striated muscle cell differentiation	GO:0051146		40	2	3.2520887352348025	-0.48615029711091834	0.5816356077875019	0.8372990459535707	1	1
regulation of muscle cell differentiation	GO:0051147		55	6	4.471622010947854	0.29400826043865663	1.1036789908412925	0.25954289965008426	1	1
negative regulation of muscle cell differentiation	GO:0051148		23	2	1.8699510227600116	0.06723494107386813	0.9297056732049866	0.5439251611637498	1	1
positive regulation of muscle cell differentiation	GO:0051149		28	2	2.276462114664362	-0.1294753531721861	0.7928427126816872	0.6568296432492311	1	1
regulation of smooth muscle cell differentiation	GO:0051150		20	2	1.6260443676174012	0.20699688344902697	1.0350244837181672	0.46472284305099365	1	1
negative regulation of smooth muscle cell differentiation	GO:0051151		10	0	0.8130221838087006	-Inf	0	1	1	1
positive regulation of smooth muscle cell differentiation	GO:0051152		9	1	0.7317199654278307	0.3123573991068531	1.1184395617578968	0.4926363899231906	1	1
regulation of striated muscle cell differentiation	GO:0051153		26	1	2.113857677902622	-0.7485145615784096	0.4569950042886458	0.8695235216387899	1	1
negative regulation of striated muscle cell differentiation	GO:0051154		12	1	0.9756266205704408	0.024675326655072338	0.898928862739797	0.6066515058940674	1	1
positive regulation of striated muscle cell differentiation	GO:0051155		14	0	1.138231057332181	-Inf	0	1	1	1
glucose 6-phosphate metabolic process	GO:0051156		15	1	1.219533275713051	-0.1984682246591374	0.7481986024927316	0.719871464965964	1	1
nuclear export	GO:0051168		75	4	6.097666378565256	-0.4216117759733474	0.6162385955958061	0.8619291907135047	1	1
nuclear transport	GO:0051169		123	5	10.000172860847018	-0.6931644664952444	0.4812040946077782	0.9727721263624833	1	1
import into nucleus	GO:0051170		47	1	3.8212042639008934	-1.3405656252669862	0.2587989875806654	0.97987914452961	1	1
vitamin transport	GO:0051180		39	0	3.1707865168539326	-Inf	0	1	1	1
prosthetic group metabolic process	GO:0051189		6	2	0.4878133102852204	1.410969687774963	2.118668245703817	0.07950693348111477	1	1
protein insertion into mitochondrial membrane	GO:0051204		5	0	0.4065110919043503	-Inf	0	1	1	1
protein insertion into membrane	GO:0051205		40	1	3.2520887352348025	-1.1792974776708636	0.30284420349642827	0.9602806453623456	1	1
release of sequestered calcium ion into cytosol	GO:0051209		28	2	2.276462114664362	-0.1294753531721861	0.7928427126816872	0.6765246818828679	1	1
cartilage development	GO:0051216		27	1	2.1951598962834917	-0.7862548895612564	0.4411034563476793	0.8899046725514381	1	1
positive regulation of protein transport	GO:0051222		129	6	10.487986171132238	-0.5584709586905445	0.5447394738528083	0.9541333901475066	1	1
negative regulation of protein transport	GO:0051224		60	0	4.878133102852204	-Inf	0	1	1	1
spindle assembly	GO:0051225		63	2	5.1220397579948145	-0.9404055693885147	0.38117194553190514	0.9687467912514072	1	1
spindle elongation	GO:0051231		8	0	0.6504177470469605	-Inf	0	1	1	1
maintenance of location	GO:0051235		51	2	4.146413137424373	-0.7290964757213078	0.46536486680458244	0.9273040834205144	1	1
establishment of RNA localization	GO:0051236		66	3	5.365946413137425	-0.5814604769152433	0.5334222975217455	0.9127024222555805	1	1
negative regulation of lymphocyte activation	GO:0051250		68	4	5.5285508498991645	-0.32363136761314343	0.6718259362075856	0.8139313220636812	1	1
positive regulation of lymphocyte activation	GO:0051251		152	11	12.35793719389225	-0.11640327160483316	0.8015022840708417	0.6833637686825142	1	1
spindle midzone assembly	GO:0051255		8	0	0.6504177470469605	-Inf	0	1	1	1
mitotic spindle midzone assembly	GO:0051256		7	0	0.5691155286660905	-Inf	0	1	1	1
protein polymerization	GO:0051258		52	2	4.227715355805244	-0.7485145615784096	0.4569950042886458	0.9107093055889706	1	1
protein complex oligomerization	GO:0051259		160	8	13.00835494093921	-0.48615029711091834	0.5816356077875019	0.9516343421622234	1	1
protein homooligomerization	GO:0051260		118	6	9.593661768942667	-0.469343178794537	0.5904938069457926	0.9216718073380793	1	1
protein depolymerization	GO:0051261		22	0	1.7886488043791415	-Inf	0	1	1	1
protein tetramerization	GO:0051262		71	3	5.772457505041774	-0.6544856119301329	0.49877053836543456	0.9354384599812199	1	1
regulation of release of sequestered calcium ion into cytosol	GO:0051279		50	3	4.065110919043503	-0.3038287403169638	0.6835092571570985	0.7471842673131515	1	1
positive regulation of release of sequestered calcium ion into cytosol	GO:0051281		25	1	2.0325554595217517	-0.7092938484251281	0.47403735255445417	0.8579600324755672	1	1
regulation of sequestering of calcium ion	GO:0051282		78	5	6.341573033707865	-0.2376889378124187	0.7236221519019641	0.7398874803672448	1	1
negative regulation of sequestering of calcium ion	GO:0051283		28	2	2.276462114664362	-0.1294753531721861	0.7928427126816872	0.6765246818828679	1	1
positive regulation of sequestering of calcium ion	GO:0051284		6	1	0.4878133102852204	0.7178225072150176	1.465759593120927	0.3988224139625278	1	1
protein homotetramerization	GO:0051289		50	2	4.065110919043503	-0.7092938484251281	0.47403735255445417	0.9221256412332952	1	1
protein heterotetramerization	GO:0051290		12	0	0.9756266205704408	-Inf	0	1	1	1
protein heterooligomerization	GO:0051291		16	0	1.300835494093921	-Inf	0	1	1	1
nuclear pore complex assembly	GO:0051292		11	1	0.8943244021895708	0.11168670364470205	0.9625093145711885	0.6066515058940674	1	1
establishment of spindle localization	GO:0051293		31	0	2.520368769806972	-Inf	0	1	1	1
establishment of spindle orientation	GO:0051294		26	0	2.113857677902622	-Inf	0	1	1	1
centrosome duplication	GO:0051298		27	2	2.1951598962834917	-0.09310770900131116	0.8170913356733155	0.6568296432492311	1	1
cell division	GO:0051301		88	6	7.154595217516566	-0.1759953688070788	0.7625436205347818	0.7097259112610915	1	1
regulation of cell division	GO:0051302		103	6	8.374128493229616	-0.33338754255850805	0.6661253776703804	0.8254911177981414	1	1
establishment of chromosome localization	GO:0051303		73	2	5.935061941803514	-1.087730284145373	0.3309082361757737	0.9811476723565843	1	1
chromosome separation	GO:0051304		6	0	0.4878133102852204	-Inf	0	1	1	1
metaphase chromosome alignment	GO:0051310		71	1	5.772457505041774	-1.7530979005982426	0.17238144320139337	0.9969048413786377	1	1
attachment of mitotic spindle microtubules to kinetochore	GO:0051315		13	0	1.056928838951311	-Inf	0	1	1	1
meiotic cell cycle	GO:0051321		42	2	3.4146931719965425	-0.5349404612803503	0.5565277263826629	0.826397929767843	1	1
regulation of hydrolase activity	GO:0051336		178	6	14.471794871794872	-0.8804421046209575	0.40355632377411826	0.9968944110632038	1	1
regulation of oxidoreductase activity	GO:0051341		23	0	1.8699510227600116	-Inf	0	1	1	1
positive regulation of hydrolase activity	GO:0051345		107	3	8.699337366753097	-1.064634569350724	0.3383604361776164	0.993379378335578	1	1
negative regulation of hydrolase activity	GO:0051346		40	0	3.2520887352348025	-Inf	0	1	1	1
positive regulation of transferase activity	GO:0051347		154	12	12.52054163065399	-0.04246397618255611	0.8516679786119362	0.5857297257450433	1	1
negative regulation of transferase activity	GO:0051348		88	3	7.154595217516566	-0.8691425493670242	0.4079048227924729	0.976486962067161	1	1
positive regulation of lyase activity	GO:0051349		18	1	1.4634399308556614	-0.3807897814530922	0.6389495026159213	0.7828454412068578	1	1
negative regulation of lyase activity	GO:0051350		11	0	0.8943244021895708	-Inf	0	1	1	1
positive regulation of oxidoreductase activity	GO:0051353		10	0	0.8130221838087006	-Inf	0	1	1	1
negative regulation of oxidoreductase activity	GO:0051354		7	0	0.5691155286660905	-Inf	0	1	1	1
kinetochore assembly	GO:0051382		8	1	0.6504177470469605	0.43014043476323666	1.2153715796146363	0.4926363899231906	1	1
kinetochore organization	GO:0051383		9	1	0.7317199654278307	0.3123573991068531	1.1184395617578968	0.5339052003122138	1	1
response to glucocorticoid	GO:0051384		18	2	1.4634399308556614	0.3123573991068531	1.1184395617578968	0.43655979518260835	1	1
neuron apoptotic process	GO:0051402		12	1	0.9756266205704408	0.024675326655072338	0.898928862739797	0.6386518936468044	1	1
stress-activated MAPK cascade	GO:0051403		15	3	1.219533275713051	0.9001440640089723	1.6322561791244243	0.1170990791418471	1	1
detoxification of nitrogen compound	GO:0051410		5	1	0.4065110919043503	0.9001440640089723	1.6322561791244243	0.34560316721562534	1	1
regulation of ubiquitin-protein transferase activity	GO:0051438		27	3	2.1951598962834917	0.3123573991068533	1.118439561757897	0.37813228897022433	1	1
positive regulation of ubiquitin-protein transferase activity	GO:0051443		14	3	1.138231057332181	0.9691369354959237	1.6964715190836939	0.09942540877132375	1	1
negative regulation of ubiquitin-protein transferase activity	GO:0051444		11	0	0.8943244021895708	-Inf	0	1	1	1
regulation of meiotic cell cycle	GO:0051445		6	0	0.4878133102852204	-Inf	0	1	1	1
intracellular pH reduction	GO:0051452		20	0	1.6260443676174012	-Inf	0	1	1	1
regulation of intracellular pH	GO:0051453		42	1	3.4146931719965425	-1.2280876418402957	0.2888198883263806	0.9692205771476854	1	1
maintenance of protein location in nucleus	GO:0051457		20	1	1.6260443676174012	-0.48615029711091834	0.5816356077875019	0.8167549482694262	1	1
regulation of corticotropin secretion	GO:0051459		5	0	0.4065110919043503	-Inf	0	1	1	1
regulation of cytosolic calcium ion concentration	GO:0051480		17	1	1.3821377124747911	-0.32363136761314343	0.6718259362075856	0.7636073497610661	1	1
negative regulation of cytosolic calcium ion concentration	GO:0051481		7	0	0.5691155286660905	-Inf	0	1	1	1
regulation of filopodium assembly	GO:0051489		22	4	1.7886488043791415	0.8048338842046474	1.54458986784587	0.09834751349378748	1	1
positive regulation of filopodium assembly	GO:0051491		13	2	1.056928838951311	0.6377797995414811	1.3943947275951296	0.28586713110443496	1	1
regulation of stress fiber assembly	GO:0051492		59	2	4.796830884471333	-0.8748082869027014	0.40571919899601877	0.9584470557267724	1	1
negative regulation of cytoskeleton organization	GO:0051494		72	2	5.8537597234226455	-1.0739369620130375	0.3353403162326595	0.9824725770631166	1	1
positive regulation of cytoskeleton organization	GO:0051495		119	4	9.674963987323537	-0.883247155548566	0.40248330862204995	0.9895638465592496	1	1
positive regulation of stress fiber assembly	GO:0051496		34	1	2.7642754249495822	-1.0167785481730887	0.354299371971894	0.9442009692082878	1	1
negative regulation of stress fiber assembly	GO:0051497		20	0	1.6260443676174012	-Inf	0	1	1	1
adenine nucleotide transport	GO:0051503		26	0	2.113857677902622	-Inf	0	1	1	1
regulation of keratinocyte migration	GO:0051547		7	0	0.5691155286660905	-Inf	0	1	1	1
positive regulation of keratinocyte migration	GO:0051549		6	0	0.4878133102852204	-Inf	0	1	1	1
flavone metabolic process	GO:0051552		6	0	0.4878133102852204	-Inf	0	1	1	1
mitochondrial calcium ion homeostasis	GO:0051560		16	1	1.300835494093921	-0.2630067457967087	0.7080691948308241	0.719871464965964	1	1
positive regulation of mitochondrial calcium ion concentration	GO:0051561		7	1	0.5691155286660905	0.5636718273877592	1.3294211503564923	0.4477163890561283	1	1
regulation of neurotransmitter uptake	GO:0051580		11	0	0.8943244021895708	-Inf	0	1	1	1
regulation of dopamine uptake involved in synaptic transmission	GO:0051584		8	0	0.6504177470469605	-Inf	0	1	1	1
regulation of neurotransmitter transport	GO:0051588		25	1	2.0325554595217517	-0.7092938484251281	0.47403735255445417	0.8695235216387899	1	1
negative regulation of neurotransmitter transport	GO:0051589		5	0	0.4065110919043503	-Inf	0	1	1	1
response to cAMP	GO:0051591		28	2	2.276462114664362	-0.1294753531721861	0.7928427126816872	0.6765246818828679	1	1
response to calcium ion	GO:0051592		68	3	5.5285508498991645	-0.6113134400649245	0.5190194511611895	0.9177638634038042	1	1
detection of stimulus	GO:0051606		121	4	9.837568424085278	-0.8999142080337779	0.39616047758661005	0.9818309541041412	1	1
defense response to virus	GO:0051607		157	3	12.7644482857966	-1.4480515402371257	0.2329161179510293	0.9997652390216909	1	1
histamine transport	GO:0051608		5	0	0.4065110919043503	-Inf	0	1	1	1
serotonin uptake	GO:0051610		9	0	0.7317199654278307	-Inf	0	1	1	1
centrosome localization	GO:0051642		15	1	1.219533275713051	-0.1984682246591374	0.7481986024927316	0.719871464965964	1	1
Golgi localization	GO:0051645		9	0	0.7317199654278307	-Inf	0	1	1	1
mitochondrion localization	GO:0051646		28	0	2.276462114664362	-Inf	0	1	1	1
nucleus localization	GO:0051647		7	0	0.5691155286660905	-Inf	0	1	1	1
vesicle localization	GO:0051648		61	2	4.959435321233074	-0.9081447071702933	0.39307131697061265	0.9639488723185075	1	1
establishment of vesicle localization	GO:0051650		58	2	4.7155286660904645	-0.8577138535434015	0.41234573348900533	0.9554026185610376	1	1
maintenance of location in cell	GO:0051651		49	1	3.9838087006626335	-1.382238321667554	0.24845207537980313	0.9844098137218278	1	1
spindle localization	GO:0051653		32	0	2.601670988187842	-Inf	0	1	1	1
establishment of mitochondrion localization	GO:0051654		17	0	1.3821377124747911	-Inf	0	1	1	1
establishment of organelle localization	GO:0051656		193	5	15.691328147507923	-1.1436703000277124	0.3134874228076907	0.9995749648052369	1	1
maintenance of organelle location	GO:0051657		8	0	0.6504177470469605	-Inf	0	1	1	1
membrane raft localization	GO:0051665		5	1	0.4065110919043503	0.9001440640089723	1.6322561791244243	0.28767632085058525	1	1
establishment of Golgi localization	GO:0051683		6	0	0.4878133102852204	-Inf	0	1	1	1
actin filament capping	GO:0051693		6	0	0.4878133102852204	-Inf	0	1	1	1
protein delipidation	GO:0051697		5	0	0.4065110919043503	-Inf	0	1	1	1
biological process involved in interaction with host	GO:0051701		76	3	6.178968596946125	-0.7225390751751487	0.46822129199465573	0.946316306450289	1	1
biological process involved in interaction with symbiont	GO:0051702		25	0	2.0325554595217517	-Inf	0	1	1	1
biological process involved in intraspecies interaction between organisms	GO:0051703		11	2	0.8943244021895708	0.8048338842046474	1.54458986784587	0.22349837566824932	1	1
protein de-ADP-ribosylation	GO:0051725		5	0	0.4065110919043503	-Inf	0	1	1	1
response to redox state	GO:0051775		9	0	0.7317199654278307	-Inf	0	1	1	1
positive regulation of cell division	GO:0051781		44	3	3.577297608758283	-0.1759953688070788	0.7625436205347818	0.6587509440236221	1	1
negative regulation of cell division	GO:0051782		8	0	0.6504177470469605	-Inf	0	1	1	1
regulation of nuclear division	GO:0051783		84	4	6.829386343993085	-0.5349404612803503	0.5565277263826629	0.913907325542347	1	1
negative regulation of nuclear division	GO:0051784		29	1	2.3577643330452323	-0.8577138535434015	0.41234573348900533	0.9146689247438466	1	1
positive regulation of nuclear division	GO:0051785		30	1	2.439066551426102	-0.8916154052190828	0.3992974436281704	0.9146689247438466	1	1
response to misfolded protein	GO:0051788		15	1	1.219533275713051	-0.1984682246591374	0.7481986024927316	0.719871464965964	1	1
medium-chain fatty acid metabolic process	GO:0051791		10	0	0.8130221838087006	-Inf	0	1	1	1
regulation of hair follicle development	GO:0051797		5	0	0.4065110919043503	-Inf	0	1	1	1
cytolysis by host of symbiont cells	GO:0051838		11	0	0.8943244021895708	-Inf	0	1	1	1
modulation by host of symbiont process	GO:0051851		90	2	7.317199654278306	-1.2970805133272472	0.27003485209268446	0.9957210465272301	1	1
protein autoubiquitination	GO:0051865		57	3	4.634226447709594	-0.43485700272336786	0.609007163082252	0.8443581956115911	1	1
killing by host of symbiont cells	GO:0051873		20	0	1.6260443676174012	-Inf	0	1	1	1
pigment granule localization	GO:0051875		7	0	0.5691155286660905	-Inf	0	1	1	1
regulation of mitochondrial membrane potential	GO:0051881		39	2	3.1707865168539326	-0.4608324891266285	0.5950204159823935	0.8372990459535707	1	1
regulation of focal adhesion assembly	GO:0051893		46	4	3.739902045520023	0.06723494107386813	0.9297056732049866	0.5208406195644519	1	1
positive regulation of focal adhesion assembly	GO:0051894		16	2	1.300835494093921	0.43014043476323666	1.2153715796146363	0.37794987073324315	1	1
negative regulation of focal adhesion assembly	GO:0051895		12	1	0.9756266205704408	0.024675326655072338	0.898928862739797	0.6386518936468044	1	1
regulation of phosphatidylinositol 3-kinase/protein kinase B signal transduction	GO:0051896		169	10	13.740074906367042	-0.3177316454859552	0.6752909293057979	0.8849578024466676	1	1
positive regulation of phosphatidylinositol 3-kinase/protein kinase B signal transduction	GO:0051897		123	9	10.000172860847018	-0.1053778015931254	0.8088553720269324	0.6775968740943293	1	1
negative regulation of phosphatidylinositol 3-kinase/protein kinase B signal transduction	GO:0051898		35	1	2.8455776433304525	-1.045766085046341	0.3445638924647699	0.948746459217358	1	1
membrane depolarization	GO:0051899		28	3	2.276462114664362	0.27598975493597844	1.089278191402854	0.400794141011956	1	1
regulation of mitochondrial depolarization	GO:0051900		10	2	0.8130221838087006	0.9001440640089723	1.6322561791244243	0.19267737480574515	1	1
positive regulation of mitochondrial depolarization	GO:0051901		5	1	0.4065110919043503	0.9001440640089723	1.6322561791244243	0.34560316721562534	1	1
regulation of fibrinolysis	GO:0051917		12	1	0.9756266205704408	0.024675326655072338	0.898928862739797	0.6386518936468044	1	1
negative regulation of fibrinolysis	GO:0051918		8	0	0.6504177470469605	-Inf	0	1	1	1
sulfation	GO:0051923		13	1	1.056928838951311	-0.05536738101846421	0.842769678250708	0.6680506238586684	1	1
regulation of calcium ion transport	GO:0051924		132	7	10.73189282627485	-0.42730979708798505	0.6131194341528282	0.9081361461427572	1	1
negative regulation of calcium ion transport	GO:0051926		30	3	2.439066551426102	0.20699688344902697	1.0350244837181672	0.44534173974525726	1	1
positive regulation of calcium ion transport	GO:0051928		56	2	4.552924229328724	-0.8226225337321315	0.42625261943192866	0.9409546294292925	1	1
regulation of sensory perception of pain	GO:0051930		7	0	0.5691155286660905	-Inf	0	1	1	1
regulation of sensory perception	GO:0051931		7	0	0.5691155286660905	-Inf	0	1	1	1
catecholamine transport	GO:0051937		12	0	0.9756266205704408	-Inf	0	1	1	1
L-glutamate import	GO:0051938		11	1	0.8943244021895708	0.11168670364470205	0.9625093145711885	0.6066515058940674	1	1
regulation of catecholamine uptake involved in synaptic transmission	GO:0051940		8	0	0.6504177470469605	-Inf	0	1	1	1
regulation of amine transport	GO:0051952		20	1	1.6260443676174012	-0.48615029711091834	0.5816356077875019	0.8005189188821835	1	1
negative regulation of amine transport	GO:0051953		8	0	0.6504177470469605	-Inf	0	1	1	1
positive regulation of amine transport	GO:0051954		6	1	0.4878133102852204	0.7178225072150176	1.465759593120927	0.3988224139625278	1	1
regulation of nervous system development	GO:0051960		69	4	5.609853068280035	-0.33823016703429626	0.6633094229880926	0.7852041820454497	1	1
negative regulation of nervous system development	GO:0051961		19	0	1.5447421492365312	-Inf	0	1	1	1
positive regulation of nervous system development	GO:0051962		43	4	3.495995390377413	0.1346762218694008	0.9797326479053148	0.3925169908097158	1	1
regulation of synapse assembly	GO:0051963		27	1	2.1951598962834917	-0.7862548895612564	0.4411034563476793	0.8695235216387899	1	1
positive regulation of synapse assembly	GO:0051965		8	1	0.6504177470469605	0.43014043476323666	1.2153715796146363	0.4477163890561283	1	1
regulation of transmission of nerve impulse	GO:0051969		6	1	0.4878133102852204	0.7178225072150176	1.465759593120927	0.3988224139625278	1	1
regulation of chromosome segregation	GO:0051983		72	2	5.8537597234226455	-1.0739369620130375	0.3353403162326595	0.9824725770631166	1	1
positive regulation of chromosome segregation	GO:0051984		18	0	1.4634399308556614	-Inf	0	1	1	1
negative regulation of chromosome segregation	GO:0051985		24	1	1.9512532411408816	-0.668471853904873	0.49235623876582585	0.8695235216387899	1	1
positive regulation of attachment of spindle microtubules to kinetochore	GO:0051987		7	0	0.5691155286660905	-Inf	0	1	1	1
regulation of attachment of spindle microtubules to kinetochore	GO:0051988		16	1	1.300835494093921	-0.2630067457967087	0.7080691948308241	0.7426662379148121	1	1
modulation by symbiont of entry into host	GO:0052372		26	0	2.113857677902622	-Inf	0	1	1	1
regulation of peptidase activity	GO:0052547		31	0	2.520368769806972	-Inf	0	1	1	1
regulation of endopeptidase activity	GO:0052548		19	0	1.5447421492365312	-Inf	0	1	1	1
cyclic purine nucleotide metabolic process	GO:0052652		19	0	1.5447421492365312	-Inf	0	1	1	1
imidazole-containing compound metabolic process	GO:0052803		10	1	0.8130221838087006	0.20699688344902697	1.0350244837181672	0.5339052003122138	1	1
imidazole-containing compound catabolic process	GO:0052805		7	0	0.5691155286660905	-Inf	0	1	1	1
muscle cell development	GO:0055001		27	3	2.1951598962834917	0.3123573991068533	1.118439561757897	0.3552932923564186	1	1
striated muscle cell development	GO:0055002		22	2	1.7886488043791415	0.11168670364470205	0.9625093145711885	0.5439251611637498	1	1
cardiac cell development	GO:0055006		7	2	0.5691155286660905	1.2568190079477046	1.969621046209867	0.10545856340092526	1	1
cardiac muscle cell differentiation	GO:0055007		13	2	1.056928838951311	0.6377797995414811	1.3943947275951296	0.28586713110443496	1	1
cardiac muscle tissue morphogenesis	GO:0055008		18	0	1.4634399308556614	-Inf	0	1	1	1
ventricular cardiac muscle tissue morphogenesis	GO:0055010		14	0	1.138231057332181	-Inf	0	1	1	1
cardiac muscle cell development	GO:0055013		7	2	0.5691155286660905	1.2568190079477046	1.969621046209867	0.10545856340092526	1	1
regulation of cardiac muscle tissue growth	GO:0055021		8	1	0.6504177470469605	0.43014043476323666	1.2153715796146363	0.4926363899231906	1	1
positive regulation of cardiac muscle tissue growth	GO:0055023		6	1	0.4878133102852204	0.7178225072150176	1.465759593120927	0.3988224139625278	1	1
phosphate ion homeostasis	GO:0055062		11	0	0.8943244021895708	-Inf	0	1	1	1
copper ion homeostasis	GO:0055070		12	1	0.9756266205704408	0.024675326655072338	0.898928862739797	0.6386518936468044	1	1
calcium ion homeostasis	GO:0055074		112	6	9.105848458657448	-0.4171574256239669	0.6186856281428841	0.8867773816392496	1	1
potassium ion homeostasis	GO:0055075		12	1	0.9756266205704408	0.024675326655072338	0.898928862739797	0.6386518936468044	1	1
sodium ion homeostasis	GO:0055078		15	1	1.219533275713051	-0.1984682246591374	0.7481986024927316	0.719871464965964	1	1
lipid homeostasis	GO:0055088		76	3	6.178968596946125	-0.7225390751751487	0.46822129199465573	0.9495459533845183	1	1
fatty acid homeostasis	GO:0055089		5	0	0.4065110919043503	-Inf	0	1	1	1
acylglycerol homeostasis	GO:0055090		23	0	1.8699510227600116	-Inf	0	1	1	1
phospholipid homeostasis	GO:0055091		9	1	0.7317199654278307	0.3123573991068531	1.1184395617578968	0.5339052003122138	1	1
sterol homeostasis	GO:0055092		42	1	3.4146931719965425	-1.2280876418402957	0.2888198883263806	0.9717289383377405	1	1
response to lipoprotein particle	GO:0055094		15	0	1.219533275713051	-Inf	0	1	1	1
regulation of cardiac muscle contraction	GO:0055117		50	4	4.065110919043503	-0.01614666786518275	0.8700023797642876	0.5718332820303431	1	1
relaxation of cardiac muscle	GO:0055119		8	4	0.6504177470469605	1.8164347958831273	2.516127434313278	0.0023324487448479394	1	1
digestive system development	GO:0055123		26	1	2.113857677902622	-0.7485145615784096	0.4569950042886458	0.8801462387911566	1	1
roof of mouth development	GO:0060021		17	0	1.3821377124747911	-Inf	0	1	1	1
retina development in camera-type eye	GO:0060041		12	1	0.9756266205704408	0.024675326655072338	0.898928862739797	0.6066515058940674	1	1
regulation of cardiac muscle cell proliferation	GO:0060043		6	1	0.4878133102852204	0.7178225072150176	1.465759593120927	0.3988224139625278	1	1
regulation of acrosome reaction	GO:0060046		8	0	0.6504177470469605	-Inf	0	1	1	1
heart contraction	GO:0060047		50	6	4.065110919043503	0.38931844024298157	1.1813619444057044	0.2051558263204789	1	1
cardiac muscle contraction	GO:0060048		46	6	3.739902045520023	0.47270004918203257	1.2512707524815427	0.15555252121117205	1	1
positive regulation of epithelial cell proliferation involved in wound healing	GO:0060054		6	0	0.4878133102852204	-Inf	0	1	1	1
angiogenesis involved in wound healing	GO:0060055		5	4	0.4065110919043503	2.2864384251288628	2.9821577132629318	2.034943539892214e-4	1	1
canonical Wnt signaling pathway	GO:0060070		46	1	3.739902045520023	-1.3190594200460224	0.2642988664944184	0.97987914452961	1	1
Wnt signaling pathway, planar cell polarity pathway	GO:0060071		8	0	0.6504177470469605	-Inf	0	1	1	1
maternal process involved in female pregnancy	GO:0060135		9	0	0.7317199654278307	-Inf	0	1	1	1
regulation of syncytium formation by plasma membrane fusion	GO:0060142		7	1	0.5691155286660905	0.5636718273877592	1.3294211503564923	0.4477163890561283	1	1
positive regulation of syncytium formation by plasma membrane fusion	GO:0060143		7	1	0.5691155286660905	0.5636718273877592	1.3294211503564923	0.4477163890561283	1	1
regulation of post-transcriptional gene silencing	GO:0060147		22	1	1.7886488043791415	-0.5814604769152433	0.5334222975217455	0.8453725187098986	1	1
positive regulation of post-transcriptional gene silencing	GO:0060148		11	1	0.8943244021895708	0.11168670364470205	0.9625093145711885	0.6066515058940674	1	1
negative regulation of post-transcriptional gene silencing	GO:0060149		12	0	0.9756266205704408	-Inf	0	1	1	1
regulation of dopamine receptor signaling pathway	GO:0060159		5	2	0.4065110919043503	1.5932912445689176	2.2966101973978796	0.055968935390420846	1	1
limb development	GO:0060173		35	1	2.8455776433304525	-1.045766085046341	0.3445638924647699	0.948746459217358	1	1
positive regulation of lipase activity	GO:0060193		7	0	0.5691155286660905	-Inf	0	1	1	1
regulation of nuclear-transcribed mRNA poly(A) tail shortening	GO:0060211		11	0	0.8943244021895708	-Inf	0	1	1	1
positive regulation of nuclear-transcribed mRNA poly(A) tail shortening	GO:0060213		9	0	0.7317199654278307	-Inf	0	1	1	1
hematopoietic stem cell differentiation	GO:0060218		6	0	0.4878133102852204	-Inf	0	1	1	1
mesenchymal to epithelial transition	GO:0060231		5	0	0.4065110919043503	-Inf	0	1	1	1
regulation of mitotic spindle organization	GO:0060236		38	1	3.0894842984730624	-1.1280041832833132	0.3182777063931638	0.9529219064485537	1	1
anatomical structure homeostasis	GO:0060249		58	2	4.7155286660904645	-0.8577138535434015	0.41234573348900533	0.9409546294292925	1	1
regulation of glial cell proliferation	GO:0060251		8	0	0.6504177470469605	-Inf	0	1	1	1
positive regulation of glial cell proliferation	GO:0060252		5	0	0.4065110919043503	-Inf	0	1	1	1
regulation of transcription initiation by RNA polymerase II	GO:0060260		41	6	3.3333909536156727	0.5877693789668198	1.3504256296796582	0.11211441915773773	1	1
positive regulation of transcription initiation by RNA polymerase II	GO:0060261		33	5	2.6829732065687124	0.6225123274106927	1.380918885548189	0.12591279708693043	1	1
regulation of respiratory burst	GO:0060263		11	0	0.8943244021895708	-Inf	0	1	1	1
positive regulation of respiratory burst	GO:0060267		6	0	0.4878133102852204	-Inf	0	1	1	1
cilium assembly	GO:0060271		180	3	14.634399308556612	-1.584762585779028	0.20358716783066688	0.9999632795780353	1	1
cilium-dependent cell motility	GO:0060285		40	1	3.2520887352348025	-1.1792974776708636	0.30284420349642827	0.9664898323259665	1	1
epithelial cilium movement involved in determination of left/right asymmetry	GO:0060287		7	0	0.5691155286660905	-Inf	0	1	1	1
long-term synaptic potentiation	GO:0060291		9	2	0.7317199654278307	1.0055045796667985	1.7305503401522517	0.1624859068110088	1	1
cilium movement involved in cell motility	GO:0060294		37	1	3.008182080092192	-1.1013359362011517	0.32658991222787837	0.9567574160045956	1	1
regulation of cilium movement involved in cell motility	GO:0060295		13	1	1.056928838951311	-0.05536738101846421	0.842769678250708	0.6680506238586684	1	1
regulation of membrane repolarization	GO:0060306		26	3	2.113857677902622	0.35009772708970016	1.1490949685358696	0.3552932923564186	1	1
regulation of ventricular cardiac muscle cell membrane repolarization	GO:0060307		16	1	1.300835494093921	-0.2630067457967087	0.7080691948308241	0.7426662379148121	1	1
regulation of ryanodine-sensitive calcium-release channel activity	GO:0060314		5	1	0.4065110919043503	0.9001440640089723	1.6322561791244243	0.34560316721562534	1	1
cardiac epithelial to mesenchymal transition	GO:0060317		8	0	0.6504177470469605	-Inf	0	1	1	1
head development	GO:0060322		122	5	9.918870642466148	-0.6850011558560836	0.4848667213261522	0.9678776070054558	1	1
head morphogenesis	GO:0060323		13	0	1.056928838951311	-Inf	0	1	1	1
face development	GO:0060324		14	0	1.138231057332181	-Inf	0	1	1	1
face morphogenesis	GO:0060325		12	0	0.9756266205704408	-Inf	0	1	1	1
cell chemotaxis	GO:0060326		113	4	9.187150677038318	-0.8315114811493773	0.4226909182720513	0.9818309541041412	1	1
regulation of response to type II interferon	GO:0060330		10	0	0.8130221838087006	-Inf	0	1	1	1
negative regulation of response to type II interferon	GO:0060331		5	0	0.4065110919043503	-Inf	0	1	1	1
type II interferon-mediated signaling pathway	GO:0060333		10	2	0.8130221838087006	0.9001440640089723	1.6322561791244243	0.19267737480574515	1	1
regulation of type II interferon-mediated signaling pathway	GO:0060334		10	0	0.8130221838087006	-Inf	0	1	1	1
negative regulation of type II interferon-mediated signaling pathway	GO:0060336		5	0	0.4065110919043503	-Inf	0	1	1	1
type I interferon-mediated signaling pathway	GO:0060337		16	2	1.300835494093921	0.43014043476323666	1.2153715796146363	0.37794987073324315	1	1
regulation of type I interferon-mediated signaling pathway	GO:0060338		34	0	2.7642754249495822	-Inf	0	1	1	1
negative regulation of type I interferon-mediated signaling pathway	GO:0060339		18	0	1.4634399308556614	-Inf	0	1	1	1
positive regulation of type I interferon-mediated signaling pathway	GO:0060340		13	0	1.056928838951311	-Inf	0	1	1	1
bone development	GO:0060348		42	1	3.4146931719965425	-1.2280876418402957	0.2888198883263806	0.9717289383377405	1	1
bone morphogenesis	GO:0060349		19	1	1.5447421492365312	-0.43485700272336786	0.609007163082252	0.8005189188821835	1	1
endochondral bone morphogenesis	GO:0060350		5	0	0.4065110919043503	-Inf	0	1	1	1
regulation of cell adhesion molecule production	GO:0060353		6	0	0.4878133102852204	-Inf	0	1	1	1
regulation of atrial cardiac muscle cell membrane depolarization	GO:0060371		7	0	0.5691155286660905	-Inf	0	1	1	1
regulation of atrial cardiac muscle cell membrane repolarization	GO:0060372		6	1	0.4878133102852204	0.7178225072150176	1.465759593120927	0.3988224139625278	1	1
regulation of DNA strand elongation	GO:0060382		17	0	1.3821377124747911	-Inf	0	1	1	1
regulation of SMAD protein signal transduction	GO:0060390		54	2	4.3903197925669835	-0.7862548895612564	0.4411034563476793	0.9321560000488758	1	1
positive regulation of SMAD protein signal transduction	GO:0060391		38	2	3.0894842984730624	-0.43485700272336786	0.609007163082252	0.8148435624310426	1	1
negative regulation of SMAD protein signal transduction	GO:0060392		18	0	1.4634399308556614	-Inf	0	1	1	1
SMAD protein signal transduction	GO:0060395		15	1	1.219533275713051	-0.1984682246591374	0.7481986024927316	0.719871464965964	1	1
growth hormone receptor signaling pathway	GO:0060396		13	1	1.056928838951311	-0.05536738101846421	0.842769678250708	0.6680506238586684	1	1
growth hormone receptor signaling pathway via JAK-STAT	GO:0060397		7	1	0.5691155286660905	0.5636718273877592	1.3294211503564923	0.4477163890561283	1	1
calcium ion transport into cytosol	GO:0060402		6	0	0.4878133102852204	-Inf	0	1	1	1
cardiac septum morphogenesis	GO:0060411		10	2	0.8130221838087006	0.9001440640089723	1.6322561791244243	0.1624859068110088	1	1
atrial septum morphogenesis	GO:0060413		5	1	0.4065110919043503	0.9001440640089723	1.6322561791244243	0.34560316721562534	1	1
muscle tissue morphogenesis	GO:0060415		19	0	1.5447421492365312	-Inf	0	1	1	1
response to growth hormone	GO:0060416		14	1	1.138231057332181	-0.1294753531721861	0.7928427126816872	0.6950590755790824	1	1
regulation of heart growth	GO:0060420		8	1	0.6504177470469605	0.43014043476323666	1.2153715796146363	0.4926363899231906	1	1
positive regulation of heart growth	GO:0060421		6	1	0.4878133102852204	0.7178225072150176	1.465759593120927	0.3988224139625278	1	1
lung vasculature development	GO:0060426		5	0	0.4065110919043503	-Inf	0	1	1	1
negative regulation of digestive system process	GO:0060457		6	0	0.4878133102852204	-Inf	0	1	1	1
acrosomal vesicle exocytosis	GO:0060478		5	0	0.4065110919043503	-Inf	0	1	1	1
mesenchyme development	GO:0060485		53	3	4.309017574186114	-0.36209764844093945	0.6495625078402528	0.8060061677114796	1	1
regulation of cell projection assembly	GO:0060491		141	9	11.46361279170268	-0.24195333659887633	0.7209853304796112	0.8060793406882554	1	1
muscle tissue development	GO:0060537		53	4	4.309017574186114	-0.07441557598915859	0.8297443239959854	0.6347977898161327	1	1
skeletal muscle organ development	GO:0060538		22	3	1.7886488043791415	0.5171518117528665	1.28922485465582	0.2636608978837491	1	1
respiratory system development	GO:0060541		19	0	1.5447421492365312	-Inf	0	1	1	1
regulation of necroptotic process	GO:0060544		16	1	1.300835494093921	-0.2630067457967087	0.7080691948308241	0.7426662379148121	1	1
regulation of vitamin D biosynthetic process	GO:0060556		6	1	0.4878133102852204	0.7178225072150176	1.465759593120927	0.3988224139625278	1	1
developmental growth involved in morphogenesis	GO:0060560		20	4	1.6260443676174012	0.9001440640089723	1.6322561791244243	0.07395053587250522	1	1
epithelial tube morphogenesis	GO:0060562		38	2	3.0894842984730624	-0.43485700272336786	0.609007163082252	0.8148435624310426	1	1
neuroepithelial cell differentiation	GO:0060563		5	0	0.4065110919043503	-Inf	0	1	1	1
intestinal epithelial cell differentiation	GO:0060575		7	1	0.5691155286660905	0.5636718273877592	1.3294211503564923	0.4477163890561283	1	1
multicellular organismal-level iron ion homeostasis	GO:0060586		13	0	1.056928838951311	-Inf	0	1	1	1
adipose tissue development	GO:0060612		5	0	0.4065110919043503	-Inf	0	1	1	1
regulation of chromosome condensation	GO:0060623		7	0	0.5691155286660905	-Inf	0	1	1	1
regulation of ER to Golgi vesicle-mediated transport	GO:0060628		7	0	0.5691155286660905	-Inf	0	1	1	1
regulation of microtubule-based movement	GO:0060632		30	1	2.439066551426102	-0.8916154052190828	0.3992974436281704	0.9146689247438466	1	1
negative regulation of transcription initiation by RNA polymerase II	GO:0060633		6	0	0.4878133102852204	-Inf	0	1	1	1
regulation of morphogenesis of a branching structure	GO:0060688		12	0	0.9756266205704408	-Inf	0	1	1	1
regulation of ribonuclease activity	GO:0060700		6	0	0.4878133102852204	-Inf	0	1	1	1
positive regulation of inositol phosphate biosynthetic process	GO:0060732		6	0	0.4878133102852204	-Inf	0	1	1	1
regulation of mast cell chemotaxis	GO:0060753		5	0	0.4065110919043503	-Inf	0	1	1	1
regulation of response to cytokine stimulus	GO:0060759		136	10	11.057101699798329	-0.10048781629893372	0.8121309848879507	0.6483336373010615	1	1
positive regulation of response to cytokine stimulus	GO:0060760		53	4	4.309017574186114	-0.07441557598915859	0.8297443239959854	0.6040760881002327	1	1
negative regulation of response to cytokine stimulus	GO:0060761		63	5	5.1220397579948145	-0.02411483751435978	0.8644250289129124	0.5746510659093411	1	1
regulation of androgen receptor signaling pathway	GO:0060765		29	3	2.3577643330452323	0.2408984351247081	1.0615050417925094	0.4232160450973199	1	1
negative regulation of androgen receptor signaling pathway	GO:0060766		15	1	1.219533275713051	-0.1984682246591374	0.7481986024927316	0.719871464965964	1	1
cell fate commitment involved in formation of primary germ layer	GO:0060795		6	1	0.4878133102852204	0.7178225072150176	1.465759593120927	0.34560316721562534	1	1
regulation of canonical Wnt signaling pathway	GO:0060828		156	9	12.68314606741573	-0.343049453470245	0.6605159999365021	0.864242649125609	1	1
artery development	GO:0060840		7	0	0.5691155286660905	-Inf	0	1	1	1
cardiac cell fate commitment	GO:0060911		6	1	0.4878133102852204	0.7178225072150176	1.465759593120927	0.34560316721562534	1	1
regulation of miRNA-mediated gene silencing	GO:0060964		22	1	1.7886488043791415	-0.5814604769152433	0.5334222975217455	0.8453725187098986	1	1
negative regulation of miRNA-mediated gene silencing	GO:0060965		12	0	0.9756266205704408	-Inf	0	1	1	1
regulation of gene silencing by regulatory ncRNA	GO:0060966		22	1	1.7886488043791415	-0.5814604769152433	0.5334222975217455	0.8453725187098986	1	1
negative regulation of gene silencing by regulatory ncRNA	GO:0060967		12	0	0.9756266205704408	-Inf	0	1	1	1
left/right pattern formation	GO:0060972		25	1	2.0325554595217517	-0.7092938484251281	0.47403735255445417	0.8695235216387899	1	1
kidney morphogenesis	GO:0060993		11	0	0.8943244021895708	-Inf	0	1	1	1
dendritic spine development	GO:0060996		8	1	0.6504177470469605	0.43014043476323666	1.2153715796146363	0.4926363899231906	1	1
regulation of dendritic spine development	GO:0060998		8	1	0.6504177470469605	0.43014043476323666	1.2153715796146363	0.4926363899231906	1	1
regulation of dendritic spine morphogenesis	GO:0061001		5	0	0.4065110919043503	-Inf	0	1	1	1
hepaticobiliary system development	GO:0061008		11	0	0.8943244021895708	-Inf	0	1	1	1
regulation of mRNA catabolic process	GO:0061013		124	4	10.081475079227888	-0.9244052280420735	0.38703219543570105	0.9913529516052472	1	1
positive regulation of mRNA catabolic process	GO:0061014		56	1	4.552924229328724	-1.5157697142920767	0.21791038447576938	0.9906416156254294	1	1
membrane fusion	GO:0061025		70	2	5.691155286660905	-1.045766085046341	0.3445638924647699	0.9748083527109674	1	1
establishment of endothelial barrier	GO:0061028		25	0	2.0325554595217517	-Inf	0	1	1	1
regulation of cartilage development	GO:0061035		16	2	1.300835494093921	0.43014043476323666	1.2153715796146363	0.3476856241627394	1	1
positive regulation of cartilage development	GO:0061036		10	2	0.8130221838087006	0.9001440640089723	1.6322561791244243	0.1624859068110088	1	1
negative regulation of cartilage development	GO:0061037		7	0	0.5691155286660905	-Inf	0	1	1	1
regulation of wound healing	GO:0061041		90	5	7.317199654278306	-0.38078978145309206	0.6389495026159214	0.8656632662348301	1	1
regulation of vascular wound healing	GO:0061043		6	0	0.4878133102852204	-Inf	0	1	1	1
negative regulation of wound healing	GO:0061045		46	3	3.739902045520023	-0.22044713137791272	0.734354080755392	0.7338427569090165	1	1
muscle structure development	GO:0061061		130	10	10.569288389513108	-0.05536738101846409	0.842769678250708	0.5792191540733485	1	1
chaperone-mediated protein folding	GO:0061077		30	1	2.439066551426102	-0.8916154052190828	0.3992974436281704	0.9216181425198152	1	1
positive regulation of myeloid leukocyte cytokine production involved in immune response	GO:0061081		5	0	0.4065110919043503	-Inf	0	1	1	1
regulation of protein tyrosine kinase activity	GO:0061097		20	1	1.6260443676174012	-0.48615029711091834	0.5816356077875019	0.8167549482694262	1	1
positive regulation of protein tyrosine kinase activity	GO:0061098		10	0	0.8130221838087006	-Inf	0	1	1	1
negative regulation of protein tyrosine kinase activity	GO:0061099		11	1	0.8943244021895708	0.11168670364470205	0.9625093145711885	0.6066515058940674	1	1
regulation of proteasomal protein catabolic process	GO:0061136		134	10	10.89449726303659	-0.08567273051379305	0.8221088343042633	0.6388486429307134	1	1
morphogenesis of a branching epithelium	GO:0061138		13	1	1.056928838951311	-0.05536738101846421	0.842769678250708	0.6680506238586684	1	1
endothelial tube morphogenesis	GO:0061154		9	1	0.7317199654278307	0.3123573991068531	1.1184395617578968	0.5339052003122138	1	1
mRNA destabilization	GO:0061157		46	1	3.739902045520023	-1.3190594200460224	0.2642988664944184	0.9780934644825177	1	1
3'-UTR-mediated mRNA destabilization	GO:0061158		16	0	1.300835494093921	-Inf	0	1	1	1
establishment of monopolar cell polarity	GO:0061162		13	0	1.056928838951311	-Inf	0	1	1	1
regulation of insulin secretion involved in cellular response to glucose stimulus	GO:0061178		15	0	1.219533275713051	-Inf	0	1	1	1
mammary gland epithelium development	GO:0061180		5	0	0.4065110919043503	-Inf	0	1	1	1
establishment or maintenance of bipolar cell polarity	GO:0061245		18	0	1.4634399308556614	-Inf	0	1	1	1
renal tubule development	GO:0061326		9	0	0.7317199654278307	-Inf	0	1	1	1
renal tubule morphogenesis	GO:0061333		7	0	0.5691155286660905	-Inf	0	1	1	1
cardiac conduction	GO:0061337		47	4	3.8212042639008934	0.04572873585290452	0.9140754504493451	0.5208406195644519	1	1
establishment or maintenance of monopolar cell polarity	GO:0061339		14	0	1.138231057332181	-Inf	0	1	1	1
neural precursor cell proliferation	GO:0061351		11	1	0.8943244021895708	0.11168670364470205	0.9625093145711885	0.6066515058940674	1	1
determination of heart left/right asymmetry	GO:0061371		8	1	0.6504177470469605	0.43014043476323666	1.2153715796146363	0.4477163890561283	1	1
regulation of extent of cell growth	GO:0061387		19	0	1.5447421492365312	-Inf	0	1	1	1
establishment of skin barrier	GO:0061436		6	0	0.4878133102852204	-Inf	0	1	1	1
connective tissue development	GO:0061448		33	1	2.6829732065687124	-0.9869255850234077	0.36458975219432327	0.9338658845389614	1	1
trophoblast cell migration	GO:0061450		6	0	0.4878133102852204	-Inf	0	1	1	1
reproductive system development	GO:0061458		40	3	3.2520887352348025	-0.08068518900275397	0.8254860517525995	0.6247272803318782	1	1
protein localization to lysosome	GO:0061462		30	1	2.439066551426102	-0.8916154052190828	0.3992974436281704	0.9216181425198152	1	1
protein localization to cilium	GO:0061512		29	0	2.3577643330452323	-Inf	0	1	1	1
myeloid cell development	GO:0061515		11	1	0.8943244021895708	0.11168670364470205	0.9625093145711885	0.6066515058940674	1	1
cilium disassembly	GO:0061523		5	0	0.4065110919043503	-Inf	0	1	1	1
axon development	GO:0061564		69	10	5.609853068280035	0.5780605648398588	1.341948391537286	0.05144244114207793	1	1
actin filament bundle organization	GO:0061572		33	3	2.6829732065687124	0.11168670364470205	0.9625093145711885	0.5094714938784041	1	1
glycolytic process through fructose-6-phosphate	GO:0061615		14	1	1.138231057332181	-0.1294753531721861	0.7928427126816872	0.6950590755790824	1	1
glycolytic process through glucose-6-phosphate	GO:0061620		13	1	1.056928838951311	-0.05536738101846421	0.842769678250708	0.6680506238586684	1	1
canonical glycolysis	GO:0061621		12	1	0.9756266205704408	0.024675326655072338	0.898928862739797	0.6386518936468044	1	1
regulation of protein complex stability	GO:0061635		11	0	0.8943244021895708	-Inf	0	1	1	1
cytoskeleton-dependent cytokinesis	GO:0061640		67	4	5.447248631518295	-0.30881628182800286	0.6805524566023529	0.7852041820454497	1	1
mitochondrial ribosome assembly	GO:0061668		13	0	1.056928838951311	-Inf	0	1	1	1
detoxification of inorganic compound	GO:0061687		7	1	0.5691155286660905	0.5636718273877592	1.3294211503564923	0.4477163890561283	1	1
reticulophagy	GO:0061709		9	0	0.7317199654278307	-Inf	0	1	1	1
glucose catabolic process to pyruvate	GO:0061718		12	1	0.9756266205704408	0.024675326655072338	0.898928862739797	0.6386518936468044	1	1
leukocyte adhesion to vascular endothelial cell	GO:0061756		17	1	1.3821377124747911	-0.32363136761314343	0.6718259362075856	0.7636073497610661	1	1
antifungal innate immune response	GO:0061760		10	0	0.8130221838087006	-Inf	0	1	1	1
telomeric D-loop disassembly	GO:0061820		8	0	0.6504177470469605	-Inf	0	1	1	1
microtubule organizing center localization	GO:0061842		15	1	1.219533275713051	-0.1984682246591374	0.7481986024927316	0.719871464965964	1	1
antimicrobial humoral immune response mediated by antimicrobial peptide	GO:0061844		97	2	7.886315182944397	-1.371981821500365	0.25096123458266356	0.9960317131340584	1	1
glial cell activation	GO:0061900		7	2	0.5691155286660905	1.2568190079477046	1.969621046209867	0.10545856340092526	1	1
autophagosome-lysosome fusion	GO:0061909		10	0	0.8130221838087006	-Inf	0	1	1	1
process utilizing autophagic mechanism	GO:0061919		183	6	14.878305963699221	-0.9081447071702932	0.3930713169706127	0.9972411719752169	1	1
regulation of protein K48-linked ubiquitination	GO:0061945		5	0	0.4065110919043503	-Inf	0	1	1	1
establishment of protein localization to plasma membrane	GO:0061951		26	0	2.113857677902622	-Inf	0	1	1	1
midbody abscission	GO:0061952		22	0	1.7886488043791415	-Inf	0	1	1	1
meiosis I cell cycle process	GO:0061982		24	1	1.9512532411408816	-0.668471853904873	0.49235623876582585	0.8316703660941647	1	1
secondary palate development	GO:0062009		9	0	0.7317199654278307	-Inf	0	1	1	1
regulation of small molecule metabolic process	GO:0062012		176	8	14.309190435033132	-0.5814604769152433	0.5334222975217455	0.9747824483526724	1	1
positive regulation of small molecule metabolic process	GO:0062013		81	5	6.585479688850475	-0.2754292657952657	0.7005276798428842	0.7981504329420274	1	1
negative regulation of small molecule metabolic process	GO:0062014		62	3	5.040737539613944	-0.5189401199339092	0.5646624726625091	0.8686361593375991	1	1
positive regulation of mitotic sister chromatid segregation	GO:0062033		9	0	0.7317199654278307	-Inf	0	1	1	1
regulation of programmed necrotic cell death	GO:0062098		17	1	1.3821377124747911	-0.32363136761314343	0.6718259362075856	0.7636073497610661	1	1
negative regulation of programmed necrotic cell death	GO:0062099		5	0	0.4065110919043503	-Inf	0	1	1	1
zinc ion import into organelle	GO:0062111		10	0	0.8130221838087006	-Inf	0	1	1	1
regulation of mitochondrial gene expression	GO:0062125		27	0	2.1951598962834917	-Inf	0	1	1	1
R-loop processing	GO:0062176		9	1	0.7317199654278307	0.3123573991068531	1.1184395617578968	0.5339052003122138	1	1
cellular response to chemical stress	GO:0062197		157	9	12.7644482857966	-0.3494392515690161	0.6568260385472825	0.8959179668330786	1	1
regulation of pattern recognition receptor signaling pathway	GO:0062207		141	4	11.46361279170268	-1.0528835528152052	0.342211589129346	0.9966949932287341	1	1
positive regulation of pattern recognition receptor signaling pathway	GO:0062208		60	1	4.878133102852204	-1.584762585779028	0.20358716783066688	0.9927498736360113	1	1
intracellular protein transmembrane transport	GO:0065002		19	1	1.5447421492365312	-0.43485700272336786	0.609007163082252	0.8005189188821835	1	1
protein-DNA complex assembly	GO:0065004		71	5	5.772457505041774	-0.14365998816414222	0.783518148395298	0.682584527725642	1	1
protein-lipid complex assembly	GO:0065005		20	1	1.6260443676174012	-0.48615029711091834	0.5816356077875019	0.8167549482694262	1	1
neuron cellular homeostasis	GO:0070050		10	1	0.8130221838087006	0.20699688344902697	1.0350244837181672	0.5718194031462658	1	1
intrinsic apoptotic signaling pathway in response to endoplasmic reticulum stress	GO:0070059		21	1	1.7073465859982713	-0.5349404612803503	0.5565277263826629	0.8005189188821835	1	1
proton-transporting V-type ATPase complex assembly	GO:0070070		5	0	0.4065110919043503	-Inf	0	1	1	1
proton-transporting two-sector ATPase complex assembly	GO:0070071		11	0	0.8943244021895708	-Inf	0	1	1	1
glycosylation	GO:0070085		163	8	13.252261596081821	-0.5047266826838539	0.57196981688612	0.9516343421622234	1	1
chemokine-mediated signaling pathway	GO:0070098		26	2	2.113857677902622	-0.05536738101846421	0.842769678250708	0.6361853947841194	1	1
regulation of chemokine-mediated signaling pathway	GO:0070099		8	1	0.6504177470469605	0.43014043476323666	1.2153715796146363	0.4926363899231906	1	1
negative regulation of chemokine-mediated signaling pathway	GO:0070100		5	1	0.4065110919043503	0.9001440640089723	1.6322561791244243	0.34560316721562534	1	1
interleukin-6-mediated signaling pathway	GO:0070102		11	0	0.8943244021895708	-Inf	0	1	1	1
regulation of interleukin-6-mediated signaling pathway	GO:0070103		5	0	0.4065110919043503	-Inf	0	1	1	1
ciliary neurotrophic factor-mediated signaling pathway	GO:0070120		5	0	0.4065110919043503	-Inf	0	1	1	1
tRNA aminoacylation for mitochondrial protein translation	GO:0070127		5	0	0.4065110919043503	-Inf	0	1	1	1
regulation of mitochondrial translation	GO:0070129		21	0	1.7073465859982713	-Inf	0	1	1	1
positive regulation of mitochondrial translation	GO:0070131		14	0	1.138231057332181	-Inf	0	1	1	1
response to UV-A	GO:0070141		14	0	1.138231057332181	-Inf	0	1	1	1
regulation of biomineral tissue development	GO:0070167		45	2	3.658599827139153	-0.6039333327673018	0.5225493825040345	0.8830270693223303	1	1
negative regulation of biomineral tissue development	GO:0070168		10	0	0.8130221838087006	-Inf	0	1	1	1
positive regulation of biomineral tissue development	GO:0070169		27	2	2.1951598962834917	-0.09310770900131116	0.8170913356733155	0.6361853947841194	1	1
regulation of tooth mineralization	GO:0070170		6	0	0.4878133102852204	-Inf	0	1	1	1
kynurenine metabolic process	GO:0070189		5	0	0.4065110919043503	-Inf	0	1	1	1
chromosome organization involved in meiotic cell cycle	GO:0070192		5	0	0.4065110919043503	-Inf	0	1	1	1
protein localization to chromosome, telomeric region	GO:0070198		15	0	1.219533275713051	-Inf	0	1	1	1
establishment of protein localization to chromosome	GO:0070199		14	0	1.138231057332181	-Inf	0	1	1	1
establishment of protein localization to telomere	GO:0070200		6	0	0.4878133102852204	-Inf	0	1	1	1
regulation of establishment of protein localization to chromosome	GO:0070202		7	1	0.5691155286660905	0.5636718273877592	1.3294211503564923	0.4477163890561283	1	1
regulation of establishment of protein localization to telomere	GO:0070203		6	1	0.4878133102852204	0.7178225072150176	1.465759593120927	0.3988224139625278	1	1
protein trimerization	GO:0070206		15	1	1.219533275713051	-0.1984682246591374	0.7481986024927316	0.719871464965964	1	1
protein homotrimerization	GO:0070207		14	1	1.138231057332181	-0.1294753531721861	0.7928427126816872	0.6950590755790824	1	1
protein poly-ADP-ribosylation	GO:0070212		10	0	0.8130221838087006	-Inf	0	1	1	1
protein auto-ADP-ribosylation	GO:0070213		11	0	0.8943244021895708	-Inf	0	1	1	1
lymphocyte apoptotic process	GO:0070227		6	0	0.4878133102852204	-Inf	0	1	1	1
regulation of lymphocyte apoptotic process	GO:0070228		22	1	1.7886488043791415	-0.5814604769152433	0.5334222975217455	0.8316703660941647	1	1
negative regulation of lymphocyte apoptotic process	GO:0070229		10	0	0.8130221838087006	-Inf	0	1	1	1
positive regulation of lymphocyte apoptotic process	GO:0070230		8	1	0.6504177470469605	0.43014043476323666	1.2153715796146363	0.4477163890561283	1	1
T cell apoptotic process	GO:0070231		5	0	0.4065110919043503	-Inf	0	1	1	1
regulation of T cell apoptotic process	GO:0070232		12	0	0.9756266205704408	-Inf	0	1	1	1
positive regulation of T cell apoptotic process	GO:0070234		7	0	0.5691155286660905	-Inf	0	1	1	1
actin-mediated cell contraction	GO:0070252		40	4	3.2520887352348025	0.20699688344902697	1.0350244837181672	0.3925169908097158	1	1
mucus secretion	GO:0070254		5	0	0.4065110919043503	-Inf	0	1	1	1
necroptotic process	GO:0070266		11	0	0.8943244021895708	-Inf	0	1	1	1
cornification	GO:0070268		5	0	0.4065110919043503	-Inf	0	1	1	1
pyroptosis	GO:0070269		21	1	1.7073465859982713	-0.5349404612803503	0.5565277263826629	0.8316703660941647	1	1
axonemal dynein complex assembly	GO:0070286		25	0	2.0325554595217517	-Inf	0	1	1	1
N-acylphosphatidylethanolamine metabolic process	GO:0070292		8	1	0.6504177470469605	0.43014043476323666	1.2153715796146363	0.4926363899231906	1	1
renal absorption	GO:0070293		14	1	1.138231057332181	-0.1294753531721861	0.7928427126816872	0.6950590755790824	1	1
renal sodium ion absorption	GO:0070294		9	1	0.7317199654278307	0.3123573991068531	1.1184395617578968	0.5339052003122138	1	1
sarcoplasmic reticulum calcium ion transport	GO:0070296		6	0	0.4878133102852204	-Inf	0	1	1	1
cellular response to hydrogen peroxide	GO:0070301		29	3	2.3577643330452323	0.2408984351247081	1.0615050417925094	0.4232160450973199	1	1
regulation of stress-activated protein kinase signaling cascade	GO:0070302		26	1	2.113857677902622	-0.7485145615784096	0.4569950042886458	0.8899046725514381	1	1
negative regulation of stress-activated protein kinase signaling cascade	GO:0070303		6	0	0.4878133102852204	-Inf	0	1	1	1
positive regulation of stress-activated protein kinase signaling cascade	GO:0070304		14	1	1.138231057332181	-0.1294753531721861	0.7928427126816872	0.6950590755790824	1	1
response to cGMP	GO:0070305		6	0	0.4878133102852204	-Inf	0	1	1	1
G1 to G0 transition	GO:0070314		8	1	0.6504177470469605	0.43014043476323666	1.2153715796146363	0.4926363899231906	1	1
regulation of G0 to G1 transition	GO:0070316		9	0	0.7317199654278307	-Inf	0	1	1	1
negative regulation of G0 to G1 transition	GO:0070317		5	0	0.4065110919043503	-Inf	0	1	1	1
thyroid hormone transport	GO:0070327		8	0	0.6504177470469605	-Inf	0	1	1	1
triglyceride homeostasis	GO:0070328		23	0	1.8699510227600116	-Inf	0	1	1	1
response to bacterial lipopeptide	GO:0070339		5	0	0.4065110919043503	-Inf	0	1	1	1
ERK1 and ERK2 cascade	GO:0070371		19	0	1.5447421492365312	-Inf	0	1	1	1
regulation of ERK1 and ERK2 cascade	GO:0070372		166	11	13.49616825122443	-0.20451053911509998	0.7443742578819518	0.7817186299544564	1	1
negative regulation of ERK1 and ERK2 cascade	GO:0070373		28	2	2.276462114664362	-0.1294753531721861	0.7928427126816872	0.6568296432492311	1	1
positive regulation of ERK1 and ERK2 cascade	GO:0070374		125	9	10.162777297608757	-0.12150718352300903	0.7981136510077157	0.6775968740943293	1	1
DNA cytosine deamination	GO:0070383		5	0	0.4065110919043503	-Inf	0	1	1	1
response to lipoteichoic acid	GO:0070391		6	0	0.4878133102852204	-Inf	0	1	1	1
regulation of nucleotide-binding oligomerization domain containing signaling pathway	GO:0070424		10	1	0.8130221838087006	0.20699688344902697	1.0350244837181672	0.5339052003122138	1	1
nucleotide-binding oligomerization domain containing 2 signaling pathway	GO:0070431		9	1	0.7317199654278307	0.3123573991068531	1.1184395617578968	0.5339052003122138	1	1
regulation of nucleotide-binding oligomerization domain containing 2 signaling pathway	GO:0070432		6	0	0.4878133102852204	-Inf	0	1	1	1
cellular detoxification of nitrogen compound	GO:0070458		5	1	0.4065110919043503	0.9001440640089723	1.6322561791244243	0.34560316721562534	1	1
rRNA base methylation	GO:0070475		5	0	0.4065110919043503	-Inf	0	1	1	1
response to oxygen levels	GO:0070482		104	8	8.455430711610488	-0.05536738101846421	0.842769678250708	0.5836333635178557	1	1
leukocyte aggregation	GO:0070486		10	1	0.8130221838087006	0.20699688344902697	1.0350244837181672	0.5718194031462658	1	1
thrombin-activated receptor signaling pathway	GO:0070493		5	0	0.4065110919043503	-Inf	0	1	1	1
interleukin-1-mediated signaling pathway	GO:0070498		20	1	1.6260443676174012	-0.48615029711091834	0.5816356077875019	0.8005189188821835	1	1
regulation of microtubule cytoskeleton organization	GO:0070507		104	3	8.455430711610488	-1.0361966340301905	0.3477501439224137	0.9913111476817749	1	1
cholesterol import	GO:0070508		5	0	0.4065110919043503	-Inf	0	1	1	1
calcium ion import	GO:0070509		17	2	1.3821377124747911	0.3695158129468019	1.1650191589592633	0.37794987073324315	1	1
tRNA threonylcarbamoyladenosine metabolic process	GO:0070525		14	0	1.138231057332181	-Inf	0	1	1	1
platelet aggregation	GO:0070527		15	1	1.219533275713051	-0.1984682246591374	0.7481986024927316	0.719871464965964	1	1
protein K63-linked ubiquitination	GO:0070534		48	2	3.9025064822817632	-0.668471853904873	0.49235623876582585	0.8906119882131756	1	1
protein K63-linked deubiquitination	GO:0070536		22	1	1.7886488043791415	-0.5814604769152433	0.5334222975217455	0.8453725187098986	1	1
response to fatty acid	GO:0070542		14	0	1.138231057332181	-Inf	0	1	1	1
response to interleukin-1	GO:0070555		48	5	3.9025064822817632	0.24781887796928215	1.066953339954059	0.33457911682903496	1	1
regulation of vitamin D receptor signaling pathway	GO:0070562		7	0	0.5691155286660905	-Inf	0	1	1	1
positive regulation of vitamin D receptor signaling pathway	GO:0070564		5	0	0.4065110919043503	-Inf	0	1	1	1
protein localization to mitochondrion	GO:0070585		65	3	5.284644194756554	-0.5661930047844548	0.5409161061595964	0.9017212876059002	1	1
regulation of cell-cell adhesion involved in gastrulation	GO:0070587		8	1	0.6504177470469605	0.43014043476323666	1.2153715796146363	0.4926363899231906	1	1
calcium ion transmembrane transport	GO:0070588		95	6	7.723710746182657	-0.25253544592941324	0.7144720753084688	0.7775005350570782	1	1
regulation of protein processing	GO:0070613		30	2	2.439066551426102	-0.1984682246591374	0.7481986024927316	0.6952882846077232	1	1
transepithelial transport	GO:0070633		16	1	1.300835494093921	-0.2630067457967087	0.7080691948308241	0.7426662379148121	1	1
vitamin D3 metabolic process	GO:0070640		5	0	0.4065110919043503	-Inf	0	1	1	1
protein modification by small protein removal	GO:0070646		93	2	7.561106309420916	-1.329870336150238	0.2615203246431842	0.9957210465272301	1	1
leukocyte proliferation	GO:0070661		19	1	1.5447421492365312	-0.43485700272336786	0.609007163082252	0.8005189188821835	1	1
regulation of leukocyte proliferation	GO:0070663		129	9	10.487986171132238	-0.1530058505823801	0.7774155632189531	0.7225365167840276	1	1
negative regulation of leukocyte proliferation	GO:0070664		39	3	3.1707865168539326	-0.05536738101846409	0.842769678250708	0.6247272803318782	1	1
positive regulation of leukocyte proliferation	GO:0070665		87	6	7.073292999135695	-0.16456667298345604	0.7699120039827155	0.7097259112610915	1	1
response to interleukin-2	GO:0070669		8	2	0.6504177470469605	1.1232876153231819	1.8418840104221779	0.13327638298668934	1	1
response to interleukin-4	GO:0070670		10	2	0.8130221838087006	0.9001440640089723	1.6322561791244243	0.19267737480574515	1	1
response to interleukin-12	GO:0070671		11	1	0.8943244021895708	0.11168670364470205	0.9625093145711885	0.5718194031462658	1	1
response to interleukin-15	GO:0070672		10	2	0.8130221838087006	0.9001440640089723	1.6322561791244243	0.1624859068110088	1	1
response to interleukin-18	GO:0070673		6	0	0.4878133102852204	-Inf	0	1	1	1
response to cholesterol	GO:0070723		12	0	0.9756266205704408	-Inf	0	1	1	1
cyclic nucleotide transport	GO:0070729		9	0	0.7317199654278307	-Inf	0	1	1	1
response to interleukin-6	GO:0070741		21	0	1.7073465859982713	-Inf	0	1	1	1
heterochromatin organization	GO:0070828		6	0	0.4878133102852204	-Inf	0	1	1	1
bicellular tight junction assembly	GO:0070830		18	2	1.4634399308556614	0.3123573991068531	1.1184395617578968	0.4076084483747464	1	1
inclusion body assembly	GO:0070841		6	0	0.4878133102852204	-Inf	0	1	1	1
aggresome assembly	GO:0070842		5	0	0.4065110919043503	-Inf	0	1	1	1
response to epidermal growth factor	GO:0070849		28	0	2.276462114664362	-Inf	0	1	1	1
regulation of bile acid biosynthetic process	GO:0070857		8	0	0.6504177470469605	-Inf	0	1	1	1
regulation of protein exit from endoplasmic reticulum	GO:0070861		21	1	1.7073465859982713	-0.5349404612803503	0.5565277263826629	0.8316703660941647	1	1
negative regulation of protein exit from endoplasmic reticulum	GO:0070862		10	0	0.8130221838087006	-Inf	0	1	1	1
positive regulation of protein exit from endoplasmic reticulum	GO:0070863		9	1	0.7317199654278307	0.3123573991068531	1.1184395617578968	0.5339052003122138	1	1
regulation of glycogen metabolic process	GO:0070873		20	0	1.6260443676174012	-Inf	0	1	1	1
negative regulation of glycogen metabolic process	GO:0070874		8	0	0.6504177470469605	-Inf	0	1	1	1
positive regulation of glycogen metabolic process	GO:0070875		12	0	0.9756266205704408	-Inf	0	1	1	1
regulation of calcineurin-NFAT signaling cascade	GO:0070884		20	1	1.6260443676174012	-0.48615029711091834	0.5816356077875019	0.8005189188821835	1	1
negative regulation of calcineurin-NFAT signaling cascade	GO:0070885		8	0	0.6504177470469605	-Inf	0	1	1	1
positive regulation of calcineurin-NFAT signaling cascade	GO:0070886		11	1	0.8943244021895708	0.11168670364470205	0.9625093145711885	0.5718194031462658	1	1
transcription preinitiation complex assembly	GO:0070897		18	2	1.4634399308556614	0.3123573991068531	1.1184395617578968	0.43655979518260835	1	1
mitochondrial tRNA modification	GO:0070900		9	0	0.7317199654278307	-Inf	0	1	1	1
UV-damage excision repair	GO:0070914		10	0	0.8130221838087006	-Inf	0	1	1	1
regulatory ncRNA processing	GO:0070918		35	3	2.8455776433304525	0.05284620362176866	0.9192306947767647	0.5499811995347115	1	1
regulation of regulatory ncRNA processing	GO:0070920		11	0	0.8943244021895708	-Inf	0	1	1	1
RISC complex assembly	GO:0070922		10	1	0.8130221838087006	0.20699688344902697	1.0350244837181672	0.5718194031462658	1	1
CRD-mediated mRNA stabilization	GO:0070934		11	0	0.8943244021895708	-Inf	0	1	1	1
3'-UTR-mediated mRNA stabilization	GO:0070935		14	1	1.138231057332181	-0.1294753531721861	0.7928427126816872	0.6950590755790824	1	1
protein K48-linked ubiquitination	GO:0070936		87	7	7.073292999135695	-0.01041599315619776	0.8740275797219452	0.5557537862880262	1	1
protein localization to endoplasmic reticulum	GO:0070972		36	1	2.9268798617113228	-1.0739369620130375	0.3353403162326595	0.948746459217358	1	1
protein localization to endoplasmic reticulum exit site	GO:0070973		5	0	0.4065110919043503	-Inf	0	1	1	1
bone maturation	GO:0070977		5	0	0.4065110919043503	-Inf	0	1	1	1
protein K11-linked ubiquitination	GO:0070979		37	3	3.008182080092192	-0.0027236475330420042	0.8794489893483999	0.5884450707787217	1	1
demethylation	GO:0070988		10	1	0.8130221838087006	0.20699688344902697	1.0350244837181672	0.5718194031462658	1	1
oxidative demethylation	GO:0070989		8	1	0.6504177470469605	0.43014043476323666	1.2153715796146363	0.4926363899231906	1	1
RNA surveillance	GO:0071025		27	0	2.1951598962834917	-Inf	0	1	1	1
nuclear RNA surveillance	GO:0071027		25	0	2.0325554595217517	-Inf	0	1	1	1
histone mRNA catabolic process	GO:0071044		15	0	1.219533275713051	-Inf	0	1	1	1
regulation of phospholipid biosynthetic process	GO:0071071		11	1	0.8943244021895708	0.11168670364470205	0.9625093145711885	0.6066515058940674	1	1
positive regulation of phospholipid biosynthetic process	GO:0071073		8	1	0.6504177470469605	0.43014043476323666	1.2153715796146363	0.4926363899231906	1	1
DNA conformation change	GO:0071103		11	0	0.8943244021895708	-Inf	0	1	1	1
response to interleukin-9	GO:0071104		8	1	0.6504177470469605	0.43014043476323666	1.2153715796146363	0.4926363899231906	1	1
protein K48-linked deubiquitination	GO:0071108		21	0	1.7073465859982713	-Inf	0	1	1	1
resolution of recombination intermediates	GO:0071139		9	0	0.7317199654278307	-Inf	0	1	1	1
resolution of mitotic recombination intermediates	GO:0071140		5	0	0.4065110919043503	-Inf	0	1	1	1
protein localization to chromatin	GO:0071168		30	0	2.439066551426102	-Inf	0	1	1	1
establishment of protein localization to chromatin	GO:0071169		8	0	0.6504177470469605	-Inf	0	1	1	1
spindle assembly checkpoint signaling	GO:0071173		20	1	1.6260443676174012	-0.48615029711091834	0.5816356077875019	0.8167549482694262	1	1
mitotic spindle checkpoint signaling	GO:0071174		20	1	1.6260443676174012	-0.48615029711091834	0.5816356077875019	0.8167549482694262	1	1
protein targeting to vacuole involved in autophagy	GO:0071211		6	0	0.4878133102852204	-Inf	0	1	1	1
cellular response to abiotic stimulus	GO:0071214		169	8	13.740074906367042	-0.5408751968001649	0.5535349550449075	0.9664972886326637	1	1
cellular response to biotic stimulus	GO:0071216		91	4	7.3985018726591765	-0.6149831689538868	0.5172716801205104	0.9414324166188086	1	1
cellular response to misfolded protein	GO:0071218		12	0	0.9756266205704408	-Inf	0	1	1	1
cellular response to molecule of bacterial origin	GO:0071219		75	3	6.097666378565256	-0.7092938484251283	0.47403735255445406	0.946316306450289	1	1
cellular response to bacterial lipoprotein	GO:0071220		5	0	0.4065110919043503	-Inf	0	1	1	1
cellular response to bacterial lipopeptide	GO:0071221		5	0	0.4065110919043503	-Inf	0	1	1	1
cellular response to lipopolysaccharide	GO:0071222		65	3	5.284644194756554	-0.5661930047844548	0.5409161061595964	0.9017212876059002	1	1
cellular response to lipoteichoic acid	GO:0071223		6	0	0.4878133102852204	-Inf	0	1	1	1
cellular response to muramyl dipeptide	GO:0071225		10	0	0.8130221838087006	-Inf	0	1	1	1
cellular response to acid chemical	GO:0071229		32	2	2.601670988187842	-0.2630067457967087	0.7080691948308241	0.7462150593459236	1	1
cellular response to amino acid stimulus	GO:0071230		29	2	2.3577643330452323	-0.16456667298345615	0.7699120039827155	0.6952882846077232	1	1
cellular response to leucine	GO:0071233		10	0	0.8130221838087006	-Inf	0	1	1	1
cellular response to arsenic-containing substance	GO:0071243		12	3	0.9756266205704408	1.1232876153231819	1.8418840104221779	0.06775405093969679	1	1
cellular response to metal ion	GO:0071248		67	6	5.447248631518295	0.09664882628016161	0.9513377478961743	0.4507200846153012	1	1
cellular response to mechanical stimulus	GO:0071260		11	0	0.8943244021895708	-Inf	0	1	1	1
L-methionine biosynthetic process	GO:0071265		5	0	0.4065110919043503	-Inf	0	1	1	1
L-methionine salvage	GO:0071267		5	0	0.4065110919043503	-Inf	0	1	1	1
cellular response to cadmium ion	GO:0071276		6	2	0.4878133102852204	1.410969687774963	2.118668245703817	0.07950693348111477	1	1
cellular response to calcium ion	GO:0071277		34	2	2.7642754249495822	-0.32363136761314343	0.6718259362075856	0.761488837763183	1	1
cellular response to copper ion	GO:0071280		6	2	0.4878133102852204	1.410969687774963	2.118668245703817	0.07950693348111477	1	1
cellular response to iron ion	GO:0071281		6	0	0.4878133102852204	-Inf	0	1	1	1
cellular response to zinc ion	GO:0071294		6	1	0.4878133102852204	0.7178225072150176	1.465759593120927	0.3988224139625278	1	1
cellular response to vitamin	GO:0071295		7	2	0.5691155286660905	1.2568190079477046	1.969621046209867	0.10545856340092526	1	1
cellular response to retinoic acid	GO:0071300		16	0	1.300835494093921	-Inf	0	1	1	1
cellular response to alkaloid	GO:0071312		12	1	0.9756266205704408	0.024675326655072338	0.898928862739797	0.6386518936468044	1	1
cellular response to nicotine	GO:0071316		5	0	0.4065110919043503	-Inf	0	1	1	1
cellular response to ATP	GO:0071318		12	1	0.9756266205704408	0.024675326655072338	0.898928862739797	0.6386518936468044	1	1
cellular response to cAMP	GO:0071320		24	2	1.9512532411408816	0.024675326655072338	0.898928862739797	0.5919997817214471	1	1
cellular response to cGMP	GO:0071321		5	0	0.4065110919043503	-Inf	0	1	1	1
cellular response to carbohydrate stimulus	GO:0071322		16	2	1.300835494093921	0.43014043476323666	1.2153715796146363	0.37794987073324315	1	1
cellular response to monosaccharide stimulus	GO:0071326		13	0	1.056928838951311	-Inf	0	1	1	1
cellular response to hexose stimulus	GO:0071331		13	0	1.056928838951311	-Inf	0	1	1	1
cellular response to glucose stimulus	GO:0071333		13	0	1.056928838951311	-Inf	0	1	1	1
cellular response to type II interferon	GO:0071346		35	5	2.8455776433304525	0.5636718273877592	1.3294211503564923	0.1383394980323446	1	1
cellular response to interleukin-1	GO:0071347		37	3	3.008182080092192	-0.0027236475330420042	0.8794489893483999	0.569478856064477	1	1
cellular response to interleukin-12	GO:0071349		11	1	0.8943244021895708	0.11168670364470205	0.9625093145711885	0.5718194031462658	1	1
cellular response to interleukin-15	GO:0071350		10	2	0.8130221838087006	0.9001440640089723	1.6322561791244243	0.1624859068110088	1	1
cellular response to interleukin-18	GO:0071351		6	0	0.4878133102852204	-Inf	0	1	1	1
cellular response to interleukin-2	GO:0071352		8	2	0.6504177470469605	1.1232876153231819	1.8418840104221779	0.13327638298668934	1	1
cellular response to interleukin-4	GO:0071353		10	2	0.8130221838087006	0.9001440640089723	1.6322561791244243	0.19267737480574515	1	1
cellular response to interleukin-6	GO:0071354		19	0	1.5447421492365312	-Inf	0	1	1	1
cellular response to interleukin-9	GO:0071355		8	1	0.6504177470469605	0.43014043476323666	1.2153715796146363	0.4926363899231906	1	1
cellular response to tumor necrosis factor	GO:0071356		69	1	5.609853068280035	-1.7245245281541868	0.17732698886236836	0.9969048413786377	1	1
cellular response to type I interferon	GO:0071357		17	3	1.3821377124747911	0.7749809210549662	1.517406246760778	0.1555105384219749	1	1
cellular response to dsRNA	GO:0071359		19	1	1.5447421492365312	-0.43485700272336786	0.609007163082252	0.7828454412068578	1	1
cellular response to exogenous dsRNA	GO:0071360		16	1	1.300835494093921	-0.2630067457967087	0.7080691948308241	0.7426662379148121	1	1
cellular response to epidermal growth factor stimulus	GO:0071364		25	0	2.0325554595217517	-Inf	0	1	1	1
cellular response to gonadotropin stimulus	GO:0071371		5	2	0.4065110919043503	1.5932912445689176	2.2966101973978796	0.055968935390420846	1	1
cellular response to peptide hormone stimulus	GO:0071375		82	5	6.6667819072313454	-0.28769935838708005	0.6931368090561362	0.8067845709616056	1	1
cellular response to growth hormone stimulus	GO:0071378		13	1	1.056928838951311	-0.05536738101846421	0.842769678250708	0.6680506238586684	1	1
cellular response to prostaglandin stimulus	GO:0071379		11	1	0.8943244021895708	0.11168670364470205	0.9625093145711885	0.6066515058940674	1	1
cellular response to prostaglandin E stimulus	GO:0071380		5	1	0.4065110919043503	0.9001440640089723	1.6322561791244243	0.34560316721562534	1	1
cellular response to steroid hormone stimulus	GO:0071383		59	3	4.796830884471333	-0.469343178794537	0.5904938069457926	0.8686361593375991	1	1
cellular response to corticosteroid stimulus	GO:0071384		13	1	1.056928838951311	-0.05536738101846421	0.842769678250708	0.6680506238586684	1	1
cellular response to glucocorticoid stimulus	GO:0071385		12	1	0.9756266205704408	0.024675326655072338	0.898928862739797	0.6386518936468044	1	1
cellular response to estrogen stimulus	GO:0071391		11	0	0.8943244021895708	-Inf	0	1	1	1
cellular response to estradiol stimulus	GO:0071392		14	2	1.138231057332181	0.5636718273877592	1.3294211503564923	0.31694075149328715	1	1
cellular response to lipid	GO:0071396		200	10	16.260443676174013	-0.48615029711091834	0.5816356077875019	0.9653416502561353	1	1
cellular response to cholesterol	GO:0071397		6	0	0.4878133102852204	-Inf	0	1	1	1
cellular response to fatty acid	GO:0071398		13	0	1.056928838951311	-Inf	0	1	1	1
cellular response to lipoprotein particle stimulus	GO:0071402		21	0	1.7073465859982713	-Inf	0	1	1	1
cellular response to low-density lipoprotein particle stimulus	GO:0071404		15	0	1.219533275713051	-Inf	0	1	1	1
cellular response to purine-containing compound	GO:0071415		6	0	0.4878133102852204	-Inf	0	1	1	1
hematopoietic stem cell proliferation	GO:0071425		8	1	0.6504177470469605	0.43014043476323666	1.2153715796146363	0.4926363899231906	1	1
cellular response to oxygen radical	GO:0071450		11	2	0.8943244021895708	0.8048338842046474	1.54458986784587	0.22349837566824932	1	1
cellular response to superoxide	GO:0071451		11	2	0.8943244021895708	0.8048338842046474	1.54458986784587	0.22349837566824932	1	1
cellular response to oxygen levels	GO:0071453		61	4	4.959435321233074	-0.21499752661034802	0.7377696695912641	0.7296255495298654	1	1
cellular response to hypoxia	GO:0071456		51	4	4.146413137424373	-0.03594929516136241	0.8561833920091366	0.5881394827254243	1	1
protein localization to chromosome, centromeric region	GO:0071459		16	1	1.300835494093921	-0.2630067457967087	0.7080691948308241	0.7426662379148121	1	1
cellular response to xenobiotic stimulus	GO:0071466		125	5	10.162777297608757	-0.7092938484251281	0.47403735255445417	0.9660731898060768	1	1
cellular response to pH	GO:0071467		20	1	1.6260443676174012	-0.48615029711091834	0.5816356077875019	0.8005189188821835	1	1
cellular response to acidic pH	GO:0071468		14	1	1.138231057332181	-0.1294753531721861	0.7928427126816872	0.6950590755790824	1	1
cellular response to osmotic stress	GO:0071470		23	0	1.8699510227600116	-Inf	0	1	1	1
cellular hyperosmotic response	GO:0071474		10	0	0.8130221838087006	-Inf	0	1	1	1
cellular hypotonic response	GO:0071476		7	0	0.5691155286660905	-Inf	0	1	1	1
cellular response to radiation	GO:0071478		118	7	9.593661768942667	-0.31519249896727874	0.6767863287904957	0.8480705262584719	1	1
cellular response to ionizing radiation	GO:0071479		51	5	4.146413137424373	0.18719425615284738	1.019720178543586	0.40088436957142326	1	1
cellular response to gamma radiation	GO:0071480		17	3	1.3821377124747911	0.7749809210549662	1.517406246760778	0.1555105384219749	1	1
cellular response to light stimulus	GO:0071482		75	2	6.097666378565256	-1.1147589565332927	0.3223810860941467	0.9859270436187885	1	1
cellular response to UV-A	GO:0071492		11	0	0.8943244021895708	-Inf	0	1	1	1
cellular response to UV-B	GO:0071493		11	1	0.8943244021895708	0.11168670364470205	0.9625093145711885	0.6066515058940674	1	1
cellular response to external stimulus	GO:0071496		11	0	0.8943244021895708	-Inf	0	1	1	1
cellular response to fluid shear stress	GO:0071498		22	2	1.7886488043791415	0.11168670364470205	0.9625093145711885	0.5439251611637498	1	1
cellular response to laminar fluid shear stress	GO:0071499		16	2	1.300835494093921	0.43014043476323666	1.2153715796146363	0.37794987073324315	1	1
cellular response to sterol depletion	GO:0071501		9	1	0.7317199654278307	0.3123573991068531	1.1184395617578968	0.5339052003122138	1	1
genomic imprinting	GO:0071514		5	1	0.4065110919043503	0.9001440640089723	1.6322561791244243	0.34560316721562534	1	1
semaphorin-plexin signaling pathway	GO:0071526		8	1	0.6504177470469605	0.43014043476323666	1.2153715796146363	0.4926363899231906	1	1
protein localization to centrosome	GO:0071539		21	0	1.7073465859982713	-Inf	0	1	1	1
dopaminergic neuron differentiation	GO:0071542		18	0	1.4634399308556614	-Inf	0	1	1	1
response to transforming growth factor beta	GO:0071559		83	6	6.748084125612215	-0.11749916212547021	0.8007738757767301	0.6651847074405246	1	1
cellular response to transforming growth factor beta stimulus	GO:0071560		80	6	6.504177470469605	-0.08068518900275397	0.8254860517525995	0.6290904395065995	1	1
protein ufmylation	GO:0071569		7	0	0.5691155286660905	-Inf	0	1	1	1
zinc ion transmembrane transport	GO:0071577		23	0	1.8699510227600116	-Inf	0	1	1	1
acyl-CoA biosynthetic process	GO:0071616		36	1	2.9268798617113228	-1.0739369620130375	0.3353403162326595	0.948746459217358	1	1
granulocyte chemotaxis	GO:0071621		35	0	2.8455776433304525	-Inf	0	1	1	1
regulation of granulocyte chemotaxis	GO:0071622		33	3	2.6829732065687124	0.11168670364470205	0.9625093145711885	0.4885105988335542	1	1
positive regulation of granulocyte chemotaxis	GO:0071624		15	1	1.219533275713051	-0.1984682246591374	0.7481986024927316	0.6950590755790824	1	1
vocalization behavior	GO:0071625		14	2	1.138231057332181	0.5636718273877592	1.3294211503564923	0.31694075149328715	1	1
regulation of transforming growth factor beta production	GO:0071634		17	2	1.3821377124747911	0.3695158129468019	1.1650191589592633	0.4076084483747464	1	1
negative regulation of transforming growth factor beta production	GO:0071635		7	1	0.5691155286660905	0.5636718273877592	1.3294211503564923	0.4477163890561283	1	1
positive regulation of transforming growth factor beta production	GO:0071636		6	0	0.4878133102852204	-Inf	0	1	1	1
regulation of monocyte chemotactic protein-1 production	GO:0071637		11	0	0.8943244021895708	-Inf	0	1	1	1
positive regulation of monocyte chemotactic protein-1 production	GO:0071639		8	0	0.6504177470469605	-Inf	0	1	1	1
regulation of chemokine (C-C motif) ligand 5 production	GO:0071649		8	1	0.6504177470469605	0.43014043476323666	1.2153715796146363	0.4477163890561283	1	1
positive regulation of chemokine (C-C motif) ligand 5 production	GO:0071651		5	0	0.4065110919043503	-Inf	0	1	1	1
mononuclear cell migration	GO:0071674		60	3	4.878133102852204	-0.48615029711091834	0.5816356077875019	0.8528536716684211	1	1
regulation of mononuclear cell migration	GO:0071675		84	3	6.829386343993085	-0.8226225337321312	0.4262526194319287	0.9675498192969083	1	1
negative regulation of mononuclear cell migration	GO:0071676		18	1	1.4634399308556614	-0.3807897814530922	0.6389495026159213	0.7828454412068578	1	1
positive regulation of mononuclear cell migration	GO:0071677		60	2	4.878133102852204	-0.8916154052190828	0.3992974436281704	0.9584470557267724	1	1
response to indole-3-methanol	GO:0071680		5	0	0.4065110919043503	-Inf	0	1	1	1
cellular response to indole-3-methanol	GO:0071681		5	0	0.4065110919043503	-Inf	0	1	1	1
protein localization to extracellular region	GO:0071692		30	1	2.439066551426102	-0.8916154052190828	0.3992974436281704	0.9216181425198152	1	1
anatomical structure maturation	GO:0071695		32	1	2.601670988187842	-0.956153926356654	0.3754828901181559	0.928001796251679	1	1
membrane assembly	GO:0071709		36	0	2.9268798617113228	-Inf	0	1	1	1
basement membrane organization	GO:0071711		12	1	0.9756266205704408	0.024675326655072338	0.898928862739797	0.6386518936468044	1	1
icosanoid transport	GO:0071715		23	0	1.8699510227600116	-Inf	0	1	1	1
leukotriene transport	GO:0071716		6	0	0.4878133102852204	-Inf	0	1	1	1
response to nitric oxide	GO:0071731		7	2	0.5691155286660905	1.2568190079477046	1.969621046209867	0.10545856340092526	1	1
nuclear membrane organization	GO:0071763		36	0	2.9268798617113228	-Inf	0	1	1	1
response to BMP	GO:0071772		42	5	3.4146931719965425	0.3813502705938047	1.174773543285943	0.22258347332156328	1	1
cellular response to BMP stimulus	GO:0071773		42	5	3.4146931719965425	0.3813502705938047	1.174773543285943	0.22258347332156328	1	1
response to fibroblast growth factor	GO:0071774		37	0	3.008182080092192	-Inf	0	1	1	1
endoplasmic reticulum tubular network organization	GO:0071786		14	1	1.138231057332181	-0.1294753531721861	0.7928427126816872	0.6950590755790824	1	1
response to prostaglandin D	GO:0071798		6	0	0.4878133102852204	-Inf	0	1	1	1
cellular response to prostaglandin D stimulus	GO:0071799		6	0	0.4878133102852204	-Inf	0	1	1	1
regulation of podosome assembly	GO:0071801		9	0	0.7317199654278307	-Inf	0	1	1	1
positive regulation of podosome assembly	GO:0071803		6	0	0.4878133102852204	-Inf	0	1	1	1
potassium ion transmembrane transport	GO:0071805		62	5	5.040737539613944	-0.00811449616791844	0.8756474272851845	0.5140689381347131	1	1
protein transmembrane transport	GO:0071806		33	1	2.6829732065687124	-0.9869255850234077	0.36458975219432327	0.9338658845389614	1	1
tail-anchored membrane protein insertion into ER membrane	GO:0071816		17	0	1.3821377124747911	-Inf	0	1	1	1
protein-DNA complex organization	GO:0071824		92	7	7.479804091040046	-0.0662964515506544	0.8352801106010251	0.616650908773616	1	1
protein-lipid complex organization	GO:0071825		37	2	3.008182080092192	-0.4081887556412063	0.6236357337200239	0.8148435624310426	1	1
protein-RNA complex organization	GO:0071826		121	5	9.837568424085278	-0.6767706567195679	0.48858370843944243	0.9660731898060768	1	1
plasma lipoprotein particle organization	GO:0071827		35	2	2.8455776433304525	-0.3526189044863957	0.6549957178965378	0.7896543088998988	1	1
triglyceride-rich lipoprotein particle clearance	GO:0071830		5	0	0.4065110919043503	-Inf	0	1	1	1
response to monoamine	GO:0071867		24	3	1.9512532411408816	0.43014043476323666	1.2153715796146363	0.2411181636487546	1	1
cellular response to monoamine stimulus	GO:0071868		24	3	1.9512532411408816	0.43014043476323666	1.2153715796146363	0.2411181636487546	1	1
response to catecholamine	GO:0071869		24	3	1.9512532411408816	0.43014043476323666	1.2153715796146363	0.2411181636487546	1	1
cellular response to catecholamine stimulus	GO:0071870		24	3	1.9512532411408816	0.43014043476323666	1.2153715796146363	0.2411181636487546	1	1
response to epinephrine	GO:0071871		7	1	0.5691155286660905	0.5636718273877592	1.3294211503564923	0.4477163890561283	1	1
cellular response to epinephrine stimulus	GO:0071872		7	1	0.5691155286660905	0.5636718273877592	1.3294211503564923	0.4477163890561283	1	1
adrenergic receptor signaling pathway	GO:0071875		12	0	0.9756266205704408	-Inf	0	1	1	1
adenylate cyclase-activating adrenergic receptor signaling pathway	GO:0071880		8	0	0.6504177470469605	-Inf	0	1	1	1
leukocyte apoptotic process	GO:0071887		9	0	0.7317199654278307	-Inf	0	1	1	1
DNA biosynthetic process	GO:0071897		54	2	4.3903197925669835	-0.7862548895612564	0.4411034563476793	0.9367002090552943	1	1
regulation of protein serine/threonine kinase activity	GO:0071900		118	5	9.593661768942667	-0.6516647355884917	0.5000728297214369	0.9660731898060768	1	1
negative regulation of protein serine/threonine kinase activity	GO:0071901		32	0	2.601670988187842	-Inf	0	1	1	1
positive regulation of protein serine/threonine kinase activity	GO:0071902		57	4	4.634226447709594	-0.14717493027158685	0.781219152133731	0.6914396265886523	1	1
determination of digestive tract left/right asymmetry	GO:0071907		6	0	0.4878133102852204	-Inf	0	1	1	1
determination of liver left/right asymmetry	GO:0071910		6	0	0.4878133102852204	-Inf	0	1	1	1
nitrogen cycle metabolic process	GO:0071941		7	0	0.5691155286660905	-Inf	0	1	1	1
multivesicular body sorting pathway	GO:0071985		28	0	2.276462114664362	-Inf	0	1	1	1
renal system development	GO:0072001		51	1	4.146413137424373	-1.422243656281253	0.2388935285701193	0.9830259591144737	1	1
nephron development	GO:0072006		17	0	1.3821377124747911	-Inf	0	1	1	1
nephron epithelium development	GO:0072009		9	0	0.7317199654278307	-Inf	0	1	1	1
nephron morphogenesis	GO:0072028		6	0	0.4878133102852204	-Inf	0	1	1	1
kidney epithelium development	GO:0072073		12	0	0.9756266205704408	-Inf	0	1	1	1
nephron tubule morphogenesis	GO:0072078		6	0	0.4878133102852204	-Inf	0	1	1	1
nephron tubule development	GO:0072080		7	0	0.5691155286660905	-Inf	0	1	1	1
nephron epithelium morphogenesis	GO:0072088		6	0	0.4878133102852204	-Inf	0	1	1	1
stem cell proliferation	GO:0072089		11	1	0.8943244021895708	0.11168670364470205	0.9625093145711885	0.6066515058940674	1	1
regulation of stem cell proliferation	GO:0072091		20	1	1.6260443676174012	-0.48615029711091834	0.5816356077875019	0.8167549482694262	1	1
regulation of glomerular mesangial cell proliferation	GO:0072124		5	0	0.4065110919043503	-Inf	0	1	1	1
mesenchyme morphogenesis	GO:0072132		7	0	0.5691155286660905	-Inf	0	1	1	1
mesonephric epithelium development	GO:0072163		6	0	0.4878133102852204	-Inf	0	1	1	1
mesonephric tubule development	GO:0072164		6	0	0.4878133102852204	-Inf	0	1	1	1
epithelial tube formation	GO:0072175		5	0	0.4065110919043503	-Inf	0	1	1	1
monocarboxylic acid catabolic process	GO:0072329		67	1	5.447248631518295	-1.6951106429478935	0.18256310844050816	0.9956491435583866	1	1
monocarboxylic acid biosynthetic process	GO:0072330		103	4	8.374128493229616	-0.7388526506666724	0.4611430793292927	0.9723432703861657	1	1
signal transduction by p53 class mediator	GO:0072331		59	5	4.796830884471333	0.041482444971453585	0.9110081444288507	0.5295656442665538	1	1
intrinsic apoptotic signaling pathway by p53 class mediator	GO:0072332		30	3	2.439066551426102	0.20699688344902697	1.0350244837181672	0.44534173974525726	1	1
modified amino acid transport	GO:0072337		24	1	1.9512532411408816	-0.668471853904873	0.49235623876582585	0.8695235216387899	1	1
rescue of stalled ribosome	GO:0072344		34	4	2.7642754249495822	0.3695158129468019	1.1650191589592633	0.2976432684320877	1	1
sulfur compound transport	GO:0072348		40	0	3.2520887352348025	-Inf	0	1	1	1
tricarboxylic acid metabolic process	GO:0072350		7	0	0.5691155286660905	-Inf	0	1	1	1
protein activation cascade	GO:0072376		13	1	1.056928838951311	-0.05536738101846421	0.842769678250708	0.6680506238586684	1	1
blood coagulation, fibrin clot formation	GO:0072378		12	1	0.9756266205704408	0.024675326655072338	0.898928862739797	0.6386518936468044	1	1
organelle transport along microtubule	GO:0072384		28	1	2.276462114664362	-0.8226225337321315	0.42625261943192866	0.9071040750839803	1	1
plus-end-directed organelle transport along microtubule	GO:0072386		5	0	0.4065110919043503	-Inf	0	1	1	1
microtubule anchoring at microtubule organizing center	GO:0072393		7	0	0.5691155286660905	-Inf	0	1	1	1
response to cell cycle checkpoint signaling	GO:0072396		6	0	0.4878133102852204	-Inf	0	1	1	1
response to DNA integrity checkpoint signaling	GO:0072402		6	0	0.4878133102852204	-Inf	0	1	1	1
response to DNA damage checkpoint signaling	GO:0072423		6	0	0.4878133102852204	-Inf	0	1	1	1
ammonium transmembrane transport	GO:0072488		6	0	0.4878133102852204	-Inf	0	1	1	1
purine-containing compound biosynthetic process	GO:0072522		103	5	8.374128493229616	-0.5157090993524627	0.5663168807297249	0.9213629813382898	1	1
purine-containing compound catabolic process	GO:0072523		52	4	4.227715355805244	-0.05536738101846421	0.842769678250708	0.5881394827254243	1	1
pyridine-containing compound metabolic process	GO:0072524		74	6	6.016364160184384	-0.0027236475330420042	0.8794489893483999	0.5368001871815011	1	1
pyridine-containing compound biosynthetic process	GO:0072525		7	0	0.5691155286660905	-Inf	0	1	1	1
pyridine-containing compound catabolic process	GO:0072526		29	4	2.3577643330452323	0.5285805075764891	1.2990558716202665	0.18928352195579648	1	1
pyrimidine-containing compound metabolic process	GO:0072527		51	0	4.146413137424373	-Inf	0	1	1	1
pyrimidine-containing compound biosynthetic process	GO:0072528		16	0	1.300835494093921	-Inf	0	1	1	1
pyrimidine-containing compound catabolic process	GO:0072529		23	0	1.8699510227600116	-Inf	0	1	1	1
purine-containing compound transmembrane transport	GO:0072530		23	0	1.8699510227600116	-Inf	0	1	1	1
pyrimidine-containing compound transmembrane transport	GO:0072531		11	0	0.8943244021895708	-Inf	0	1	1	1
T-helper 17 type immune response	GO:0072538		6	0	0.4878133102852204	-Inf	0	1	1	1
clathrin-dependent endocytosis	GO:0072583		15	0	1.219533275713051	-Inf	0	1	1	1
reactive oxygen species metabolic process	GO:0072593		57	3	4.634226447709594	-0.43485700272336786	0.609007163082252	0.8443581956115911	1	1
establishment of protein localization to organelle	GO:0072594		177	7	14.390492653414	-0.7206576070754431	0.4690436696948383	0.9898148228420613	1	1
maintenance of protein localization in organelle	GO:0072595		30	1	2.439066551426102	-0.8916154052190828	0.3992974436281704	0.9216181425198152	1	1
establishment of protein localization to endoplasmic reticulum	GO:0072599		18	1	1.4634399308556614	-0.3807897814530922	0.6389495026159213	0.7636073497610661	1	1
establishment of protein localization to mitochondrion	GO:0072655		56	3	4.552924229328724	-0.4171574256239669	0.6186856281428841	0.8443581956115911	1	1
protein localization to plasma membrane	GO:0072659		108	3	8.780639585133967	-1.0739369620130375	0.33534031623265953	0.9942259732922234	1	1
protein localization to peroxisome	GO:0072662		18	1	1.4634399308556614	-0.3807897814530922	0.6389495026159213	0.7636073497610661	1	1
establishment of protein localization to peroxisome	GO:0072663		18	1	1.4634399308556614	-0.3807897814530922	0.6389495026159213	0.7636073497610661	1	1
protein localization to vacuole	GO:0072665		35	1	2.8455776433304525	-1.045766085046341	0.3445638924647699	0.948746459217358	1	1
establishment of protein localization to vacuole	GO:0072666		21	1	1.7073465859982713	-0.5349404612803503	0.5565277263826629	0.8316703660941647	1	1
neutrophil extravasation	GO:0072672		6	0	0.4878133102852204	-Inf	0	1	1	1
lymphocyte migration	GO:0072676		26	2	2.113857677902622	-0.05536738101846421	0.842769678250708	0.5919997817214471	1	1
eosinophil migration	GO:0072677		8	0	0.6504177470469605	-Inf	0	1	1	1
T cell migration	GO:0072678		16	1	1.300835494093921	-0.2630067457967087	0.7080691948308241	0.7426662379148121	1	1
protein localization to microtubule cytoskeleton	GO:0072698		31	1	2.520368769806972	-0.9244052280420735	0.38703219543570105	0.9216181425198152	1	1
response to hydroxyurea	GO:0072710		9	1	0.7317199654278307	0.3123573991068531	1.1184395617578968	0.5339052003122138	1	1
cellular response to hydroxyurea	GO:0072711		8	0	0.6504177470469605	-Inf	0	1	1	1
positive regulation by symbiont of entry into host	GO:0075294		14	0	1.138231057332181	-Inf	0	1	1	1
endocytosis involved in viral entry into host cell	GO:0075509		9	0	0.7317199654278307	-Inf	0	1	1	1
IRES-dependent viral translational initiation	GO:0075522		11	1	0.8943244021895708	0.11168670364470205	0.9625093145711885	0.6066515058940674	1	1
viral translational termination-reinitiation	GO:0075525		5	0	0.4065110919043503	-Inf	0	1	1	1
intracellular transport of virus	GO:0075733		5	0	0.4065110919043503	-Inf	0	1	1	1
regulation of nitric oxide metabolic process	GO:0080164		29	2	2.3577643330452323	-0.16456667298345615	0.7699120039827155	0.6765246818828679	1	1
lytic vacuole organization	GO:0080171		53	0	4.309017574186114	-Inf	0	1	1	1
protein K6-linked ubiquitination	GO:0085020		15	0	1.219533275713051	-Inf	0	1	1	1
extracellular matrix assembly	GO:0085029		9	0	0.7317199654278307	-Inf	0	1	1	1
cardiac muscle cell action potential	GO:0086001		37	6	3.008182080092192	0.6904235330269033	1.4412000351192882	0.06805049570555745	1	1
cardiac muscle cell action potential involved in contraction	GO:0086002		27	4	2.1951598962834917	0.6000394715586341	1.3611670150072073	0.15642288355263542	1	1
cardiac muscle cell contraction	GO:0086003		27	4	2.1951598962834917	0.6000394715586341	1.3611670150072073	0.15642288355263542	1	1
regulation of cardiac muscle cell contraction	GO:0086004		21	1	1.7073465859982713	-0.5349404612803503	0.5565277263826629	0.8316703660941647	1	1
ventricular cardiac muscle cell action potential	GO:0086005		12	2	0.9756266205704408	0.7178225072150176	1.465759593120927	0.22349837566824932	1	1
membrane repolarization	GO:0086009		19	4	1.5447421492365312	0.9514373583965228	1.6799416135168004	0.06305786383459769	1	1
membrane depolarization during action potential	GO:0086010		22	2	1.7886488043791415	0.11168670364470205	0.9625093145711885	0.5439251611637498	1	1
membrane repolarization during action potential	GO:0086011		15	4	1.219533275713051	1.1878261364607532	1.903441176541065	0.02873072728923019	1	1
membrane depolarization during cardiac muscle cell action potential	GO:0086012		16	2	1.300835494093921	0.43014043476323666	1.2153715796146363	0.37794987073324315	1	1
membrane repolarization during cardiac muscle cell action potential	GO:0086013		14	4	1.138231057332181	1.2568190079477046	1.969621046209867	0.022483434781429536	1	1
atrial cardiac muscle cell action potential	GO:0086014		12	1	0.9756266205704408	0.024675326655072338	0.898928862739797	0.6386518936468044	1	1
SA node cell action potential	GO:0086015		5	0	0.4065110919043503	-Inf	0	1	1	1
AV node cell action potential	GO:0086016		6	0	0.4878133102852204	-Inf	0	1	1	1
SA node cell to atrial cardiac muscle cell signaling	GO:0086018		5	0	0.4065110919043503	-Inf	0	1	1	1
cell-cell signaling involved in cardiac conduction	GO:0086019		19	1	1.5447421492365312	-0.43485700272336786	0.609007163082252	0.8005189188821835	1	1
atrial cardiac muscle cell to AV node cell signaling	GO:0086026		12	1	0.9756266205704408	0.024675326655072338	0.898928862739797	0.6386518936468044	1	1
AV node cell to bundle of His cell signaling	GO:0086027		6	0	0.4878133102852204	-Inf	0	1	1	1
bundle of His cell to Purkinje myocyte signaling	GO:0086028		5	0	0.4065110919043503	-Inf	0	1	1	1
regulation of cardiac muscle cell membrane potential	GO:0086036		5	1	0.4065110919043503	0.9001440640089723	1.6322561791244243	0.34560316721562534	1	1
cardiac muscle cell-cardiac muscle cell adhesion	GO:0086042		6	0	0.4878133102852204	-Inf	0	1	1	1
bundle of His cell action potential	GO:0086043		5	0	0.4065110919043503	-Inf	0	1	1	1
cell communication by electrical coupling involved in cardiac conduction	GO:0086064		9	0	0.7317199654278307	-Inf	0	1	1	1
cell communication involved in cardiac conduction	GO:0086065		34	1	2.7642754249495822	-1.0167785481730887	0.354299371971894	0.9392526672507046	1	1
atrial cardiac muscle cell to AV node cell communication	GO:0086066		13	1	1.056928838951311	-0.05536738101846421	0.842769678250708	0.6680506238586684	1	1
AV node cell to bundle of His cell communication	GO:0086067		7	0	0.5691155286660905	-Inf	0	1	1	1
bundle of His cell to Purkinje myocyte communication	GO:0086069		13	0	1.056928838951311	-Inf	0	1	1	1
SA node cell to atrial cardiac muscle cell communication	GO:0086070		5	0	0.4065110919043503	-Inf	0	1	1	1
bundle of His cell-Purkinje myocyte adhesion involved in cell communication	GO:0086073		6	0	0.4878133102852204	-Inf	0	1	1	1
regulation of heart rate by cardiac conduction	GO:0086091		32	3	2.601670988187842	0.14245836231145573	0.9856020675923204	0.4885105988335542	1	1
endothelin receptor signaling pathway	GO:0086100		6	0	0.4878133102852204	-Inf	0	1	1	1
amino acid import across plasma membrane	GO:0089718		25	2	2.0325554595217517	-0.01614666786518275	0.8700023797642876	0.5919997817214471	1	1
regulation of neutrophil chemotaxis	GO:0090022		19	2	1.5447421492365312	0.25829017783657743	1.0752242884685586	0.46472284305099365	1	1
positive regulation of neutrophil chemotaxis	GO:0090023		13	1	1.056928838951311	-0.05536738101846421	0.842769678250708	0.6680506238586684	1	1
regulation of monocyte chemotaxis	GO:0090025		25	1	2.0325554595217517	-0.7092938484251281	0.47403735255445417	0.8695235216387899	1	1
positive regulation of monocyte chemotaxis	GO:0090026		21	0	1.7073465859982713	-Inf	0	1	1	1
regulation of steroid hormone biosynthetic process	GO:0090030		9	0	0.7317199654278307	-Inf	0	1	1	1
regulation of cell migration involved in sprouting angiogenesis	GO:0090049		28	3	2.276462114664362	0.27598975493597844	1.089278191402854	0.400794141011956	1	1
positive regulation of cell migration involved in sprouting angiogenesis	GO:0090050		15	2	1.219533275713051	0.4946789559008079	1.2699797904718395	0.3476856241627394	1	1
negative regulation of cell migration involved in sprouting angiogenesis	GO:0090051		13	1	1.056928838951311	-0.05536738101846421	0.842769678250708	0.6680506238586684	1	1
positive regulation of microtubule nucleation	GO:0090063		8	0	0.6504177470469605	-Inf	0	1	1	1
regulation of anatomical structure size	GO:0090066		184	6	14.959608182080093	-0.913594311937858	0.39103790951401546	0.9979529113217892	1	1
positive regulation of cell cycle process	GO:0090068		165	8	13.414866032843559	-0.5169219557776719	0.5656953887386121	0.9494124003021208	1	1
relaxation of muscle	GO:0090075		10	4	0.8130221838087006	1.5932912445689176	2.2966101973978796	0.00392921472775502	1	1
regulation of inclusion body assembly	GO:0090083		15	1	1.219533275713051	-0.1984682246591374	0.7481986024927316	0.719871464965964	1	1
negative regulation of inclusion body assembly	GO:0090084		9	1	0.7317199654278307	0.3123573991068531	1.1184395617578968	0.5339052003122138	1	1
regulation of protein deubiquitination	GO:0090085		10	1	0.8130221838087006	0.20699688344902697	1.0350244837181672	0.5718194031462658	1	1
regulation of peptide transport	GO:0090087		73	3	5.935061941803514	-0.6822651760372086	0.4860996192555564	0.9392727038465515	1	1
negative regulation of canonical Wnt signaling pathway	GO:0090090		89	5	7.235897435897436	-0.36961648085496684	0.6452773095254873	0.8067845709616056	1	1
positive regulation of extracellular matrix disassembly	GO:0090091		8	1	0.6504177470469605	0.43014043476323666	1.2153715796146363	0.4926363899231906	1	1
regulation of transmembrane receptor protein serine/threonine kinase signaling pathway	GO:0090092		148	7	12.032728320368768	-0.541720148265729	0.553109939259805	0.953627965222268	1	1
positive regulation of transmembrane receptor protein serine/threonine kinase signaling pathway	GO:0090100		67	3	5.447248631518295	-0.5964983542797837	0.5261258983703097	0.9127024222555805	1	1
negative regulation of transmembrane receptor protein serine/threonine kinase signaling pathway	GO:0090101		78	3	6.341573033707865	-0.7485145615784095	0.4569950042886459	0.9495459533845183	1	1
cochlea development	GO:0090102		5	0	0.4065110919043503	-Inf	0	1	1	1
regulation of cell-substrate junction assembly	GO:0090109		46	4	3.739902045520023	0.06723494107386813	0.9297056732049866	0.5208406195644519	1	1
COPII-coated vesicle cargo loading	GO:0090110		12	2	0.9756266205704408	0.7178225072150176	1.465759593120927	0.25464724061396	1	1
COPII-coated vesicle budding	GO:0090114		23	3	1.8699510227600116	0.47270004918203257	1.2512707524815427	0.2864435867986237	1	1
tissue migration	GO:0090130		14	2	1.138231057332181	0.5636718273877592	1.3294211503564923	0.31694075149328715	1	1
epithelium migration	GO:0090132		14	2	1.138231057332181	0.5636718273877592	1.3294211503564923	0.31694075149328715	1	1
epithelial cell-cell adhesion	GO:0090136		10	2	0.8130221838087006	0.9001440640089723	1.6322561791244243	0.19267737480574515	1	1
regulation of mitochondrial fission	GO:0090140		24	1	1.9512532411408816	-0.668471853904873	0.49235623876582585	0.8579600324755672	1	1
positive regulation of mitochondrial fission	GO:0090141		16	1	1.300835494093921	-0.2630067457967087	0.7080691948308241	0.719871464965964	1	1
membrane fission	GO:0090148		8	0	0.6504177470469605	-Inf	0	1	1	1
establishment of protein localization to membrane	GO:0090150		119	3	9.674963987323537	-1.170929228000347	0.3053131647232769	0.9966780458069036	1	1
establishment of protein localization to mitochondrial membrane	GO:0090151		18	0	1.4634399308556614	-Inf	0	1	1	1
regulation of sphingolipid biosynthetic process	GO:0090153		9	0	0.7317199654278307	-Inf	0	1	1	1
negative regulation of sphingolipid biosynthetic process	GO:0090155		5	0	0.4065110919043503	-Inf	0	1	1	1
endoplasmic reticulum membrane organization	GO:0090158		8	0	0.6504177470469605	-Inf	0	1	1	1
Golgi to lysosome transport	GO:0090160		10	1	0.8130221838087006	0.20699688344902697	1.0350244837181672	0.5718194031462658	1	1
Golgi ribbon formation	GO:0090161		10	1	0.8130221838087006	0.20699688344902697	1.0350244837181672	0.5718194031462658	1	1
establishment of epithelial cell polarity	GO:0090162		15	0	1.219533275713051	-Inf	0	1	1	1
regulation of spindle assembly	GO:0090169		29	0	2.3577643330452323	-Inf	0	1	1	1
organelle membrane fusion	GO:0090174		44	1	3.577297608758283	-1.2746076574751886	0.27602230087850416	0.9717289383377405	1	1
regulation of cholesterol metabolic process	GO:0090181		28	1	2.276462114664362	-0.8226225337321315	0.42625261943192866	0.9071040750839803	1	1
regulation of release of cytochrome c from mitochondria	GO:0090199		34	1	2.7642754249495822	-1.0167785481730887	0.354299371971894	0.9392526672507046	1	1
positive regulation of release of cytochrome c from mitochondria	GO:0090200		18	1	1.4634399308556614	-0.3807897814530922	0.6389495026159213	0.7828454412068578	1	1
negative regulation of release of cytochrome c from mitochondria	GO:0090201		15	0	1.219533275713051	-Inf	0	1	1	1
positive regulation of cholesterol metabolic process	GO:0090205		16	1	1.300835494093921	-0.2630067457967087	0.7080691948308241	0.7426662379148121	1	1
regulation of triglyceride metabolic process	GO:0090207		20	0	1.6260443676174012	-Inf	0	1	1	1
positive regulation of triglyceride metabolic process	GO:0090208		11	0	0.8943244021895708	-Inf	0	1	1	1
negative regulation of triglyceride metabolic process	GO:0090209		5	0	0.4065110919043503	-Inf	0	1	1	1
regulation of spindle organization	GO:0090224		41	1	3.3333909536156727	-1.2039900902612353	0.2956680805258496	0.9635170032415239	1	1
regulation of spindle checkpoint	GO:0090231		17	0	1.3821377124747911	-Inf	0	1	1	1
positive regulation of spindle checkpoint	GO:0090232		7	0	0.5691155286660905	-Inf	0	1	1	1
negative regulation of spindle checkpoint	GO:0090233		5	0	0.4065110919043503	-Inf	0	1	1	1
regulation of metaphase plate congression	GO:0090235		12	0	0.9756266205704408	-Inf	0	1	1	1
regulation of muscle system process	GO:0090257		102	6	8.292826274848746	-0.32363136761314343	0.6718259362075856	0.8254911177981414	1	1
positive regulation of canonical Wnt signaling pathway	GO:0090263		65	2	5.284644194756554	-0.9716581128926192	0.36995777736773544	0.9709089042722299	1	1
regulation of mitotic cell cycle spindle assembly checkpoint	GO:0090266		17	0	1.3821377124747911	-Inf	0	1	1	1
positive regulation of mitotic cell cycle spindle assembly checkpoint	GO:0090267		7	0	0.5691155286660905	-Inf	0	1	1	1
regulation of peptide hormone secretion	GO:0090276		72	3	5.8537597234226455	-0.6684718539048732	0.49235623876582574	0.9354384599812199	1	1
positive regulation of peptide hormone secretion	GO:0090277		30	1	2.439066551426102	-0.8916154052190828	0.3992974436281704	0.9146689247438466	1	1
negative regulation of peptide hormone secretion	GO:0090278		11	0	0.8943244021895708	-Inf	0	1	1	1
regulation of calcium ion import	GO:0090279		18	0	1.4634399308556614	-Inf	0	1	1	1
positive regulation of calcium ion import	GO:0090280		7	0	0.5691155286660905	-Inf	0	1	1	1
regulation of cellular response to growth factor stimulus	GO:0090287		164	11	13.333563814462691	-0.1923891785827552	0.7520601643389937	0.7750110654597302	1	1
negative regulation of cellular response to growth factor stimulus	GO:0090288		57	4	4.634226447709594	-0.14717493027158685	0.781219152133731	0.6778904890149126	1	1
positive regulation of wound healing	GO:0090303		43	3	3.495995390377413	-0.1530058505823801	0.7774155632189531	0.6904882305318831	1	1
mitotic spindle assembly	GO:0090307		38	2	3.0894842984730624	-0.43485700272336786	0.609007163082252	0.826397929767843	1	1
regulation of protein deacetylation	GO:0090311		7	1	0.5691155286660905	0.5636718273877592	1.3294211503564923	0.3988224139625278	1	1
regulation of protein targeting to membrane	GO:0090313		14	0	1.138231057332181	-Inf	0	1	1	1
positive regulation of protein targeting to membrane	GO:0090314		10	0	0.8130221838087006	-Inf	0	1	1	1
positive regulation of intracellular protein transport	GO:0090316		57	4	4.634226447709594	-0.14717493027158685	0.781219152133731	0.6914396265886523	1	1
negative regulation of intracellular protein transport	GO:0090317		24	0	1.9512532411408816	-Inf	0	1	1	1
regulation of superoxide metabolic process	GO:0090322		17	1	1.3821377124747911	-0.32363136761314343	0.6718259362075856	0.7636073497610661	1	1
regulation of DNA-templated DNA replication	GO:0090329		22	1	1.7886488043791415	-0.5814604769152433	0.5334222975217455	0.8316703660941647	1	1
regulation of platelet aggregation	GO:0090330		18	1	1.4634399308556614	-0.3807897814530922	0.6389495026159213	0.7828454412068578	1	1
negative regulation of platelet aggregation	GO:0090331		5	0	0.4065110919043503	-Inf	0	1	1	1
phagosome maturation	GO:0090382		14	0	1.138231057332181	-Inf	0	1	1	1
phagosome acidification	GO:0090383		5	0	0.4065110919043503	-Inf	0	1	1	1
phagosome-lysosome fusion	GO:0090385		6	0	0.4878133102852204	-Inf	0	1	1	1
cellular senescence	GO:0090398		42	5	3.4146931719965425	0.3813502705938047	1.174773543285943	0.2535473834311687	1	1
replicative senescence	GO:0090399		9	0	0.7317199654278307	-Inf	0	1	1	1
stress-induced premature senescence	GO:0090400		7	0	0.5691155286660905	-Inf	0	1	1	1
protein localization to nuclear envelope	GO:0090435		5	0	0.4065110919043503	-Inf	0	1	1	1
pyrimidine nucleotide-sugar transmembrane transport	GO:0090481		7	0	0.5691155286660905	-Inf	0	1	1	1
catecholamine uptake	GO:0090493		8	0	0.6504177470469605	-Inf	0	1	1	1
dopamine uptake	GO:0090494		8	0	0.6504177470469605	-Inf	0	1	1	1
epiboly	GO:0090504		17	4	1.3821377124747911	1.0626629935067473	1.7844045293311224	0.04402091032296211	1	1
epiboly involved in wound healing	GO:0090505		16	3	1.300835494093921	0.835605542871401	1.5727518787682635	0.135835898169208	1	1
sphingolipid mediated signaling pathway	GO:0090520		7	0	0.5691155286660905	-Inf	0	1	1	1
establishment of endothelial intestinal barrier	GO:0090557		10	0	0.8130221838087006	-Inf	0	1	1	1
regulation of membrane permeability	GO:0090559		43	1	3.495995390377413	-1.25161813925049	0.28227791446282297	0.9692205771476854	1	1
inflammatory response to wounding	GO:0090594		7	0	0.5691155286660905	-Inf	0	1	1	1
sensory organ morphogenesis	GO:0090596		26	1	2.113857677902622	-0.7485145615784096	0.4569950042886458	0.8899046725514381	1	1
ubiquitin-independent protein catabolic process via the multivesicular body sorting pathway	GO:0090611		5	0	0.4065110919043503	-Inf	0	1	1	1
activation of GTPase activity	GO:0090630		17	2	1.3821377124747911	0.3695158129468019	1.1650191589592633	0.4076084483747464	1	1
mitochondrial tRNA processing	GO:0090646		13	0	1.056928838951311	-Inf	0	1	1	1
t-circle formation	GO:0090656		10	0	0.8130221838087006	-Inf	0	1	1	1
telomeric loop disassembly	GO:0090657		10	0	0.8130221838087006	-Inf	0	1	1	1
scaRNA localization to Cajal body	GO:0090666		5	0	0.4065110919043503	-Inf	0	1	1	1
RNA localization to Cajal body	GO:0090670		5	0	0.4065110919043503	-Inf	0	1	1	1
RNA localization to nucleus	GO:0090685		5	0	0.4065110919043503	-Inf	0	1	1	1
telomere maintenance via telomere trimming	GO:0090737		10	0	0.8130221838087006	-Inf	0	1	1	1
acetylcholine receptor signaling pathway	GO:0095500		13	1	1.056928838951311	-0.05536738101846421	0.842769678250708	0.6386518936468044	1	1
regulation of plasma lipoprotein particle levels	GO:0097006		46	2	3.739902045520023	-0.6259122394860772	0.5120958595639823	0.8977378623633647	1	1
energy homeostasis	GO:0097009		9	0	0.7317199654278307	-Inf	0	1	1	1
cellular response to granulocyte macrophage colony-stimulating factor stimulus	GO:0097011		7	0	0.5691155286660905	-Inf	0	1	1	1
response to granulocyte macrophage colony-stimulating factor	GO:0097012		7	0	0.5691155286660905	-Inf	0	1	1	1
dendritic cell differentiation	GO:0097028		9	1	0.7317199654278307	0.3123573991068531	1.1184395617578968	0.5339052003122138	1	1
regulation of membrane lipid distribution	GO:0097035		31	1	2.520368769806972	-0.9244052280420735	0.38703219543570105	0.928001796251679	1	1
dendritic spine organization	GO:0097061		6	0	0.4878133102852204	-Inf	0	1	1	1
craniofacial suture morphogenesis	GO:0097094		8	1	0.6504177470469605	0.43014043476323666	1.2153715796146363	0.4926363899231906	1	1
ammonium ion metabolic process	GO:0097164		12	1	0.9756266205704408	0.024675326655072338	0.898928862739797	0.6386518936468044	1	1
epoxide metabolic process	GO:0097176		5	0	0.4065110919043503	-Inf	0	1	1	1
amelogenesis	GO:0097186		6	0	0.4878133102852204	-Inf	0	1	1	1
apoptotic signaling pathway	GO:0097190		184	12	14.959608182080093	-0.22044713137791272	0.734354080755392	0.8140126496090111	1	1
extrinsic apoptotic signaling pathway	GO:0097191		57	3	4.634226447709594	-0.43485700272336786	0.609007163082252	0.8528536716684211	1	1
intrinsic apoptotic signaling pathway	GO:0097193		97	7	7.886315182944397	-0.11921885300499702	0.799631743001437	0.6619176740002489	1	1
execution phase of apoptosis	GO:0097194		31	2	2.520368769806972	-0.23125804748212817	0.7276117167426861	0.7301085305639006	1	1
renal filtration	GO:0097205		6	0	0.4878133102852204	-Inf	0	1	1	1
lysosomal membrane organization	GO:0097212		5	0	0.4065110919043503	-Inf	0	1	1	1
cellular response to toxic substance	GO:0097237		44	7	3.577297608758283	0.6713024915801247	1.4241401093656485	0.06281605198028033	1	1
amyloid-beta clearance	GO:0097242		16	2	1.300835494093921	0.43014043476323666	1.2153715796146363	0.37794987073324315	1	1
self proteolysis	GO:0097264		6	0	0.4878133102852204	-Inf	0	1	1	1
omega-hydroxylase P450 pathway	GO:0097267		12	0	0.9756266205704408	-Inf	0	1	1	1
programmed necrotic cell death	GO:0097300		14	0	1.138231057332181	-Inf	0	1	1	1
response to alcohol	GO:0097305		64	6	5.203341976375684	0.14245836231145573	0.9856020675923204	0.40627973014285845	1	1
cellular response to alcohol	GO:0097306		41	3	3.3333909536156727	-0.10537780159312553	0.8088553720269323	0.6420242090545026	1	1
plasma membrane tubulation	GO:0097320		11	0	0.8943244021895708	-Inf	0	1	1	1
mitochondrial outer membrane permeabilization	GO:0097345		6	0	0.4878133102852204	-Inf	0	1	1	1
autophagosome maturation	GO:0097352		38	1	3.0894842984730624	-1.1280041832833132	0.3182777063931638	0.9529219064485537	1	1
prenylation	GO:0097354		8	0	0.6504177470469605	-Inf	0	1	1	1
synaptic vesicle localization	GO:0097479		5	0	0.4065110919043503	-Inf	0	1	1	1
neuron projection guidance	GO:0097485		35	7	2.8455776433304525	0.9001440640089723	1.6322561791244243	0.02068485278236009	1	1
regulation of vesicle size	GO:0097494		6	1	0.4878133102852204	0.7178225072150176	1.465759593120927	0.3988224139625278	1	1
stress response to metal ion	GO:0097501		5	1	0.4065110919043503	0.9001440640089723	1.6322561791244243	0.34560316721562534	1	1
mannosylation	GO:0097502		15	0	1.219533275713051	-Inf	0	1	1	1
sialylation	GO:0097503		8	1	0.6504177470469605	0.43014043476323666	1.2153715796146363	0.4926363899231906	1	1
necroptotic signaling pathway	GO:0097527		8	0	0.6504177470469605	-Inf	0	1	1	1
myeloid leukocyte migration	GO:0097529		66	2	5.365946413137425	-0.9869255850234077	0.36458975219432327	0.9709089042722299	1	1
granulocyte migration	GO:0097530		41	0	3.3333909536156727	-Inf	0	1	1	1
calcium ion transmembrane import into cytosol	GO:0097553		45	5	3.658599827139153	0.3123573991068533	1.118439561757897	0.28548025372074853	1	1
lamellipodium organization	GO:0097581		19	1	1.5447421492365312	-0.43485700272336786	0.609007163082252	0.8005189188821835	1	1
potassium ion export across plasma membrane	GO:0097623		8	2	0.6504177470469605	1.1232876153231819	1.8418840104221779	0.10545856340092526	1	1
calcitonin family receptor signaling pathway	GO:0097646		10	1	0.8130221838087006	0.20699688344902697	1.0350244837181672	0.5718194031462658	1	1
amylin receptor signaling pathway	GO:0097647		6	0	0.4878133102852204	-Inf	0	1	1	1
double-strand break repair via classical nonhomologous end joining	GO:0097680		9	0	0.7317199654278307	-Inf	0	1	1	1
double-strand break repair via alternative nonhomologous end joining	GO:0097681		8	0	0.6504177470469605	-Inf	0	1	1	1
receptor signaling pathway via STAT	GO:0097696		55	6	4.471622010947854	0.29400826043865663	1.1036789908412925	0.28804979638080813	1	1
vascular endothelial cell response to fluid shear stress	GO:0097699		13	1	1.056928838951311	-0.05536738101846421	0.842769678250708	0.6680506238586684	1	1
calcineurin-mediated signaling	GO:0097720		13	1	1.056928838951311	-0.05536738101846421	0.842769678250708	0.6386518936468044	1	1
sperm motility	GO:0097722		37	1	3.008182080092192	-1.1013359362011517	0.32658991222787837	0.9567574160045956	1	1
extracellular exosome biogenesis	GO:0097734		5	1	0.4065110919043503	0.9001440640089723	1.6322561791244243	0.34560316721562534	1	1
blood vessel diameter maintenance	GO:0097746		44	0	3.577297608758283	-Inf	0	1	1	1
membrane tubulation	GO:0097749		5	0	0.4065110919043503	-Inf	0	1	1	1
centriole assembly	GO:0098534		26	2	2.113857677902622	-0.05536738101846421	0.842769678250708	0.6361853947841194	1	1
detection of other organism	GO:0098543		15	1	1.219533275713051	-0.1984682246591374	0.7481986024927316	0.719871464965964	1	1
detection of external biotic stimulus	GO:0098581		21	1	1.7073465859982713	-0.5349404612803503	0.5565277263826629	0.8316703660941647	1	1
cellular response to virus	GO:0098586		27	2	2.1951598962834917	-0.09310770900131116	0.8170913356733155	0.6568296432492311	1	1
imitative learning	GO:0098596		6	1	0.4878133102852204	0.7178225072150176	1.465759593120927	0.3988224139625278	1	1
observational learning	GO:0098597		6	1	0.4878133102852204	0.7178225072150176	1.465759593120927	0.3988224139625278	1	1
learned vocalization behavior or vocal learning	GO:0098598		9	1	0.7317199654278307	0.3123573991068531	1.1184395617578968	0.5339052003122138	1	1
cell-cell adhesion	GO:0098609		169	17	13.740074906367042	0.21289660557621515	1.0396075358128092	0.17948585516677218	1	1
monoatomic anion transmembrane transport	GO:0098656		38	3	3.0894842984730624	-0.029391894615203418	0.8607438277072158	0.569478856064477	1	1
inorganic cation import across plasma membrane	GO:0098659		38	5	3.0894842984730624	0.4814337291507873	1.2586915248466826	0.17858005704228283	1	1
inorganic anion transmembrane transport	GO:0098661		50	3	4.065110919043503	-0.3038287403169638	0.6835092571570985	0.7471842673131515	1	1
G protein-coupled serotonin receptor signaling pathway	GO:0098664		13	3	1.056928838951311	1.0432449076496455	1.7660704113290866	0.08293784291634643	1	1
calcium ion import across plasma membrane	GO:0098703		6	1	0.4878133102852204	0.7178225072150176	1.465759593120927	0.34560316721562534	1	1
carbohydrate import across plasma membrane	GO:0098704		6	0	0.4878133102852204	-Inf	0	1	1	1
glucose import across plasma membrane	GO:0098708		5	0	0.4065110919043503	-Inf	0	1	1	1
sodium ion import across plasma membrane	GO:0098719		13	1	1.056928838951311	-0.05536738101846421	0.842769678250708	0.6680506238586684	1	1
maintenance of cell number	GO:0098727		15	0	1.219533275713051	-Inf	0	1	1	1
macromolecule deacylation	GO:0098732		22	1	1.7886488043791415	-0.5814604769152433	0.5334222975217455	0.8453725187098986	1	1
macromolecule depalmitoylation	GO:0098734		7	0	0.5691155286660905	-Inf	0	1	1	1
import across plasma membrane	GO:0098739		82	7	6.6667819072313454	0.04877287823413281	0.9162782145241883	0.47764101060487496	1	1
cell-cell adhesion via plasma-membrane adhesion molecules	GO:0098742		53	2	4.309017574186114	-0.7675627565491039	0.4489125983007186	0.9166009379614765	1	1
detoxification	GO:0098754		53	7	4.309017574186114	0.48520021194626406	1.2618973477898077	0.12654533230483275	1	1
response to interleukin-7	GO:0098760		8	1	0.6504177470469605	0.43014043476323666	1.2153715796146363	0.4926363899231906	1	1
cellular response to interleukin-7	GO:0098761		8	1	0.6504177470469605	0.43014043476323666	1.2153715796146363	0.4926363899231906	1	1
skin epidermis development	GO:0098773		16	1	1.300835494093921	-0.2630067457967087	0.7080691948308241	0.719871464965964	1	1
regulation of renal system process	GO:0098801		5	0	0.4065110919043503	-Inf	0	1	1	1
neurotransmitter reuptake	GO:0098810		15	0	1.219533275713051	-Inf	0	1	1	1
nuclear chromosome segregation	GO:0098813		134	3	10.89449726303659	-1.289645534839729	0.27200193225636515	0.9987611756435357	1	1
modulation of excitatory postsynaptic potential	GO:0098815		5	1	0.4065110919043503	0.9001440640089723	1.6322561791244243	0.34560316721562534	1	1
intestinal lipid absorption	GO:0098856		8	0	0.6504177470469605	-Inf	0	1	1	1
cellular oxidant detoxification	GO:0098869		16	2	1.300835494093921	0.43014043476323666	1.2153715796146363	0.37794987073324315	1	1
vesicle-mediated transport to the plasma membrane	GO:0098876		71	0	5.772457505041774	-Inf	0	1	1	1
regulation of action potential	GO:0098900		32	3	2.601670988187842	0.14245836231145573	0.9856020675923204	0.4671212500551656	1	1
regulation of cardiac muscle cell action potential	GO:0098901		22	1	1.7886488043791415	-0.5814604769152433	0.5334222975217455	0.8453725187098986	1	1
regulation of membrane repolarization during action potential	GO:0098903		5	1	0.4065110919043503	0.9001440640089723	1.6322561791244243	0.34560316721562534	1	1
regulation of cardiac muscle cell action potential involved in regulation of contraction	GO:0098909		6	0	0.4878133102852204	-Inf	0	1	1	1
regulation of ventricular cardiac muscle cell action potential	GO:0098911		9	0	0.7317199654278307	-Inf	0	1	1	1
membrane repolarization during ventricular cardiac muscle cell action potential	GO:0098915		5	2	0.4065110919043503	1.5932912445689176	2.2966101973978796	0.055968935390420846	1	1
anterograde trans-synaptic signaling	GO:0098916		146	16	11.870123883607029	0.2985640769745174	1.107334887487029	0.11422761165304218	1	1
postsynaptic signal transduction	GO:0098926		14	1	1.138231057332181	-0.1294753531721861	0.7928427126816872	0.6680506238586684	1	1
vesicle-mediated transport between endosomal compartments	GO:0098927		24	1	1.9512532411408816	-0.668471853904873	0.49235623876582585	0.8579600324755672	1	1
axonal transport	GO:0098930		13	0	1.056928838951311	-Inf	0	1	1	1
vesicle-mediated transport in synapse	GO:0099003		22	1	1.7886488043791415	-0.5814604769152433	0.5334222975217455	0.8453725187098986	1	1
vesicle tethering	GO:0099022		7	0	0.5691155286660905	-Inf	0	1	1	1
plasma membrane invagination	GO:0099024		20	0	1.6260443676174012	-Inf	0	1	1	1
vesicle tethering to Golgi	GO:0099041		5	0	0.4065110919043503	-Inf	0	1	1	1
clearance of foreign intracellular nucleic acids	GO:0099046		6	0	0.4878133102852204	-Inf	0	1	1	1
presynapse assembly	GO:0099054		11	0	0.8943244021895708	-Inf	0	1	1	1
microtubule-based transport	GO:0099111		67	1	5.447248631518295	-1.6951106429478935	0.18256310844050816	0.9963302768927798	1	1
tRNA 5'-end processing	GO:0099116		14	0	1.138231057332181	-Inf	0	1	1	1
regulation of postsynaptic neurotransmitter receptor internalization	GO:0099149		5	1	0.4065110919043503	0.9001440640089723	1.6322561791244243	0.34560316721562534	1	1
presynapse organization	GO:0099172		13	0	1.056928838951311	-Inf	0	1	1	1
postsynapse organization	GO:0099173		17	2	1.3821377124747911	0.3695158129468019	1.1650191589592633	0.4076084483747464	1	1
regulation of presynapse organization	GO:0099174		14	1	1.138231057332181	-0.1294753531721861	0.7928427126816872	0.6386518936468044	1	1
regulation of postsynapse organization	GO:0099175		18	0	1.4634399308556614	-Inf	0	1	1	1
regulation of trans-synaptic signaling	GO:0099177		59	5	4.796830884471333	0.041482444971453585	0.9110081444288507	0.5140689381347131	1	1
synaptic vesicle cycle	GO:0099504		22	1	1.7886488043791415	-0.5814604769152433	0.5334222975217455	0.8453725187098986	1	1
vesicle cytoskeletal trafficking	GO:0099518		13	1	1.056928838951311	-0.05536738101846421	0.842769678250708	0.6680506238586684	1	1
synaptic signaling	GO:0099536		163	16	13.252261596081821	0.18842049787609144	1.0206643169679708	0.21395127031529873	1	1
trans-synaptic signaling	GO:0099537		150	16	12.195332757130512	0.2715354045865979	1.0857326827712122	0.13600104023359236	1	1
synaptic membrane adhesion	GO:0099560		9	0	0.7317199654278307	-Inf	0	1	1	1
inorganic ion import across plasma membrane	GO:0099587		38	5	3.0894842984730624	0.4814337291507873	1.2586915248466826	0.17858005704228283	1	1
regulation of neurotransmitter receptor activity	GO:0099601		10	1	0.8130221838087006	0.20699688344902697	1.0350244837181672	0.4926363899231906	1	1
cardiac muscle cell membrane repolarization	GO:0099622		14	4	1.138231057332181	1.2568190079477046	1.969621046209867	0.022483434781429536	1	1
regulation of cardiac muscle cell membrane repolarization	GO:0099623		19	2	1.5447421492365312	0.25829017783657743	1.0752242884685586	0.46472284305099365	1	1
ventricular cardiac muscle cell membrane repolarization	GO:0099625		8	3	0.6504177470469605	1.5287527234313463	2.2334492168669837	0.022005104643632888	1	1
signal release from synapse	GO:0099643		15	0	1.219533275713051	-Inf	0	1	1	1
mitotic nuclear membrane organization	GO:0101024		10	0	0.8130221838087006	-Inf	0	1	1	1
cellular response to environmental stimulus	GO:0104004		169	8	13.740074906367042	-0.5408751968001649	0.5535349550449075	0.9664972886326637	1	1
regulation of inflammatory response to wounding	GO:0106014		6	0	0.4878133102852204	-Inf	0	1	1	1
negative regulation of inflammatory response to wounding	GO:0106015		6	0	0.4878133102852204	-Inf	0	1	1	1
neuron projection organization	GO:0106027		11	1	0.8943244021895708	0.11168670364470205	0.9625093145711885	0.6066515058940674	1	1
regulation of cellular response to osmotic stress	GO:0106049		7	0	0.5691155286660905	-Inf	0	1	1	1
regulation of calcineurin-mediated signaling	GO:0106056		20	1	1.6260443676174012	-0.48615029711091834	0.5816356077875019	0.8005189188821835	1	1
negative regulation of calcineurin-mediated signaling	GO:0106057		8	0	0.6504177470469605	-Inf	0	1	1	1
positive regulation of calcineurin-mediated signaling	GO:0106058		11	1	0.8943244021895708	0.11168670364470205	0.9625093145711885	0.5718194031462658	1	1
regulation of adenylate cyclase-activating G protein-coupled receptor signaling pathway	GO:0106070		10	1	0.8130221838087006	0.20699688344902697	1.0350244837181672	0.5718194031462658	1	1
negative regulation of adenylate cyclase-activating G protein-coupled receptor signaling pathway	GO:0106072		9	1	0.7317199654278307	0.3123573991068531	1.1184395617578968	0.5339052003122138	1	1
regulation of sterol biosynthetic process	GO:0106118		17	1	1.3821377124747911	-0.32363136761314343	0.6718259362075856	0.7636073497610661	1	1
positive regulation of sterol biosynthetic process	GO:0106120		9	1	0.7317199654278307	0.3123573991068531	1.1184395617578968	0.5339052003122138	1	1
protein-DNA covalent cross-linking repair	GO:0106300		8	0	0.6504177470469605	-Inf	0	1	1	1
regulation of actomyosin structure organization	GO:0110020		62	2	5.040737539613944	-0.9244052280420735	0.38703219543570105	0.966430238345109	1	1
DNA strand resection involved in replication fork processing	GO:0110025		6	1	0.4878133102852204	0.7178225072150176	1.465759593120927	0.3988224139625278	1	1
regulation of actin filament organization	GO:0110053		134	5	10.89449726303659	-0.7788199110737384	0.4441951915478248	0.9862086423040609	1	1
regulation of ferroptosis	GO:0110075		15	2	1.219533275713051	0.4946789559008079	1.2699797904718395	0.3476856241627394	1	1
negative regulation of ferroptosis	GO:0110076		11	1	0.8943244021895708	0.11168670364470205	0.9625093145711885	0.6066515058940674	1	1
cellular detoxification of aldehyde	GO:0110095		5	0	0.4065110919043503	-Inf	0	1	1	1
cellular response to aldehyde	GO:0110096		5	0	0.4065110919043503	-Inf	0	1	1	1
regulation of calcium import into the mitochondrion	GO:0110097		6	1	0.4878133102852204	0.7178225072150176	1.465759593120927	0.3988224139625278	1	1
positive regulation of animal organ morphogenesis	GO:0110110		5	1	0.4065110919043503	0.9001440640089723	1.6322561791244243	0.34560316721562534	1	1
RNA decapping	GO:0110154		9	0	0.7317199654278307	-Inf	0	1	1	1
methylguanosine-cap decapping	GO:0110156		6	0	0.4878133102852204	-Inf	0	1	1	1
regulation of plasma membrane bounded cell projection assembly	GO:0120032		140	9	11.38231057332181	-0.23483586883001226	0.7253901773779863	0.7993550092265084	1	1
negative regulation of plasma membrane bounded cell projection assembly	GO:0120033		29	2	2.3577643330452323	-0.16456667298345615	0.7699120039827155	0.6952882846077232	1	1
positive regulation of plasma membrane bounded cell projection assembly	GO:0120034		58	3	4.7155286660904645	-0.45224874543523724	0.5996138812232417	0.860941424881039	1	1
plasma membrane bounded cell projection morphogenesis	GO:0120039		81	11	6.585479688850475	0.5130280945690044	1.2856848159229393	0.0628856058515706	1	1
regulation of macrophage proliferation	GO:0120040		5	0	0.4065110919043503	-Inf	0	1	1	1
positive regulation of macrophage proliferation	GO:0120041		5	0	0.4065110919043503	-Inf	0	1	1	1
steroid hormone biosynthetic process	GO:0120178		26	2	2.113857677902622	-0.05536738101846421	0.842769678250708	0.614578309981989	1	1
negative regulation of protein localization to chromatin	GO:0120186		5	0	0.4065110919043503	-Inf	0	1	1	1
tight junction assembly	GO:0120192		21	4	1.7073465859982713	0.8513538998395402	1.5872182658801237	0.07395053587250522	1	1
tight junction organization	GO:0120193		21	4	1.7073465859982713	0.8513538998395402	1.5872182658801237	0.07395053587250522	1	1
hydrocarbon metabolic process	GO:0120252		5	0	0.4065110919043503	-Inf	0	1	1	1
olefinic compound metabolic process	GO:0120254		77	4	6.260270815326995	-0.4479290842907205	0.6019361320073551	0.8619291907135047	1	1
olefinic compound biosynthetic process	GO:0120255		8	1	0.6504177470469605	0.43014043476323666	1.2153715796146363	0.4926363899231906	1	1
sperm flagellum assembly	GO:0120316		16	0	1.300835494093921	-Inf	0	1	1	1
meiotic nuclear division	GO:0140013		28	1	2.276462114664362	-0.8226225337321315	0.42625261943192866	0.8899046725514381	1	1
mitotic nuclear division	GO:0140014		125	4	10.162777297608757	-0.9324373997393377	0.3840802016706424	0.9913529516052472	1	1
exocytic process	GO:0140029		11	0	0.8943244021895708	-Inf	0	1	1	1
lipid droplet formation	GO:0140042		13	0	1.056928838951311	-Inf	0	1	1	1
cellular response to oxidised low-density lipoprotein particle stimulus	GO:0140052		8	0	0.6504177470469605	-Inf	0	1	1	1
mitochondrial gene expression	GO:0140053		48	3	3.9025064822817632	-0.2630067457967087	0.7080691948308241	0.7471842673131515	1	1
organelle localization by membrane tethering	GO:0140056		24	0	1.9512532411408816	-Inf	0	1	1	1
interleukin-10-mediated signaling pathway	GO:0140105		6	2	0.4878133102852204	1.410969687774963	2.118668245703817	0.07950693348111477	1	1
extracellular vesicle biogenesis	GO:0140112		6	1	0.4878133102852204	0.7178225072150176	1.465759593120927	0.3988224139625278	1	1
export across plasma membrane	GO:0140115		35	3	2.8455776433304525	0.05284620362176866	0.9192306947767647	0.5299709995667566	1	1
positive regulation of lymphocyte chemotaxis	GO:0140131		13	0	1.056928838951311	-Inf	0	1	1	1
regulation of long-chain fatty acid import into cell	GO:0140212		5	1	0.4065110919043503	0.9001440640089723	1.6322561791244243	0.34560316721562534	1	1
presynaptic endocytosis	GO:0140238		9	0	0.7317199654278307	-Inf	0	1	1	1
cell-cell fusion	GO:0140253		14	0	1.138231057332181	-Inf	0	1	1	1
hexose import across plasma membrane	GO:0140271		6	0	0.4878133102852204	-Inf	0	1	1	1
export from cell	GO:0140352		167	5	13.577470469605302	-0.9989739235395821	0.3604040655906525	0.9980110890223459	1	1
lipid import into cell	GO:0140354		7	0	0.5691155286660905	-Inf	0	1	1	1
cyclic-GMP-AMP transmembrane import across plasma membrane	GO:0140361		6	0	0.4878133102852204	-Inf	0	1	1	1
antibacterial innate immune response	GO:0140367		6	0	0.4878133102852204	-Inf	0	1	1	1
antiviral innate immune response	GO:0140374		52	1	4.227715355805244	-1.4416617421383549	0.23438249745879713	0.9856809192828183	1	1
signaling receptor ligand precursor processing	GO:0140448		27	0	2.1951598962834917	-Inf	0	1	1	1
integrated stress response signaling	GO:0140467		15	0	1.219533275713051	-Inf	0	1	1	1
HRI-mediated signaling	GO:0140468		7	0	0.5691155286660905	-Inf	0	1	1	1
negative regulation of mitotic spindle assembly checkpoint signaling	GO:0140499		5	0	0.4065110919043503	-Inf	0	1	1	1
granzyme-mediated programmed cell death signaling pathway	GO:0140507		8	0	0.6504177470469605	-Inf	0	1	1	1
reciprocal homologous recombination	GO:0140527		18	1	1.4634399308556614	-0.3807897814530922	0.6389495026159213	0.7426662379148121	1	1
ubiquitin-dependent protein catabolic process via the C-end degron rule pathway	GO:0140627		12	0	0.9756266205704408	-Inf	0	1	1	1
canonical inflammasome complex assembly	GO:0140632		5	0	0.4065110919043503	-Inf	0	1	1	1
transcription elongation-coupled chromatin remodeling	GO:0140673		6	0	0.4878133102852204	-Inf	0	1	1	1
non-membrane-bounded organelle assembly	GO:0140694		195	9	15.853932584269662	-0.5661930047844548	0.5409161061595964	0.9788186845862564	1	1
facultative heterochromatin formation	GO:0140718		5	0	0.4065110919043503	-Inf	0	1	1	1
constitutive heterochromatin formation	GO:0140719		19	0	1.5447421492365312	-Inf	0	1	1	1
DNA repair-dependent chromatin remodeling	GO:0140861		21	0	1.7073465859982713	-Inf	0	1	1	1
interferon-mediated signaling pathway	GO:0140888		23	4	1.8699510227600116	0.7603821216338135	1.5041640345098577	0.11177630511791865	1	1
endolysosomal toll-like receptor signaling pathway	GO:0140894		17	1	1.3821377124747911	-0.32363136761314343	0.6718259362075856	0.7636073497610661	1	1
cell surface toll-like receptor signaling pathway	GO:0140895		27	1	2.1951598962834917	-0.7862548895612564	0.4411034563476793	0.8801462387911566	1	1
cGAS/STING signaling pathway	GO:0140896		5	0	0.4065110919043503	-Inf	0	1	1	1
multicellular organismal-level chemical homeostasis	GO:0140962		35	1	2.8455776433304525	-1.045766085046341	0.3445638924647699	0.9442009692082878	1	1
retrotransposon silencing by heterochromatin formation	GO:0141005		5	0	0.4065110919043503	-Inf	0	1	1	1
disruption of anatomical structure in another organism	GO:0141060		86	3	6.991990780754826	-0.8461530311423254	0.4168819633630108	0.9525937176146889	1	1
disruption of cell in another organism	GO:0141061		82	1	6.6667819072313454	-1.8971372708211804	0.14944055600316059	0.997798314181821	1	1
inflammasome-mediated signaling pathway	GO:0141084		5	0	0.4065110919043503	-Inf	0	1	1	1
regulation of inflammasome-mediated signaling pathway	GO:0141085		38	1	3.0894842984730624	-1.1280041832833132	0.3182777063931638	0.9567574160045956	1	1
negative regulation of inflammasome-mediated signaling pathway	GO:0141086		21	0	1.7073465859982713	-Inf	0	1	1	1
positive regulation of inflammasome-mediated signaling pathway	GO:0141087		17	1	1.3821377124747911	-0.32363136761314343	0.6718259362075856	0.7636073497610661	1	1
regulation of protein localization to lysosome	GO:0150031		5	0	0.4065110919043503	-Inf	0	1	1	1
visual system development	GO:0150063		53	3	4.309017574186114	-0.36209764844093945	0.6495625078402528	0.7840080594378261	1	1
neuroinflammatory response	GO:0150076		7	2	0.5691155286660905	1.2568190079477046	1.969621046209867	0.10545856340092526	1	1
regulation of neuroinflammatory response	GO:0150077		14	1	1.138231057332181	-0.1294753531721861	0.7928427126816872	0.6950590755790824	1	1
positive regulation of neuroinflammatory response	GO:0150078		9	0	0.7317199654278307	-Inf	0	1	1	1
amyloid-beta clearance by transcytosis	GO:0150093		7	1	0.5691155286660905	0.5636718273877592	1.3294211503564923	0.4477163890561283	1	1
amyloid-beta clearance by cellular catabolic process	GO:0150094		6	0	0.4878133102852204	-Inf	0	1	1	1
transport across blood-brain barrier	GO:0150104		15	0	1.219533275713051	-Inf	0	1	1	1
protein localization to cell-cell junction	GO:0150105		12	1	0.9756266205704408	0.024675326655072338	0.898928862739797	0.6386518936468044	1	1
regulation of protein localization to cell-cell junction	GO:0150106		6	0	0.4878133102852204	-Inf	0	1	1	1
cell-substrate junction organization	GO:0150115		21	3	1.7073465859982713	0.5636718273877593	1.3294211503564923	0.2411181636487546	1	1
regulation of cell-substrate junction organization	GO:0150116		47	4	3.8212042639008934	0.04572873585290452	0.9140754504493451	0.5381672709817001	1	1
positive regulation of cell-substrate junction organization	GO:0150117		17	2	1.3821377124747911	0.3695158129468019	1.1650191589592633	0.4076084483747464	1	1
negative regulation of cell-substrate junction organization	GO:0150118		12	1	0.9756266205704408	0.024675326655072338	0.898928862739797	0.6386518936468044	1	1
negative regulation of cGAS/STING signaling pathway	GO:0160049		15	0	1.219533275713051	-Inf	0	1	1	1
multi-pass transmembrane protein insertion into ER membrane	GO:0160063		9	0	0.7317199654278307	-Inf	0	1	1	1
lipid droplet fusion	GO:0160077		5	0	0.4065110919043503	-Inf	0	1	1	1
co-transcriptional mRNA 3'-end processing, cleavage and polyadenylation pathway	GO:0180010		8	0	0.6504177470469605	-Inf	0	1	1	1
co-transcriptional RNA 3'-end processing, cleavage and polyadenylation pathway	GO:0180012		10	0	0.8130221838087006	-Inf	0	1	1	1
regulation of cytokine production involved in inflammatory response	GO:1900015		33	2	2.6829732065687124	-0.2937784044634623	0.6894965182132737	0.761488837763183	1	1
negative regulation of cytokine production involved in inflammatory response	GO:1900016		16	2	1.300835494093921	0.43014043476323666	1.2153715796146363	0.37794987073324315	1	1
positive regulation of cytokine production involved in inflammatory response	GO:1900017		14	0	1.138231057332181	-Inf	0	1	1	1
regulation of substrate adhesion-dependent cell spreading	GO:1900024		42	1	3.4146931719965425	-1.2280876418402957	0.2888198883263806	0.9717289383377405	1	1
negative regulation of substrate adhesion-dependent cell spreading	GO:1900025		10	0	0.8130221838087006	-Inf	0	1	1	1
positive regulation of substrate adhesion-dependent cell spreading	GO:1900026		29	1	2.3577643330452323	-0.8577138535434015	0.41234573348900533	0.9146689247438466	1	1
regulation of ruffle assembly	GO:1900027		13	1	1.056928838951311	-0.05536738101846421	0.842769678250708	0.6680506238586684	1	1
positive regulation of ruffle assembly	GO:1900029		7	0	0.5691155286660905	-Inf	0	1	1	1
regulation of cellular response to heat	GO:1900034		15	1	1.219533275713051	-0.1984682246591374	0.7481986024927316	0.719871464965964	1	1
regulation of cellular response to hypoxia	GO:1900037		10	0	0.8130221838087006	-Inf	0	1	1	1
negative regulation of cellular response to hypoxia	GO:1900038		6	0	0.4878133102852204	-Inf	0	1	1	1
regulation of protein K63-linked ubiquitination	GO:1900044		11	0	0.8943244021895708	-Inf	0	1	1	1
regulation of hemostasis	GO:1900046		46	4	3.739902045520023	0.06723494107386813	0.9297056732049866	0.5208406195644519	1	1
negative regulation of hemostasis	GO:1900047		33	3	2.6829732065687124	0.11168670364470205	0.9625093145711885	0.5094714938784041	1	1
positive regulation of hemostasis	GO:1900048		14	1	1.138231057332181	-0.1294753531721861	0.7928427126816872	0.6950590755790824	1	1
regulation of cellular response to insulin stimulus	GO:1900076		32	2	2.601670988187842	-0.2630067457967087	0.7080691948308241	0.7301085305639006	1	1
negative regulation of cellular response to insulin stimulus	GO:1900077		20	2	1.6260443676174012	0.20699688344902697	1.0350244837181672	0.46472284305099365	1	1
positive regulation of cellular response to insulin stimulus	GO:1900078		8	0	0.6504177470469605	-Inf	0	1	1	1
positive regulation of G1/S transition of mitotic cell cycle	GO:1900087		27	2	2.1951598962834917	-0.09310770900131116	0.8170913356733155	0.614578309981989	1	1
regulation of endoplasmic reticulum unfolded protein response	GO:1900101		28	1	2.276462114664362	-0.8226225337321315	0.42625261943192866	0.9071040750839803	1	1
negative regulation of endoplasmic reticulum unfolded protein response	GO:1900102		15	0	1.219533275713051	-Inf	0	1	1	1
positive regulation of endoplasmic reticulum unfolded protein response	GO:1900103		11	1	0.8943244021895708	0.11168670364470205	0.9625093145711885	0.6066515058940674	1	1
extracellular regulation of signal transduction	GO:1900115		6	1	0.4878133102852204	0.7178225072150176	1.465759593120927	0.3988224139625278	1	1
extracellular negative regulation of signal transduction	GO:1900116		6	1	0.4878133102852204	0.7178225072150176	1.465759593120927	0.3988224139625278	1	1
regulation of execution phase of apoptosis	GO:1900117		14	1	1.138231057332181	-0.1294753531721861	0.7928427126816872	0.6950590755790824	1	1
positive regulation of execution phase of apoptosis	GO:1900119		12	1	0.9756266205704408	0.024675326655072338	0.898928862739797	0.6386518936468044	1	1
regulation of receptor binding	GO:1900120		6	1	0.4878133102852204	0.7178225072150176	1.465759593120927	0.3988224139625278	1	1
regulation of hyaluronan biosynthetic process	GO:1900125		6	0	0.4878133102852204	-Inf	0	1	1	1
regulation of defense response to fungus	GO:1900150		5	0	0.4065110919043503	-Inf	0	1	1	1
regulation of nuclear-transcribed mRNA catabolic process, deadenylation-dependent decay	GO:1900151		20	0	1.6260443676174012	-Inf	0	1	1	1
negative regulation of nuclear-transcribed mRNA catabolic process, deadenylation-dependent decay	GO:1900152		12	0	0.9756266205704408	-Inf	0	1	1	1
positive regulation of nuclear-transcribed mRNA catabolic process, deadenylation-dependent decay	GO:1900153		8	0	0.6504177470469605	-Inf	0	1	1	1
regulation of protein localization to nucleus	GO:1900180		83	5	6.748084125612215	-0.29982071891942486	0.6858922919330448	0.8067845709616056	1	1
negative regulation of protein localization to nucleus	GO:1900181		20	0	1.6260443676174012	-Inf	0	1	1	1
positive regulation of protein localization to nucleus	GO:1900182		55	5	4.471622010947854	0.11168670364470205	0.9625093145711885	0.46640532249586053	1	1
regulation of amyloid-beta clearance	GO:1900221		10	2	0.8130221838087006	0.9001440640089723	1.6322561791244243	0.1624859068110088	1	1
regulation of NLRP3 inflammasome complex assembly	GO:1900225		34	1	2.7642754249495822	-1.0167785481730887	0.354299371971894	0.9392526672507046	1	1
negative regulation of NLRP3 inflammasome complex assembly	GO:1900226		17	0	1.3821377124747911	-Inf	0	1	1	1
positive regulation of NLRP3 inflammasome complex assembly	GO:1900227		17	1	1.3821377124747911	-0.32363136761314343	0.6718259362075856	0.7636073497610661	1	1
positive regulation of RIG-I signaling pathway	GO:1900246		10	0	0.8130221838087006	-Inf	0	1	1	1
positive regulation of DNA-directed DNA polymerase activity	GO:1900264		9	0	0.7317199654278307	-Inf	0	1	1	1
regulation of long-term synaptic potentiation	GO:1900271		5	0	0.4065110919043503	-Inf	0	1	1	1
regulation of post-transcriptional gene silencing by regulatory ncRNA	GO:1900368		22	1	1.7886488043791415	-0.5814604769152433	0.5334222975217455	0.8453725187098986	1	1
negative regulation of post-transcriptional gene silencing by regulatory ncRNA	GO:1900369		12	0	0.9756266205704408	-Inf	0	1	1	1
positive regulation of post-transcriptional gene silencing by RNA	GO:1900370		11	1	0.8943244021895708	0.11168670364470205	0.9625093145711885	0.6066515058940674	1	1
regulation of purine nucleotide biosynthetic process	GO:1900371		10	1	0.8130221838087006	0.20699688344902697	1.0350244837181672	0.5718194031462658	1	1
positive regulation of purine nucleotide biosynthetic process	GO:1900373		5	1	0.4065110919043503	0.9001440640089723	1.6322561791244243	0.34560316721562534	1	1
regulation of secondary metabolite biosynthetic process	GO:1900376		9	0	0.7317199654278307	-Inf	0	1	1	1
positive regulation of secondary metabolite biosynthetic process	GO:1900378		7	0	0.5691155286660905	-Inf	0	1	1	1
regulation of cellular response to oxidative stress	GO:1900407		5	0	0.4065110919043503	-Inf	0	1	1	1
regulation of defense response to bacterium	GO:1900424		12	0	0.9756266205704408	-Inf	0	1	1	1
positive regulation of defense response to bacterium	GO:1900426		10	0	0.8130221838087006	-Inf	0	1	1	1
regulation of purine nucleotide metabolic process	GO:1900542		46	3	3.739902045520023	-0.22044713137791272	0.734354080755392	0.7338427569090165	1	1
negative regulation of purine nucleotide metabolic process	GO:1900543		14	1	1.138231057332181	-0.1294753531721861	0.7928427126816872	0.6950590755790824	1	1
positive regulation of purine nucleotide metabolic process	GO:1900544		19	2	1.5447421492365312	0.25829017783657743	1.0752242884685586	0.46472284305099365	1	1
regulation of p38MAPK cascade	GO:1900744		28	1	2.276462114664362	-0.8226225337321315	0.42625261943192866	0.9071040750839803	1	1
positive regulation of p38MAPK cascade	GO:1900745		18	0	1.4634399308556614	-Inf	0	1	1	1
regulation of vascular endothelial growth factor signaling pathway	GO:1900746		22	3	1.7886488043791415	0.5171518117528665	1.28922485465582	0.2636608978837491	1	1
negative regulation of vascular endothelial growth factor signaling pathway	GO:1900747		9	1	0.7317199654278307	0.3123573991068531	1.1184395617578968	0.5339052003122138	1	1
positive regulation of vascular endothelial growth factor signaling pathway	GO:1900748		12	2	0.9756266205704408	0.7178225072150176	1.465759593120927	0.25464724061396	1	1
mitochondrial RNA modification	GO:1900864		10	0	0.8130221838087006	-Inf	0	1	1	1
regulation of potassium ion transmembrane transporter activity	GO:1901016		13	2	1.056928838951311	0.6377797995414811	1.3943947275951296	0.22349837566824932	1	1
negative regulation of potassium ion transmembrane transporter activity	GO:1901017		7	2	0.5691155286660905	1.2568190079477046	1.969621046209867	0.10545856340092526	1	1
positive regulation of potassium ion transmembrane transporter activity	GO:1901018		6	0	0.4878133102852204	-Inf	0	1	1	1
regulation of calcium ion transmembrane transporter activity	GO:1901019		25	2	2.0325554595217517	-0.01614666786518275	0.8700023797642876	0.614578309981989	1	1
negative regulation of calcium ion transmembrane transporter activity	GO:1901020		11	2	0.8943244021895708	0.8048338842046474	1.54458986784587	0.22349837566824932	1	1
positive regulation of calcium ion transmembrane transporter activity	GO:1901021		9	0	0.7317199654278307	-Inf	0	1	1	1
regulation of mitochondrial outer membrane permeabilization involved in apoptotic signaling pathway	GO:1901028		15	1	1.219533275713051	-0.1984682246591374	0.7481986024927316	0.719871464965964	1	1
negative regulation of mitochondrial outer membrane permeabilization involved in apoptotic signaling pathway	GO:1901029		8	0	0.6504177470469605	-Inf	0	1	1	1
positive regulation of mitochondrial outer membrane permeabilization involved in apoptotic signaling pathway	GO:1901030		5	1	0.4065110919043503	0.9001440640089723	1.6322561791244243	0.34560316721562534	1	1
glucosamine-containing compound metabolic process	GO:1901071		12	1	0.9756266205704408	0.024675326655072338	0.898928862739797	0.6386518936468044	1	1
regulation of relaxation of muscle	GO:1901077		8	1	0.6504177470469605	0.43014043476323666	1.2153715796146363	0.4926363899231906	1	1
regulation of autophagosome maturation	GO:1901096		16	2	1.300835494093921	0.43014043476323666	1.2153715796146363	0.37794987073324315	1	1
negative regulation of autophagosome maturation	GO:1901097		5	0	0.4065110919043503	-Inf	0	1	1	1
positive regulation of autophagosome maturation	GO:1901098		7	0	0.5691155286660905	-Inf	0	1	1	1
negative regulation of signal transduction in absence of ligand	GO:1901099		19	2	1.5447421492365312	0.25829017783657743	1.0752242884685586	0.46472284305099365	1	1
carbohydrate derivative catabolic process	GO:1901136		124	7	10.081475079227888	-0.3647894401066509	0.648025878559961	0.8761681461470079	1	1
insulin metabolic process	GO:1901142		9	0	0.7317199654278307	-Inf	0	1	1	1
regulation of trophoblast cell migration	GO:1901163		15	1	1.219533275713051	-0.1984682246591374	0.7481986024927316	0.719871464965964	1	1
negative regulation of trophoblast cell migration	GO:1901164		6	1	0.4878133102852204	0.7178225072150176	1.465759593120927	0.3988224139625278	1	1
positive regulation of trophoblast cell migration	GO:1901165		7	0	0.5691155286660905	-Inf	0	1	1	1
regulation of ERBB signaling pathway	GO:1901184		50	2	4.065110919043503	-0.7092938484251281	0.47403735255445417	0.9221256412332952	1	1
negative regulation of ERBB signaling pathway	GO:1901185		23	1	1.8699510227600116	-0.6259122394860772	0.5120958595639823	0.8579600324755672	1	1
positive regulation of ERBB signaling pathway	GO:1901186		21	1	1.7073465859982713	-0.5349404612803503	0.5565277263826629	0.8316703660941647	1	1
regulation of extracellular matrix assembly	GO:1901201		8	1	0.6504177470469605	0.43014043476323666	1.2153715796146363	0.4926363899231906	1	1
positive regulation of extracellular matrix assembly	GO:1901203		6	1	0.4878133102852204	0.7178225072150176	1.465759593120927	0.3988224139625278	1	1
regulation of non-canonical NF-kappaB signal transduction	GO:1901222		61	3	4.959435321233074	-0.5026795990621289	0.5730285525562685	0.8443581956115911	1	1
negative regulation of non-canonical NF-kappaB signal transduction	GO:1901223		21	2	1.7073465859982713	0.15820671927959495	0.9975397110662905	0.43655979518260835	1	1
positive regulation of non-canonical NF-kappaB signal transduction	GO:1901224		40	1	3.2520887352348025	-1.1792974776708636	0.30284420349642827	0.9635170032415239	1	1
regulation of macrophage colony-stimulating factor production	GO:1901256		5	1	0.4065110919043503	0.9001440640089723	1.6322561791244243	0.34560316721562534	1	1
carbohydrate derivative transport	GO:1901264		60	0	4.878133102852204	-Inf	0	1	1	1
nucleoside phosphate catabolic process	GO:1901292		67	4	5.447248631518295	-0.30881628182800286	0.6805524566023529	0.7852041820454497	1	1
nucleoside phosphate biosynthetic process	GO:1901293		149	6	12.11403053874964	-0.7026048602743316	0.4769982027290353	0.9829734182345696	1	1
regulation of hydrogen peroxide-mediated programmed cell death	GO:1901298		6	0	0.4878133102852204	-Inf	0	1	1	1
negative regulation of hydrogen peroxide-mediated programmed cell death	GO:1901299		6	0	0.4878133102852204	-Inf	0	1	1	1
regulation of flagellated sperm motility	GO:1901317		11	1	0.8943244021895708	0.11168670364470205	0.9625093145711885	0.6066515058940674	1	1
lactone metabolic process	GO:1901334		10	0	0.8130221838087006	-Inf	0	1	1	1
regulation of store-operated calcium channel activity	GO:1901339		7	0	0.5691155286660905	-Inf	0	1	1	1
positive regulation of store-operated calcium channel activity	GO:1901341		6	0	0.4878133102852204	-Inf	0	1	1	1
regulation of vasculature development	GO:1901342		195	17	15.853932584269662	0.06979576193554192	0.9315773583902941	0.40183333954006467	1	1
negative regulation of vasculature development	GO:1901343		80	8	6.504177470469605	0.20699688344902697	1.0350244837181672	0.3120472953042506	1	1
regulation of potassium ion transmembrane transport	GO:1901379		42	3	3.4146931719965425	-0.12947535317218598	0.7928427126816873	0.6420242090545026	1	1
negative regulation of potassium ion transmembrane transport	GO:1901380		15	2	1.219533275713051	0.4946789559008079	1.2699797904718395	0.3476856241627394	1	1
positive regulation of potassium ion transmembrane transport	GO:1901381		21	1	1.7073465859982713	-0.5349404612803503	0.5565277263826629	0.8005189188821835	1	1
regulation of voltage-gated calcium channel activity	GO:1901385		9	0	0.7317199654278307	-Inf	0	1	1	1
negative regulation of voltage-gated calcium channel activity	GO:1901386		6	0	0.4878133102852204	-Inf	0	1	1	1
pyruvate transmembrane transport	GO:1901475		5	0	0.4065110919043503	-Inf	0	1	1	1
ether biosynthetic process	GO:1901503		8	0	0.6504177470469605	-Inf	0	1	1	1
regulation of endothelial tube morphogenesis	GO:1901509		5	1	0.4065110919043503	0.9001440640089723	1.6322561791244243	0.34560316721562534	1	1
icosanoid catabolic process	GO:1901523		6	0	0.4878133102852204	-Inf	0	1	1	1
regulation of mitophagy	GO:1901524		25	0	2.0325554595217517	-Inf	0	1	1	1
negative regulation of mitophagy	GO:1901525		5	0	0.4065110919043503	-Inf	0	1	1	1
positive regulation of mitophagy	GO:1901526		16	0	1.300835494093921	-Inf	0	1	1	1
regulation of hematopoietic progenitor cell differentiation	GO:1901532		13	0	1.056928838951311	-Inf	0	1	1	1
negative regulation of hematopoietic progenitor cell differentiation	GO:1901533		6	0	0.4878133102852204	-Inf	0	1	1	1
regulation of endothelial cell development	GO:1901550		16	0	1.300835494093921	-Inf	0	1	1	1
positive regulation of endothelial cell development	GO:1901552		6	0	0.4878133102852204	-Inf	0	1	1	1
fatty acid derivative metabolic process	GO:1901568		56	0	4.552924229328724	-Inf	0	1	1	1
fatty acid derivative catabolic process	GO:1901569		10	0	0.8130221838087006	-Inf	0	1	1	1
fatty acid derivative biosynthetic process	GO:1901570		40	0	3.2520887352348025	-Inf	0	1	1	1
alpha-amino acid metabolic process	GO:1901605		129	5	10.487986171132238	-0.7407925154844991	0.4603076278546952	0.9769662905069294	1	1
alpha-amino acid catabolic process	GO:1901606		66	4	5.365946413137425	-0.2937784044634623	0.6894965182132737	0.7641582278693521	1	1
alpha-amino acid biosynthetic process	GO:1901607		30	1	2.439066551426102	-0.8916154052190828	0.3992974436281704	0.9146689247438466	1	1
regulation of lymphocyte chemotaxis	GO:1901623		17	0	1.3821377124747911	-Inf	0	1	1	1
nucleoside transmembrane transport	GO:1901642		6	0	0.4878133102852204	-Inf	0	1	1	1
response to ketone	GO:1901654		51	3	4.146413137424373	-0.32363136761314343	0.6718259362075856	0.7840080594378261	1	1
cellular response to ketone	GO:1901655		34	2	2.7642754249495822	-0.32363136761314343	0.6718259362075856	0.761488837763183	1	1
glycosyl compound metabolic process	GO:1901657		49	2	3.9838087006626335	-0.6890911411076086	0.4830286855608099	0.9107093055889706	1	1
glycosyl compound catabolic process	GO:1901658		20	0	1.6260443676174012	-Inf	0	1	1	1
glycosyl compound biosynthetic process	GO:1901659		11	0	0.8943244021895708	-Inf	0	1	1	1
quinone metabolic process	GO:1901661		19	1	1.5447421492365312	-0.43485700272336786	0.609007163082252	0.8005189188821835	1	1
quinone biosynthetic process	GO:1901663		16	0	1.300835494093921	-Inf	0	1	1	1
regulation of mitotic spindle assembly	GO:1901673		23	0	1.8699510227600116	-Inf	0	1	1	1
iron coordination entity transport	GO:1901678		6	1	0.4878133102852204	0.7178225072150176	1.465759593120927	0.3988224139625278	1	1
nucleotide transmembrane transport	GO:1901679		17	0	1.3821377124747911	-Inf	0	1	1	1
regulation of cell proliferation involved in kidney development	GO:1901722		5	0	0.4065110919043503	-Inf	0	1	1	1
positive regulation of platelet aggregation	GO:1901731		10	1	0.8130221838087006	0.20699688344902697	1.0350244837181672	0.5718194031462658	1	1
regulation of signal transduction by p53 class mediator	GO:1901796		90	8	7.317199654278306	0.0892138477926435	0.9458422393028091	0.437881103409845	1	1
negative regulation of signal transduction by p53 class mediator	GO:1901797		30	4	2.439066551426102	0.4946789559008079	1.2699797904718395	0.2240847932658868	1	1
positive regulation of signal transduction by p53 class mediator	GO:1901798		26	1	2.113857677902622	-0.7485145615784096	0.4569950042886458	0.8899046725514381	1	1
negative regulation of proteasomal protein catabolic process	GO:1901799		41	3	3.3333909536156727	-0.10537780159312553	0.8088553720269323	0.6587509440236221	1	1
positive regulation of proteasomal protein catabolic process	GO:1901800		75	6	6.097666378565256	-0.016146667865182974	0.8700023797642875	0.5642163696505038	1	1
regulation of transcription of nucleolar large rRNA by RNA polymerase I	GO:1901836		14	0	1.138231057332181	-Inf	0	1	1	1
positive regulation of transcription of nucleolar large rRNA by RNA polymerase I	GO:1901838		10	0	0.8130221838087006	-Inf	0	1	1	1
regulation of cell communication by electrical coupling involved in cardiac conduction	GO:1901844		8	2	0.6504177470469605	1.1232876153231819	1.8418840104221779	0.13327638298668934	1	1
positive regulation of cellular respiration	GO:1901857		12	0	0.9756266205704408	-Inf	0	1	1	1
regulation of mitochondrial DNA metabolic process	GO:1901858		6	1	0.4878133102852204	0.7178225072150176	1.465759593120927	0.3988224139625278	1	1
regulation of muscle tissue development	GO:1901861		10	0	0.8130221838087006	-Inf	0	1	1	1
negative regulation of muscle tissue development	GO:1901862		5	0	0.4065110919043503	-Inf	0	1	1	1
regulation of post-translational protein modification	GO:1901873		171	8	13.90267934312878	-0.5526400383797512	0.5476412807644452	0.9709073706584452	1	1
negative regulation of post-translational protein modification	GO:1901874		64	1	5.203341976375684	-1.6493011069165993	0.1910203731357861	0.9956491435583866	1	1
positive regulation of post-translational protein modification	GO:1901875		102	8	8.292826274848746	-0.03594929516136241	0.8561833920091366	0.5836333635178557	1	1
regulation of protein depolymerization	GO:1901879		33	1	2.6829732065687124	-0.9869255850234077	0.36458975219432327	0.9392526672507046	1	1
negative regulation of protein depolymerization	GO:1901880		20	1	1.6260443676174012	-0.48615029711091834	0.5816356077875019	0.8167549482694262	1	1
positive regulation of protein depolymerization	GO:1901881		12	0	0.9756266205704408	-Inf	0	1	1	1
regulation of cell junction assembly	GO:1901888		96	6	7.8050129645635264	-0.2630067457967087	0.7080691948308241	0.7775005350570782	1	1
negative regulation of cell junction assembly	GO:1901889		17	1	1.3821377124747911	-0.32363136761314343	0.6718259362075856	0.7636073497610661	1	1
positive regulation of cell junction assembly	GO:1901890		34	4	2.7642754249495822	0.3695158129468019	1.1650191589592633	0.278901648385059	1	1
positive regulation of mitotic sister chromatid separation	GO:1901970		11	1	0.8943244021895708	0.11168670364470205	0.9625093145711885	0.6066515058940674	1	1
regulation of cell cycle checkpoint	GO:1901976		26	0	2.113857677902622	-Inf	0	1	1	1
negative regulation of cell cycle checkpoint	GO:1901977		7	0	0.5691155286660905	-Inf	0	1	1	1
positive regulation of cell cycle checkpoint	GO:1901978		10	0	0.8130221838087006	-Inf	0	1	1	1
regulation of protein acetylation	GO:1901983		8	0	0.6504177470469605	-Inf	0	1	1	1
positive regulation of protein acetylation	GO:1901985		5	0	0.4065110919043503	-Inf	0	1	1	1
negative regulation of cell cycle phase transition	GO:1901988		147	6	11.9514261019879	-0.6890911411076086	0.4830286855608099	0.9788908691751869	1	1
positive regulation of cell cycle phase transition	GO:1901989		73	5	5.935061941803514	-0.1714395522712181	0.7654749777729107	0.682584527725642	1	1
negative regulation of mitotic cell cycle phase transition	GO:1901991		105	4	8.536732929991357	-0.7580840125945603	0.45291877817274007	0.9739377506997053	1	1
positive regulation of mitotic cell cycle phase transition	GO:1901992		57	5	4.634226447709594	0.07596862104262286	0.9360982190931653	0.46640532249586053	1	1
fatty acid transmembrane transport	GO:1902001		11	0	0.8943244021895708	-Inf	0	1	1	1
regulation of amyloid-beta formation	GO:1902003		29	3	2.3577643330452323	0.2408984351247081	1.0615050417925094	0.4232160450973199	1	1
positive regulation of amyloid-beta formation	GO:1902004		14	1	1.138231057332181	-0.1294753531721861	0.7928427126816872	0.6950590755790824	1	1
regulation of cilium assembly	GO:1902017		75	4	6.097666378565256	-0.4216117759733474	0.6162385955958061	0.8547476264472944	1	1
negative regulation of cilium assembly	GO:1902018		22	1	1.7886488043791415	-0.5814604769152433	0.5334222975217455	0.8453725187098986	1	1
regulation of cilium-dependent cell motility	GO:1902019		13	1	1.056928838951311	-0.05536738101846421	0.842769678250708	0.6680506238586684	1	1
L-lysine transport	GO:1902022		6	0	0.4878133102852204	-Inf	0	1	1	1
regulation of NADP metabolic process	GO:1902031		5	1	0.4065110919043503	0.9001440640089723	1.6322561791244243	0.34560316721562534	1	1
regulation of hematopoietic stem cell proliferation	GO:1902033		5	1	0.4065110919043503	0.9001440640089723	1.6322561791244243	0.34560316721562534	1	1
regulation of hematopoietic stem cell differentiation	GO:1902036		7	0	0.5691155286660905	-Inf	0	1	1	1
regulation of extrinsic apoptotic signaling pathway via death domain receptors	GO:1902041		29	0	2.3577643330452323	-Inf	0	1	1	1
negative regulation of extrinsic apoptotic signaling pathway via death domain receptors	GO:1902042		19	0	1.5447421492365312	-Inf	0	1	1	1
positive regulation of flagellated sperm motility	GO:1902093		8	1	0.6504177470469605	0.43014043476323666	1.2153715796146363	0.4926363899231906	1	1
regulation of metaphase/anaphase transition of cell cycle	GO:1902099		49	2	3.9838087006626335	-0.6890911411076086	0.4830286855608099	0.9166009379614765	1	1
negative regulation of metaphase/anaphase transition of cell cycle	GO:1902100		23	1	1.8699510227600116	-0.6259122394860772	0.5120958595639823	0.8579600324755672	1	1
positive regulation of metaphase/anaphase transition of cell cycle	GO:1902101		11	1	0.8943244021895708	0.11168670364470205	0.9625093145711885	0.6066515058940674	1	1
regulation of leukocyte differentiation	GO:1902105		117	10	9.512359550561799	0.049993134639362	0.9171620975739027	0.47171435456688493	1	1
negative regulation of leukocyte differentiation	GO:1902106		46	2	3.739902045520023	-0.6259122394860772	0.5120958595639823	0.8977378623633647	1	1
positive regulation of leukocyte differentiation	GO:1902107		70	8	5.691155286660905	0.3405282760735496	1.141284839673628	0.19619697109480966	1	1
regulation of mitochondrial membrane permeability involved in apoptotic process	GO:1902108		11	0	0.8943244021895708	-Inf	0	1	1	1
positive regulation of mitochondrial membrane permeability involved in apoptotic process	GO:1902110		8	0	0.6504177470469605	-Inf	0	1	1	1
regulation of organelle assembly	GO:1902115		191	8	15.528723710746183	-0.6632499099237213	0.49474281483828525	0.9866908616492647	1	1
negative regulation of organelle assembly	GO:1902116		41	1	3.3333909536156727	-1.2039900902612353	0.2956680805258496	0.9692205771476854	1	1
positive regulation of organelle assembly	GO:1902117		66	1	5.365946413137425	-1.680072765583353	0.18529821080290185	0.9963302768927798	1	1
regulation of intrinsic apoptotic signaling pathway in response to DNA damage by p53 class mediator	GO:1902165		13	2	1.056928838951311	0.6377797995414811	1.3943947275951296	0.28586713110443496	1	1
negative regulation of intrinsic apoptotic signaling pathway in response to DNA damage by p53 class mediator	GO:1902166		12	2	0.9756266205704408	0.7178225072150176	1.465759593120927	0.25464724061396	1	1
regulation of keratinocyte apoptotic process	GO:1902172		5	0	0.4065110919043503	-Inf	0	1	1	1
regulation of oxidative stress-induced intrinsic apoptotic signaling pathway	GO:1902175		24	0	1.9512532411408816	-Inf	0	1	1	1
negative regulation of oxidative stress-induced intrinsic apoptotic signaling pathway	GO:1902176		17	0	1.3821377124747911	-Inf	0	1	1	1
erythrose 4-phosphate/phosphoenolpyruvate family amino acid metabolic process	GO:1902221		19	1	1.5447421492365312	-0.43485700272336786	0.609007163082252	0.8005189188821835	1	1
erythrose 4-phosphate/phosphoenolpyruvate family amino acid catabolic process	GO:1902222		12	1	0.9756266205704408	0.024675326655072338	0.898928862739797	0.6386518936468044	1	1
ketone body metabolic process	GO:1902224		7	0	0.5691155286660905	-Inf	0	1	1	1
regulation of intrinsic apoptotic signaling pathway in response to DNA damage	GO:1902229		28	2	2.276462114664362	-0.1294753531721861	0.7928427126816872	0.6765246818828679	1	1
negative regulation of intrinsic apoptotic signaling pathway in response to DNA damage	GO:1902230		24	2	1.9512532411408816	0.024675326655072338	0.898928862739797	0.5919997817214471	1	1
regulation of endoplasmic reticulum stress-induced intrinsic apoptotic signaling pathway	GO:1902235		22	0	1.7886488043791415	-Inf	0	1	1	1
negative regulation of endoplasmic reticulum stress-induced intrinsic apoptotic signaling pathway	GO:1902236		14	0	1.138231057332181	-Inf	0	1	1	1
positive regulation of endoplasmic reticulum stress-induced intrinsic apoptotic signaling pathway	GO:1902237		6	0	0.4878133102852204	-Inf	0	1	1	1
regulation of intrinsic apoptotic signaling pathway by p53 class mediator	GO:1902253		23	4	1.8699510227600116	0.7603821216338135	1.5041640345098577	0.11177630511791865	1	1
negative regulation of intrinsic apoptotic signaling pathway by p53 class mediator	GO:1902254		16	4	1.300835494093921	1.1232876153231819	1.8418840104221779	0.03590619668995019	1	1
positive regulation of intrinsic apoptotic signaling pathway by p53 class mediator	GO:1902255		7	0	0.5691155286660905	-Inf	0	1	1	1
regulation of delayed rectifier potassium channel activity	GO:1902259		6	1	0.4878133102852204	0.7178225072150176	1.465759593120927	0.3988224139625278	1	1
negative regulation of delayed rectifier potassium channel activity	GO:1902260		6	1	0.4878133102852204	0.7178225072150176	1.465759593120927	0.3988224139625278	1	1
regulation of chromatin organization	GO:1902275		19	3	1.5447421492365312	0.6637552859447419	1.4174248988332587	0.1555105384219749	1	1
regulation of sodium ion transmembrane transport	GO:1902305		27	2	2.1951598962834917	-0.09310770900131116	0.8170913356733155	0.6361853947841194	1	1
negative regulation of sodium ion transmembrane transport	GO:1902306		8	0	0.6504177470469605	-Inf	0	1	1	1
positive regulation of sodium ion transmembrane transport	GO:1902307		9	0	0.7317199654278307	-Inf	0	1	1	1
sulfate transmembrane transport	GO:1902358		9	0	0.7317199654278307	-Inf	0	1	1	1
negative regulation of RNA catabolic process	GO:1902369		61	3	4.959435321233074	-0.5026795990621289	0.5730285525562685	0.8759525072222165	1	1
negative regulation of mRNA catabolic process	GO:1902373		53	3	4.309017574186114	-0.36209764844093945	0.6495625078402528	0.8060061677114796	1	1
mitotic cytokinetic process	GO:1902410		25	0	2.0325554595217517	-Inf	0	1	1	1
regulation of mitotic cytokinesis	GO:1902412		10	1	0.8130221838087006	0.20699688344902697	1.0350244837181672	0.5718194031462658	1	1
protein localization to cell junction	GO:1902414		21	1	1.7073465859982713	-0.5349404612803503	0.5565277263826629	0.8316703660941647	1	1
regulation of attachment of mitotic spindle microtubules to kinetochore	GO:1902423		7	0	0.5691155286660905	-Inf	0	1	1	1
positive regulation of attachment of mitotic spindle microtubules to kinetochore	GO:1902425		5	0	0.4065110919043503	-Inf	0	1	1	1
negative regulation of amyloid-beta formation	GO:1902430		14	1	1.138231057332181	-0.1294753531721861	0.7928427126816872	0.6950590755790824	1	1
regulation of mesenchymal stem cell proliferation	GO:1902460		6	0	0.4878133102852204	-Inf	0	1	1	1
positive regulation of mesenchymal stem cell proliferation	GO:1902462		6	0	0.4878133102852204	-Inf	0	1	1	1
regulation of protein localization to synapse	GO:1902473		9	1	0.7317199654278307	0.3123573991068531	1.1184395617578968	0.5339052003122138	1	1
positive regulation of protein localization to synapse	GO:1902474		5	0	0.4065110919043503	-Inf	0	1	1	1
L-alpha-amino acid transmembrane transport	GO:1902475		32	1	2.601670988187842	-0.956153926356654	0.3754828901181559	0.928001796251679	1	1
chloride transmembrane transport	GO:1902476		32	3	2.601670988187842	0.14245836231145573	0.9856020675923204	0.44534173974525726	1	1
regulation of protein autoubiquitination	GO:1902498		6	0	0.4878133102852204	-Inf	0	1	1	1
regulation of calcium ion transmembrane transport via high voltage-gated calcium channel	GO:1902514		6	0	0.4878133102852204	-Inf	0	1	1	1
positive regulation of protein K63-linked ubiquitination	GO:1902523		8	0	0.6504177470469605	-Inf	0	1	1	1
regulation of protein monoubiquitination	GO:1902525		5	0	0.4065110919043503	-Inf	0	1	1	1
positive regulation of protein monoubiquitination	GO:1902527		5	0	0.4065110919043503	-Inf	0	1	1	1
regulation of cellular response to vascular endothelial growth factor stimulus	GO:1902547		24	3	1.9512532411408816	0.43014043476323666	1.2153715796146363	0.3093689914463734	1	1
negative regulation of cellular response to vascular endothelial growth factor stimulus	GO:1902548		11	1	0.8943244021895708	0.11168670364470205	0.9625093145711885	0.6066515058940674	1	1
regulation of neutrophil activation	GO:1902563		9	0	0.7317199654278307	-Inf	0	1	1	1
negative regulation of neutrophil activation	GO:1902564		7	0	0.5691155286660905	-Inf	0	1	1	1
protein localization to nucleolus	GO:1902570		10	0	0.8130221838087006	-Inf	0	1	1	1
proton transmembrane transport	GO:1902600		27	3	2.1951598962834917	0.3123573991068533	1.118439561757897	0.33234670672521316	1	1
carnitine transmembrane transport	GO:1902603		5	1	0.4065110919043503	0.9001440640089723	1.6322561791244243	0.34560316721562534	1	1
regulation of neutrophil migration	GO:1902622		21	2	1.7073465859982713	0.15820671927959495	0.9975397110662905	0.5184465917746591	1	1
positive regulation of neutrophil migration	GO:1902624		15	1	1.219533275713051	-0.1984682246591374	0.7481986024927316	0.719871464965964	1	1
tertiary alcohol metabolic process	GO:1902644		14	0	1.138231057332181	-Inf	0	1	1	1
secondary alcohol metabolic process	GO:1902652		63	6	5.1220397579948145	0.15820671927959495	0.9975397110662905	0.3467045119108336	1	1
secondary alcohol biosynthetic process	GO:1902653		24	3	1.9512532411408816	0.43014043476323666	1.2153715796146363	0.2864435867986237	1	1
calcium ion import into cytosol	GO:1902656		8	1	0.6504177470469605	0.43014043476323666	1.2153715796146363	0.4477163890561283	1	1
mitochondrial outer membrane permeabilization involved in programmed cell death	GO:1902686		10	0	0.8130221838087006	-Inf	0	1	1	1
regulation of lamellipodium organization	GO:1902743		35	2	2.8455776433304525	-0.3526189044863957	0.6549957178965378	0.7759587026504595	1	1
positive regulation of lamellipodium organization	GO:1902745		25	0	2.0325554595217517	-Inf	0	1	1	1
regulation of cell cycle G2/M phase transition	GO:1902749		81	2	6.585479688850475	-1.1917199976694206	0.2992137154245476	0.991608573852705	1	1
negative regulation of cell cycle G2/M phase transition	GO:1902750		48	0	3.9025064822817632	-Inf	0	1	1	1
positive regulation of cell cycle G2/M phase transition	GO:1902751		22	1	1.7886488043791415	-0.5814604769152433	0.5334222975217455	0.8453725187098986	1	1
late endosome to lysosome transport	GO:1902774		15	0	1.219533275713051	-Inf	0	1	1	1
mitochondrial large ribosomal subunit assembly	GO:1902775		8	0	0.6504177470469605	-Inf	0	1	1	1
regulation of cell cycle G1/S phase transition	GO:1902806		111	8	9.024546240276578	-0.12050668318942562	0.7987771495471587	0.6388818860515832	1	1
negative regulation of cell cycle G1/S phase transition	GO:1902807		45	3	3.658599827139153	-0.1984682246591374	0.7481986024927316	0.6904882305318831	1	1
positive regulation of cell cycle G1/S phase transition	GO:1902808		38	2	3.0894842984730624	-0.43485700272336786	0.609007163082252	0.7896543088998988	1	1
microtubule cytoskeleton organization involved in mitosis	GO:1902850		91	2	7.3985018726591765	-1.3081303495138321	0.2671364160832119	0.9960317131340584	1	1
regulation of non-motile cilium assembly	GO:1902855		5	0	0.4065110919043503	-Inf	0	1	1	1
regulation of response to oxidative stress	GO:1902882		12	0	0.9756266205704408	-Inf	0	1	1	1
negative regulation of response to oxidative stress	GO:1902883		5	0	0.4065110919043503	-Inf	0	1	1	1
regulation of miRNA transcription	GO:1902893		63	7	5.1220397579948145	0.3123573991068533	1.118439561757897	0.23730239935638847	1	1
negative regulation of miRNA transcription	GO:1902894		22	1	1.7886488043791415	-0.5814604769152433	0.5334222975217455	0.8453725187098986	1	1
positive regulation of miRNA transcription	GO:1902895		46	5	3.739902045520023	0.29037849238807795	1.1007704707290484	0.30172122028444565	1	1
negative regulation of autophagosome assembly	GO:1902902		10	0	0.8130221838087006	-Inf	0	1	1	1
negative regulation of supramolecular fiber organization	GO:1902904		74	3	6.016364160184384	-0.6958708280929873	0.4799950993888658	0.9428952071636627	1	1
positive regulation of supramolecular fiber organization	GO:1902905		110	5	8.943244021895708	-0.5814604769152433	0.5334222975217455	0.950591968300383	1	1
regulation of protein polyubiquitination	GO:1902914		21	1	1.7073465859982713	-0.5349404612803503	0.5565277263826629	0.8316703660941647	1	1
positive regulation of protein polyubiquitination	GO:1902916		14	1	1.138231057332181	-0.1294753531721861	0.7928427126816872	0.6950590755790824	1	1
regulation of alcohol biosynthetic process	GO:1902930		33	1	2.6829732065687124	-0.9869255850234077	0.36458975219432327	0.9338658845389614	1	1
negative regulation of alcohol biosynthetic process	GO:1902931		9	0	0.7317199654278307	-Inf	0	1	1	1
positive regulation of alcohol biosynthetic process	GO:1902932		17	1	1.3821377124747911	-0.32363136761314343	0.6718259362075856	0.7636073497610661	1	1
regulation of dendritic spine maintenance	GO:1902950		5	0	0.4065110919043503	-Inf	0	1	1	1
regulation of protein localization to early endosome	GO:1902965		8	0	0.6504177470469605	-Inf	0	1	1	1
positive regulation of protein localization to early endosome	GO:1902966		8	0	0.6504177470469605	-Inf	0	1	1	1
regulation of amyloid precursor protein catabolic process	GO:1902991		36	3	2.9268798617113228	0.02467532665507212	0.8989288627397969	0.569478856064477	1	1
negative regulation of amyloid precursor protein catabolic process	GO:1902992		15	1	1.219533275713051	-0.1984682246591374	0.7481986024927316	0.719871464965964	1	1
positive regulation of amyloid precursor protein catabolic process	GO:1902993		18	1	1.4634399308556614	-0.3807897814530922	0.6389495026159213	0.7828454412068578	1	1
positive regulation of protein deubiquitination	GO:1903003		5	0	0.4065110919043503	-Inf	0	1	1	1
organelle disassembly	GO:1903008		63	4	5.1220397579948145	-0.24725838882856943	0.717714735855517	0.7641582278693521	1	1
regulation of glycoprotein metabolic process	GO:1903018		22	0	1.7886488043791415	-Inf	0	1	1	1
negative regulation of glycoprotein metabolic process	GO:1903019		7	0	0.5691155286660905	-Inf	0	1	1	1
positive regulation of glycoprotein metabolic process	GO:1903020		11	0	0.8943244021895708	-Inf	0	1	1	1
regulation of opsonization	GO:1903027		9	0	0.7317199654278307	-Inf	0	1	1	1
positive regulation of opsonization	GO:1903028		7	0	0.5691155286660905	-Inf	0	1	1	1
regulation of response to wounding	GO:1903034		98	5	7.967617401325267	-0.4659475897933989	0.5922965180667114	0.9086539762991854	1	1
negative regulation of response to wounding	GO:1903035		53	3	4.309017574186114	-0.36209764844093945	0.6495625078402528	0.8162786703852003	1	1
positive regulation of response to wounding	GO:1903036		43	3	3.495995390377413	-0.1530058505823801	0.7774155632189531	0.6904882305318831	1	1
regulation of leukocyte cell-cell adhesion	GO:1903037		182	13	14.797003745318353	-0.1294753531721861	0.7928427126816872	0.7121913827552104	1	1
negative regulation of leukocyte cell-cell adhesion	GO:1903038		66	3	5.365946413137425	-0.5814604769152433	0.5334222975217455	0.9127024222555805	1	1
positive regulation of leukocyte cell-cell adhesion	GO:1903039		133	10	10.81319504465572	-0.07818205878463555	0.8271844333751618	0.6292277434069484	1	1
protein localization to membrane raft	GO:1903044		5	0	0.4065110919043503	-Inf	0	1	1	1
meiotic cell cycle process	GO:1903046		34	1	2.7642754249495822	-1.0167785481730887	0.354299371971894	0.928001796251679	1	1
regulation of proteolysis involved in protein catabolic process	GO:1903050		161	10	13.089657159320081	-0.2692372955473447	0.7042793323037301	0.8416559869420855	1	1
negative regulation of proteolysis involved in protein catabolic process	GO:1903051		54	3	4.3903197925669835	-0.38078978145309206	0.6389495026159214	0.826085279331343	1	1
positive regulation of proteolysis involved in protein catabolic process	GO:1903052		88	6	7.154595217516566	-0.1759953688070788	0.7625436205347818	0.720203319035557	1	1
regulation of extracellular matrix organization	GO:1903053		35	3	2.8455776433304525	0.05284620362176866	0.9192306947767647	0.5499811995347115	1	1
negative regulation of extracellular matrix organization	GO:1903054		8	0	0.6504177470469605	-Inf	0	1	1	1
positive regulation of extracellular matrix organization	GO:1903055		17	2	1.3821377124747911	0.3695158129468019	1.1650191589592633	0.4076084483747464	1	1
regulation of protein lipidation	GO:1903059		6	0	0.4878133102852204	-Inf	0	1	1	1
regulation of protein localization to plasma membrane	GO:1903076		72	3	5.8537597234226455	-0.6684718539048732	0.49235623876582574	0.9392727038465515	1	1
negative regulation of protein localization to plasma membrane	GO:1903077		21	1	1.7073465859982713	-0.5349404612803503	0.5565277263826629	0.8316703660941647	1	1
positive regulation of protein localization to plasma membrane	GO:1903078		38	2	3.0894842984730624	-0.43485700272336786	0.609007163082252	0.826397929767843	1	1
protein localization to condensed chromosome	GO:1903083		11	0	0.8943244021895708	-Inf	0	1	1	1
regulation of mitochondrial transcription	GO:1903108		6	0	0.4878133102852204	-Inf	0	1	1	1
regulation of actin filament-based movement	GO:1903115		22	1	1.7886488043791415	-0.5814604769152433	0.5334222975217455	0.8453725187098986	1	1
mononuclear cell differentiation	GO:1903131		83	7	6.748084125612215	0.0366515177017881	0.9075261104152456	0.517267105552035	1	1
regulation of establishment of endothelial barrier	GO:1903140		16	0	1.300835494093921	-Inf	0	1	1	1
positive regulation of establishment of endothelial barrier	GO:1903142		6	0	0.4878133102852204	-Inf	0	1	1	1
regulation of autophagy of mitochondrion	GO:1903146		30	1	2.439066551426102	-0.8916154052190828	0.3992974436281704	0.9216181425198152	1	1
negative regulation of autophagy of mitochondrion	GO:1903147		5	0	0.4065110919043503	-Inf	0	1	1	1
regulation of calcium ion transmembrane transport	GO:1903169		88	6	7.154595217516566	-0.1759953688070788	0.7625436205347818	0.698983669983901	1	1
negative regulation of calcium ion transmembrane transport	GO:1903170		22	3	1.7886488043791415	0.5171518117528665	1.28922485465582	0.2636608978837491	1	1
regulation of protein targeting to mitochondrion	GO:1903214		13	2	1.056928838951311	0.6377797995414811	1.3943947275951296	0.28586713110443496	1	1
melanosome assembly	GO:1903232		5	1	0.4065110919043503	0.9001440640089723	1.6322561791244243	0.34560316721562534	1	1
regulation of leukocyte tethering or rolling	GO:1903236		7	1	0.5691155286660905	0.5636718273877592	1.3294211503564923	0.4477163890561283	1	1
U2-type prespliceosome assembly	GO:1903241		6	0	0.4878133102852204	-Inf	0	1	1	1
positive regulation of tumor necrosis factor-mediated signaling pathway	GO:1903265		11	1	0.8943244021895708	0.11168670364470205	0.9625093145711885	0.6066515058940674	1	1
regulation of regulated secretory pathway	GO:1903305		40	2	3.2520887352348025	-0.48615029711091834	0.5816356077875019	0.8475766689482587	1	1
negative regulation of regulated secretory pathway	GO:1903306		9	0	0.7317199654278307	-Inf	0	1	1	1
positive regulation of regulated secretory pathway	GO:1903307		21	1	1.7073465859982713	-0.5349404612803503	0.5565277263826629	0.8316703660941647	1	1
regulation of mRNA metabolic process	GO:1903311		189	7	15.366119273984442	-0.7862548895612563	0.4411034563476793	0.9946930799807261	1	1
negative regulation of mRNA metabolic process	GO:1903312		65	4	5.284644194756554	-0.2785109323326738	0.6986660096098167	0.7748751456776909	1	1
positive regulation of mRNA metabolic process	GO:1903313		67	1	5.447248631518295	-1.6951106429478935	0.18256310844050816	0.9960041871324492	1	1
regulation of protein maturation	GO:1903317		32	2	2.601670988187842	-0.2630067457967087	0.7080691948308241	0.7301085305639006	1	1
negative regulation of protein maturation	GO:1903318		16	1	1.300835494093921	-0.2630067457967087	0.7080691948308241	0.7426662379148121	1	1
positive regulation of protein maturation	GO:1903319		13	1	1.056928838951311	-0.05536738101846421	0.842769678250708	0.6680506238586684	1	1
regulation of protein modification by small protein conjugation or removal	GO:1903320		167	8	13.577470469605302	-0.5289702942938466	0.5595517379217595	0.9648977931266154	1	1
negative regulation of protein modification by small protein conjugation or removal	GO:1903321		62	1	5.040737539613944	-1.6175524086020188	0.19710492019240813	0.9948416918263955	1	1
positive regulation of protein modification by small protein conjugation or removal	GO:1903322		101	8	8.211524056467876	-0.026096998718350826	0.8630411316558148	0.5721138986692682	1	1
regulation of protein folding	GO:1903332		8	1	0.6504177470469605	0.43014043476323666	1.2153715796146363	0.4926363899231906	1	1
positive regulation of bicellular tight junction assembly	GO:1903348		7	1	0.5691155286660905	0.5636718273877592	1.3294211503564923	0.4477163890561283	1	1
response to dopamine	GO:1903350		23	3	1.8699510227600116	0.47270004918203257	1.2512707524815427	0.2189191857887753	1	1
cellular response to dopamine	GO:1903351		23	3	1.8699510227600116	0.47270004918203257	1.2512707524815427	0.2189191857887753	1	1
regulation of Golgi organization	GO:1903358		16	1	1.300835494093921	-0.2630067457967087	0.7080691948308241	0.7426662379148121	1	1
regulation of endoplasmic reticulum tubular network organization	GO:1903371		5	0	0.4065110919043503	-Inf	0	1	1	1
regulation of oxidative stress-induced neuron intrinsic apoptotic signaling pathway	GO:1903376		12	0	0.9756266205704408	-Inf	0	1	1	1
negative regulation of oxidative stress-induced neuron intrinsic apoptotic signaling pathway	GO:1903377		9	0	0.7317199654278307	-Inf	0	1	1	1
regulation of adherens junction organization	GO:1903391		5	0	0.4065110919043503	-Inf	0	1	1	1
L-lysine transmembrane transport	GO:1903401		5	0	0.4065110919043503	-Inf	0	1	1	1
reactive oxygen species biosynthetic process	GO:1903409		6	0	0.4878133102852204	-Inf	0	1	1	1
response to bile acid	GO:1903412		7	0	0.5691155286660905	-Inf	0	1	1	1
regulation of reactive oxygen species biosynthetic process	GO:1903426		18	3	1.4634399308556614	0.7178225072150174	1.4657595931209269	0.1555105384219749	1	1
negative regulation of reactive oxygen species biosynthetic process	GO:1903427		5	2	0.4065110919043503	1.5932912445689176	2.2966101973978796	0.055968935390420846	1	1
positive regulation of reactive oxygen species biosynthetic process	GO:1903428		7	1	0.5691155286660905	0.5636718273877592	1.3294211503564923	0.3988224139625278	1	1
regulation of cell maturation	GO:1903429		5	0	0.4065110919043503	-Inf	0	1	1	1
regulation of TORC1 signaling	GO:1903432		93	8	7.561106309420916	0.05642402496965255	0.9218287209571199	0.4879488673700053	1	1
regulation of mitotic cytokinetic process	GO:1903436		6	1	0.4878133102852204	0.7178225072150176	1.465759593120927	0.3988224139625278	1	1
positive regulation of mitotic cytokinetic process	GO:1903438		6	1	0.4878133102852204	0.7178225072150176	1.465759593120927	0.3988224139625278	1	1
positive regulation of mitotic cytokinesis	GO:1903490		7	1	0.5691155286660905	0.5636718273877592	1.3294211503564923	0.4477163890561283	1	1
regulation of mitotic spindle checkpoint	GO:1903504		17	0	1.3821377124747911	-Inf	0	1	1	1
liposaccharide metabolic process	GO:1903509		81	3	6.585479688850475	-0.7862548895612563	0.4411034563476793	0.9631442364355174	1	1
endoplasmic reticulum to cytosol transport	GO:1903513		15	1	1.219533275713051	-0.1984682246591374	0.7481986024927316	0.719871464965964	1	1
release of sequestered calcium ion into cytosol by endoplasmic reticulum	GO:1903514		6	0	0.4878133102852204	-Inf	0	1	1	1
regulation of blood circulation	GO:1903522		133	8	10.81319504465572	-0.30132561009884523	0.6849968102677116	0.8449544700531668	1	1
negative regulation of blood circulation	GO:1903523		6	1	0.4878133102852204	0.7178225072150176	1.465759593120927	0.3988224139625278	1	1
positive regulation of blood circulation	GO:1903524		9	0	0.7317199654278307	-Inf	0	1	1	1
negative regulation of secretion by cell	GO:1903531		61	1	4.959435321233074	-1.6012918877302387	0.20029394892283411	0.9933413015309982	1	1
positive regulation of secretion by cell	GO:1903532		124	7	10.081475079227888	-0.3647894401066509	0.648025878559961	0.8761681461470079	1	1
regulation of protein targeting	GO:1903533		27	2	2.1951598962834917	-0.09310770900131116	0.8170913356733155	0.6361853947841194	1	1
regulation of exosomal secretion	GO:1903541		17	0	1.3821377124747911	-Inf	0	1	1	1
positive regulation of exosomal secretion	GO:1903543		13	0	1.056928838951311	-Inf	0	1	1	1
regulation of extracellular exosome assembly	GO:1903551		6	0	0.4878133102852204	-Inf	0	1	1	1
regulation of tumor necrosis factor superfamily cytokine production	GO:1903555		100	6	8.130221838087007	-0.3038287403169638	0.6835092571570985	0.8254911177981414	1	1
negative regulation of tumor necrosis factor superfamily cytokine production	GO:1903556		42	2	3.4146931719965425	-0.5349404612803503	0.5565277263826629	0.8572600394572143	1	1
positive regulation of tumor necrosis factor superfamily cytokine production	GO:1903557		56	4	4.552924229328724	-0.1294753531721861	0.7928427126816872	0.6778904890149126	1	1
regulation of protein localization to cilium	GO:1903564		6	0	0.4878133102852204	-Inf	0	1	1	1
negative regulation of response to endoplasmic reticulum stress	GO:1903573		34	0	2.7642754249495822	-Inf	0	1	1	1
regulation of ATP metabolic process	GO:1903578		39	2	3.1707865168539326	-0.4608324891266285	0.5950204159823935	0.8372990459535707	1	1
negative regulation of ATP metabolic process	GO:1903579		11	1	0.8943244021895708	0.11168670364470205	0.9625093145711885	0.6066515058940674	1	1
positive regulation of ATP metabolic process	GO:1903580		19	2	1.5447421492365312	0.25829017783657743	1.0752242884685586	0.46472284305099365	1	1
regulation of blood vessel endothelial cell proliferation involved in sprouting angiogenesis	GO:1903587		15	1	1.219533275713051	-0.1984682246591374	0.7481986024927316	0.719871464965964	1	1
negative regulation of blood vessel endothelial cell proliferation involved in sprouting angiogenesis	GO:1903588		7	0	0.5691155286660905	-Inf	0	1	1	1
positive regulation of blood vessel endothelial cell proliferation involved in sprouting angiogenesis	GO:1903589		8	1	0.6504177470469605	0.43014043476323666	1.2153715796146363	0.4926363899231906	1	1
regulation of histamine secretion by mast cell	GO:1903593		7	1	0.5691155286660905	0.5636718273877592	1.3294211503564923	0.4477163890561283	1	1
positive regulation of autophagy of mitochondrion	GO:1903599		17	0	1.3821377124747911	-Inf	0	1	1	1
protein localization to cytoplasmic stress granule	GO:1903608		8	0	0.6504177470469605	-Inf	0	1	1	1
regulation of chaperone-mediated protein folding	GO:1903644		5	1	0.4065110919043503	0.9001440640089723	1.6322561791244243	0.34560316721562534	1	1
regulation of complement-dependent cytotoxicity	GO:1903659		10	3	0.8130221838087006	1.3056091721171366	2.016631590676753	0.04172003483206278	1	1
regulation of sprouting angiogenesis	GO:1903670		33	3	2.6829732065687124	0.11168670364470205	0.9625093145711885	0.5094714938784041	1	1
negative regulation of sprouting angiogenesis	GO:1903671		10	1	0.8130221838087006	0.20699688344902697	1.0350244837181672	0.5718194031462658	1	1
positive regulation of sprouting angiogenesis	GO:1903672		18	2	1.4634399308556614	0.3123573991068531	1.1184395617578968	0.43655979518260835	1	1
regulation of wound healing, spreading of epidermal cells	GO:1903689		9	0	0.7317199654278307	-Inf	0	1	1	1
positive regulation of wound healing, spreading of epidermal cells	GO:1903691		5	0	0.4065110919043503	-Inf	0	1	1	1
regulation of hemopoiesis	GO:1903706		162	12	13.17095937770095	-0.09310770900131103	0.8170913356733155	0.6657715415807453	1	1
negative regulation of hemopoiesis	GO:1903707		47	2	3.8212042639008934	-0.6474184447070408	0.5020386351547544	0.9044291332544852	1	1
positive regulation of hemopoiesis	GO:1903708		70	8	5.691155286660905	0.3405282760735496	1.141284839673628	0.19619697109480966	1	1
regulation of aerobic respiration	GO:1903715		18	0	1.4634399308556614	-Inf	0	1	1	1
regulation of centriole elongation	GO:1903722		9	0	0.7317199654278307	-Inf	0	1	1	1
positive regulation of centriole elongation	GO:1903724		7	0	0.5691155286660905	-Inf	0	1	1	1
regulation of phospholipid metabolic process	GO:1903725		22	1	1.7886488043791415	-0.5814604769152433	0.5334222975217455	0.8453725187098986	1	1
positive regulation of phospholipid metabolic process	GO:1903727		11	1	0.8943244021895708	0.11168670364470205	0.9625093145711885	0.6066515058940674	1	1
regulation of plasma membrane organization	GO:1903729		10	0	0.8130221838087006	-Inf	0	1	1	1
regulation of establishment of protein localization to mitochondrion	GO:1903747		18	3	1.4634399308556614	0.7178225072150174	1.4657595931209269	0.17599767391184992	1	1
negative regulation of establishment of protein localization to mitochondrion	GO:1903748		5	1	0.4065110919043503	0.9001440640089723	1.6322561791244243	0.34560316721562534	1	1
positive regulation of establishment of protein localization to mitochondrion	GO:1903749		7	1	0.5691155286660905	0.5636718273877592	1.3294211503564923	0.4477163890561283	1	1
negative regulation of p38MAPK cascade	GO:1903753		7	1	0.5691155286660905	0.5636718273877592	1.3294211503564923	0.4477163890561283	1	1
regulation of potassium ion export across plasma membrane	GO:1903764		8	0	0.6504177470469605	-Inf	0	1	1	1
negative regulation of potassium ion export across plasma membrane	GO:1903765		6	0	0.4878133102852204	-Inf	0	1	1	1
regulation of cardiac conduction	GO:1903779		19	1	1.5447421492365312	-0.43485700272336786	0.609007163082252	0.7828454412068578	1	1
guanine nucleotide transmembrane transport	GO:1903790		7	0	0.5691155286660905	-Inf	0	1	1	1
regulation of miRNA processing	GO:1903798		11	0	0.8943244021895708	-Inf	0	1	1	1
negative regulation of miRNA processing	GO:1903799		6	0	0.4878133102852204	-Inf	0	1	1	1
positive regulation of miRNA processing	GO:1903800		5	0	0.4065110919043503	-Inf	0	1	1	1
negative regulation of voltage-gated potassium channel activity	GO:1903817		7	2	0.5691155286660905	1.2568190079477046	1.969621046209867	0.10545856340092526	1	1
organic acid transmembrane transport	GO:1903825		77	1	6.260270815326995	-1.834223445410611	0.15906586991778066	0.998433998984849	1	1
L-arginine transmembrane transport	GO:1903826		10	0	0.8130221838087006	-Inf	0	1	1	1
negative regulation of protein localization	GO:1903828		126	3	10.244079515989629	-1.2280876418402957	0.2888198883263806	0.9982335067727688	1	1
magnesium ion transmembrane transport	GO:1903830		5	0	0.4065110919043503	-Inf	0	1	1	1
regulation of cellular response to transforming growth factor beta stimulus	GO:1903844		79	3	6.422875252088735	-0.7612535873558391	0.45157568928201863	0.9607357763907749	1	1
positive regulation of cellular response to transforming growth factor beta stimulus	GO:1903846		21	1	1.7073465859982713	-0.5349404612803503	0.5565277263826629	0.8316703660941647	1	1
regulation of cristae formation	GO:1903850		5	0	0.4065110919043503	-Inf	0	1	1	1
regulation of dendrite extension	GO:1903859		16	1	1.300835494093921	-0.2630067457967087	0.7080691948308241	0.719871464965964	1	1
positive regulation of dendrite extension	GO:1903861		15	1	1.219533275713051	-0.1984682246591374	0.7481986024927316	0.719871464965964	1	1
regulation of IRE1-mediated unfolded protein response	GO:1903894		15	1	1.219533275713051	-0.1984682246591374	0.7481986024927316	0.719871464965964	1	1
positive regulation of IRE1-mediated unfolded protein response	GO:1903896		8	1	0.6504177470469605	0.43014043476323666	1.2153715796146363	0.4926363899231906	1	1
regulation of PERK-mediated unfolded protein response	GO:1903897		8	1	0.6504177470469605	0.43014043476323666	1.2153715796146363	0.4926363899231906	1	1
negative regulation of PERK-mediated unfolded protein response	GO:1903898		6	0	0.4878133102852204	-Inf	0	1	1	1
regulation of viral life cycle	GO:1903900		101	3	8.211524056467876	-1.006926251730077	0.35766558595274517	0.9886254888950796	1	1
negative regulation of viral life cycle	GO:1903901		6	0	0.4878133102852204	-Inf	0	1	1	1
positive regulation of viral life cycle	GO:1903902		24	0	1.9512532411408816	-Inf	0	1	1	1
regulation of TORC2 signaling	GO:1903939		10	1	0.8130221838087006	0.20699688344902697	1.0350244837181672	0.5718194031462658	1	1
arachidonate transport	GO:1903963		8	0	0.6504177470469605	-Inf	0	1	1	1
regulation of glial cell migration	GO:1903975		10	2	0.8130221838087006	0.9001440640089723	1.6322561791244243	0.19267737480574515	1	1
positive regulation of glial cell migration	GO:1903977		8	2	0.6504177470469605	1.1232876153231819	1.8418840104221779	0.13327638298668934	1	1
regulation of microglial cell activation	GO:1903978		5	0	0.4065110919043503	-Inf	0	1	1	1
positive regulation of vasculature development	GO:1904018		109	11	8.861941803514837	0.21612936701229948	1.0421233655703614	0.27149440236391065	1	1
epithelial cell apoptotic process	GO:1904019		5	1	0.4065110919043503	0.9001440640089723	1.6322561791244243	0.34560316721562534	1	1
regulation of G protein-coupled receptor internalization	GO:1904020		6	0	0.4878133102852204	-Inf	0	1	1	1
negative regulation of cyclin-dependent protein kinase activity	GO:1904030		11	0	0.8943244021895708	-Inf	0	1	1	1
regulation of epithelial cell apoptotic process	GO:1904035		17	1	1.3821377124747911	-0.32363136761314343	0.6718259362075856	0.7426662379148121	1	1
negative regulation of epithelial cell apoptotic process	GO:1904036		7	1	0.5691155286660905	0.5636718273877592	1.3294211503564923	0.4477163890561283	1	1
positive regulation of epithelial cell apoptotic process	GO:1904037		7	0	0.5691155286660905	-Inf	0	1	1	1
regulation of monoatomic cation transmembrane transport	GO:1904062		161	11	13.089657159320081	-0.17392711574301992	0.7638734303731439	0.7240307581914007	1	1
negative regulation of cation transmembrane transport	GO:1904063		46	5	3.739902045520023	0.29037849238807795	1.1007704707290484	0.3180988040162611	1	1
positive regulation of cation transmembrane transport	GO:1904064		69	3	5.609853068280035	-0.6259122394860772	0.5120958595639823	0.9073592120685026	1	1
regulation of microglial cell migration	GO:1904139		7	2	0.5691155286660905	1.2568190079477046	1.969621046209867	0.10545856340092526	1	1
positive regulation of microglial cell migration	GO:1904141		6	2	0.4878133102852204	1.410969687774963	2.118668245703817	0.07950693348111477	1	1
regulation of retrograde protein transport, ER to cytosol	GO:1904152		13	1	1.056928838951311	-0.05536738101846421	0.842769678250708	0.6680506238586684	1	1
negative regulation of retrograde protein transport, ER to cytosol	GO:1904153		9	0	0.7317199654278307	-Inf	0	1	1	1
positive regulation of membrane depolarization	GO:1904181		6	1	0.4878133102852204	0.7178225072150176	1.465759593120927	0.3988224139625278	1	1
regulation of bile acid metabolic process	GO:1904251		9	0	0.7317199654278307	-Inf	0	1	1	1
negative regulation of TORC1 signaling	GO:1904262		42	4	3.4146931719965425	0.15820671927959495	0.9975397110662905	0.44874221692086713	1	1
positive regulation of TORC1 signaling	GO:1904263		50	4	4.065110919043503	-0.01614666786518275	0.8700023797642876	0.5881394827254243	1	1
regulation of ERAD pathway	GO:1904292		21	1	1.7073465859982713	-0.5349404612803503	0.5565277263826629	0.8316703660941647	1	1
negative regulation of ERAD pathway	GO:1904293		6	0	0.4878133102852204	-Inf	0	1	1	1
positive regulation of ERAD pathway	GO:1904294		15	1	1.219533275713051	-0.1984682246591374	0.7481986024927316	0.719871464965964	1	1
response to forskolin	GO:1904321		6	0	0.4878133102852204	-Inf	0	1	1	1
cellular response to forskolin	GO:1904322		6	0	0.4878133102852204	-Inf	0	1	1	1
regulation of protein catabolic process in the vacuole	GO:1904350		9	0	0.7317199654278307	-Inf	0	1	1	1
positive regulation of protein catabolic process in the vacuole	GO:1904352		5	0	0.4065110919043503	-Inf	0	1	1	1
regulation of telomere capping	GO:1904353		12	2	0.9756266205704408	0.7178225072150176	1.465759593120927	0.25464724061396	1	1
negative regulation of telomere capping	GO:1904354		7	1	0.5691155286660905	0.5636718273877592	1.3294211503564923	0.4477163890561283	1	1
regulation of telomere maintenance via telomere lengthening	GO:1904356		48	1	3.9025064822817632	-1.3616190344648182	0.2535210724647217	0.97987914452961	1	1
negative regulation of telomere maintenance via telomere lengthening	GO:1904357		28	1	2.276462114664362	-0.8226225337321315	0.42625261943192866	0.8899046725514381	1	1
positive regulation of telomere maintenance via telomere lengthening	GO:1904358		22	0	1.7886488043791415	-Inf	0	1	1	1
regulation of protein localization to cell periphery	GO:1904375		87	3	7.073292999135695	-0.85771385354340135	0.41234573348900544	0.976486962067161	1	1
negative regulation of protein localization to cell periphery	GO:1904376		23	1	1.8699510227600116	-0.6259122394860772	0.5120958595639823	0.8579600324755672	1	1
positive regulation of protein localization to cell periphery	GO:1904377		46	2	3.739902045520023	-0.6259122394860772	0.5120958595639823	0.8977378623633647	1	1
endoplasmic reticulum mannose trimming	GO:1904380		12	1	0.9756266205704408	0.024675326655072338	0.898928862739797	0.6386518936468044	1	1
cellular response to angiotensin	GO:1904385		13	1	1.056928838951311	-0.05536738101846421	0.842769678250708	0.6680506238586684	1	1
negative regulation of nitric oxide metabolic process	GO:1904406		6	0	0.4878133102852204	-Inf	0	1	1	1
positive regulation of nitric oxide metabolic process	GO:1904407		20	2	1.6260443676174012	0.20699688344902697	1.0350244837181672	0.46472284305099365	1	1
positive regulation of calcium ion transmembrane transport	GO:1904427		36	2	2.9268798617113228	-0.3807897814530922	0.6389495026159213	0.7759587026504595	1	1
positive regulation of TORC2 signaling	GO:1904515		6	1	0.4878133102852204	0.7178225072150176	1.465759593120927	0.3988224139625278	1	1
L-alanine transmembrane transport	GO:1904557		5	0	0.4065110919043503	-Inf	0	1	1	1
regulation of termination of RNA polymerase II transcription	GO:1904594		6	0	0.4878133102852204	-Inf	0	1	1	1
response to amyloid-beta	GO:1904645		35	2	2.8455776433304525	-0.3526189044863957	0.6549957178965378	0.7896543088998988	1	1
cellular response to amyloid-beta	GO:1904646		28	2	2.276462114664362	-0.1294753531721861	0.7928427126816872	0.6765246818828679	1	1
glucose transmembrane transport	GO:1904659		19	0	1.5447421492365312	-Inf	0	1	1	1
regulation of ubiquitin protein ligase activity	GO:1904666		17	2	1.3821377124747911	0.3695158129468019	1.1650191589592633	0.4076084483747464	1	1
negative regulation of ubiquitin protein ligase activity	GO:1904667		9	0	0.7317199654278307	-Inf	0	1	1	1
positive regulation of ubiquitin protein ligase activity	GO:1904668		8	2	0.6504177470469605	1.1232876153231819	1.8418840104221779	0.13327638298668934	1	1
ATP export	GO:1904669		6	0	0.4878133102852204	-Inf	0	1	1	1
regulation of cytoplasmic translational initiation	GO:1904688		9	0	0.7317199654278307	-Inf	0	1	1	1
positive regulation of cytoplasmic translational initiation	GO:1904690		7	0	0.5691155286660905	-Inf	0	1	1	1
regulation of vascular associated smooth muscle cell proliferation	GO:1904705		38	1	3.0894842984730624	-1.1280041832833132	0.3182777063931638	0.9567574160045956	1	1
negative regulation of vascular associated smooth muscle cell proliferation	GO:1904706		16	0	1.300835494093921	-Inf	0	1	1	1
positive regulation of vascular associated smooth muscle cell proliferation	GO:1904707		22	1	1.7886488043791415	-0.5814604769152433	0.5334222975217455	0.8453725187098986	1	1
regulation of chaperone-mediated autophagy	GO:1904714		6	0	0.4878133102852204	-Inf	0	1	1	1
regulation of protein localization to nucleolus	GO:1904749		7	0	0.5691155286660905	-Inf	0	1	1	1
regulation of vascular associated smooth muscle cell migration	GO:1904752		13	1	1.056928838951311	-0.05536738101846421	0.842769678250708	0.6680506238586684	1	1
negative regulation of vascular associated smooth muscle cell migration	GO:1904753		5	0	0.4065110919043503	-Inf	0	1	1	1
positive regulation of vascular associated smooth muscle cell migration	GO:1904754		8	1	0.6504177470469605	0.43014043476323666	1.2153715796146363	0.4926363899231906	1	1
regulation of protein localization to cell cortex	GO:1904776		8	0	0.6504177470469605	-Inf	0	1	1	1
positive regulation of protein localization to cell cortex	GO:1904778		5	0	0.4065110919043503	-Inf	0	1	1	1
regulation of protein localization to centrosome	GO:1904779		12	0	0.9756266205704408	-Inf	0	1	1	1
positive regulation of protein localization to centrosome	GO:1904781		7	0	0.5691155286660905	-Inf	0	1	1	1
regulation of protein localization to chromosome, telomeric region	GO:1904814		10	1	0.8130221838087006	0.20699688344902697	1.0350244837181672	0.5718194031462658	1	1
positive regulation of protein localization to chromosome, telomeric region	GO:1904816		6	0	0.4878133102852204	-Inf	0	1	1	1
regulation of cell chemotaxis to fibroblast growth factor	GO:1904847		6	0	0.4878133102852204	-Inf	0	1	1	1
excitatory synapse assembly	GO:1904861		6	0	0.4878133102852204	-Inf	0	1	1	1
inhibitory synapse assembly	GO:1904862		7	2	0.5691155286660905	1.2568190079477046	1.969621046209867	0.10545856340092526	1	1
regulation of telomerase RNA localization to Cajal body	GO:1904872		7	0	0.5691155286660905	-Inf	0	1	1	1
cranial skeletal system development	GO:1904888		16	2	1.300835494093921	0.43014043476323666	1.2153715796146363	0.37794987073324315	1	1
regulation of receptor signaling pathway via STAT	GO:1904892		51	7	4.146413137424373	0.5236664927740602	1.294825233975598	0.11723988246808432	1	1
negative regulation of receptor signaling pathway via STAT	GO:1904893		18	1	1.4634399308556614	-0.3807897814530922	0.6389495026159213	0.7828454412068578	1	1
positive regulation of receptor signaling pathway via STAT	GO:1904894		31	5	2.520368769806972	0.6850326843920269	1.436383560858906	0.10270955405434642	1	1
regulation of endothelial cell-matrix adhesion via fibronectin	GO:1904904		8	2	0.6504177470469605	1.1232876153231819	1.8418840104221779	0.13327638298668934	1	1
positive regulation of endothelial cell-matrix adhesion via fibronectin	GO:1904906		7	2	0.5691155286660905	1.2568190079477046	1.969621046209867	0.10545856340092526	1	1
midbrain dopaminergic neuron differentiation	GO:1904948		9	0	0.7317199654278307	-Inf	0	1	1	1
negative regulation of establishment of protein localization	GO:1904950		71	1	5.772457505041774	-1.7530979005982426	0.17238144320139337	0.997602599528671	1	1
positive regulation of establishment of protein localization	GO:1904951		155	7	12.60184384903486	-0.5879329914208608	0.5302715401006001	0.9700052660903934	1	1
brush border assembly	GO:1904970		6	0	0.4878133102852204	-Inf	0	1	1	1
regulation of endosome organization	GO:1904978		5	0	0.4065110919043503	-Inf	0	1	1	1
regulation of leukocyte adhesion to vascular endothelial cell	GO:1904994		16	3	1.300835494093921	0.835605542871401	1.5727518787682635	0.135835898169208	1	1
negative regulation of leukocyte adhesion to vascular endothelial cell	GO:1904995		5	1	0.4065110919043503	0.9001440640089723	1.6322561791244243	0.34560316721562534	1	1
positive regulation of leukocyte adhesion to vascular endothelial cell	GO:1904996		10	2	0.8130221838087006	0.9001440640089723	1.6322561791244243	0.19267737480574515	1	1
autophagosome organization	GO:1905037		56	2	4.552924229328724	-0.8226225337321315	0.42625261943192866	0.948661417972912	1	1
regulation of membrane lipid metabolic process	GO:1905038		10	0	0.8130221838087006	-Inf	0	1	1	1
carboxylic acid transmembrane transport	GO:1905039		74	1	6.016364160184384	-1.7944831167610968	0.16545737817479583	0.9979780618349745	1	1
regulation of metallopeptidase activity	GO:1905048		5	0	0.4065110919043503	-Inf	0	1	1	1
regulation of vascular associated smooth muscle cell differentiation	GO:1905063		10	0	0.8130221838087006	-Inf	0	1	1	1
negative regulation of vascular associated smooth muscle cell differentiation	GO:1905064		6	0	0.4878133102852204	-Inf	0	1	1	1
regulation of parkin-mediated stimulation of mitophagy in response to mitochondrial depolarization	GO:1905089		8	0	0.6504177470469605	-Inf	0	1	1	1
positive regulation of parkin-mediated stimulation of mitophagy in response to mitochondrial depolarization	GO:1905091		7	0	0.5691155286660905	-Inf	0	1	1	1
regulation of guanyl-nucleotide exchange factor activity	GO:1905097		7	0	0.5691155286660905	-Inf	0	1	1	1
negative regulation of guanyl-nucleotide exchange factor activity	GO:1905098		5	0	0.4065110919043503	-Inf	0	1	1	1
response to acetylcholine	GO:1905144		13	1	1.056928838951311	-0.05536738101846421	0.842769678250708	0.6386518936468044	1	1
cellular response to acetylcholine	GO:1905145		13	1	1.056928838951311	-0.05536738101846421	0.842769678250708	0.6386518936468044	1	1
lysosomal protein catabolic process	GO:1905146		5	0	0.4065110919043503	-Inf	0	1	1	1
regulation of lysosomal protein catabolic process	GO:1905165		7	0	0.5691155286660905	-Inf	0	1	1	1
positive regulation of double-strand break repair via homologous recombination	GO:1905168		39	0	3.1707865168539326	-Inf	0	1	1	1
regulation of cardiocyte differentiation	GO:1905207		15	0	1.219533275713051	-Inf	0	1	1	1
negative regulation of cardiocyte differentiation	GO:1905208		7	0	0.5691155286660905	-Inf	0	1	1	1
positive regulation of cardiocyte differentiation	GO:1905209		8	0	0.6504177470469605	-Inf	0	1	1	1
negative regulation of chromatin organization	GO:1905268		7	1	0.5691155286660905	0.5636718273877592	1.3294211503564923	0.4477163890561283	1	1
regulation of epithelial tube formation	GO:1905276		6	0	0.4878133102852204	-Inf	0	1	1	1
positive regulation of epithelial tube formation	GO:1905278		6	0	0.4878133102852204	-Inf	0	1	1	1
regulation of retrograde transport, endosome to Golgi	GO:1905279		5	2	0.4065110919043503	1.5932912445689176	2.2966101973978796	0.055968935390420846	1	1
semi-lunar valve development	GO:1905314		23	1	1.8699510227600116	-0.6259122394860772	0.5120958595639823	0.8453725187098986	1	1
telomerase holoenzyme complex assembly	GO:1905323		5	0	0.4065110919043503	-Inf	0	1	1	1
regulation of morphogenesis of an epithelium	GO:1905330		21	2	1.7073465859982713	0.15820671927959495	0.9975397110662905	0.5184465917746591	1	1
positive regulation of morphogenesis of an epithelium	GO:1905332		13	2	1.056928838951311	0.6377797995414811	1.3943947275951296	0.28586713110443496	1	1
regulation of aggrephagy	GO:1905335		8	0	0.6504177470469605	-Inf	0	1	1	1
positive regulation of aggrephagy	GO:1905337		6	0	0.4878133102852204	-Inf	0	1	1	1
regulation of vascular associated smooth muscle cell apoptotic process	GO:1905459		7	0	0.5691155286660905	-Inf	0	1	1	1
positive regulation of vascular associated smooth muscle cell apoptotic process	GO:1905461		5	0	0.4065110919043503	-Inf	0	1	1	1
regulation of protein localization to membrane	GO:1905475		98	4	7.967617401325267	-0.6890911411076086	0.4830286855608099	0.9606948451746516	1	1
negative regulation of protein localization to membrane	GO:1905476		26	1	2.113857677902622	-0.7485145615784096	0.4569950042886458	0.8899046725514381	1	1
positive regulation of protein localization to membrane	GO:1905477		56	3	4.552924229328724	-0.4171574256239669	0.6186856281428841	0.8354402827581976	1	1
protein localization to microtubule organizing center	GO:1905508		21	0	1.7073465859982713	-Inf	0	1	1	1
non-motile cilium assembly	GO:1905515		15	0	1.219533275713051	-Inf	0	1	1	1
macrophage migration	GO:1905517		8	0	0.6504177470469605	-Inf	0	1	1	1
regulation of macrophage migration	GO:1905521		20	2	1.6260443676174012	0.20699688344902697	1.0350244837181672	0.4920343605245726	1	1
positive regulation of macrophage migration	GO:1905523		16	2	1.300835494093921	0.43014043476323666	1.2153715796146363	0.37794987073324315	1	1
regulation of blood vessel branching	GO:1905553		6	0	0.4878133102852204	-Inf	0	1	1	1
positive regulation of blood vessel branching	GO:1905555		5	0	0.4065110919043503	-Inf	0	1	1	1
regulation of vascular endothelial cell proliferation	GO:1905562		17	1	1.3821377124747911	-0.32363136761314343	0.6718259362075856	0.7636073497610661	1	1
negative regulation of vascular endothelial cell proliferation	GO:1905563		5	1	0.4065110919043503	0.9001440640089723	1.6322561791244243	0.34560316721562534	1	1
positive regulation of vascular endothelial cell proliferation	GO:1905564		11	0	0.8943244021895708	-Inf	0	1	1	1
regulation of blood-brain barrier permeability	GO:1905603		6	1	0.4878133102852204	0.7178225072150176	1.465759593120927	0.3988224139625278	1	1
regulation of presynapse assembly	GO:1905606		13	1	1.056928838951311	-0.05536738101846421	0.842769678250708	0.6066515058940674	1	1
regulation of protein localization to chromatin	GO:1905634		8	0	0.6504177470469605	-Inf	0	1	1	1
regulation of protein localization to endosome	GO:1905666		9	0	0.7317199654278307	-Inf	0	1	1	1
positive regulation of protein localization to endosome	GO:1905668		8	0	0.6504177470469605	-Inf	0	1	1	1
regulation of lysosome organization	GO:1905671		10	0	0.8130221838087006	-Inf	0	1	1	1
lipid droplet disassembly	GO:1905691		7	0	0.5691155286660905	-Inf	0	1	1	1
negative regulation of membrane permeability	GO:1905709		11	0	0.8943244021895708	-Inf	0	1	1	1
positive regulation of membrane permeability	GO:1905710		19	1	1.5447421492365312	-0.43485700272336786	0.609007163082252	0.7828454412068578	1	1
protein localization to perinuclear region of cytoplasm	GO:1905719		9	0	0.7317199654278307	-Inf	0	1	1	1
regulation of chromosome separation	GO:1905818		47	2	3.8212042639008934	-0.6474184447070408	0.5020386351547544	0.9044291332544852	1	1
negative regulation of chromosome separation	GO:1905819		23	1	1.8699510227600116	-0.6259122394860772	0.5120958595639823	0.8579600324755672	1	1
positive regulation of chromosome separation	GO:1905820		13	1	1.056928838951311	-0.05536738101846421	0.842769678250708	0.6680506238586684	1	1
positive regulation of chromosome condensation	GO:1905821		5	0	0.4065110919043503	-Inf	0	1	1	1
regulation of 3'-UTR-mediated mRNA stabilization	GO:1905868		8	0	0.6504177470469605	-Inf	0	1	1	1
positive regulation of 3'-UTR-mediated mRNA stabilization	GO:1905870		6	0	0.4878133102852204	-Inf	0	1	1	1
regulation of response to endoplasmic reticulum stress	GO:1905897		67	2	5.447248631518295	-1.001963462387948	0.3593723299180604	0.9765635677665725	1	1
positive regulation of response to endoplasmic reticulum stress	GO:1905898		31	2	2.520368769806972	-0.23125804748212817	0.7276117167426861	0.7301085305639006	1	1
regulation of amyloid fibril formation	GO:1905906		14	2	1.138231057332181	0.5636718273877592	1.3294211503564923	0.31694075149328715	1	1
negative regulation of amyloid fibril formation	GO:1905907		10	1	0.8130221838087006	0.20699688344902697	1.0350244837181672	0.5718194031462658	1	1
positive regulation of amyloid fibril formation	GO:1905908		5	1	0.4065110919043503	0.9001440640089723	1.6322561791244243	0.34560316721562534	1	1
regulation of gonad development	GO:1905939		6	0	0.4878133102852204	-Inf	0	1	1	1
regulation of lipid localization	GO:1905952		89	8	7.235897435897436	0.10038714839076882	0.9541078926518015	0.41258670037046474	1	1
negative regulation of lipid localization	GO:1905953		29	3	2.3577643330452323	0.2408984351247081	1.0615050417925094	0.4232160450973199	1	1
positive regulation of lipid localization	GO:1905954		54	4	4.3903197925669835	-0.09310770900131116	0.8170913356733155	0.6196319265838803	1	1
amyloid fibril formation	GO:1990000		26	2	2.113857677902622	-0.05536738101846421	0.842769678250708	0.6361853947841194	1	1
response to nerve growth factor	GO:1990089		6	0	0.4878133102852204	-Inf	0	1	1	1
cellular response to nerve growth factor stimulus	GO:1990090		6	0	0.4878133102852204	-Inf	0	1	1	1
ribosome-associated ubiquitin-dependent protein catabolic process	GO:1990116		7	1	0.5691155286660905	0.5636718273877592	1.3294211503564923	0.4477163890561283	1	1
neuron projection extension	GO:1990138		15	4	1.219533275713051	1.1878261364607532	1.903441176541065	0.02873072728923019	1	1
protein localization to site of double-strand break	GO:1990166		15	0	1.219533275713051	-Inf	0	1	1	1
cellular response to leucine starvation	GO:1990253		10	1	0.8130221838087006	0.20699688344902697	1.0350244837181672	0.5339052003122138	1	1
neutrophil migration	GO:1990266		31	0	2.520368769806972	-Inf	0	1	1	1
gap junction-mediated intercellular transport	GO:1990349		5	0	0.4065110919043503	-Inf	0	1	1	1
lipid transport across blood-brain barrier	GO:1990379		5	0	0.4065110919043503	-Inf	0	1	1	1
calcitonin gene-related peptide receptor signaling pathway	GO:1990408		5	1	0.4065110919043503	0.9001440640089723	1.6322561791244243	0.34560316721562534	1	1
adrenomedullin receptor signaling pathway	GO:1990410		5	1	0.4065110919043503	0.9001440640089723	1.6322561791244243	0.34560316721562534	1	1
mitochondrion-endoplasmic reticulum membrane tethering	GO:1990456		7	0	0.5691155286660905	-Inf	0	1	1	1
mRNA pseudouridine synthesis	GO:1990481		8	0	0.6504177470469605	-Inf	0	1	1	1
neuron projection maintenance	GO:1990535		5	1	0.4065110919043503	0.9001440640089723	1.6322561791244243	0.34560316721562534	1	1
mitochondrial transmembrane transport	GO:1990542		64	1	5.203341976375684	-1.6493011069165993	0.1910203731357861	0.9956491435583866	1	1
protein polyufmylation	GO:1990564		5	0	0.4065110919043503	-Inf	0	1	1	1
potassium ion import across plasma membrane	GO:1990573		16	3	1.300835494093921	0.835605542871401	1.5727518787682635	0.135835898169208	1	1
protein K69-linked ufmylation	GO:1990592		5	0	0.4065110919043503	-Inf	0	1	1	1
nucleolar chromatin organization	GO:1990700		5	0	0.4065110919043503	-Inf	0	1	1	1
cellular detoxification	GO:1990748		39	7	3.1707865168539326	0.7919304793687395	1.5328232447715762	0.035719226715438326	1	1
response to angiotensin	GO:1990776		14	1	1.138231057332181	-0.1294753531721861	0.7928427126816872	0.6950590755790824	1	1
protein localization to cell periphery	GO:1990778		111	4	9.024546240276578	-0.8136538637493709	0.42987326204142146	0.9829034861552246	1	1
ligand-gated ion channel signaling pathway	GO:1990806		11	1	0.8943244021895708	0.11168670364470205	0.9625093145711885	0.4926363899231906	1	1
endoplasmic reticulum tubular network membrane organization	GO:1990809		5	0	0.4065110919043503	-Inf	0	1	1	1
basic amino acid transmembrane transport	GO:1990822		10	0	0.8130221838087006	-Inf	0	1	1	1
response to lectin	GO:1990840		16	1	1.300835494093921	-0.2630067457967087	0.7080691948308241	0.7426662379148121	1	1
vacuolar localization	GO:1990849		35	0	2.8455776433304525	-Inf	0	1	1	1
cellular response to lectin	GO:1990858		16	1	1.300835494093921	-0.2630067457967087	0.7080691948308241	0.7426662379148121	1	1
response to chemokine	GO:1990868		35	2	2.8455776433304525	-0.3526189044863957	0.6549957178965378	0.7896543088998988	1	1
cellular response to chemokine	GO:1990869		35	2	2.8455776433304525	-0.3526189044863957	0.6549957178965378	0.7896543088998988	1	1
response to amino acid starvation	GO:1990928		46	3	3.739902045520023	-0.22044713137791272	0.734354080755392	0.7199513131691535	1	1
xenobiotic detoxification by transmembrane export across the plasma membrane	GO:1990961		9	0	0.7317199654278307	-Inf	0	1	1	1
regulation of DNA damage checkpoint	GO:2000001		9	0	0.7317199654278307	-Inf	0	1	1	1
regulation of protein localization to cell surface	GO:2000008		26	1	2.113857677902622	-0.7485145615784096	0.4569950042886458	0.8801462387911566	1	1
negative regulation of protein localization to cell surface	GO:2000009		8	0	0.6504177470469605	-Inf	0	1	1	1
positive regulation of protein localization to cell surface	GO:2000010		11	1	0.8943244021895708	0.11168670364470205	0.9625093145711885	0.5718194031462658	1	1
regulation of male gonad development	GO:2000018		5	0	0.4065110919043503	-Inf	0	1	1	1
regulation of animal organ morphogenesis	GO:2000027		10	1	0.8130221838087006	0.20699688344902697	1.0350244837181672	0.5339052003122138	1	1
regulation of stem cell population maintenance	GO:2000036		8	1	0.6504177470469605	0.43014043476323666	1.2153715796146363	0.4926363899231906	1	1
negative regulation of double-strand break repair via homologous recombination	GO:2000042		23	0	1.8699510227600116	-Inf	0	1	1	1
regulation of G1/S transition of mitotic cell cycle	GO:2000045		90	8	7.317199654278306	0.0892138477926435	0.9458422393028091	0.41258670037046474	1	1
regulation of cell-cell adhesion mediated by cadherin	GO:2000047		20	0	1.6260443676174012	-Inf	0	1	1	1
negative regulation of cell-cell adhesion mediated by cadherin	GO:2000048		10	0	0.8130221838087006	-Inf	0	1	1	1
positive regulation of cell-cell adhesion mediated by cadherin	GO:2000049		10	0	0.8130221838087006	-Inf	0	1	1	1
regulation of non-canonical Wnt signaling pathway	GO:2000050		12	0	0.9756266205704408	-Inf	0	1	1	1
positive regulation of non-canonical Wnt signaling pathway	GO:2000052		7	0	0.5691155286660905	-Inf	0	1	1	1
regulation of ubiquitin-dependent protein catabolic process	GO:2000058		116	9	9.431057332180929	-0.04678363732707272	0.8486823997997539	0.5865768622230183	1	1
negative regulation of ubiquitin-dependent protein catabolic process	GO:2000059		41	3	3.3333909536156727	-0.10537780159312553	0.8088553720269323	0.6587509440236221	1	1
positive regulation of ubiquitin-dependent protein catabolic process	GO:2000060		66	5	5.365946413137425	-0.07063485314925258	0.8323191065120148	0.6173573410693685	1	1
regulation of cortisol biosynthetic process	GO:2000064		7	0	0.5691155286660905	-Inf	0	1	1	1
regulation of Wnt signaling pathway, planar cell polarity pathway	GO:2000095		6	0	0.4878133102852204	-Inf	0	1	1	1
positive regulation of Wnt signaling pathway, planar cell polarity pathway	GO:2000096		5	0	0.4065110919043503	-Inf	0	1	1	1
negative regulation of DNA-templated DNA replication	GO:2000104		6	0	0.4878133102852204	-Inf	0	1	1	1
positive regulation of DNA-templated DNA replication	GO:2000105		8	0	0.6504177470469605	-Inf	0	1	1	1
regulation of leukocyte apoptotic process	GO:2000106		38	2	3.0894842984730624	-0.43485700272336786	0.609007163082252	0.8148435624310426	1	1
negative regulation of leukocyte apoptotic process	GO:2000107		21	1	1.7073465859982713	-0.5349404612803503	0.5565277263826629	0.8316703660941647	1	1
positive regulation of leukocyte apoptotic process	GO:2000108		13	1	1.056928838951311	-0.05536738101846421	0.842769678250708	0.6386518936468044	1	1
regulation of establishment of cell polarity	GO:2000114		13	1	1.056928838951311	-0.05536738101846421	0.842769678250708	0.6680506238586684	1	1
negative regulation of G1/S transition of mitotic cell cycle	GO:2000134		42	3	3.4146931719965425	-0.12947535317218598	0.7928427126816873	0.6587509440236221	1	1
regulation of DNA-templated transcription initiation	GO:2000142		48	6	3.9025064822817632	0.43014043476323666	1.2153715796146363	0.1922485539171982	1	1
negative regulation of DNA-templated transcription initiation	GO:2000143		6	0	0.4878133102852204	-Inf	0	1	1	1
positive regulation of DNA-templated transcription initiation	GO:2000144		40	5	3.2520887352348025	0.43014043476323677	1.2153715796146363	0.22258347332156328	1	1
positive regulation of cilium-dependent cell motility	GO:2000155		8	1	0.6504177470469605	0.43014043476323666	1.2153715796146363	0.4926363899231906	1	1
regulation of neural precursor cell proliferation	GO:2000177		8	1	0.6504177470469605	0.43014043476323666	1.2153715796146363	0.4926363899231906	1	1
positive regulation of neural precursor cell proliferation	GO:2000179		5	0	0.4065110919043503	-Inf	0	1	1	1
negative regulation of blood vessel morphogenesis	GO:2000181		79	7	6.422875252088735	0.08604427303136446	0.9435051155862343	0.45074888491710885	1	1
regulation of fatty acid transport	GO:2000191		12	2	0.9756266205704408	0.7178225072150176	1.465759593120927	0.25464724061396	1	1
negative regulation of fatty acid transport	GO:2000192		7	0	0.5691155286660905	-Inf	0	1	1	1
regulation of ribonucleoprotein complex localization	GO:2000197		10	0	0.8130221838087006	-Inf	0	1	1	1
regulation of anoikis	GO:2000209		22	4	1.7886488043791415	0.8048338842046474	1.54458986784587	0.07395053587250522	1	1
positive regulation of anoikis	GO:2000210		5	2	0.4065110919043503	1.5932912445689176	2.2966101973978796	0.018744515205529222	1	1
regulation of rRNA processing	GO:2000232		14	0	1.138231057332181	-Inf	0	1	1	1
positive regulation of rRNA processing	GO:2000234		10	0	0.8130221838087006	-Inf	0	1	1	1
regulation of reproductive process	GO:2000241		50	2	4.065110919043503	-0.7092938484251281	0.47403735255445417	0.9107093055889706	1	1
negative regulation of reproductive process	GO:2000242		16	1	1.300835494093921	-0.2630067457967087	0.7080691948308241	0.7426662379148121	1	1
positive regulation of reproductive process	GO:2000243		28	1	2.276462114664362	-0.8226225337321315	0.42625261943192866	0.8899046725514381	1	1
regulation of fibroblast apoptotic process	GO:2000269		9	0	0.7317199654278307	-Inf	0	1	1	1
positive regulation of fibroblast apoptotic process	GO:2000271		7	0	0.5691155286660905	-Inf	0	1	1	1
negative regulation of signaling receptor activity	GO:2000272		12	1	0.9756266205704408	0.024675326655072338	0.898928862739797	0.6386518936468044	1	1
regulation of DNA biosynthetic process	GO:2000278		72	2	5.8537597234226455	-1.0739369620130375	0.3353403162326595	0.9811476723565843	1	1
negative regulation of DNA biosynthetic process	GO:2000279		27	1	2.1951598962834917	-0.7862548895612564	0.4411034563476793	0.8801462387911566	1	1
regulation of myoblast proliferation	GO:2000291		5	1	0.4065110919043503	0.9001440640089723	1.6322561791244243	0.28767632085058525	1	1
regulation of synaptic vesicle exocytosis	GO:2000300		6	1	0.4878133102852204	0.7178225072150176	1.465759593120927	0.3988224139625278	1	1
regulation of ceramide biosynthetic process	GO:2000303		8	0	0.6504177470469605	-Inf	0	1	1	1
regulation of AMPA receptor activity	GO:2000311		5	0	0.4065110919043503	-Inf	0	1	1	1
regulation of T-helper 17 type immune response	GO:2000316		9	1	0.7317199654278307	0.3123573991068531	1.1184395617578968	0.5339052003122138	1	1
negative regulation of T-helper 17 type immune response	GO:2000317		6	1	0.4878133102852204	0.7178225072150176	1.465759593120927	0.3988224139625278	1	1
regulation of T-helper 17 cell differentiation	GO:2000319		8	1	0.6504177470469605	0.43014043476323666	1.2153715796146363	0.4926363899231906	1	1
negative regulation of T-helper 17 cell differentiation	GO:2000320		6	1	0.4878133102852204	0.7178225072150176	1.465759593120927	0.3988224139625278	1	1
regulation of T-helper 17 cell lineage commitment	GO:2000328		7	1	0.5691155286660905	0.5636718273877592	1.3294211503564923	0.4477163890561283	1	1
negative regulation of T-helper 17 cell lineage commitment	GO:2000329		5	1	0.4065110919043503	0.9001440640089723	1.6322561791244243	0.34560316721562534	1	1
regulation of chemokine (C-X-C motif) ligand 2 production	GO:2000341		11	1	0.8943244021895708	0.11168670364470205	0.9625093145711885	0.6066515058940674	1	1
positive regulation of chemokine (C-X-C motif) ligand 2 production	GO:2000343		6	0	0.4878133102852204	-Inf	0	1	1	1
positive regulation of acrosome reaction	GO:2000344		5	0	0.4065110919043503	-Inf	0	1	1	1
regulation of endothelial cell apoptotic process	GO:2000351		46	6	3.739902045520023	0.47270004918203257	1.2512707524815427	0.1674250336835595	1	1
negative regulation of endothelial cell apoptotic process	GO:2000352		25	6	2.0325554595217517	1.0824656208029269	1.8031408656878871	0.013182107751115349	1	1
positive regulation of endothelial cell apoptotic process	GO:2000353		19	0	1.5447421492365312	-Inf	0	1	1	1
regulation of clathrin-dependent endocytosis	GO:2000369		11	0	0.8943244021895708	-Inf	0	1	1	1
regulation of reactive oxygen species metabolic process	GO:2000377		80	4	6.504177470469605	-0.48615029711091834	0.5816356077875019	0.8876887456477869	1	1
negative regulation of reactive oxygen species metabolic process	GO:2000378		14	2	1.138231057332181	0.5636718273877592	1.3294211503564923	0.31694075149328715	1	1
positive regulation of reactive oxygen species metabolic process	GO:2000379		46	1	3.739902045520023	-1.3190594200460224	0.2642988664944184	0.9761494316765322	1	1
regulation of lamellipodium morphogenesis	GO:2000392		10	1	0.8130221838087006	0.20699688344902697	1.0350244837181672	0.5339052003122138	1	1
positive regulation of lamellipodium morphogenesis	GO:2000394		6	0	0.4878133102852204	-Inf	0	1	1	1
regulation of lymphocyte migration	GO:2000401		40	0	3.2520887352348025	-Inf	0	1	1	1
negative regulation of lymphocyte migration	GO:2000402		12	0	0.9756266205704408	-Inf	0	1	1	1
positive regulation of lymphocyte migration	GO:2000403		25	0	2.0325554595217517	-Inf	0	1	1	1
regulation of T cell migration	GO:2000404		26	0	2.113857677902622	-Inf	0	1	1	1
positive regulation of T cell migration	GO:2000406		21	0	1.7073465859982713	-Inf	0	1	1	1
regulation of apoptotic cell clearance	GO:2000425		7	0	0.5691155286660905	-Inf	0	1	1	1
positive regulation of apoptotic cell clearance	GO:2000427		5	0	0.4065110919043503	-Inf	0	1	1	1
regulation of protein neddylation	GO:2000434		11	0	0.8943244021895708	-Inf	0	1	1	1
negative regulation of protein neddylation	GO:2000435		5	0	0.4065110919043503	-Inf	0	1	1	1
positive regulation of protein neddylation	GO:2000436		5	0	0.4065110919043503	-Inf	0	1	1	1
regulation of cAMP-dependent protein kinase activity	GO:2000479		5	0	0.4065110919043503	-Inf	0	1	1	1
regulation of natural killer cell chemotaxis	GO:2000501		7	0	0.5691155286660905	-Inf	0	1	1	1
positive regulation of natural killer cell chemotaxis	GO:2000503		5	0	0.4065110919043503	-Inf	0	1	1	1
regulation of dendritic cell chemotaxis	GO:2000508		6	0	0.4878133102852204	-Inf	0	1	1	1
positive regulation of dendritic cell chemotaxis	GO:2000510		6	0	0.4878133102852204	-Inf	0	1	1	1
regulation of CD4-positive, alpha-beta T cell activation	GO:2000514		28	2	2.276462114664362	-0.1294753531721861	0.7928427126816872	0.6568296432492311	1	1
negative regulation of CD4-positive, alpha-beta T cell activation	GO:2000515		14	1	1.138231057332181	-0.1294753531721861	0.7928427126816872	0.6950590755790824	1	1
positive regulation of CD4-positive, alpha-beta T cell activation	GO:2000516		14	1	1.138231057332181	-0.1294753531721861	0.7928427126816872	0.6680506238586684	1	1
regulation of entry of bacterium into host cell	GO:2000535		7	0	0.5691155286660905	-Inf	0	1	1	1
regulation of endothelial cell chemotaxis to fibroblast growth factor	GO:2000544		6	0	0.4878133102852204	-Inf	0	1	1	1
regulation of T-helper 2 cell cytokine production	GO:2000551		5	1	0.4065110919043503	0.9001440640089723	1.6322561791244243	0.34560316721562534	1	1
regulation of CD4-positive, alpha-beta T cell proliferation	GO:2000561		8	0	0.6504177470469605	-Inf	0	1	1	1
negative regulation of CD4-positive, alpha-beta T cell proliferation	GO:2000562		5	0	0.4065110919043503	-Inf	0	1	1	1
positive regulation of DNA biosynthetic process	GO:2000573		35	0	2.8455776433304525	-Inf	0	1	1	1
positive regulation of Arp2/3 complex-mediated actin nucleation	GO:2000601		6	0	0.4878133102852204	-Inf	0	1	1	1
regulation of nuclear-transcribed mRNA catabolic process, nonsense-mediated decay	GO:2000622		11	0	0.8943244021895708	-Inf	0	1	1	1
negative regulation of nuclear-transcribed mRNA catabolic process, nonsense-mediated decay	GO:2000623		7	0	0.5691155286660905	-Inf	0	1	1	1
regulation of miRNA catabolic process	GO:2000625		6	0	0.4878133102852204	-Inf	0	1	1	1
regulation of miRNA metabolic process	GO:2000628		71	7	5.772457505041774	0.1928122484570707	1.024049584998787	0.3418614379468419	1	1
negative regulation of miRNA metabolic process	GO:2000629		24	1	1.9512532411408816	-0.668471853904873	0.49235623876582585	0.8695235216387899	1	1
positive regulation of miRNA metabolic process	GO:2000630		52	5	4.227715355805244	0.16777617029574549	1.0048324882452515	0.40088436957142326	1	1
regulation of pre-miRNA processing	GO:2000631		5	0	0.4065110919043503	-Inf	0	1	1	1
regulation of primary miRNA processing	GO:2000634		5	0	0.4065110919043503	-Inf	0	1	1	1
positive regulation of miRNA-mediated gene silencing	GO:2000637		11	1	0.8943244021895708	0.11168670364470205	0.9625093145711885	0.6066515058940674	1	1
regulation of early endosome to late endosome transport	GO:2000641		17	0	1.3821377124747911	-Inf	0	1	1	1
positive regulation of early endosome to late endosome transport	GO:2000643		7	0	0.5691155286660905	-Inf	0	1	1	1
regulation of receptor catabolic process	GO:2000644		9	0	0.7317199654278307	-Inf	0	1	1	1
positive regulation of receptor catabolic process	GO:2000646		7	0	0.5691155286660905	-Inf	0	1	1	1
positive regulation of stem cell proliferation	GO:2000648		16	1	1.300835494093921	-0.2630067457967087	0.7080691948308241	0.7426662379148121	1	1
regulation of sodium ion transmembrane transporter activity	GO:2000649		9	0	0.7317199654278307	-Inf	0	1	1	1
positive regulation of sodium ion transmembrane transporter activity	GO:2000651		6	0	0.4878133102852204	-Inf	0	1	1	1
regulation of interleukin-1-mediated signaling pathway	GO:2000659		6	0	0.4878133102852204	-Inf	0	1	1	1
negative regulation of interleukin-1-mediated signaling pathway	GO:2000660		5	0	0.4065110919043503	-Inf	0	1	1	1
regulation of dendritic cell apoptotic process	GO:2000668		9	1	0.7317199654278307	0.3123573991068531	1.1184395617578968	0.5339052003122138	1	1
negative regulation of dendritic cell apoptotic process	GO:2000669		7	1	0.5691155286660905	0.5636718273877592	1.3294211503564923	0.4477163890561283	1	1
regulation of transcription regulatory region DNA binding	GO:2000677		20	2	1.6260443676174012	0.20699688344902697	1.0350244837181672	0.46472284305099365	1	1
positive regulation of transcription regulatory region DNA binding	GO:2000679		11	1	0.8943244021895708	0.11168670364470205	0.9625093145711885	0.5718194031462658	1	1
regulation of cardiac muscle cell differentiation	GO:2000725		10	0	0.8130221838087006	-Inf	0	1	1	1
negative regulation of cardiac muscle cell differentiation	GO:2000726		5	0	0.4065110919043503	-Inf	0	1	1	1
positive regulation of cardiac muscle cell differentiation	GO:2000727		5	0	0.4065110919043503	-Inf	0	1	1	1
regulation of stem cell differentiation	GO:2000736		33	1	2.6829732065687124	-0.9869255850234077	0.36458975219432327	0.9392526672507046	1	1
negative regulation of stem cell differentiation	GO:2000737		11	0	0.8943244021895708	-Inf	0	1	1	1
positive regulation of stem cell differentiation	GO:2000738		11	1	0.8943244021895708	0.11168670364470205	0.9625093145711885	0.6066515058940674	1	1
regulation of mesenchymal stem cell differentiation	GO:2000739		10	1	0.8130221838087006	0.20699688344902697	1.0350244837181672	0.5718194031462658	1	1
positive regulation of mesenchymal stem cell differentiation	GO:2000741		5	1	0.4065110919043503	0.9001440640089723	1.6322561791244243	0.34560316721562534	1	1
regulation of cytoplasmic translation	GO:2000765		27	0	2.1951598962834917	-Inf	0	1	1	1
negative regulation of cytoplasmic translation	GO:2000766		7	0	0.5691155286660905	-Inf	0	1	1	1
positive regulation of cytoplasmic translation	GO:2000767		11	0	0.8943244021895708	-Inf	0	1	1	1
regulation of cellular senescence	GO:2000772		29	0	2.3577643330452323	-Inf	0	1	1	1
negative regulation of cellular senescence	GO:2000773		14	0	1.138231057332181	-Inf	0	1	1	1
positive regulation of cellular senescence	GO:2000774		10	0	0.8130221838087006	-Inf	0	1	1	1
regulation of double-strand break repair	GO:2000779		110	2	8.943244021895708	-1.4977512087893983	0.22180920790811776	0.9989135381087637	1	1
negative regulation of double-strand break repair	GO:2000780		34	1	2.7642754249495822	-1.0167785481730887	0.354299371971894	0.9392526672507046	1	1
positive regulation of double-strand break repair	GO:2000781		70	1	5.691155286660905	-1.7389132656062865	0.17481941976519955	0.9969048413786377	1	1
regulation of autophagosome assembly	GO:2000785		41	4	3.3333909536156727	0.18230427085865547	1.0159598548033961	0.4113984927528438	1	1
positive regulation of autophagosome assembly	GO:2000786		18	0	1.4634399308556614	-Inf	0	1	1	1
regulation of termination of RNA polymerase II transcription, poly(A)-coupled	GO:2000804		5	0	0.4065110919043503	-Inf	0	1	1	1
regulation of bicellular tight junction assembly	GO:2000810		18	2	1.4634399308556614	0.3123573991068531	1.1184395617578968	0.43655979518260835	1	1
negative regulation of anoikis	GO:2000811		17	2	1.3821377124747911	0.3695158129468019	1.1650191589592633	0.4076084483747464	1	1
negative regulation of mitotic sister chromatid separation	GO:2000816		22	1	1.7886488043791415	-0.5814604769152433	0.5334222975217455	0.8453725187098986	1	1
regulation of steroid hormone secretion	GO:2000831		10	2	0.8130221838087006	0.9001440640089723	1.6322561791244243	0.1624859068110088	1	1
positive regulation of steroid hormone secretion	GO:2000833		9	2	0.7317199654278307	1.0055045796667985	1.7305503401522517	0.13327638298668934	1	1
regulation of corticosteroid hormone secretion	GO:2000846		6	0	0.4878133102852204	-Inf	0	1	1	1
positive regulation of corticosteroid hormone secretion	GO:2000848		6	0	0.4878133102852204	-Inf	0	1	1	1
regulation of glucocorticoid secretion	GO:2000849		5	0	0.4065110919043503	-Inf	0	1	1	1
positive regulation of glucocorticoid secretion	GO:2000851		5	0	0.4065110919043503	-Inf	0	1	1	1
regulation of endothelial cell chemotaxis	GO:2001026		20	2	1.6260443676174012	0.20699688344902697	1.0350244837181672	0.4920343605245726	1	1
positive regulation of endothelial cell chemotaxis	GO:2001028		14	2	1.138231057332181	0.5636718273877592	1.3294211503564923	0.31694075149328715	1	1
regulation of double-strand break repair via nonhomologous end joining	GO:2001032		27	1	2.1951598962834917	-0.7862548895612564	0.4411034563476793	0.8899046725514381	1	1
negative regulation of double-strand break repair via nonhomologous end joining	GO:2001033		7	1	0.5691155286660905	0.5636718273877592	1.3294211503564923	0.4477163890561283	1	1
positive regulation of double-strand break repair via nonhomologous end joining	GO:2001034		15	0	1.219533275713051	-Inf	0	1	1	1
regulation of integrin-mediated signaling pathway	GO:2001044		11	3	0.8943244021895708	1.2102989923128118	1.9249574379519336	0.053982870924476636	1	1
reactive nitrogen species metabolic process	GO:2001057		19	1	1.5447421492365312	-0.43485700272336786	0.609007163082252	0.8005189188821835	1	1
regulation of endocytic recycling	GO:2001135		12	1	0.9756266205704408	0.024675326655072338	0.898928862739797	0.6386518936468044	1	1
positive regulation of endocytic recycling	GO:2001137		5	1	0.4065110919043503	0.9001440640089723	1.6322561791244243	0.34560316721562534	1	1
regulation of phospholipid transport	GO:2001138		11	0	0.8943244021895708	-Inf	0	1	1	1
positive regulation of phospholipid transport	GO:2001140		11	0	0.8943244021895708	-Inf	0	1	1	1
regulation of ATP biosynthetic process	GO:2001169		8	1	0.6504177470469605	0.43014043476323666	1.2153715796146363	0.4926363899231906	1	1
positive regulation of ATP biosynthetic process	GO:2001171		5	1	0.4065110919043503	0.9001440640089723	1.6322561791244243	0.34560316721562534	1	1
regulation of CD8-positive, alpha-beta T cell activation	GO:2001185		8	1	0.6504177470469605	0.43014043476323666	1.2153715796146363	0.4926363899231906	1	1
regulation of T cell activation via T cell receptor contact with antigen bound to MHC molecule on antigen presenting cell	GO:2001188		5	0	0.4065110919043503	-Inf	0	1	1	1
regulation of dendritic cell differentiation	GO:2001198		11	0	0.8943244021895708	-Inf	0	1	1	1
positive regulation of dendritic cell differentiation	GO:2001200		5	0	0.4065110919043503	-Inf	0	1	1	1
regulation of neuron migration	GO:2001222		11	1	0.8943244021895708	0.11168670364470205	0.9625093145711885	0.6066515058940674	1	1
negative regulation of apoptotic signaling pathway	GO:2001234		139	5	11.301008354940938	-0.8154540442535188	0.4291443498059069	0.9902861347690726	1	1
positive regulation of apoptotic signaling pathway	GO:2001235		75	2	6.097666378565256	-1.1147589565332927	0.3223810860941467	0.9869237858169877	1	1
regulation of extrinsic apoptotic signaling pathway	GO:2001236		93	2	7.561106309420916	-1.329870336150238	0.2615203246431842	0.9965880421520379	1	1
negative regulation of extrinsic apoptotic signaling pathway	GO:2001237		59	2	4.796830884471333	-0.8748082869027014	0.40571919899601877	0.9584470557267724	1	1
positive regulation of extrinsic apoptotic signaling pathway	GO:2001238		28	0	2.276462114664362	-Inf	0	1	1	1
regulation of extrinsic apoptotic signaling pathway in absence of ligand	GO:2001239		23	2	1.8699510227600116	0.06723494107386813	0.9297056732049866	0.5684472158651903	1	1
negative regulation of extrinsic apoptotic signaling pathway in absence of ligand	GO:2001240		19	2	1.5447421492365312	0.25829017783657743	1.0752242884685586	0.46472284305099365	1	1
regulation of intrinsic apoptotic signaling pathway	GO:2001242		117	6	9.512359550561799	-0.46083248912662866	0.5950204159823935	0.9216718073380793	1	1
negative regulation of intrinsic apoptotic signaling pathway	GO:2001243		68	4	5.5285508498991645	-0.32363136761314343	0.6718259362075856	0.8139313220636812	1	1
positive regulation of intrinsic apoptotic signaling pathway	GO:2001244		41	2	3.3333909536156727	-0.5108429097012899	0.568816005248427	0.8572600394572143	1	1
negative regulation of chromosome organization	GO:2001251		62	3	5.040737539613944	-0.5189401199339092	0.5646624726625091	0.8686361593375991	1	1
positive regulation of chromosome organization	GO:2001252		72	4	5.8537597234226455	-0.3807897814530922	0.6389495026159213	0.8472508510785917	1	1
regulation of store-operated calcium entry	GO:2001256		8	0	0.6504177470469605	-Inf	0	1	1	1
regulation of cation channel activity	GO:2001257		44	3	3.577297608758283	-0.1759953688070788	0.7625436205347818	0.674905461493065	1	1
negative regulation of cation channel activity	GO:2001258		16	3	1.300835494093921	0.835605542871401	1.5727518787682635	0.135835898169208	1	1
positive regulation of cation channel activity	GO:2001259		22	0	1.7886488043791415	-Inf	0	1	1	1
