ID	Description	GeneRatio	BgRatio	RichFactor	FoldEnrichment	zScore	pvalue	p.adjust	qvalue	geneID	Count
GO:0034381	plasma lipoprotein particle clearance	13/1299	26/9189	0.5	3.5369515011547343	5.25601459849633	1.463915576578901e-5	0.042750585672164984	0.04090663775861324	MYLIP/LRPAP1/LDLRAP1/SCARB1/HMOX1/NCEH1/APOC2/MSR1/LIPA/CD36/TREM2/APOC1/APOE	13
GO:0006898	receptor-mediated endocytosis	39/1299	144/9189	0.2708333333333333	1.9158487297921478	4.494457469053525	3.0472546235126188e-5	0.042750585672164984	0.04090663775861324	AAK1/SNX1/RIN3/NEU3/ARRB2/DNM3/ITGA4/ACE2/LRPAP1/STON1/CACNG8/SORL1/HFE/LDLRAP1/SYK/HSPG2/FCMR/ADRB2/FCHO2/SCARB2/SGIP1/LDLRAD3/CD14/SFRP4/CXCR1/ITSN1/IL4/HAMP/CALY/ASGR1/CXCR2/APOC2/MARCO/STAB1/MSR1/CD36/NRG1/APOC1/APOE	39
GO:0046348	amino sugar catabolic process	7/1299	9/9189	0.7777777777777778	5.501924557351809	5.482450184201617	3.080760891253068e-5	0.042750585672164984	0.04090663775861324	AMDHD2/GNPDA1/NAGK/OVGP1/NPL/ALDH1A1/CHIT1	7
GO:1904645	response to amyloid-beta	12/1299	24/9189	0.5	3.5369515011547343	5.049264464974369	3.1492144141558e-5	0.042750585672164984	0.04090663775861324	ITGA4/CHRNA7/SYK/BACE1/ADRB2/TLR4/LGMN/IGF1/EPHB2/CD36/MMP2/TREM2	12
