ID	Description	GeneRatio	BgRatio	RichFactor	FoldEnrichment	zScore	pvalue	p.adjust	qvalue	geneID	Count
GO:0032602	chemokine production	16/1101	43/9189	0.37209302325581395	3.1055066218870793	5.1057414922743005	1.825460790317551e-5	0.04214351083924507	0.0416024214935796	C5/MAP2K5/SYK/HMOX1/HMGB1/SIGIRR/MBP/TREM2/CSF1R/NOD2/ADORA2B/TLR3/AIF1/ACKR1/KLF4/TLR4	16
GO:0032642	regulation of chemokine production	16/1101	43/9189	0.37209302325581395	3.1055066218870793	5.1057414922743005	1.825460790317551e-5	0.04214351083924507	0.0416024214935796	C5/MAP2K5/SYK/HMOX1/HMGB1/SIGIRR/MBP/TREM2/CSF1R/NOD2/ADORA2B/TLR3/AIF1/ACKR1/KLF4/TLR4	16
GO:0035735	intraciliary transport involved in cilium assembly	5/1101	5/9189	1	8.346049046321525	6.061867923765364	2.4497293648078902e-5	0.04214351083924507	0.0416024214935796	PCM1/CEP131/DYNC2LI1/SSX2IP/IFT74	5
